match_index,source_x,source_y,source_z,reference_x,reference_y,reference_z,predicted_source_x,predicted_source_y,predicted_source_z,residual_x,residual_y,residual_z,residual_l2,raw_delta_l2
0.0,558.0,299.0,68.0,609.0,390.0,9.0,558.1888909999999,299.33547699999997,68.179086,-0.18889099999989867,-0.33547699999996894,-0.17908599999999808,0.42461326263547183,119.84573417523045
1.0,592.0,471.0,68.0,582.0,600.0,11.0,591.857359,469.565104,67.437602,0.142641000000026,1.4348959999999806,0.5623980000000017,1.5477611237206321,141.3859964777276
2.0,602.0,468.0,69.0,595.0,602.0,13.0,602.498179,467.75894700000003,68.977846,-0.4981790000000501,0.24105299999996532,0.02215400000000045,0.5538769399117761,145.3994497926316
3.0,557.0,304.0,70.0,606.0,395.0,11.0,557.17666,304.02037399999995,69.774733,-0.17665999999996984,-0.020373999999947046,0.22526700000000233,0.2870001337368821,119.00840306465759
4.0,429.0,337.0,72.0,446.0,384.0,13.0,429.998255,337.089348,72.462498,-0.9982549999999719,-0.08934799999997267,-0.4624979999999965,1.103811809201612,77.32399368889322
5.0,529.0,173.0,75.0,624.0,233.0,15.0,529.056482,173.48967199999998,74.904815,-0.05648199999995995,-0.48967199999998456,0.09518500000000074,0.5020249676390414,127.37739202856997
6.0,555.0,305.0,75.0,603.0,396.0,18.0,555.169565,305.645509,75.51572399999999,-0.16956500000003416,-0.6455090000000041,-0.5157239999999916,0.8434485179796146,117.61802582937702
7.0,565.0,328.0,77.0,606.0,426.0,20.0,565.323673,328.197946,76.77524,-0.3236729999999852,-0.19794600000000173,0.2247600000000034,0.44098059758337743,120.55704044144414
8.0,560.0,323.0,78.0,602.0,417.0,22.0,559.8922339999999,322.263456,78.54560699999999,0.1077660000000833,0.7365439999999808,-0.5456069999999897,0.9229288017723677,117.2006825918689
9.0,355.0,365.0,78.0,348.0,387.0,19.0,354.678384,364.957528,77.903905,0.3216160000000059,0.042471999999975196,0.09609500000000537,0.33834150094985793,63.35613624582863
10.0,433.0,115.0,79.0,536.0,129.0,18.0,433.64395,115.57933799999999,79.122323,-0.643950000000018,-0.5793379999999928,-0.12232299999999441,0.8747954258413869,120.523856559604
11.0,467.0,528.0,79.0,415.0,619.0,24.0,467.14445400000005,527.8738989999999,78.816851,-0.14445400000005293,0.1261010000000624,0.18314900000000023,0.26516405585605135,118.36384583140241
12.0,329.0,139.0,80.0,405.0,115.0,18.0,328.20252200000004,138.75800099999998,80.041423,0.7974779999999555,0.24199900000002117,-0.04142299999999466,0.8344162878407508,100.9752444909147
13.0,475.0,165.0,80.0,564.0,203.0,20.0,474.67205199999995,165.824462,79.707565,0.327948000000049,-0.8244620000000111,0.29243499999999756,0.9342407127571828,113.86395390991831
14.0,481.0,174.0,80.0,568.0,216.0,20.0,481.16239099999996,174.886796,79.527738,-0.16239099999995688,-0.8867960000000039,0.4722620000000006,1.0177472078767857,113.7233485261492
15.0,425.0,209.0,80.0,491.0,234.0,20.0,426.00887099999994,208.893405,79.751362,-1.0088709999999423,0.10659499999999866,0.2486379999999997,1.0445113899378422,92.63368717696602
16.0,389.0,246.0,80.0,434.0,262.0,21.0,389.007889,245.48102,80.559168,-0.007888999999977386,0.5189799999999991,-0.5591679999999997,0.7629359926920465,75.90783885739337
17.0,387.0,250.0,80.0,431.0,266.0,21.0,387.717211,249.36936699999998,80.52806199999999,-0.7172110000000202,0.6306330000000173,-0.5280619999999914,1.0913015509262516,75.31932023060219
18.0,547.0,260.0,80.0,611.0,339.0,23.0,546.60345,259.31967299999997,80.255023,0.3965500000000475,0.6803270000000339,-0.2550229999999942,0.8277278900448388,116.55899793666725
19.0,458.0,343.0,80.0,474.0,402.0,22.0,456.52193700000004,343.885066,79.4596,1.4780629999999633,-0.8850659999999948,0.5404000000000053,1.8055592530639606,84.26743143112884
20.0,606.0,474.0,80.0,597.0,610.0,27.0,606.2616469999999,473.59192499999995,80.341594,-0.26164699999992536,0.4080750000000535,-0.3415940000000006,0.5930183969068793,146.23952953972466
21.0,417.0,21.0,81.0,553.0,13.0,19.0,416.68618,21.025950999999992,81.244629,0.3138200000000211,-0.025950999999992064,-0.24462900000000332,0.398747782993228,149.67965793654128
22.0,442.0,144.0,81.0,536.0,165.0,21.0,443.03683,143.58404399999998,81.146003,-1.036830000000009,0.41595600000002264,-0.14600299999999322,1.1266555457836418,113.47686988985905
23.0,554.0,321.0,82.0,596.0,414.0,25.0,554.476661,321.52125,81.074412,-0.47666100000003553,-0.5212500000000091,0.9255880000000047,1.1643111341755055,116.88455843266894
24.0,362.0,408.0,82.0,340.0,440.0,25.0,362.304523,408.28195800000003,82.226422,-0.3045230000000174,-0.28195800000003146,-0.22642199999999946,0.4727594455714535,68.97100840208152
25.0,424.0,92.0,83.0,534.0,98.0,23.0,424.07082099999997,92.05789999999999,83.605036,-0.07082099999996672,-0.057899999999989404,-0.6050359999999984,0.6119122366295612,125.44321424453376
26.0,310.0,113.0,83.0,394.0,79.0,21.0,310.31649600000003,113.67148599999999,82.99720099999999,-0.3164960000000292,-0.6714859999999874,0.00279900000001021,0.7423415660011243,109.79981785048643
27.0,447.0,204.0,83.0,518.0,238.0,24.0,448.06760499999996,205.02110599999997,82.826124,-1.0676049999999577,-1.0211059999999748,0.17387600000000702,1.487504878189265,98.37682653958706
28.0,565.0,383.0,83.0,584.0,489.0,28.0,564.690302,382.95259799999997,82.696035,0.3096980000000258,0.047402000000033695,0.30396500000000515,0.4365255113198109,120.92146211487851
29.0,555.0,415.0,83.0,560.0,523.0,30.0,554.9034760000001,415.633022,84.061869,0.09652399999993122,-0.6330219999999827,-1.0618690000000015,1.2399998017019873,120.40764095355411
30.0,439.0,100.0,84.0,548.0,113.0,24.0,438.86155,100.08430599999998,84.163219,0.13844999999997754,-0.08430599999998378,-0.163218999999998,0.23003553224880366,125.09996003196804
31.0,332.0,171.0,84.0,397.0,154.0,23.0,332.177399,171.193333,83.713522,-0.17739899999997988,-0.19333299999999554,0.28647800000000245,0.388481271844593,90.74690077352504
32.0,559.0,324.0,84.0,600.0,419.0,28.0,558.913236,324.39597799999996,83.449389,0.0867640000000165,-0.39597799999995686,0.5506110000000035,0.6837390156346006,117.65202930676547
33.0,561.0,339.0,84.0,597.0,436.0,28.0,561.004521,338.38659899999993,83.26136,-0.004520999999954256,0.6134010000000671,0.7386400000000037,0.9601407583485286,117.64777940955791
34.0,362.0,420.0,84.0,336.0,453.0,27.0,362.596406,419.443624,83.73122699999999,-0.5964060000000018,0.5563760000000002,0.26877300000001014,0.8587742984865161,70.80960386840192
35.0,396.0,43.0,85.0,521.0,30.0,24.0,396.287479,42.604766999999995,85.319714,-0.2874790000000189,0.3952330000000046,-0.3197140000000047,0.584012278574704,139.69609872863307
36.0,420.0,61.0,85.0,542.0,60.0,24.0,420.410983,60.458021999999985,84.837338,-0.41098299999998744,0.5419780000000145,0.16266199999999742,0.69936121211932,136.40381226344078
37.0,371.0,184.0,85.0,437.0,183.0,26.0,370.832982,183.35895299999999,85.592659,0.16701799999998457,0.6410470000000146,-0.5926589999999976,0.8888649834558737,88.53247991556545
38.0,544.0,270.0,85.0,604.0,351.0,28.0,544.331344,270.513374,84.24731299999999,-0.33134399999994457,-0.5133739999999989,0.7526870000000088,0.9694737903527744,115.80155439371269
39.0,547.0,309.0,85.0,591.0,396.0,28.0,545.9359169999999,308.86258899999996,83.778556,1.064083000000096,0.1374110000000428,1.2214440000000053,1.6257551657449005,112.933608815091
40.0,421.0,95.0,86.0,531.0,99.0,25.0,422.017986,93.63440499999999,85.248967,-1.0179860000000076,1.3655950000000132,0.7510330000000067,1.8615036307539297,125.84514293368656
41.0,434.0,147.0,86.0,524.0,166.0,27.0,434.026741,147.53931799999998,86.11911599999999,-0.026741000000015447,-0.5393179999999802,-0.11911599999999112,0.5529625734721811,109.27945827098522
42.0,291.0,235.0,86.0,324.0,213.0,26.0,290.82588999999996,236.05019800000002,85.877567,0.1741100000000415,-1.050198000000023,0.1224330000000009,1.0715502651733435,71.92357054540605
43.0,473.0,85.0,87.0,594.0,109.0,28.0,473.603862,85.055508,87.22575499999999,-0.6038619999999923,-0.05550800000000322,-0.22575499999999238,0.6470670545878439,136.74063039199433
44.0,394.0,105.0,87.0,495.0,102.0,26.0,394.83220299999994,105.33488500000001,86.238302,-0.8322029999999359,-0.3348850000000141,0.7616979999999955,1.1768150405386124,118.02965729002182
45.0,517.0,217.0,87.0,594.0,279.0,31.0,517.8569759999999,217.19134599999998,87.631921,-0.8569759999999178,-0.1913459999999816,-0.6319210000000055,1.081824988865047,113.61778029868388
46.0,375.0,255.0,87.0,414.0,268.0,29.0,375.10009899999994,255.42111599999998,87.15655799999999,-0.10009899999994332,-0.4211159999999836,-0.15655799999998976,0.46029219265698135,71.09149034870488
47.0,552.0,334.0,87.0,588.0,427.0,32.0,551.705908,333.771486,86.699181,0.2940919999999778,0.2285140000000183,0.30081900000000417,0.4787492281153024,113.8859078200635
48.0,429.0,367.0,87.0,433.0,418.0,32.0,428.91497899999996,367.07527899999997,87.69534999999999,0.0850210000000402,-0.07527899999996635,-0.6953499999999906,0.7045616515124767,75.11324783285569
49.0,473.0,86.0,88.0,594.0,110.0,29.0,473.8731609999999,85.842332,88.033096,-0.873160999999925,0.15766800000000103,-0.03309600000000046,0.8878990231782381,136.74063039199433
50.0,501.0,347.0,88.0,524.0,423.0,33.0,500.940436,347.31185999999997,87.933341,0.05956400000002304,-0.3118599999999674,0.06665900000000136,0.324419407522088,96.591925128346
51.0,285.0,247.0,89.0,313.0,223.0,30.0,284.915958,246.719917,89.09749099999999,0.08404200000001083,0.28008299999999053,-0.09749099999999089,0.30824347476304303,69.57729514719583
52.0,545.0,253.0,89.0,612.0,330.0,34.0,545.139813,252.172792,89.371468,-0.13981300000000374,0.827208000000013,-0.371467999999993,0.9175016213920373,115.94395197680645
53.0,268.0,305.0,89.0,271.0,284.0,30.0,268.147221,305.042265,88.601652,-0.14722100000000182,-0.04226499999998623,0.3983479999999986,0.4267803676014142,62.69768735766894
54.0,261.0,335.0,89.0,251.0,315.0,30.0,260.670022,334.332003,88.341971,0.3299779999999828,0.6679970000000139,0.6580289999999991,0.994036034223109,63.095166217389426
55.0,429.0,391.0,89.0,425.0,445.0,33.0,429.731452,390.146531,88.234653,-0.7314519999999902,0.8534690000000182,0.7653470000000056,1.3598482976692752,77.89736837660179
56.0,565.0,294.0,90.0,619.0,386.0,36.0,565.166223,293.88983699999994,90.294234,-0.1662229999999454,0.11016300000005685,-0.294234000000003,0.3554428492092591,119.56588142108099
57.0,372.0,365.0,90.0,368.0,394.0,34.0,372.17854100000005,365.34340399999996,89.996068,-0.17854100000005246,-0.34340399999996407,0.003932000000006042,0.38706415039498826,63.190189111918315
58.0,331.0,186.0,91.0,389.0,170.0,33.0,330.21454299999994,185.80404099999998,91.760314,0.7854570000000649,0.1959590000000162,-0.7603139999999939,1.1105944386345985,83.57032966310472
59.0,574.0,274.0,91.0,637.0,366.0,37.0,573.960043,273.677873,91.251998,0.0399569999999585,0.32212700000002314,-0.2519980000000004,0.41093230340533193,123.89108119634763
60.0,266.0,308.0,91.0,267.0,287.0,33.0,265.84674199999995,308.442677,91.046579,0.15325800000005074,-0.4426770000000033,-0.04657899999999415,0.4707659122472845,61.69278726074872
61.0,271.0,320.0,91.0,268.0,302.0,33.0,270.526101,319.839162,90.859788,0.47389900000001717,0.16083800000001247,0.14021200000000533,0.5197196642316142,60.802960454241045
62.0,552.0,322.0,91.0,592.0,414.0,37.0,551.478061,322.677902,90.93026,0.5219389999999748,-0.6779020000000173,0.06973999999999592,0.8583910000256274,113.92980294900892
63.0,268.0,332.0,91.0,260.0,315.0,33.0,267.691312,332.02131599999996,90.748673,0.30868800000001784,-0.021315999999956148,0.2513270000000034,0.3986325552799355,60.96720429870473
64.0,539.0,342.0,91.0,570.0,431.0,37.0,538.80456,341.608238,90.85102499999999,0.1954399999999623,0.39176200000002837,0.14897500000000719,0.4624584401532852,108.61859877571612
65.0,564.0,360.0,91.0,592.0,462.0,38.0,563.9744569999999,359.988332,91.170264,0.02554300000008425,0.011667999999986023,-0.17026400000000308,0.17256423954285843,118.30891766895681
66.0,417.0,100.0,92.0,523.0,104.0,33.0,417.1751729999999,99.677583,91.789716,-0.17517299999991565,0.3224170000000015,0.21028400000000147,0.42291566827675237,121.37956994486346
67.0,532.0,340.0,92.0,563.0,427.0,39.0,532.342594,340.339193,92.578215,-0.34259399999996276,-0.33919300000002295,-0.5782150000000001,0.7528314062989071,106.48474069086143
68.0,385.0,545.0,92.0,313.0,607.0,39.0,384.89627399999995,545.213083,91.836935,0.1037260000000515,-0.21308299999998326,0.16306500000000312,0.2876693278575326,108.79797792238604
69.0,445.0,6.0,93.0,591.0,6.0,36.0,444.55021099999993,5.8721769999999935,95.04154199999999,0.4497890000000666,0.12782300000000646,-2.0415419999999926,2.094407458355234,156.7322557739791
70.0,368.0,78.0,93.0,475.0,61.0,33.0,368.68816799999996,78.741649,92.583617,-0.6881679999999619,-0.7416489999999953,0.4163829999999962,1.094071861494453,123.84667940643382
71.0,271.0,239.0,93.0,300.0,208.0,34.0,270.948063,238.482156,92.630642,0.05193700000000945,0.5178439999999966,0.3693580000000054,0.6381889943182987,72.6842486375143
72.0,429.0,389.0,93.0,425.0,443.0,39.0,429.266038,388.65069099999994,93.17526699999999,-0.26603799999998046,0.34930900000006204,-0.17526699999999096,0.47277004580877346,76.47221717722064
73.0,417.0,391.0,93.0,410.0,441.0,39.0,417.08932599999997,390.99627,93.285299,-0.08932599999997137,0.003730000000018663,-0.28529899999999486,0.2989792075997796,73.92563831310488
74.0,421.0,89.0,94.0,532.0,93.0,36.0,421.33480199999997,88.818818,94.32919899999999,-0.33480199999996785,0.18118200000000684,-0.3291989999999885,0.5032805161428101,125.3036312322991
75.0,406.0,120.0,94.0,502.0,123.0,36.0,405.826512,119.931308,94.138849,0.1734880000000203,0.06869199999999864,-0.13884899999999334,0.23258487012057558,112.2007130102122
76.0,343.0,224.0,94.0,388.0,219.0,36.0,342.212292,224.171006,93.632797,0.7877080000000092,-0.17100600000000554,0.3672030000000035,0.8857567321274047,73.57988855658861
77.0,414.0,233.0,95.0,468.0,256.0,38.0,414.023695,232.14428399999997,94.366914,-0.023694999999975153,0.8557160000000295,0.6330860000000058,1.064710857029765,81.81686867633104
78.0,341.0,367.0,95.0,331.0,383.0,40.0,340.61929,366.473127,95.257183,0.38071000000002186,0.5268730000000232,-0.2571829999999977,0.6990553323722236,58.146367040426526
79.0,420.0,90.0,96.0,529.0,94.0,39.0,419.291115,90.40504899999999,96.792542,0.7088850000000093,-0.4050489999999911,-0.7925419999999974,1.1378512457215142,123.0690862889621
80.0,466.0,165.0,96.0,554.0,198.0,40.0,465.783317,164.73334199999996,96.21342,0.21668299999998908,0.26665800000003514,-0.21341999999999928,0.40448251860001777,109.40292500660117
81.0,478.0,178.0,96.0,563.0,217.0,40.0,477.720032,177.158339,95.932537,0.27996799999999666,0.8416609999999878,0.0674630000000036,0.8895653861937176,109.00458705944443
82.0,273.0,233.0,96.0,305.0,202.0,38.0,273.309219,232.55854699999998,95.952086,-0.3092189999999846,0.4414530000000241,0.047914000000005785,0.5411034028409102,73.13685801290619
83.0,347.0,519.0,96.0,279.0,563.0,43.0,347.06502600000005,519.899165,95.840391,-0.06502600000004577,-0.8991650000000391,0.15960900000000322,0.9155332384911414,96.79359482941007
84.0,419.0,91.0,97.0,528.0,95.0,40.0,418.78331999999995,91.45185799999999,97.605609,0.2166800000000535,-0.4518579999999872,-0.6056090000000012,0.7860586081489173,123.0690862889621
85.0,392.0,190.0,97.0,459.0,199.0,41.0,392.228686,190.218741,97.564731,-0.22868599999998196,-0.2187409999999943,-0.5647309999999948,0.6473530829755763,87.78382538941898
86.0,512.0,338.0,97.0,540.0,416.0,45.0,511.66265899999996,337.829126,97.759166,0.33734100000003764,0.17087400000002617,-0.7591659999999933,0.8481331792313187,97.83659846908007
87.0,482.0,63.0,98.0,614.0,87.0,40.0,483.53219599999994,62.87636399999998,97.209741,-1.5321959999999422,0.12363600000001895,0.790259000000006,1.7284153812069705,146.1642911247477
88.0,400.0,192.0,98.0,467.0,204.0,42.0,399.755341,192.034077,98.27798,0.24465900000001284,-0.03407699999999636,-0.27797999999999945,0.3718765233380641,88.14193099768123
89.0,398.0,194.0,98.0,465.0,205.0,42.0,398.461304,193.331145,98.277361,-0.46130399999998417,0.6688550000000077,-0.2773609999999991,0.8585438345023481,88.01136290275251
90.0,418.0,214.0,98.0,479.0,237.0,42.0,417.665452,214.558491,97.810925,0.33454799999998386,-0.5584910000000036,0.18907500000000255,0.6779261884674423,85.94184079946159
91.0,306.0,480.0,98.0,247.0,501.0,44.0,306.077804,480.04833500000007,97.591437,-0.07780400000001464,-0.04833500000006552,0.4085630000000009,0.4187045015401785,82.6922003577121
92.0,419.0,120.0,99.0,517.0,128.0,42.0,418.83856499999996,119.975379,98.909076,0.16143500000003996,0.02462099999999623,0.09092400000000112,0.18690807002912666,113.65298060323803
93.0,347.0,162.0,99.0,418.0,149.0,42.0,347.36942999999997,162.032952,99.222459,-0.36942999999996573,-0.03295199999999454,-0.22245900000000063,0.43249550967030237,91.97282207261013
94.0,407.0,162.0,99.0,487.0,172.0,42.0,406.97238899999996,161.967241,98.549732,0.0276110000000358,0.03275899999999865,0.4502679999999941,0.4523016595437127,98.73702446397704
95.0,478.0,279.0,99.0,524.0,335.0,46.0,478.16607200000004,279.053674,99.64794499999999,-0.1660720000000424,-0.05367400000000089,-0.6479449999999929,0.671039142289781,89.78307190111062
96.0,344.0,525.0,99.0,274.0,567.0,46.0,344.247604,524.33666,98.278973,-0.24760400000002392,0.6633399999999483,0.7210270000000065,1.0105481834850591,97.32933781753577
97.0,408.0,123.0,100.0,503.0,128.0,43.0,407.968397,123.624895,99.808652,0.031603000000018255,-0.6248949999999951,0.19134800000000496,0.6542985310529108,110.90085662428402
98.0,407.0,134.0,100.0,498.0,140.0,44.0,407.21388699999994,134.259722,100.511842,-0.21388699999994287,-0.25972200000001067,-0.5118420000000015,0.6125237946537119,107.01868995647442
99.0,538.0,256.0,100.0,602.0,331.0,47.0,537.747948,255.676178,100.069013,0.2520520000000488,0.32382200000000694,-0.06901299999999821,0.4161174023722498,111.93748255164576
100.0,408.0,164.0,101.0,487.0,174.0,44.0,407.510987,163.540889,100.164414,0.4890129999999999,0.45911100000000715,0.8355860000000064,1.0715038907470271,97.92854537876073
101.0,518.0,348.0,101.0,544.0,430.0,50.0,518.458889,347.71718799999996,101.664328,-0.4588889999999992,0.28281200000003537,-0.6643279999999976,0.8555077049618057,100.00499987500625
102.0,335.0,453.0,101.0,289.0,482.0,48.0,333.80947499999996,454.403007,100.857942,1.1905250000000365,-1.4030070000000023,0.1420580000000058,1.8455240158388877,75.93418202627852
103.0,393.0,200.0,102.0,454.0,213.0,47.0,392.040218,202.456394,102.34083899999999,0.9597820000000183,-2.456393999999989,-0.34083899999998835,2.659177352994902,83.15647900193947
104.0,436.0,389.0,102.0,431.0,446.0,51.0,434.818831,389.53878699999996,102.937642,1.1811690000000112,-0.5387869999999566,-0.9376419999999968,1.6014443974406272,76.64854858377946
105.0,344.0,444.0,102.0,303.0,475.0,48.0,342.867734,445.323531,100.862275,1.1322660000000155,-1.3235310000000027,1.1377250000000032,2.0804275470061557,74.55199527846321
106.0,451.0,169.0,103.0,535.0,197.0,48.0,450.83156399999996,168.97376699999998,102.88958099999999,0.16843600000004244,0.026233000000019047,0.11041900000000737,0.20310394369882856,104.23531071570709
107.0,480.0,175.0,103.0,567.0,216.0,49.0,480.65058899999997,175.428835,103.296412,-0.6505889999999681,-0.4288349999999923,-0.2964120000000037,0.8336819404844715,110.29959202100432
108.0,494.0,342.0,103.0,517.0,414.0,50.0,493.314935,342.303215,102.012066,0.6850650000000087,-0.3032150000000229,0.9879339999999956,1.2398657099887944,92.31467922275417
109.0,538.0,355.0,103.0,564.0,446.0,53.0,538.190629,354.980234,103.814908,-0.19062899999994443,0.01976600000000417,-0.8149080000000026,0.8371410627014919,107.03737664946763
110.0,471.0,56.0,104.0,603.0,75.0,48.0,471.93553399999996,56.48883099999999,103.972875,-0.9355339999999615,-0.48883099999999047,0.027124999999998067,1.0558955333468925,144.64093473149293
111.0,455.0,165.0,104.0,541.0,194.0,49.0,454.722823,165.092289,103.71085,0.2771769999999947,-0.09228899999999385,0.28915000000000646,0.411037797957803,106.12257064357233
112.0,419.0,379.0,104.0,416.0,427.0,53.0,418.237848,378.693152,104.891705,0.7621520000000146,0.30684800000000223,-0.8917050000000017,1.2125053291565473,70.09992867328754
113.0,101.0,145.0,105.0,139.0,33.0,45.0,100.41013199999999,144.454577,104.678485,0.5898680000000098,0.5454229999999995,0.3215150000000051,0.8653336937725321,132.61975720080324
114.0,438.0,386.0,105.0,436.0,443.0,53.0,437.942144,385.92701999999997,104.584049,0.05785600000001523,0.07298000000002958,0.41595100000000684,0.42624949447126825,77.18160402582988
115.0,423.0,404.0,105.0,411.0,458.0,53.0,422.417059,404.083115,104.546134,0.5829410000000053,-0.0831150000000207,0.453866000000005,0.7434531987031961,75.92101158440923
116.0,449.0,166.0,106.0,534.0,193.0,52.0,449.050458,166.16426399999997,106.221239,-0.0504579999999919,-0.16426399999997443,-0.22123899999999708,0.2801345508518888,104.25929215182693
117.0,465.0,172.0,106.0,550.0,206.0,51.0,464.85677699999997,172.097052,105.153288,0.14322300000003452,-0.09705199999999081,0.8467119999999966,0.8642066473807074,106.7988763985839
118.0,530.0,343.0,106.0,559.0,429.0,55.0,529.900888,343.08894499999997,105.687569,0.09911199999999099,-0.08894499999996697,0.3124310000000037,0.33962851960634083,104.10571550111935
119.0,370.0,357.0,106.0,368.0,383.0,52.0,369.48154400000004,356.970394,104.878265,0.5184559999999578,0.02960600000000113,1.121735000000001,1.2361078227229851,59.9666574022598
120.0,453.0,162.0,107.0,540.0,187.0,51.0,452.14296799999994,159.93203999999997,105.439897,0.8570320000000606,2.0679600000000278,1.560102999999998,2.728531433066735,106.44247272588137
121.0,412.0,162.0,108.0,493.0,174.0,54.0,412.26503099999996,162.078239,108.32417799999999,-0.26503099999996493,-0.0782389999999964,-0.3241779999999892,0.42597435106585213,98.08669634563088
122.0,389.0,205.0,108.0,450.0,215.0,53.0,389.507032,205.10888599999998,107.256073,-0.507031999999981,-0.10888599999998405,0.7439269999999993,0.9068434216274474,82.74055837375042
123.0,419.0,220.0,108.0,478.0,244.0,55.0,418.82833899999997,220.38459999999998,108.38451,0.1716610000000287,-0.3845999999999776,-0.3845100000000059,0.5702916788986117,82.86132994346639
124.0,442.0,393.0,108.0,438.0,453.0,58.0,442.143582,393.22666,108.548947,-0.14358199999998078,-0.2266599999999812,-0.5489469999999983,0.6110101104998051,78.20485918406861
125.0,502.0,201.0,109.0,582.0,254.0,57.0,502.26592099999993,201.136592,109.30712,-0.2659209999999348,-0.13659200000000737,-0.3071199999999976,0.4285954352358012,109.14669028422254
126.0,327.0,457.0,109.0,280.0,482.0,57.0,326.897961,456.8304059999999,108.284184,0.10203899999999066,0.16959400000007463,0.7158160000000038,0.7426753181660402,74.41773982055622
127.0,373.0,52.0,111.0,490.0,33.0,56.0,373.270754,53.306827999999996,111.68219099999999,-0.2707540000000108,-1.3068279999999959,-0.6821909999999889,1.4988301139825622,130.6713434537198
128.0,466.0,174.0,111.0,551.0,208.0,58.0,466.21820899999994,173.45934499999998,110.85930400000001,-0.2182089999999448,0.5406550000000152,0.14069599999999127,0.5997652550139846,105.78279633286313
129.0,451.0,245.0,111.0,506.0,285.0,59.0,451.289754,245.004942,111.006919,-0.2897540000000163,-0.00494199999999978,-0.006918999999996345,0.28987872712741336,85.60957890329796
130.0,533.0,450.0,111.0,522.0,555.0,63.0,534.00062,450.7005459999999,110.933781,-1.0006200000000263,-0.7005459999999175,0.0662190000000038,1.2232702229993737,115.97413504743201
131.0,324.0,463.0,111.0,274.0,488.0,61.0,323.832895,463.0918079999999,111.523762,0.1671049999999923,-0.09180799999990086,-0.523762000000005,0.5573862417865949,75.0
132.0,461.0,153.0,112.0,553.0,183.0,60.0,461.286918,153.531377,112.788451,-0.2869180000000142,-0.531376999999992,-0.7884509999999949,0.9931457265950409,109.85444915887567
133.0,437.0,38.0,113.0,569.0,38.0,60.0,435.99852699999997,36.69240700000002,114.44713,1.0014730000000327,1.307592999999983,-1.4471300000000014,2.1924718607722253,142.24275025462634
134.0,302.0,222.0,113.0,343.0,200.0,59.0,302.51059699999996,221.32916699999998,112.966292,-0.5105969999999616,0.670833000000016,0.03370800000000429,0.8437194080747358,71.28113354878694
135.0,350.0,318.0,113.0,361.0,331.0,61.0,350.596366,318.468727,112.920747,-0.5963659999999891,-0.4687270000000012,0.07925299999999424,0.7626522434858414,54.71745608121781
136.0,439.0,390.0,113.0,436.0,448.0,63.0,439.334379,389.90977,112.717814,-0.33437900000001264,0.09023000000001957,0.28218599999999583,0.4467434466637531,76.6355009117837
137.0,423.0,402.0,113.0,412.0,456.0,64.0,422.7744789999999,402.37592,113.578082,0.22552100000007158,-0.3759200000000078,-0.5780819999999949,0.7255028370482312,73.74279625834649
138.0,464.0,68.0,114.0,589.0,85.0,61.0,463.77665199999996,68.02603900000001,114.58468500000001,0.22334800000004407,-0.02603900000001147,-0.5846850000000074,0.6264334823826301,136.8320137979413
139.0,514.0,108.0,114.0,631.0,151.0,62.0,513.593714,108.40486299999998,114.366919,0.4062860000000228,-0.40486299999997755,-0.3669189999999958,0.6808905309416465,135.06294828708576
140.0,332.0,325.0,114.0,336.0,331.0,62.0,331.178164,324.978078,113.883309,0.8218360000000189,0.02192200000001776,0.11669100000000299,0.8303684570484554,52.49761899362675
141.0,356.0,325.0,114.0,365.0,340.0,62.0,356.055249,324.43239500000004,113.608616,-0.055249000000003434,0.5676049999999577,0.3913840000000022,0.6916713984848254,54.86346689738081
142.0,415.0,379.0,114.0,412.0,426.0,65.0,414.97909699999997,379.07270600000004,114.759624,0.020903000000032534,-0.07270600000003924,-0.7596240000000023,0.7633817650566528,67.96322535018479
143.0,503.0,107.0,115.0,619.0,145.0,62.0,502.70768,106.86209499999998,114.50805700000001,0.2923200000000179,0.1379050000000177,0.491942999999992,0.5886227031588295,133.07516672918354
144.0,394.0,202.0,115.0,457.0,212.0,62.0,394.24856900000003,201.045231,114.626912,-0.2485690000000318,0.9547689999999989,0.37308799999999565,1.05478199020746,82.93370846646133
145.0,390.0,401.0,115.0,375.0,441.0,64.0,390.11973599999993,400.338895,113.971009,-0.11973599999993212,0.6611050000000205,1.0289910000000049,1.228909682931183,66.52818951391959
146.0,395.0,116.0,116.0,491.0,114.0,63.0,395.18411499999996,116.059863,116.434598,-0.18411499999996295,-0.059863000000007105,-0.43459799999999404,0.47577025295617426,109.67679791095289
147.0,470.0,184.0,116.0,551.0,221.0,65.0,469.66420800000003,183.62970099999998,116.438265,0.33579199999996945,0.37029900000001703,-0.43826500000000124,0.6647960791776627,102.62066068779717
148.0,362.0,185.0,116.0,426.0,181.0,63.0,362.103122,185.024454,115.998031,-0.10312199999998484,-0.024453999999991538,0.001969000000002552,0.10600010358955536,83.19254774317228
149.0,390.0,212.0,116.0,447.0,222.0,63.0,389.08828700000004,211.42578699999999,115.382874,0.9117129999999634,0.5742130000000145,0.617125999999999,1.2416866205343233,78.4729252672538
150.0,527.0,337.0,116.0,557.0,421.0,68.0,526.384416,337.518569,116.447945,0.6155840000000126,-0.5185690000000136,-0.44794500000000426,0.9211472150758712,101.2916580968048
151.0,353.0,441.0,116.0,315.0,474.0,66.0,352.097375,441.601681,115.55505,0.9026250000000005,-0.601680999999985,0.44495000000000573,1.1724898374339916,70.94363960215179
152.0,478.0,476.0,116.0,447.0,563.0,69.0,477.854666,476.474561,116.183135,0.1453339999999912,-0.47456099999999424,-0.18313499999999294,0.5290260319700623,103.62914647916386
153.0,438.0,37.0,117.0,573.0,41.0,62.0,439.90565200000003,38.00321300000002,116.026837,-1.9056520000000319,-1.0032130000000166,0.9731629999999996,2.363258786726954,145.8286665919976
154.0,497.0,284.0,117.0,544.0,349.0,70.0,497.569618,284.96677,119.03031899999999,-0.5696179999999913,-0.9667699999999968,-2.0303189999999915,2.3197638113792856,92.96773633901172
155.0,492.0,287.0,117.0,537.0,350.0,67.0,492.362667,287.534585,116.600094,-0.36266699999998764,-0.5345849999999928,0.3999060000000014,0.7597587011347645,92.16289925995167
156.0,394.0,116.0,118.0,490.0,113.0,65.0,394.165166,115.56220199999998,118.091219,-0.16516599999999926,0.437798000000015,-0.09121899999999528,0.4767261292618772,109.69958978957031
157.0,464.0,196.0,118.0,540.0,233.0,67.0,464.25628199999994,195.834164,117.995223,-0.25628199999994195,0.16583600000001297,0.00477700000000425,0.3052947135948714,98.72183142547549
158.0,509.0,324.0,118.0,542.0,399.0,71.0,509.03212799999994,324.351366,119.257633,-0.03212799999994331,-0.3513659999999845,-1.2576329999999984,1.3061895103808565,94.46163242290491
159.0,298.0,505.0,119.0,230.0,527.0,70.0,299.86898,504.92550399999993,118.679645,-1.8689800000000218,0.0744960000000674,0.3203550000000064,1.8976994547190804,86.65448632355972
160.0,376.0,39.0,120.0,499.0,17.0,65.0,376.18451600000003,38.620929000000004,119.198501,-0.18451600000003054,0.37907099999999616,0.8014990000000068,0.9056167093743464,136.52106064633398
161.0,268.0,109.0,120.0,346.0,55.0,66.0,267.18402000000003,107.938084,120.435293,0.8159799999999677,1.0619159999999965,-0.4352930000000015,1.408179302256975,109.1604323919615
162.0,435.0,373.0,120.0,437.0,427.0,72.0,434.730634,373.41826100000003,120.34028699999999,0.2693659999999909,-0.4182610000000295,-0.34028699999998935,0.6027400338836076,72.27724399837061
163.0,314.0,448.0,120.0,268.0,466.0,71.0,313.538489,447.652822,120.0178,0.46151099999997314,0.34717799999998533,-0.017799999999994043,0.5777904523310893,69.57729514719583
164.0,425.0,25.0,121.0,561.0,20.0,68.0,425.172241,24.86233100000001,121.265512,-0.17224099999998543,0.13766899999998827,-0.2655120000000011,0.3451323482173068,146.04793733565702
165.0,491.0,101.0,121.0,608.0,134.0,71.0,491.380317,101.26138599999999,122.078532,-0.3803169999999909,-0.26138599999998746,-1.0785319999999956,1.173113351943868,131.44580632336658
166.0,451.0,398.0,121.0,447.0,462.0,74.0,451.625155,398.036293,121.49936600000001,-0.6251550000000066,-0.036293000000000575,-0.4993660000000091,0.8009384232448942,79.50471684120383
167.0,311.0,399.0,121.0,284.0,408.0,71.0,310.883235,398.421378,120.626302,0.11676499999998668,0.5786219999999958,0.3736980000000045,0.6986327213300243,57.532599454570104
168.0,267.0,107.0,122.0,347.0,54.0,68.0,267.719259,106.92045300000001,122.080462,-0.7192590000000223,0.07954699999999093,-0.08046199999999715,0.7281039539337979,110.11357772772621
169.0,466.0,186.0,122.0,545.0,223.0,72.0,465.58598199999994,186.81188899999998,122.18436299999999,0.4140180000000555,-0.8118889999999794,-0.1843629999999905,0.9298195354013643,100.54849576199537
170.0,423.0,211.0,122.0,487.0,235.0,72.0,423.636342,211.21619499999997,122.371619,-0.6363420000000133,-0.2161949999999706,-0.3716189999999955,0.7679662102918337,84.68766143896052
171.0,453.0,257.0,122.0,505.0,300.0,74.0,454.55214499999994,257.06728699999996,123.12276,-1.552144999999939,-0.06728699999996479,-1.1227599999999995,1.9168389757603024,82.80700453464067
172.0,448.0,409.0,122.0,439.0,472.0,74.0,448.0099129999999,407.887153,121.424464,-0.009912999999926342,1.112846999999988,0.5755359999999996,1.2529039868537297,79.71198153351854
173.0,425.0,33.0,123.0,558.0,30.0,71.0,425.469913,33.44244400000001,123.620216,-0.46991300000001957,-0.44244400000000894,-0.6202159999999992,0.8951216718195496,142.8355697996826
174.0,273.0,110.0,123.0,352.0,59.0,69.0,272.914632,109.515744,122.810889,0.08536800000001676,0.484256000000002,0.18911099999999692,0.5268344514940188,108.43431191278893
175.0,474.0,256.0,123.0,528.0,305.0,75.0,473.73520999999994,254.982848,123.750119,0.2647900000000618,1.01715200000001,-0.750118999999998,1.2912747381425265,87.29833904490967
176.0,414.0,391.0,124.0,406.0,439.0,76.0,413.799124,390.84187599999996,123.650589,0.20087599999999384,0.15812400000004345,0.34941100000000347,0.4329462018230599,68.35202996254024
177.0,355.0,451.0,124.0,314.0,486.0,76.0,354.533573,451.28410199999996,123.610044,0.46642700000001014,-0.28410199999996166,0.38995599999999797,0.6710691280851669,72.18032973047436
178.0,432.0,26.0,125.0,568.0,24.0,73.0,431.698243,26.19945800000002,125.27420599999999,0.30175700000000916,-0.19945800000002123,-0.2742059999999924,0.4539049583877773,145.61593319413916
179.0,439.0,135.0,125.0,534.0,152.0,74.0,438.58552299999997,134.51721799999999,124.743214,0.4144770000000335,0.4827820000000145,0.2567860000000053,0.6861550064300664,109.15585188161009
180.0,330.0,441.0,125.0,290.0,464.0,78.0,330.178291,440.447038,125.651854,-0.17829100000000153,0.5529619999999795,-0.6518540000000002,0.8731943033718086,65.86349520030045
181.0,483.0,93.0,126.0,601.0,121.0,75.0,482.595288,93.017911,125.553185,0.4047120000000177,-0.017910999999998012,0.44681500000000085,0.6031220863888298,131.56367279762298
182.0,507.0,95.0,126.0,629.0,133.0,76.0,507.48488,95.07323299999999,126.067417,-0.48487999999997555,-0.07323299999998767,-0.06741700000000606,0.4949916550589265,137.21515951235125
183.0,320.0,419.0,126.0,285.0,434.0,77.0,318.47914299999997,418.424297,125.223202,1.520857000000035,0.5757029999999759,0.7767979999999994,1.8021806489533942,62.056425936400814
184.0,436.0,27.0,127.0,572.0,26.0,75.0,435.345217,26.733165999999997,126.865984,0.654783000000009,0.2668340000000029,0.13401600000000258,0.7196537006790238,145.6056317592146
185.0,423.0,49.0,127.0,549.0,46.0,75.0,422.675075,48.25478099999998,126.75626199999999,0.32492500000000746,0.7452190000000201,0.24373800000000756,0.8487260018581017,136.34148304899725
186.0,447.0,113.0,127.0,552.0,131.0,78.0,447.146636,113.55733399999998,128.171285,-0.14663600000000088,-0.5573339999999831,-1.1712850000000117,1.3053857113041374,117.26039399558574
187.0,484.0,227.0,127.0,551.0,277.0,78.0,484.351588,227.27362699999998,126.41464500000001,-0.35158799999999246,-0.2736269999999763,0.5853549999999927,0.7356128960927569,96.90201236300514
188.0,325.0,405.0,127.0,298.0,420.0,80.0,324.96669499999996,404.194298,127.775994,0.03330500000004122,0.8057019999999966,-0.7759939999999972,1.119120915658801,56.24055476255546
189.0,287.0,532.0,127.0,205.0,553.0,80.0,287.297036,531.726937,126.703069,-0.2970359999999914,0.2730629999999792,0.2969310000000007,0.5009608827303624,96.81941953967706
190.0,493.0,91.0,128.0,614.0,123.0,78.0,493.245256,91.22147999999999,127.912841,-0.2452559999999835,-0.22147999999998547,0.08715899999999976,0.3417610089184918,134.77759457714032
191.0,319.0,123.0,128.0,400.0,92.0,76.0,318.86416299999996,122.74878,127.873582,0.13583700000003773,0.25122000000000355,0.12641800000000103,0.31232145250208526,101.1236866416568
192.0,509.0,239.0,128.0,575.0,300.0,81.0,509.01276100000007,238.936419,128.45782400000002,-0.012761000000068634,0.06358099999999922,-0.45782400000001644,0.4623939896430496,101.41991914806479
193.0,515.0,336.0,128.0,544.0,415.0,83.0,514.8585079999999,336.38167599999997,128.885989,0.14149200000008477,-0.3816759999999704,-0.885988999999995,0.9750246474633308,95.43060305792896
194.0,309.0,430.0,128.0,271.0,443.0,79.0,309.959482,429.07742099999996,126.833551,-0.95948199999998,0.9225790000000416,1.166449,1.7698477305028357,63.35613624582863
195.0,331.0,456.0,128.0,285.0,482.0,81.0,331.00298300000003,455.763905,127.921442,-0.0029830000000288237,0.23609499999997752,0.07855800000000102,0.24883951992798434,70.71774883294857
196.0,330.0,457.0,128.0,284.0,483.0,80.0,330.47689199999996,456.79126199999996,127.095685,-0.4768919999999639,0.2087380000000394,0.9043149999999969,1.0434477234308275,71.386273190299
197.0,370.0,154.0,129.0,447.0,148.0,79.0,369.983481,154.07615099999998,129.38672,0.016519000000016604,-0.07615099999998165,-0.38671999999999684,0.3944923453782029,92.00543462209176
198.0,511.0,235.0,129.0,578.0,297.0,82.0,510.57273799999996,235.83489600000001,129.296271,0.42726200000004155,-0.8348960000000147,-0.2962709999999902,0.9835551092343806,102.67424214475605
199.0,435.0,343.0,129.0,449.0,392.0,82.0,435.04195699999997,343.197271,128.88818,-0.04195699999996805,-0.19727100000000064,0.11181999999999448,0.23060778323811262,69.32532004974806
200.0,494.0,98.0,130.0,612.0,132.0,81.0,494.059871,98.76451,130.27389,-0.05987099999998691,-0.7645100000000014,-0.2738899999999944,0.8142946695398401,132.2157328006013
201.0,450.0,138.0,130.0,546.0,161.0,81.0,450.31604600000003,138.45936199999997,130.301747,-0.31604600000002847,-0.4593619999999703,-0.301747000000006,0.6339950892309769,110.20889256316842
202.0,289.0,530.0,130.0,208.0,551.0,83.0,289.13545999999997,529.421964,129.168269,-0.13545999999996639,0.5780359999999973,0.8317309999999907,1.0218862389018517,95.97395480024775
203.0,505.0,296.0,131.0,549.0,365.0,86.0,505.763872,296.25602899999996,131.91914500000001,-0.7638719999999921,-0.25602899999995543,-0.9191450000000145,1.2222433523034566,93.39164844888434
204.0,511.0,338.0,131.0,538.0,416.0,85.0,510.47439099999997,338.73813599999994,130.547098,0.5256090000000313,-0.7381359999999404,0.4529019999999946,1.0130300079370502,94.49338601193207
205.0,312.0,429.0,131.0,275.0,443.0,84.0,313.113598,428.08611099999996,130.90770700000002,-1.1135980000000245,0.9138890000000401,0.09229299999998375,1.4435413425926273,61.43289021363068
206.0,370.0,513.0,131.0,308.0,564.0,87.0,370.263415,513.5646419999999,131.716394,-0.26341500000000906,-0.5646419999999353,-0.7163940000000082,0.9494358396568687,91.54780172128658
207.0,282.0,541.0,131.0,195.0,561.0,86.0,281.66219199999995,540.6019269999999,131.580233,0.3378080000000523,0.3980730000000676,-0.5802329999999927,0.7805425628894819,99.9699954986495
208.0,437.0,33.0,132.0,572.0,34.0,81.0,437.48131299999994,33.008306000000005,131.685888,-0.48131299999994326,-0.008306000000004587,0.3141119999999944,0.5748021765346247,144.31562631953616
209.0,431.0,113.0,132.0,534.0,124.0,83.0,431.383627,112.84600799999998,132.45591,-0.38362699999998995,0.15399200000001656,-0.4559099999999887,0.6154162325556477,114.59057552870567
210.0,439.0,150.0,132.0,529.0,171.0,83.0,439.72525399999995,150.669539,131.917203,-0.7252539999999499,-0.6695389999999861,0.08279699999999934,0.9905206611908247,104.60401521930217
211.0,145.0,242.0,132.0,152.0,162.0,80.0,144.392013,241.660824,131.726308,0.6079870000000085,0.339176000000009,0.27369200000001115,0.7480614025660076,95.67131231461184
212.0,467.0,256.0,132.0,518.0,304.0,84.0,465.786451,256.893134,131.19415800000002,1.2135490000000004,-0.893133999999975,0.8058419999999842,1.708733696724253,84.90583018850944
213.0,350.0,280.0,132.0,375.0,286.0,84.0,349.979291,280.08322499999997,132.230254,0.020709000000010747,-0.08322499999997035,-0.23025400000000218,0.24570748426125832,54.45181356024793
214.0,506.0,301.0,132.0,548.0,370.0,86.0,506.28753300000005,300.40150399999993,131.864516,-0.2875330000000531,0.5984960000000683,0.13548399999999106,0.6776640778151886,92.9569792968769
215.0,573.0,339.0,132.0,610.0,440.0,88.0,572.696227,338.69874599999997,132.303358,0.3037729999999783,0.30125400000002855,-0.3033580000000029,0.5244598022813625,116.21531740695802
216.0,331.0,415.0,132.0,300.0,436.0,84.0,330.719891,416.1468,130.849054,0.28010899999998173,-1.1467999999999847,1.1509460000000047,1.6487231383094512,60.876925020897694
217.0,449.0,523.0,132.0,396.0,605.0,89.0,449.332174,522.566432,132.35641900000002,-0.3321740000000091,0.4335680000000366,-0.3564190000000167,0.6521926712721093,106.68645649753299
218.0,481.0,77.0,133.0,605.0,102.0,84.0,480.843127,77.300643,133.134338,0.1568730000000187,-0.3006429999999938,-0.13433800000001384,0.3647492972193447,135.65397155999526
219.0,463.0,200.0,133.0,535.0,236.0,86.0,461.32507699999996,199.65017699999999,133.556468,1.6749230000000352,0.34982300000001487,-0.5564679999999953,1.799277583443456,93.2148056909416
220.0,298.0,73.0,134.0,395.0,26.0,83.0,297.87276299999996,72.82831900000001,134.43478199999998,0.12723700000003646,0.17168099999999242,-0.43478199999998424,0.4844574361633775,119.24344845734713
221.0,303.0,210.0,134.0,348.0,187.0,85.0,303.25195199999996,210.179844,134.399297,-0.2519519999999602,-0.17984400000000278,-0.39929699999999,0.5052343702174001,70.39176088151227
222.0,435.0,351.0,134.0,446.0,401.0,89.0,435.11607,351.03918999999996,134.532603,-0.11606999999997925,-0.03918999999996231,-0.5326029999999946,0.5465108019142774,68.1615727518079
223.0,301.0,106.0,135.0,386.0,66.0,84.0,301.294105,106.26183,134.822888,-0.29410500000000184,-0.26183000000000334,0.17711199999999394,0.43176539980526535,106.89246933250256
224.0,515.0,296.0,135.0,560.0,369.0,91.0,515.39825,296.553216,135.904935,-0.3982499999999618,-0.5532160000000204,-0.9049349999999947,1.1329423460092674,96.38464608017192
225.0,467.0,432.0,135.0,451.0,508.0,91.0,466.855993,432.90820299999996,134.8512,0.14400699999998778,-0.9082029999999577,0.14879999999999427,0.9315106790895733,89.26365441768559
226.0,512.0,179.0,136.0,600.0,232.0,88.0,510.81387900000004,179.66221199999998,134.871386,1.1861209999999573,-0.6622119999999825,1.128613999999999,1.766119282659264,113.38871196022997
227.0,507.0,298.0,136.0,550.0,367.0,90.0,507.09785999999997,297.589144,135.166925,-0.09785999999996875,0.41085600000002387,0.833075000000008,0.934019907689888,93.41306118525397
228.0,282.0,530.0,136.0,200.0,548.0,91.0,282.211439,529.2483579999999,135.805586,-0.2114389999999844,0.7516420000000608,0.19441399999999476,0.8046545533836758,95.25229656024048
229.0,254.0,180.0,137.0,303.0,132.0,87.0,253.99271299999998,179.158231,136.959696,0.007287000000019361,0.8417689999999993,0.0403039999999919,0.8427648320534018,84.88227141164403
230.0,508.0,298.0,137.0,551.0,368.0,92.0,508.15340100000003,298.125709,136.78795200000002,-0.15340100000003076,-0.1257089999999721,0.21204799999998158,0.29034285557939016,93.66963221877195
231.0,332.0,495.0,137.0,271.0,527.0,93.0,331.940238,494.489817,137.291355,0.05976199999997789,0.5101829999999836,-0.29135500000001,0.5905471413511257,81.73738434767778
232.0,436.0,145.0,138.0,527.0,163.0,90.0,436.153894,145.040807,137.76110699999998,-0.15389399999997977,-0.040807000000000926,0.23889300000001867,0.2870861193683923,104.44615837837216
233.0,395.0,464.0,138.0,356.0,517.0,94.0,395.400866,464.62983799999995,137.744767,-0.4008660000000077,-0.6298379999999497,0.25523300000000404,0.7890078202964436,79.1580697086532
234.0,430.0,121.0,139.0,529.0,132.0,91.0,429.65254899999996,120.440525,138.943268,0.34745100000003504,0.5594750000000062,0.056732000000010885,0.6610241998974262,110.57124400132251
235.0,510.0,297.0,139.0,553.0,368.0,94.0,509.72588500000006,297.625191,138.415324,0.27411499999993794,-0.6251909999999725,0.5846760000000017,0.8988041191950188,94.41927769264072
236.0,345.0,409.0,139.0,319.0,434.0,94.0,345.055855,409.75014899999996,138.95852200000002,-0.055855000000008204,-0.7501489999999649,0.041477999999983695,0.7533682550452646,57.67148342118486
237.0,346.0,410.0,139.0,320.0,435.0,95.0,346.102248,410.27698799999996,139.760137,-0.10224799999997458,-0.27698799999996027,-0.7601369999999861,0.8154662864992959,56.894639466297704
238.0,455.0,528.0,139.0,400.0,614.0,98.0,454.86424099999994,528.607908,139.599584,0.13575900000006413,-0.6079079999999522,-0.599583999999993,0.8645713478949848,110.00909053346456
239.0,436.0,116.0,140.0,537.0,129.0,93.0,435.107144,116.04880299999999,140.572497,0.8928559999999948,-0.04880299999999238,-0.5724969999999985,1.0617562736117871,112.15614116043757
240.0,311.0,444.0,141.0,266.0,461.0,96.0,310.912246,444.53045199999997,140.574907,0.0877540000000181,-0.5304519999999684,0.42509300000000394,0.6854080153229702,65.87108622149782
241.0,326.0,475.0,141.0,272.0,502.0,97.0,326.250149,474.84128599999997,140.865052,-0.2501490000000217,0.15871400000003177,0.1349480000000085,0.3255389664863843,74.70609078247904
242.0,322.0,482.0,141.0,263.0,508.0,98.0,320.82635700000003,481.853465,141.663572,1.17364299999997,0.14653499999997166,-0.6635719999999878,1.3561851631904491,77.49838707999025
243.0,500.0,106.0,142.0,616.0,142.0,96.0,499.906977,105.64143999999999,142.421456,0.09302300000001651,0.3585600000000113,-0.42145600000000627,0.5611093583830308,129.87686476043376
244.0,431.0,176.0,142.0,509.0,197.0,95.0,431.057076,176.190499,141.55082099999998,-0.05707599999999502,-0.19049899999998843,0.4491790000000151,0.49123244275801714,93.4558719396486
245.0,462.0,200.0,142.0,536.0,237.0,96.0,462.453802,200.26454999999999,141.732791,-0.45380199999999604,-0.26454999999998563,0.26720900000000825,0.5893416728732096,94.66255859631093
246.0,415.0,377.0,142.0,413.0,423.0,98.0,415.277622,376.80238499999996,141.83070700000002,-0.27762200000000803,0.19761500000004162,0.16929299999998193,0.3805072705718181,63.686733312362634
247.0,557.0,442.0,142.0,551.0,553.0,101.0,556.363668,441.97637299999997,141.929525,0.6363320000000385,0.02362700000003315,0.07047499999998763,0.6406585478849469,118.48206615349008
248.0,284.0,518.0,142.0,206.0,535.0,99.0,283.56522399999994,517.663982,142.483449,0.43477600000005623,0.3360179999999673,-0.48344900000000735,0.731888790801604,90.67524469225324
249.0,385.0,131.0,143.0,474.0,126.0,95.0,385.388065,130.116016,142.608272,-0.38806499999998323,0.8839839999999981,0.3917280000000005,1.041860346910748,101.24228365658294
250.0,515.0,282.0,143.0,564.0,352.0,99.0,514.157243,282.38041799999996,142.642534,0.842757000000006,-0.3804179999999633,0.35746599999998807,0.9913320114517505,96.10931276416453
251.0,376.0,430.0,143.0,348.0,469.0,100.0,376.751754,429.46736999999996,143.286455,-0.7517540000000054,0.5326300000000401,-0.28645499999998947,0.9648239530821385,64.45153217728807
252.0,371.0,119.0,144.0,462.0,109.0,97.0,371.65866600000004,120.044622,144.521015,-0.6586660000000393,-1.044622000000004,-0.5210150000000056,1.3403479595482157,102.90772565750348
253.0,380.0,126.0,144.0,469.0,120.0,97.0,379.959985,126.772805,144.348152,0.04001499999998259,-0.7728050000000053,-0.3481519999999989,0.8485508725786605,100.8265837961398
254.0,376.0,266.0,144.0,411.0,279.0,99.0,376.27083799999997,265.429969,144.39979499999998,-0.27083799999996927,0.5700309999999718,-0.39979499999998325,0.7470773756646214,58.47221562417487
255.0,569.0,346.0,144.0,603.0,446.0,103.0,568.9546949999999,345.327119,144.562194,0.045305000000098516,0.672881000000018,-0.5621940000000052,0.877999702062614,113.30048543585328
256.0,311.0,393.0,145.0,286.0,401.0,100.0,310.881658,392.743776,144.46229499999998,0.11834199999998418,0.2562239999999747,0.5377050000000168,0.6072744306859966,52.09606511052442
257.0,370.0,439.0,145.0,336.0,477.0,103.0,369.535278,438.83315200000004,145.716835,0.46472199999999475,0.16684799999995903,-0.7168350000000032,0.8704350691539181,66.06057825965497
258.0,295.0,525.0,145.0,216.0,547.0,102.0,294.48542,524.418486,144.739573,0.5145800000000236,0.5815139999999701,0.26042699999999286,0.8190075280026343,92.59589623736032
259.0,329.0,54.0,146.0,438.0,16.0,97.0,328.814367,54.01414799999999,145.781042,0.18563299999999572,-0.014147999999991612,0.21895799999998644,0.2874063018741799,125.40334923757021
260.0,346.0,78.0,146.0,448.0,51.0,98.0,345.69973999999996,78.62245399999999,146.120709,0.30026000000003705,-0.6224539999999905,-0.12070900000000506,0.7015523589847102,115.91807451816995
261.0,364.0,154.0,146.0,440.0,145.0,99.0,363.94633,153.75927199999998,145.85125499999998,0.05367000000001099,0.24072800000001848,0.14874500000001944,0.28801998873171264,89.81091247727082
262.0,454.0,363.0,146.0,464.0,422.0,103.0,454.695005,362.81468199999995,145.647812,-0.6950049999999806,0.18531800000005205,0.3521880000000124,0.8008814509607529,73.68853370776216
263.0,385.0,153.0,147.0,463.0,151.0,101.0,383.398694,152.461657,147.285955,1.6013060000000223,0.5383429999999976,-0.2859550000000013,1.7134072351049734,90.57593499379402
264.0,462.0,277.0,147.0,506.0,327.0,106.0,462.64605200000005,278.10018,149.01230099999998,-0.6460520000000542,-1.100180000000023,-2.0123009999999795,2.382673820250065,78.21125238736431
265.0,297.0,446.0,147.0,249.0,457.0,104.0,296.734228,445.919613,147.275829,0.26577200000002676,0.08038699999997334,-0.27582899999998745,0.3913802026086693,65.37583651472461
266.0,362.0,111.0,148.0,454.0,95.0,101.0,361.83639199999993,111.284034,148.013465,0.16360800000006748,-0.28403400000000545,-0.013464999999996508,0.3280612702606406,104.54185764563398
267.0,437.0,436.0,148.0,415.0,500.0,107.0,436.94576900000004,436.206495,148.264496,0.05423099999995884,-0.20649500000001808,-0.2644960000000083,0.33991075358394796,79.12648102879339
268.0,296.0,446.0,148.0,248.0,457.0,106.0,295.97543,446.19904999999994,148.920379,0.024569999999982883,-0.19904999999994288,-0.920378999999997,0.9419777550669499,64.72248450113763
269.0,321.0,115.0,149.0,406.0,83.0,101.0,321.414068,114.43813800000001,148.433165,-0.4140679999999861,0.5618619999999908,0.5668349999999975,0.8991346578199371,102.7277956543408
270.0,452.0,535.0,149.0,395.0,619.0,107.0,452.361858,533.880857,146.942567,-0.3618579999999838,1.1191430000000082,2.057433000000003,2.3699056555276665,109.85900054160332
271.0,389.0,155.0,150.0,469.0,156.0,106.0,389.407753,154.835867,151.28830399999998,-0.4077530000000138,0.16413299999999253,-1.2883039999999824,1.3612234743472371,91.30717386930777
272.0,495.0,178.0,150.0,582.0,223.0,106.0,494.64949199999995,177.52312799999999,149.83250900000002,0.35050800000004756,0.4768720000000144,0.16749099999998407,0.6150739772816289,107.37783756436893
273.0,361.0,357.0,150.0,359.0,380.0,107.0,362.21038500000003,357.513895,150.033672,-1.2103850000000307,-0.5138949999999909,-0.033671999999995705,1.3153910912097835,48.80573736764972
274.0,310.0,420.0,150.0,274.0,432.0,108.0,309.694395,420.03144199999997,150.71210200000002,0.3056050000000141,-0.031441999999969994,-0.7121020000000158,0.7755464356136448,56.60388679233962
275.0,380.0,421.0,150.0,355.0,459.0,108.0,379.66308599999996,419.954303,149.922379,0.3369140000000357,1.0456970000000183,0.0776209999999935,1.1013710904350364,61.91122676865643
276.0,326.0,459.0,150.0,278.0,483.0,109.0,326.07962000000003,458.63322600000004,150.892989,-0.079620000000034,0.36677399999996396,-0.892989,0.9686546678754916,67.53517601961218
277.0,447.0,505.0,150.0,400.0,585.0,111.0,447.43878599999994,506.19850399999996,150.601999,-0.4387859999999364,-1.1985039999999572,-0.6019990000000064,1.4111512278323854,100.64790112068906
278.0,327.0,58.0,151.0,434.0,20.0,103.0,326.80148299999996,58.220836000000006,150.672134,0.19851700000003802,-0.22083600000000558,0.3278660000000002,0.4423501465366748,123.27611285240948
279.0,475.0,80.0,151.0,597.0,102.0,107.0,474.836779,79.604221,152.026622,0.16322100000002138,0.39577900000000454,-1.0266220000000033,1.1123105872758818,131.5446692192428
280.0,328.0,467.0,151.0,278.0,493.0,110.0,328.69027800000003,466.41393200000005,151.591691,-0.6902780000000348,0.5860679999999547,-0.5916909999999973,1.0816920344483414,69.6921803361037
281.0,332.0,511.0,151.0,263.0,547.0,110.0,331.082022,512.2769989999999,151.025747,0.9179780000000051,-1.2769989999999325,-0.025746999999995523,1.5729186128003687,87.96590248499699
282.0,309.0,550.0,151.0,224.0,580.0,111.0,309.369487,548.070374,151.67013,-0.36948699999999235,1.9296259999999847,-0.6701300000000003,2.0758254647115533,98.6154146165801
283.0,335.0,550.0,151.0,253.0,592.0,111.0,335.027025,549.855985,151.35922399999998,-0.027024999999980537,0.14401499999996759,-0.35922399999998333,0.38795947343244197,100.43903623591775
284.0,368.0,572.0,151.0,283.0,630.0,112.0,368.234731,571.595885,151.548158,-0.23473100000001068,0.4041150000000471,-0.5481580000000008,0.7203365661619879,110.04544515789829
285.0,462.0,111.0,152.0,572.0,133.0,108.0,463.4832579999999,110.20361,152.614983,-1.4832579999999211,0.7963900000000024,-0.6149829999999952,1.7923435543870387,120.49896265113655
286.0,339.0,198.0,152.0,394.0,186.0,107.0,338.93938099999997,197.65740799999998,152.175036,0.060619000000031065,0.34259200000002465,-0.17503600000000574,0.3894631470640356,72.069410986909
287.0,425.0,268.0,152.0,467.0,301.0,109.0,425.602904,268.06422499999996,152.007697,-0.6029040000000236,-0.0642249999999649,-0.007697000000007392,0.6063640223908606,68.57113095173507
288.0,517.0,316.0,152.0,554.0,391.0,111.0,516.641968,315.403802,152.061969,0.35803199999998014,0.5961980000000153,-0.061969000000004826,0.6981970532657701,93.13968005098579
289.0,327.0,447.0,152.0,283.0,470.0,111.0,326.601423,447.25047900000004,152.66010599999998,0.39857699999998886,-0.2504790000000412,-0.6601059999999848,0.8107670970173813,64.389440128021
290.0,380.0,123.0,153.0,470.0,116.0,107.0,379.787955,123.501688,152.58483,0.21204499999998916,-0.5016880000000015,0.41516999999998916,0.6848503926179702,101.31633629380802
291.0,379.0,128.0,153.0,468.0,120.0,108.0,379.28351899999996,127.139776,153.36741,-0.28351899999995567,0.8602240000000023,-0.3674100000000067,0.9774244020061008,100.0499875062461
292.0,461.0,142.0,153.0,556.0,168.0,109.0,460.164187,141.571526,153.103526,0.8358129999999733,0.42847399999999425,-0.10352599999998802,0.9449290832231527,107.87492757819122
293.0,485.0,276.0,153.0,534.0,334.0,112.0,486.28062900000003,276.31864199999995,153.683948,-1.280629000000033,-0.31864199999995435,-0.6839479999999867,1.4863809156838086,86.2902080192185
294.0,439.0,358.0,153.0,448.0,410.0,112.0,439.22202100000004,357.7368,153.258988,-0.22202100000004066,0.26319999999998345,-0.258987999999988,0.43086233136003327,66.82813778641449
295.0,346.0,413.0,153.0,319.0,438.0,111.0,346.25197499999996,413.02388299999996,152.840242,-0.251974999999959,-0.023882999999955246,0.15975800000001072,0.2993065600316515,55.839054433254866
296.0,522.0,442.0,153.0,512.0,539.0,114.0,522.533812,441.36285399999997,152.974189,-0.5338120000000117,0.6371460000000297,0.02581100000000447,0.8316107769750526,105.02380682492898
297.0,300.0,488.0,153.0,236.0,507.0,111.0,299.703592,488.2224,152.482601,0.29640799999998535,-0.22239999999999327,0.5173990000000117,0.6364127494519578,78.87331614684399
298.0,341.0,511.0,153.0,275.0,549.0,113.0,340.954896,510.740553,153.391129,0.045103999999980715,0.25944700000002285,-0.3911290000000065,0.4715177740722138,86.02325267042627
299.0,446.0,123.0,154.0,547.0,141.0,110.0,446.15541199999996,122.93947099999998,154.300389,-0.1554119999999557,0.06052900000001671,-0.3003889999999956,0.3435843432200973,111.6288493177279
300.0,490.0,177.0,154.0,577.0,220.0,111.0,490.02930899999996,176.540389,153.994412,-0.029308999999955176,0.45961099999999533,0.005587999999988824,0.4605784564501394,106.14612569472331
301.0,492.0,279.0,154.0,540.0,339.0,113.0,492.25309599999997,278.65394799999996,154.408649,-0.2530959999999709,0.3460520000000429,-0.40864899999999693,0.5922867355605834,87.09190547921202
302.0,329.0,464.0,154.0,278.0,492.0,111.0,328.439275,465.64656,152.42317400000002,0.5607249999999908,-1.6465600000000222,1.5768259999999827,2.3477547984193343,72.34638899074369
303.0,348.0,532.0,154.0,275.0,576.0,114.0,347.988121,531.7319249999999,153.884624,0.011879000000021733,0.2680750000000671,0.1153759999999977,0.2920906325817998,94.15412895885129
304.0,337.0,553.0,154.0,254.0,597.0,114.0,337.132318,553.510668,153.751379,-0.13231799999999794,-0.5106680000000097,0.2486210000000142,0.583182870966746,102.10288928331069
305.0,328.0,53.0,155.0,437.0,14.0,108.0,327.617599,52.82692300000001,154.824442,0.38240100000001576,0.17307699999999215,0.17555799999999522,0.45497998208053914,124.94398745037714
306.0,497.0,78.0,155.0,623.0,109.0,111.0,496.898872,78.323201,155.070897,0.10112800000001698,-0.3232009999999974,-0.07089700000000221,0.3459944268250604,137.01459776242822
307.0,471.0,96.0,155.0,586.0,119.0,111.0,470.74790399999995,95.713626,155.162049,0.2520960000000514,0.286373999999995,-0.1620489999999961,0.4145145829678635,125.25973016097392
308.0,330.0,464.0,155.0,280.0,491.0,114.0,329.760756,464.37866999999994,154.882029,0.23924399999998514,-0.3786699999999428,0.11797100000001137,0.4631909080249225,70.07139216541941
309.0,339.0,508.0,155.0,274.0,546.0,115.0,339.41564500000004,508.68869599999994,155.071892,-0.41564500000004045,-0.6886959999999362,-0.07189199999999119,0.8076084485101332,85.25843066817498
310.0,349.0,530.0,155.0,276.0,575.0,115.0,348.51421200000004,530.704568,154.71038099999998,0.4857879999999568,-0.7045679999999948,0.28961900000001606,0.9034850373575425,94.62557793746889
311.0,368.0,539.0,155.0,295.0,592.0,115.0,367.701565,538.975519,154.39638,0.2984349999999836,0.024481000000037056,0.6036200000000065,0.6738099680073009,98.68130522039117
312.0,488.0,272.0,156.0,537.0,330.0,114.0,487.58960299999995,272.449747,155.353878,0.41039700000004586,-0.4497470000000021,0.6461219999999912,0.8877903471552437,86.76981041814025
313.0,378.0,506.0,156.0,319.0,558.0,117.0,377.52498299999996,506.33399899999995,156.30819400000001,0.47501700000003666,-0.33399899999994886,-0.3081940000000145,0.6574040035822794,87.78382538941898
314.0,303.0,520.0,156.0,227.0,542.0,114.0,301.842475,517.789873,154.569886,1.157525000000021,2.210127000000057,1.4301140000000032,2.8757175686687853,89.57678270623477
315.0,482.0,193.0,157.0,561.0,236.0,115.0,481.79481300000003,193.172621,157.17054000000002,0.2051869999999667,-0.17262099999999236,-0.1705400000000168,0.31777917837704445,99.26731586982696
316.0,386.0,158.0,158.0,466.0,159.0,113.0,387.92096,158.015198,157.005153,-1.9209599999999796,-0.015197999999998046,0.9948469999999929,2.1633397454428898,91.79324593890337
317.0,532.0,216.0,158.0,611.0,282.0,117.0,532.634755,215.93933099999998,157.96779800000002,-0.634755000000041,0.060669000000018514,0.032201999999983855,0.6384603404989642,110.80613701415639
318.0,428.0,236.0,158.0,482.0,264.0,116.0,427.697763,235.47990599999997,158.104318,0.302236999999991,0.5200940000000287,-0.10431800000000635,0.6105138967534037,73.91887445030531
319.0,352.0,278.0,158.0,378.0,284.0,116.0,352.083007,278.06030599999997,158.458402,-0.08300700000000916,-0.06030599999996866,-0.45840200000000664,0.4697439401301563,49.759421218498915
320.0,424.0,297.0,158.0,454.0,335.0,117.0,424.419,297.94317,158.227017,-0.4189999999999827,-0.9431700000000092,-0.22701699999998937,1.056724830402408,63.4428877022476
321.0,325.0,427.0,158.0,289.0,446.0,118.0,325.08439899999996,427.108299,158.651338,-0.08439899999996214,-0.10829899999998815,-0.6513380000000097,0.6656523528434372,57.0701322935211
322.0,279.0,111.0,159.0,357.0,63.0,113.0,278.243218,111.75215499999999,158.788103,0.756781999999987,-0.7521549999999877,0.21189699999999334,1.087821896340554,102.48902380255166
323.0,285.0,114.0,159.0,364.0,69.0,113.0,285.243782,114.59484800000001,158.675595,-0.24378200000001016,-0.5948480000000131,0.32440500000001293,0.7200780587221284,101.89209979188769
324.0,430.0,240.0,159.0,483.0,270.0,117.0,430.04491099999996,239.89223499999997,158.845578,-0.0449109999999564,0.10776500000002898,0.15442200000001094,0.19358834476797848,73.97972695272672
325.0,357.0,368.0,159.0,349.0,390.0,118.0,357.14158299999997,367.991711,158.983754,-0.1415829999999687,0.008288999999990665,0.01624599999999532,0.142752884124948,47.21228653645151
326.0,390.0,489.0,159.0,340.0,541.0,120.0,389.448834,487.69282599999997,158.851391,0.5511660000000234,1.3071740000000318,0.14860899999999333,1.4263844014546383,82.00609733428362
327.0,429.0,236.0,160.0,484.0,265.0,119.0,429.53954600000003,235.766212,160.539031,-0.5395460000000298,0.2337880000000041,-0.5390309999999943,0.7976973950195826,74.47818472546173
328.0,447.0,120.0,161.0,550.0,137.0,118.0,447.51927399999994,119.12893199999999,160.88679100000002,-0.519273999999939,0.8710680000000082,0.11320899999998346,1.0204024820535018,112.90261290156221
329.0,466.0,199.0,161.0,541.0,236.0,120.0,466.298673,198.42095099999997,161.38212,-0.29867300000000796,0.5790490000000261,-0.38211999999998625,0.7553270812899697,93.13968005098579
330.0,444.0,245.0,161.0,497.0,281.0,120.0,443.813332,244.829701,161.090869,0.1866679999999974,0.17029899999999998,-0.09086899999999787,0.2685216318772077,76.06576102294646
331.0,287.0,247.0,161.0,316.0,221.0,118.0,287.53196199999996,245.24165399999998,161.212711,-0.5319619999999645,1.7583460000000173,-0.21271100000001297,1.849326957214713,58.01723881744115
332.0,418.0,162.0,162.0,501.0,174.0,120.0,419.085551,160.640275,162.35956199999998,-1.0855510000000095,1.3597249999999974,-0.3595619999999826,1.7766704480769644,93.7923237797209
333.0,443.0,245.0,162.0,496.0,281.0,121.0,443.045386,245.09941199999997,161.916007,-0.0453860000000077,-0.09941199999997252,0.08399299999999243,0.13783126927150444,76.06576102294646
334.0,380.0,370.0,162.0,374.0,402.0,121.0,379.718189,370.84644000000003,161.153988,0.2818110000000047,-0.8464400000000296,0.8460120000000018,1.2294772944080976,52.354560450833695
335.0,184.0,410.0,162.0,132.0,372.0,120.0,183.847763,410.44014400000003,162.082398,0.15223700000001372,-0.44014400000003207,-0.08239800000001196,0.47296117738037907,76.88953114696434
336.0,311.0,447.0,162.0,265.0,463.0,123.0,310.90245,446.60723499999995,162.680615,0.09755000000001246,0.392765000000054,-0.6806149999999889,0.7918441298323993,62.39390995922599
337.0,442.0,161.0,163.0,527.0,183.0,121.0,441.64050199999997,160.88427299999998,162.921459,0.3594980000000305,0.11572700000002101,0.0785410000000013,0.38574634050633194,97.32933781753577
338.0,432.0,197.0,163.0,502.0,221.0,122.0,432.108038,196.92334799999998,163.425323,-0.10803800000002184,0.07665200000002415,-0.4253229999999917,0.4454743459246574,84.59905436823747
339.0,432.0,292.0,163.0,465.0,330.0,123.0,431.721167,291.25620100000003,163.14085799999998,0.2788330000000201,0.7437989999999672,-0.14085799999998017,0.8067377333768124,64.28841264178172
340.0,507.0,357.0,163.0,527.0,435.0,125.0,507.235146,356.751873,163.157215,-0.2351459999999861,0.24812700000001087,-0.15721500000000788,0.3762674656012679,89.03931715820826
341.0,336.0,448.0,163.0,293.0,475.0,123.0,335.782894,448.652831,162.37543499999998,0.21710600000000113,-0.652830999999992,0.6245650000000182,0.9291957646384387,64.63745044476924
342.0,261.0,512.0,163.0,182.0,520.0,125.0,261.25055100000003,512.500028,164.10665,-0.25055100000002994,-0.500028000000043,-1.106650000000002,1.2399508163169466,88.02840450672726
343.0,530.0,190.0,164.0,618.0,252.0,124.0,530.333919,190.87457799999999,164.02573,-0.33391900000003716,-0.8745779999999854,-0.025730000000010023,0.9365098021617285,114.83901775964473
344.0,369.0,372.0,164.0,363.0,400.0,123.0,370.66814899999997,372.171531,162.87994,-1.6681489999999712,-0.17153100000001587,1.1200599999999952,2.016600697649859,50.00999900019995
345.0,312.0,435.0,164.0,270.0,450.0,124.0,311.415105,435.21476199999995,163.62832,0.5848950000000173,-0.2147619999999506,0.3716799999999978,0.725514231472407,59.90826320300064
346.0,285.0,84.0,165.0,376.0,33.0,120.0,285.26751,83.567582,164.777323,-0.2675100000000157,0.4324179999999984,0.22267700000000445,0.5550963638441608,113.6089785184252
347.0,392.0,122.0,165.0,484.0,120.0,123.0,391.854243,123.12590599999999,165.56697400000002,0.14575700000000325,-1.1259059999999863,-0.5669740000000161,1.2690031286647754,101.15334893121434
348.0,510.0,229.0,165.0,580.0,288.0,126.0,510.188079,228.748988,165.447586,-0.1880790000000161,0.2510120000000029,-0.44758600000000115,0.5465473097372345,99.508793581271
349.0,366.0,324.0,165.0,376.0,342.0,125.0,365.69990900000005,323.73949400000004,165.14444400000002,0.30009099999995215,0.26050599999996393,-0.14444400000002133,0.4228262686411035,44.98888751680797
350.0,467.0,53.0,166.0,599.0,68.0,124.0,467.70134899999994,52.828261,166.355588,-0.7013489999999365,0.1717390000000023,-0.35558800000001156,0.8048773382733048,139.33054223679747
351.0,253.0,149.0,166.0,313.0,97.0,122.0,252.978548,149.700361,166.004341,0.021452000000010685,-0.7003609999999867,-0.0043410000000108084,0.700702906306219,90.77444574328173
352.0,518.0,160.0,166.0,616.0,213.0,125.0,518.6429899999999,161.09745199999998,165.327363,-0.6429899999999407,-1.0974519999999757,0.6726370000000088,1.4388459146735908,118.71815362445628
353.0,426.0,191.0,166.0,498.0,212.0,125.0,426.685747,190.998584,166.015102,-0.6857469999999921,0.001416000000006079,-0.01510200000001305,0.685914734838806,85.47514258543241
354.0,394.0,435.0,166.0,366.0,483.0,130.0,394.656,435.958792,167.596753,-0.6560000000000059,-0.9587920000000167,-1.5967530000000068,1.9746488908849242,66.2117814289874
355.0,369.0,40.0,167.0,489.0,16.0,123.0,368.684009,41.00778899999999,166.793728,0.3159909999999968,-1.0077889999999883,0.20627200000001267,1.0761213307922017,130.04614565607088
356.0,256.0,147.0,167.0,318.0,95.0,123.0,256.35286399999995,146.855966,166.819265,-0.3528639999999541,0.14403400000000488,0.18073499999999854,0.4218103079311463,92.10863151735563
357.0,331.0,266.0,167.0,360.0,262.0,126.0,332.46347299999996,265.74114,167.021152,-1.463472999999965,0.25886000000002696,-0.021152000000000726,1.4863408520366086,50.37856687124
358.0,473.0,425.0,167.0,461.0,502.0,131.0,473.431947,426.034805,167.64284600000002,-0.43194699999997965,-1.0348050000000057,-0.64284600000002,1.2925364902199163,85.84287972802403
359.0,480.0,52.0,168.0,615.0,72.0,128.0,481.212049,51.81579699999999,169.493336,-1.212048999999979,0.18420300000001077,-1.4933359999999993,1.9321091926974394,142.21462653327893
360.0,469.0,91.0,168.0,584.0,113.0,129.0,467.79747399999997,91.746076,169.995343,1.2025260000000344,-0.7460760000000022,-1.9953429999999912,2.446240353297495,123.40988615179904
361.0,240.0,158.0,168.0,295.0,102.0,124.0,240.309907,158.285033,167.685878,-0.3099070000000097,-0.28503299999999854,0.31412199999999757,0.525317799643229,89.9833317898376
362.0,487.0,177.0,168.0,573.0,219.0,127.0,486.80715,176.958847,167.13997899999998,0.19285000000002128,0.04115300000000843,0.8600210000000175,0.8823382641311884,104.12012293500234
363.0,426.0,291.0,168.0,458.0,328.0,128.0,425.806947,291.57052999999996,167.302142,0.19305300000002035,-0.5705299999999625,0.6978579999999965,0.9218349797403872,63.190189111918315
364.0,325.0,431.0,168.0,288.0,450.0,129.0,325.448537,430.583662,167.622312,-0.44853699999998753,0.4163379999999961,0.37768800000000624,0.7191460185226574,57.01754116059373
365.0,346.0,539.0,168.0,270.0,584.0,131.0,346.339375,539.413976,167.74669,-0.3393750000000182,-0.41397600000004786,0.25330999999999904,0.5922140451737459,95.7601169589929
366.0,339.0,558.0,168.0,255.0,604.0,132.0,339.895133,558.865437,168.410572,-0.8951329999999871,-0.8654370000000426,-0.41057200000000194,1.311035337373502,102.3132444994293
367.0,467.0,98.0,169.0,580.0,119.0,128.0,466.240856,97.438878,169.126409,0.759143999999992,0.5611219999999975,-0.12640899999999533,0.952437266648562,122.02868515230344
368.0,519.0,173.0,169.0,612.0,227.0,130.0,519.222468,173.06539399999997,169.278333,-0.22246800000004896,-0.06539399999996931,-0.2783330000000035,0.362267366939143,114.39405578962571
369.0,454.0,191.0,169.0,530.0,222.0,130.0,454.200005,190.498674,169.80822,-0.200004999999976,0.5013260000000059,-0.8082200000000057,0.9718792757853238,90.87353850269065
370.0,424.0,203.0,169.0,490.0,224.0,130.0,423.63654699999995,202.45227,170.01311800000002,0.36345300000004954,0.5477300000000014,-1.01311800000002,1.2076896613091783,79.48584779695062
371.0,508.0,237.0,169.0,574.0,296.0,130.0,507.64331500000003,236.564586,168.663022,0.3566849999999704,0.4354140000000086,0.3369779999999878,0.6560211224533691,96.73675619949223
372.0,454.0,430.0,169.0,438.0,499.0,134.0,454.80577600000004,429.71234400000003,170.268993,-0.8057760000000371,0.28765599999996994,-1.2689929999999947,1.5304784123146034,79.00632886041473
373.0,483.0,49.0,170.0,618.0,69.0,128.0,482.762878,48.70454799999999,169.512371,0.2371219999999994,0.2954520000000116,0.4876289999999983,0.6174955617889127,142.79005567615695
374.0,543.0,243.0,170.0,613.0,317.0,132.0,543.4314479999999,242.76368099999996,169.825041,-0.4314479999999321,0.23631900000003725,0.1749590000000012,0.5221155984511088,108.71982339941506
375.0,465.0,246.0,170.0,521.0,290.0,131.0,464.905575,245.69092899999998,169.858338,0.09442500000000109,0.3090710000000172,0.14166199999999662,0.3528584502460015,81.19729059519166
376.0,465.0,262.0,170.0,516.0,309.0,132.0,465.972122,261.765442,170.477031,-0.972122000000013,0.23455799999999272,-0.47703100000001086,1.107969861146517,79.08223567907018
377.0,300.0,479.0,170.0,241.0,495.0,132.0,300.659358,477.80154500000003,169.806475,-0.6593579999999974,1.1984549999999672,0.19352499999999395,1.3814844497184597,71.97916365171243
378.0,314.0,71.0,171.0,414.0,29.0,128.0,313.829662,70.65756800000001,171.163315,0.1703380000000152,0.3424319999999881,-0.16331500000001142,0.41586836630477286,116.67476162392619
379.0,244.0,155.0,171.0,300.0,100.0,128.0,243.71166700000003,155.469816,170.95903800000002,0.288332999999966,-0.46981600000000867,0.04096199999997907,0.5527575220555454,89.49860334105779
380.0,244.0,162.0,171.0,298.0,108.0,128.0,244.23868700000003,162.20657,170.873922,-0.23868700000002718,-0.20656999999999925,0.1260780000000068,0.33990926870712773,87.64131445842195
381.0,466.0,245.0,171.0,522.0,289.0,131.0,465.422518,244.653846,169.864683,0.577481999999975,0.34615400000001273,1.1353169999999864,1.319944219476319,81.68231142664855
382.0,457.0,264.0,171.0,505.0,308.0,133.0,457.17308499999996,263.85790499999996,171.3715,-0.17308499999995774,0.14209500000004027,-0.3714999999999975,0.43377604388669844,75.39230729988306
383.0,373.0,419.0,171.0,347.0,456.0,133.0,372.89458099999996,419.94603900000004,170.4897,0.10541900000004034,-0.9460390000000416,0.5103000000000009,1.0800504826544397,59.06775770248944
384.0,478.0,451.0,171.0,457.0,533.0,135.0,478.424844,451.20368700000006,170.569197,-0.4248440000000073,-0.20368700000005902,0.4308029999999974,0.6384136927682771,91.98369420718001
385.0,285.0,486.0,171.0,220.0,499.0,133.0,285.390136,486.37934800000005,170.69784900000002,-0.39013599999998405,-0.37934800000005,0.30215099999998074,0.6224196577880665,76.40680597957227
386.0,432.0,492.0,171.0,388.0,562.0,136.0,432.358885,491.68822,171.43364400000002,-0.3588849999999866,0.31177999999999884,-0.43364400000001524,0.6434689816619003,89.78307190111062
387.0,362.0,86.0,172.0,464.0,66.0,130.0,362.3282449999999,86.430396,172.069212,-0.3282449999999244,-0.4303960000000018,-0.06921199999999317,0.5456883705788047,112.10709165793214
388.0,377.0,90.0,172.0,479.0,76.0,129.0,376.577017,90.291875,171.0432,0.4229829999999879,-0.29187500000000455,0.956799999999987,1.0860809702383922,111.57508682497182
389.0,466.0,97.0,172.0,580.0,118.0,131.0,466.008149,96.690958,171.59671600000001,-0.00814900000000307,0.30904200000000515,0.4032839999999851,0.5081450074742359,122.95527642195759
390.0,551.0,228.0,172.0,627.0,303.0,135.0,550.6960939999999,228.27369699999997,172.372107,0.30390600000009727,-0.2736969999999701,-0.37210699999999974,0.552930849287723,113.00442469213318
391.0,495.0,467.0,172.0,470.0,558.0,138.0,495.058285,467.28051000000005,172.65122,-0.05828500000001213,-0.28051000000004933,-0.651219999999995,0.7114565972180049,100.30952098380293
392.0,457.0,260.0,173.0,505.0,303.0,134.0,455.881478,259.982141,172.25126699999998,1.1185219999999845,0.01785899999998719,0.7487330000000156,1.3461097702839795,75.32595834106593
393.0,477.0,50.0,174.0,612.0,68.0,135.0,477.904199,49.555442,175.294682,-0.9041990000000055,0.4445580000000007,-1.2946819999999946,1.640551470722268,141.66862743741115
394.0,528.0,444.0,174.0,517.0,543.0,140.0,527.697734,443.42419700000005,174.201987,0.30226600000003145,0.5758029999999508,-0.20198700000000258,0.6809644467473785,105.25207836427744
395.0,452.0,199.0,175.0,524.0,231.0,136.0,451.93368799999996,199.11082199999998,174.650409,0.066312000000039,-0.11082199999998466,0.34959100000000376,0.37268306147315633,87.91473141629905
396.0,428.0,295.0,175.0,459.0,332.0,137.0,427.706977,294.506471,174.62284,0.29302300000000514,0.49352900000002364,0.3771600000000035,0.6867918301567287,61.43289021363068
397.0,393.0,441.0,175.0,361.0,488.0,139.0,392.153617,441.23174099999994,174.93973599999998,0.846383000000003,-0.2317409999999427,0.06026400000001786,0.8796020824588698,67.29784543356496
398.0,488.0,483.0,175.0,455.0,573.0,141.0,487.331584,482.86593300000004,175.01428099999998,0.6684159999999792,0.13406699999995908,-0.014280999999982669,0.6818781830400212,101.71037311896953
399.0,518.0,158.0,176.0,616.0,209.0,138.0,517.72131,158.11549799999997,176.028003,0.27868999999998323,-0.1154979999999739,-0.028003000000012435,0.3029720649053066,116.8289347721702
400.0,436.0,433.0,176.0,414.0,496.0,141.0,435.439103,433.688772,176.178514,0.5608970000000113,-0.6887719999999717,-0.17851400000000694,0.9060240398515794,75.35250493513803
401.0,360.0,531.0,176.0,288.0,580.0,141.0,359.377943,531.723114,175.88602600000002,0.6220569999999839,-0.7231140000000096,0.1139739999999847,0.9606450129579555,93.86160024205851
402.0,384.0,555.0,176.0,307.0,616.0,142.0,383.517313,554.768653,176.16208799999998,0.48268699999999853,0.23134700000002795,-0.1620879999999829,0.5592679984783735,103.95191195932858
403.0,351.0,580.0,176.0,261.0,632.0,142.0,351.933405,579.161531,176.232348,-0.9334049999999934,0.8384690000000319,-0.23234800000000178,1.2760332092426285,109.36178491593853
404.0,531.0,195.0,177.0,617.0,257.0,140.0,531.0039479999999,195.17566899999997,177.081693,-0.003947999999923013,-0.17566899999997077,-0.08169300000000135,0.1937754641692011,112.2898036332774
405.0,458.0,263.0,177.0,506.0,307.0,140.0,457.75406399999997,262.88890399999997,177.113729,0.2459360000000288,0.11109600000003184,-0.11372900000000641,0.2928500004320005,74.89325737341113
406.0,394.0,405.0,177.0,376.0,448.0,140.0,393.413135,406.257772,176.156098,0.5868649999999889,-1.2577719999999886,0.8439020000000141,1.6243680364415516,59.51470406546604
407.0,296.0,480.0,177.0,234.0,493.0,142.0,294.790878,478.16450399999997,178.064819,1.2091219999999794,1.8354960000000347,-1.064819,2.4423065081314177,72.37402849088892
408.0,378.0,93.0,178.0,479.0,80.0,138.0,377.699953,93.48780099999999,178.369624,0.3000470000000064,-0.4878009999999904,-0.3696239999999875,0.6816156682368629,109.40749517286281
409.0,389.0,240.0,178.0,436.0,254.0,140.0,389.56948099999994,239.90166,178.154312,-0.5694809999999393,0.09834000000000742,-0.15431200000000445,0.5981568007679372,62.0403094769844
410.0,393.0,381.0,178.0,384.0,419.0,142.0,392.10380399999997,381.661502,178.099173,0.8961960000000317,-0.6615019999999845,-0.0991730000000075,1.118296673673421,53.113086899558006
411.0,482.0,413.0,178.0,476.0,490.0,143.0,482.07632099999995,412.926566,177.534752,-0.07632099999995035,0.0734340000000202,0.46524800000000255,0.4771510755525945,84.7938677028003
412.0,427.0,437.0,178.0,403.0,496.0,143.0,426.909365,436.56805899999995,177.880324,0.09063500000002023,0.43194100000005164,0.11967599999999834,0.45728555157805706,72.6773692424265
413.0,378.0,345.0,179.0,382.0,371.0,142.0,378.062368,344.880768,178.690033,-0.06236799999999221,0.11923200000001088,0.3099670000000003,0.3379135663701619,45.39823785126467
414.0,345.0,94.0,180.0,441.0,68.0,139.0,345.05771699999997,94.051781,179.55147599999998,-0.057716999999968266,-0.051781000000005406,0.44852400000002035,0.45517722111943953,107.57787876696584
415.0,293.0,156.0,180.0,357.0,119.0,140.0,293.05866999999995,155.532245,180.23625099999998,-0.058669999999949596,0.467755000000011,-0.23625099999998156,0.5273058352853642,84.0535543567314
416.0,437.0,230.0,180.0,494.0,262.0,141.0,436.731289,231.04904,178.545048,0.26871099999999615,-1.0490399999999909,1.4549519999999916,1.8137187889595658,76.11832893594026
417.0,303.0,406.0,180.0,272.0,414.0,145.0,303.795965,406.92350999999996,181.259076,-0.7959650000000238,-0.9235099999999647,-1.2590759999999932,1.7526275631465333,47.43416490252569
418.0,307.0,535.0,180.0,225.0,564.0,146.0,306.304345,535.717231,180.53696000000002,0.6956549999999879,-0.7172309999999698,-0.5369600000000219,1.1343201611476204,93.38629449764028
419.0,508.0,107.0,181.0,625.0,145.0,144.0,508.12037999999995,106.09971699999998,181.665485,-0.12037999999995463,0.9002830000000159,-0.6654849999999897,1.1259978284677126,128.46011054019843
420.0,561.0,242.0,181.0,633.0,323.0,146.0,560.662306,242.362733,181.10986300000002,0.3376940000000559,-0.36273299999999153,-0.10986300000001847,0.5076242170090348,113.8859078200635
421.0,329.0,410.0,181.0,300.0,428.0,145.0,329.196711,410.52330199999994,180.929754,-0.19671099999999342,-0.5233019999999442,0.07024599999999737,0.5634489340134904,49.60846701924985
422.0,317.0,442.0,181.0,273.0,460.0,146.0,316.549153,442.419759,181.517496,0.4508470000000102,-0.4197589999999991,-0.5174959999999942,0.8045264106951383,59.033888572581766
423.0,304.0,462.0,181.0,250.0,478.0,146.0,303.358709,462.38717800000006,181.431916,0.6412910000000238,-0.38717800000006264,-0.4319160000000011,0.864703637913638,66.30987860040162
424.0,302.0,539.0,181.0,218.0,567.0,147.0,301.654288,539.878146,181.360241,0.3457119999999918,-0.8781460000000152,-0.36024100000000203,1.0101637304620585,94.847245611035
425.0,516.0,239.0,182.0,583.0,301.0,146.0,516.084284,238.265827,181.661725,-0.08428400000002512,0.7341729999999984,0.3382750000000101,0.8127384340672026,98.12746812182611
426.0,491.0,321.0,182.0,522.0,387.0,148.0,491.072832,320.974792,182.611729,-0.07283200000000534,0.025208000000020547,-0.6117289999999969,0.6165649300187273,80.45495634204272
427.0,282.0,346.0,182.0,269.0,336.0,145.0,281.172905,347.089821,182.217792,0.8270949999999857,-1.0898209999999722,-0.21779200000000287,1.3853625180182683,40.47221268969612
428.0,300.0,468.0,182.0,244.0,483.0,147.0,300.006048,467.842304,182.225329,-0.006048000000021148,0.15769599999998718,-0.2253289999999879,0.2750959195644144,67.72001181334805
429.0,542.0,489.0,182.0,516.0,601.0,150.0,542.1008780000001,488.853126,181.701715,-0.10087800000007974,0.14687400000002526,0.2982849999999928,0.3474511245988696,119.34822998268554
430.0,393.0,550.0,182.0,319.0,614.0,149.0,392.386175,550.162719,181.85340200000002,0.6138250000000198,-0.16271900000003825,0.14659799999998313,0.6517281466915725,103.25211862233142
431.0,366.0,459.0,183.0,324.0,498.0,149.0,366.09412899999995,458.719426,183.225008,-0.09412899999995261,0.28057400000000143,-0.22500800000000254,0.37176691377931015,66.64082832618455
432.0,248.0,161.0,184.0,303.0,108.0,144.0,248.27052500000002,161.062261,183.955884,-0.27052500000002055,-0.06226100000000656,0.04411600000000249,0.28108082325554007,86.22064717919949
433.0,517.0,168.0,184.0,611.0,219.0,147.0,516.5196819999999,167.273937,183.310631,0.4803180000001248,0.7260630000000106,0.6893689999999992,1.1104514754162536,113.16359838746733
434.0,276.0,363.0,184.0,257.0,352.0,148.0,276.037637,362.67238699999996,184.551604,-0.037637000000017906,0.3276130000000421,-0.5516039999999975,0.6426614928203076,42.16633728461603
435.0,599.0,374.0,184.0,625.0,491.0,153.0,598.2149579999999,375.0631589999999,184.863627,0.7850420000000895,-1.0631589999999278,-0.8636270000000081,1.578749377252134,123.79822292747178
436.0,471.0,382.0,184.0,475.0,450.0,150.0,470.957223,382.170713,183.75920200000002,0.04277700000000095,-0.1707129999999779,0.24079799999998386,0.29825572400539907,76.13146524269712
437.0,516.0,457.0,184.0,497.0,554.0,152.0,515.127291,457.288687,184.01667,0.8727089999999862,-0.2886869999999817,-0.016670000000004848,0.9193688441262111,103.89417693018218
438.0,296.0,542.0,184.0,211.0,567.0,150.0,296.242074,541.727219,183.858559,-0.24207400000000234,0.27278100000000904,0.14144099999998616,0.3911711286866685,94.89994731294638
439.0,477.0,72.0,185.0,602.0,93.0,147.0,476.74681000000004,71.69945399999999,184.88311099999999,0.25318999999996095,0.3005460000000113,0.11688900000001468,0.40999525916404256,132.32535660258014
440.0,515.0,158.0,185.0,612.0,208.0,147.0,514.435115,158.46587399999999,183.43768599999999,0.5648850000000039,-0.46587399999998524,1.5623140000000149,1.725386531098767,115.5551816233266
441.0,472.0,187.0,185.0,552.0,225.0,149.0,472.25033799999994,187.29509199999998,185.214863,-0.25033799999994244,-0.2950919999999826,-0.21486300000000824,0.4426223124481689,95.60334722173695
442.0,390.0,315.0,185.0,408.0,341.0,149.0,390.526318,314.8763,184.639171,-0.5263180000000034,0.12369999999998527,0.3608289999999954,0.6500076110054379,47.916594202843754
443.0,298.0,469.0,185.0,242.0,484.0,150.0,298.739455,469.16855,184.68294600000002,-0.7394550000000208,-0.168549999999982,0.3170539999999846,0.8220255704301509,67.72001181334805
444.0,549.0,473.0,185.0,530.0,586.0,154.0,549.114521,473.5957699999999,185.080264,-0.1145209999999679,-0.5957699999999022,-0.08026399999999967,0.6119634482850067,118.70551798463288
445.0,144.0,501.0,185.0,51.0,461.0,148.0,144.312732,500.93297900000005,184.41542099999998,-0.3127320000000111,0.06702099999995426,0.5845790000000193,0.6663525534625221,107.78682665335315
446.0,515.0,176.0,186.0,606.0,226.0,149.0,514.473565,174.033,184.893588,0.5264349999999922,1.967000000000013,1.106412000000006,2.3174059469521207,110.22703842524301
447.0,554.0,228.0,186.0,631.0,304.0,152.0,554.2201369999999,228.17619699999997,186.267136,-0.22013699999990877,-0.1761969999999735,-0.2671359999999936,0.38841643126153547,113.4063490286148
448.0,543.0,457.0,186.0,530.0,565.0,155.0,543.660498,457.286438,186.153167,-0.6604979999999614,-0.28643799999997555,-0.15316699999999628,0.7360465105799591,113.11056537742175
449.0,352.0,174.0,187.0,418.0,163.0,150.0,351.999528,173.962732,187.549961,0.00047200000000202635,0.037268000000011625,-0.5499609999999961,0.5512224851446071,76.4591394144611
450.0,405.0,229.0,187.0,458.0,247.0,150.0,404.935972,228.839564,186.306957,0.06402800000000752,0.16043600000000424,0.6930429999999888,0.7142463823702482,67.09694478886502
451.0,538.0,241.0,187.0,606.0,313.0,152.0,537.134146,241.66970399999997,186.301647,0.865854000000013,-0.6697039999999674,0.6983529999999973,1.2984234708064142,105.0380883299006
452.0,435.0,392.0,187.0,428.0,446.0,153.0,433.42064500000004,391.310794,186.53484400000002,1.579354999999964,0.6892060000000129,0.46515599999997903,1.7848633647416503,64.19501538281614
453.0,541.0,456.0,187.0,528.0,563.0,156.0,541.595156,456.261938,187.008173,-0.5951559999999745,-0.26193799999998646,-0.00817299999999932,0.6502991450932121,112.15614116043757
454.0,300.0,534.0,187.0,217.0,558.0,155.0,298.609019,533.222057,188.029902,1.3909810000000107,0.7779430000000502,-1.0299019999999928,1.8975567404465388,92.13576938409967
455.0,468.0,156.0,188.0,559.0,187.0,152.0,467.83170199999995,155.974651,188.09171500000002,0.1682980000000498,0.025349000000005617,-0.09171500000002197,0.1933350196679874,102.65476121447071
456.0,519.0,158.0,188.0,617.0,209.0,153.0,518.635624,158.00140299999998,188.313457,0.36437599999999293,-0.0014029999999820575,-0.31345699999999965,0.48065281506924995,115.88787684654508
457.0,490.0,225.0,188.0,558.0,275.0,153.0,489.957044,224.628986,187.854605,0.04295600000000377,0.3710140000000024,0.1453950000000077,0.40079460095790254,91.37286249209882
458.0,256.0,195.0,189.0,299.0,150.0,151.0,256.152527,194.808399,189.20769,-0.1525270000000205,0.19160099999999147,-0.2076900000000137,0.3211083384622839,72.92461861401813
459.0,563.0,239.0,189.0,637.0,320.0,155.0,563.0725610000001,239.07903299999998,188.49788,-0.07256100000006427,-0.07903299999998126,0.5021199999999908,0.5134547771810065,114.8607853011636
460.0,456.0,113.0,190.0,562.0,133.0,154.0,456.13312599999995,113.250856,190.365195,-0.13312599999994745,-0.25085599999999886,-0.36519499999999994,0.46262150040501293,113.718951806636
461.0,467.0,154.0,190.0,561.0,184.0,153.0,468.61458500000003,153.133113,188.935888,-1.6145850000000337,0.8668869999999913,1.0641119999999944,2.119130043564595,105.38026380684383
462.0,319.0,479.0,190.0,262.0,504.0,157.0,319.54839100000004,479.578892,190.06288999999998,-0.5483910000000378,-0.5788919999999962,-0.06288999999998168,0.7998773585025613,70.44856279584417
463.0,500.0,510.0,190.0,458.0,608.0,160.0,498.941963,509.469202,190.14344599999998,1.058037000000013,0.5307980000000043,-0.1434459999999831,1.192378113305099,110.76100396800311
464.0,451.0,38.0,191.0,586.0,44.0,153.0,451.620795,37.83976800000001,190.48267800000002,-0.6207949999999869,0.1602319999999935,0.5173219999999787,0.8238220545317779,140.3744991086344
465.0,347.0,123.0,191.0,431.0,102.0,154.0,346.26913099999996,123.218853,191.48950200000002,0.7308690000000411,-0.21885299999999575,-0.48950200000001587,0.9064647476731093,94.15943925066674
466.0,247.0,168.0,191.0,298.0,116.0,152.0,246.539447,168.656778,190.443242,0.46055300000000443,-0.6567780000000027,0.5567580000000021,0.976445532355497,82.61961026293939
467.0,407.0,313.0,191.0,428.0,345.0,157.0,407.181986,312.8628,191.03166299999998,-0.18198599999999487,0.1372000000000071,-0.03166299999998046,0.23009843494686974,51.19570294468082
468.0,607.0,371.0,191.0,636.0,489.0,160.0,606.3067259999999,370.71720999999997,190.560667,0.6932740000000877,0.28279000000003407,0.43933300000000486,0.8681085808037754,125.40334923757021
469.0,498.0,461.0,191.0,475.0,552.0,160.0,497.5841049999999,461.531969,190.72208,0.4158950000000914,-0.5319690000000037,0.2779199999999946,0.7302048989058324,98.84836872705588
470.0,434.0,33.0,192.0,568.0,31.0,154.0,434.260288,32.426950000000005,191.562081,-0.26028800000000274,0.573049999999995,0.43791899999999373,0.7667523694159609,139.2982411949268
471.0,537.0,179.0,192.0,630.0,240.0,158.0,536.848267,178.76026599999997,191.961878,0.15173300000003564,0.23973400000002698,0.03812199999998711,0.2862666255940828,116.30133275246678
472.0,261.0,199.0,192.0,302.0,157.0,155.0,260.341458,199.507034,192.383663,0.6585420000000113,-0.5070340000000044,-0.38366300000001274,0.9154006447938678,69.38299503480663
473.0,495.0,217.0,192.0,564.0,270.0,158.0,493.36459299999996,219.232216,191.977664,1.6354070000000434,-2.232215999999994,0.022335999999995693,2.7672808356220577,93.41306118525397
474.0,476.0,263.0,192.0,525.0,315.0,159.0,474.77386999999993,264.350767,192.477195,1.2261300000000688,-1.350767000000019,-0.4771949999999947,1.885651434707437,78.70196947980399
475.0,314.0,443.0,192.0,270.0,459.0,159.0,314.076644,442.54905399999996,192.19910099999998,-0.0766439999999875,0.4509460000000445,-0.19910099999998465,0.49886652107856677,57.28001396647874
476.0,294.0,531.0,192.0,212.0,553.0,160.0,293.46853400000003,530.685122,192.215947,0.5314659999999662,0.31487800000002153,-0.2159469999999999,0.6543984801701312,90.73036977771004
477.0,479.0,267.0,193.0,529.0,320.0,160.0,479.19214900000003,267.206043,193.213348,-0.192149000000029,-0.2060430000000224,-0.21334799999999632,0.3534010825592061,79.98749902328488
478.0,275.0,126.0,194.0,348.0,78.0,157.0,275.554149,126.176434,194.71269999999998,-0.5541489999999953,-0.17643400000000042,-0.7126999999999839,0.9198648599424657,94.87887014504336
479.0,516.0,149.0,194.0,619.0,201.0,161.0,518.181788,151.342457,194.953869,-2.181787999999983,-2.342456999999996,-0.9538689999999974,3.3402349831941316,120.00833304400157
480.0,291.0,534.0,194.0,208.0,556.0,161.0,291.149759,534.0660819999999,193.02205,-0.1497590000000173,-0.06608199999993758,0.9779499999999928,0.9915547343969383,91.98912979260103
481.0,274.0,552.0,194.0,182.0,571.0,161.0,274.84758,552.482162,192.98986100000002,-0.8475799999999936,-0.48216200000001663,1.010138999999981,1.4040131231455661,99.56907150315303
482.0,439.0,73.0,195.0,558.0,79.0,159.0,439.022336,72.37613400000002,195.13699300000002,-0.022335999999995693,0.6238659999999783,-0.13699300000001813,0.6391203054988769,124.47088012864695
483.0,339.0,114.0,195.0,427.0,88.0,158.0,339.55523299999993,113.418325,194.959048,-0.5552329999999301,0.5816750000000042,0.04095200000000432,0.8051748606470073,98.93937537704592
484.0,386.0,281.0,195.0,416.0,300.0,161.0,386.186655,281.052114,194.921218,-0.18665499999997337,-0.05211400000001731,0.0787819999999897,0.20919503231432204,49.16299421312742
485.0,440.0,42.0,196.0,571.0,44.0,160.0,440.028421,41.807625000000016,196.304452,-0.028420999999980268,0.1923749999999842,-0.3044519999999977,0.36125740707975995,135.8712625980932
486.0,351.0,55.0,196.0,463.0,25.0,159.0,351.15025199999997,55.111417,196.332797,-0.1502519999999663,-0.11141700000000299,-0.33279699999999934,0.3817633489506164,121.70866854912184
487.0,256.0,200.0,196.0,297.0,157.0,159.0,256.49258,200.845863,195.689941,-0.49257999999997537,-0.8458630000000085,0.3100589999999954,1.0267696210202106,69.99285677838846
488.0,296.0,249.0,196.0,325.0,228.0,160.0,296.731081,248.74996700000003,195.491984,-0.7310810000000174,0.2500329999999735,0.5080159999999978,0.9247032961474778,50.774009099144415
489.0,515.0,350.0,196.0,538.0,430.0,165.0,514.848345,350.395588,195.931064,0.1516550000000052,-0.3955879999999752,0.06893600000000788,0.4292333594502914,88.82567196480981
490.0,331.0,432.0,196.0,294.0,453.0,164.0,331.211734,431.6954559999999,196.23116299999998,-0.21173399999997855,0.3045440000000781,-0.2311629999999809,0.43705224774737134,53.23532661682466
491.0,356.0,447.0,196.0,317.0,480.0,164.0,356.108973,446.697447,195.773548,-0.10897299999999177,0.30255299999998897,0.22645199999999477,0.39331150611441457,60.28266749240614
492.0,297.0,578.0,196.0,197.0,607.0,166.0,295.915166,576.606545,196.566475,1.0848340000000007,1.3934550000000172,-0.566474999999997,1.854582316912907,108.35589508651572
493.0,515.0,348.0,197.0,539.0,428.0,166.0,515.114285,348.591133,196.768892,-0.11428499999999531,-0.5911330000000135,0.2311080000000061,0.6449109958575816,89.08984229416954
494.0,324.0,434.0,197.0,285.0,453.0,165.0,324.227036,434.04504699999995,197.102109,-0.22703599999999824,-0.045046999999954096,-0.10210900000001288,0.2529838441205242,53.907327887774215
495.0,272.0,552.0,197.0,179.0,569.0,165.0,272.032588,551.746825,196.308829,-0.032587999999975636,0.25317500000005566,0.6911709999999971,0.736801811622381,99.80981915623332
496.0,451.0,127.0,198.0,551.0,147.0,164.0,451.31868599999996,127.08732299999998,198.453307,-0.31868599999995695,-0.08732299999998361,-0.45330699999999524,0.5609574931970919,107.49883720301351
497.0,343.0,216.0,198.0,391.0,208.0,163.0,342.843709,216.078175,197.813724,0.15629100000001017,-0.07817499999998745,0.18627599999999234,0.255415260863556,59.941638282582836
498.0,333.0,226.0,198.0,376.0,216.0,163.0,333.268507,226.19473399999998,197.803046,-0.2685069999999996,-0.19473399999998264,0.19695400000000518,0.38575668227652915,56.3382640840131
499.0,452.0,266.0,198.0,498.0,307.0,165.0,451.76601199999993,265.211934,197.644837,0.2339880000000676,0.7880660000000148,0.35516300000000456,0.8955105588819476,69.89992846920518
500.0,479.0,284.0,198.0,522.0,340.0,166.0,479.010399,284.626254,197.928482,-0.010399000000006708,-0.6262540000000172,0.07151799999999753,0.630410212513266,77.51773990513398
501.0,486.0,313.0,198.0,519.0,376.0,166.0,486.044553,313.381737,197.511104,-0.044553000000007614,-0.3817369999999869,0.4888960000000111,0.6218741076729289,77.98717843338096
502.0,443.0,328.0,198.0,464.0,378.0,166.0,443.824685,329.23510799999997,197.801892,-0.8246849999999881,-1.2351079999999683,0.19810799999999062,1.4982803144114585,62.96824596572466
503.0,328.0,435.0,198.0,290.0,455.0,165.0,328.632808,434.29931799999997,197.049337,-0.6328080000000114,0.7006820000000289,0.9506629999999916,1.3398363219278089,54.15717865620402
504.0,286.0,532.0,198.0,203.0,551.0,167.0,286.018422,531.538873,198.027507,-0.018421999999986838,0.46112700000003315,-0.02750700000001416,0.46231387093838194,90.61456836513652
505.0,455.0,116.0,199.0,560.0,135.0,164.0,455.19072,115.42228200000001,198.546625,-0.1907199999999989,0.5777179999999902,0.4533749999999941,0.7587365132567319,112.29870880824944
506.0,337.0,227.0,199.0,380.0,218.0,164.0,336.90633299999996,226.71871599999997,198.575412,0.09366700000003902,0.28128400000002785,0.42458799999999997,0.5178505240791236,56.16938667993447
507.0,269.0,552.0,199.0,175.0,568.0,168.0,268.691505,552.0388449999999,198.80204,0.3084949999999935,-0.03884499999992386,0.1979599999999948,0.3686004078266708,100.26464980241042
508.0,286.0,79.0,200.0,379.0,27.0,163.0,286.43125,78.543257,200.067287,-0.43124999999997726,0.456743000000003,-0.06728699999999321,0.6317580794243808,112.79184367674819
509.0,464.0,85.0,200.0,582.0,104.0,163.0,464.21295899999996,85.602848,197.97544200000002,-0.21295899999995527,-0.6028479999999945,2.0245579999999848,2.1231138316512643,125.11594622589081
510.0,431.0,54.0,201.0,556.0,54.0,166.0,431.028409,53.536736000000005,201.186104,-0.028409000000010565,0.46326399999999524,-0.18610400000000027,0.500055300734825,129.80754985747168
511.0,461.0,222.0,201.0,525.0,261.0,168.0,460.8080479999999,222.475009,200.503737,0.19195200000007162,-0.475009,0.496262999999999,0.7132713968427632,81.89017035029296
512.0,455.0,269.0,201.0,499.0,312.0,168.0,453.871305,268.866617,200.036992,1.1286949999999933,0.1333829999999807,0.9630080000000021,1.4896737346741347,69.81403870282824
513.0,501.0,359.0,201.0,518.0,435.0,172.0,500.67125599999997,359.54886,201.721113,0.3287440000000288,-0.5488599999999906,-0.7211130000000026,0.9640144583485314,83.10234653726692
514.0,499.0,363.0,201.0,514.0,439.0,171.0,498.594336,363.687466,200.876321,0.4056640000000016,-0.6874659999999722,0.12367900000000986,0.8077557038442783,83.07225770376053
515.0,548.0,448.0,201.0,539.0,557.0,172.0,548.728652,448.895131,200.128205,-0.728652000000011,-0.8951309999999921,0.8717949999999917,1.4464507479655113,113.15034246523517
516.0,268.0,562.0,201.0,171.0,579.0,172.0,268.48138200000005,561.665767,201.969811,-0.48138200000005327,0.3342330000000402,-0.9698109999999929,1.1331256346646053,102.65963179361204
517.0,207.0,123.0,202.0,270.0,48.0,164.0,207.20032299999997,123.210406,201.257342,-0.20032299999996894,-0.2104060000000061,0.7426580000000058,0.7974590234795759,105.06188652408636
518.0,344.0,222.0,202.0,390.0,215.0,168.0,343.9334119999999,221.82647599999999,201.832013,0.06658800000008114,0.17352400000001467,0.16798700000001077,0.25052778785799296,57.62811813689564
519.0,555.0,248.0,202.0,623.0,327.0,171.0,554.16067,248.314125,201.604139,0.8393300000000181,-0.31412499999999,0.39586099999999647,0.9797220503010133,108.74741376235114
520.0,350.0,306.0,202.0,365.0,313.0,168.0,350.00085999999993,304.48170500000003,200.792205,-0.0008599999999319152,1.5182949999999664,1.2077950000000044,1.9401003089144409,37.815340802378074
521.0,312.0,451.0,202.0,264.0,468.0,171.0,311.865215,451.219558,201.957762,0.13478500000002214,-0.21955800000000636,0.042237999999997555,0.26106849720525177,59.61543424315552
522.0,504.0,520.0,202.0,459.0,622.0,174.0,503.489243,520.224753,201.440494,0.5107570000000123,-0.22475299999996423,0.559505999999999,0.7902111034995619,114.94781424629178
523.0,544.0,200.0,203.0,631.0,266.0,171.0,544.508211,198.83126699999997,202.294662,-0.5082109999999602,1.1687330000000316,0.7053380000000118,1.4566114581637926,113.79367293483412
524.0,276.0,265.0,203.0,294.0,239.0,169.0,275.58516000000003,265.445114,202.911417,0.4148399999999697,-0.4451139999999896,0.08858299999999986,0.614870430647763,46.4327470649756
525.0,515.0,344.0,203.0,540.0,424.0,173.0,514.9148109999999,345.290838,202.547334,0.08518900000012763,-1.290838000000008,0.4526659999999936,1.3705569727381042,89.02246907382428
526.0,502.0,356.0,203.0,520.0,431.0,174.0,501.203136,355.93994999999995,203.396769,0.7968640000000278,0.060050000000046566,-0.39676900000000614,0.8922017016107147,82.40145629781065
527.0,411.0,80.0,204.0,523.0,77.0,169.0,411.395224,80.01867299999999,203.555665,-0.3952239999999847,-0.018672999999992612,0.44433499999999526,0.5949657833270611,117.37972567696688
528.0,414.0,81.0,204.0,526.0,79.0,170.0,414.255956,80.80264,204.333757,-0.25595600000002605,0.1973600000000033,-0.3337569999999914,0.4646054009425729,117.06408501329517
529.0,250.0,224.0,204.0,281.0,182.0,169.0,250.654331,224.53033299999998,203.673902,-0.6543310000000133,-0.5303329999999846,0.3260980000000018,0.9031843964850159,62.849025449882674
530.0,515.0,348.0,204.0,539.0,427.0,174.0,514.927318,347.891843,203.336259,0.07268199999998615,0.10815700000000561,0.6637409999999875,0.6764116533990101,87.84645695758026
531.0,293.0,371.0,204.0,274.0,367.0,172.0,293.37005200000004,370.142536,203.939085,-0.3700520000000438,0.8574639999999931,0.06091499999999428,0.9358918907785343,37.429934544425805
532.0,325.0,432.0,204.0,287.0,451.0,174.0,325.343254,432.05841499999997,204.489507,-0.3432540000000017,-0.05841499999996813,-0.48950700000000325,0.60071018285859,52.009614495783374
533.0,526.0,164.0,205.0,622.0,217.0,174.0,524.7944100000001,163.12250799999998,205.395911,1.2055899999999156,0.8774920000000179,-0.39591100000001234,1.5427848126309895,113.95613191048562
534.0,393.0,313.0,205.0,412.0,339.0,175.0,393.35224,312.53504,205.945121,-0.3522399999999948,0.46496000000001914,-0.9451210000000003,1.1106369901281943,44.01136216933077
535.0,515.0,340.0,205.0,542.0,420.0,174.0,515.437543,341.67220199999997,203.403578,-0.4375430000000051,-1.6722019999999702,1.5964219999999898,2.3529272423381205,89.94442728707543
536.0,275.0,528.0,205.0,192.0,543.0,175.0,275.46236400000004,528.259732,204.742357,-0.4623640000000364,-0.2597319999999854,0.2576430000000016,0.5895940092716572,89.52094726934027
537.0,266.0,569.0,205.0,165.0,587.0,176.0,265.936618,569.481365,205.185247,0.06338199999999006,-0.4813649999999825,-0.18524700000000394,0.5196594963608222,106.61144403862092
538.0,480.0,27.0,206.0,623.0,42.0,173.0,480.03593099999995,26.860646999999986,206.683198,-0.0359309999999482,0.13935300000001405,-0.6831980000000044,0.6981903770276459,147.52287958143984
539.0,543.0,205.0,206.0,626.0,272.0,175.0,542.220239,204.83268399999997,205.528514,0.7797610000000077,0.167316000000028,0.47148599999999874,0.9264561021295181,111.0810514894417
540.0,560.0,255.0,206.0,626.0,338.0,175.0,559.390205,256.121152,204.731828,0.6097949999999628,-1.121151999999995,1.2681719999999927,1.7991920327505135,110.48076755707302
541.0,394.0,311.0,206.0,413.0,338.0,176.0,393.878331,311.507683,206.770878,0.12166899999999714,-0.5076829999999859,-0.7708780000000104,0.9310200131758721,44.609416046390926
542.0,524.0,331.0,206.0,555.0,411.0,177.0,523.2258499999999,331.32769299999995,205.896015,0.7741500000000769,-0.3276929999999538,0.10398499999999444,0.8470559633070814,90.56489386070079
543.0,516.0,354.0,206.0,538.0,434.0,178.0,516.007873,353.63041799999996,206.535136,-0.007873000000017782,0.3695820000000367,-0.5351359999999943,0.6504024733570909,87.56711711595854
544.0,349.0,374.0,206.0,337.0,393.0,176.0,349.127492,374.006933,206.542149,-0.12749200000001792,-0.006933000000003631,-0.5421489999999949,0.5569809823988598,37.48332962798263
545.0,271.0,522.0,206.0,191.0,533.0,176.0,272.092908,520.758463,205.688205,-1.0929080000000226,1.241536999999994,0.3117949999999894,1.6831750178926812,86.14522621712709
546.0,276.0,529.0,206.0,193.0,544.0,177.0,276.517905,528.796297,206.363384,-0.5179049999999847,0.20370300000001862,-0.3633839999999964,0.6646566276582135,89.19080670113932
547.0,314.0,56.0,207.0,420.0,12.0,172.0,314.472171,56.314936,207.388294,-0.472171000000003,-0.314936000000003,-0.3882940000000019,0.6876789714488921,119.98749934889051
548.0,463.0,300.0,207.0,499.0,352.0,177.0,464.359677,300.03807099999995,206.92886000000001,-1.3596769999999765,-0.03807099999994534,0.07113999999998555,1.3620689574944176,70.0
549.0,271.0,559.0,207.0,175.0,577.0,178.0,271.124344,559.1299869999999,206.887521,-0.12434400000000778,-0.1299869999999146,0.11247900000000755,0.2121546038764689,101.88719252192594
550.0,332.0,118.0,208.0,417.0,90.0,174.0,332.45096299999994,117.727987,208.102758,-0.4509629999999447,0.27201300000000117,-0.10275799999999435,0.5365798226750141,95.73400649716902
551.0,384.0,217.0,208.0,438.0,225.0,177.0,383.917766,217.20570999999998,208.811163,0.08223400000002812,-0.20570999999998207,-0.8111629999999934,0.8408712430717242,62.77738446287803
552.0,315.0,442.0,208.0,271.0,458.0,177.0,314.758251,441.6870389999999,206.954862,0.24174900000002708,0.31296100000008664,1.0451380000000086,1.1174527307971847,56.15158056546583
553.0,272.0,527.0,208.0,188.0,541.0,180.0,271.879426,527.7941059999999,208.886463,0.12057399999997642,-0.7941059999999425,-0.886462999999992,1.1962270182038561,89.64373932405988
554.0,409.0,79.0,209.0,520.0,75.0,176.0,408.60767599999997,79.312514,209.332869,0.39232400000003054,-0.3125139999999931,-0.3328689999999881,0.6019841296355011,115.87061750072795
555.0,444.0,218.0,209.0,507.0,249.0,179.0,443.799172,217.93654899999999,209.765189,0.20082800000000134,0.0634510000000148,-0.7651889999999923,0.7936448328477863,76.3544366752843
556.0,461.0,221.0,209.0,526.0,260.0,179.0,461.425619,221.54491199999998,209.523614,-0.4256189999999833,-0.5449119999999823,-0.5236140000000091,0.867324761494203,81.52300288875527
557.0,438.0,263.0,209.0,483.0,299.0,178.0,438.147318,263.02136299999995,208.479651,-0.1473179999999843,-0.02136299999995117,0.5203490000000102,0.5412227385226935,65.43699259593154
558.0,331.0,273.0,209.0,355.0,269.0,177.0,330.86560799999995,272.97677699999997,208.755297,0.13439200000004803,0.02322300000002997,0.24470299999998701,0.28014295565301645,40.19950248448356
559.0,520.0,332.0,209.0,551.0,411.0,181.0,520.1540660000001,332.40653699999996,209.19656700000002,-0.1540660000000571,-0.4065369999999575,-0.19656700000001592,0.47712393590553526,89.36442245099556
560.0,450.0,113.0,210.0,555.0,129.0,177.0,449.86326799999995,112.186057,209.300037,0.1367320000000518,0.8139429999999948,0.6999629999999968,1.08219547607722,111.22050170719426
561.0,300.0,486.0,210.0,237.0,504.0,181.0,300.340593,486.31194099999993,209.871928,-0.3405930000000126,-0.3119409999999334,0.12807200000000307,0.4792840664094393,71.65193647069142
562.0,267.0,493.0,210.0,196.0,500.0,181.0,267.43913499999996,493.862934,210.154978,-0.43913499999996475,-0.8629339999999956,-0.15497799999999984,0.9805675994366536,77.01298591796062
563.0,271.0,501.0,210.0,197.0,509.0,181.0,270.55758799999995,500.59683099999995,210.040613,0.4424120000000471,0.4031690000000481,-0.04061300000000756,0.599935859966781,79.88116173416608
564.0,256.0,564.0,210.0,156.0,577.0,181.0,256.387002,564.09888,209.454551,-0.3870019999999954,-0.0988800000000083,0.5454489999999907,0.6760639126628398,104.9285471165974
565.0,413.0,77.0,211.0,526.0,74.0,178.0,413.028385,76.994958,210.949408,-0.028385000000014315,0.0050420000000030996,0.05059199999999464,0.05822954965479556,117.75822688882505
566.0,387.0,263.0,211.0,425.0,280.0,180.0,388.151293,263.355083,210.679932,-1.1512930000000097,-0.35508299999997917,0.320067999999992,1.2465965800378254,51.90375708944392
567.0,473.0,290.0,211.0,513.0,343.0,181.0,472.9342259999999,289.443303,210.234983,0.06577400000008993,0.5566969999999856,0.7650170000000003,0.9484138227451117,72.86288492778748
568.0,479.0,446.0,211.0,459.0,526.0,184.0,478.60622699999993,445.720605,210.79343,0.393773000000067,0.27939500000002226,0.20656999999999925,0.5251570302814815,86.76981041814025
569.0,298.0,488.0,211.0,233.0,506.0,182.0,297.761667,488.915803,210.690102,0.23833300000001145,-0.9158029999999826,0.309898000000004,0.9957582658968873,73.41661937191061
570.0,181.0,161.0,212.0,225.0,82.0,177.0,181.19515099999998,161.457501,211.756954,-0.19515099999998142,-0.4575010000000077,0.24304599999999255,0.553590494786531,96.9639108122192
571.0,300.0,243.0,212.0,331.0,222.0,179.0,300.006551,242.712263,211.098882,-0.00655100000000175,0.2877369999999928,0.9011179999999968,0.9459646646117338,49.90991885387112
572.0,466.0,310.0,212.0,496.0,363.0,184.0,464.954092,309.43418599999995,212.549141,1.0459079999999972,0.5658140000000458,-0.5491409999999917,1.3098186381866141,67.02984409947557
573.0,471.0,103.0,213.0,583.0,126.0,182.0,470.887187,102.623813,213.272982,0.11281300000001693,0.3761870000000016,-0.27298200000001316,0.47829133826780956,118.46518475906751
574.0,328.0,124.0,213.0,410.0,95.0,180.0,328.366948,123.49172800000001,212.998957,-0.3669479999999794,0.508271999999991,0.0010430000000098971,0.6268910180701075,93.02687783646186
575.0,274.0,183.0,213.0,325.0,142.0,180.0,274.541055,182.114059,212.91833,-0.5410549999999716,0.8859410000000025,0.08167000000000257,1.041298207722444,73.287106642301
576.0,384.0,222.0,213.0,437.0,230.0,183.0,384.496315,221.409541,213.67300600000002,-0.4963149999999814,0.5904590000000098,-0.6730060000000151,1.023673525076239,61.424750711744856
577.0,427.0,344.0,213.0,440.0,389.0,185.0,428.209902,344.20761999999996,213.375363,-1.2099019999999996,-0.20761999999996306,-0.375362999999993,1.2836924459437231,54.57105459856901
578.0,266.0,493.0,213.0,194.0,498.0,186.0,265.410385,492.877338,214.287632,0.5896149999999807,0.12266199999999117,-1.287632000000002,1.4215090509360047,77.05841939723393
579.0,491.0,159.0,214.0,584.0,198.0,184.0,490.41344899999996,158.334336,214.036968,0.5865510000000427,0.6656639999999925,-0.036968000000001666,0.8879849489270863,105.21406750050109
580.0,374.0,246.0,214.0,416.0,254.0,183.0,374.42096499999997,245.519578,213.503548,-0.42096499999996695,0.48042200000000435,0.496452000000005,0.8090002581043972,52.81098370604357
581.0,392.0,315.0,214.0,409.0,342.0,187.0,391.911187,315.763001,215.75903,0.08881300000001602,-0.7630009999999743,-1.7590299999999957,1.9194386720783627,41.79712908801273
582.0,516.0,343.0,215.0,543.0,421.0,188.0,516.6028600000001,342.325479,214.857549,-0.6028600000000779,0.674521000000027,0.1424509999999941,0.9158116872163887,86.84468895678077
583.0,427.0,404.0,215.0,416.0,459.0,188.0,427.79766,404.873298,215.126053,-0.7976600000000076,-0.873297999999977,-0.12605300000001307,1.189453753288868,62.24949798994366
584.0,533.0,423.0,215.0,530.0,521.0,190.0,532.5340339999999,423.434536,215.363711,0.465966000000094,-0.43453599999998005,-0.363710999999995,0.7336426514135248,101.1830025251277
585.0,437.0,167.0,216.0,519.0,187.0,186.0,437.058974,166.704735,216.180763,-0.05897399999997788,0.29526500000000055,-0.1807630000000131,0.3511902832795954,89.57678270623477
586.0,358.0,273.0,216.0,387.0,279.0,187.0,358.42560599999996,272.525497,216.645475,-0.4256059999999593,0.474503000000027,-0.6454750000000047,0.9071557417940962,41.44876355212541
587.0,449.0,5.0,217.0,596.0,5.0,184.0,449.5294339999999,5.234601999999995,216.297959,-0.5294339999999238,-0.23460199999999531,0.7020410000000084,0.9100549568245474,150.65855435387664
588.0,470.0,67.0,217.0,596.0,85.0,186.0,470.35981,67.42189400000001,216.971103,-0.35980999999998176,-0.4218940000000089,0.028897000000000617,0.5552412268059662,131.0
589.0,470.0,90.0,217.0,588.0,113.0,190.0,471.46387799999997,91.29942199999999,219.956571,-1.4638779999999656,-1.2994219999999927,-2.9565709999999967,3.545807159309268,123.2152587953294
590.0,474.0,101.0,218.0,587.0,126.0,187.0,474.0413029999999,101.632503,217.347138,-0.041302999999913936,-0.6325029999999998,0.6528619999999989,0.9099421816038595,119.81235328629515
591.0,313.0,104.0,218.0,400.0,66.0,186.0,313.10651699999994,103.614092,218.322748,-0.1065169999999398,0.3859080000000006,-0.32274799999999004,0.514234506093262,100.18482919085105
592.0,494.0,160.0,218.0,588.0,202.0,188.0,494.599021,160.441692,217.243428,-0.5990209999999934,-0.4416919999999891,0.7565720000000056,1.06128185346259,107.23805294763608
593.0,287.0,465.0,218.0,230.0,475.0,190.0,287.43888799999996,465.683528,217.636777,-0.4388879999999631,-0.6835280000000239,0.36322300000000496,0.889811300814394,64.28841264178172
594.0,255.0,529.0,218.0,168.0,535.0,191.0,254.87726800000002,528.4382039999999,218.086941,0.12273199999998496,0.5617960000000721,-0.08694099999999594,0.5815811438837032,91.29074432821763
595.0,256.0,564.0,218.0,155.0,578.0,193.0,255.97983499999998,565.252675,219.28115,0.020165000000019973,-1.2526749999999538,-1.2811499999999967,1.7919114390365045,104.98571331376475
596.0,394.0,37.0,219.0,520.0,20.0,186.0,394.39085099999994,36.66938400000001,218.19089400000001,-0.390850999999941,0.330615999999992,0.8091059999999857,0.9574570292670712,131.35448222272433
597.0,459.0,96.0,219.0,572.0,113.0,190.0,459.03037399999994,95.459182,220.048187,-0.03037399999993795,0.5408180000000016,-1.0481870000000129,1.1798740085149029,117.89402020458883
598.0,276.0,127.0,219.0,348.0,78.0,187.0,275.82858899999997,126.468214,219.29506,0.17141100000003462,0.5317859999999968,-0.29506000000000654,0.6318532142175208,92.78469701410896
599.0,358.0,172.0,219.0,425.0,162.0,188.0,357.526659,171.73532699999998,218.659606,0.4733410000000049,0.26467300000001615,0.3403940000000034,0.6402902267300474,74.4983221287567
600.0,264.0,189.0,219.0,309.0,145.0,186.0,262.942892,188.663469,217.890205,1.057108000000028,0.3365310000000079,1.1097949999999912,1.5691957747999592,71.06335201775947
601.0,438.0,191.0,219.0,510.0,216.0,189.0,437.63695099999995,191.60962,218.340474,0.36304900000004636,-0.6096200000000067,0.6595259999999996,0.9687185687685775,81.9084855189009
602.0,391.0,317.0,219.0,407.0,343.0,191.0,390.65374199999997,317.098973,219.036059,0.34625800000003437,-0.09897300000000087,-0.03605899999999451,0.3619261095500345,41.42463035441596
603.0,460.0,362.0,219.0,470.0,422.0,193.0,460.180889,362.13011199999994,219.360536,-0.1808889999999792,-0.13011199999994005,-0.3605359999999962,0.42383507424583694,66.15134163416491
604.0,267.0,497.0,219.0,195.0,504.0,191.0,267.794125,497.328571,218.30654,-0.7941250000000082,-0.3285710000000108,0.6934599999999875,1.1043007693857696,77.56932383358772
605.0,266.0,544.0,219.0,176.0,558.0,192.0,267.086641,544.241304,218.582912,-1.086640999999986,-0.24130400000001373,0.4170880000000068,1.1886877988105127,95.0
606.0,271.0,555.0,219.0,177.0,572.0,192.0,271.505849,554.860691,218.408192,-0.505849000000012,0.13930900000002566,0.5918079999999861,0.7909025964971937,99.26731586982696
607.0,527.0,164.0,220.0,624.0,219.0,192.0,527.033564,164.33180199999998,220.109733,-0.03356399999995574,-0.33180199999998194,-0.10973300000000563,0.351084662993111,114.9695611890382
608.0,505.0,490.0,220.0,472.0,588.0,195.0,504.938439,490.62786199999994,218.984122,0.061560999999983324,-0.6278619999999364,1.0158779999999865,1.1958296528556611,106.38608931622592
609.0,416.0,74.0,221.0,531.0,72.0,190.0,416.50332899999995,74.25754899999998,220.777864,-0.5033289999999511,-0.25754899999998315,0.2221360000000061,0.607466848591711,119.1217864204529
610.0,313.0,99.0,221.0,403.0,60.0,191.0,313.922633,98.220179,222.475056,-0.9226330000000189,0.7798209999999983,-1.475055999999995,1.9066102506453746,102.57192598367256
611.0,519.0,156.0,221.0,618.0,206.0,193.0,518.998185,155.799164,221.120424,0.001814999999965039,0.20083600000000956,-0.12042400000001408,0.23418012916771377,114.38968484964018
612.0,520.0,157.0,221.0,619.0,208.0,193.0,520.295581,157.09337499999998,221.090556,-0.2955809999999701,-0.09337499999998045,-0.09055599999999231,0.3229356086311593,114.8303095876694
613.0,522.0,160.0,221.0,620.0,213.0,193.0,522.37343,160.71887999999998,221.024475,-0.37342999999998483,-0.7188799999999844,-0.02447499999999536,0.8104550850756419,114.8781963646714
614.0,454.0,176.0,221.0,534.0,205.0,194.0,453.471286,176.87053199999997,222.432891,0.5287139999999795,-0.8705319999999688,-1.4328910000000121,1.7579934797094552,89.27485648266257
615.0,276.0,556.0,221.0,181.0,575.0,196.0,275.43127,556.1909489999999,221.626723,0.5687300000000164,-0.1909489999999323,-0.6267229999999984,0.8675811502274532,100.05498488331304
616.0,275.0,557.0,221.0,180.0,576.0,195.0,274.905179,557.218306,220.800966,0.09482100000002447,-0.21830599999998412,0.1990340000000117,0.31026289632020515,100.30952098380293
617.0,419.0,77.0,222.0,533.0,76.0,192.0,419.116417,76.86542299999999,222.356952,-0.11641700000001265,0.13457700000000727,-0.3569520000000068,0.3988466085126082,117.88553770501282
618.0,293.0,103.0,222.0,376.0,57.0,190.0,292.15149399999996,102.898754,221.846459,0.8485060000000431,0.10124600000000328,0.15354099999998994,0.868209665480102,100.14489502715553
619.0,440.0,330.0,222.0,459.0,377.0,196.0,439.95350399999995,330.049715,222.424953,0.04649600000004739,-0.04971499999999196,-0.4249529999999879,0.43037020279056654,56.97367813297646
620.0,487.0,356.0,222.0,505.0,424.0,197.0,487.936073,354.623737,222.413632,-0.9360730000000217,1.3762629999999945,-0.4136320000000069,1.7150579984134737,74.65252842335616
621.0,510.0,506.0,222.0,472.0,608.0,200.0,510.1871990000001,506.21845199999996,222.839762,-0.18719900000007783,-0.21845199999995657,-0.8397620000000074,0.8876739032713662,111.04953849521392
622.0,274.0,511.0,222.0,197.0,522.0,196.0,274.076771,510.8449949999999,222.17487,-0.07677100000000792,0.15500500000007378,-0.17486999999999853,0.24596717944885163,82.0121942152507
623.0,426.0,98.0,223.0,533.0,103.0,193.0,426.149642,97.85679499999999,222.850447,-0.14964199999997163,0.1432050000000089,0.14955299999999738,0.2554730905555285,111.23848254988019
624.0,459.0,109.0,223.0,566.0,128.0,193.0,458.29751899999997,108.70474000000002,222.359714,0.7024810000000343,0.29525999999998476,0.6402860000000032,0.9953010523238903,112.73863579093016
625.0,290.0,480.0,223.0,228.0,492.0,196.0,290.362155,479.47252000000003,222.359494,-0.3621549999999729,0.5274799999999686,0.6405059999999878,0.9053393454726972,68.6804193347711
626.0,267.0,554.0,223.0,172.0,569.0,198.0,266.894814,553.8876779999999,223.389507,0.10518600000000333,0.11232200000006287,-0.38950700000000893,0.41880309135561755,99.37303457175895
627.0,515.0,141.0,224.0,619.0,185.0,198.0,514.3578479999999,139.26875099999998,225.465249,0.6421520000001237,1.7312490000000196,-1.465249,2.357230774257418,115.8792474949678
628.0,437.0,193.0,224.0,508.0,218.0,196.0,436.66710099999995,193.751868,224.063668,0.33289900000005446,-0.7518680000000018,-0.06366800000000694,0.8247307729489908,80.31189202104505
629.0,277.0,283.0,224.0,289.0,259.0,194.0,277.13141,282.530149,223.183927,-0.13141000000001668,0.46985100000000557,0.8160729999999887,0.9507910872689075,40.24922359499622
630.0,393.0,398.0,224.0,378.0,437.0,198.0,392.636246,397.753832,223.803323,0.3637539999999717,0.2461680000000115,0.196676999999994,0.48124577823497083,49.21381919745713
631.0,433.0,49.0,225.0,560.0,50.0,195.0,433.361473,49.67045800000001,224.974432,-0.3614729999999895,-0.6704580000000107,0.025567999999992708,0.762122288164443,130.49904214207857
632.0,316.0,96.0,225.0,406.0,58.0,195.0,315.770205,95.92493200000001,225.759668,0.22979500000002417,0.07506799999998748,-0.7596680000000049,0.797205379355293,102.19589032832974
633.0,473.0,97.0,225.0,587.0,120.0,196.0,472.56272899999993,97.05744899999999,224.794272,0.4372710000000666,-0.0574489999999912,0.20572799999999347,0.4866521601986932,119.858249611781
634.0,474.0,102.0,225.0,587.0,126.0,195.0,474.11448699999994,101.71031099999999,223.902434,-0.11448699999994005,0.28968900000000986,1.0975660000000005,1.1409110895446644,119.35241933031773
635.0,457.0,104.0,225.0,566.0,122.0,196.0,456.764057,104.07133,224.890376,0.23594300000002022,-0.07133000000000322,0.10962399999999661,0.26976747306710136,114.21908772179893
636.0,455.0,111.0,225.0,562.0,128.0,196.0,455.21658699999995,109.773858,224.840854,-0.21658699999994724,1.2261419999999958,0.15914599999999268,1.255253592724978,112.15614116043757
637.0,457.0,105.0,226.0,566.0,123.0,198.0,457.042504,104.86788000000001,226.517129,-0.04250400000000809,0.13211999999998625,-0.5171290000000113,0.5354294417166549,113.96929411029973
638.0,285.0,154.0,226.0,348.0,113.0,196.0,285.01620599999995,153.754178,226.247283,-0.0162059999999542,0.24582200000000398,-0.24728300000001013,0.3490558296447797,80.93207028119323
639.0,406.0,375.0,226.0,402.0,416.0,201.0,405.850775,375.22431199999994,226.377626,0.14922500000000127,-0.22431199999994078,-0.37762599999999225,0.46388077115242443,48.187135212627034
640.0,383.0,382.0,226.0,372.0,415.0,201.0,382.277804,382.246764,226.561477,0.7221959999999967,-0.24676399999998466,-0.5614769999999965,0.9474787362474072,42.83689998120779
641.0,394.0,402.0,226.0,378.0,441.0,200.0,393.695146,400.88167599999997,225.393863,0.30485399999997753,1.1183240000000296,0.6061369999999897,1.3080468619514518,49.52776998815917
642.0,530.0,437.0,226.0,522.0,536.0,204.0,530.3476189999999,437.30705,226.700222,-0.3476189999998951,-0.3070500000000038,-0.7002219999999966,0.8398985182418913,101.73003489628813
643.0,271.0,552.0,226.0,176.0,569.0,201.0,270.030634,552.8769159999999,225.824839,0.9693659999999795,-0.8769159999999374,0.1751610000000028,1.3188379312610217,99.69453345093702
644.0,434.0,89.0,227.0,545.0,96.0,198.0,433.69945299999995,89.34591899999998,226.963292,0.3005470000000514,-0.34591899999998077,0.036708000000004404,0.45971287890814844,114.93911431710269
645.0,429.0,107.0,227.0,533.0,114.0,199.0,429.066191,106.46322899999998,227.634138,-0.06619100000000344,0.5367710000000159,-0.6341380000000072,0.8334478735746025,107.93053321465618
646.0,317.0,111.0,227.0,401.0,76.0,198.0,316.594897,111.24179899999999,228.029256,0.4051029999999969,-0.2417989999999861,-1.0292560000000037,1.1322292658936168,95.50916186418976
647.0,464.0,211.0,227.0,533.0,248.0,200.0,463.93557300000003,210.604087,226.836036,0.06442699999996648,0.3959130000000073,0.1639639999999929,0.4333383610921137,82.8190799272728
648.0,361.0,336.0,227.0,365.0,354.0,200.0,360.959787,336.653955,226.51847800000002,0.04021299999999428,-0.6539549999999963,0.481521999999984,0.8131037227057686,32.69556544854363
649.0,381.0,382.0,227.0,370.0,414.0,202.0,380.47261299999997,381.999362,227.404412,0.5273870000000329,0.0006379999999808206,-0.40441200000000777,0.6645950049143019,42.07136793592526
650.0,393.0,403.0,227.0,376.0,442.0,202.0,392.419405,402.198196,227.032068,0.5805950000000166,0.8018040000000042,-0.03206800000000953,0.9904587649493676,49.34571916590131
651.0,310.0,417.0,227.0,274.0,427.0,201.0,309.24440400000003,417.05047,226.977773,0.7555959999999686,-0.050470000000018445,0.022226999999986674,0.7576058181171484,45.51922670696417
652.0,313.0,107.0,228.0,398.0,69.0,198.0,312.442558,106.58206799999999,228.130931,0.5574419999999805,0.4179320000000075,-0.1309310000000039,0.7089087859160623,97.82126558167197
653.0,294.0,115.0,228.0,372.0,72.0,196.0,293.00027099999994,115.65352,226.60477,0.9997290000000589,-0.6535200000000003,1.395229999999998,1.836630941899083,94.64142856064674
654.0,442.0,282.0,228.0,480.0,322.0,202.0,442.01906099999997,281.90799599999997,227.885084,-0.019060999999965134,0.09200400000003128,0.1149159999999938,0.1484376798289538,60.991802727907626
655.0,490.0,73.0,229.0,617.0,99.0,201.0,490.458118,72.98747099999999,228.973043,-0.4581180000000131,0.01252900000001489,0.026957000000010112,0.4590814280865792,132.62352732452865
656.0,368.0,100.0,229.0,465.0,83.0,200.0,368.168266,100.061897,229.217119,-0.1682660000000169,-0.06189700000000187,-0.21711899999999673,0.2815765358228638,102.65963179361204
657.0,462.0,202.0,229.0,534.0,237.0,203.0,461.87845,201.825202,229.421327,0.12155000000001337,0.17479800000000978,-0.4213269999999909,0.47206480935672274,84.17244204607586
658.0,281.0,268.0,229.0,299.0,243.0,200.0,280.794822,267.555087,228.236275,0.20517799999998942,0.44491299999998546,0.7637249999999938,0.9073706325851488,42.30839160261236
659.0,450.0,327.0,229.0,471.0,378.0,204.0,449.611967,327.784801,228.899466,0.3880330000000072,-0.7848010000000158,0.10053400000001034,0.8812430447078902,60.55575942881073
660.0,432.0,105.0,230.0,537.0,113.0,202.0,431.94185999999996,104.67536899999999,230.08154100000002,0.05814000000003716,0.32463100000001077,-0.08154100000001563,0.3397270675733888,108.96329657274508
661.0,457.0,109.0,230.0,564.0,128.0,203.0,456.83481099999995,109.32197000000001,230.56528600000001,0.16518900000005488,-0.3219700000000074,-0.5652860000000146,0.6711932273325167,111.97767634667188
662.0,363.0,160.0,230.0,436.0,150.0,201.0,363.071805,159.676754,229.393828,-0.07180499999998347,0.3232460000000117,0.6061719999999866,0.6907158808982091,79.18333157931662
663.0,517.0,233.0,230.0,587.0,293.0,208.0,517.678628,231.612115,232.53893300000001,-0.6786280000000033,1.3878850000000114,-2.5389330000000143,2.972026499561891,94.78396488858229
664.0,404.0,251.0,231.0,448.0,272.0,205.0,404.171947,251.401794,231.130102,-0.17194699999998875,-0.4017939999999953,-0.13010199999999372,0.45599421010467966,55.25395913416522
665.0,390.0,380.0,231.0,381.0,416.0,206.0,389.577541,380.732627,230.594932,0.42245900000000347,-0.7326269999999795,0.405068,0.9377067838263583,44.74371464239419
666.0,506.0,401.0,231.0,507.0,485.0,208.0,505.4601,401.613731,230.679381,0.5398999999999887,-0.6137309999999729,0.32061899999999355,0.8780400295669614,87.0976463516667
667.0,224.0,475.0,231.0,153.0,461.0,206.0,224.10690400000001,474.978617,231.357265,-0.10690400000001432,0.021383000000014363,-0.3572650000000124,0.37352908605624346,76.56369897020389
668.0,507.0,132.0,232.0,613.0,175.0,203.0,507.13951399999996,133.10631099999998,229.717375,-0.13951399999996283,-1.1063109999999767,2.282624999999996,2.5404261602223195,118.0084742719776
669.0,446.0,178.0,232.0,525.0,203.0,206.0,446.06691399999994,177.772913,232.341511,-0.06691399999994019,0.22708700000001159,-0.341510999999997,0.4155427199290047,86.84468895678077
670.0,260.0,553.0,232.0,166.0,565.0,209.0,261.29227399999996,552.446182,232.485679,-1.2922739999999635,0.5538179999999784,-0.48567900000000463,1.4874711961046123,97.51410154434076
671.0,422.0,204.0,233.0,487.0,224.0,207.0,422.009661,203.981127,233.12502,-0.009660999999994146,0.018873000000013462,-0.12502000000000635,0.12680506870784775,72.80796659706958
672.0,248.0,116.0,234.0,320.0,55.0,205.0,248.251148,116.049608,234.482437,-0.2511480000000006,-0.049608000000006314,-0.48243700000000445,0.5461517468039493,98.72183142547549
673.0,530.0,128.0,234.0,641.0,177.0,208.0,529.4641879999999,127.429557,233.629965,0.5358120000000781,0.5704429999999974,0.37003500000000145,0.8656937199830445,124.08867796862049
674.0,435.0,304.0,234.0,463.0,345.0,210.0,434.86512,304.278803,234.260089,0.13488000000000966,-0.27880299999998215,-0.2600889999999936,0.4044379002145933,55.14526271584895
675.0,440.0,101.0,235.0,547.0,112.0,208.0,439.50753699999996,101.35677699999998,234.952824,0.4924630000000434,-0.3567769999999797,0.047176000000007434,0.6099468903716363,110.90085662428402
676.0,361.0,157.0,235.0,435.0,146.0,208.0,361.318143,156.89642899999998,235.18372200000002,-0.3181430000000205,0.10357100000001651,-0.18372200000001726,0.3817010528856618,79.5361553005927
677.0,437.0,200.0,235.0,506.0,225.0,210.0,437.062042,199.847688,235.462391,-0.06204200000001947,0.1523119999999949,-0.46239099999999667,0.4907683689776653,77.5306391048081
678.0,366.0,255.0,235.0,401.0,262.0,210.0,365.092759,255.89873899999998,235.616994,0.9072409999999991,-0.8987389999999778,-0.6169940000000054,1.418273463841852,43.57751713900185
679.0,392.0,280.0,235.0,423.0,300.0,209.0,392.06541699999997,279.699067,234.21291200000002,-0.06541699999996808,0.30093299999998635,0.7870879999999829,0.8451908507088566,45.13313638558703
680.0,574.0,309.0,235.0,622.0,404.0,213.0,573.7994190000001,308.819148,235.095702,0.20058099999994283,0.18085200000001578,-0.09570199999998863,0.28652932881117177,108.6876257906115
681.0,438.0,352.0,235.0,448.0,401.0,211.0,437.786314,351.705792,234.489415,0.2136859999999956,0.294208000000026,0.5105849999999919,0.6268309948343375,55.47071299343465
682.0,297.0,598.0,235.0,189.0,630.0,212.0,296.102695,597.007075,234.027602,0.8973050000000171,0.9929250000000138,0.9723979999999983,1.6542714979875748,114.96521212958292
683.0,375.0,250.0,236.0,415.0,259.0,210.0,375.19162200000005,249.92765500000002,235.573043,-0.19162200000005214,0.07234499999998434,0.4269569999999874,0.4735452140588129,48.54894437575342
684.0,533.0,200.0,237.0,617.0,263.0,215.0,533.250954,200.56770699999998,238.465167,-0.2509539999999788,-0.5677069999999844,-1.465167000000008,1.591220753338139,107.28000745712129
685.0,449.0,206.0,237.0,518.0,235.0,213.0,449.016124,204.52802599999998,237.73120500000002,-0.0161239999999907,1.4719740000000172,-0.731205000000017,1.6436630409171689,78.60025445251433
686.0,423.0,207.0,237.0,486.0,228.0,211.0,422.309763,207.38840799999997,236.36011,0.6902370000000246,-0.3884079999999699,0.6398900000000083,1.0182077895660695,71.31619731870173
687.0,424.0,216.0,237.0,484.0,240.0,212.0,423.886535,217.24327999999997,237.046122,0.11346500000001924,-1.2432799999999702,-0.04612199999999689,1.2492984845540036,69.28924880528002
688.0,407.0,251.0,237.0,452.0,273.0,212.0,407.60451,251.20703400000002,236.831011,-0.6045100000000048,-0.20703400000002148,0.1689890000000105,0.660948333364279,55.98214000911362
689.0,507.0,483.0,237.0,477.0,580.0,216.0,506.934809,483.31539899999996,236.259712,0.06519100000002709,-0.3153989999999567,0.7402879999999925,0.8073120329996111,103.6822067666386
690.0,422.0,61.0,238.0,543.0,59.0,211.0,422.638602,61.239701,238.073727,-0.6386019999999917,-0.2397009999999966,-0.073726999999991,0.6860792624281734,123.99193522161028
691.0,293.0,110.0,238.0,374.0,65.0,209.0,292.85232599999995,109.820302,237.330171,0.14767400000005182,0.1796980000000019,0.6698289999999929,0.7090626705172163,97.09273917240156
692.0,511.0,137.0,238.0,617.0,183.0,214.0,512.429726,138.39014099999997,238.611435,-1.4297259999999596,-1.3901409999999714,-0.6114350000000002,2.0857759213735796,118.01694793545543
693.0,436.0,218.0,238.0,498.0,246.0,213.0,436.33590499999997,218.275804,237.712944,-0.33590499999996837,-0.2758039999999937,0.28705600000000686,0.5208657817297843,72.47758274114831
694.0,510.0,181.0,239.0,598.0,232.0,215.0,510.42148699999996,181.417384,238.948162,-0.4214869999999564,-0.4173839999999984,0.0518380000000036,0.5954392268476795,104.50358845513392
695.0,530.0,454.0,241.0,514.0,556.0,223.0,529.507699,455.11368400000003,242.073438,0.49230099999999766,-1.1136840000000348,-1.07343800000001,1.6232441179012775,104.80458005259122
696.0,280.0,99.0,242.0,362.0,48.0,214.0,279.150371,99.778086,241.70115,0.8496289999999931,-0.7780860000000018,0.2988499999999874,1.1902094704450068,100.54352291420865
697.0,429.0,203.0,242.0,495.0,225.0,218.0,428.58719199999996,202.78533099999999,242.080673,0.4128080000000409,0.21466900000001488,-0.08067299999999022,0.47223019530101906,73.59347797189639
698.0,415.0,536.0,242.0,350.0,605.0,222.0,414.802534,535.8193,241.601611,0.1974660000000199,0.18070000000000164,0.39838900000000876,0.47995740068991066,96.88137075826292
699.0,440.0,237.0,243.0,495.0,269.0,220.0,440.052132,236.997095,243.188373,-0.05213199999997187,0.002904999999998381,-0.18837300000001278,0.19547524543532838,67.66091929614909
700.0,447.0,135.0,244.0,543.0,154.0,220.0,447.43527900000004,135.151545,244.30169,-0.43527900000003683,-0.1515449999999987,-0.3016900000000078,0.5508634594580006,100.7620960480676
701.0,516.0,227.0,244.0,587.0,287.0,221.0,516.236646,227.075965,243.263715,-0.23664599999995062,-0.07596499999999651,0.7362850000000094,0.7771020600706127,95.7601169589929
702.0,307.0,246.0,244.0,337.0,228.0,220.0,306.605089,246.213707,244.587992,0.39491099999997914,-0.21370699999999943,-0.5879920000000141,0.7398378010307393,42.42640687119285
703.0,530.0,396.0,244.0,537.0,487.0,224.0,529.4395900000001,395.523993,243.594051,0.5604099999999335,0.4760069999999814,0.40594899999999257,0.8399027460068824,93.43446901438462
704.0,308.0,467.0,244.0,252.0,484.0,224.0,307.187347,467.28842399999996,245.26217400000002,0.8126530000000116,-0.2884239999999636,-1.262174000000016,1.5286191508878324,61.84658438426491
705.0,367.0,504.0,245.0,307.0,549.0,225.0,366.84648,503.51034500000003,244.982041,0.15352000000001453,0.48965499999997064,0.01795899999999051,0.5134714550059968,77.62087348130012
706.0,416.0,539.0,245.0,349.0,610.0,225.0,415.353639,539.993953,244.005218,0.6463610000000131,-0.9939530000000332,0.9947819999999865,1.5476809542195884,99.6493853468249
707.0,470.0,90.0,246.0,587.0,111.0,221.0,470.4500699999999,90.30671699999999,245.388211,-0.4500699999999256,-0.3067169999999919,0.6117889999999875,0.8190995687399137,121.4701609449827
708.0,449.0,137.0,246.0,544.0,157.0,222.0,449.01112199999994,137.24230599999999,245.898575,-0.011121999999943455,-0.24230599999998503,0.1014250000000061,0.26291239443014613,100.00499987500625
709.0,494.0,296.0,246.0,534.0,359.0,226.0,493.827276,296.8548559999999,246.795141,0.17272400000001653,-0.854855999999927,-0.795141000000001,1.1801955646387094,77.25930364687478
710.0,411.0,343.0,246.0,420.0,380.0,225.0,410.692583,342.802478,246.375002,0.30741699999998673,0.1975219999999922,-0.37500199999999495,0.523590156875571,43.485629810317796
711.0,293.0,112.0,247.0,373.0,67.0,222.0,292.714458,111.760921,247.964111,0.28554200000002083,0.23907900000000382,-0.9641110000000026,1.0335390763420698,95.13148795220224
712.0,360.0,455.0,247.0,318.0,489.0,227.0,359.80375,454.044082,247.282139,0.19625000000002046,0.9559179999999969,-0.2821390000000008,1.0158226718010397,57.619441163551734
713.0,322.0,86.0,248.0,417.0,48.0,222.0,321.96372499999995,85.556719,247.941516,0.03627500000004602,0.4432809999999989,0.058483999999992875,0.4485914609552901,105.56988206870366
714.0,432.0,183.0,248.0,507.0,204.0,225.0,432.51318499999996,183.414535,248.001336,-0.5131849999999645,-0.41453500000000076,-0.0013360000000091077,0.6596968207790335,81.20960534321048
715.0,307.0,470.0,248.0,251.0,487.0,227.0,307.21815,469.90888099999995,247.689923,-0.21814999999998008,0.0911190000000488,0.3100770000000068,0.3899228649233133,62.177166226839255
716.0,281.0,176.0,249.0,335.0,137.0,224.0,281.413752,176.05666300000001,248.975553,-0.41375199999998813,-0.05666300000001456,0.02444700000000921,0.4183289003666759,71.14773362518304
717.0,361.0,196.0,249.0,420.0,190.0,226.0,361.27304100000003,195.16358400000001,249.48790400000001,-0.27304100000003473,0.8364159999999856,-0.48790400000001455,1.0060782404728814,63.608175575157006
718.0,433.0,257.0,249.0,480.0,290.0,226.0,433.913781,257.27428399999997,247.937244,-0.9137809999999718,-0.274283999999966,1.0627560000000074,1.4281728691418785,61.862751312886175
719.0,380.0,274.0,249.0,411.0,288.0,227.0,379.783141,273.668779,249.175892,0.21685899999999947,0.33122100000002774,-0.1758920000000046,0.43321261799031174,40.50925820105819
720.0,499.0,296.0,249.0,540.0,360.0,229.0,498.77743499999997,296.10122199999995,249.20695,0.22256500000003143,-0.10122199999995019,-0.20695000000000618,0.32032698139402255,78.59389289251423
721.0,322.0,74.0,250.0,422.0,35.0,224.0,322.48552799999993,74.173972,249.708633,-0.4855279999999311,-0.17397200000000623,0.29136700000000815,0.5923667987463005,110.44002897500525
722.0,496.0,86.0,250.0,619.0,115.0,227.0,496.41256999999996,85.153945,250.073167,-0.4125699999999597,0.8460550000000069,-0.0731670000000122,0.9441273631316806,128.44843323295152
723.0,360.0,190.0,250.0,420.0,184.0,226.0,359.71213500000005,190.500996,249.56033,0.28786499999995385,-0.5009959999999865,0.43967000000000667,0.7260667731971804,64.89992295835181
724.0,476.0,100.0,251.0,590.0,126.0,228.0,476.74765299999996,101.25131400000001,250.925852,-0.747652999999957,-1.2513140000000078,0.0741480000000081,1.459544333313982,119.16794871105233
725.0,520.0,190.0,251.0,605.0,245.0,230.0,519.3803280000001,189.845653,251.042337,0.6196719999999232,0.15434700000000134,-0.0423370000000034,0.640006879308266,103.39729203417274
726.0,536.0,245.0,251.0,603.0,317.0,231.0,536.56616,246.32640499999997,251.004089,-0.566159999999968,-1.3264049999999656,-0.004088999999993348,1.442187258834952,100.36433629531956
727.0,384.0,273.0,251.0,415.0,289.0,228.0,383.160816,273.415663,249.960329,0.8391839999999888,-0.415662999999995,1.0396709999999985,1.3992574115101102,41.78516483155236
728.0,502.0,298.0,251.0,543.0,364.0,232.0,502.17676500000005,298.45883699999996,251.599724,-0.1767650000000458,-0.45883699999995997,-0.599724000000009,0.7755295829109231,79.98749902328488
729.0,495.0,300.0,251.0,535.0,363.0,232.0,495.69986199999994,299.761619,251.657603,-0.6998619999999391,0.23838100000000395,-0.6576029999999946,0.9894816955426259,77.00649323271382
730.0,546.0,437.0,251.0,539.0,540.0,233.0,544.864113,436.27775099999997,250.317544,1.1358870000000252,0.7222490000000334,0.682456000000002,1.5091815950064154,104.7950380504726
731.0,340.0,440.0,251.0,302.0,465.0,231.0,341.163214,439.592394,250.94110700000002,-1.1632139999999822,0.40760599999998703,0.05889299999998343,1.2339683328517577,49.68903299521938
732.0,286.0,579.0,251.0,184.0,605.0,232.0,285.89641000000006,579.07407,250.746247,0.10358999999994012,-0.07407000000000608,0.253752999999989,0.28391519510054924,106.96261028976434
733.0,520.0,189.0,252.0,607.0,245.0,231.0,520.943664,189.335409,251.850297,-0.9436640000000125,-0.3354089999999985,0.14970299999998815,1.0126262540473752,105.57461816175325
734.0,521.0,245.0,252.0,585.0,310.0,232.0,520.766559,245.57617499999998,252.011066,0.2334409999999707,-0.5761749999999779,-0.011065999999999576,0.6217674705723683,93.38629449764028
735.0,391.0,263.0,252.0,428.0,280.0,230.0,390.939975,263.061428,251.633354,0.060024999999996,-0.061427999999978056,0.3666460000000029,0.37657096160617454,46.281745861624536
736.0,496.0,295.0,252.0,537.0,358.0,232.0,495.9532949999999,295.35615899999993,251.706506,0.04670500000008815,-0.35615899999993417,0.2934940000000097,0.4638634695058094,77.78174593052023
737.0,272.0,504.0,252.0,197.0,512.0,232.0,271.804589,503.42415100000005,251.794412,0.19541099999997869,0.5758489999999483,0.20558800000000588,0.6419142898128491,78.03204469959762
738.0,504.0,86.0,253.0,628.0,119.0,231.0,504.483612,85.96137599999999,253.250997,-0.4836119999999937,0.03862400000001287,-0.25099700000001235,0.5462342665276512,130.18832512940628
739.0,399.0,116.0,253.0,494.0,113.0,230.0,398.782962,116.127052,253.271295,0.21703800000000228,-0.12705200000000616,-0.27129500000000917,0.36993064373339973,97.79059259458448
740.0,278.0,175.0,253.0,331.0,135.0,229.0,277.830814,175.591037,253.119659,0.1691860000000247,-0.591037,-0.11965900000001284,0.626312153998317,70.60453243241541
741.0,316.0,450.0,253.0,269.0,466.0,234.0,315.806707,448.97817499999996,253.57623,0.19329299999998284,1.0218250000000353,-0.5762300000000096,1.1889194789278525,53.16013544000805
742.0,495.0,75.0,254.0,621.0,103.0,232.0,494.89068599999996,75.357429,254.303627,0.10931400000004032,-0.3574289999999962,-0.30362700000000586,0.48155414624526877,130.93509842666327
743.0,310.0,86.0,254.0,403.0,44.0,229.0,310.107841,86.156199,253.805848,-0.10784100000000763,-0.15619900000000086,0.19415200000000254,0.27151944310859744,105.06188652408636
744.0,546.0,226.0,254.0,619.0,299.0,235.0,544.353538,228.217785,254.407399,1.6464620000000423,-2.217784999999992,-0.40739899999999807,2.792021018701346,104.97142468310126
745.0,517.0,247.0,254.0,580.0,309.0,235.0,516.648382,246.12818,254.510003,0.3516180000000304,0.8718200000000138,-0.5100030000000118,1.069489780378035,90.41017641836565
746.0,437.0,320.0,254.0,460.0,364.0,235.0,437.70540700000004,320.06677,254.533218,-0.7054070000000365,-0.06677000000001954,-0.5332180000000051,0.8867799637300449,53.16013544000805
747.0,363.0,360.0,254.0,358.0,381.0,234.0,362.85523799999993,359.78617999999994,254.092651,0.1447620000000711,0.2138200000000552,-0.09265099999998938,0.2743341700281651,29.427877939124322
748.0,464.0,372.0,254.0,470.0,435.0,235.0,463.947068,372.640878,253.618917,0.052931999999998425,-0.6408779999999865,0.3810829999999896,0.7474962611257495,66.07571414672717
749.0,339.0,440.0,254.0,299.0,465.0,234.0,338.859376,440.401527,253.41652100000002,0.14062400000000252,-0.4015269999999873,0.5834789999999828,0.7221127228805558,51.234753829797995
750.0,336.0,463.0,254.0,287.0,490.0,235.0,336.047171,462.958523,254.00287,-0.047170999999991636,0.04147699999998622,-0.0028700000000014825,0.06287830842188805,59.08468498688979
751.0,269.0,503.0,254.0,193.0,511.0,235.0,268.46350600000005,503.71617100000003,254.287623,0.5364939999999478,-0.7161710000000312,-0.2876229999999964,0.9399221794414614,78.74642849044012
752.0,254.0,555.0,254.0,157.0,564.0,235.0,254.27612500000004,554.261825,253.853996,-0.2761250000000359,0.7381749999999556,0.1460040000000049,0.8015388413956966,99.25220400575496
753.0,475.0,96.0,255.0,590.0,118.0,234.0,474.72133299999996,95.092886,255.938892,0.2786670000000413,0.9071140000000071,-0.9388920000000098,1.3349266996914304,118.95377253370319
754.0,536.0,240.0,255.0,605.0,310.0,235.0,536.335883,240.40565299999997,254.354782,-0.33588299999996707,-0.4056529999999725,0.6452179999999998,0.8328733478878738,100.30453628824571
755.0,285.0,406.0,255.0,249.0,404.0,234.0,284.13546499999995,405.997799,254.439152,0.8645350000000462,0.0022010000000136642,0.5608479999999929,1.0305222412592907,41.72529209005013
756.0,342.0,437.0,255.0,304.0,463.0,235.0,342.233692,437.557132,254.231445,-0.2336920000000191,-0.5571320000000242,0.7685549999999921,0.977591327863041,50.19960159204453
757.0,396.0,197.0,256.0,458.0,205.0,235.0,394.78721,197.028158,256.46395900000005,1.212789999999984,-0.02815799999999058,-0.4639590000000453,1.2988111528413215,65.94694837519019
758.0,375.0,336.0,256.0,380.0,359.0,237.0,374.25542799999994,336.999532,256.690477,0.744572000000062,-0.9995319999999879,-0.6904769999999871,1.4248544380872912,30.24896692450835
759.0,374.0,338.0,256.0,378.0,361.0,236.0,373.212394,339.063972,255.858375,0.7876059999999825,-1.0639719999999784,0.14162500000000477,1.3313216247942974,30.740852297878796
760.0,493.0,356.0,256.0,510.0,427.0,238.0,492.977064,356.05387199999996,255.944681,0.02293600000001561,-0.05387199999995573,0.05531899999999723,0.0805508798275701,75.19308478842984
761.0,268.0,501.0,256.0,194.0,507.0,237.0,268.218292,500.367246,255.969005,-0.21829200000001947,0.6327539999999772,0.030994999999990114,0.6700669457636147,76.6355009117837
762.0,489.0,68.0,257.0,617.0,92.0,235.0,488.94809300000003,67.878469,256.917548,0.051906999999971504,0.1215310000000045,0.08245199999998931,0.15576409378928244,132.07573584879245
763.0,497.0,89.0,257.0,619.0,119.0,235.0,497.52635799999996,88.34014499999999,256.58017900000004,-0.5263579999999592,0.6598550000000074,0.41982099999995626,0.942714716778056,127.54607010802019
764.0,575.0,290.0,257.0,631.0,382.0,240.0,575.3169389999999,289.64572899999996,257.433854,-0.3169389999999339,0.35427100000003975,-0.43385399999999663,0.6435740551622504,109.03669107231748
765.0,320.0,325.0,257.0,322.0,324.0,237.0,320.078691,324.880232,257.44507,-0.07869099999999207,0.11976800000002186,-0.445069999999987,0.46757240316874177,20.12461179749811
766.0,506.0,295.0,258.0,549.0,362.0,239.0,506.383063,295.41281299999997,257.325394,-0.3830629999999928,-0.41281299999997145,0.6746059999999829,0.8787747664640513,81.84741901856161
767.0,300.0,333.0,258.0,295.0,326.0,238.0,299.62660300000005,333.463749,258.394942,0.37339699999995446,-0.46374900000000707,-0.39494200000001456,0.7144701799053507,21.77154105707724
768.0,302.0,304.0,259.0,310.0,293.0,238.0,302.69803,303.91974,258.707395,-0.698030000000017,0.08026000000000977,0.29260499999998046,0.7611210380254996,25.019992006393608
769.0,364.0,73.0,260.0,470.0,50.0,238.0,363.816377,73.487326,260.724488,0.18362300000001142,-0.48732599999999593,-0.724488000000008,0.8922370192661879,110.6752004741803
770.0,262.0,162.0,260.0,318.0,113.0,238.0,262.087602,161.96222,260.83436700000004,-0.08760200000000395,0.037779999999997926,-0.8343670000000429,0.8398033874027135,77.59510293826537
771.0,567.0,340.0,260.0,602.0,436.0,243.0,566.8568110000001,339.17776399999997,259.40630999999996,0.14318899999989299,0.8222360000000322,0.5936900000000378,1.024227975363428,103.58571330062848
772.0,291.0,374.0,260.0,271.0,369.0,241.0,292.190284,373.147781,260.471549,-1.1902840000000197,0.852218999999991,-0.4715489999999818,1.5379894941182186,28.035691537752374
773.0,500.0,73.0,261.0,628.0,102.0,240.0,500.143377,72.83824399999997,260.830912,-0.14337699999998677,0.16175600000002532,0.16908799999998791,0.27443162975320523,132.9135057095403
774.0,359.0,163.0,261.0,429.0,151.0,239.0,358.239922,162.643335,260.55949499999997,0.7600780000000213,0.35666499999999246,0.4405050000000301,0.9481419426088341,74.35052118176442
775.0,471.0,220.0,261.0,537.0,261.0,242.0,470.81012799999996,220.07491299999998,261.071513,0.18987200000003668,-0.07491299999998091,-0.07151299999998173,0.21628093564160586,79.98749902328488
776.0,420.0,230.0,261.0,475.0,253.0,242.0,420.549092,229.97719899999998,261.523093,-0.5490919999999733,0.022801000000015392,-0.5230930000000171,0.7587148322749393,62.56996084384263
777.0,405.0,346.0,261.0,412.0,381.0,242.0,404.89149799999996,345.824798,260.338743,0.10850200000004406,0.17520200000001296,0.6612569999999778,0.6926248947713218,40.43513323831146
778.0,503.0,476.0,261.0,475.0,570.0,246.0,503.05355099999997,476.356169,260.974234,-0.05355099999997037,-0.3561690000000226,0.025765999999975975,0.36109272066605236,99.22197337283713
779.0,504.0,300.0,262.0,545.0,367.0,245.0,504.63032999999996,300.396599,262.20441500000004,-0.6303299999999581,-0.3965989999999806,-0.20441500000003998,0.7722643122182639,80.36790404135223
780.0,568.0,303.0,262.0,618.0,395.0,246.0,568.651568,303.18616399999996,262.267841,-0.6515679999999975,-0.18616399999996247,-0.2678409999999758,0.7286540295647652,105.92450141492289
781.0,385.0,354.0,262.0,386.0,383.0,244.0,385.22565199999997,354.158056,262.102301,-0.2256519999999682,-0.15805599999998776,-0.1023010000000113,0.293880960324047,34.14674215792775
782.0,473.0,367.0,262.0,482.0,432.0,245.0,472.58322300000003,367.287024,261.780538,0.41677699999996776,-0.28702399999997397,0.21946200000002136,0.5515880834000745,67.7864293203293
783.0,397.0,378.0,262.0,390.0,415.0,245.0,396.668008,377.99497799999995,262.512537,0.33199200000001383,0.005022000000053595,-0.5125370000000089,0.6106865684760218,41.31585652022719
784.0,478.0,394.0,262.0,478.0,465.0,246.0,478.06897799999996,393.98092399999996,262.224511,-0.06897799999995868,0.01907600000004095,-0.2245110000000068,0.23564177766474034,72.78049189171504
785.0,262.0,538.0,262.0,170.0,549.0,248.0,260.595006,539.351988,264.612979,1.4049939999999879,-1.3519880000000057,-2.6129789999999957,3.260297370888269,93.70699013414101
786.0,569.0,303.0,263.0,617.0,394.0,246.0,567.614323,302.66905099999997,262.285638,1.385676999999987,0.33094900000003236,0.7143619999999942,1.5937192525579833,104.27847332982968
787.0,385.0,353.0,263.0,386.0,382.0,245.0,384.974649,353.39068399999996,262.933784,0.025351000000000568,-0.3906839999999647,0.06621599999999717,0.39706576245374275,34.14674215792775
788.0,488.0,68.0,264.0,617.0,92.0,244.0,489.030425,67.96600299999999,264.292256,-1.0304249999999797,0.0339970000000136,-0.29225600000000895,1.071608625464523,132.72904731067726
789.0,331.0,267.0,264.0,357.0,260.0,244.0,330.69135299999994,266.11456699999997,263.753088,0.3086470000000645,0.8854330000000346,0.2469120000000089,0.969649474728938,33.54101966249684
790.0,489.0,393.0,264.0,492.0,469.0,246.0,489.988898,393.449526,262.096063,-0.988898000000006,-0.44952599999999165,1.903936999999985,2.192023945820152,78.16009211867653
791.0,440.0,205.0,265.0,507.0,232.0,247.0,439.99866899999995,205.387251,265.69041200000004,0.0013310000000501532,-0.387250999999992,-0.6904120000000376,0.7916020706807466,74.444610281739
792.0,427.0,239.0,265.0,480.0,266.0,246.0,427.853117,238.81845199999998,264.615188,-0.8531169999999975,0.1815480000000207,0.3848120000000108,0.9533354956871225,62.44197306299666
793.0,490.0,296.0,265.0,530.0,356.0,247.0,490.13055499999996,295.767748,264.06191,-0.13055499999995845,0.23225200000001678,0.9380899999999883,0.9751914927997347,74.32361670424818
794.0,494.0,372.0,266.0,505.0,444.0,251.0,493.633085,370.690901,266.42046,0.3669150000000059,1.3090990000000033,-0.4204599999999914,1.4230788525679121,74.36396977031282
795.0,283.0,187.0,267.0,333.0,150.0,246.0,283.44278299999996,186.892879,266.857146,-0.44278299999996307,0.10712100000000646,0.14285399999999981,0.4774295330684609,65.6505902486794
796.0,447.0,332.0,267.0,466.0,381.0,250.0,446.9277579999999,331.863416,266.584835,0.07224200000007386,0.13658400000002757,0.4151650000000018,0.44298540929134417,55.235857918565905
797.0,300.0,93.0,268.0,388.0,47.0,247.0,299.396548,92.562336,268.604941,0.6034520000000043,0.43766399999999805,-0.6049409999999966,0.9600300550925474,101.49384217774002
798.0,562.0,257.0,268.0,628.0,340.0,252.0,562.169091,257.90427999999997,267.79095800000005,-0.16909099999998034,-0.9042799999999716,0.209041999999954,0.9434048136642735,107.24271537032247
799.0,518.0,333.0,268.0,548.0,410.0,253.0,518.221289,333.10966599999995,268.22348,-0.2212889999999561,-0.10966599999994742,-0.22347999999999502,0.33307471155428,83.98809439438426
800.0,486.0,71.0,269.0,612.0,94.0,250.0,485.720145,70.87848,269.213216,0.27985499999999774,0.12152000000000385,-0.21321599999998853,0.3722190135941403,129.48358969382954
801.0,428.0,230.0,269.0,484.0,256.0,252.0,428.414871,230.06588799999997,269.629466,-0.4148710000000051,-0.06588799999997264,-0.6294659999999794,0.7567606096652856,64.03905058634146
802.0,553.0,326.0,269.0,590.0,416.0,254.0,552.4292909999999,326.86261,268.72997399999997,0.570709000000079,-0.8626100000000179,0.27002600000002985,1.0689802689746604,98.45811292118086
803.0,543.0,361.0,269.0,566.0,452.0,255.0,543.1536189999999,361.08750399999997,269.252254,-0.1536189999999351,-0.08750399999996716,-0.25225399999999354,0.3080386788910949,94.89994731294638
804.0,500.0,365.0,269.0,514.0,440.0,254.0,499.61377099999993,365.271822,268.875446,0.3862290000000712,-0.271821999999986,0.12455399999998917,0.48844010793652554,77.75602870517501
805.0,263.0,484.0,269.0,194.0,486.0,253.0,262.90148899999997,484.203804,269.333088,0.09851100000003044,-0.203803999999991,-0.3330879999999752,0.4027258413374858,70.8590149522275
806.0,546.0,184.0,270.0,637.0,248.0,252.0,545.229045,184.07139899999999,268.849956,0.7709549999999581,-0.07139899999998534,1.1500439999999799,1.3863876193770222,112.69871339105873
807.0,425.0,227.0,270.0,481.0,251.0,253.0,424.79198199999996,226.970079,270.526411,0.20801800000003823,0.02992100000000164,-0.526410999999996,0.5668115167196338,63.25345840347388
808.0,493.0,294.0,270.0,533.0,356.0,254.0,492.52587300000005,295.055875,269.780616,0.4741269999999531,-1.0558750000000146,0.21938399999999092,1.178048287299796,75.49834435270749
809.0,406.0,318.0,270.0,425.0,350.0,253.0,407.029667,318.461941,269.652038,-1.0296670000000177,-0.46194100000002436,0.34796199999999544,1.18096620265529,40.91454509095757
810.0,429.0,345.0,270.0,440.0,390.0,254.0,429.101265,345.65581199999997,269.90272000000004,-0.10126500000001215,-0.655811999999969,0.09727999999995518,0.6706768058975597,49.01020301937138
811.0,495.0,374.0,270.0,508.0,445.0,254.0,496.25196199999993,370.717222,268.849447,-1.251961999999935,3.2827780000000075,1.1505530000000022,3.6970004669376078,73.93240155709809
812.0,481.0,387.0,270.0,484.0,458.0,256.0,481.001965,387.07858799999997,270.468772,-0.0019649999999842294,-0.0785879999999679,-0.4687720000000013,0.4753179177697766,72.42927584892728
813.0,434.0,231.0,271.0,490.0,259.0,254.0,433.876184,230.85672399999999,271.197721,0.12381599999997661,0.1432760000000144,-0.19772100000000137,0.27377364349586114,64.87680633323437
814.0,253.0,172.0,272.0,304.0,121.0,252.0,253.41756599999997,171.954958,272.289731,-0.41756599999996524,0.04504199999999514,-0.2897310000000175,0.5102295546917883,74.84650960465692
815.0,241.0,244.0,273.0,261.0,200.0,254.0,240.572749,244.544507,273.22116400000004,0.4272510000000125,-0.5445070000000101,-0.22116400000004433,0.7265981041442657,51.93264869039514
816.0,328.0,259.0,273.0,357.0,251.0,255.0,328.450622,259.227671,272.875259,-0.45062200000000985,-0.22767099999998663,0.12474099999997179,0.5200524860107831,35.05709628591621
817.0,518.0,390.0,273.0,526.0,476.0,260.0,518.3592229999999,390.185886,273.28865,-0.359222999999929,-0.18588599999998223,-0.2886500000000183,0.4969040060463922,87.34414691323055
818.0,346.0,478.0,273.0,293.0,511.0,259.0,346.392458,477.951095,273.38091099999997,-0.39245799999997644,0.04890499999999065,-0.38091099999996914,0.5490975967075044,63.984373092185564
819.0,538.0,226.0,274.0,612.0,294.0,259.0,537.832677,226.38561399999998,274.173724,0.16732300000001032,-0.3856139999999755,-0.17372399999999288,0.4548353234973973,101.61200716450787
820.0,433.0,233.0,274.0,487.0,261.0,258.0,432.101796,233.229779,274.46840499999996,0.8982040000000211,-0.22977900000000773,-0.46840499999996155,1.0387357982095375,62.89674077406555
821.0,404.0,317.0,274.0,421.0,347.0,258.0,403.186578,317.21921699999996,273.808215,0.8134220000000028,-0.2192169999999578,0.19178499999998166,0.8639982230294105,38.01315561749642
822.0,416.0,333.0,274.0,430.0,371.0,259.0,416.433196,333.53943,274.286389,-0.43319600000000946,-0.5394299999999816,-0.28638899999998557,0.7487737699979748,43.18564576337837
823.0,348.0,572.0,274.0,258.0,620.0,262.0,347.578071,571.78343,274.723818,0.42192899999997735,0.216570000000047,-0.7238179999999943,0.8653549231760301,102.70345661174214
824.0,496.0,171.0,275.0,585.0,214.0,259.0,496.03905900000007,171.237369,275.29400599999997,-0.03905900000006568,-0.23736900000000105,-0.29400599999996757,0.37988047551563714,100.12991560967181
825.0,324.0,553.0,275.0,239.0,589.0,261.0,324.739456,552.623381,274.387401,-0.7394560000000183,0.37661900000000514,0.6125989999999888,1.031462351178179,93.36487562247379
826.0,328.0,559.0,275.0,240.0,598.0,262.0,327.867057,559.367004,275.092448,0.13294300000001158,-0.3670039999999517,-0.09244799999999032,0.40113889111997836,97.12878049270464
827.0,487.0,73.0,276.0,613.0,96.0,258.0,487.09072499999996,72.25049899999999,275.738644,-0.09072499999996353,0.7495010000000093,0.26135599999997794,0.7989303682812388,129.34063553268942
828.0,419.0,327.0,276.0,436.0,363.0,262.0,419.041996,325.791914,276.806837,-0.04199599999998327,1.2080859999999802,-0.8068369999999732,1.4533483381422734,42.20189569201838
829.0,586.0,363.0,276.0,615.0,471.0,264.0,586.256426,363.200635,276.117039,-0.2564260000000331,-0.20063499999997703,-0.11703899999997702,0.3459867399511178,112.46777316191515
830.0,524.0,462.0,276.0,505.0,561.0,264.0,524.189676,461.737805,275.66050900000005,-0.1896759999999631,0.2621950000000197,0.3394909999999527,0.4690174219386357,101.51847122568385
831.0,331.0,560.0,276.0,244.0,600.0,263.0,331.504883,559.890986,275.864814,-0.5048830000000066,0.10901400000000194,0.13518599999997605,0.5339158646088357,96.63332758422428
832.0,354.0,186.0,277.0,415.0,176.0,260.0,354.05648900000006,185.914821,277.54553599999997,-0.05648900000005597,0.08517900000001077,-0.54553599999997,0.5550279240344358,64.10928169929842
833.0,469.0,217.0,277.0,536.0,256.0,261.0,468.906091,216.634202,276.706422,0.09390899999999647,0.3657980000000123,0.293578000000025,0.4783462335683464,79.1580697086532
834.0,302.0,360.0,277.0,288.0,359.0,260.0,302.973184,361.14185,276.06374500000004,-0.9731840000000034,-1.1418499999999767,0.9362549999999601,1.7684688137993496,22.045407685048602
835.0,452.0,389.0,277.0,449.0,449.0,264.0,451.53549999999996,389.26198899999997,277.333117,0.46450000000004366,-0.2619889999999714,-0.33311700000001565,0.6287809012764589,61.465437442517235
836.0,344.0,473.0,277.0,292.0,505.0,263.0,344.09105,473.587396,276.736711,-0.09104999999999563,-0.5873960000000125,0.2632889999999861,0.6501117295027113,62.6418390534633
837.0,305.0,561.0,277.0,212.0,592.0,264.0,304.565815,562.0034479999999,276.964026,0.4341850000000136,-1.0034479999999348,0.035974000000010165,1.093946356822345,98.88882646689666
838.0,495.0,64.0,278.0,625.0,89.0,261.0,494.62224,63.72017099999999,278.212665,0.3777600000000234,0.27982900000000654,-0.21266500000001543,0.515977992811736,133.46909754696028
839.0,559.0,262.0,278.0,623.0,344.0,264.0,559.434001,262.429309,277.604248,-0.43400099999996655,-0.4293089999999893,0.39575200000001587,0.7275181997627099,104.95713410721541
840.0,481.0,316.0,278.0,512.0,376.0,264.0,481.501399,316.15477999999996,277.853562,-0.5013989999999922,-0.15477999999995973,0.1464379999999892,0.5447952766360741,68.97100840208152
841.0,335.0,500.0,278.0,271.0,532.0,266.0,334.82359699999995,500.057905,278.989276,0.17640300000005027,-0.0579050000000052,-0.989276000000018,1.0065475704655265,72.55342858886821
842.0,299.0,265.0,279.0,321.0,246.0,262.0,299.238519,264.769723,278.877634,-0.2385189999999966,0.23027700000000095,0.12236599999999953,0.35340097346498456,33.67491648096547
843.0,571.0,273.0,279.0,633.0,360.0,265.0,571.376505,272.27275299999997,278.173264,-0.3765049999999519,0.727247000000034,0.8267359999999826,1.163673763444886,107.74506949276147
844.0,500.0,65.0,280.0,632.0,93.0,263.0,501.12079800000004,65.02811999999999,279.763123,-1.1207980000000362,-0.028119999999987044,0.23687699999999268,1.1459012192737545,136.0036764208968
845.0,283.0,260.0,280.0,305.0,234.0,264.0,283.701499,259.623759,280.752926,-0.7014990000000125,0.37624099999999316,-0.7529260000000022,1.0956987261825286,37.62977544445356
846.0,296.0,339.0,280.0,288.0,331.0,265.0,295.734696,339.431736,280.498793,0.26530400000001464,-0.4317360000000008,-0.49879299999997784,0.7110391289943094,18.788294228055936
847.0,577.0,471.0,280.0,562.0,592.0,271.0,576.612751,471.07678,280.69581,0.38724899999999707,-0.0767799999999852,-0.6958099999999945,0.8000053202954264,122.25792407856433
848.0,371.0,133.0,281.0,455.0,123.0,262.0,371.370542,134.348679,279.59508300000005,-0.37054200000000037,-1.3486790000000042,1.404916999999955,1.9824298715702116,86.70063436907483
849.0,511.0,229.0,281.0,577.0,286.0,268.0,508.63551100000006,229.355839,281.84541,2.364488999999935,-0.3558390000000031,-0.8454100000000153,2.5361679150130656,88.17028978062848
850.0,368.0,353.0,281.0,367.0,375.0,266.0,368.58091399999995,353.094959,280.33472700000004,-0.5809139999999502,-0.09495900000001711,0.6652729999999565,0.8882941244913688,26.645825188948457
851.0,483.0,143.0,282.0,582.0,176.0,267.0,483.895223,142.565408,282.325178,-0.8952229999999872,0.4345920000000092,-0.32517799999999397,1.046916977547399,105.42770034483347
852.0,500.0,190.0,282.0,582.0,237.0,270.0,499.791878,189.99756399999998,284.04708300000004,0.20812200000000303,0.002436000000017202,-2.0470830000000433,2.057636875123786,95.2732911156112
853.0,283.0,262.0,282.0,304.0,235.0,264.0,283.184556,260.660842,280.746581,-0.1845559999999864,1.3391579999999976,1.253419000000008,1.8434924072696932,38.65229618017538
854.0,525.0,264.0,282.0,582.0,332.0,270.0,524.506223,263.821874,282.90033800000003,0.4937770000000228,0.1781260000000202,-0.9003380000000334,1.042186697213647,89.5377015563835
855.0,543.0,304.0,282.0,588.0,386.0,270.0,543.216941,304.225256,282.214148,-0.2169410000000198,-0.22525600000000168,-0.21414800000002288,0.3790290607869259,94.30270409696638
856.0,408.0,317.0,282.0,427.0,348.0,268.0,408.20077299999997,316.533665,281.955908,-0.20077299999996967,0.46633500000001504,0.044091999999977816,0.5096295068164715,38.961519477556315
857.0,353.0,329.0,282.0,359.0,340.0,268.0,353.277173,327.995861,282.441844,-0.2771730000000048,1.0041390000000092,-0.44184400000000323,1.1315238060182489,18.788294228055936
858.0,479.0,332.0,282.0,503.0,395.0,271.0,479.514458,333.327589,283.411631,-0.5144579999999905,-1.327588999999989,-1.4116309999999999,2.004959268126403,68.30812543175226
859.0,271.0,589.0,282.0,163.0,610.0,270.0,271.225815,588.788833,281.943794,-0.22581500000001142,0.21116700000004585,0.056205999999974665,0.31423403786035287,110.6752004741803
860.0,465.0,167.0,283.0,551.0,198.0,267.0,465.528631,167.72109899999998,282.237122,-0.5286310000000185,-0.7210989999999811,0.7628780000000006,1.1753371196580125,92.80624978954812
861.0,510.0,234.0,283.0,577.0,292.0,270.0,510.21471299999996,234.03787899999998,283.411808,-0.21471299999996063,-0.03787899999997535,-0.4118080000000077,0.46596386112443056,89.56561840349231
862.0,489.0,318.0,283.0,519.0,380.0,270.0,488.03654900000004,317.50163299999997,282.681668,0.9634509999999636,0.4983670000000302,0.31833199999999806,1.1304613033244255,70.09279563550022
863.0,374.0,344.0,283.0,377.0,367.0,269.0,374.29808999999995,344.307503,282.832271,-0.2980899999999451,-0.307502999999997,0.16772900000000845,0.45994430157353644,27.09243436828813
864.0,476.0,394.0,283.0,477.0,466.0,271.0,477.780735,395.261157,282.703466,-1.7807349999999929,-1.2611570000000256,0.2965340000000083,2.2021504335603517,73.0
865.0,507.0,235.0,284.0,574.0,292.0,272.0,507.90172699999994,234.837286,285.06781,-0.9017269999999371,0.16271399999999403,-1.0678100000000086,1.4070556578987568,88.78062851771213
866.0,441.0,277.0,284.0,482.0,315.0,270.0,442.374256,276.60970799999996,283.678145,-1.3742560000000026,0.39029200000004494,0.32185500000002776,1.4644104751827816,57.62811813689564
867.0,323.0,280.0,284.0,342.0,272.0,269.0,322.385455,279.582668,284.17942600000003,0.614545000000021,0.4173319999999876,-0.17942600000003495,0.7642154439194669,25.495097567963924
868.0,506.0,409.0,284.0,504.0,492.0,274.0,505.5536430000001,408.475288,284.693254,0.44635699999992084,0.5247120000000223,-0.6932540000000245,0.977322036438853,83.62415918859813
869.0,285.0,469.0,284.0,225.0,477.0,271.0,284.814708,469.3254549999999,284.013637,0.185292000000004,-0.3254549999999199,-0.013637000000016997,0.3747533189418738,61.91122676865643
870.0,534.0,251.0,285.0,598.0,320.0,273.0,533.8453589999999,250.36611599999998,285.41181,0.1546410000000833,0.6338840000000232,-0.4118100000000027,0.7715635038265207,94.87360012142472
871.0,555.0,266.0,285.0,616.0,347.0,273.0,554.8571279999999,266.668032,284.982825,0.1428720000001249,-0.6680319999999824,0.017175000000008822,0.6833550629306938,102.1077861869505
872.0,457.0,275.0,285.0,500.0,318.0,272.0,457.16069699999997,274.28072399999996,285.177688,-0.16069699999997056,0.7192760000000362,-0.1776879999999892,0.7581256593263671,62.185207244167
873.0,434.0,287.0,285.0,469.0,324.0,272.0,434.631689,287.002847,285.28276800000003,-0.6316889999999944,-0.0028469999999742868,-0.28276800000003277,0.6920959759701044,52.5642464038057
874.0,292.0,342.0,285.0,282.0,333.0,269.0,291.62902599999995,342.584746,283.786655,0.37097400000004654,-0.5847459999999955,1.213345000000004,1.3970524980175365,20.904544960366874
875.0,272.0,473.0,285.0,209.0,476.0,272.0,272.130201,472.717843,284.936736,-0.13020099999999957,0.2821569999999838,0.06326400000000376,0.31712333049775954,64.39720490828775
876.0,569.0,308.0,286.0,616.0,399.0,274.0,568.394128,307.086854,285.17454499999997,0.6058719999999767,0.9131459999999834,0.8254550000000336,1.3719666376136836,103.12128781197411
877.0,379.0,317.0,286.0,393.0,337.0,273.0,378.963656,316.87370699999997,286.38043300000004,0.0363439999999855,0.1262930000000324,-0.3804330000000391,0.4024923299567793,27.65863337187866
878.0,295.0,310.0,287.0,298.0,297.0,273.0,294.73368600000003,310.488362,287.407243,0.26631399999996574,-0.4883619999999951,-0.407242999999994,0.6893964394229,19.339079605813716
879.0,441.0,372.0,287.0,444.0,425.0,275.0,441.507034,372.018548,286.664983,-0.507033999999976,-0.01854800000000978,0.33501699999999346,0.6079999142672404,54.42425929675111
880.0,278.0,471.0,287.0,217.0,477.0,274.0,278.6254,471.4345129999999,286.51768100000004,-0.6254000000000133,-0.43451299999992443,0.4823189999999613,0.9014201711354775,62.65780079128216
881.0,499.0,233.0,288.0,565.0,287.0,275.0,499.63457000000005,233.32083899999998,287.63793499999997,-0.6345700000000534,-0.3208389999999781,0.3620650000000296,0.7979397302090397,86.26123115281858
882.0,558.0,333.0,288.0,594.0,424.0,277.0,557.8292789999999,332.263152,287.456978,0.1707210000000714,0.736848000000009,0.5430220000000077,0.9311087624058996,98.47842403288143
883.0,513.0,102.0,289.0,632.0,140.0,276.0,513.466819,101.67816399999998,289.848142,-0.4668189999999868,0.3218360000000189,-0.8481419999999957,1.0202172522659045,125.59458587057007
884.0,506.0,227.0,289.0,575.0,283.0,276.0,506.374054,227.622323,288.448371,-0.374054000000001,-0.6223229999999944,0.5516289999999913,0.9118644991916202,89.81091247727082
885.0,384.0,357.0,289.0,385.0,385.0,276.0,385.261596,356.28346899999997,288.305069,-1.2615959999999973,0.7165310000000318,0.6949309999999969,1.6087169533320753,30.886890422961002
886.0,355.0,156.0,290.0,426.0,142.0,275.0,353.89660899999996,156.779544,290.184144,1.1033910000000446,-0.7795439999999871,-0.18414400000000342,1.363477011010116,73.90534486760751
887.0,515.0,216.0,290.0,589.0,274.0,277.0,514.921159,216.998377,289.29625799999997,0.07884100000001126,-0.998377000000005,0.7037420000000338,1.2240201550522196,94.91575211733824
888.0,432.0,288.0,290.0,466.0,323.0,277.0,432.08599599999997,287.054334,289.409077,-0.08599599999996599,0.945666000000017,0.5909229999999752,1.1184227677855083,50.49752469181039
889.0,375.0,319.0,290.0,388.0,338.0,276.0,375.365781,318.97990799999997,288.855228,-0.3657810000000268,0.02009200000003375,1.144771999999989,1.2019577198924245,26.94438717061496
890.0,560.0,330.0,290.0,597.0,422.0,280.0,559.667703,329.958179,289.92217800000003,0.3322970000000396,0.0418210000000272,0.0778219999999692,0.3438408875250641,99.66443698732262
891.0,292.0,380.0,290.0,269.0,375.0,277.0,292.52633000000003,378.680475,289.909407,-0.5263300000000299,1.3195249999999987,0.09059300000001258,1.4235085479806682,26.888659319497503
892.0,473.0,158.0,291.0,564.0,188.0,277.0,473.120823,156.667574,290.47751400000004,-0.12082299999997304,1.3324259999999981,0.522485999999958,1.4362969271710304,96.83491106000976
893.0,473.0,208.0,291.0,543.0,248.0,278.0,472.420057,208.76286499999998,290.692912,0.5799430000000143,-0.7628649999999766,0.30708800000002157,1.006280244871176,81.6639455328972
894.0,506.0,231.0,291.0,573.0,287.0,279.0,505.8879139999999,231.27986299999998,290.869775,0.11208600000009028,-0.27986299999997755,0.13022499999999582,0.32839780874726704,88.14193099768123
895.0,301.0,289.0,291.0,314.0,276.0,277.0,301.740611,290.048448,290.846766,-0.7406110000000012,-1.0484480000000076,0.15323399999999765,1.2927600399072585,23.108440016582687
896.0,341.0,342.0,291.0,340.0,351.0,279.0,341.474676,341.59064,291.43138899999997,-0.4746759999999881,0.4093599999999924,-0.4313889999999674,0.7609135193285465,15.033296378372908
897.0,525.0,425.0,291.0,520.0,519.0,284.0,525.102704,425.39443399999993,292.469841,-0.102704000000017,-0.3944339999999329,-1.469840999999974,1.5253061519750302,94.39279633531363
898.0,474.0,143.0,292.0,569.0,173.0,279.0,473.122324,143.73063100000002,292.268773,0.8776760000000081,-0.7306310000000167,-0.26877300000001014,1.1731904127915656,100.46890066085126
899.0,536.0,243.0,293.0,603.0,313.0,281.0,535.9829560000001,243.70431299999998,292.022973,0.01704399999994166,-0.7043129999999849,0.977027000000021,1.2045451667056812,97.63708311906906
900.0,372.0,315.0,293.0,385.0,333.0,279.0,371.761188,315.903551,291.39099699999997,0.2388119999999958,-0.9035509999999931,1.6090030000000297,1.8607327145385715,26.248809496813376
901.0,373.0,327.0,293.0,384.0,345.0,282.0,374.13335,325.51788999999997,293.710107,-1.1333500000000072,1.4821100000000342,-0.7101069999999936,1.996342712574449,23.790754506740637
902.0,344.0,275.0,294.0,369.0,275.0,281.0,344.25722199999996,275.011079,293.821555,-0.2572219999999561,-0.011078999999995176,0.17844500000001062,0.3132547199165259,28.178005607210743
903.0,274.0,339.0,294.0,261.0,322.0,281.0,272.55816699999997,339.613065,293.87262599999997,1.441833000000031,-0.613065000000006,0.12737400000003163,1.5719272343178308,25.03996805109783
904.0,345.0,540.0,294.0,267.0,582.0,285.0,344.896583,540.137539,293.977458,0.103416999999979,-0.137538999999947,0.022541999999987183,0.1735517046127191,89.04493247793498
905.0,515.0,210.0,295.0,591.0,267.0,283.0,514.709178,211.09707699999998,294.285775,0.2908220000000483,-1.0970769999999845,0.714224999999999,1.3409969165654307,95.75489543621255
906.0,505.0,219.0,295.0,577.0,272.0,284.0,505.1397649999999,218.632083,295.124996,-0.13976499999989755,0.3679170000000056,-0.1249960000000101,0.4129420953717095,90.07774419910837
907.0,498.0,224.0,295.0,567.0,275.0,284.0,498.149278,223.56322699999998,295.14604299999996,-0.14927799999998115,0.4367730000000165,-0.14604299999996329,0.48413131758025946,86.50433515148244
908.0,335.0,258.0,295.0,365.0,252.0,281.0,335.165373,258.177765,294.122092,-0.16537299999998822,-0.17776500000002216,0.8779079999999908,0.910862822173563,33.645207682521445
909.0,458.0,267.0,295.0,504.0,310.0,284.0,458.297641,267.140712,295.084296,-0.2976409999999987,-0.14071200000000772,-0.08429599999999482,0.3398467999569814,63.92182725798755
910.0,365.0,327.0,295.0,373.0,343.0,284.0,365.08331,326.842981,295.436059,-0.08330999999998312,0.15701899999999114,-0.4360590000000002,0.47089592686919113,21.0
911.0,328.0,430.0,295.0,290.0,448.0,285.0,327.909511,430.026752,295.463274,0.09048899999999094,-0.026751999999987675,-0.4632740000000126,0.4727861331521996,43.22036556994862
912.0,505.0,103.0,296.0,624.0,138.0,282.0,506.78465300000005,102.26220399999998,294.834564,-1.7846530000000485,0.7377960000000172,1.1654359999999997,2.2555643059157497,124.82788150088905
913.0,307.0,213.0,296.0,349.0,189.0,282.0,306.35150400000003,213.390077,295.793593,0.648495999999966,-0.3900769999999909,0.20640700000001289,0.784417604082133,50.35871324805669
914.0,506.0,215.0,296.0,578.0,269.0,285.0,505.14555399999995,216.05052999999998,295.974895,0.8544460000000527,-1.0505299999999806,0.02510499999999638,1.354371259603898,90.6697303403953
915.0,333.0,386.0,296.0,313.0,399.0,285.0,333.035274,385.969295,295.923055,-0.03527400000001535,0.03070500000001175,0.07694500000002336,0.09004212972828553,26.267851073127396
916.0,484.0,396.0,296.0,484.0,469.0,287.0,484.147214,395.92817199999996,295.737763,-0.1472140000000195,0.07182800000003908,0.26223700000002736,0.3091916356388473,73.55270219373317
917.0,498.0,399.0,296.0,500.0,477.0,287.0,498.661926,397.985196,295.549579,-0.661925999999994,1.0148040000000265,0.45042100000000573,1.2926145075516717,78.54298186343577
918.0,325.0,434.0,296.0,285.0,451.0,286.0,324.813642,433.667697,296.275103,0.18635799999998426,0.33230300000002444,-0.27510300000000143,0.4699321744486231,44.598206241955516
919.0,517.0,270.0,297.0,571.0,336.0,287.0,517.154309,269.955443,296.84504400000003,-0.15430900000001202,0.044556999999997515,0.15495599999997012,0.2231769604282535,85.86035173466273
920.0,542.0,311.0,297.0,584.0,393.0,288.0,542.094286,310.87995,296.901971,-0.09428600000001097,0.120049999999992,0.09802899999999681,0.18141537183215628,92.56889326334198
921.0,273.0,480.0,297.0,207.0,484.0,287.0,272.794441,479.60048699999993,297.14279999999997,0.20555899999999383,0.39951300000006995,-0.14279999999996562,0.4714413851689768,66.87301398920195
922.0,399.0,248.0,298.0,442.0,265.0,287.0,398.438462,248.31955,298.440739,0.5615379999999845,-0.31954999999999245,-0.44073900000000776,0.7821048485113646,47.52893855326458
923.0,554.0,305.0,298.0,599.0,392.0,288.0,553.490545,306.203077,296.82815200000005,0.5094550000000027,-1.2030770000000075,1.1718479999999545,1.755040284454438,98.45811292118086
924.0,557.0,319.0,298.0,599.0,409.0,290.0,557.9314079999999,319.43319499999996,298.261769,-0.9314079999999194,-0.43319499999995514,-0.26176900000001524,1.060048008275955,99.6393496566492
925.0,426.0,323.0,298.0,445.0,362.0,288.0,426.013539,322.927827,298.072086,-0.013538999999980206,0.07217300000002069,-0.07208600000001297,0.10290110711748596,44.51965857910413
926.0,469.0,390.0,298.0,470.0,457.0,289.0,470.164382,390.26223799999997,297.601603,-1.1643819999999891,-0.262237999999968,0.39839699999998857,1.258282313384778,67.60917097554147
927.0,518.0,424.0,298.0,513.0,518.0,294.0,519.494375,426.534491,300.716114,-1.494374999999991,-2.5344910000000027,-2.7161140000000046,4.004257300761529,94.2178327069775
928.0,530.0,438.0,298.0,519.0,536.0,291.0,528.8122129999999,438.933167,298.00624400000004,1.1877870000000712,-0.9331670000000258,-0.006244000000037886,1.5105222920547112,98.8635423197045
929.0,434.0,98.0,299.0,542.0,104.0,286.0,434.25440299999997,97.198546,298.992158,-0.25440299999996796,0.8014540000000068,0.007841999999982363,0.8408988628182311,108.94494022211403
930.0,492.0,166.0,299.0,582.0,206.0,287.0,491.88271299999997,166.072868,298.351288,0.117287000000033,-0.07286799999999971,0.6487119999999891,0.6632444833822544,99.2169340384997
931.0,533.0,271.0,299.0,589.0,343.0,290.0,532.990502,270.744577,299.115715,0.009498000000007778,0.2554230000000075,-0.11571500000002288,0.28057277515469903,91.65696918401787
932.0,531.0,292.0,299.0,579.0,367.0,290.0,531.463186,291.994779,298.88327100000004,-0.4631859999999506,0.005221000000005915,0.11672899999996389,0.47769675410028256,89.49860334105779
933.0,272.0,341.0,299.0,260.0,323.0,287.0,272.096112,340.70850399999995,298.782753,-0.09611200000000508,0.29149600000005194,0.2172469999999862,0.37603682475128053,24.73863375370596
934.0,455.0,366.0,299.0,462.0,423.0,290.0,455.111644,365.930512,298.87723700000004,-0.11164400000001251,0.06948799999997846,0.12276299999996354,0.1798991913516869,58.12916651733448
935.0,502.0,383.0,299.0,510.0,461.0,291.0,502.3070419999999,382.990682,298.96310300000005,-0.30704199999991033,0.009318000000007487,0.03689699999995355,0.30939134360376286,78.81624198095213
936.0,169.0,448.0,299.0,98.0,408.0,288.0,168.328867,448.88913,299.503742,0.6711329999999975,-0.8891300000000228,-0.5037419999999884,1.2225905541729927,82.23138087129512
937.0,306.0,136.0,300.0,378.0,99.0,286.0,305.51023200000003,135.950596,299.991577,0.48976799999996956,0.04940400000000977,0.008422999999993408,0.4923254979878363,82.15229759416349
938.0,501.0,216.0,300.0,573.0,267.0,290.0,500.785522,215.844889,300.124727,0.2144779999999855,0.1551110000000051,-0.12472700000000714,0.29260392911578814,88.79752248796134
939.0,429.0,218.0,300.0,489.0,241.0,288.0,428.727404,217.45962899999998,299.280733,0.2725960000000214,0.5403710000000217,0.7192670000000021,0.9400289432491098,65.36818798161687
940.0,549.0,306.0,300.0,594.0,390.0,292.0,549.121365,305.98771,300.158572,-0.12136499999996886,0.01229000000000724,-0.15857199999999239,0.2000639560465358,95.62949335848225
941.0,531.0,435.0,300.0,523.0,532.0,294.0,530.907429,434.81401299999993,300.48986,0.09257100000002083,0.1859870000000683,-0.4898600000000215,0.5320933882412469,97.51410154434076
942.0,509.0,127.0,301.0,617.0,167.0,290.0,508.96255799999994,126.69574899999998,301.079883,0.037442000000055486,0.30425100000002203,-0.07988299999999526,0.31678362971280066,115.69356075426151
943.0,474.0,234.0,301.0,535.0,278.0,290.0,474.11761099999995,234.27239699999996,300.209534,-0.11761099999995395,-0.27239699999995537,0.7904659999999808,0.8443156815350136,76.01315675591957
944.0,584.0,343.0,301.0,620.0,446.0,295.0,583.921709,342.774766,301.791956,0.07829100000003564,0.22523400000000038,-0.7919560000000274,0.8270756563779695,109.27488274987991
945.0,337.0,417.0,301.0,306.0,437.0,291.0,337.53624199999996,417.37726999999995,300.42091100000005,-0.5362419999999588,-0.37726999999995314,0.5790889999999536,0.8747755171384638,38.22302970723278
946.0,329.0,188.0,302.0,385.0,168.0,290.0,328.936901,187.789367,302.396244,0.06309900000002244,0.2106330000000014,-0.39624400000002424,0.45316338336854034,60.663003552412405
947.0,560.0,304.0,302.0,608.0,392.0,295.0,560.548427,303.931294,302.51250200000004,-0.5484269999999469,0.06870600000002014,-0.5125020000000404,0.7537579112480253,100.48382954485761
948.0,529.0,435.0,302.0,522.0,532.0,295.0,530.139483,435.08372399999996,301.314998,-1.139483000000041,-0.08372399999996105,0.6850019999999972,1.3321632615670962,97.50384607798813
949.0,501.0,212.0,303.0,575.0,263.0,293.0,501.3265500000001,212.245705,302.619795,-0.32655000000011114,-0.24570499999998674,0.38020499999998947,0.5581771148569763,90.4267659490264
950.0,473.0,232.0,303.0,534.0,274.0,293.0,472.327357,231.45316799999998,302.72177999999997,0.6726429999999937,0.5468320000000233,0.278220000000033,0.9104285859269992,74.73285756613352
951.0,470.0,323.0,303.0,495.0,379.0,295.0,469.354842,323.20732499999997,303.316463,0.6451579999999808,-0.2073249999999689,-0.31646299999999883,0.7479046269130587,61.84658438426491
952.0,502.0,371.0,303.0,514.0,447.0,296.0,501.81904399999996,371.12,303.206253,0.18095600000003742,-0.12000000000000455,-0.2062530000000038,0.2994751641539181,77.25930364687478
953.0,400.0,269.0,304.0,435.0,290.0,293.0,399.557467,269.625251,303.09551799999997,0.4425330000000258,-0.6252509999999916,0.90448200000003,1.1852687279322216,42.2729227756965
954.0,445.0,41.0,305.0,576.0,42.0,292.0,444.60112499999997,40.237336,304.462348,0.3988750000000323,0.7626640000000009,0.53765199999998,1.0148040774578144,131.64725595317208
955.0,364.0,322.0,305.0,373.0,337.0,296.0,363.63218,322.297105,305.341429,0.3678199999999947,-0.29710499999998774,-0.3414290000000051,0.583212393100483,19.672315572906
956.0,278.0,471.0,305.0,216.0,476.0,298.0,277.80770700000005,471.15082399999994,306.201366,0.19229299999994964,-0.15082399999994323,-1.2013660000000073,1.225970938799522,62.5939294181153
957.0,240.0,578.0,305.0,131.0,584.0,298.0,239.851025,577.1761329999999,305.384408,0.14897500000000719,0.8238670000000639,-0.38440800000000763,0.9212599496223166,109.38921336219582
958.0,423.0,150.0,306.0,508.0,160.0,294.0,422.47484699999995,149.633332,305.06616199999996,0.5251530000000457,0.3666680000000042,0.933838000000037,1.1323800183141348,86.42337646724988
959.0,433.0,323.0,306.0,453.0,364.0,297.0,432.832925,322.48967700000003,305.376844,0.1670750000000112,0.5103229999999712,0.6231559999999945,0.8225977268932656,46.49731175025068
960.0,363.0,325.0,306.0,372.0,339.0,297.0,363.38453599999997,324.12101199999995,306.142425,-0.3845359999999687,0.8789880000000494,-0.1424250000000029,0.9699343895671828,18.920887928424502
961.0,564.0,344.0,306.0,596.0,440.0,300.0,563.756287,344.400448,306.09886600000004,0.243712999999957,-0.40044799999998304,-0.09886600000004364,0.4790919671931205,101.3706071797935
962.0,275.0,223.0,307.0,309.0,188.0,295.0,275.12651700000004,223.138817,306.68706,-0.1265170000000353,-0.13881699999998887,0.312940000000026,0.3649769230759968,50.24937810560445
963.0,575.0,471.0,307.0,559.0,590.0,303.0,574.053903,470.61377100000004,306.958314,0.9460970000000088,0.3862289999999575,0.04168600000002698,1.0227463500037466,120.13742131409347
964.0,449.0,11.0,308.0,592.0,9.0,296.0,448.48623799999996,10.472246000000013,308.04672300000004,0.5137620000000425,0.5277539999999874,-0.0467230000000427,0.7380099700471764,143.51654956833374
965.0,499.0,206.0,308.0,575.0,255.0,299.0,499.30022999999994,206.087277,307.632835,-0.30022999999994227,-0.08727700000000027,0.36716499999999996,0.4822504171630807,90.87353850269065
966.0,312.0,223.0,308.0,350.0,202.0,296.0,310.63863299999997,223.36853,307.102712,1.3613670000000297,-0.3685299999999927,0.8972880000000032,1.6716040872566331,45.044422518220834
967.0,348.0,67.0,309.0,454.0,35.0,297.0,348.0203399999999,66.56445000000001,309.34247700000003,-0.0203399999999192,0.4355499999999921,-0.3424770000000308,0.554443877799197,111.37324633860683
968.0,366.0,67.0,309.0,475.0,43.0,297.0,366.42052199999995,67.32154899999999,309.12566300000003,-0.42052199999994855,-0.3215489999999903,-0.1256630000000314,0.544080601982793,112.25417586887359
969.0,276.0,483.0,309.0,209.0,489.0,302.0,275.786604,483.111897,309.362173,0.21339599999998882,-0.11189699999999903,-0.3621729999999843,0.43500353257644203,67.63135367564367
970.0,456.0,167.0,310.0,540.0,193.0,300.0,455.9817259999999,167.01640199999997,309.40105900000003,0.018274000000076285,-0.01640199999997094,0.598940999999968,0.5994441476576141,88.49858755935034
971.0,451.0,208.0,310.0,519.0,238.0,301.0,451.378695,207.455223,309.797522,-0.37869499999999334,0.5447770000000105,0.20247799999998506,0.6936780400430739,74.86654793697917
972.0,502.0,306.0,310.0,540.0,372.0,305.0,502.59449499999994,306.165574,311.33741,-0.594494999999938,-0.16557399999999234,-1.3374099999999771,1.4729238142554633,76.32168761236873
973.0,478.0,387.0,310.0,480.0,455.0,305.0,477.561388,386.263808,310.679077,0.4386119999999778,0.7361920000000168,-0.6790770000000066,1.0933913843345457,68.21290200541243
974.0,384.0,83.0,311.0,489.0,68.0,299.0,383.821909,83.128661,310.38254800000004,0.1780909999999949,-0.12866099999999392,0.6174519999999575,0.6553754874161408,106.74268124794318
975.0,397.0,276.0,311.0,428.0,297.0,303.0,396.030346,276.98209199999997,311.245223,0.9696539999999914,-0.982091999999966,-0.24522300000000996,1.4017374561268316,38.28837943815329
976.0,436.0,277.0,311.0,475.0,312.0,303.0,436.456029,276.419267,310.795036,-0.4560290000000009,0.5807330000000093,0.20496400000001813,0.7663051007438348,53.009433122794285
977.0,448.0,292.0,311.0,482.0,335.0,303.0,447.87916,292.472626,310.477321,0.12083999999998696,-0.4726259999999911,0.5226789999999824,0.7149622217411001,55.39855593785816
978.0,570.0,327.0,311.0,610.0,422.0,306.0,570.007773,326.83124999999995,311.15245200000004,-0.0077730000000428845,0.16875000000004547,-0.15245200000003933,0.22754910312507937,103.19883720275146
979.0,467.0,169.0,312.0,552.0,200.0,303.0,467.15535499999993,169.365446,311.706086,-0.15535499999992908,-0.3654459999999915,0.2939139999999725,0.49403582292881915,90.92304438369845
980.0,540.0,187.0,312.0,629.0,248.0,304.0,539.487989,186.65703099999996,311.505188,0.5120110000000295,0.34296900000003916,0.49481200000002445,0.7903302565548667,108.1942697188719
981.0,433.0,234.0,312.0,487.0,262.0,303.0,432.77360699999997,234.444547,311.329874,0.22639300000003004,-0.444547,0.670125999999982,0.8354308358769081,61.48983655857283
982.0,272.0,481.0,312.0,205.0,485.0,305.0,271.665068,481.072623,311.89159700000005,0.3349319999999807,-0.07262300000002142,0.10840299999995295,0.35945062965862223,67.48333127521195
983.0,488.0,503.0,312.0,447.0,594.0,308.0,488.105719,502.88911299999995,311.64840200000003,-0.10571900000002188,0.11088700000004792,0.3515979999999672,0.38352781820096465,99.88993943335835
984.0,514.0,275.0,313.0,565.0,341.0,307.0,513.97546,275.595363,313.207285,0.024540000000001783,-0.5953630000000203,-0.20728500000001304,0.6308933226735164,83.62415918859813
985.0,318.0,393.0,313.0,293.0,401.0,305.0,318.196656,392.917711,312.401673,-0.1966560000000186,0.08228900000000294,0.5983269999999834,0.635169474066558,27.440845468024488
986.0,328.0,563.0,313.0,238.0,601.0,309.0,327.523278,562.67539,313.580051,0.4767219999999952,0.32461000000000695,-0.5800510000000259,0.8179820780341278,97.77525249264254
987.0,315.0,75.0,314.0,412.0,31.0,302.0,314.387528,74.424058,313.728313,0.6124720000000252,0.5759419999999977,0.2716869999999858,0.8835411502114775,107.18675291284833
988.0,402.0,127.0,314.0,493.0,125.0,305.0,401.81377999999995,126.441663,314.588069,0.18622000000004846,0.5583369999999945,-0.5880690000000186,0.8320115640602802,91.46584061823299
989.0,520.0,133.0,314.0,627.0,178.0,305.0,519.7323789999999,132.789867,313.181022,0.2676210000000765,0.21013300000001323,0.8189780000000155,0.8868493907164124,116.42594212631478
990.0,429.0,276.0,314.0,467.0,309.0,306.0,429.486268,276.197031,313.335293,-0.4862679999999955,-0.1970309999999813,0.6647070000000213,0.846825353088827,50.96076922496363
991.0,566.0,358.0,314.0,593.0,456.0,310.0,565.678901,357.711231,314.117028,0.3210990000000038,0.28876900000000205,-0.1170280000000048,0.4474233520347421,101.73003489628813
992.0,526.0,417.0,314.0,524.0,509.0,310.0,525.847418,416.83638999999994,313.872359,0.15258200000005218,0.16361000000006243,0.1276409999999828,0.257568871770313,92.10863151735563
993.0,465.0,259.0,315.0,515.0,302.0,309.0,464.99316699999997,258.30724299999997,315.603178,0.006833000000028733,0.6927570000000287,-0.603178000000014,0.9185764261192735,66.21933252457322
994.0,330.0,264.0,315.0,356.0,257.0,307.0,329.71013,264.65599599999996,315.417983,0.2898700000000076,-0.6559959999999592,-0.41798299999999244,0.8300994863297679,28.089143810376278
995.0,489.0,303.0,315.0,525.0,363.0,309.0,488.633318,303.110371,314.80958699999996,0.3666820000000257,-0.11037099999998645,0.19041300000003503,0.4276617323703738,70.22819946431775
996.0,455.0,361.0,315.0,464.0,418.0,310.0,455.5480369999999,361.71957199999997,315.31438,-0.5480369999999084,-0.719571999999971,-0.3143800000000283,0.9575819552147355,57.92236183029832
997.0,487.0,427.0,315.0,475.0,505.0,311.0,486.738356,426.476989,315.020629,0.2616439999999898,0.5230109999999968,-0.020628999999985353,0.5851697569919267,79.01898506055365
998.0,307.0,77.0,316.0,403.0,31.0,305.0,307.421126,76.793101,316.238083,-0.4211260000000152,0.20689900000000705,-0.23808300000001736,0.5261537978253354,107.01868995647442
999.0,385.0,290.0,316.0,410.0,308.0,308.0,384.950055,290.25853,315.31257,0.0499449999999797,-0.2585300000000075,0.6874300000000062,0.7361333227242266,31.827660925679098
1000.0,578.0,312.0,316.0,626.0,407.0,312.0,578.5939,311.07337599999994,316.158373,-0.5938999999999623,0.9266240000000607,-0.15837299999998322,1.1119493039275947,106.51291001564083
1001.0,474.0,390.0,316.0,474.0,457.0,311.0,473.474014,389.43627,315.605763,0.525985999999989,0.5637300000000209,0.3942369999999755,0.8659535768532818,67.1863081289633
1002.0,523.0,417.0,316.0,519.0,508.0,313.0,521.729241,417.38839499999995,316.37129600000003,1.2707589999999982,-0.38839499999994587,-0.3712960000000294,1.3796883096272052,91.13725912051558
1003.0,364.0,489.0,316.0,308.0,530.0,311.0,363.467433,489.32193399999994,315.675096,0.5325669999999718,-0.321933999999942,0.32490400000000363,0.7020197426432785,69.58448102845921
1004.0,533.0,302.0,317.0,578.0,379.0,313.0,534.018308,301.803638,317.590621,-1.0183080000000473,0.1963620000000219,-0.5906209999999987,1.1934581616249074,89.27485648266257
1005.0,306.0,84.0,318.0,399.0,38.0,307.0,306.15210299999995,83.292179,317.815314,-0.15210299999995414,0.7078209999999956,0.18468599999999924,0.7471645128390264,104.33599570617994
1006.0,419.0,101.0,318.0,523.0,102.0,309.0,419.1797189999999,100.807763,317.97157000000004,-0.17971899999992047,0.19223700000000576,0.028429999999957545,0.26469274268474235,104.39348638684312
1007.0,271.0,477.0,318.0,205.0,480.0,312.0,270.428349,477.255215,317.687836,0.5716509999999744,-0.25521500000002106,0.31216399999999567,0.699546942614989,66.34003316248794
1008.0,586.0,478.0,318.0,571.0,603.0,317.0,586.889066,477.732389,318.204447,-0.8890659999999571,0.26761099999998805,-0.20444700000001603,0.9507116153103021,125.90075456485556
1009.0,301.0,148.0,319.0,367.0,110.0,309.0,300.03426299999995,147.582207,318.768258,0.9657370000000469,0.417792999999989,0.231741999999997,1.0774522256611103,76.81145747868608
1010.0,486.0,277.0,319.0,532.0,331.0,313.0,485.78473599999995,276.462244,318.433425,0.21526400000004742,0.5377560000000017,0.5665750000000003,0.8102637446270334,71.18988692223074
1011.0,581.0,310.0,319.0,630.0,406.0,316.0,581.478717,309.295242,319.42518800000005,-0.47871699999996054,0.7047580000000266,-0.4251880000000483,0.9521757400800762,107.82393055347222
1012.0,575.0,321.0,319.0,619.0,417.0,316.0,575.792344,320.703155,319.355393,-0.7923439999999573,0.2968450000000189,-0.3553929999999923,0.9177309806310007,105.64563407921787
1013.0,583.0,357.0,319.0,613.0,462.0,316.0,582.8365749999999,357.232475,318.84655399999997,0.16342500000007476,-0.2324750000000222,0.15344600000003084,0.322952057070464,109.24284873619875
1014.0,518.0,140.0,320.0,622.0,185.0,313.0,517.7411500000001,139.607286,319.680451,0.2588499999999385,0.3927140000000122,0.319548999999995,0.5686292040486266,113.53413583587978
1015.0,515.0,277.0,320.0,565.0,344.0,316.0,514.838245,278.014191,320.54578000000004,0.161754999999971,-1.0141909999999825,-0.5457800000000361,1.1630235908639148,83.69587803470371
1016.0,513.0,401.0,320.0,515.0,484.0,317.0,512.413833,399.81688699999995,319.961552,0.5861670000000458,1.1831130000000485,0.03844800000001669,1.3209187603188055,83.07827634225448
1017.0,314.0,137.0,321.0,388.0,103.0,312.0,314.559624,136.712014,321.190745,-0.5596239999999852,0.2879859999999894,-0.19074499999999261,0.6576462670744619,81.93289937503738
1018.0,338.0,201.0,321.0,389.0,187.0,313.0,337.19854999999995,201.737987,320.99046699999997,0.8014500000000453,-0.737987000000004,0.009533000000033098,1.089512640017581,53.48831648126533
1019.0,580.0,325.0,321.0,622.0,424.0,318.0,579.9629789999999,325.382338,320.892542,0.03702100000009523,-0.3823380000000043,0.10745800000000827,0.39887356699712767,107.58252646224665
1020.0,517.0,398.0,321.0,521.0,484.0,318.0,517.0855449999999,398.266703,320.74660800000004,-0.08554499999991094,-0.2667030000000068,0.25339199999996254,0.3776982166994827,86.14522621712709
1021.0,258.0,591.0,321.0,147.0,606.0,317.0,258.181663,590.297323,320.59605799999997,-0.18166300000001456,0.7026769999999942,0.4039420000000291,0.8306175722087877,112.08032833642129
1022.0,336.0,203.0,322.0,388.0,188.0,314.0,336.690755,202.784796,321.803534,-0.6907550000000242,0.21520399999999995,0.1964659999999867,0.7497026882685084,54.70831746635972
1023.0,374.0,238.0,322.0,417.0,243.0,315.0,373.543934,237.99534699999998,321.79298700000004,0.4560660000000212,0.004653000000018892,0.2070129999999608,0.5008714694749575,43.8520238985614
1024.0,514.0,281.0,322.0,562.0,348.0,318.0,513.5658629999999,281.92199,322.153498,0.43413700000007793,-0.9219899999999939,-0.15349800000001323,1.0305833934588022,82.516664983505
1025.0,325.0,407.0,322.0,296.0,420.0,315.0,325.56228699999997,406.99987799999997,320.349266,-0.5622869999999693,0.00012200000003304012,1.650734,1.743871963192529,32.54228019054596
1026.0,533.0,417.0,322.0,532.0,512.0,320.0,532.936103,417.185064,321.984458,0.0638969999999972,-0.18506400000001122,0.015541999999982181,0.19640026595960414,95.0263121456368
1027.0,479.0,94.0,323.0,595.0,118.0,316.0,479.35693899999995,94.590493,323.102046,-0.3569389999999544,-0.590492999999995,-0.10204599999997299,0.6974961067174182,118.66338946785567
1028.0,491.0,117.0,323.0,600.0,148.0,317.0,491.056087,116.61323399999999,323.53069800000003,-0.056086999999990894,0.3867660000000086,-0.5306980000000294,0.6590706013235887,113.48127598859647
1029.0,377.0,154.0,323.0,453.0,148.0,316.0,376.81412099999994,154.821303,323.553008,0.18587900000005675,-0.8213030000000003,-0.5530079999999771,1.0074261603283867,76.55716818169282
1030.0,336.0,276.0,323.0,359.0,272.0,316.0,336.026009,275.620045,322.594448,-0.026008999999987736,0.3799549999999954,0.40555200000000013,0.5563404486553138,24.372115213907882
1031.0,377.0,293.0,323.0,399.0,308.0,317.0,376.484353,293.205899,322.750264,0.5156470000000013,-0.20589899999998806,0.24973599999998441,0.6088138438849667,27.294688127912362
1032.0,580.0,321.0,323.0,625.0,419.0,321.0,581.02095,320.746071,323.393955,-1.0209499999999707,0.2539290000000278,-0.3939550000000054,1.1233963599575878,107.8563859954523
1033.0,486.0,437.0,323.0,470.0,517.0,321.0,486.066178,437.19935,323.098527,-0.06617799999997942,-0.19934999999998126,-0.09852699999999004,0.2320075858953492,81.60882305241266
1034.0,314.0,139.0,324.0,386.0,106.0,315.0,313.813333,139.592456,323.62422000000004,0.18666699999999992,-0.5924559999999985,0.37577999999996337,0.7259884911105483,79.71198153351854
1035.0,561.0,355.0,324.0,589.0,451.0,322.0,561.379546,354.982393,324.033231,-0.3795460000000048,0.017606999999998152,-0.03323100000000068,0.3814046039654,100.0199980003999
1036.0,426.0,268.0,325.0,466.0,299.0,320.0,426.235736,268.82219999999995,324.933497,-0.2357359999999744,-0.8221999999999525,0.06650300000001153,0.8579084745501185,50.85272854036448
1037.0,360.0,281.0,325.0,384.0,287.0,319.0,359.383068,280.806068,324.728469,0.6169320000000198,0.19393200000001798,0.27153099999998176,0.7013870523534217,25.45584412271571
1038.0,433.0,323.0,325.0,453.0,364.0,321.0,433.052477,322.72310100000004,325.042732,-0.05247700000001032,0.2768989999999576,-0.04273200000000088,0.28504897044889965,45.79301256742124
1039.0,353.0,356.0,325.0,348.0,371.0,320.0,353.269516,355.451486,324.740053,-0.2695160000000101,0.5485140000000115,0.25994700000001103,0.6641377306410349,16.583123951777
1040.0,532.0,400.0,325.0,538.0,492.0,323.0,532.423091,400.112372,324.649758,-0.42309099999999944,-0.11237199999999348,0.3502419999999802,0.5606272551606675,92.21713506718802
1041.0,561.0,419.0,325.0,564.0,525.0,324.0,561.2216659999999,419.00672199999997,324.92195100000004,-0.22166599999991377,-0.00672199999996792,0.07804899999996451,0.23510135525121031,106.04715932074748
1042.0,377.0,156.0,326.0,453.0,150.0,319.0,377.36186699999996,156.404677,325.98710200000005,-0.3618669999999611,-0.4046769999999924,0.012897999999950116,0.5430262962527361,76.55716818169282
1043.0,458.0,237.0,326.0,515.0,274.0,321.0,457.818715,236.665211,325.77410999999995,0.18128500000000258,0.33478900000000067,0.22589000000004944,0.4426897534911145,68.1395626636978
1044.0,503.0,249.0,326.0,563.0,307.0,321.0,503.70421,249.830165,325.100919,-0.7042099999999891,-0.8301649999999938,0.8990810000000238,1.4118896188746546,83.60023923410746
1045.0,361.0,287.0,326.0,383.0,295.0,321.0,360.705478,287.302289,326.27645099999995,0.2945219999999722,-0.3022889999999734,-0.2764509999999518,0.5045265140762584,23.93741840717165
1046.0,575.0,362.0,326.0,604.0,465.0,324.0,576.6963659999999,361.981442,325.41717100000005,-1.6963659999998981,0.01855799999998453,0.582828999999947,1.793792532195569,107.02336193560731
1047.0,546.0,384.0,326.0,560.0,478.0,326.0,545.904489,383.542508,327.151016,0.09551099999998769,0.457492000000002,-1.151016000000027,1.2422798048109216,95.03683496413377
1048.0,311.0,497.0,326.0,243.0,518.0,323.0,309.94428700000003,497.01249499999994,326.025082,1.0557129999999688,-0.012494999999944412,-0.025081999999997606,1.0560848309288098,71.2320152740325
1049.0,436.0,61.0,327.0,558.0,63.0,319.0,436.3236,61.498726000000005,326.436049,-0.323599999999999,-0.4987260000000049,0.5639509999999746,0.8194420745098311,122.27837094106218
1050.0,452.0,282.0,327.0,491.0,326.0,323.0,452.714607,283.333399,326.92266600000005,-0.7146070000000009,-1.3333989999999858,0.07733399999995072,1.5147925947818583,58.93216439263028
1051.0,458.0,283.0,327.0,497.0,327.0,323.0,457.63732200000004,282.550587,326.87623900000006,0.36267799999995987,0.44941299999999273,0.12376099999994494,0.5906133772392483,58.93216439263028
1052.0,430.0,316.0,327.0,452.0,356.0,323.0,430.21247100000005,316.785754,326.78385000000003,-0.21247100000005048,-0.7857539999999972,0.21614999999997053,0.8421841228953466,45.8257569495584
1053.0,586.0,354.0,327.0,617.0,459.0,326.0,585.255978,353.95850099999996,327.053983,0.7440219999999726,0.04149900000004436,-0.053983000000016546,0.7471312252703436,109.48515881159419
1054.0,562.0,415.0,327.0,566.0,521.0,327.0,561.762694,415.40753800000005,327.417019,0.23730599999998958,-0.40753800000004503,-0.41701899999998204,0.6295285580821706,106.07544484940895
1055.0,525.0,418.0,327.0,525.0,511.0,328.0,527.309478,418.30566899999997,328.591907,-2.309478000000013,-0.3056689999999662,-1.591906999999992,2.821575812678797,93.00537618869137
1056.0,526.0,145.0,328.0,630.0,194.0,324.0,526.3998889999999,144.62827399999998,328.539536,-0.39988899999991645,0.37172600000002376,-0.5395359999999982,0.767587471688373,115.03477735015616
1057.0,435.0,321.0,328.0,457.0,363.0,325.0,435.937294,320.944967,328.30954699999995,-0.9372940000000085,0.05503299999998035,-0.3095469999999523,0.9886192486159595,47.50789408087881
1058.0,474.0,330.0,328.0,498.0,388.0,325.0,474.30192299999993,329.713032,327.773006,-0.3019229999999311,0.28696800000000167,0.2269939999999906,0.4743779157896741,62.8410693734599
1059.0,534.0,417.0,328.0,533.0,512.0,327.0,533.777233,416.993161,327.714616,0.22276699999997618,0.006839000000013584,0.28538400000002184,0.36209934502288466,95.01052573267869
1060.0,556.0,449.0,328.0,545.0,559.0,329.0,555.3477539999999,450.41639899999996,328.717391,0.6522460000001047,-1.4163989999999558,-0.7173910000000205,1.7164675407936034,110.55315463612968
1061.0,504.0,249.0,329.0,562.0,304.0,327.0,502.201551,247.81721199999998,330.05933000000005,1.798449000000005,1.1827880000000164,-1.0593300000000454,2.399080304501113,79.95623803056269
1062.0,398.0,272.0,329.0,430.0,291.0,324.0,396.215736,272.00378,328.51384900000005,1.7842640000000074,-0.003780000000006112,0.4861509999999498,1.8493120626051671,37.54996671103717
1063.0,565.0,358.0,329.0,592.0,456.0,328.0,565.066471,358.146284,328.87217,-0.06647099999997863,-0.1462839999999801,0.1278300000000172,0.20532391822921103,101.65628362280415
1064.0,318.0,381.0,329.0,297.0,387.0,325.0,317.84587799999997,381.192919,328.936003,0.1541220000000294,-0.1929190000000176,0.0639969999999721,0.25508223664930546,22.20360331117452
1065.0,400.0,157.0,331.0,478.0,159.0,327.0,399.20376,156.976742,332.290609,0.7962400000000116,0.023257999999998447,-1.2906090000000177,1.5166445407692153,78.12809993849844
1066.0,375.0,451.0,331.0,336.0,490.0,330.0,374.993837,451.143228,331.56643599999995,0.006163000000015018,-0.1432280000000219,-0.5664359999999533,0.5842961446466626,55.163393659201205
1067.0,517.0,126.0,332.0,626.0,169.0,328.0,516.8243299999999,126.27966799999999,332.14186300000006,0.17567000000008193,-0.2796679999999867,-0.14186300000005758,0.3594429716840179,117.2433366976563
1068.0,477.0,355.0,332.0,492.0,418.0,331.0,477.49877699999996,354.644238,332.36170400000003,-0.4987769999999614,0.355762000000027,-0.36170400000003156,0.7114596826166635,64.7688196588451
1069.0,552.0,388.0,332.0,563.0,486.0,331.0,550.3627190000001,389.027967,331.13433,1.6372809999999163,-1.0279669999999896,0.8656700000000228,2.118204375160656,98.62048468751307
1070.0,453.0,238.0,333.0,511.0,274.0,329.0,454.783523,237.782959,332.35231,-1.7835230000000024,0.2170409999999947,0.6476900000000114,1.9098595297324936,68.38128398911503
1071.0,311.0,299.0,333.0,321.0,289.0,329.0,311.03792799999997,298.83657900000003,333.259185,-0.03792799999996532,0.16342099999997117,-0.2591850000000022,0.30874232079517233,14.696938456699069
1072.0,475.0,332.0,333.0,497.0,391.0,332.0,474.36931799999996,332.372393,333.47840299999996,0.6306820000000357,-0.3723929999999882,-0.4784029999999575,0.8748175592556402,62.976185975335156
1073.0,507.0,344.0,333.0,530.0,417.0,332.0,506.77734599999997,343.997436,332.975599,0.2226540000000341,0.002564000000006672,0.024401000000011663,0.224001755825743,76.54410493303844
1074.0,448.0,28.0,334.0,585.0,29.0,329.0,448.55148399999996,28.15505900000001,334.885981,-0.5514839999999595,-0.1550590000000085,-0.8859810000000152,1.0550546090596378,137.09485767161362
1075.0,474.0,319.0,334.0,502.0,376.0,332.0,474.35252299999996,319.41599799999995,333.63083800000004,-0.3525229999999624,-0.415997999999945,0.36916199999996024,0.6584887119586017,63.53739056650029
1076.0,467.0,351.0,334.0,481.0,411.0,332.0,467.1388339999999,352.074113,333.32859900000005,-0.13883399999991752,-1.0741130000000112,0.6714009999999462,1.27427348678607,61.644140029689765
1077.0,488.0,469.0,334.0,459.0,554.0,334.0,487.26265499999994,468.93824900000004,333.36724200000003,0.7373450000000616,0.06175099999995837,0.6327579999999671,0.9735879629443064,89.81091247727082
1078.0,28.0,170.0,335.0,44.0,30.0,326.0,28.376336999999996,169.554864,335.51344000000006,-0.3763369999999959,0.4451359999999909,-0.5134400000000596,0.776785832559432,141.19844191774922
1079.0,462.0,256.0,335.0,513.0,297.0,333.0,462.357776,255.17514699999998,335.340873,-0.3577760000000012,0.8248530000000187,-0.34087299999998777,0.9615511114413126,65.46754921333164
1080.0,518.0,298.0,335.0,560.0,370.0,334.0,517.881365,299.69373199999995,335.00998000000004,0.11863500000004024,-1.6937319999999545,-0.0099800000000414,1.6979110552231105,83.3606621854697
1081.0,517.0,304.0,335.0,557.0,374.0,333.0,516.581539,303.572353,334.15946199999996,0.4184609999999793,0.427646999999979,0.8405380000000378,1.0317440063184415,80.64738061462381
1082.0,465.0,310.0,335.0,494.0,362.0,333.0,464.502805,310.62623199999996,334.66505200000006,0.4971949999999765,-0.626231999999959,0.3349479999999403,0.8669253419717786,59.57348403442592
1083.0,483.0,429.0,335.0,470.0,506.0,335.0,483.332589,428.78743599999996,334.703076,-0.3325889999999845,0.21256400000004305,0.29692399999999,0.49392586366073404,78.08969202141856
1084.0,376.0,152.0,336.0,453.0,144.0,332.0,375.91988499999997,151.868527,336.71188400000005,0.0801150000000348,0.13147299999999973,-0.7118840000000546,0.7283422220426901,77.51773990513398
1085.0,529.0,426.0,336.0,524.0,520.0,337.0,528.956075,425.64707,335.863702,0.0439249999999447,0.35293000000001484,0.1362980000000107,0.38087548533478566,94.13819628609845
1086.0,475.0,264.0,337.0,523.0,313.0,335.0,474.3094279999999,265.028317,336.72930099999996,0.6905720000000883,-1.0283170000000155,0.270699000000036,1.2679130444451516,68.62215385719105
1087.0,406.0,280.0,337.0,437.0,304.0,334.0,405.12883700000003,280.383419,336.51096400000006,0.8711629999999673,-0.3834190000000035,0.48903599999994185,1.0700893941283078,39.319206502675
1088.0,373.0,462.0,337.0,329.0,501.0,337.0,372.479876,461.57928300000003,337.20962099999997,0.5201240000000098,0.4207169999999678,-0.20962099999997008,0.7010511629731246,58.7962583843564
1089.0,339.0,127.0,338.0,419.0,101.0,332.0,338.312196,127.292803,337.425621,0.6878040000000283,-0.29280300000000636,0.5743790000000217,0.942719032833255,84.33267456923205
1090.0,332.0,270.0,338.0,356.0,263.0,334.0,331.518032,269.581186,337.46968100000004,0.48196799999999484,0.4188139999999976,0.5303189999999631,0.8300220246360659,25.317977802344327
1091.0,455.0,311.0,338.0,484.0,358.0,338.0,455.73700099999996,310.16632,338.867656,-0.7370009999999638,0.8336800000000153,-0.8676560000000109,1.4110349927400776,55.226805085936306
1092.0,279.0,352.0,338.0,263.0,338.0,336.0,278.777911,352.061593,338.73569799999996,0.22208899999998266,-0.06159300000001622,-0.7356979999999567,0.7709531560178806,21.354156504062622
1093.0,385.0,50.0,339.0,504.0,30.0,334.0,385.912761,50.03957200000001,339.43477600000006,-0.912760999999989,-0.039572000000006824,-0.43477600000005623,1.011794819358663,120.77251342917394
1094.0,577.0,304.0,339.0,628.0,397.0,338.0,577.784426,303.035302,337.57234300000005,-0.7844260000000531,0.9646979999999985,1.4276569999999538,1.893190664019065,106.07073111843813
1095.0,487.0,314.0,339.0,519.0,375.0,338.0,487.35785799999996,314.277511,338.462039,-0.3578579999999647,-0.27751100000000406,0.5379609999999957,0.7031904015314575,68.89121859859934
1096.0,463.0,315.0,339.0,491.0,366.0,339.0,463.26701499999996,314.572935,339.55041800000004,-0.26701499999995804,0.42706500000002734,-0.550418000000036,0.7460841099862942,58.180752831155424
1097.0,316.0,295.0,341.0,327.0,287.0,339.0,315.27167000000003,295.819733,341.443091,0.7283299999999713,-0.8197329999999852,-0.44309099999998125,1.1826903290675532,13.74772708486752
1098.0,451.0,316.0,341.0,476.0,364.0,341.0,451.10859899999997,316.93796599999996,341.29927399999997,-0.10859899999996969,-0.9379659999999603,-0.2992739999999685,0.990524551453875,54.120236510939236
1099.0,586.0,318.0,341.0,631.0,418.0,342.0,585.615471,318.61330899999996,340.57932200000005,0.3845290000000432,-0.6133089999999584,0.4206779999999526,0.8372457590253547,109.66312051004202
1100.0,342.0,426.0,342.0,307.0,448.0,342.0,341.641545,426.161389,342.072416,0.3584549999999922,-0.16138899999998557,-0.07241599999997561,0.39972549756299786,41.340053217188775
1101.0,367.0,458.0,343.0,324.0,493.0,344.0,366.577234,456.730506,343.070703,0.4227660000000242,1.2694940000000088,-0.07070299999998042,1.339904855204667,55.452682532047085
1102.0,471.0,297.0,344.0,507.0,349.0,345.0,471.33284000000003,297.26086499999997,344.58048099999996,-0.3328400000000329,-0.26086499999996704,-0.5804809999999634,0.7181860519294163,63.25345840347388
1103.0,294.0,479.0,344.0,231.0,491.0,344.0,293.78719,479.354915,343.62736300000006,0.2128099999999904,-0.3549150000000054,0.3726369999999406,0.5568761865028486,64.13267497929586
1104.0,26.0,196.0,345.0,30.0,60.0,337.0,25.402179,196.61458000000002,344.245006,0.5978209999999997,-0.6145800000000179,0.7549940000000106,1.1424160645216075,136.29380029920657
1105.0,381.0,259.0,345.0,417.0,269.0,342.0,380.554856,258.462497,343.60326499999996,0.4451440000000275,0.5375030000000152,1.3967350000000351,1.561387625149546,37.48332962798263
1106.0,311.0,254.0,346.0,338.0,237.0,344.0,310.857894,254.153628,346.08071500000005,0.1421060000000125,-0.15362799999999766,-0.08071500000005472,0.22430022034097885,31.96873472629156
1107.0,274.0,479.0,346.0,208.0,482.0,347.0,273.60011299999996,478.369866,346.32593599999996,0.3998870000000352,0.6301339999999982,-0.32593599999995604,0.8143787489988901,66.07571414672717
1108.0,341.0,493.0,346.0,279.0,526.0,347.0,340.220431,494.103243,345.38826600000004,0.7795689999999809,-1.1032430000000204,0.6117339999999558,1.4829333867594867,70.24243731534378
1109.0,412.0,194.0,347.0,477.0,206.0,346.0,410.827575,193.94512699999999,347.297826,1.1724249999999756,0.05487300000001483,-0.2978259999999864,1.210905344372522,66.10597552415364
1110.0,500.0,370.0,347.0,512.0,444.0,350.0,499.9783950000001,369.83388,347.502166,0.021604999999908614,0.16611999999997806,-0.5021659999999883,0.5293706848522848,75.02666192761077
1111.0,532.0,377.0,347.0,545.0,464.0,349.0,530.8163689999999,376.786609,346.252376,1.183631000000105,0.21339100000000144,0.7476239999999734,1.416142545232721,87.98863562983574
1112.0,484.0,85.0,348.0,604.0,108.0,346.0,484.023715,84.77142799999999,347.75358200000005,-0.0237149999999815,0.228572000000014,0.24641799999994873,0.33694122801013865,122.20065466273084
1113.0,338.0,126.0,348.0,419.0,99.0,345.0,337.910818,125.86504500000001,348.102119,0.08918199999999388,0.13495499999999083,-0.10211900000001606,0.19129707606233742,85.43418519538885
1114.0,93.0,180.0,348.0,113.0,68.0,346.0,92.06452100000001,181.340143,351.04788800000006,0.9354789999999866,-1.3401430000000119,-3.047888000000057,3.4584281806095607,113.78927893259541
1115.0,56.0,196.0,348.0,66.0,73.0,342.0,56.80526599999999,197.406024,347.979007,-0.8052659999999889,-1.4060240000000022,0.020992999999975837,1.6204312775866145,123.55160864998885
1116.0,400.0,46.0,349.0,522.0,32.0,345.0,400.521383,47.021024,348.321098,-0.5213830000000144,-1.021023999999997,0.6789019999999937,1.3323806388825232,122.86578042726136
1117.0,470.0,303.0,349.0,503.0,355.0,350.0,469.83110999999997,303.012023,348.628019,0.16889000000003307,-0.012022999999999229,0.3719810000000052,0.4087031306339787,61.59545437773797
1118.0,459.0,326.0,349.0,482.0,377.0,351.0,459.244606,325.57759,349.30211499999996,-0.24460599999997612,0.4224100000000135,-0.30211499999995794,0.5740520678135167,55.98214000911362
1119.0,395.0,302.0,350.0,417.0,325.0,350.0,395.19649599999997,302.057793,349.482585,-0.1964959999999678,-0.05779300000000376,0.5174150000000282,0.5564791021143713,31.827660925679098
1120.0,480.0,326.0,350.0,506.0,385.0,352.0,479.98521800000003,325.56446,349.88753499999996,0.01478199999996832,0.43554000000000315,0.11246500000004289,0.45006885623092324,64.50581369148055
1121.0,431.0,337.0,350.0,445.0,380.0,352.0,431.28172900000004,337.538055,350.29717600000004,-0.2817290000000412,-0.5380549999999857,-0.29717600000003586,0.6761567772654721,45.2658811910251
1122.0,351.0,368.0,350.0,341.0,385.0,350.0,351.746412,368.442533,349.19350099999997,-0.7464120000000207,-0.4425330000000258,0.8064990000000307,1.184654788043379,19.72308292331602
1123.0,398.0,46.0,351.0,519.0,30.0,348.0,397.697243,46.275960999999995,350.820654,0.3027569999999855,-0.27596099999999524,0.17934600000000955,0.4471926456081227,122.09013064126027
1124.0,463.0,151.0,351.0,553.0,177.0,352.0,462.397228,151.708781,352.129181,0.6027720000000159,-0.7087809999999877,-1.1291810000000169,1.4631316826267005,93.68564457802486
1125.0,431.0,271.0,351.0,471.0,303.0,352.0,431.454546,270.941899,351.077767,-0.45454599999999346,0.05810100000002194,-0.07776699999999437,0.4647961903953126,51.234753829797995
1126.0,462.0,304.0,351.0,494.0,353.0,352.0,462.335258,303.817144,350.34251900000004,-0.33525800000001027,0.18285600000001523,0.6574809999999616,0.7603390747955558,58.532042506647585
1127.0,332.0,490.0,351.0,271.0,519.0,354.0,332.24665799999997,490.811519,351.254455,-0.24665799999996807,-0.8115189999999757,-0.2544550000000072,0.885522785336407,67.60917097554147
1128.0,479.0,496.0,351.0,439.0,581.0,356.0,478.946108,495.3335669999999,351.182909,0.053892000000018925,0.6664330000000973,-0.1829089999999951,0.6931760190847127,94.0744386111339
1129.0,423.0,280.0,352.0,457.0,310.0,353.0,422.405435,280.031101,351.89284599999996,0.5945649999999887,-0.031100999999978285,0.10715400000003683,0.604943626416539,45.35416188179427
1130.0,329.0,302.0,352.0,340.0,299.0,352.0,328.614628,301.89154199999996,351.87615700000003,0.38537200000001803,0.10845800000004147,0.12384299999996529,0.41906062186396653,11.40175425099138
1131.0,476.0,326.0,352.0,501.0,384.0,354.0,475.857893,326.106739,351.56705999999997,0.14210700000000998,-0.10673900000000458,0.4329400000000305,0.46800070210420647,63.190189111918315
1132.0,382.0,338.0,352.0,388.0,361.0,353.0,382.05365,337.602064,351.672319,-0.05365000000000464,0.3979360000000156,0.3276809999999841,0.5182723418792503,23.790754506740637
1133.0,602.0,383.0,352.0,625.0,498.0,358.0,601.911355,382.496675,352.75859,0.08864500000004227,0.503325000000018,-0.7585900000000265,0.9146872578920436,117.43083070471741
1134.0,492.0,417.0,352.0,484.0,495.0,356.0,491.542352,416.803814,351.963345,0.45764800000000605,0.19618600000001152,0.03665499999999611,0.49927370001333915,78.51114570556209
1135.0,271.0,480.0,352.0,205.0,483.0,353.0,271.58387,479.985275,351.247515,-0.5838699999999903,0.014724999999998545,0.7524849999999788,0.952551666708928,66.07571414672717
1136.0,441.0,270.0,353.0,482.0,306.0,354.0,440.80132899999995,270.43281,352.617392,0.19867100000004712,-0.4328100000000177,0.3826080000000047,0.6108875051963639,54.57105459856901
1137.0,546.0,400.0,353.0,553.0,496.0,357.0,545.431137,399.65167299999996,352.375592,0.5688629999999648,0.34832700000004024,0.6244080000000167,0.9136860304076061,96.33794683301072
1138.0,355.0,468.0,353.0,306.0,501.0,356.0,354.780526,467.7437319999999,352.91014700000005,0.21947399999999107,0.256268000000091,0.08985299999994822,0.3491642680874339,59.15234568468101
1139.0,122.0,291.0,354.0,106.0,207.0,352.0,122.84074000000001,291.235016,354.32657300000005,-0.8407400000000109,-0.23501599999997325,-0.32657300000005307,0.932054822521208,85.53361912137238
1140.0,343.0,363.0,354.0,333.0,376.0,356.0,343.243189,363.586887,354.26442,-0.24318899999997257,-0.5868869999999902,-0.2644199999999728,0.688109858154903,16.522711641858304
1141.0,333.0,436.0,354.0,294.0,456.0,356.0,333.748603,435.894142,353.522054,-0.7486030000000028,0.105858000000012,0.47794599999997445,0.8944522048097273,43.87482193696061
1142.0,433.0,517.0,355.0,378.0,588.0,361.0,433.41017100000005,516.680968,355.544758,-0.410171000000048,0.3190319999999929,-0.5447580000000016,0.7528498820010777,90.01111042532472
1143.0,464.0,303.0,356.0,496.0,354.0,358.0,464.20448500000003,304.13262799999995,355.23546799999997,-0.20448500000003378,-1.1326279999999542,0.7645320000000311,1.3817269920765671,60.241181927316134
1144.0,534.0,364.0,356.0,554.0,450.0,361.0,534.277877,363.684084,356.20277999999996,-0.2778769999999895,0.31591600000001563,-0.20277999999996155,0.4670527535353886,88.43641783790206
1145.0,397.0,488.0,356.0,346.0,541.0,361.0,396.31606600000003,488.47688199999993,356.29532700000004,0.6839339999999652,-0.4768819999999323,-0.29532700000004297,0.8845338858454849,73.72245248226622
1146.0,348.0,215.0,357.0,396.0,206.0,358.0,347.99273700000003,215.120624,357.59457599999996,0.007262999999966269,-0.12062399999999229,-0.5945759999999609,0.6067318355920934,48.84669896727925
1147.0,492.0,458.0,357.0,468.0,543.0,362.0,491.650984,458.322634,356.392025,0.349016000000006,-0.32263399999999365,0.6079750000000104,0.7717113883033039,88.46468221838589
1148.0,428.0,341.0,358.0,442.0,380.0,361.0,429.03277900000006,338.40554399999996,357.68906200000004,-1.0327790000000618,2.5944560000000365,0.31093799999996463,2.8097182845654287,41.54515615568198
1149.0,533.0,368.0,358.0,551.0,454.0,363.0,533.005495,367.59188299999994,357.81049800000005,-0.005494999999996253,0.4081170000000611,0.18950199999994766,0.4500007652416049,88.0056816347672
1150.0,352.0,200.0,359.0,406.0,191.0,359.0,351.87056,200.87403,358.53779299999997,0.12943999999998823,-0.8740300000000047,0.4622070000000349,0.9971551861917168,54.74486277268398
1151.0,458.0,293.0,359.0,493.0,338.0,361.0,457.738231,292.508193,357.90401799999995,0.26176900000001524,0.49180699999999433,1.095982000000049,1.2294607268774835,57.043842787806646
1152.0,381.0,84.0,360.0,485.0,66.0,359.0,380.74211099999997,83.197965,359.59431400000005,0.25788900000003423,0.8020350000000036,0.40568599999994603,0.9350657774413411,105.55093557141026
1153.0,346.0,219.0,360.0,392.0,210.0,361.0,345.952409,219.298134,360.027432,0.04759100000001126,-0.29813400000000456,-0.027431999999976142,0.3031522717398015,46.88283267892417
1154.0,425.0,272.0,360.0,464.0,301.0,363.0,425.59521399999994,271.31458399999997,360.155523,-0.5952139999999417,0.685416000000032,-0.1555230000000165,0.921011510449777,48.692915295759406
1155.0,367.0,288.0,360.0,390.0,297.0,362.0,367.040506,287.43535599999996,359.80811900000003,-0.04050599999999349,0.5646440000000439,0.19188099999996666,0.5977306257278744,24.779023386727733
1156.0,513.0,352.0,360.0,533.0,428.0,364.0,512.2630250000001,352.07679099999996,359.046824,0.7369749999999158,-0.07679099999995742,0.9531759999999849,1.2073000850169109,78.689262291624
1157.0,454.0,383.0,360.0,454.0,441.0,365.0,454.26370999999995,382.72760600000004,360.16166699999997,-0.2637099999999464,0.27239399999996294,-0.1616669999999658,0.41216219407526994,58.215118311311535
1158.0,422.0,324.0,361.0,439.0,361.0,365.0,421.79522,324.459541,361.21323700000005,0.20478000000002794,-0.45954100000000153,-0.2132370000000492,0.5464273028043473,40.91454509095757
1159.0,491.0,453.0,361.0,469.0,537.0,366.0,490.903764,453.43896499999994,359.73637299999996,0.09623599999997623,-0.4389649999999392,1.2636270000000422,1.341158019791124,86.97700845625813
1160.0,246.0,571.0,361.0,140.0,578.0,366.0,245.906029,570.8350479999999,361.125316,0.09397100000001046,0.1649520000000848,-0.12531599999999798,0.22747265989790827,106.34848376916335
1161.0,506.0,178.0,362.0,592.0,225.0,366.0,505.319214,179.006234,362.798227,0.6807860000000119,-1.0062340000000063,-0.7982269999999971,1.453665293002837,98.08669634563088
1162.0,349.0,209.0,362.0,399.0,199.0,364.0,348.55785000000003,208.959339,362.57836699999996,0.4421499999999696,0.04066100000000006,-0.5783669999999574,0.7291490424528608,51.02940328869229
1163.0,424.0,350.0,362.0,432.0,390.0,367.0,423.91823700000003,348.83473000000004,362.54208400000005,0.08176299999996672,1.165269999999964,-0.5420840000000453,1.2877866376558502,41.09744517606904
1164.0,366.0,434.0,362.0,331.0,466.0,367.0,365.203219,434.15266299999996,362.20301400000005,0.79678100000001,-0.15266299999996136,-0.20301400000005287,0.8362898048679211,47.686476070265456
1165.0,397.0,486.0,362.0,348.0,538.0,368.0,397.153837,485.6936999999999,362.055972,-0.15383700000001,0.3063000000000784,-0.055971999999997024,0.347301565434207,71.7007670809734
1166.0,422.0,500.0,362.0,371.0,565.0,369.0,422.060224,500.705417,362.417769,-0.06022400000000516,-0.7054170000000113,-0.41776900000002115,0.8220529249543694,82.915619758885
1167.0,504.0,78.0,363.0,628.0,108.0,365.0,502.84778299999994,78.71658199999997,363.184986,1.1522170000000642,-0.7165819999999741,-0.18498599999998078,1.3694208987776926,127.59310326189265
1168.0,437.0,183.0,363.0,512.0,203.0,363.0,437.40092799999996,182.6797,361.063633,-0.40092799999996487,0.32030000000000314,1.9363670000000184,2.0032105505595372,77.62087348130012
1169.0,349.0,208.0,363.0,400.0,197.0,365.0,348.82379,207.15488399999998,363.416195,0.17621000000002596,0.8451160000000186,-0.4161950000000161,0.958378471993739,52.21110992882645
1170.0,545.0,417.0,363.0,546.0,517.0,370.0,545.573574,417.917064,362.81453899999997,-0.5735740000000078,-0.9170639999999821,0.18546100000003207,1.0974467167443658,100.2496882788171
1171.0,429.0,507.0,363.0,375.0,577.0,370.0,428.29955999999993,509.00037899999995,363.069425,0.7004400000000714,-2.0003789999999526,-0.06942500000002383,2.120601840955985,88.68483523128404
1172.0,311.0,89.0,364.0,402.0,46.0,363.0,311.07688099999996,89.273664,363.58864000000005,-0.07688099999995757,-0.2736639999999966,0.4113599999999451,0.5000197222679786,100.65286881157436
1173.0,399.0,261.0,364.0,437.0,279.0,367.0,398.92694600000004,261.276927,363.853335,0.07305399999995643,-0.2769270000000006,0.1466649999999845,0.32177021687842616,42.15447781671598
1174.0,495.0,325.0,364.0,523.0,391.0,369.0,494.91223799999995,325.972645,363.64777100000003,0.08776200000005474,-0.972645,0.3522289999999657,1.0381742306135255,71.8679344353238
1175.0,558.0,359.0,364.0,583.0,453.0,371.0,557.685536,358.573073,364.19463299999995,0.3144640000000436,0.42692699999997785,-0.19463299999995343,0.5648329623118594,97.51922887307919
1176.0,400.0,489.0,364.0,350.0,544.0,370.0,400.287227,489.85577,363.61091799999997,-0.28722699999997303,-0.8557700000000068,0.38908200000003035,0.9829681811498375,74.57211275000863
1177.0,493.0,81.0,365.0,616.0,107.0,367.0,493.2808,81.07875599999998,364.904593,-0.2807999999999993,-0.07875599999998428,0.09540700000002289,0.30684465643872877,125.73384588089239
1178.0,498.0,317.0,365.0,530.0,383.0,371.0,498.2889839999999,317.955418,365.343081,-0.288983999999914,-0.9554180000000088,-0.34308099999998376,1.0554808759712115,73.59347797189639
1179.0,496.0,323.0,365.0,526.0,387.0,371.0,496.22121200000004,322.10375,365.31770100000006,-0.22121200000003682,0.8962500000000091,-0.3177010000000564,0.9762851718863031,70.9365914038728
1180.0,446.0,40.0,366.0,578.0,40.0,367.0,446.32111100000003,38.892619999999994,365.93093799999997,-0.32111100000003034,1.1073800000000062,0.06906200000003082,1.1550637638524714,132.00378782444085
1181.0,429.0,338.0,366.0,442.0,379.0,371.0,428.86410800000004,337.725706,365.895253,0.13589199999995571,0.2742939999999976,0.10474699999997483,0.3235363474309824,43.30127018922193
1182.0,428.0,339.0,366.0,441.0,380.0,371.0,428.347165,338.762789,365.888908,-0.34716500000001815,0.23721100000000206,0.11109199999998509,0.4348954221534302,43.30127018922193
1183.0,494.0,447.0,366.0,475.0,531.0,373.0,494.06945799999994,447.28454899999997,365.51032699999996,-0.06945799999994051,-0.28454899999996996,0.4896730000000389,0.5705893392747649,86.4060183089118
1184.0,486.0,460.0,367.0,460.0,543.0,375.0,485.553156,460.528952,367.090189,0.4468439999999987,-0.5289520000000039,-0.0901890000000094,0.6982791951368769,87.34414691323055
1185.0,473.0,543.0,368.0,412.0,634.0,377.0,471.944681,543.743602,367.9054,1.0553189999999972,-0.7436020000000099,0.094600000000014,1.2944463241730078,109.92270011239717
1186.0,624.0,460.0,369.0,621.0,596.0,379.0,624.489885,459.8964649999999,368.806188,-0.4898849999999584,0.10353500000007898,0.1938119999999799,0.5369077209297403,136.40014662748717
1187.0,506.0,162.0,370.0,599.0,206.0,375.0,505.898335,162.509011,370.362202,0.10166500000002543,-0.5090109999999868,-0.3622020000000248,0.6329441200848694,103.00485425454472
1188.0,410.0,182.0,370.0,481.0,191.0,373.0,410.28068199999996,181.511319,369.580111,-0.28068199999995613,0.4886810000000139,0.41988900000001195,0.702778967532466,71.63099887618489
1189.0,479.0,542.0,370.0,421.0,635.0,380.0,479.22612200000003,542.210013,370.300031,-0.22612200000003213,-0.21001300000000356,-0.30003099999998994,0.43041284833751187,110.05907504608605
1190.0,547.0,322.0,371.0,585.0,407.0,379.0,547.345962,322.38440299999996,371.29374300000006,-0.3459619999999859,-0.3844029999999634,-0.29374300000006315,0.5947607265968384,93.45052166788584
1191.0,535.0,385.0,371.0,547.0,475.0,379.0,535.5066579999999,385.106497,370.69050300000004,-0.5066579999999021,-0.1064969999999903,0.30949699999996483,0.6031851564667992,91.14823092084673
1192.0,471.0,350.0,372.0,486.0,409.0,380.0,470.943106,349.68683999999996,372.655887,0.05689399999999978,0.31316000000003896,-0.655887000000007,0.7290362608300314,61.40032573203501
1193.0,621.0,485.0,373.0,607.0,624.0,385.0,620.949685,485.35335499999997,373.464836,0.050314999999955035,-0.353354999999965,-0.46483599999999115,0.5860578999944992,140.21768789992225
1194.0,502.0,323.0,374.0,533.0,390.0,382.0,502.54195100000004,322.722135,374.25493800000004,-0.54195100000004,0.2778650000000198,-0.2549380000000383,0.6602372516528237,74.2563128629479
1195.0,304.0,336.0,374.0,297.0,329.0,379.0,303.251112,336.646439,373.884369,0.7488880000000222,-0.6464389999999867,0.11563100000000759,0.9960357149349705,11.090536506409418
1196.0,14.0,177.0,376.0,24.0,32.0,376.0,13.812158999999998,176.79506,376.57441800000004,0.18784100000000237,0.20493999999999346,-0.574418000000037,0.6381541221406006,145.34441853748632
1197.0,38.0,197.0,377.0,44.0,63.0,377.0,37.427868000000004,195.69512400000002,376.90510900000004,0.5721319999999963,1.3048759999999788,0.09489099999996142,1.4279498249871854,134.13426109685773
1198.0,472.0,495.0,377.0,431.0,578.0,387.0,472.232491,495.38365899999997,376.666702,-0.2324909999999818,-0.383658999999966,0.3332980000000134,0.5588683656872827,93.11283477587824
1199.0,367.0,98.0,378.0,463.0,77.0,382.0,366.718108,97.689411,378.433981,0.28189200000002756,0.3105889999999931,-0.43398100000001705,0.6035462989249674,98.35141076771599
1200.0,471.0,502.0,378.0,427.0,585.0,388.0,470.95431999999994,501.873011,377.424521,0.04568000000006123,0.12698899999998048,0.575478999999973,0.5910913194777686,94.47221813845591
1201.0,310.0,334.0,379.0,306.0,329.0,386.0,310.30899400000004,334.37465599999996,379.568719,-0.30899400000004107,-0.374655999999959,-0.5687189999999873,0.747854070880797,9.486832980505138
1202.0,386.0,339.0,379.0,392.0,364.0,386.0,386.244363,339.214376,378.65379800000005,-0.2443630000000212,-0.21437600000001567,0.3462019999999484,0.47489595697266296,26.645825188948457
1203.0,39.0,195.0,380.0,45.0,62.0,380.0,37.97225499999999,194.68721900000003,379.36969,1.0277450000000101,0.31278099999997266,0.6303100000000086,1.245545035350394,133.13526955694348
1204.0,374.0,50.0,381.0,490.0,25.0,385.0,374.199238,50.289897999999994,381.36530700000003,-0.19923799999997982,-0.28989799999999377,-0.3653070000000298,0.5071349280980458,118.73078791956196
1205.0,612.0,460.0,381.0,607.0,591.0,394.0,612.447034,459.796655,381.237887,-0.4470340000000306,0.203345000000013,-0.23788700000000063,0.545691131456278,131.73837709642547
1206.0,544.0,465.0,381.0,526.0,570.0,392.0,544.020953,464.51693,380.31636000000003,-0.02095299999996314,0.4830699999999979,0.6836399999999685,0.8373525558024847,107.09808588392231
1207.0,476.0,500.0,381.0,434.0,585.0,392.0,476.43056999999993,500.09201999999993,380.66208700000004,-0.43056999999993195,-0.09201999999993404,0.3379129999999577,0.5550165771118019,95.44631999192006
1208.0,350.0,222.0,382.0,395.0,215.0,389.0,349.84058999999996,222.675997,382.89343499999995,0.1594100000000367,-0.6759969999999953,-0.893434999999954,1.1316402216844024,46.07602413403309
1209.0,542.0,398.0,382.0,550.0,492.0,393.0,542.3885789999999,397.673372,381.939886,-0.38857899999993606,0.3266280000000279,0.06011399999999867,0.5111684483817134,94.9789450352024
1210.0,555.0,472.0,383.0,535.0,583.0,396.0,554.433354,472.31824299999994,383.38555099999996,0.5666459999999915,-0.31824299999993855,-0.385550999999964,0.7556559203539158,113.53413583587978
1211.0,632.0,478.0,383.0,623.0,620.0,397.0,632.452361,478.201915,383.254448,-0.45236099999999624,-0.2019149999999854,-0.2544480000000249,0.5569056708725485,142.97202523570826
1212.0,155.0,271.0,384.0,151.0,196.0,390.0,155.295933,271.357201,385.33934,-0.2959329999999909,-0.357200999999975,-1.3393399999999929,1.4173921583280886,75.34586916347837
1213.0,562.0,389.0,384.0,576.0,489.0,396.0,561.840014,388.61164599999995,384.28545900000006,0.15998600000000351,0.3883540000000494,-0.28545900000005986,0.5078397288447151,101.68579055108928
1214.0,370.0,513.0,384.0,307.0,560.0,396.0,371.272449,513.7215689999999,384.968712,-1.2724489999999946,-0.7215689999999313,-0.9687119999999823,1.7544774772865717,79.51100552753688
1215.0,15.0,176.0,385.0,26.0,33.0,386.0,15.717977999999999,177.149448,384.74501499999997,-0.7179779999999987,-1.1494480000000067,0.2549850000000333,1.3790360631299787,143.42593907658406
1216.0,21.0,187.0,385.0,28.0,47.0,387.0,20.923427999999998,187.518576,385.38398100000006,0.0765720000000023,-0.5185759999999959,-0.3839810000000625,0.6497890021545796,140.18915792599654
1217.0,151.0,282.0,385.0,141.0,207.0,390.0,150.38665400000002,282.505129,385.263819,0.6133459999999786,-0.5051290000000108,-0.26381900000001224,0.837227022448506,75.82875444051551
1218.0,462.0,539.0,386.0,402.0,624.0,399.0,461.773487,538.786444,386.11043400000005,0.2265130000000113,0.2135560000000396,-0.11043400000005477,0.3303179871896687,104.85227703774487
1219.0,469.0,155.0,387.0,559.0,183.0,395.0,469.01406199999997,155.229677,387.257115,-0.014061999999967156,-0.22967700000000946,-0.25711499999999887,0.34504693506536593,94.59386872308374
1220.0,497.0,270.0,387.0,547.0,326.0,396.0,496.899675,269.484237,386.419086,0.100324999999998,0.5157629999999926,0.580914000000007,0.7832864438952075,75.61084578286372
1221.0,359.0,408.0,388.0,333.0,433.0,398.0,358.45601199999993,408.289965,387.991677,0.5439880000000699,-0.28996499999999514,0.00832300000001851,0.6164997304931069,37.429934544425805
1222.0,320.0,246.0,389.0,351.0,231.0,395.0,319.86575799999997,246.607261,387.86871499999995,0.13424200000002884,-0.6072609999999941,1.131285000000048,1.2909657578379488,34.95711658589707
1223.0,285.0,284.0,389.0,295.0,261.0,397.0,284.17132,284.49881300000004,389.46606499999996,0.8286800000000198,-0.49881300000004103,-0.46606499999995776,1.0736580161271254,26.324893162176366
1224.0,561.0,386.0,389.0,578.0,484.0,404.0,562.1666309999999,384.283994,390.88965800000005,-1.1666309999999385,1.716005999999993,-1.889658000000054,2.80651239782778,100.58826969383657
1225.0,497.0,489.0,389.0,461.0,580.0,402.0,496.20283299999994,489.28419499999995,388.76196000000004,0.7971670000000586,-0.28419499999995423,0.2380399999999554,0.879150195082755,98.72183142547549
1226.0,421.0,187.0,390.0,491.0,202.0,398.0,421.1419829999999,187.702697,389.87537,-0.14198299999992514,-0.7026970000000006,0.12463000000002467,0.7276502477138215,72.03471385380801
1227.0,484.0,112.0,391.0,594.0,139.0,400.0,484.811448,111.98651999999998,391.684889,-0.8114479999999844,0.01348000000001548,-0.6848889999999983,1.0619333827622959,113.6221809331259
1228.0,476.0,166.0,391.0,563.0,198.0,400.0,476.070443,165.894837,391.150206,-0.07044300000001158,0.10516300000000456,-0.1502060000000256,0.1964263608938736,93.13431161500041
1229.0,612.0,451.0,391.0,610.0,581.0,406.0,612.286582,451.362432,391.17436299999997,-0.28658199999995304,-0.3624320000000125,-0.17436299999997118,0.49385084096007376,130.87780560507576
1230.0,48.0,206.0,392.0,53.0,78.0,396.0,48.49779100000001,205.196523,392.24133800000004,-0.49779100000000653,0.8034769999999867,-0.24133800000004157,0.9755076624271104,128.16005617976296
1231.0,105.0,155.0,393.0,139.0,41.0,395.0,105.69314,154.07546100000002,391.376117,-0.6931399999999996,0.9245389999999816,1.623882999999978,1.9930407471524243,118.97898974188678
1232.0,405.0,291.0,393.0,432.0,316.0,402.0,404.98724300000003,291.669888,392.11475800000005,0.012756999999965046,-0.6698880000000145,0.8852419999999483,1.110209922562813,37.881393849751625
1233.0,623.0,454.0,393.0,621.0,588.0,408.0,622.6739689999999,453.961735,392.665704,0.32603100000005725,0.038265000000023974,0.3342959999999948,0.4685234666503223,134.8517704741024
1234.0,35.0,186.0,395.0,44.0,49.0,400.0,33.996157999999994,185.03945000000002,395.920579,1.003842000000006,0.9605499999999836,-0.9205789999999752,1.6666795608949354,137.38631664034085
1235.0,621.0,454.0,396.0,620.0,587.0,411.0,621.664168,453.4738,395.14173700000003,-0.6641680000000179,0.5262000000000171,0.8582629999999654,1.2060766764153026,133.84692749555367
1236.0,475.0,479.0,396.0,438.0,560.0,411.0,473.20898300000005,479.80942400000004,396.50978599999996,1.791016999999954,-0.8094240000000354,-0.5097859999999628,2.030465678572493,90.30503861911582
1237.0,513.0,517.0,396.0,471.0,616.0,407.0,513.384949,514.708503,392.367204,-0.384949000000006,2.2914970000000494,3.632795999999985,4.3123486653129195,108.10180387024076
1238.0,99.0,281.0,397.0,83.0,185.0,403.0,99.71080400000001,280.61454100000003,396.51384500000006,-0.7108040000000102,0.3854589999999689,0.4861549999999397,0.943486963938523,97.50897394599124
1239.0,443.0,522.0,397.0,386.0,597.0,412.0,442.43483000000003,522.090996,397.18032300000004,0.5651699999999664,-0.09099600000001828,-0.18032300000004398,0.6001781279295183,95.38867857350787
1240.0,44.0,192.0,399.0,54.0,62.0,405.0,45.194801,192.590504,399.803456,-1.1948009999999982,-0.5905040000000099,-0.8034559999999829,1.5562088380268826,130.52202879207786
1241.0,27.0,213.0,399.0,25.0,79.0,404.0,27.072493999999995,213.331009,398.944891,-0.0724939999999954,-0.33100899999999456,0.05510900000001584,0.34330648114767287,134.1081652995074
1242.0,503.0,310.0,399.0,539.0,375.0,412.0,503.57669,309.797535,398.984007,-0.576689999999985,0.20246500000001788,0.015992999999980384,0.611407563229299,75.43208866258443
1243.0,375.0,471.0,399.0,328.0,511.0,412.0,374.990392,470.339698,398.55053699999996,0.009608000000014272,0.6603020000000015,0.449463000000037,0.7988166455683278,63.071388124885914
1244.0,485.0,114.0,400.0,594.0,141.0,410.0,485.42322999999993,113.637976,399.854867,-0.4232299999999327,0.36202400000000523,0.14513299999998708,0.5755420029545568,112.73863579093016
1245.0,35.0,184.0,400.0,46.0,48.0,406.0,35.345083,183.80073800000002,400.83767,-0.34508300000000247,0.19926199999997607,-0.8376700000000028,0.9276198846688211,136.57598617619425
1246.0,383.0,224.0,400.0,433.0,229.0,411.0,383.21353200000004,223.88991099999998,400.533917,-0.21353200000004335,0.11008900000001631,-0.533916999999974,0.5854766142502997,51.43928459844674
1247.0,94.0,292.0,400.0,72.0,196.0,407.0,94.061023,292.06135800000004,399.72169800000006,-0.06102300000000582,-0.0613580000000411,0.27830199999993965,0.29144573062059453,98.73702446397704
1248.0,520.0,405.0,400.0,521.0,492.0,415.0,520.054109,405.426909,400.133004,-0.05410900000003949,-0.4269090000000233,-0.1330040000000281,0.45040997122403015,88.28929719960398
1249.0,406.0,427.0,400.0,379.0,474.0,413.0,405.005747,428.33756300000005,399.52455,0.9942530000000147,-1.3375630000000456,0.47545000000002346,1.7331089144881153,55.74047003748713
1250.0,414.0,114.0,401.0,511.0,114.0,411.0,413.90949900000004,114.244811,401.475454,0.09050099999996064,-0.24481099999999856,-0.47545400000001337,0.542383040699103,97.51410154434076
1251.0,91.0,298.0,401.0,65.0,201.0,409.0,89.94041600000001,297.786195,401.340249,1.0595839999999868,0.21380499999997937,-0.3402489999999716,1.1332255790803276,100.74224535913422
1252.0,510.0,412.0,401.0,506.0,496.0,417.0,509.456599,412.454528,401.809434,0.5434010000000171,-0.45452799999998206,-0.8094340000000102,1.0756689778649464,85.60373823613078
1253.0,413.0,467.0,401.0,374.0,522.0,415.0,413.62582100000003,466.95764399999996,400.61259600000005,-0.6258210000000304,0.042356000000040694,0.3874039999999468,0.7372433885719154,68.86218120274728
1254.0,405.0,471.0,401.0,361.0,524.0,417.0,404.06219699999997,471.91109700000004,402.30171600000006,0.9378030000000308,-0.9110970000000407,-1.3017160000000558,1.845003185600035,70.71774883294857
1255.0,463.0,287.0,402.0,500.0,333.0,414.0,462.36197799999997,287.318286,401.353127,0.638022000000035,-0.3182860000000005,0.6468730000000278,0.9627163281097297,60.241181927316134
1256.0,509.0,314.0,402.0,544.0,382.0,416.0,509.31980899999996,313.97619999999995,402.14852800000006,-0.3198089999999638,0.023800000000051114,-0.14852800000005573,0.3534187364373822,77.74959806970065
1257.0,577.0,321.0,402.0,620.0,417.0,416.0,577.484238,321.41576999999995,401.29086700000005,-0.48423800000000483,-0.41576999999995223,0.7091329999999516,0.9540548963413459,106.1178590059185
1258.0,476.0,326.0,402.0,500.0,383.0,416.0,475.38782399999997,326.192638,402.38840100000004,0.6121760000000336,-0.1926379999999881,-0.3884010000000444,0.7501494456580442,63.41135544995076
1259.0,625.0,439.0,402.0,630.0,572.0,418.0,625.596879,439.285562,401.00142600000004,-0.5968789999999444,-0.2855620000000272,0.9985739999999623,1.1978982552624717,134.05222862750176
1260.0,396.0,466.0,402.0,355.0,514.0,417.0,396.798123,465.700027,402.456782,-0.7981229999999755,0.2999730000000227,-0.4567819999999756,0.9672817166585711,64.88451279003334
1261.0,384.0,223.0,403.0,434.0,228.0,414.0,383.75791899999996,222.882006,402.99849800000004,0.2420810000000415,0.11799400000001015,0.0015019999999594802,0.2693103239777903,51.43928459844674
1262.0,502.0,413.0,403.0,497.0,494.0,419.0,501.9607470000001,413.25964899999997,403.52393400000005,0.03925299999991694,-0.2596489999999676,-0.5239340000000539,0.5860590734439943,82.71638289964086
1263.0,415.0,471.0,404.0,374.0,527.0,419.0,414.963168,470.88203799999997,403.829889,0.03683200000000397,0.1179620000000341,0.17011100000001989,0.2102602720178377,71.00704190430693
1264.0,373.0,473.0,404.0,325.0,514.0,418.0,373.494451,473.50930300000005,403.44797400000004,-0.4944510000000264,-0.5093030000000454,0.5520259999999553,0.8992241332871482,64.66065264130884
1265.0,409.0,473.0,404.0,366.0,527.0,419.0,408.746416,472.96191799999997,403.87569700000006,0.2535839999999894,0.03808200000003126,0.12430299999994077,0.28496722546458264,70.63993204979744
1266.0,431.0,209.0,405.0,494.0,230.0,417.0,430.93130499999995,208.86628000000002,405.089032,0.06869500000004791,0.13371999999998252,-0.08903199999997469,0.1747190271521605,67.48333127521195
1267.0,27.0,173.0,406.0,40.0,32.0,411.0,26.565842999999997,172.97571000000002,405.16222200000004,0.43415700000000257,0.024289999999979273,0.8377779999999575,0.9439037461695605,141.68627315304755
1268.0,557.0,385.0,406.0,572.0,483.0,423.0,557.4177279999999,385.2516,406.504913,-0.4177279999998973,-0.25159999999999627,-0.5049129999999877,0.7019518356361069,100.58826969383657
1269.0,488.0,478.0,406.0,456.0,564.0,423.0,488.34705499999995,478.35479799999996,406.191378,-0.3470549999999548,-0.35479799999995976,-0.19137799999998606,0.5319345191966157,93.32202312423365
1270.0,426.0,472.0,407.0,385.0,533.0,423.0,425.10869999999994,472.723695,406.972125,0.8913000000000579,-0.7236950000000206,0.027874999999994543,1.1484455401324578,75.21967827636595
1271.0,418.0,473.0,407.0,376.0,531.0,424.0,417.6037,473.51909,407.867213,0.39629999999999654,-0.5190900000000056,-0.8672129999999925,1.0856180292667352,73.60027173862879
1272.0,515.0,521.0,407.0,470.0,624.0,426.0,514.862875,521.370066,407.84519,0.13712499999996908,-0.3700659999999516,-0.8451900000000023,0.9327905692495823,113.99561395071304
1273.0,371.0,463.0,408.0,326.0,501.0,423.0,370.935322,463.19567400000005,407.696231,0.06467800000001489,-0.19567400000005364,0.3037689999999884,0.36707923302880524,60.778285596090974
1274.0,358.0,237.0,409.0,399.0,233.0,421.0,357.92442,235.93505299999998,408.87443700000006,0.0755800000000022,1.0649470000000179,0.1255629999999428,1.074983960893382,42.906875905849866
1275.0,494.0,296.0,409.0,533.0,354.0,424.0,493.56073100000003,295.15509899999995,409.10479799999996,0.4392689999999675,0.8449010000000499,-0.10479799999995976,0.9580175233084451,71.48426400264607
1276.0,472.0,303.0,410.0,504.0,354.0,425.0,471.034153,302.70439,410.09026400000005,0.9658469999999966,0.2956100000000106,-0.09026400000004742,1.0140972779792914,62.048368229954285
1277.0,349.0,409.0,410.0,321.0,429.0,425.0,348.33727600000003,408.563995,410.232797,0.6627239999999688,0.43600500000002285,-0.23279700000000503,0.826739320106393,37.53664875824692
1278.0,431.0,203.0,411.0,496.0,224.0,424.0,430.988623,203.751804,410.88589,0.011376999999981763,-0.7518039999999928,0.11410999999998239,0.7604996927316834,69.53416426476987
1279.0,463.0,209.0,411.0,531.0,243.0,425.0,463.13893,209.42691699999997,411.27554299999997,-0.1389300000000162,-0.4269169999999747,-0.27554299999997056,0.5267671351156663,77.30459236035075
1280.0,512.0,318.0,411.0,546.0,387.0,427.0,512.27538,317.44870599999996,411.09025299999996,-0.27538000000004104,0.5512940000000413,-0.0902529999999615,0.6228200565533043,78.56844150166147
1281.0,597.0,361.0,411.0,627.0,470.0,429.0,596.830823,360.908507,411.263378,0.16917699999999058,0.09149300000001404,-0.2633779999999888,0.32612849808318417,114.47707194019246
1282.0,419.0,477.0,411.0,376.0,536.0,427.0,418.93189900000004,477.433758,410.265094,0.068100999999956,-0.43375800000001163,0.7349060000000236,0.8560786048027591,74.73954776421918
1283.0,433.0,496.0,411.0,386.0,562.0,428.0,433.475913,495.048182,410.7134,-0.47591299999999137,0.9518180000000029,0.2866000000000213,1.1020845016118364,82.78888814327681
1284.0,25.0,169.0,412.0,40.0,27.0,419.0,25.338271999999993,169.16802800000002,411.777873,-0.3382719999999928,-0.16802800000002094,0.2221270000000004,0.43818005305696234,142.96153328780437
1285.0,551.0,385.0,412.0,565.0,480.0,430.0,551.261653,384.80828299999996,412.317092,-0.2616530000000239,0.19171700000003966,-0.31709200000000237,0.4536133121525747,97.69851585361981
1286.0,400.0,269.0,413.0,435.0,288.0,427.0,400.26299700000004,269.37433899999996,412.92086800000004,-0.2629970000000412,-0.37433899999996356,0.07913199999995868,0.4642832996716421,42.21374183841087
1287.0,528.0,403.0,413.0,530.0,492.0,431.0,527.1943229999999,403.24266,413.19206199999996,0.8056770000000597,-0.24266000000000076,-0.19206199999996443,0.863068430527431,90.82400563727631
1288.0,420.0,546.0,413.0,352.0,615.0,431.0,420.870164,545.103044,412.72655699999996,-0.8701639999999884,0.8969560000000456,0.27344300000004296,1.2792523312783468,98.53425800197614
1289.0,68.0,177.0,414.0,87.0,52.0,422.0,68.39290899999999,176.405361,413.665212,-0.39290899999998885,0.5946390000000008,0.3347880000000032,0.7874363641247427,126.68859459319927
1290.0,398.0,273.0,414.0,431.0,292.0,428.0,398.204373,273.532397,413.71490000000006,-0.2043729999999755,-0.5323970000000031,0.28509999999994307,0.6375710930852816,40.570925550201586
1291.0,495.0,292.0,414.0,537.0,352.0,429.0,496.19454499999995,292.60959299999996,413.20309599999996,-1.1945449999999482,-0.6095929999999612,0.7969040000000405,1.5599991563747377,74.75961476626267
1292.0,493.0,296.0,414.0,532.0,356.0,430.0,493.358827,297.027636,414.00285399999996,-0.3588270000000193,-1.0276359999999727,-0.0028539999999566135,1.0884855119573056,73.32803011127464
1293.0,498.0,298.0,415.0,536.0,359.0,431.0,497.256804,298.328716,414.763149,0.7431960000000117,-0.3287159999999858,0.23685100000000148,0.8464590357914603,73.62744053679987
1294.0,419.0,523.0,415.0,359.0,589.0,434.0,419.57334000000003,523.1077789999999,415.45855700000004,-0.5733400000000302,-0.10777899999993679,-0.4585570000000416,0.742030720853294,91.19758768739445
1295.0,415.0,27.0,416.0,546.0,13.0,427.0,414.978906,26.814053999999985,415.60480700000005,0.021094000000005053,0.1859460000000155,0.3951929999999493,0.4372623686083286,132.2043872191842
1296.0,56.0,187.0,416.0,68.0,59.0,425.0,55.476624,186.81394,416.147745,0.523375999999999,0.18605999999999767,-0.14774499999998625,0.5747776491835725,128.87590930814028
1297.0,57.0,188.0,416.0,70.0,61.0,425.0,57.55111400000001,187.84816600000002,416.11215100000004,-0.5511140000000125,0.1518339999999796,-0.11215100000003986,0.5825444629837422,127.98046725965646
1298.0,564.0,431.0,416.0,562.0,538.0,435.0,564.0648689999999,430.70855200000005,415.731212,-0.06486899999993057,0.29144799999994575,0.26878799999997227,0.40174234629790334,108.6922260329597
1299.0,103.0,157.0,417.0,135.0,43.0,426.0,103.38865399999999,156.971103,416.776651,-0.3886539999999883,0.028897000000000617,0.2233489999999847,0.44919009798300774,118.7476315553283
1300.0,570.0,385.0,417.0,587.0,487.0,436.0,570.233666,384.58665499999995,417.023095,-0.23366599999997106,0.41334500000004937,-0.023095000000012078,0.475381181375565,105.13800454640558
1301.0,562.0,435.0,417.0,559.0,541.0,436.0,562.523188,433.829527,416.53158900000005,-0.5231880000000046,1.1704730000000154,0.4684109999999464,1.3649694472749165,107.73114684249862
1302.0,454.0,445.0,417.0,430.0,512.0,435.0,454.724535,444.82202399999994,416.80089,-0.724535000000003,0.17797600000005787,0.19911000000001877,0.7721859976074628,73.40980860893181
1303.0,419.0,551.0,417.0,347.0,620.0,436.0,418.331189,550.337089,416.79189199999996,0.6688110000000052,0.6629110000000082,0.20810800000003837,0.9644003770768828,101.51847122568385
1304.0,602.0,359.0,418.0,633.0,470.0,437.0,601.566571,359.42640499999993,417.784318,0.43342900000004647,-0.42640499999993153,0.21568200000001525,0.6451361462435572,116.80325337934727
1305.0,536.0,368.0,418.0,553.0,455.0,437.0,535.4967859999999,368.56873499999995,418.42346299999997,0.5032140000000709,-0.5687349999999469,-0.4234629999999697,0.8694853319004211,90.65870063044142
1306.0,422.0,522.0,418.0,362.0,589.0,436.0,421.922918,522.347276,417.080203,0.07708200000001852,-0.3472759999999653,0.9197970000000169,0.9861890164207923,91.72240729505522
1307.0,348.0,164.0,419.0,416.0,145.0,431.0,348.33321,163.227944,418.033463,-0.3332100000000082,0.7720559999999921,0.9665370000000166,1.2811296357531603,71.61703707917552
1308.0,371.0,339.0,419.0,374.0,357.0,436.0,370.893014,338.94071999999994,419.811963,0.10698600000000624,0.05928000000005795,-0.8119629999999916,0.8211236423127728,24.939927826679853
1309.0,306.0,374.0,419.0,285.0,373.0,435.0,305.884916,374.503227,419.309029,0.11508400000002439,-0.5032269999999812,-0.30902900000000955,0.6016482888083308,26.419689627245813
1310.0,434.0,409.0,419.0,420.0,463.0,436.0,434.215344,409.353798,418.269041,-0.21534400000001597,-0.3537979999999834,0.7309589999999844,0.8401470840400342,58.31809324729333
1311.0,482.0,527.0,419.0,430.0,618.0,440.0,482.34628100000003,527.243042,419.618424,-0.34628100000003315,-0.2430419999999458,-0.6184240000000045,0.7492851182967684,106.89246933250256
1312.0,355.0,90.0,421.0,452.0,63.0,433.0,354.99450800000005,90.16590000000001,420.455973,0.005491999999946984,-0.1659000000000077,0.5440270000000282,0.568786734016391,101.40019723846694
1313.0,519.0,404.0,421.0,520.0,490.0,441.0,518.994561,404.38557399999996,421.467584,0.0054390000000239525,-0.3855739999999628,-0.467583999999988,0.6060789463864921,88.30062287436029
1314.0,35.0,162.0,422.0,54.0,22.0,432.0,35.035757000000004,161.76918600000002,422.41042000000004,-0.035757000000003814,0.23081399999998098,-0.41042000000004464,0.47222689678270985,141.6368596093545
1315.0,89.0,205.0,422.0,100.0,95.0,432.0,89.773104,206.53803,421.265841,-0.7731040000000036,-1.538029999999992,0.7341589999999769,1.8714207204679942,111.0
1316.0,280.0,309.0,422.0,281.0,286.0,436.0,280.15255099999996,307.94536700000003,421.20152199999995,-0.1525509999999599,1.054632999999967,0.7984780000000455,1.331574139420705,26.94438717061496
1317.0,346.0,420.0,422.0,314.0,442.0,439.0,346.407653,420.62232800000004,421.587724,-0.40765299999998206,-0.6223280000000386,0.41227600000001985,0.8505554703657192,42.391036788453285
1318.0,547.0,435.0,422.0,540.0,536.0,443.0,546.5216829999999,434.95183399999996,422.43662200000006,0.47831700000006094,0.04816600000003746,-0.4366220000000567,0.6494196539442824,103.39729203417274
1319.0,425.0,502.0,422.0,374.0,566.0,444.0,425.337757,501.43201,423.84442,-0.3377570000000105,0.5679900000000089,-1.8444200000000137,1.9592288195994534,84.74078120952154
1320.0,354.0,216.0,423.0,402.0,208.0,437.0,353.89829499999996,215.883264,422.269626,0.10170500000003813,0.11673600000000306,0.7303739999999834,0.7466038980590607,50.635955604688654
1321.0,63.0,174.0,424.0,82.0,47.0,435.0,63.325608,173.946234,424.40655300000003,-0.32560800000000256,0.053765999999995984,-0.4065530000000308,0.5236379419303249,128.88366847665378
1322.0,324.0,329.0,424.0,323.0,327.0,441.0,323.50243,328.935645,424.563179,0.49756999999999607,0.06435499999997774,-0.563178999999991,0.7542466817732665,17.146428199482248
1323.0,500.0,411.0,424.0,495.0,490.0,443.0,499.5855069999999,410.90465099999994,423.249558,0.4144930000001068,0.09534900000005564,0.7504420000000209,0.8625885891977302,81.40638795573723
1324.0,495.0,429.0,424.0,482.0,509.0,444.0,494.435302,429.059044,423.91405900000007,0.5646980000000212,-0.059043999999971675,0.08594099999993432,0.5742437466973491,83.48053665376139
1325.0,345.0,165.0,425.0,412.0,146.0,440.0,345.567317,165.132516,425.419004,-0.5673170000000027,-0.13251600000000963,-0.4190039999999726,0.7176164858481044,71.23903424387504
1326.0,427.0,436.0,425.0,401.0,490.0,445.0,426.556967,435.36269300000004,425.42662600000006,0.443033000000014,0.6373069999999643,-0.4266260000000557,0.8856908011343544,63.182275995725256
1327.0,183.0,533.0,425.0,81.0,509.0,442.0,182.80231200000003,533.293577,424.571361,0.197687999999971,-0.2935770000000275,0.42863899999997557,0.5558771380385991,106.155546251715
1328.0,233.0,600.0,425.0,114.0,605.0,443.0,233.430058,599.325206,424.042999,-0.4300580000000025,0.6747940000000199,0.9570009999999911,1.2474565081801496,120.45746137122433
1329.0,410.0,106.0,426.0,510.0,103.0,441.0,410.54518399999995,106.248498,426.196321,-0.5451839999999493,-0.2484979999999979,-0.19632100000001174,0.6304909078654094,101.1632344283238
1330.0,59.0,179.0,426.0,75.0,51.0,436.0,58.935702000000006,178.88424700000002,425.217763,0.06429799999999375,0.11575299999998379,0.7822370000000092,0.7933648051067111,129.38315191708693
1331.0,339.0,425.0,426.0,303.0,444.0,444.0,338.425661,425.08498900000006,425.72362799999996,0.574339000000009,-0.08498900000006415,0.2763720000000376,0.6430162512923309,44.50842616853577
1332.0,233.0,601.0,426.0,114.0,607.0,445.0,233.968656,600.898854,425.657681,-0.96865600000001,0.10114599999997154,0.34231899999997495,1.0323309824920477,120.65653732807021
1333.0,498.0,86.0,427.0,619.0,114.0,443.0,498.128387,86.47766299999998,427.07822999999996,-0.12838699999997516,-0.4776629999999784,-0.07822999999996227,0.5007645117597362,125.22379965485794
1334.0,431.0,214.0,427.0,493.0,235.0,444.0,431.701962,213.274357,427.15852700000005,-0.7019619999999804,0.7256429999999909,-0.15852700000004916,1.0219780930244908,67.63135367564367
1335.0,484.0,334.0,427.0,507.0,395.0,446.0,484.22373400000004,333.989699,426.78582700000004,-0.22373400000003585,0.010301000000026761,0.21417299999995976,0.3098920574748558,67.90434448545984
1336.0,595.0,442.0,427.0,594.0,564.0,449.0,595.8238749999999,442.729744,426.70590200000004,-0.82387499999993,-0.7297439999999824,0.29409799999996267,1.1392058438951396,123.97177098033245
1337.0,395.0,53.0,428.0,512.0,36.0,442.0,394.67840299999995,53.672687999999994,427.813038,0.32159700000005387,-0.6726879999999937,0.18696199999999408,0.7686927638510876,119.0546093185812
1338.0,279.0,311.0,428.0,278.0,288.0,444.0,278.414755,310.357326,427.749854,0.5852449999999862,0.6426739999999995,0.25014599999997245,0.9044968776159316,28.035691537752374
1339.0,623.0,473.0,428.0,614.0,609.0,451.0,623.090846,472.5189059999999,427.687011,-0.09084600000005594,0.4810940000000983,0.31298900000001595,0.5810908248054814,138.2244551445221
1340.0,488.0,480.0,428.0,455.0,566.0,450.0,488.337259,480.43158100000005,428.29708600000004,-0.3372590000000173,-0.43158100000005106,-0.2970860000000357,0.6231098490941039,94.70480452437458
1341.0,80.0,153.0,429.0,109.0,30.0,442.0,79.94861499999999,153.784055,430.193042,0.05138500000001045,-0.7840549999999951,-1.1930419999999913,1.4285418702348114,127.03936397825676
1342.0,526.0,396.0,429.0,532.0,484.0,448.0,526.822819,396.671248,427.207182,-0.8228189999999813,-0.6712479999999914,1.7928180000000111,2.0836989622757405,90.22749026765624
1343.0,595.0,489.0,429.0,575.0,618.0,451.0,595.125539,489.652203,427.801686,-0.1255390000000034,-0.6522029999999859,1.1983139999999821,1.3700676028305827,132.38202294873727
1344.0,352.0,161.0,430.0,421.0,144.0,445.0,352.086601,161.287085,429.48867200000007,-0.08660099999997328,-0.2870849999999905,0.511327999999935,0.5927679596688095,72.62919523166975
1345.0,280.0,307.0,430.0,282.0,285.0,448.0,280.77927,307.024996,431.04081099999996,-0.7792699999999968,-0.02499599999998736,-1.0408109999999624,1.300451487229307,28.495613697550013
1346.0,480.0,527.0,431.0,428.0,617.0,453.0,480.650866,527.112352,430.294303,-0.6508660000000077,-0.11235199999998713,0.7056969999999865,0.9665701100639249,106.2449998823474
1347.0,403.0,111.0,432.0,500.0,105.0,449.0,403.36773,110.48035200000001,432.78473499999996,-0.36772999999999456,0.5196479999999895,-0.7847349999999551,1.0104793006434691,98.6610358753647
1348.0,451.0,398.0,432.0,444.0,455.0,453.0,450.939908,397.06271599999997,432.158189,0.06009199999999737,0.9372840000000338,-0.15818899999999303,0.9524369295869731,61.14736298484179
1349.0,580.0,416.0,432.0,589.0,528.0,455.0,582.627857,416.11249699999996,432.08556,-2.627856999999949,-0.1124969999999621,-0.08555999999998676,2.6316550877836784,114.69088891450794
1350.0,584.0,417.0,432.0,589.0,529.0,456.0,582.8971559999999,416.899321,432.89290100000005,1.1028440000001183,0.10067900000001373,-0.8929010000000517,1.422558731714918,114.65164630305141
1351.0,414.0,420.0,432.0,392.0,467.0,453.0,413.652832,419.907112,432.31108900000004,0.3471680000000106,0.09288800000001629,-0.31108900000003814,0.47532111954870476,55.98214000911362
1352.0,519.0,423.0,432.0,512.0,511.0,454.0,518.359904,422.91094999999996,431.91225699999995,0.6400959999999714,0.08905000000004293,0.08774300000004587,0.6521898694130254,90.97801932335085
1353.0,491.0,484.0,432.0,457.0,570.0,455.0,490.97779099999997,483.068633,432.33441000000005,0.02220900000003212,0.9313670000000229,-0.33441000000004806,0.989832196117138,95.29428104561154
1354.0,549.0,517.0,432.0,511.0,632.0,456.0,549.079377,517.219245,432.096216,-0.07937700000002224,-0.2192450000000008,-0.09621600000002672,0.25224313035246176,123.47064428438041
1355.0,397.0,212.0,433.0,453.0,219.0,452.0,396.52897,211.317997,434.13599899999997,0.47102999999998474,0.6820030000000088,-1.1359989999999698,1.406232939775601,59.54829972383762
1356.0,528.0,439.0,433.0,517.0,533.0,456.0,527.986992,438.726633,433.256889,0.013008000000013453,0.27336700000000747,-0.25688900000000103,0.3753540769380359,97.39609848448757
1357.0,335.0,461.0,434.0,286.0,483.0,456.0,335.470728,459.928268,435.18314499999997,-0.47072800000000825,1.0717319999999972,-1.1831449999999677,1.664339635060382,58.0430874437258
1358.0,368.0,509.0,435.0,305.0,552.0,457.0,368.195081,508.61804099999995,435.06086400000004,-0.19508100000001605,0.3819590000000517,-0.06086400000003778,0.4331901438606958,79.38513714795737
1359.0,485.0,465.0,436.0,457.0,545.0,458.0,484.50146,463.67036099999996,435.094421,0.4985399999999913,1.3296390000000429,0.9055789999999888,1.6842076259066414,87.56711711595854
1360.0,93.0,166.0,437.0,120.0,50.0,451.0,93.782001,166.553714,437.26334399999996,-0.782000999999994,-0.5537140000000136,-0.26334399999996094,0.993717676270773,119.9208072020865
1361.0,58.0,175.0,437.0,76.0,47.0,451.0,58.80941200000001,175.66176000000002,437.55150100000003,-0.8094120000000089,-0.6617600000000152,-0.5515010000000302,1.1820437539892794,130.01538370516005
1362.0,588.0,421.0,437.0,594.0,535.0,461.0,588.3892719999999,420.310614,436.888905,-0.3892719999998917,0.6893860000000132,0.11109499999997752,0.799454717920239,116.65333257134148
1363.0,486.0,466.0,437.0,458.0,547.0,461.0,485.82629999999995,464.99375,437.522789,0.17370000000005348,1.0062500000000227,-0.5227889999999888,1.1471787528633246,89.0
1364.0,280.0,285.0,438.0,289.0,259.0,456.0,279.528186,285.078361,437.869871,0.47181399999999485,-0.07836099999997259,0.13012900000001082,0.49566364962340503,32.87856444554719
1365.0,344.0,377.0,438.0,328.0,390.0,458.0,343.93292899999994,376.758236,437.70408,0.06707100000005539,0.2417639999999892,0.2959200000000237,0.3879652009356203,28.722813232690143
1366.0,587.0,422.0,438.0,592.0,536.0,462.0,587.1043829999999,421.61740799999995,437.70769800000005,-0.10438299999987066,0.3825920000000451,0.29230199999994966,0.49265901834532383,116.60617479361889
1367.0,352.0,448.0,438.0,311.0,477.0,459.0,353.364616,448.79523299999994,437.570657,-1.3646160000000123,-0.7952329999999392,0.4293430000000171,1.6367369255301696,54.433445601027316
1368.0,485.0,293.0,439.0,524.0,348.0,460.0,485.335307,293.182512,438.72758999999996,-0.33530700000000024,-0.18251199999997425,0.27241000000003623,0.4689868041779113,70.61869440877535
1369.0,524.0,423.0,439.0,518.0,513.0,462.0,523.6159539999999,422.98304399999995,438.40905499999997,0.3840460000001258,0.016956000000050153,0.5909450000000334,0.7049786018576293,93.08598175880189
1370.0,490.0,477.0,439.0,458.0,561.0,462.0,489.477562,475.88284799999997,438.17320700000005,0.5224380000000224,1.1171520000000328,0.8267929999999524,1.4847749727810668,92.78469701410896
1371.0,414.0,50.0,440.0,536.0,38.0,457.0,413.986181,49.133134,439.94265200000007,0.013819000000012238,0.8668660000000017,0.05734799999993356,0.8688707727970804,123.76186811776881
1372.0,351.0,454.0,440.0,306.0,482.0,462.0,350.807345,454.009826,439.997168,0.19265500000000202,-0.009825999999975465,0.002832000000012158,0.19292620227693374,57.38466694161429
1373.0,431.0,487.0,440.0,386.0,551.0,464.0,430.94358,486.85024,440.345013,0.0564200000000028,0.14976000000001477,-0.34501299999999446,0.38032255280090993,81.83520025025906
1374.0,230.0,610.0,440.0,106.0,616.0,462.0,230.24877899999998,610.1379579999999,439.524854,-0.24877899999998476,-0.13795799999991232,0.4751459999999952,0.5537933928108602,126.07934009979589
1375.0,231.0,616.0,440.0,106.0,624.0,464.0,232.348283,616.374194,441.06710999999996,-1.3482830000000092,-0.3741939999999886,-1.067109999999957,1.759719281540361,127.534309109353
1376.0,391.0,181.0,441.0,458.0,181.0,459.0,390.592738,180.55643,440.30195100000003,0.4072620000000029,0.443569999999994,0.698048999999969,0.9218942932597826,69.3757882838098
1377.0,358.0,458.0,441.0,313.0,489.0,461.0,358.05891199999996,457.61989099999994,439.053177,-0.05891199999996388,0.3801090000000613,1.9468229999999949,1.9844579282398562,58.18934610390462
1378.0,523.0,165.0,442.0,617.0,214.0,463.0,522.7722590000001,164.901953,442.27082200000007,0.2277409999999236,0.09804700000000821,-0.2708220000000665,0.3671835140280713,108.06479537758817
1379.0,460.0,173.0,442.0,541.0,199.0,462.0,459.80170200000003,172.99461699999998,442.06765099999996,0.19829799999996567,0.00538300000002323,-0.06765099999995527,0.20958943507243055,87.38993077008358
1380.0,456.0,179.0,442.0,535.0,205.0,461.0,456.69089599999995,179.20738899999998,441.21016900000006,-0.6908959999999524,-0.20738899999997784,0.7898309999999356,1.069663726924412,85.31119504496465
1381.0,351.0,448.0,442.0,309.0,475.0,463.0,351.32671799999997,447.79991099999995,440.88389900000004,-0.3267179999999712,0.20008900000004815,1.1161009999999578,1.1800261444755817,54.16641025580336
1382.0,619.0,458.0,442.0,616.0,589.0,469.0,619.6066779999999,456.63204399999995,442.66639499999997,-0.6066779999998744,1.3679560000000492,-0.6663949999999659,1.638122129038289,133.7871443749361
1383.0,482.0,481.0,442.0,447.0,564.0,466.0,481.746573,481.1128809999999,441.477628,0.25342699999998786,-0.11288099999990209,0.5223720000000185,0.5914726290150636,93.22016949137134
1384.0,433.0,95.0,443.0,540.0,98.0,461.0,432.74020899999994,94.75797799999998,442.47313599999995,0.25979100000006383,0.24202200000001994,0.526864000000046,0.6353358849152874,108.54492157627642
1385.0,407.0,106.0,443.0,507.0,102.0,461.0,408.13671099999993,106.445875,442.61381000000006,-1.1367109999999343,-0.4458750000000009,0.3861899999999423,1.2806479333703729,101.68579055108928
1386.0,580.0,350.0,443.0,612.0,450.0,467.0,580.319017,349.63590999999997,442.728344,-0.31901700000003075,0.3640900000000329,0.2716560000000072,0.5550949078536458,107.70329614269008
1387.0,359.0,460.0,443.0,313.0,492.0,466.0,358.885105,459.999815,443.114024,0.11489499999998998,0.00018499999998766725,-0.11402399999997215,0.1618714546360517,60.572270883631234
1388.0,483.0,481.0,443.0,449.0,564.0,468.0,483.319057,480.61236299999996,443.105,-0.3190569999999866,0.38763700000004064,-0.10500000000001819,0.5129179398481074,93.11283477587824
1389.0,423.0,218.0,444.0,482.0,236.0,465.0,423.60618700000003,217.115536,444.417094,-0.606187000000034,0.8844640000000084,-0.41709400000002006,1.150524511299552,65.16133823057964
1390.0,558.0,458.0,444.0,543.0,563.0,467.0,556.096594,455.38694899999996,441.759415,1.9034060000000181,2.6130510000000413,2.24058500000001,3.9333460401625393,108.531101533155
1391.0,585.0,488.0,444.0,565.0,611.0,470.0,585.707354,486.997161,443.51227100000006,-0.7073540000000094,1.0028389999999945,0.4877289999999448,1.3205738596072347,127.29886095327012
1392.0,496.0,138.0,445.0,597.0,172.0,466.0,496.33148099999994,137.492715,445.35056,-0.33148099999993974,0.507284999999996,-0.3505599999999731,0.7000785942920531,108.61859877571612
1393.0,420.0,222.0,445.0,476.0,240.0,465.0,419.984227,221.783838,444.40316600000006,0.01577300000002424,0.21616199999999708,0.5968339999999444,0.634968992415325,62.12889826803627
1394.0,367.0,433.0,445.0,334.0,464.0,468.0,367.938147,432.800838,444.97059,-0.9381470000000149,0.19916200000000117,0.029409999999984393,0.9595052078821811,50.78385570237849
1395.0,495.0,454.0,445.0,473.0,538.0,470.0,495.223683,454.1876269999999,444.920246,-0.22368299999999408,-0.18762699999990673,0.0797539999999799,0.30265273191226794,90.36038955205981
1396.0,351.0,99.0,446.0,444.0,71.0,464.0,351.14255199999997,98.76407,445.80698500000005,-0.14255199999996648,0.2359299999999962,0.19301499999994576,0.3365097737495416,98.77752780870759
1397.0,407.0,101.0,446.0,508.0,95.0,466.0,407.13848799999994,100.79483400000001,446.78964099999996,-0.13848799999993844,0.2051659999999913,-0.7896409999999605,0.8275294088918634,103.13583276436954
1398.0,230.0,619.0,446.0,103.0,625.0,469.0,230.322892,617.979877,445.16927699999997,-0.32289199999999596,1.0201230000000123,0.8307230000000345,1.3546257348515418,129.20526305069774
1399.0,352.0,100.0,447.0,440.0,74.0,464.0,348.81462899999997,102.13530399999999,445.793676,3.185371000000032,-2.1353039999999908,1.206323999999995,4.020115567124054,93.32202312423365
1400.0,366.0,428.0,447.0,334.0,458.0,470.0,366.395537,428.157702,446.68183999999997,-0.39553699999999026,-0.15770199999997203,0.3181600000000344,0.5315498328219146,49.52776998815917
1401.0,420.0,408.0,448.0,404.0,457.0,470.0,420.53196599999995,409.181654,446.293091,-0.5319659999999544,-1.1816539999999804,1.706908999999996,2.1430894370401092,56.04462507680822
1402.0,393.0,476.0,448.0,346.0,523.0,473.0,392.65792400000004,475.5784299999999,448.286749,0.3420759999999632,0.42157000000008793,-0.28674899999998615,0.613972510522288,71.01408311032397
1403.0,506.0,521.0,448.0,460.0,619.0,475.0,506.23943199999997,520.5609999999999,448.11399300000005,-0.23943199999996523,0.4390000000000782,-0.11399300000005042,0.5128772627764497,111.57508682497182
1404.0,452.0,191.0,449.0,526.0,216.0,470.0,452.64104299999997,190.182866,448.50363000000004,-0.6410429999999678,0.81713400000001,0.49636999999995624,1.1510982923733888,80.88263101556477
1405.0,470.0,399.0,449.0,465.0,464.0,474.0,469.792349,398.801159,449.13695600000005,0.20765099999999848,0.1988410000000158,-0.1369560000000547,0.3184550627922575,69.82120021884471
1406.0,386.0,400.0,449.0,367.0,433.0,473.0,385.56330799999995,400.179925,449.252893,0.4366920000000505,-0.17992500000002565,-0.25289299999997183,0.5357497344264756,45.0111097397076
1407.0,603.0,469.0,449.0,591.0,597.0,477.0,602.33372,469.42626099999995,449.268273,0.6662800000000288,-0.42626099999995404,-0.26827300000002197,0.8352232522206329,131.5750736271882
1408.0,254.0,253.0,451.0,271.0,211.0,471.0,253.19046600000001,252.603277,450.843527,0.8095339999999851,0.3967230000000086,0.1564730000000054,0.9149963036067329,49.52776998815917
1409.0,342.0,310.0,451.0,352.0,313.0,476.0,342.71622199999996,310.857118,453.245539,-0.7162219999999593,-0.857118000000014,-2.245539000000008,2.5080013197223403,27.09243436828813
1410.0,448.0,401.0,451.0,439.0,458.0,476.0,448.04529499999995,400.91763299999997,450.997082,-0.045294999999953234,0.08236700000003339,0.0029180000000224027,0.09404506599498665,62.8887907341205
1411.0,589.0,476.0,451.0,573.0,600.0,479.0,589.144777,476.456737,450.97395200000005,-0.1447769999999764,-0.4567369999999755,0.026047999999946114,0.4798411874797411,128.12493902437572
1412.0,230.0,615.0,451.0,104.0,622.0,476.0,230.383569,615.45668,450.935648,-0.3835689999999943,-0.45668000000000575,0.06435199999998531,0.5998524652487467,128.64680330268607
1413.0,9.0,177.0,452.0,17.0,29.0,469.0,8.442812,177.18817900000002,452.85602900000004,0.557188,-0.18817900000001941,-0.856029000000035,1.0385833872280392,149.18780110987626
1414.0,360.0,201.0,452.0,415.0,193.0,472.0,360.418432,201.187399,451.05567299999996,-0.4184319999999957,-0.1873989999999992,0.9443270000000439,1.0497414952044521,59.06775770248944
1415.0,509.0,474.0,452.0,482.0,566.0,479.0,509.58408899999995,473.69404,451.905432,-0.584088999999949,0.3059600000000273,0.09456799999998111,0.6661190495286512,99.60923651951158
1416.0,488.0,424.0,453.0,477.0,500.0,478.0,488.51950500000004,423.6957709999999,451.911336,-0.5195050000000379,0.3042290000000776,1.0886639999999943,1.2440377945874772,80.75890043827987
1417.0,588.0,477.0,453.0,572.0,600.0,481.0,588.3859789999999,476.736174,452.61850200000003,-0.3859789999999066,0.26382599999999456,0.38149799999996503,0.6034274361685076,127.1573827978541
1418.0,381.0,479.0,453.0,332.0,522.0,479.0,381.573345,478.49947799999995,453.29545600000006,-0.5733450000000175,0.5005220000000463,-0.29545600000005834,0.8164196282826013,70.18546858146635
1419.0,580.0,483.0,453.0,560.0,604.0,481.0,580.101455,482.964386,452.63892999999996,-0.1014549999999872,0.03561400000000958,0.36107000000004064,0.3767399884814823,125.79745625409124
1420.0,404.0,491.0,453.0,354.0,545.0,478.0,404.64373800000004,490.643336,452.07243900000003,-0.6437380000000417,0.3566640000000234,0.9275609999999688,1.1840511941048042,77.72387020729218
1421.0,412.0,539.0,453.0,345.0,602.0,480.0,412.49679499999996,537.297239,453.07475,-0.49679499999996324,1.7027610000000095,-0.07474999999999454,1.7753275353145388,95.84883932526257
1422.0,482.0,423.0,454.0,469.0,496.0,481.0,481.289593,422.69643699999995,454.463664,0.7104069999999751,0.30356300000005376,-0.4636639999999943,0.9010066068092908,78.91134265744057
1423.0,521.0,467.0,454.0,498.0,562.0,481.0,520.995285,466.44534,453.50092400000005,0.004715000000032887,0.5546600000000126,0.49907599999994545,0.7461546760564862,101.4051280754578
1424.0,575.0,486.0,454.0,554.0,605.0,483.0,575.717338,485.32084599999996,454.30003899999997,-0.7173380000000407,0.6791540000000396,-0.30003899999996975,1.0323988393450925,124.26986762687083
1425.0,354.0,513.0,454.0,287.0,550.0,483.0,353.92493499999995,511.996451,456.492786,0.0750650000000519,1.003549000000021,-2.4927860000000237,2.6882573149574367,81.84741901856161
1426.0,367.0,197.0,455.0,423.0,192.0,476.0,366.411625,198.369325,454.299584,0.588374999999985,-1.3693250000000035,0.7004160000000184,1.646760052134499,60.01666435249463
1427.0,371.0,332.0,455.0,376.0,349.0,479.0,370.759358,332.62218399999995,455.131795,0.24064199999997982,-0.6221839999999474,-0.131795000000011,0.6799936941214438,29.832867780352597
1428.0,387.0,474.0,455.0,340.0,520.0,480.0,387.27894299999997,474.875128,454.093202,-0.27894299999996974,-0.8751280000000179,0.9067979999999807,1.2907133014101078,70.35623639735144
1429.0,433.0,41.0,456.0,558.0,35.0,477.0,430.48475599999995,41.276690000000016,456.241133,2.5152440000000524,-0.2766900000000163,-0.24113299999999072,2.5418801819372345,126.89365626381802
1430.0,366.0,197.0,456.0,424.0,190.0,478.0,366.686713,196.57459599999999,455.956824,-0.6867129999999975,0.42540400000001455,0.043176000000016757,0.8089545565487658,62.42595614005443
1431.0,592.0,345.0,456.0,628.0,450.0,483.0,592.898889,345.63176599999997,455.74732000000006,-0.8988890000000538,-0.6317659999999705,0.2526799999999412,1.127376110921741,114.23659658795863
1432.0,378.0,390.0,456.0,362.0,418.0,481.0,377.848757,389.90118799999993,456.017884,0.15124300000002222,0.09881200000006629,-0.017883999999980915,0.18154364172016363,40.80441152620633
1433.0,582.0,485.0,456.0,562.0,607.0,485.0,582.472688,484.814614,455.868913,-0.47268799999994826,0.18538599999999406,0.13108699999997953,0.5243908045617729,126.98425099200294
1434.0,476.0,160.0,457.0,565.0,190.0,480.0,476.275263,159.936163,456.788282,-0.2752629999999954,0.06383700000000658,0.21171800000001895,0.35308553250169616,96.69539802906858
1435.0,501.0,476.0,458.0,471.0,564.0,487.0,500.588937,475.077487,458.547856,0.41106300000001283,0.9225129999999808,-0.5478560000000243,1.1489774679574887,97.3909646733207
1436.0,582.0,491.0,458.0,557.0,615.0,487.0,580.6867219999999,492.350775,457.439799,1.313278000000082,-1.3507749999999987,0.5602010000000064,1.9654814591621614,129.77673135042352
1437.0,180.0,543.0,458.0,73.0,519.0,483.0,179.562138,543.543203,458.092351,0.43786199999999553,-0.5432029999999486,-0.09235100000000784,0.7037906915084496,112.47221879201993
1438.0,358.0,244.0,459.0,395.0,241.0,482.0,357.45527999999996,243.78506299999998,458.784905,0.5447200000000407,0.21493700000002036,0.21509500000001935,0.6238458554755826,43.669211121796096
1439.0,492.0,293.0,459.0,532.0,350.0,485.0,492.301061,292.899978,459.14294000000007,-0.30106100000000424,0.10002200000002404,-0.1429400000000669,0.3479568504930266,74.33034373659252
1440.0,581.0,489.0,459.0,559.0,611.0,489.0,581.218602,488.74186499999996,459.115455,-0.2186020000000326,0.2581350000000384,-0.1154549999999972,0.35742183712531256,127.54607010802019
1441.0,458.0,524.0,459.0,403.0,603.0,488.0,457.901582,523.0730149999999,459.28586700000005,0.09841799999998102,0.9269850000000588,-0.28586700000005294,0.9750421706973168,100.53357648069624
1442.0,538.0,311.0,460.0,579.0,389.0,486.0,538.979516,310.99723099999994,459.22246100000007,-0.9795159999999896,0.002769000000057531,0.7775389999999334,1.2506103142617513,91.87491496594704
1443.0,369.0,333.0,460.0,374.0,349.0,486.0,369.269206,333.210236,460.87913100000003,-0.26920599999999695,-0.21023600000000897,-0.8791310000000294,0.9431555339884582,30.93541659651604
1444.0,335.0,467.0,460.0,283.0,491.0,486.0,335.495094,467.21678699999995,459.686115,-0.4950939999999946,-0.21678699999995388,0.3138850000000275,0.6250107722511604,62.89674077406555
1445.0,266.0,481.0,460.0,198.0,480.0,485.0,266.571295,480.757708,459.48619399999995,-0.5712950000000205,0.24229200000002038,0.5138060000000451,0.8056550104884098,72.4568837309472
1446.0,370.0,483.0,460.0,317.0,522.0,488.0,369.99926700000003,482.48678699999994,460.75605400000006,0.0007329999999683423,0.5132130000000643,-0.7560540000000628,0.9137865021842689,71.5122367151245
1447.0,412.0,172.0,461.0,485.0,178.0,485.0,411.03167099999996,171.458417,461.48827400000005,0.9683290000000397,0.5415830000000028,-0.4882740000000467,1.212181792144283,77.07788269017254
1448.0,490.0,295.0,462.0,529.0,352.0,488.0,490.517525,295.26330699999994,461.59421199999997,-0.5175249999999778,-0.26330699999994067,0.40578800000002957,0.7083972069524059,73.79701890998037
1449.0,612.0,423.0,462.0,620.0,547.0,492.0,611.999116,423.177686,461.996949,0.0008840000000418513,-0.17768599999999424,0.0030510000000276705,0.1777143906750328,127.82800945019835
1450.0,459.0,439.0,462.0,438.0,507.0,491.0,460.15282,439.40130999999997,462.70250899999996,-1.1528200000000197,-0.40130999999996675,-0.7025089999999636,1.4083900608783662,76.8505042273634
1451.0,436.0,456.0,462.0,404.0,517.0,490.0,436.323986,456.00205399999993,461.95707100000004,-0.3239859999999908,-0.0020539999999300562,0.04292899999995825,0.32682418232589544,74.35724578008521
1452.0,477.0,512.0,462.0,429.0,597.0,492.0,476.581712,511.68972099999996,462.48706500000003,0.4182880000000182,0.31027900000003683,-0.4870650000000296,0.7130709803449211,102.12247548899312
1453.0,460.0,515.0,462.0,409.0,595.0,492.0,460.51953,515.3352249999999,462.625727,-0.5195299999999747,-0.33522499999992306,-0.6257269999999835,0.8796712454399663,99.50376877284599
1454.0,34.0,205.0,463.0,35.0,71.0,482.0,33.47577000000001,205.27300300000002,462.898335,0.5242299999999886,-0.273003000000017,0.10166500000002543,0.5997361946172688,135.3440061472986
1455.0,190.0,217.0,463.0,212.0,145.0,484.0,190.29087799999996,216.780362,462.630403,-0.2908779999999638,0.21963800000000333,0.36959699999999884,0.5190884359499637,78.16009211867653
1456.0,624.0,417.0,463.0,636.0,545.0,493.0,623.9214659999999,417.47345599999994,462.74888699999997,0.07853400000010424,-0.4734559999999419,0.2511130000000321,0.5416510979043405,132.015150645674
1457.0,541.0,464.0,463.0,522.0,566.0,493.0,540.7959209999999,463.43080399999997,463.14815999999996,0.2040790000000925,0.5691960000000336,-0.14815999999996166,0.62256221396505,108.00462953040486
1458.0,474.0,511.0,463.0,427.0,595.0,493.0,474.51637,510.665221,463.34207100000003,-0.5163699999999949,0.3347790000000259,-0.34207100000003265,0.7040792034863935,100.82162466455298
1459.0,395.0,515.0,463.0,332.0,569.0,491.0,393.910218,515.1397959999999,462.561063,1.0897820000000138,-0.13979599999993297,0.4389370000000099,1.1831455612514548,87.5728268357257
1460.0,501.0,283.0,464.0,546.0,342.0,491.0,501.15405699999997,283.10176,464.07581600000003,-0.15405699999996614,-0.10176000000001295,-0.07581600000003164,0.19959138935584622,78.96201618499872
1461.0,378.0,233.0,465.0,423.0,236.0,490.0,377.98634100000004,232.69780099999997,465.240228,0.013658999999961452,0.3021990000000301,-0.24022800000000188,0.3862904294258635,51.56549233741495
1462.0,367.0,337.0,465.0,371.0,351.0,489.0,367.48566999999997,335.573565,463.33040300000005,-0.4856699999999705,1.4264350000000263,1.6695969999999534,2.2490323031325916,28.071337695236398
1463.0,382.0,500.0,465.0,324.0,547.0,494.0,381.997588,500.152698,465.33066900000006,0.0024119999999925312,-0.15269799999998668,-0.33066900000005717,0.36423136123765304,80.0874522007037
1464.0,446.0,519.0,465.0,391.0,594.0,495.0,446.299131,519.267035,465.19910200000004,-0.2991309999999885,-0.2670349999999644,-0.19910200000003897,0.4476925873744054,97.72410142846032
1465.0,377.0,243.0,466.0,418.0,248.0,491.0,377.231831,243.332628,465.94341800000007,-0.23183099999999968,-0.3326279999999997,0.05658199999993485,0.40937577074002834,48.28043081829324
1466.0,325.0,411.0,467.0,294.0,421.0,494.0,325.90574200000003,410.0379,467.02339500000005,-0.905742000000032,0.9621000000000208,-0.02339500000005046,1.3215719074606196,42.30839160261236
1467.0,438.0,537.0,467.0,374.0,611.0,497.0,437.529396,536.916898,466.730061,0.47060399999998026,0.08310200000005352,0.26993900000002213,0.5488543804516843,102.33279044372826
1468.0,230.0,602.0,467.0,108.0,606.0,495.0,229.503341,602.167966,466.674708,0.49665899999999397,-0.16796599999997852,0.32529199999999037,0.617006989183251,125.23577763562615
1469.0,556.0,271.0,468.0,614.0,348.0,495.0,555.593947,270.12427199999996,466.89167,0.40605300000004263,0.8757280000000378,1.1083300000000236,1.4697530260874285,100.10993956645864
1470.0,348.0,279.0,468.0,371.0,277.0,494.0,348.280236,278.116943,468.32071700000006,-0.28023600000000215,0.883057000000008,-0.32071700000005876,0.9803985286780336,34.77067730142742
1471.0,549.0,357.0,468.0,572.0,446.0,497.0,548.4690929999999,357.218698,467.588028,0.5309070000000702,-0.2186980000000176,0.41197199999999157,0.7066908706337413,96.38983348880731
1472.0,472.0,504.0,468.0,427.0,586.0,499.0,472.22989899999993,503.729695,468.36718199999996,-0.22989899999993213,0.27030500000000757,-0.36718199999995704,0.5106280097585142,98.5393322486001
1473.0,471.0,462.0,469.0,443.0,538.0,498.0,472.167007,462.259505,468.035562,-1.1670070000000123,-0.2595049999999901,0.9644379999999728,1.5360302207046486,86.02906485601247
1474.0,365.0,321.0,470.0,374.0,333.0,497.0,365.207418,320.883654,470.08579900000007,-0.2074180000000183,0.11634600000002138,-0.08579900000006546,0.2528242212309252,30.886890422961002
1475.0,559.0,330.0,470.0,594.0,419.0,498.0,558.5502319999999,330.527108,468.607385,0.4497680000000628,-0.5271079999999984,1.392614999999978,1.55547762301905,99.6493853468249
1476.0,349.0,343.0,470.0,345.0,352.0,498.0,347.62370899999996,343.197807,470.84191599999997,1.3762910000000375,-0.1978070000000116,-0.8419159999999692,1.625462111827297,29.68164415931166
1477.0,545.0,355.0,470.0,569.0,442.0,500.0,545.124651,354.919439,470.111726,-0.12465099999997165,0.08056099999998878,-0.11172599999997601,0.18577041098621105,95.10520490488415
1478.0,537.0,477.0,470.0,512.0,580.0,502.0,536.749427,476.99756,470.41113400000006,0.25057300000003124,0.0024399999999786814,-0.41113400000006095,0.4814809943134471,110.7158525234756
1479.0,56.0,183.0,471.0,70.0,54.0,492.0,56.342973,183.060122,471.097252,-0.34297300000000064,-0.06012200000000689,-0.09725200000002587,0.36152881644069024,131.44580632336658
1480.0,324.0,409.0,471.0,293.0,419.0,498.0,324.64493799999997,408.782593,470.330911,-0.6449379999999678,0.21740699999998014,0.6690889999999854,0.9544060547869184,42.30839160261236
1481.0,482.0,515.0,472.0,434.0,602.0,504.0,481.87771299999997,514.391998,472.23102400000005,0.12228700000002846,0.6080020000000559,-0.23102400000004764,0.6618101169890779,104.38869670610895
1482.0,41.0,215.0,473.0,40.0,85.0,496.0,41.131426000000005,214.988614,474.17247900000007,-0.1314260000000047,0.011385999999987462,-1.1724790000000667,1.179876874895494,132.0227253165151
1483.0,524.0,248.0,473.0,586.0,309.0,501.0,523.744314,247.155386,472.43923900000004,0.25568599999996877,0.8446140000000071,0.5607609999999568,1.0455625465331797,91.37286249209882
1484.0,560.0,266.0,473.0,621.0,345.0,503.0,560.326336,266.050891,473.44309699999997,-0.3263359999999693,-0.0508909999999787,-0.4430969999999661,0.5526481974872873,104.22091920531118
1485.0,377.0,386.0,473.0,362.0,413.0,502.0,376.74010999999996,386.21994399999994,473.285891,0.25989000000004125,-0.2199439999999413,-0.28589099999999235,0.4445805203975892,42.36744032862972
1486.0,385.0,494.0,473.0,330.0,541.0,504.0,385.190726,494.02746,473.562859,-0.19072599999998374,-0.027460000000019136,-0.5628590000000031,0.5949291659996158,78.70832230456955
1487.0,415.0,173.0,474.0,489.0,181.0,500.0,415.05772,172.895661,473.720337,-0.057720000000017535,0.10433900000001017,0.27966300000002775,0.30402239866499914,78.8416133777081
1488.0,369.0,316.0,474.0,380.0,329.0,503.0,368.88426599999997,316.273708,475.01619900000003,0.11573400000003176,-0.2737079999999992,-1.0161990000000287,1.0587591017890072,33.63034344160047
1489.0,490.0,316.0,474.0,520.0,375.0,503.0,489.644372,315.62231599999996,473.65929300000005,0.35562800000002426,0.37768400000004476,0.34070699999995213,0.6206430037380736,72.26340706055866
1490.0,377.0,393.0,474.0,360.0,421.0,503.0,377.276278,392.96642399999996,474.02018699999996,-0.2762779999999907,0.03357600000003913,-0.020186999999964428,0.2790419252173337,43.749285708454714
1491.0,465.0,467.0,474.0,433.0,541.0,505.0,465.24055599999997,467.258731,473.79249300000004,-0.24055599999996957,-0.2587310000000116,0.20750699999996414,0.40971706645681294,86.37708029332781
1492.0,467.0,473.0,474.0,433.0,548.0,506.0,467.070761,472.70814299999995,474.52740800000004,-0.07076100000000451,0.29185700000005,-0.5274080000000367,0.6069158310952751,88.34591105421914
1493.0,519.0,499.0,474.0,483.0,599.0,507.0,519.20231,499.35061699999994,474.44489899999996,-0.20231000000001131,-0.3506169999999429,-0.44489899999996396,0.6014954172642818,111.28791488746656
1494.0,336.0,229.0,475.0,375.0,216.0,501.0,335.58343699999995,229.742107,474.770028,0.4165630000000533,-0.7421070000000043,0.2299719999999752,0.8815524109218007,48.641546028061235
1495.0,468.0,460.0,475.0,439.0,534.0,507.0,468.10035899999997,460.278587,475.481458,-0.100358999999969,-0.2785870000000159,-0.4814579999999751,0.5652295562105529,85.67963585356792
1496.0,63.0,190.0,476.0,75.0,64.0,497.0,62.875693,189.57980700000002,475.04497200000003,0.12430700000000172,0.4201929999999834,0.9550279999999702,1.0507582349341495,128.30042868205857
1497.0,43.0,203.0,476.0,47.0,72.0,498.0,43.20741699999999,203.08589700000002,475.928144,-0.2074169999999924,-0.08589700000001699,0.07185600000002523,0.23571888179355382,132.89469515371937
1498.0,424.0,463.0,476.0,387.0,520.0,506.0,424.040209,462.90870899999993,475.128792,-0.04020900000000438,0.09129100000006929,0.8712080000000242,0.8769003304971752,74.28324171709255
1499.0,525.0,486.0,476.0,495.0,586.0,509.0,525.163771,486.147975,476.17193399999996,-0.163770999999997,-0.147974999999974,-0.17193399999996473,0.27978356174367924,109.49429208867465
1500.0,529.0,496.0,476.0,496.0,602.0,508.0,530.094133,498.311832,475.15366000000006,-1.0941330000000562,-2.3118319999999812,0.846339999999941,2.694064886656024,115.53787257864843
1501.0,235.0,620.0,476.0,108.0,628.0,506.0,235.327291,619.3711079999999,475.422678,-0.32729100000000244,0.6288920000000644,0.577321999999981,0.9142894716822789,130.74020039758238
1502.0,417.0,161.0,477.0,496.0,168.0,504.0,417.152007,161.012396,477.114826,-0.15200700000002598,-0.01239599999999541,-0.11482599999999366,0.1909052098320167,83.77947242612596
1503.0,526.0,491.0,477.0,493.0,590.0,511.0,524.6684829999999,489.795789,477.77392599999996,1.3315170000000762,1.2042109999999866,-0.7739259999999604,1.9549995159298914,109.754270987511
1504.0,495.0,505.0,477.0,453.0,596.0,510.0,495.136481,504.84805099999994,477.111128,-0.1364810000000034,0.15194900000005873,-0.11112800000000789,0.23251880428477292,105.51777101512333
1505.0,525.0,246.0,478.0,588.0,307.0,508.0,524.8422360000001,245.14930199999998,478.187813,0.15776399999992918,0.8506980000000226,-0.18781300000000556,0.8853532006318259,92.68225288586807
1506.0,422.0,553.0,478.0,350.0,623.0,511.0,422.12902399999996,552.617878,478.19440099999997,-0.1290239999999585,0.3821219999999812,-0.19440099999997074,0.4477233121705453,105.70241246064349
1507.0,556.0,277.0,479.0,611.0,356.0,510.0,555.481093,277.26690099999996,479.10346000000004,0.5189070000000129,-0.26690099999996164,-0.10346000000004096,0.5926251682556195,101.12863096077193
1508.0,512.0,266.0,480.0,565.0,326.0,510.0,511.93023900000003,265.913271,479.72898599999996,0.06976099999997132,0.08672899999999117,0.2710140000000365,0.29297970024903475,85.492689745966
1509.0,561.0,269.0,480.0,621.0,348.0,510.0,561.1708249999999,268.450267,479.14276800000005,-0.1708249999999225,0.5497330000000034,0.8572319999999536,1.03258619675933,103.63879582472966
1510.0,545.0,461.0,480.0,527.0,565.0,513.0,544.6041999999999,461.5483009999999,479.51984100000004,0.39580000000012205,-0.548300999999924,0.4801589999999578,0.8293637874189907,110.58480908334562
1511.0,441.0,472.0,480.0,403.0,538.0,512.0,441.21131900000006,472.795069,479.73636999999997,-0.21131900000006,-0.7950690000000122,0.26363000000003467,0.8638814799624212,82.60750571225353
1512.0,388.0,498.0,480.0,333.0,546.0,509.0,388.868503,497.18162499999994,477.58238600000004,-0.8685029999999756,0.81837500000006,2.4176139999999577,2.696088380344727,78.54934754662193
1513.0,567.0,509.0,480.0,535.0,630.0,515.0,567.749063,509.999243,480.32824200000005,-0.7490629999999783,-0.9992429999999786,-0.32824200000004566,1.2912493026452927,129.96153277027784
1514.0,34.0,196.0,481.0,40.0,60.0,503.0,34.691687,195.62924600000002,480.21013800000003,-0.6916870000000017,0.3707539999999767,0.789861999999971,1.1134502294799438,137.8985134075056
1515.0,557.0,471.0,481.0,538.0,580.0,514.0,557.0636470000001,470.35466199999996,480.095202,-0.06364700000005996,0.6453380000000379,0.904798000000028,1.1131808009739959,115.45994976614185
1516.0,70.0,171.0,482.0,90.0,45.0,504.0,69.65326999999999,170.983252,480.924315,0.346730000000008,0.01674800000000687,1.0756850000000213,1.1303098723929874,129.46041866145808
1517.0,534.0,182.0,482.0,624.0,237.0,510.0,534.625346,181.412434,480.465471,-0.6253460000000359,0.5875660000000096,1.5345290000000205,1.7581440998715432,109.12836478203089
1518.0,526.0,225.0,482.0,597.0,284.0,512.0,525.889201,224.97508699999997,481.69156,0.11079900000004272,0.024913000000026386,0.3084400000000187,0.32868268827247704,97.06698717895802
1519.0,481.0,278.0,482.0,525.0,328.0,512.0,481.38507699999997,277.88631899999996,481.57270800000003,-0.38507699999996703,0.11368100000004233,0.4272919999999658,0.5863327715162739,73.0479294709987
1520.0,466.0,453.0,482.0,439.0,525.0,515.0,465.832184,453.36251300000004,482.145393,0.16781600000001617,-0.3625130000000354,-0.14539300000001276,0.4251082326585017,83.67795408588812
1521.0,383.0,506.0,482.0,323.0,554.0,514.0,383.22451099999995,506.04688899999996,481.640138,-0.22451099999994995,-0.04688899999996465,0.359862000000021,0.4267369523324519,83.23460818673925
1522.0,467.0,442.0,483.0,445.0,511.0,515.0,466.852634,440.923231,482.280031,0.1473659999999768,1.076769000000013,0.7199689999999919,1.303650098100717,79.17701686727027
1523.0,595.0,443.0,483.0,593.0,562.0,517.0,595.148543,442.096901,482.455786,-0.14854300000001786,0.9030989999999974,0.5442140000000109,1.0648106425304045,123.77802712921223
1524.0,415.0,547.0,483.0,345.0,614.0,517.0,415.95708299999995,546.982277,483.24814200000003,-0.9570829999999546,0.01772300000004634,-0.24814200000002984,0.9888864574772624,102.68885041717041
1525.0,478.0,294.0,484.0,515.0,345.0,515.0,478.064148,293.72601299999997,483.88299700000005,-0.06414799999998877,0.27398700000003373,0.11700299999995423,0.30475161046663285,70.22107945624305
1526.0,383.0,439.0,484.0,348.0,476.0,517.0,382.387527,438.962798,484.89676199999997,0.6124730000000227,0.03720199999997931,-0.896761999999967,1.0865952554548393,60.687725282795036
1527.0,521.0,494.0,484.0,488.0,594.0,518.0,521.887653,494.272188,483.49015599999996,-0.8876530000000002,-0.2721880000000283,0.5098440000000437,1.059223800756507,110.65712810298305
1528.0,499.0,510.0,484.0,455.0,603.0,518.0,498.58491000000004,509.84557499999994,483.570475,0.41508999999996377,0.1544250000000602,0.42952500000001237,0.6169590864473908,108.35589508651572
1529.0,187.0,139.0,485.0,238.0,53.0,510.0,186.799278,138.780612,484.89677100000006,0.20072200000001317,0.21938800000000924,0.10322899999994206,0.31476442344870775,103.06308747558458
1530.0,533.0,176.0,485.0,623.0,233.0,514.0,532.84424,178.60293099999998,483.79712900000004,0.15575999999998658,-2.602930999999984,1.2028709999999592,2.871656248752941,110.40833301884419
1531.0,507.0,427.0,485.0,497.0,511.0,519.0,507.29811399999994,427.44291499999997,485.25992700000006,-0.29811399999994137,-0.44291499999997086,-0.2599270000000615,0.5938077968080002,91.17017056033185
1532.0,439.0,513.0,485.0,385.0,584.0,518.0,439.2454609999999,513.279663,484.200644,-0.24546099999992066,-0.27966300000002775,0.7993559999999889,0.8817213339972889,95.11046209539727
1533.0,524.0,517.0,485.0,482.0,620.0,520.0,524.0073110000001,516.056098,484.84949000000006,-0.007311000000072454,0.94390199999998,0.1505099999999402,0.9558544326543374,116.61046265237096
1534.0,421.0,424.0,486.0,397.0,474.0,519.0,419.963127,424.68878900000004,486.27915400000006,1.0368730000000141,-0.6887890000000425,-0.2791540000000623,1.275720525964101,64.53681120105021
1535.0,519.0,464.0,486.0,495.0,558.0,520.0,517.980171,464.496217,485.523454,1.0198289999999588,-0.49621700000000146,0.4765459999999848,1.2301945335782887,102.80077820717118
1536.0,457.0,487.0,486.0,416.0,560.0,521.0,457.119195,486.59895400000005,486.771078,-0.11919499999999061,0.40104599999995116,-0.7710779999999886,0.8772722634535649,90.74690077352504
1537.0,448.0,525.0,486.0,390.0,601.0,521.0,447.58094199999994,525.219582,486.42504299999996,0.41905800000006366,-0.21958199999994577,-0.42504299999995965,0.6359932499146475,101.80864403379509
1538.0,433.0,526.0,486.0,373.0,596.0,520.0,433.060441,525.744111,485.763328,-0.060441000000025724,0.2558890000000247,0.23667199999999866,0.3537597071262005,98.26494797230598
1539.0,535.0,191.0,487.0,620.0,248.0,519.0,534.460963,191.08798599999997,487.73030200000005,0.5390370000000075,-0.08798599999997236,-0.7303020000000515,0.9119448638865613,107.22872749408155
1540.0,524.0,222.0,487.0,596.0,280.0,518.0,524.1263909999999,222.18503599999997,486.66204200000004,-0.12639099999989867,-0.18503599999996823,0.3379579999999578,0.40549798512561575,97.51410154434076
1541.0,554.0,288.0,487.0,605.0,368.0,519.0,554.0226729999999,288.23952099999997,486.36767199999997,-0.022672999999940657,-0.2395209999999679,0.6323280000000295,0.6765523438389813,100.12492197250393
1542.0,528.0,461.0,487.0,508.0,558.0,521.0,528.091541,461.12613799999997,486.268428,-0.09154100000000653,-0.126137999999969,0.7315720000000283,0.7479893989282433,104.71389592599446
1543.0,396.0,467.0,487.0,353.0,514.0,520.0,396.186179,467.221775,486.86767,-0.18617899999998144,-0.22177499999997963,0.13233000000002448,0.31836771124910035,71.74259543674177
1544.0,504.0,510.0,487.0,461.0,605.0,522.0,503.80436799999995,509.87876500000004,486.789625,0.195632000000046,0.12123499999995602,0.2103749999999991,0.31181315763451506,109.99545445153632
1545.0,448.0,519.0,487.0,392.0,591.0,522.0,446.542768,516.938358,487.35371299999997,1.4572319999999763,2.061642000000006,-0.35371299999997063,2.5493147558426235,97.69851585361981
1546.0,561.0,283.0,488.0,615.0,365.0,521.0,561.031456,283.32782899999995,487.985449,-0.031456000000048334,-0.3278289999999515,0.014550999999983105,0.3296559794360945,103.58088626768937
1547.0,415.0,428.0,488.0,388.0,475.0,522.0,413.25687600000003,427.83493,488.77685299999996,1.7431239999999661,0.16507000000001426,-0.77685299999996,1.9155234187774435,63.984373092185564
1548.0,520.0,457.0,488.0,501.0,550.0,523.0,520.588971,456.748701,488.043902,-0.588971000000015,0.25129900000001726,-0.04390200000000277,0.6418453176942452,101.16817681464859
1549.0,465.0,441.0,489.0,443.0,511.0,523.0,465.37163,441.52100899999994,488.84677899999997,-0.3716299999999819,-0.5210089999999354,0.15322100000003047,0.6580546404531531,80.87026647662292
1550.0,398.0,498.0,489.0,340.0,553.0,524.0,396.266438,500.947306,489.74898700000006,1.7335620000000063,-2.947306000000026,-0.7489870000000565,3.5004044611514913,87.25823743349392
1551.0,492.0,410.0,490.0,486.0,485.0,524.0,492.03189399999997,410.146832,489.73381900000004,-0.03189399999996567,-0.14683200000001762,0.2661809999999605,0.30566188545676076,82.56512580987206
1552.0,360.0,501.0,490.0,298.0,539.0,524.0,359.98637599999995,500.987304,490.15847299999996,0.013624000000049818,0.01269600000000537,-0.15847299999995812,0.15956344669437364,80.2745289615579
1553.0,405.0,509.0,490.0,346.0,566.0,524.0,404.310965,509.48967000000005,489.55770800000005,0.6890349999999899,-0.48967000000004646,0.44229199999995217,0.9540273336697378,88.80315309717331
1554.0,532.0,167.0,491.0,626.0,219.0,523.0,531.61574,167.03113799999997,491.32365300000004,0.38426000000004024,-0.031137999999970134,-0.3236530000000357,0.5033652620642908,112.08925015361643
1555.0,453.0,252.0,491.0,502.0,287.0,523.0,452.946352,252.111942,491.212849,0.05364800000000969,-0.1119419999999991,-0.21284900000000562,0.24640173714688626,68.19090848492928
1556.0,361.0,451.0,491.0,317.0,482.0,524.0,359.922555,451.75300300000004,490.73772600000007,1.0774450000000115,-0.7530030000000352,0.26227399999993395,1.340406243312095,63.13477647065839
1557.0,200.0,144.0,492.0,251.0,64.0,519.0,199.845493,144.036419,492.06426,0.1545069999999953,-0.036418999999995094,-0.06425999999999021,0.1712545012838989,98.64076236526155
1558.0,470.0,441.0,492.0,449.0,513.0,528.0,470.600236,441.56392500000004,492.88534100000004,-0.6002359999999953,-0.5639250000000402,-0.8853410000000395,1.2091829256163475,83.19254774317228
1559.0,520.0,523.0,492.0,475.0,626.0,529.0,520.210891,522.626115,492.19185400000003,-0.21089099999994687,0.37388499999997293,-0.19185400000003483,0.47018396869945567,118.33427229674419
1560.0,470.0,475.0,493.0,436.0,552.0,528.0,470.643903,475.25055199999997,492.48901,-0.643903000000023,-0.2505519999999706,0.5109899999999925,0.8593591555415042,91.15920140062659
1561.0,443.0,514.0,493.0,389.0,587.0,527.0,443.216622,514.658551,491.51623500000005,-0.21662199999997256,-0.6585509999999886,1.4837649999999485,1.637734131570146,96.95875411740809
1562.0,437.0,522.0,493.0,379.0,593.0,529.0,437.024884,521.940441,493.13989300000003,-0.024883999999985917,0.05955900000003567,-0.13989300000002913,0.15406667188594586,98.49365461794989
1563.0,442.0,522.0,493.0,383.0,596.0,530.0,440.922861,523.241521,493.90018799999996,1.0771389999999883,-1.2415210000000343,-0.9001879999999574,1.8740174102995903,101.61692772368194
1564.0,555.0,275.0,495.0,611.0,353.0,529.0,554.874452,275.120401,494.70850099999996,0.12554799999998068,-0.1204010000000153,0.29149900000004436,0.33945598846687725,101.86265262597475
1565.0,466.0,492.0,495.0,424.0,569.0,531.0,465.768786,491.61021600000004,494.810751,0.23121400000002268,0.38978399999996327,0.189249000000018,0.4911279512031347,94.81033698917012
1566.0,414.0,143.0,496.0,499.0,146.0,526.0,413.961223,143.350257,495.390274,0.038776999999981854,-0.35025699999999915,0.6097260000000233,0.7042367619302662,90.18869108707588
1567.0,68.0,185.0,496.0,82.0,60.0,524.0,67.521743,184.91412200000002,497.17729800000006,0.47825699999999927,0.08587799999997969,-1.1772980000000643,1.2736307823451611,128.86038956948718
1568.0,415.0,136.0,497.0,503.0,138.0,529.0,415.015835,136.122711,497.92217400000004,-0.015834999999981392,-0.12271100000000956,-0.9221740000000409,0.9304373289061855,93.65895579174476
1569.0,412.0,424.0,497.0,388.0,470.0,532.0,412.04760100000004,424.0467,497.03132800000003,-0.04760100000004286,-0.046699999999987085,-0.03132800000003044,0.07367624301635353,62.5859409132754
1570.0,577.0,453.0,497.0,569.0,567.0,534.0,577.954558,452.387373,496.462859,-0.95455800000002,0.6126269999999749,0.5371410000000196,1.2549953268335419,120.12077255828818
1571.0,488.0,465.0,497.0,459.0,547.0,533.0,487.26204999999993,465.434037,496.514727,0.7379500000000689,-0.43403699999998935,0.4852730000000065,0.9840976599901551,94.13288479590966
1572.0,445.0,481.0,497.0,405.0,548.0,533.0,445.559125,480.250325,496.81186,-0.5591249999999945,0.7496750000000247,0.18813999999997577,0.9539549417294413,85.93602271457529
1573.0,544.0,381.0,498.0,558.0,471.0,534.0,544.4320280000001,380.6458,497.684661,-0.43202800000005936,0.35419999999999163,0.3153389999999945,0.6415173557317384,97.93875637356236
1574.0,328.0,438.0,498.0,286.0,454.0,532.0,328.621597,438.13160200000004,497.80851600000005,-0.6215970000000084,-0.13160200000004352,0.1914839999999458,0.6636023199695742,56.356011214421486
1575.0,322.0,445.0,498.0,276.0,460.0,531.0,322.402415,445.384314,496.973938,-0.40241500000001906,-0.3843140000000176,1.0260620000000245,1.1672353278859748,58.56620185738529
1576.0,394.0,507.0,499.0,335.0,559.0,535.0,394.042502,507.016805,498.71872300000007,-0.04250200000001314,-0.016804999999976644,0.28127699999993183,0.2849659256085927,86.49277426467485
1577.0,66.0,176.0,500.0,84.0,49.0,528.0,66.250862,175.88497800000002,500.576275,-0.2508619999999979,0.11502199999998197,-0.5762750000000096,0.6389481036461458,131.28975588369414
1578.0,65.0,177.0,500.0,82.0,50.0,527.0,64.94767699999998,177.17232,499.75624400000004,0.05232300000001544,-0.17232000000001335,0.24375599999996211,0.30306577877580926,130.9465539829132
1579.0,171.0,154.0,501.0,214.0,64.0,530.0,171.193643,153.76285000000001,501.28965400000004,-0.19364300000000867,0.23714999999998554,-0.2896540000000414,0.42147025240818653,103.87492478938312
1580.0,470.0,440.0,501.0,449.0,511.0,539.0,470.18056199999995,440.116715,501.92301499999996,-0.18056199999995215,-0.11671499999999924,-0.923014999999964,0.9477244944043158,83.22259308625273
1581.0,427.0,497.0,501.0,378.0,559.0,539.0,427.494136,495.876354,501.75015300000007,-0.4941360000000259,1.123646000000008,-0.7501530000000685,1.4385688176869211,87.68694315575154
1582.0,537.0,190.0,502.0,623.0,249.0,534.0,537.189616,191.23101899999997,499.99223300000006,-0.1896160000000009,-1.231018999999975,2.0077669999999443,2.362729424226506,109.09170454255447
1583.0,364.0,328.0,502.0,369.0,340.0,536.0,363.499777,328.00257899999997,501.98699999999997,0.5002230000000054,-0.0025789999999688007,0.013000000000033651,0.5003985421341735,36.40054944640259
1584.0,400.0,477.0,502.0,353.0,527.0,538.0,399.732806,477.49911699999996,501.46016299999997,0.2671940000000177,-0.4991169999999556,0.5398370000000341,0.7822623600135711,77.4919350642375
1585.0,382.0,513.0,502.0,319.0,561.0,539.0,382.165892,512.769665,502.063845,-0.16589199999998527,0.2303349999999682,-0.0638450000000148,0.29094767899741414,87.41853350405736
1586.0,69.0,174.0,503.0,87.0,48.0,531.0,68.34943700000001,174.357103,503.029404,0.6505629999999911,-0.35710299999999506,-0.02940399999999954,0.7427108217832731,130.3226764611593
1587.0,395.0,497.0,503.0,340.0,548.0,540.0,395.11205099999995,497.21743200000003,502.919934,-0.11205099999995127,-0.2174320000000307,0.08006599999998798,0.257376505495355,83.63611660042568
1588.0,486.0,528.0,503.0,432.0,619.0,541.0,485.08456800000005,528.482496,502.355513,0.915431999999953,-0.48249599999996917,0.6444870000000265,1.2190904928711888,112.43220179290273
1589.0,445.0,509.0,504.0,393.0,581.0,542.0,444.901312,509.10191299999997,503.856937,0.09868799999998146,-0.10191299999996772,0.14306299999998373,0.2014760603197936,96.60227740586657
1590.0,385.0,511.0,504.0,323.0,560.0,541.0,385.032413,510.972079,503.69183599999997,-0.032413000000019565,0.02792099999999209,0.3081640000000334,0.31111932711746054,87.25823743349392
1591.0,442.0,532.0,504.0,380.0,606.0,542.0,441.302865,531.909168,503.6296,0.697135000000003,0.0908319999999776,0.3704000000000178,0.7946343942021471,103.7496987947435
1592.0,422.0,359.0,505.0,424.0,399.0,542.0,421.64374399999997,359.610542,505.876353,0.3562560000000303,-0.6105420000000095,-0.8763529999999946,1.125910499066877,54.52522352086234
1593.0,510.0,458.0,505.0,488.0,546.0,544.0,509.63825299999996,457.22436000000005,505.374276,0.3617470000000367,0.775639999999953,-0.37427600000000893,0.9341096433422366,98.73702446397704
1594.0,586.0,500.0,505.0,560.0,625.0,545.0,586.1500980000001,499.90590799999995,504.827807,-0.1500980000000709,0.09409200000004603,0.17219299999999294,0.24704886827716396,133.79461872586654
1595.0,558.0,257.0,506.0,622.0,332.0,544.0,558.0965349999999,256.087398,507.19018600000004,-0.09653499999990345,0.9126019999999926,-1.1901860000000397,1.5028985764931253,105.66456359631643
1596.0,160.0,388.0,506.0,109.0,329.0,539.0,158.62112,387.07977900000003,506.066777,1.3788800000000094,0.9202209999999695,-0.06677700000000186,1.65908887976804,84.6817571853584
1597.0,453.0,453.0,506.0,424.0,519.0,544.0,452.88016,452.881754,506.06665699999996,0.1198400000000106,0.11824599999999919,-0.06665699999996377,0.18107152665451717,81.49233092751734
1598.0,527.0,144.0,507.0,630.0,191.0,541.0,527.604552,144.40752199999997,506.388153,-0.6045520000000124,-0.40752199999997174,0.6118470000000116,0.95179517365713,118.21167455035902
1599.0,403.0,159.0,507.0,480.0,159.0,540.0,402.70647199999996,158.52840999999998,506.81391299999996,0.29352800000003754,0.4715900000000204,0.1860870000000432,0.5858192438398191,83.773504164503
1600.0,562.0,249.0,507.0,628.0,325.0,544.0,560.9380419999999,249.08780199999995,507.240327,1.0619580000001179,-0.08780199999995375,-0.2403269999999793,1.0923465804849815,107.24271537032247
1601.0,488.0,535.0,507.0,433.0,628.0,549.0,488.276205,535.294201,508.79644400000006,-0.2762050000000045,-0.2942010000000437,-1.796444000000065,1.8412100574248071,115.92238782909882
1602.0,472.0,421.0,509.0,458.0,488.0,548.0,471.273267,419.99113,509.523822,0.7267330000000243,1.0088700000000017,-0.5238219999999956,1.3492031047522215,78.77816956492453
1603.0,469.0,439.0,509.0,448.0,509.0,548.0,468.96549799999997,438.910038,509.327591,0.034502000000031785,0.08996200000001409,-0.327590999999984,0.3414665616557414,82.83718971573094
1604.0,404.0,524.0,509.0,340.0,583.0,549.0,404.299668,524.503396,509.872157,-0.29966799999999694,-0.5033959999999524,-0.8721570000000156,1.0506504060290356,95.79665964948882
1605.0,560.0,251.0,510.0,627.0,326.0,546.0,560.439395,250.14433699999998,508.87280599999997,-0.43939499999999043,0.8556630000000212,1.1271940000000313,1.481820990953394,106.81760154581266
1606.0,514.0,282.0,510.0,560.0,346.0,548.0,513.595413,283.12474399999996,510.65385200000003,0.40458699999999226,-1.1247439999999642,-0.653852000000029,1.3624471160411882,87.49857141690943
1607.0,482.0,422.0,510.0,470.0,495.0,549.0,482.42859999999996,422.32072200000005,510.190025,-0.42859999999996035,-0.32072200000004614,-0.19002499999999145,0.5680405460079345,83.6301381082203
1608.0,463.0,423.0,510.0,447.0,488.0,549.0,462.734381,422.860691,510.40621999999996,0.26561900000001515,0.13930900000002566,-0.40621999999996206,0.5049506303016011,77.47257579298626
1609.0,476.0,426.0,510.0,461.0,496.0,549.0,475.69490499999995,425.437685,510.22948800000006,0.3050950000000512,0.5623150000000123,-0.2294880000000603,0.6796659917886673,81.52300288875527
1610.0,399.0,478.0,510.0,352.0,527.0,549.0,399.05634,477.866088,510.479421,-0.05633999999997741,0.13391200000000936,-0.4794210000000021,0.5009502116827599,78.3007024234138
1611.0,409.0,524.0,510.0,345.0,585.0,548.0,408.69629199999997,524.747941,508.99997300000007,0.30370800000002873,-0.7479409999999689,1.0000269999999318,1.2851880366210364,96.23408959407264
1612.0,433.0,237.0,511.0,485.0,261.0,547.0,433.19138,236.560563,511.28992500000004,-0.191379999999981,0.4394369999999981,-0.2899250000000393,0.5601675526072657,67.64613810115105
1613.0,421.0,398.0,511.0,408.0,443.0,548.0,420.711772,398.02097,510.35331700000006,0.2882280000000037,-0.020969999999977063,0.6466829999999391,0.7083177418171328,59.69087032369355
1614.0,475.0,431.0,511.0,458.0,502.0,550.0,474.933677,430.889954,510.993652,0.06632300000001123,0.11004600000001119,0.006348000000002685,0.12864353675565665,82.77076778670111
1615.0,486.0,494.0,512.0,447.0,579.0,552.0,486.435566,493.60578699999996,511.765995,-0.43556599999999435,0.3942130000000361,0.23400500000002467,0.6323606326693931,101.7152889196113
1616.0,488.0,529.0,512.0,435.0,620.0,552.0,487.776629,528.5866249999999,511.339796,0.223370999999986,0.4133750000000873,0.6602040000000216,0.8103350022565324,112.64990013311153
1617.0,352.0,305.0,513.0,364.0,310.0,550.0,351.937849,306.125728,513.849528,0.062150999999971646,-1.125727999999981,-0.8495279999999639,1.4116742186385967,39.21734310225516
1618.0,471.0,432.0,513.0,453.0,501.0,552.0,470.80635199999995,431.432233,512.673177,0.1936480000000529,0.5677670000000035,0.3268229999999903,0.6831340919043772,81.2773031048644
1619.0,362.0,454.0,513.0,316.0,485.0,555.0,360.209502,454.6457879999999,516.109011,1.7904980000000137,-0.645787999999925,-3.1090110000000095,3.6453908743876853,69.57729514719583
1620.0,397.0,519.0,513.0,335.0,573.0,553.0,397.84928,518.071245,513.2991450000001,-0.8492800000000216,0.9287550000000238,-0.29914500000006683,1.2935803413202138,91.43303560529968
1621.0,161.0,112.0,514.0,219.0,12.0,545.0,161.688481,112.199719,514.179896,-0.6884809999999959,-0.19971900000000176,-0.17989599999998518,0.7390915620800915,119.68709203585824
1622.0,485.0,532.0,514.0,431.0,623.0,555.0,485.47614999999996,531.987037,513.784723,-0.47614999999996144,0.01296300000001338,0.2152770000000146,0.5227150740106601,113.48127598859647
1623.0,511.0,284.0,515.0,556.0,347.0,554.0,510.80207599999994,285.000138,515.581157,0.19792400000005728,-1.0001379999999926,-0.581156999999962,1.1735388308313295,86.68909966079934
1624.0,452.0,513.0,515.0,400.0,587.0,556.0,452.029948,512.0807699999999,515.216197,-0.029947999999990316,0.9192300000000841,-0.21619699999996556,0.9447866523258779,99.30256794262674
1625.0,424.0,525.0,515.0,363.0,591.0,555.0,424.308926,524.7988809999999,514.560363,-0.3089259999999854,0.20111900000006244,0.4396369999999479,0.5737288709887016,98.37174391053561
1626.0,524.0,136.0,516.0,629.0,179.0,553.0,523.815422,135.45904299999998,516.371675,0.1845779999999877,0.5409570000000201,-0.371674999999982,0.6817960248916122,119.3440404879942
1627.0,548.0,305.0,516.0,591.0,385.0,555.0,547.8952519999999,305.440113,515.741461,0.104748000000086,-0.44011299999999665,0.2585390000000416,0.5210700632295397,98.84331034521254
1628.0,375.0,368.0,516.0,367.0,390.0,553.0,375.108655,367.54279099999997,515.324906,-0.10865499999999884,0.4572090000000344,0.6750939999999446,0.8225557048260965,43.78355855797927
1629.0,480.0,403.0,516.0,475.0,472.0,557.0,480.403781,403.225351,516.994324,-0.40378099999998085,-0.2253509999999892,-0.994324000000006,1.0965866979578,80.41765975207187
1630.0,581.0,406.0,516.0,591.0,515.0,557.0,581.733178,406.482305,515.811055,-0.7331779999999526,-0.48230499999999665,0.1889449999999897,0.8977016796987313,116.88455843266894
1631.0,481.0,409.0,516.0,474.0,479.0,555.0,481.429448,408.90557,515.276729,-0.4294479999999794,0.09442999999998847,0.7232709999999543,0.8464416985504164,80.43631020876082
1632.0,598.0,455.0,516.0,592.0,577.0,558.0,598.648782,454.41212199999995,515.876339,-0.6487819999999829,0.5878780000000461,0.12366099999997004,0.8842005820677933,129.1665591397402
1633.0,505.0,514.0,516.0,462.0,609.0,558.0,505.95139400000005,513.0773079999999,516.234447,-0.9513940000000503,0.9226920000000973,-0.2344470000000456,1.3459110170844493,112.41885962773328
1634.0,156.0,152.0,517.0,197.0,56.0,548.0,156.066501,152.140879,516.23298,-0.06650099999998815,-0.1408790000000124,0.7670200000000023,0.7826806219921414,108.89444430272832
1635.0,127.0,191.0,517.0,148.0,89.0,549.0,126.58302599999999,190.534104,516.934623,0.4169740000000104,0.46589599999998654,0.06537700000001223,0.6286497845549601,108.94494022211403
1636.0,522.0,196.0,517.0,604.0,248.0,555.0,522.3567869999999,195.597882,517.32075,-0.35678699999994024,0.40211800000000153,-0.32074999999997544,0.6260003289080148,104.2688831818966
1637.0,511.0,289.0,517.0,554.0,350.0,555.0,510.03748899999994,287.861128,516.375808,0.9625110000000632,1.1388719999999921,0.6241919999999936,1.616500080534825,83.74962686484042
1638.0,400.0,475.0,517.0,354.0,524.0,556.0,399.894111,475.082906,516.240066,0.10588899999999057,-0.08290599999997994,0.7599340000000439,0.7717419060236793,77.70456872024965
1639.0,427.0,514.0,517.0,371.0,579.0,559.0,427.44045800000004,513.432729,517.937055,-0.4404580000000351,0.5672710000000052,-0.9370549999999866,1.1806234413351329,95.524865872714
1640.0,562.0,258.0,518.0,626.0,336.0,558.0,562.373587,258.292014,518.590766,-0.3735870000000432,-0.29201399999999467,-0.5907660000000305,0.7575248441609458,108.53570840972108
1641.0,366.0,443.0,518.0,327.0,474.0,557.0,365.914171,443.2573269999999,517.81763,0.08582899999998972,-0.25732699999991837,0.1823699999999917,0.3268678923815449,63.26926584053272
1642.0,599.0,447.0,518.0,595.0,568.0,561.0,598.666149,446.667463,518.4260360000001,0.33385099999998147,0.3325370000000021,-0.42603600000006736,0.6352511470796778,128.47567863218313
1643.0,512.0,516.0,518.0,468.0,615.0,560.0,512.19316,516.199438,517.766489,-0.19316000000003442,-0.19943799999998646,0.23351100000002134,0.36278600932921584,116.19380362136356
1644.0,430.0,537.0,518.0,365.0,607.0,560.0,430.07126999999997,536.7611089999999,518.452835,-0.07126999999996997,0.23889100000008057,-0.45283500000005006,0.516921522096033,104.35037134576953
1645.0,121.0,184.0,519.0,144.0,79.0,551.0,120.891436,183.822516,518.7170610000001,0.10856400000000122,0.17748399999999265,0.2829389999999421,0.35119964418114785,112.15168300119264
1646.0,139.0,191.0,519.0,163.0,94.0,553.0,139.576783,190.55872300000001,520.066026,-0.576783000000006,0.44127699999998526,-1.0660259999999653,1.2898897055538974,105.55093557141026
1647.0,514.0,285.0,519.0,559.0,348.0,558.0,513.430101,285.036185,518.829556,0.569898999999964,-0.03618499999998903,0.17044399999997495,0.5959407533991525,86.68909966079934
1648.0,510.0,124.0,520.0,617.0,160.0,557.0,509.5840169999999,123.85290499999999,519.947384,0.4159830000000966,0.1470950000000073,0.0526159999999436,0.444350355879318,118.80235687897779
1649.0,129.0,182.0,520.0,155.0,79.0,552.0,129.448618,180.972407,519.473487,-0.4486180000000104,1.027592999999996,0.5265130000000227,1.238717652551228,110.94593277808791
1650.0,408.0,415.0,520.0,386.0,457.0,560.0,407.367594,414.736724,520.143239,0.6324060000000031,0.26327600000001894,-0.14323899999999412,0.699834989217467,62.03224967708329
1651.0,464.0,424.0,520.0,448.0,490.0,561.0,464.141553,424.271614,520.209296,-0.1415529999999876,-0.2716139999999996,-0.20929599999999482,0.37096661901173006,79.328431221095
1652.0,405.0,438.0,520.0,374.0,484.0,561.0,405.075691,438.84791599999994,520.705446,-0.07569100000000617,-0.847915999999941,-0.7054460000000518,1.10559700137662,68.97825744392213
1653.0,282.0,577.0,520.0,178.0,597.0,561.0,282.16233,577.61705,520.463719,-0.1623299999999972,-0.6170499999999493,-0.46371899999996913,0.7887566433069885,113.5649593844862
1654.0,57.0,173.0,521.0,75.0,43.0,554.0,57.933958000000004,173.815131,522.004947,-0.9339580000000041,-0.815131000000008,-1.0049470000000156,1.5958178360120092,135.32553343696821
1655.0,117.0,174.0,521.0,143.0,66.0,554.0,116.75982299999998,174.00940500000002,521.337946,0.24017700000001696,-0.009405000000015207,-0.3379459999999881,0.4147058527076757,115.88356225108029
1656.0,443.0,456.0,521.0,411.0,519.0,563.0,442.95175,456.44635299999993,521.709923,0.04824999999999591,-0.44635299999993094,-0.7099230000000034,0.8399700762753057,82.20097323024831
1657.0,608.0,459.0,521.0,600.0,586.0,565.0,607.270929,459.39420599999994,521.457776,0.7290709999999763,-0.3942059999999401,-0.4577759999999671,0.9468377683916543,134.6439749858864
1658.0,486.0,499.0,521.0,445.0,584.0,564.0,486.291909,498.1279589999999,521.550036,-0.29190899999997555,0.8720410000000811,-0.5500359999999773,1.0715437327790698,103.70631610466162
1659.0,509.0,515.0,521.0,465.0,612.0,564.0,509.118017,514.687003,521.097528,-0.11801700000000892,0.31299699999999575,-0.09752800000001116,0.3484348505560281,114.86513831445988
1660.0,56.0,168.0,522.0,75.0,35.0,553.0,55.84360199999999,167.58862100000002,521.282103,0.15639800000001003,0.4113789999999824,0.7178969999999936,0.8420624196898823,137.88038294115665
1661.0,470.0,183.0,522.0,548.0,213.0,560.0,469.779978,183.007242,522.1609510000001,0.22002199999997174,-0.007241999999990867,-0.16095100000006823,0.27270377967496046,91.804139340228
1662.0,594.0,368.0,522.0,620.0,475.0,564.0,593.9269,367.926902,521.863725,0.07309999999995398,0.07309800000001587,0.13627499999995507,0.1710491251921019,117.8516016013359
1663.0,399.0,477.0,522.0,352.0,526.0,563.0,398.924261,477.225154,521.96326,0.07573899999999867,-0.22515399999997499,0.03674000000000888,0.24037584620129615,79.31582439841371
1664.0,276.0,594.0,522.0,165.0,614.0,563.0,276.500971,594.2269729999999,521.971774,-0.5009709999999927,-0.22697299999992993,0.028226000000017848,0.5507135304729328,120.00833304400157
1665.0,269.0,605.0,522.0,152.0,623.0,563.0,268.740108,604.60066,521.937573,0.25989199999997936,0.399340000000052,0.062426999999956934,0.4805345123849331,125.27569596693526
1666.0,135.0,179.0,523.0,161.0,79.0,556.0,134.147774,179.451401,522.716779,0.8522260000000017,-0.45140100000000416,0.2832210000000259,1.0051199693161117,108.4665847162157
1667.0,284.0,580.0,523.0,179.0,600.0,564.0,283.747321,579.717537,522.8800160000001,0.25267900000000054,0.282463000000007,0.11998399999993126,0.39752758855957127,114.48143954370944
1668.0,109.0,162.0,524.0,139.0,49.0,557.0,109.256324,161.86785700000001,524.0242930000001,-0.25632400000000644,0.13214299999998502,-0.024293000000056963,0.2894026870538733,121.48250902907793
1669.0,501.0,279.0,524.0,547.0,336.0,564.0,501.038049,278.889185,523.959592,-0.03804900000000089,0.11081500000000233,0.0404079999999567,0.12393747250124591,83.45657553482529
1670.0,398.0,482.0,524.0,349.0,531.0,566.0,397.921178,481.91977699999995,524.378319,0.07882200000000239,0.08022300000004634,-0.37831900000003316,0.39468202793392165,81.03085831953157
1671.0,361.0,547.0,524.0,281.0,591.0,565.0,360.678698,546.2149109999999,523.224015,0.32130200000000286,0.7850890000000845,0.7759849999999915,1.1496749250767024,100.08496390567366
1672.0,266.0,574.0,524.0,160.0,585.0,563.0,265.071122,572.991056,522.350463,0.9288779999999974,1.0089440000000423,1.6495370000000094,2.145170074467083,113.48127598859647
1673.0,158.0,116.0,525.0,213.0,15.0,559.0,157.934442,116.22708700000001,525.649807,0.06555800000001,-0.22708700000001159,-0.6498070000000098,0.6914589605913133,119.9249765478401
1674.0,436.0,512.0,525.0,382.0,580.0,568.0,436.33097499999997,511.43752599999993,525.236706,-0.3309749999999667,0.5624740000000656,-0.2367060000000265,0.6942270390420301,96.89685237405806
1675.0,359.0,546.0,525.0,279.0,591.0,567.0,359.142806,546.754333,524.874291,-0.14280600000000732,-0.7543329999999742,0.12570900000002894,0.7779553850999236,100.94057657849989
1676.0,270.0,589.0,525.0,159.0,606.0,567.0,269.793791,589.6090029999999,525.380346,0.2062090000000012,-0.609002999999916,-0.3803460000000314,0.7470407521721436,119.89161772200757
1677.0,515.0,274.0,526.0,565.0,336.0,567.0,515.053185,274.238633,526.31476,-0.05318499999998494,-0.238632999999993,-0.3147599999999784,0.39855766272144544,89.58236433584459
1678.0,509.0,275.0,526.0,558.0,335.0,566.0,509.34422800000004,275.271704,525.547501,-0.3442280000000437,-0.2717039999999997,0.4524989999999889,0.6301359572354366,87.18371407550839
1679.0,492.0,368.0,526.0,502.0,436.0,568.0,492.12051099999996,368.337214,526.28781,-0.12051099999996495,-0.3372140000000172,-0.28781000000003587,0.45942439967531523,80.54812226240907
1680.0,427.0,496.0,526.0,376.0,560.0,567.0,426.45624300000003,497.44575,524.69307,0.543756999999971,-1.4457499999999754,1.3069299999999657,2.0233464267022607,91.53141537199127
1681.0,428.0,514.0,526.0,371.0,579.0,568.0,427.52279,513.520263,525.311763,0.4772100000000137,0.4797370000000001,0.6882369999999582,0.9651668982295009,96.11451503285026
1682.0,457.0,159.0,527.0,542.0,181.0,564.0,456.82917399999997,159.73891999999998,525.859227,0.17082600000003367,-0.7389199999999789,1.1407729999999674,1.369871280889159,95.27853903162034
1683.0,145.0,174.0,527.0,176.0,81.0,564.0,146.39766999999998,177.18363,529.162043,-1.3976699999999767,-3.1836299999999937,-2.1620430000000397,4.094314514011969,104.7807234180028
1684.0,465.0,518.0,527.0,413.0,598.0,571.0,465.131051,517.3949329999999,527.300158,-0.13105100000001357,0.6050670000000764,-0.30015800000001036,0.6880227205943872,105.07140429250958
1685.0,135.0,150.0,528.0,174.0,45.0,562.0,135.45974999999999,149.70862,527.969227,-0.45974999999998545,0.29138000000000375,0.030772999999953754,0.5451782684856266,117.05554237198682
1686.0,434.0,294.0,528.0,463.0,328.0,568.0,433.71753699999994,294.550045,527.814792,0.28246300000006386,-0.5500450000000114,0.18520799999998871,0.6454741293483763,59.9749947894954
1687.0,599.0,361.0,528.0,628.0,470.0,572.0,598.916081,362.03934,528.433568,0.08391900000003716,-1.0393399999999815,-0.4335680000000366,1.1292702266441808,121.07022755409358
1688.0,514.0,424.0,528.0,505.0,509.0,571.0,513.47026,424.31459099999995,527.8476850000001,0.529739999999947,-0.3145909999999503,0.15231499999993048,0.6346588249649503,95.68176419778223
1689.0,535.0,422.0,529.0,531.0,514.0,573.0,534.993755,421.459923,529.277278,0.006245000000035361,0.5400769999999966,-0.2772780000000239,0.6071286974258506,102.05880657738459
1690.0,163.0,117.0,530.0,221.0,18.0,565.0,164.986535,116.536857,530.4842580000001,-1.9865350000000035,0.4631430000000023,-0.484258000000068,2.0965038886770713,119.95832609702421
1691.0,141.0,154.0,530.0,181.0,54.0,566.0,143.277359,154.921511,531.098154,-2.27735899999999,-0.9215110000000095,-1.0981540000000223,2.6910014391891397,113.56055653262712
1692.0,143.0,161.0,530.0,179.0,60.0,565.0,143.274929,160.094343,530.217768,-0.274928999999986,0.9056569999999908,-0.2177679999999782,0.9711969205644992,112.79184367674819
1693.0,267.0,584.0,530.0,158.0,598.0,572.0,266.98122900000004,583.700834,529.5797,0.01877099999995835,0.2991660000000138,0.42029999999999745,0.5162409669882898,117.64777940955791
1694.0,505.0,272.0,531.0,554.0,329.0,573.0,504.73898199999996,271.717138,531.378715,0.2610180000000355,0.2828620000000228,-0.37871500000005653,0.5399688496506759,86.10458756651704
1695.0,437.0,447.0,531.0,407.0,506.0,574.0,436.56203899999997,447.491005,530.903282,0.4379610000000298,-0.4910049999999728,0.09671800000000985,0.6650188862506097,78.93034904268447
1696.0,425.0,501.0,531.0,372.0,564.0,576.0,424.470803,501.68161599999996,532.042398,0.5291970000000106,-0.6816159999999627,-1.0423980000000483,1.353234431526578,93.82430388763883
1697.0,144.0,156.0,532.0,181.0,55.0,567.0,143.54665799999998,155.708335,531.905495,0.45334200000002056,0.29166499999999473,0.09450500000002648,0.5472829580884285,113.11498574459532
1698.0,543.0,186.0,532.0,629.0,245.0,571.0,541.1500520000001,186.92257899999998,530.3244050000001,1.8499479999999267,-0.9225789999999847,1.6755949999999302,2.6610295409802323,111.34630662936243
1699.0,482.0,468.0,532.0,452.0,547.0,576.0,482.215756,467.67215,531.789525,-0.21575599999999895,0.3278500000000122,0.210474999999974,0.445349300730333,95.2732911156112
1700.0,490.0,471.0,532.0,459.0,555.0,576.0,489.73662199999995,472.069039,531.652875,0.26337800000004563,-1.0690389999999752,0.34712500000000546,1.1544297813336135,99.76472322419383
1701.0,124.0,145.0,533.0,163.0,35.0,568.0,124.365094,144.85583100000002,533.069395,-0.36509399999999914,0.14416899999997668,-0.06939499999998588,0.3986150968315057,121.84416276539471
1702.0,129.0,146.0,533.0,167.0,38.0,568.0,128.25392300000001,146.147185,533.010278,0.7460769999999854,-0.14718500000000745,-0.010277999999971144,0.7605261017466658,119.72050785057671
1703.0,361.0,412.0,533.0,334.0,436.0,576.0,361.641903,412.09250199999997,533.805074,-0.6419030000000134,-0.09250199999996767,-0.8050739999999905,1.0337989296226786,56.16048432839589
1704.0,160.0,123.0,534.0,212.0,23.0,570.0,159.339184,122.81084200000001,534.572497,0.6608160000000112,0.18915799999999194,-0.5724969999999985,0.8945453313438118,118.32159566199232
1705.0,546.0,190.0,534.0,634.0,252.0,574.0,546.884023,191.09151799999998,532.669514,-0.8840229999999565,-1.0915179999999793,1.3304859999999508,1.9347095919152175,114.83901775964473
1706.0,155.0,123.0,535.0,207.0,22.0,571.0,155.202711,123.34339500000002,535.4326100000001,-0.20271099999999365,-0.3433950000000152,-0.4326100000000679,0.5883564290853518,119.16794871105233
1707.0,116.0,197.0,535.0,132.0,92.0,571.0,115.13123099999999,197.23913,535.01709,0.8687690000000146,-0.23912999999998874,-0.017090000000052896,0.9012407005684008,112.14722466472365
1708.0,512.0,242.0,535.0,574.0,297.0,577.0,511.992622,241.689206,534.928115,0.007378000000016982,0.31079399999998714,0.07188499999995202,0.3190843125961936,92.91393867445294
1709.0,309.0,460.0,535.0,254.0,471.0,578.0,308.597964,460.109184,535.479493,0.4020360000000096,-0.10918400000002748,-0.4794930000000477,0.6351910170972661,70.67531393633848
1710.0,242.0,576.0,535.0,132.0,580.0,579.0,242.15810299999998,576.540762,535.681738,-0.15810299999998279,-0.5407619999999724,-0.6817379999999957,0.8844132517646708,118.54113210189955
1711.0,244.0,577.0,535.0,134.0,581.0,578.0,243.96329400000002,576.7881639999999,534.838803,0.03670599999998103,0.21183600000006209,0.16119700000001558,0.2687122887793372,118.17360111293893
1712.0,530.0,147.0,536.0,631.0,193.0,576.0,529.2221279999999,146.04214299999998,535.037705,0.7778720000001158,0.9578570000000184,0.9622950000000401,1.5647960083852122,117.9703352542494
1713.0,472.0,174.0,536.0,554.0,203.0,577.0,471.99654799999996,173.841694,536.177309,0.0034520000000384243,0.15830600000001027,-0.17730900000003658,0.2377208182322627,96.15612304996495
1714.0,504.0,531.0,536.0,453.0,629.0,583.0,504.389268,531.202283,536.529861,-0.3892680000000155,-0.2022829999999658,-0.5298609999999826,0.687895825858814,120.0583191619806
1715.0,417.0,322.0,537.0,434.0,352.0,579.0,417.52606299999997,320.846948,536.7046740000001,-0.5260629999999651,1.1530520000000024,0.2953259999999318,1.301341093237637,54.3415126767741
1716.0,486.0,464.0,537.0,459.0,544.0,582.0,486.929849,463.57931699999995,536.702128,-0.9298489999999902,0.42068300000005365,0.2978719999999839,1.063165592781302,95.67653839891993
1717.0,481.0,473.0,537.0,449.0,552.0,580.0,481.221821,472.37649899999997,535.023996,-0.22182099999997718,0.623501000000033,1.976003999999989,2.0838785619747586,95.46727187890099
1718.0,139.0,137.0,538.0,181.0,32.0,573.0,137.61807299999998,137.893437,537.0996,1.3819270000000188,-0.8934370000000058,0.9003999999999905,1.8758123750252969,118.38074167701434
1719.0,343.0,321.0,538.0,348.0,323.0,580.0,343.16074799999996,320.67954199999997,538.366581,-0.16074799999995548,0.32045800000003055,-0.3665809999999965,0.5127522587263782,42.34383071948026
1720.0,405.0,367.0,538.0,401.0,401.0,581.0,404.64765600000004,367.52370699999994,537.940977,0.3523439999999596,-0.5237069999999449,0.059023000000024695,0.6339550699489016,54.96362433464518
1721.0,463.0,441.0,538.0,440.0,508.0,583.0,462.808775,440.55323,538.06489,0.19122499999997444,0.446770000000015,-0.06488999999999123,0.49028679935829644,83.92258337301111
1722.0,464.0,442.0,538.0,441.0,510.0,583.0,464.10617099999996,441.847441,538.035022,-0.10617099999996071,0.15255899999999656,-0.03502200000002631,0.18913770170432032,84.72307831990054
1723.0,428.0,473.0,538.0,388.0,533.0,582.0,428.894514,473.490174,537.241455,-0.8945140000000151,-0.49017400000002453,0.7585450000000264,1.2711476560561685,84.4748483277715
1724.0,562.0,499.0,538.0,532.0,614.0,585.0,561.895725,499.02644999999995,537.897396,0.10427500000002965,-0.026449999999954343,0.1026040000000421,0.1486622310508369,127.80453826057978
1725.0,272.0,529.0,538.0,183.0,538.0,581.0,270.88185100000004,530.662863,537.535518,1.1181489999999599,-1.6628630000000157,0.4644819999999754,2.056967202289317,99.25220400575496
1726.0,288.0,596.0,538.0,178.0,620.0,583.0,288.347059,595.7042759999999,538.21315,-0.34705900000000156,0.2957240000000638,-0.21315000000004147,0.503324503831332,121.24768039018313
1727.0,174.0,118.0,539.0,230.0,24.0,575.0,173.632767,118.95684,538.554418,0.3672329999999988,-0.9568399999999997,0.44558199999994486,1.1175626070216154,115.18680479985544
1728.0,145.0,132.0,539.0,192.0,29.0,576.0,145.413098,132.73148600000002,539.531063,-0.41309799999999086,-0.7314860000000181,-0.5310630000000174,0.9938559431673372,119.10919359982252
1729.0,102.0,154.0,539.0,135.0,38.0,571.0,103.41435899999999,154.495883,535.651746,-1.4143589999999904,-0.4958829999999921,3.348253999999997,3.668394223510601,124.77579893553076
1730.0,502.0,247.0,539.0,561.0,299.0,582.0,502.4564419999999,246.67183699999998,539.075471,-0.4564419999999245,0.32816300000001775,-0.07547099999999318,0.5672090670766307,89.63258336118624
1731.0,352.0,321.0,539.0,358.0,327.0,581.0,351.98144,321.19781,539.080449,0.018559999999979482,-0.19781000000000404,-0.08044900000004418,0.21434857429198811,42.8485705712571
1732.0,492.0,489.0,539.0,455.0,575.0,585.0,491.91359800000004,488.738473,538.809067,0.08640199999996412,0.26152700000000095,0.1909329999999727,0.33513741632647326,104.31203190428226
1733.0,502.0,514.0,539.0,457.0,608.0,587.0,502.071065,513.8821889999999,540.038096,-0.07106499999997595,0.11781100000007427,-1.038095999999996,1.047173801793191,114.73883387938018
1734.0,159.0,151.0,540.0,200.0,53.0,576.0,157.873474,149.301958,539.195551,1.1265260000000126,1.6980419999999867,0.8044489999999769,2.190786538218853,112.16505694733989
1735.0,617.0,402.0,540.0,634.0,523.0,587.0,617.503868,401.811514,540.050629,-0.5038680000000113,0.1884860000000117,-0.05062899999995807,0.5403454721389008,130.91600360536523
1736.0,480.0,467.0,540.0,450.0,545.0,586.0,480.232746,466.735184,540.019239,-0.2327460000000201,0.26481599999999617,-0.019238999999970474,0.35308406009476867,95.39392014169457
1737.0,481.0,473.0,540.0,449.0,552.0,586.0,481.276709,472.43485499999997,539.940468,-0.27670899999998255,0.5651450000000295,0.05953199999999015,0.6320607571507841,96.85556256612213
1738.0,340.0,498.0,540.0,275.0,527.0,585.0,339.54943000000003,498.23506899999995,540.419155,0.4505699999999706,-0.23506899999995312,-0.41915500000004613,0.6587576744797666,84.20807562223472
1739.0,498.0,257.0,541.0,553.0,309.0,584.0,498.85949600000004,256.542149,540.639393,-0.8594960000000356,0.4578510000000051,0.36060699999995904,1.0384595902903666,87.05170877128145
1740.0,157.0,142.0,542.0,201.0,43.0,579.0,156.076502,141.300171,541.768771,0.923497999999995,0.699828999999994,0.2312289999999848,1.1815566155229194,114.48143954370944
1741.0,501.0,254.0,542.0,557.0,306.0,585.0,501.19656699999996,253.180641,541.472114,-0.19656699999995908,0.8193589999999915,0.5278859999999668,0.9943095017980744,87.68694315575154
1742.0,257.0,510.0,542.0,180.0,508.0,587.0,260.800927,508.18823399999997,542.8312980000001,-3.8009270000000015,1.8117660000000342,-0.8312980000000607,4.291922467017459,89.20762299265685
1743.0,231.0,595.0,542.0,111.0,598.0,586.0,230.585883,596.056293,541.32059,0.4141170000000045,-1.0562929999999824,0.6794099999999617,1.3224393141607347,127.84756548327387
1744.0,458.0,413.0,543.0,445.0,474.0,589.0,457.903999,412.89032899999995,543.363146,0.09600100000000111,0.10967100000004848,-0.36314600000002883,0.3913041496815895,77.49838707999025
1745.0,507.0,238.0,544.0,570.0,291.0,589.0,507.43311600000004,238.18327,544.856389,-0.4331160000000409,-0.18326999999999316,-0.8563890000000356,0.977025834703,93.82430388763883
1746.0,496.0,362.0,544.0,509.0,430.0,589.0,496.191371,362.05897699999997,543.527806,-0.19137100000000373,-0.0589769999999703,0.47219399999994494,0.5129018617688436,82.57118141337206
1747.0,494.0,489.0,544.0,457.0,575.0,590.0,493.513526,488.26713299999994,542.894675,0.486473999999987,0.7328670000000557,1.1053249999999935,1.4126196756346183,104.31203190428226
1748.0,285.0,587.0,544.0,178.0,609.0,590.0,285.549434,587.22428,544.081815,-0.5494340000000193,-0.22428000000002157,-0.08181500000000597,0.5990600412154293,118.52847759083046
1749.0,100.0,155.0,545.0,131.0,37.0,582.0,100.14645999999999,154.865711,544.700253,-0.1464599999999905,0.13428899999999544,0.29974700000002485,0.359628045527613,127.49117616525467
1750.0,515.0,208.0,545.0,590.0,259.0,589.0,514.650164,208.116434,545.128141,0.34983599999998205,-0.11643399999999815,-0.12814100000002782,0.3903360336082157,100.80674580602232
1751.0,508.0,238.0,545.0,571.0,292.0,590.0,508.479509,238.710109,545.658004,-0.4795090000000073,-0.7101089999999886,-0.6580040000000054,1.080348525698072,94.39279633531363
1752.0,481.0,414.0,545.0,471.0,484.0,593.0,480.74654499999997,413.940603,546.371208,0.25345500000003085,0.05939699999998993,-1.3712080000000242,1.395700118183731,85.46344247688599
1753.0,517.0,424.0,545.0,508.0,510.0,591.0,516.244653,424.506254,544.206676,0.7553470000000289,-0.5062540000000126,0.7933239999999842,1.2067332646036701,97.94386147176351
1754.0,517.0,200.0,546.0,595.0,252.0,591.0,516.732873,201.396275,546.8228320000001,0.2671269999999595,-1.3962750000000028,-0.8228320000000622,1.6425569122493409,103.98557592281729
1755.0,335.0,345.0,546.0,329.0,348.0,590.0,334.99121699999995,345.143967,546.36772,0.008783000000050833,-0.1439669999999751,-0.36771999999996297,0.39499574248081015,44.50842616853577
1756.0,269.0,498.0,546.0,193.0,499.0,591.0,268.598382,497.85345099999995,546.143147,0.40161799999998493,0.14654900000005,-0.14314699999999903,0.4508488559750399,88.32893070789434
1757.0,421.0,515.0,546.0,362.0,578.0,593.0,420.49749299999996,515.32618,545.860668,0.5025070000000369,-0.3261800000000221,0.1393319999999676,0.6150772989413953,98.28021163998376
1758.0,119.0,139.0,547.0,159.0,26.0,585.0,119.070875,139.067231,547.130942,-0.07087500000000091,-0.06723099999999249,-0.13094200000000455,0.16336792938028047,125.74975149080812
1759.0,113.0,199.0,547.0,129.0,93.0,585.0,113.18817200000001,198.932347,546.493965,-0.18817200000000867,0.06765300000000707,0.5060349999999971,0.5441112489353637,113.73653766490345
1760.0,357.0,314.0,547.0,366.0,320.0,590.0,356.45946699999996,313.76577799999995,546.493846,0.540533000000039,0.23422200000004523,0.5061540000000377,0.7766773725872935,44.339598554790726
1761.0,482.0,462.0,547.0,454.0,540.0,594.0,482.113551,461.887562,546.611986,-0.11355099999997265,0.11243799999999737,0.3880139999999983,0.41963197881118625,95.2732911156112
1762.0,254.0,86.0,548.0,336.0,17.0,586.0,254.28430199999997,86.06573000000002,547.045491,-0.2843019999999683,-0.06573000000001628,0.95450900000003,0.9981159708095254,113.70576062803502
1763.0,542.0,171.0,548.0,635.0,226.0,593.0,541.0710029999999,170.81177899999997,548.546462,0.9289970000000949,0.18822100000002706,-0.5464620000000195,1.0941130144067421,117.04272724095249
1764.0,428.0,311.0,548.0,450.0,344.0,593.0,428.00643099999996,310.606568,548.1813940000001,-0.00643099999996366,0.39343200000001843,-0.18139400000006844,0.4332826786533693,59.983331017875294
1765.0,555.0,361.0,548.0,577.0,451.0,596.0,554.56097,360.767137,548.6208310000001,0.4390300000000025,0.23286300000000892,-0.6208310000000665,0.7952381078834747,104.34557968596465
1766.0,492.0,470.0,548.0,462.0,553.0,596.0,491.730562,469.92940799999997,548.048079,0.26943799999997964,0.0705920000000333,-0.04807900000002974,0.28265112161284023,100.46392387319938
1767.0,496.0,484.0,548.0,462.0,571.0,596.0,496.41328,483.91717199999994,547.8308010000001,-0.4132799999999861,0.08282800000006318,0.16919899999993504,0.4541906401336084,105.01904589168576
1768.0,301.0,564.0,548.0,205.0,587.0,593.0,300.835094,563.137707,546.651011,0.16490599999997357,0.8622930000000224,1.3489889999999605,1.6095075423265102,108.48963084092415
1769.0,145.0,135.0,549.0,191.0,31.0,583.0,145.220342,134.613749,545.248531,-0.22034199999998805,0.38625099999998724,3.751469000000043,3.7777321358093015,118.69288099966232
1770.0,111.0,199.0,549.0,126.0,92.0,588.0,110.624183,198.964382,548.98145,0.37581699999999785,0.03561799999999948,0.01855000000000473,0.3779565608810072,114.86949116279744
1771.0,516.0,215.0,549.0,587.0,267.0,593.0,514.4366819999999,215.152077,548.326399,1.5633180000000948,-0.15207699999999136,0.6736009999999624,1.7090432675196503,98.39207285142437
1772.0,551.0,358.0,550.0,574.0,446.0,598.0,550.947229,357.681054,550.337188,0.05277100000000701,0.31894599999998263,-0.3371879999999692,0.4671264033438582,102.84454287904633
1773.0,459.0,408.0,550.0,448.0,469.0,597.0,459.00771000000003,408.302692,549.961619,-0.007710000000031414,-0.3026919999999791,0.038380999999958476,0.3052130274496563,77.78817390837762
1774.0,460.0,409.0,550.0,449.0,471.0,597.0,460.30510599999997,409.596903,549.931751,-0.30510599999996657,-0.5969029999999975,0.06824900000003709,0.673825488272729,78.57480512225277
1775.0,496.0,465.0,550.0,469.0,550.0,597.0,496.398915,465.7879449999999,548.863622,-0.39891499999998814,-0.7879449999999224,1.136378000000036,1.4392169604107472,100.81170566953026
1776.0,625.0,488.0,550.0,609.0,625.0,601.0,624.7399919999999,487.71129899999994,550.434305,0.2600080000000844,0.28870100000006005,-0.43430499999999483,0.5827291484815859,147.0578117612254
1777.0,510.0,133.0,551.0,613.0,170.0,596.0,509.43392300000005,133.043139,551.806646,0.5660769999999502,-0.043138999999996486,-0.8066460000000006,0.9863984552734987,118.33427229674419
1778.0,464.0,175.0,551.0,544.0,201.0,596.0,463.87911799999995,175.07214199999999,551.827539,0.12088200000005145,-0.07214199999998527,-0.8275390000000016,0.8394270204186978,95.39916142189091
1779.0,280.0,593.0,551.0,169.0,614.0,599.0,279.938675,593.537169,551.447702,0.06132500000001073,-0.5371689999999489,-0.44770200000004934,0.7019603770797826,122.74363527287271
1780.0,447.0,217.0,552.0,508.0,242.0,598.0,446.588221,216.312072,553.177588,0.4117790000000241,0.6879279999999994,-1.1775880000000143,1.424612359826017,80.38656604184557
1781.0,495.0,473.0,552.0,465.0,557.0,601.0,495.148188,472.306475,552.0796770000001,-0.14818800000000465,0.6935250000000224,-0.07967700000006062,0.7136420904753601,101.76934705499491
1782.0,415.0,515.0,552.0,357.0,574.0,600.0,415.63545500000004,513.585795,551.673466,-0.6354550000000359,1.4142050000000381,0.32653400000003785,1.584425224555005,95.65040512198576
1783.0,272.0,579.0,552.0,165.0,594.0,600.0,271.636427,579.0448749999999,552.531438,0.36357299999997394,-0.04487499999993361,-0.5314379999999801,0.6454652893827475,118.2285921425101
1784.0,494.0,470.0,553.0,465.0,554.0,602.0,494.37688299999996,469.984907,552.935302,-0.3768829999999639,0.015092999999978929,0.06469800000002124,0.38269364450167564,101.47906187977893
1785.0,226.0,625.0,553.0,95.0,629.0,601.0,226.35428000000002,624.4519809999999,553.329185,-0.354280000000017,0.5480190000000675,-0.32918500000005224,0.7308911731483152,139.57435294494474
1786.0,600.0,494.0,554.0,578.0,623.0,605.0,600.166368,494.255542,553.913601,-0.16636800000003404,-0.2555419999999913,0.08639900000002854,0.3169302957891716,140.44927910103348
1787.0,486.0,496.0,554.0,445.0,581.0,604.0,485.877376,496.185705,554.3627290000001,0.12262399999997342,-0.18570499999998447,-0.3627290000000585,0.42555295774090224,106.7988763985839
1788.0,465.0,418.0,555.0,451.0,483.0,603.0,465.03599399999996,418.460465,554.691919,-0.03599399999995967,-0.46046499999999924,0.3080810000000156,0.5551913965669911,82.00609733428362
1789.0,500.0,424.0,555.0,489.0,503.0,604.0,499.777734,424.13272099999995,555.052323,0.22226599999999053,-0.1327209999999468,-0.05232300000000123,0.26411121696357726,93.61089680160104
1790.0,551.0,404.0,556.0,557.0,499.0,605.0,551.58867,403.355075,555.530651,-0.5886699999999792,0.6449250000000006,0.4693489999999656,0.9913370306439401,107.060730429042
1791.0,274.0,573.0,556.0,170.0,589.0,604.0,274.257734,573.898364,555.840811,-0.25773400000002766,-0.898364000000015,0.15918899999996938,0.948064253609971,115.65465835840769
1792.0,82.0,216.0,557.0,86.0,101.0,599.0,81.98241,216.46465,558.1153830000001,0.01758999999999844,-0.464650000000006,-1.1153830000000653,1.2084238773249854,122.494897852931
1793.0,83.0,155.0,558.0,111.0,31.0,598.0,83.190042,155.55843900000002,557.997791,-0.19004200000000537,-0.5584390000000212,0.002208999999993466,0.5898940228261562,133.26664999166147
1794.0,417.0,331.0,558.0,430.0,364.0,607.0,417.79564300000004,331.48439199999996,559.526262,-0.795643000000041,-0.4843919999999571,-1.5262619999999743,1.788060146012137,60.489668539346454
1795.0,400.0,375.0,558.0,393.0,407.0,605.0,400.211362,374.499599,557.580247,-0.21136200000000827,0.5004010000000108,0.41975300000001425,0.6864893566939158,57.28874234961002
1796.0,518.0,430.0,558.0,508.0,517.0,608.0,518.221226,430.11128199999996,558.052183,-0.22122600000000148,-0.11128199999996014,-0.052183000000013635,0.25307645502692105,100.84145972763385
1797.0,420.0,435.0,558.0,392.0,485.0,607.0,419.744342,435.3926799999999,558.283259,0.2556579999999826,-0.39267999999992753,-0.28325900000004367,0.5475347079820228,75.39893898457723
1798.0,99.0,148.0,559.0,133.0,28.0,600.0,99.52395299999999,147.526927,559.546856,-0.5239529999999917,0.4730729999999994,-0.546856000000048,0.8929592903789305,131.28975588369414
1799.0,441.0,244.0,559.0,490.0,272.0,605.0,440.469095,244.37282399999998,558.65441,0.5309050000000184,-0.37282399999998006,0.3455900000000156,0.7350444218555878,72.80796659706958
1800.0,429.0,262.0,559.0,469.0,287.0,606.0,428.061534,261.498705,559.413003,0.9384660000000054,0.5012950000000274,-0.41300300000000334,1.1413091553956975,66.58828725834597
1801.0,466.0,360.0,559.0,475.0,415.0,607.0,466.032574,359.417065,558.652971,-0.03257400000001098,0.5829350000000204,0.34702900000002046,0.6791932026618337,73.55270219373317
1802.0,503.0,424.0,559.0,493.0,504.0,610.0,503.201149,423.928235,559.93382,-0.2011489999999867,0.07176500000002761,-0.9338199999999688,0.9579305443642249,95.39916142189091
1803.0,515.0,423.0,560.0,507.0,508.0,609.0,515.111921,423.387111,558.98596,-0.11192100000005212,-0.3871110000000044,1.0140400000000227,1.0911729277076394,98.4377976185977
1804.0,498.0,446.0,560.0,479.0,527.0,610.0,498.305306,445.441279,559.736351,-0.3053059999999732,0.5587209999999914,0.2636489999999867,0.6891238674418171,97.06698717895802
1805.0,90.0,155.0,561.0,118.0,33.0,601.0,89.17744599999999,155.321918,560.391803,0.8225540000000109,-0.3219180000000108,0.6081970000000183,1.0724410811084435,131.40776232780163
1806.0,398.0,421.0,561.0,372.0,460.0,609.0,397.71698299999997,421.184382,560.338378,0.2830170000000294,-0.1843820000000278,0.6616219999999657,0.7428586777422618,67.08949247087803
1807.0,388.0,428.0,561.0,362.0,462.0,609.0,390.466345,425.338428,560.371496,-2.46634499999999,2.6615719999999783,0.6285040000000208,3.682640417991534,64.31174076325411
1808.0,504.0,453.0,561.0,481.0,538.0,612.0,502.7394509999999,453.488839,561.230942,1.2605490000000827,-0.4888389999999845,-0.2309420000000273,1.3715981761019538,101.75952043912157
1809.0,91.0,136.0,562.0,128.0,13.0,603.0,91.763662,137.19956000000002,562.214787,-0.7636619999999965,-1.1995600000000195,-0.21478700000000117,1.4381436990833154,134.82952198980755
1810.0,60.0,212.0,562.0,63.0,88.0,603.0,60.76387700000001,212.38093500000002,561.681652,-0.7638770000000079,-0.38093500000002223,0.3183480000000145,0.9110241459248147,130.63690137170278
1811.0,513.0,422.0,563.0,504.0,506.0,614.0,512.306077,422.66149999999993,563.12434,0.6939230000000407,-0.6614999999999327,-0.12433999999996104,0.966732546017231,98.68130522039117
1812.0,513.0,498.0,563.0,476.0,593.0,615.0,513.18973,497.55833199999995,563.053903,-0.18973000000005413,0.4416680000000497,-0.05390299999999115,0.483708205980696,114.44649404852908
1813.0,316.0,595.0,563.0,210.0,630.0,614.0,316.099165,595.457242,563.31098,-0.0991650000000277,-0.4572419999999511,-0.3109799999999723,0.5617940051201539,122.72734006732159
1814.0,488.0,137.0,564.0,588.0,165.0,611.0,488.843038,135.80316399999998,564.301331,-0.8430379999999786,1.1968360000000189,-0.3013310000000047,1.494633684854256,113.98684134583254
1815.0,601.0,481.0,564.0,584.0,609.0,617.0,601.296594,481.93297199999995,563.881183,-0.29659400000002734,-0.9329719999999497,0.11881700000003548,0.9861654187350776,139.57793521900228
1816.0,97.0,153.0,565.0,126.0,34.0,606.0,95.700089,154.067766,564.430984,1.2999109999999945,-1.067766000000006,0.5690160000000333,1.7758581156536792,129.16268811076984
1817.0,328.0,466.0,565.0,274.0,485.0,614.0,328.111286,466.13899200000003,564.694811,-0.11128600000000688,-0.1389920000000302,0.30518900000004123,0.35333224531739965,75.35250493513803
1818.0,136.0,145.0,566.0,177.0,40.0,609.0,136.920233,145.50029700000002,566.524768,-0.9202329999999961,-0.5002970000000175,-0.5247679999999946,1.171540573911977,120.64410470470574
1819.0,231.0,617.0,566.0,103.0,622.0,616.0,230.887195,617.078305,565.659054,0.1128050000000087,-0.07830500000000029,0.34094600000003084,0.3675606289661925,137.5099996363901
1820.0,124.0,131.0,567.0,167.0,18.0,610.0,123.43511899999999,131.013717,567.667002,0.564881000000014,-0.013717000000013968,-0.667002000000025,0.8741683866704684,128.32380917039518
1821.0,535.0,344.0,567.0,561.0,422.0,618.0,534.7843429999999,342.605027,567.08957,0.21565700000007837,1.3949729999999931,-0.08956999999998061,1.4143833982615925,96.75226095549395
1822.0,301.0,595.0,567.0,193.0,623.0,619.0,301.11325000000005,594.4859309999999,567.589879,-0.11325000000005048,0.5140690000000632,-0.5898789999999963,0.7906008688978732,123.09346042743294
1823.0,433.0,277.0,568.0,469.0,307.0,616.0,433.356034,277.137925,567.365703,-0.3560340000000224,-0.13792499999999563,0.6342969999999468,0.7403487009443234,67.08203932499369
1824.0,305.0,593.0,568.0,198.0,623.0,620.0,305.00786800000003,593.195732,568.380661,-0.007868000000030406,-0.1957320000000209,-0.3806610000000319,0.4281071339852128,122.6906679417795
1825.0,148.0,140.0,569.0,191.0,37.0,612.0,147.04654,139.558391,568.9390530000001,0.9534600000000069,0.4416089999999997,0.06094699999994191,1.0525298177676516,119.61187232043481
1826.0,592.0,414.0,569.0,600.0,527.0,622.0,592.4434560000001,414.09980599999994,568.876449,-0.4434560000000829,-0.0998059999999441,0.1235510000000204,0.4710406682793614,125.06798151405499
1827.0,523.0,463.0,569.0,501.0,557.0,622.0,523.31568,463.151261,569.081193,-0.31568000000004304,-0.15126099999997678,-0.08119299999998475,0.35934114121544397,110.13173929435601
1828.0,2.0,195.0,570.0,3.0,46.0,613.0,3.3033750000000026,195.43917900000002,570.726314,-1.3033750000000026,-0.4391790000000242,-0.7263140000000021,1.5553766782557952,155.08384828859516
1829.0,477.0,369.0,570.0,484.0,430.0,621.0,477.056757,368.86983399999997,569.89214,-0.05675700000000461,0.1301660000000311,0.10785999999995965,0.17832084624350544,79.81854421122951
1830.0,430.0,417.0,570.0,411.0,468.0,622.0,430.22378100000003,417.388189,570.670852,-0.22378100000003087,-0.3881890000000112,-0.670851999999968,0.8067286046657696,75.27283706623525
1831.0,556.0,470.0,570.0,536.0,578.0,624.0,555.995437,470.39029600000003,570.266116,0.004562999999961903,-0.39029600000003484,-0.2661160000000109,0.47240820700008235,122.39281024635393
1832.0,477.0,516.0,570.0,427.0,599.0,624.0,476.75536199999993,515.047719,570.636759,0.24463800000006586,0.9522809999999708,-0.6367589999999836,1.1713875866193717,110.92790451459904
1833.0,123.0,132.0,571.0,166.0,19.0,614.0,122.954768,132.089704,570.938305,0.04523199999999861,-0.08970400000001177,0.06169499999998607,0.11789408155204512,128.32380917039518
1834.0,475.0,365.0,571.0,483.0,425.0,622.0,474.98805600000003,365.254055,570.777633,0.011943999999971311,-0.2540549999999939,0.2223669999999629,0.33783677249520916,79.15175298121956
1835.0,504.0,452.0,571.0,481.0,537.0,622.0,502.57078,452.80900099999997,569.437133,1.4292199999999866,-0.8090009999999666,1.562866999999983,2.2670919006713985,101.75952043912157
1836.0,612.0,381.0,572.0,636.0,498.0,626.0,612.9110529999999,382.243408,572.2980200000001,-0.9110529999999244,-1.243407999999988,-0.298020000000065,1.5699990266471096,131.07631364972087
1837.0,625.0,438.0,572.0,628.0,567.0,627.0,624.653868,437.952776,572.330341,0.34613200000001143,0.047224000000028354,-0.3303409999999758,0.48079376439487503,140.26760139105536
1838.0,426.0,472.0,572.0,385.0,529.0,624.0,425.906844,471.57022900000004,571.722221,0.09315600000002178,0.4297709999999597,0.27777900000000955,0.5201368335524554,87.37276463521113
1839.0,448.0,558.0,572.0,377.0,637.0,626.0,447.804696,557.596145,572.103185,0.19530400000002146,0.4038550000000214,-0.10318500000005315,0.4603147376155109,119.15536076903967
1840.0,307.0,593.0,572.0,202.0,624.0,625.0,308.42213499999997,592.98152,572.442746,-1.4221349999999688,0.01847999999995409,-0.4427460000000565,1.4895749357252759,121.63469899662678
1841.0,470.0,308.0,573.0,498.0,358.0,625.0,469.2417929999999,309.31789200000003,573.958736,0.758207000000084,-1.317892000000029,-0.9587360000000444,1.7974681905973438,77.38216848861241
1842.0,506.0,452.0,573.0,485.0,537.0,626.0,505.71574799999996,451.80796499999997,572.691877,0.2842520000000377,0.1920350000000326,0.30812300000002324,0.4611034849771234,102.34744745229361
1843.0,450.0,486.0,573.0,407.0,556.0,627.0,450.05443299999996,486.86138300000005,573.728568,-0.05443299999996043,-0.8613830000000462,-0.7285679999999957,1.1294932291970896,98.3107318658548
1844.0,439.0,541.0,573.0,373.0,615.0,627.0,438.982146,541.549655,573.211063,0.017853999999999814,-0.5496550000000298,-0.21106299999996736,0.5890560026941573,112.90704141017954
1845.0,368.0,400.0,574.0,346.0,424.0,624.0,368.28432300000003,400.114354,573.21299,-0.28432300000002897,-0.11435399999999163,0.7870100000000093,0.84457157526466,59.665735560705194
1846.0,567.0,411.0,574.0,571.0,513.0,628.0,566.320504,410.818355,574.127969,0.6794959999999719,0.18164500000000317,-0.12796900000000733,0.7149026402259016,115.4816002660164
1847.0,613.0,474.0,574.0,601.0,606.0,630.0,613.845663,475.30837099999997,574.47241,-0.845662999999945,-1.3083709999999655,-0.472409999999968,1.6279286812725509,143.8888459888396
1848.0,128.0,144.0,575.0,166.0,34.0,619.0,126.902773,143.794804,574.8543,1.0972270000000037,0.20519600000000082,0.14570000000003347,1.1257179833088828,124.41864811996632
1849.0,132.0,146.0,575.0,172.0,39.0,620.0,132.87524000000002,146.13011,575.5790010000001,-0.8752400000000193,-0.13011000000000195,-0.579001000000062,1.0574572462757568,122.77621919573839
1850.0,130.0,151.0,575.0,166.0,44.0,620.0,129.513431,151.57551,575.553002,0.4865690000000029,-0.5755100000000084,-0.5530019999999922,0.9347579172518433,121.53188881935473
1851.0,69.0,199.0,575.0,79.0,74.0,619.0,69.701635,197.497419,574.869622,-0.701634999999996,1.5025809999999922,0.1303779999999506,1.663442141365295,132.89469515371937
1852.0,55.0,220.0,575.0,53.0,94.0,619.0,54.700210999999996,219.798989,574.777078,0.2997890000000041,0.20101099999999406,0.2229220000000396,0.42423234757149025,133.47658970770868
1853.0,478.0,287.0,575.0,516.0,336.0,626.0,477.515311,287.551732,574.940642,0.48468900000000303,-0.5517320000000154,0.05935799999997471,0.7367869425478556,80.2869852466762
1854.0,468.0,313.0,575.0,494.0,363.0,626.0,467.44332,314.25304800000004,574.7406970000001,0.5566799999999716,-1.2530480000000352,0.25930299999993167,1.395442567257077,76.00657866263946
1855.0,466.0,326.0,575.0,487.0,376.0,628.0,465.40392099999997,326.194669,576.26268,0.5960790000000316,-0.19466899999997622,-1.2626800000000458,1.4098109717980436,75.82875444051551
1856.0,508.0,451.0,575.0,487.0,538.0,629.0,507.55753100000004,452.09427099999994,575.12659,0.44246899999996003,-1.0942709999999352,-0.12658999999996468,1.1871111428597634,104.52750834110607
1857.0,287.0,502.0,575.0,212.0,510.0,626.0,286.545009,501.802224,574.580992,0.4549910000000068,0.1977759999999762,0.4190079999999625,0.6493842162548805,91.0494371207203
1858.0,295.0,512.0,575.0,217.0,525.0,627.0,294.341892,512.168495,575.190709,0.658108000000027,-0.16849500000000717,-0.19070899999996982,0.7055966463710173,94.64142856064674
1859.0,271.0,598.0,575.0,157.0,615.0,628.0,271.13899,597.716141,575.267291,-0.1389899999999784,0.28385900000000674,-0.26729100000000017,0.41393070756105776,126.86212988910441
1860.0,316.0,603.0,575.0,206.0,639.0,629.0,315.46936800000003,603.636954,575.516425,0.5306319999999687,-0.6369539999999461,-0.5164250000000266,0.9767166928874133,127.71844032871682
1861.0,119.0,130.0,576.0,163.0,15.0,620.0,119.63777000000002,129.819623,575.920239,-0.6377700000000175,0.1803769999999929,0.07976099999996222,0.667568911910983,130.75549701637786
1862.0,154.0,142.0,576.0,197.0,42.0,619.0,153.073895,141.952053,574.580226,0.9261050000000068,0.04794699999999352,1.4197739999999612,1.6957970388315644,117.03845521878696
1863.0,358.0,410.0,577.0,330.0,431.0,628.0,357.708468,409.752704,576.497757,0.2915320000000179,0.24729600000000573,0.5022430000000213,0.6311847983665597,61.85466837676846
1864.0,427.0,441.0,577.0,399.0,493.0,631.0,427.48476,440.02299300000004,577.812497,-0.4847599999999943,0.9770069999999578,-0.8124970000000076,1.3600317314893517,80.02499609497022
1865.0,514.0,516.0,577.0,470.0,615.0,633.0,514.415152,516.389466,577.5721130000001,-0.4151520000000346,-0.38946599999997034,-0.5721130000000585,0.8070614803279069,121.95490970026586
1866.0,370.0,537.0,577.0,294.0,583.0,631.0,369.30348,537.260238,577.327337,0.6965200000000209,-0.26023799999995845,-0.32733700000005683,0.8124121113160763,103.96153134693621
1867.0,311.0,596.0,577.0,204.0,628.0,630.0,311.06266700000003,595.618572,576.4800700000001,-0.06266700000003311,0.3814280000000281,0.5199299999999312,0.6478747386439403,123.62038666821908
1868.0,16.0,183.0,578.0,22.0,37.0,622.0,15.809133999999997,183.593116,578.100867,0.1908660000000033,-0.5931160000000091,-0.10086699999999382,0.6311818843257551,152.6040628554823
1869.0,51.0,202.0,578.0,55.0,70.0,624.0,50.056515000000005,200.677297,579.15239,0.9434849999999955,1.32270299999999,-1.1523899999999685,1.9919111133617113,139.84276885130672
1870.0,443.0,435.0,578.0,419.0,493.0,632.0,443.035788,434.83301900000004,578.517389,-0.03578800000002502,0.1669809999999643,-0.5173889999999801,0.5448438424227343,82.80096617793781
1871.0,509.0,453.0,578.0,488.0,540.0,633.0,508.891519,453.42738599999996,578.37437,0.1084809999999834,-0.42738599999995586,-0.374369999999999,0.578428748643217,105.04760825454333
1872.0,527.0,498.0,578.0,491.0,599.0,633.0,526.57171,498.496213,577.645003,0.4282899999999472,-0.49621300000001156,0.35499700000002576,0.7454411683546761,120.50726119201282
1873.0,281.0,506.0,578.0,204.0,512.0,630.0,280.885151,505.47520399999996,577.880306,0.11484899999999243,0.5247960000000376,0.11969399999998132,0.5503887608345879,93.1074647920348
1874.0,311.0,597.0,578.0,204.0,629.0,631.0,311.33196599999997,596.405396,577.287411,-0.3319659999999658,0.5946040000000039,0.7125889999999799,0.985666487658454,123.62038666821908
1875.0,103.0,206.0,579.0,116.0,99.0,625.0,105.01277599999999,207.36378000000002,579.272457,-2.012775999999988,-1.3637800000000198,-0.27245700000003126,2.4465068835842305,117.19214990774766
1876.0,489.0,331.0,579.0,512.0,390.0,630.0,488.49168099999997,330.593868,577.58936,0.5083190000000286,0.4061320000000137,1.410639999999944,1.5534595639362108,81.30805618141414
1877.0,493.0,163.0,580.0,583.0,198.0,630.0,493.716363,162.932117,579.500446,-0.7163630000000012,0.06788299999999481,0.4995539999999892,0.8759784520032385,108.74281585465772
1878.0,487.0,386.0,580.0,489.0,454.0,633.0,487.295627,386.33697299999994,579.40675,-0.2956270000000245,-0.33697299999994357,0.5932500000000118,0.7435668687871928,86.23804264940155
1879.0,537.0,448.0,580.0,523.0,544.0,636.0,537.1578569999999,447.46548099999995,580.583912,-0.15785699999992175,0.5345190000000457,-0.5839120000000548,0.8072066758607044,112.01785571952357
1880.0,448.0,555.0,580.0,378.0,635.0,635.0,448.14382000000006,555.869498,579.496309,-0.143820000000062,-0.8694980000000214,0.5036910000000034,1.0150938813159394,119.68709203585824
1881.0,516.0,461.0,581.0,494.0,551.0,636.0,516.443188,460.44473200000004,580.665469,-0.4431879999999637,0.5552679999999555,0.33453099999996994,0.7852701096622093,107.74506949276147
1882.0,471.0,380.0,582.0,473.0,440.0,636.0,471.247453,379.64653899999996,582.125596,-0.24745300000000725,0.35346100000003844,-0.12559599999997317,0.44937959560490065,80.7465169527454
1883.0,628.0,486.0,582.0,613.0,624.0,639.0,627.935841,486.26384899999994,581.5611279999999,0.06415900000001784,-0.2638489999999365,0.4388720000000603,0.5160826527466523,150.0599880047976
1884.0,325.0,513.0,582.0,252.0,537.0,636.0,324.744326,512.48173,582.220155,0.25567399999999907,0.5182700000000295,-0.220154999999977,0.6184183140892741,93.92017887546851
1885.0,63.0,234.0,583.0,57.0,114.0,630.0,63.112235,234.40799500000003,583.526286,-0.11223499999999831,-0.4079950000000281,-0.5262860000000273,0.6753025759213801,129.0155029444136
1886.0,111.0,181.0,589.0,133.0,70.0,636.0,110.779623,180.515179,588.5387059999999,0.22037699999999916,0.4848210000000108,0.46129400000006626,0.7045633957324715,122.53162856993292
1887.0,53.0,188.0,589.0,62.0,57.0,635.0,52.214838,188.86211400000002,588.2827629999999,0.7851619999999997,-0.8621140000000196,0.7172370000000683,1.3689955549267248,139.13302986710238
1888.0,592.0,469.0,68.0,582.0,599.0,12.0,591.606356,468.797732,68.269085,0.3936439999999948,0.20226800000000367,-0.269085000000004,0.5179523914270495,141.9013742005341
1889.0,549.0,259.0,78.0,614.0,339.0,21.0,548.9164359999999,258.520266,78.599021,0.08356400000013764,0.47973400000000765,-0.5990209999999934,0.7719804474810371,117.7879450538127
1890.0,434.0,115.0,80.0,537.0,128.0,19.0,434.17004099999997,114.55198099999998,79.94808,-0.17004099999996924,0.4480190000000164,0.051919999999995525,0.4820069008240481,120.41179344233687
1891.0,557.0,303.0,80.0,606.0,394.0,23.0,557.026285,303.359988,79.619748,-0.026285000000029868,-0.3599879999999871,0.3802519999999987,0.5242841260928957,118.02965729002182
1892.0,361.0,365.0,80.0,356.0,390.0,21.0,361.693885,365.228394,79.460708,-0.693885000000023,-0.22839399999998022,0.5392920000000032,0.9080066485026562,64.27285585688566
1893.0,476.0,169.0,81.0,564.0,209.0,21.0,476.242106,170.496776,80.454551,-0.2421059999999784,-1.4967760000000112,0.545449000000005,1.6113560503541817,113.77170122662314
1894.0,556.0,340.0,82.0,590.0,437.0,27.0,555.8158659999999,340.97386599999993,82.469959,0.1841340000000855,-0.97386599999993,-0.4699590000000029,1.096896429747539,116.57615536635268
1895.0,390.0,171.0,84.0,464.0,176.0,24.0,389.975167,170.88022,83.88373,0.024833000000000993,0.11977999999999156,0.1162700000000001,0.16876800404400727,95.39916142189091
1896.0,555.0,336.0,87.0,591.0,431.0,33.0,555.0869419999999,336.109649,87.453131,-0.08694199999990815,-0.10964899999999034,-0.45313099999999906,0.47424626274329357,115.05216208311776
1897.0,445.0,9.0,88.0,590.0,10.0,27.0,444.73138900000004,9.153019999999998,87.624276,0.2686109999999644,-0.15301999999999794,0.3757240000000053,0.4865547388495812,157.3117923106847
1898.0,434.0,112.0,88.0,538.0,125.0,29.0,434.25816199999997,112.05796199999999,88.172687,-0.25816199999997025,-0.05796199999998919,-0.17268699999999626,0.31595571154353597,120.2746856158851
1899.0,535.0,338.0,89.0,568.0,426.0,35.0,535.931321,338.22326599999997,89.284008,-0.9313210000000254,-0.22326599999996688,-0.28400800000000004,0.9989329586418862,108.39280418920806
1900.0,269.0,307.0,90.0,271.0,287.0,31.0,268.936822,307.383285,89.384851,0.06317799999999352,-0.38328500000000076,0.6151490000000024,0.7275349772416463,62.32976816898969
1901.0,549.0,258.0,92.0,614.0,338.0,38.0,548.811801,257.90851,92.541096,0.18819900000005418,0.09149000000002161,-0.541095999999996,0.5801501227415367,116.36580253665593
1902.0,258.0,328.0,92.0,250.0,306.0,34.0,257.588161,327.63701,91.73398399999999,0.4118389999999863,0.3629900000000248,0.2660160000000076,0.6100308305954797,62.545983084447556
1903.0,435.0,389.0,93.0,432.0,446.0,39.0,435.486149,389.16209,93.098972,-0.4861490000000117,-0.16208999999997786,-0.09897200000000339,0.5219286111002202,78.57480512225277
1904.0,275.0,229.0,94.0,307.0,199.0,35.0,274.05550999999997,229.67810500000002,93.51861099999999,0.9444900000000302,-0.6781050000000164,0.4813890000000072,1.2584208836657496,73.5187051028512
1905.0,417.0,392.0,94.0,410.0,442.0,40.0,417.358625,391.783094,94.09264,-0.35862500000001774,0.2169059999999945,-0.09264000000000294,0.4292345198851216,73.92563831310488
1906.0,469.0,177.0,96.0,553.0,212.0,39.0,468.639189,175.86297299999998,95.23074,0.3608110000000124,1.1370270000000176,0.7692600000000027,1.4194280270764184,107.37783756436893
1907.0,400.0,185.0,100.0,470.0,196.0,44.0,400.023711,185.05678999999998,99.996194,-0.0237109999999916,-0.056789999999978136,0.0038059999999973115,0.06165874842224011,90.31611151948472
1908.0,458.0,245.0,100.0,513.0,288.0,45.0,457.38179299999996,245.380177,99.458856,0.6182070000000408,-0.3801770000000033,0.5411440000000027,0.905290712928204,88.87631855561975
1909.0,415.0,219.0,101.0,475.0,240.0,45.0,415.36497299999996,217.958903,100.255852,-0.3649729999999636,1.0410970000000077,0.7441479999999956,1.330730814267853,84.71717653463199
1910.0,458.0,244.0,102.0,514.0,287.0,47.0,457.917032,244.36254599999998,101.10402500000001,0.08296799999999394,-0.3625459999999805,0.8959749999999929,0.9701002483068294,89.49860334105779
1911.0,335.0,452.0,102.0,292.0,479.0,50.0,335.3786,451.31120999999996,102.515801,-0.3786000000000058,0.68879000000004,-0.5158009999999962,0.940117171261676,72.6773692424265
1912.0,351.0,520.0,102.0,284.0,564.0,50.0,351.27468300000004,519.44442,101.535574,-0.27468300000003865,0.5555799999999635,0.4644260000000031,0.7744749165499059,95.54580053565934
1913.0,351.0,522.0,103.0,281.0,570.0,54.0,350.54089899999997,524.9258669999999,104.75797399999999,0.4591010000000324,-2.9258669999999256,-1.7579739999999902,3.444117305575633,98.00510190801293
1914.0,497.0,131.0,105.0,603.0,170.0,51.0,496.677323,130.34231899999997,105.284366,0.32267699999999877,0.657681000000025,-0.28436600000000567,0.7858299854587093,125.19185277005849
1915.0,371.0,289.0,105.0,395.0,305.0,52.0,370.17130399999996,289.337155,105.665201,0.8286960000000363,-0.33715499999999565,-0.6652009999999962,1.1148555623227845,60.340699366182356
1916.0,277.0,270.0,106.0,295.0,246.0,51.0,277.103847,269.477147,106.130578,-0.10384699999997338,0.5228529999999978,-0.13057799999999986,0.5488260863898436,62.64982043070834
1917.0,421.0,82.0,107.0,535.0,83.0,52.0,421.210942,80.42349899999999,107.543323,-0.21094199999998864,1.5765010000000075,-0.5433230000000009,1.68078904467337,126.57803916951787
1918.0,417.0,95.0,107.0,524.0,98.0,52.0,416.565173,94.939804,107.42524399999999,0.4348269999999843,0.0601960000000048,-0.4252439999999922,0.6111714472069031,120.34533642813086
1919.0,479.0,170.0,107.0,567.0,209.0,54.0,478.87527199999994,170.037779,107.477969,0.12472800000006146,-0.03777900000000045,-0.47796900000000164,0.4954176942601232,109.88175462741756
1920.0,478.0,171.0,107.0,566.0,210.0,54.0,478.35832899999997,171.074862,107.47162399999999,-0.35832899999996926,-0.07486199999999599,-0.4716239999999914,0.5970202581663115,109.88175462741756
1921.0,532.0,338.0,107.0,563.0,423.0,57.0,531.466654,337.405869,107.37591499999999,0.5333460000000514,0.5941310000000044,-0.375914999999992,0.882474752104588,103.37311062360463
1922.0,435.0,268.0,108.0,479.0,306.0,55.0,435.73479499999996,268.304691,107.630382,-0.7347949999999628,-0.30469099999999116,0.36961800000000267,0.8771418148908088,78.67019766086774
1923.0,323.0,434.0,108.0,285.0,454.0,55.0,323.480907,433.7522849999999,106.954718,-0.48090700000000197,0.24771500000008473,1.0452820000000003,1.176965897296113,68.21290200541243
1924.0,414.0,160.0,109.0,496.0,172.0,55.0,414.085159,159.753814,109.150554,-0.085158999999976,0.24618599999999446,-0.15055399999999963,0.3008755702827883,98.91410415102591
1925.0,317.0,437.0,110.0,276.0,455.0,59.0,316.78380400000003,436.908152,110.271829,0.21619599999996808,0.09184800000002724,-0.27182899999999677,0.35926003223429887,67.86751800382861
1926.0,389.0,209.0,111.0,448.0,220.0,59.0,389.308487,209.572702,112.12364199999999,-0.3084870000000137,-0.5727019999999925,-1.1236419999999896,1.2983540172606916,79.41032678436729
1927.0,316.0,437.0,111.0,275.0,455.0,60.0,316.015858,437.177863,111.096967,-0.015857999999980166,-0.1778630000000021,-0.09696700000000646,0.20319774118331477,67.86751800382861
1928.0,359.0,385.0,112.0,345.0,411.0,61.0,358.97494199999994,384.796327,112.046683,0.0250580000000582,0.20367299999998068,-0.046683000000001584,0.2104516495112243,58.93216439263028
1929.0,372.0,389.0,113.0,358.0,421.0,61.0,371.67867399999994,389.187502,111.851535,0.32132600000005596,-0.18750199999999495,1.1484650000000016,1.2072196380547484,62.6418390534633
1930.0,499.0,101.0,114.0,617.0,137.0,61.0,499.063136,101.15555499999999,113.79666499999999,-0.06313599999998587,-0.15555499999999256,0.2033350000000098,0.2636828298278064,134.27211177307072
1931.0,339.0,430.0,114.0,305.0,456.0,64.0,339.62542099999996,430.19431499999996,114.190764,-0.6254209999999603,-0.1943149999999605,-0.1907640000000015,0.6821294966221118,65.81793068761733
1932.0,352.0,441.0,115.0,314.0,474.0,66.0,351.320281,441.861666,115.560776,0.6797189999999773,-0.8616660000000138,-0.5607760000000042,1.2324593042745864,70.24243731534378
1933.0,524.0,231.0,117.0,596.0,297.0,68.0,524.432358,231.019002,117.721435,-0.432358000000022,-0.019002000000000407,-0.7214349999999996,0.8412865001846983,109.27488274987991
1934.0,492.0,286.0,117.0,537.0,348.0,67.0,491.842365,285.98038899999995,116.624236,0.1576350000000275,0.019611000000054446,0.37576400000000376,0.40796074350605555,91.48223871331527
1935.0,428.0,256.0,118.0,475.0,289.0,68.0,428.32277600000003,256.260403,118.51084900000001,-0.32277600000003304,-0.2604029999999966,-0.5108490000000074,0.6579975451215812,76.14459928320589
1936.0,492.0,285.0,118.0,538.0,347.0,68.0,492.36845600000004,284.953032,117.449993,-0.3684560000000374,0.04696799999999257,0.5500069999999937,0.6636817889689455,91.97825830053534
1937.0,397.0,203.0,119.0,459.0,215.0,67.0,396.6289499999999,202.905185,118.67630700000001,0.37105000000008204,0.0948150000000112,0.32369299999999157,0.5014430625445501,81.80464534487024
1938.0,212.0,616.0,119.0,85.0,622.0,73.0,211.932139,616.476817,120.821406,0.06786099999999351,-0.4768169999999827,-1.821405999999996,1.88400620584062,135.20724832641184
1939.0,297.0,125.0,120.0,374.0,86.0,66.0,297.007333,124.748542,119.900764,-0.007333000000016909,0.2514579999999995,0.09923600000000476,0.27043054995506877,101.81355508968342
1940.0,485.0,132.0,120.0,590.0,166.0,70.0,485.708309,130.79852599999998,120.975916,-0.7083089999999856,1.2014740000000188,-0.975915999999998,1.7022495267184012,121.16517651536682
1941.0,439.0,266.0,120.0,484.0,304.0,70.0,439.237183,265.59646,119.917074,-0.2371830000000159,0.4035400000000209,0.0829260000000005,0.475370411957901,77.25930364687478
1942.0,318.0,434.0,120.0,278.0,452.0,71.0,317.66731500000003,434.17359999999996,120.129534,0.3326849999999695,-0.1735999999999649,-0.1295340000000067,0.39698277844381263,65.76473218982953
1943.0,300.0,111.0,121.0,383.0,74.0,69.0,300.906811,113.112679,122.45231799999999,-0.9068110000000047,-2.112679,-1.4523179999999911,2.7193650582233317,104.69957019969088
1944.0,400.0,114.0,122.0,497.0,113.0,70.0,399.650564,113.790937,122.148197,0.3494360000000256,0.20906300000000044,-0.14819699999999614,0.43333036689576343,110.06361796706484
1945.0,414.0,64.0,123.0,533.0,61.0,71.0,414.10724400000004,64.03210699999998,123.38916499999999,-0.10724400000003698,-0.03210699999998212,-0.3891649999999913,0.40494633250592604,129.89996150884727
1946.0,466.0,290.0,123.0,507.0,341.0,73.0,466.763376,288.39860899999996,121.796985,-0.7633759999999938,1.601391000000035,1.2030149999999935,2.143464751863694,82.35289915965315
1947.0,405.0,255.0,124.0,448.0,278.0,75.0,404.543613,254.80000199999998,124.534116,0.45638700000000654,0.1999980000000221,-0.5341159999999974,0.7304575245892208,69.13031173081747
1948.0,456.0,258.0,125.0,508.0,303.0,78.0,457.700472,258.65753,126.347017,-1.7004719999999907,-0.6575300000000084,-1.347016999999994,2.266805135421429,83.2946576918352
1949.0,504.0,339.0,125.0,530.0,414.0,76.0,503.65500499999996,339.176286,123.24234,0.3449950000000399,-0.1762860000000046,1.7576600000000013,1.7998519326380806,93.28451104015072
1950.0,493.0,91.0,127.0,614.0,123.0,77.0,493.23610799999994,91.21175399999998,127.093429,-0.2361079999999447,-0.2117539999999849,-0.09342900000000043,0.3306292821589878,134.77759457714032
1951.0,500.0,95.0,127.0,621.0,129.0,77.0,500.2366719999999,94.05444699999998,126.980921,-0.23667199999988497,0.9455530000000181,0.019079000000004953,0.9749092879001512,135.26640381114595
1952.0,424.0,350.0,127.0,431.0,393.0,78.0,421.277824,348.61519499999997,125.701529,2.7221759999999904,1.3848050000000285,1.2984710000000064,3.3187277684139813,65.56675987114203
1953.0,468.0,289.0,128.0,508.0,342.0,80.0,467.86465699999997,288.98380399999996,127.515072,0.1353430000000344,0.016196000000036292,0.4849279999999965,0.5037213547677,81.93289937503738
1954.0,466.0,292.0,128.0,505.0,344.0,80.0,466.05367699999994,291.317955,127.508108,-0.05367699999993647,0.6820450000000164,0.4918920000000071,0.84262942152409,80.80222769206304
1955.0,308.0,434.0,129.0,268.0,449.0,81.0,309.207402,434.53941599999996,128.417127,-1.2074020000000019,-0.5394159999999601,0.5828730000000064,1.4451747800141577,64.25729530566937
1956.0,471.0,256.0,130.0,525.0,305.0,82.0,471.46796399999994,255.83088499999997,129.50318099999998,-0.4679639999999381,0.16911500000003343,0.49681900000001633,0.7031495625270413,87.29833904490967
1957.0,464.0,257.0,130.0,514.0,304.0,82.0,462.659779,257.913622,129.578238,1.3402209999999855,-0.9136219999999753,0.4217620000000011,1.6759417270206374,83.74365647617735
1958.0,467.0,358.0,131.0,480.0,422.0,85.0,466.963845,358.47985399999993,130.80678,0.03615500000000793,-0.47985399999993206,0.19321999999999662,0.5185566639634805,79.88116173416608
1959.0,342.0,383.0,132.0,325.0,402.0,85.0,341.311255,383.235569,131.93573,0.6887449999999831,-0.23556899999999814,0.06426999999999339,0.7307482888696866,53.4696175411794
1960.0,376.0,424.0,132.0,348.0,463.0,86.0,375.062776,424.6686179999999,131.887113,0.9372240000000147,-0.668617999999924,0.11288700000000063,1.1567983103674235,66.49060083951716
1961.0,452.0,137.0,133.0,548.0,160.0,85.0,451.646675,137.20119799999998,133.580014,0.3533249999999839,-0.20119799999997667,-0.5800140000000056,0.7083328532723763,109.7679370308106
1962.0,348.0,382.0,135.0,332.0,403.0,88.0,347.038508,382.22195,134.341813,0.9614920000000211,-0.22194999999999254,0.6581869999999981,1.1861445087058469,53.907327887774215
1963.0,510.0,296.0,136.0,554.0,366.0,90.0,509.9460849999999,295.77210599999995,135.156092,0.05391500000007454,0.2278940000000489,0.843907999999999,0.8757986155075997,94.61500938011896
1964.0,336.0,493.0,137.0,276.0,526.0,93.0,335.565557,492.41279399999996,137.27479599999998,0.4344429999999875,0.5872060000000374,-0.2747959999999807,0.7804258121698836,81.39410298049853
1965.0,449.0,144.0,139.0,544.0,165.0,91.0,449.893942,142.184984,138.459035,-0.8939419999999814,1.8150160000000142,0.5409649999999999,2.0942918876902086,108.48963084092415
1966.0,515.0,315.0,140.0,552.0,390.0,97.0,514.6995569999999,315.01050999999995,140.613724,0.3004430000000866,-0.010509999999953834,-0.6137239999999906,0.6833985693027456,94.03722667114339
1967.0,377.0,268.0,142.0,411.0,282.0,96.0,377.023847,267.732085,141.905346,-0.023846999999989293,0.26791500000001633,0.09465399999999136,0.2851429577422641,58.88972745734183
1968.0,453.0,350.0,143.0,466.0,407.0,99.0,452.31033599999995,350.599338,142.53977700000002,0.6896640000000502,-0.5993379999999888,0.46022299999998495,1.0230580046454072,73.17103251970687
1969.0,280.0,430.0,143.0,235.0,432.0,99.0,279.30539699999997,430.08332299999995,143.560708,0.6946030000000292,-0.0833229999999503,-0.5607080000000053,0.8965542433127168,62.96824596572466
1970.0,387.0,477.0,143.0,341.0,528.0,100.0,386.66100500000005,477.13604699999996,142.614348,0.3389949999999544,-0.13604699999996228,0.3856519999999932,0.5311815709698084,81.03085831953157
1971.0,327.0,57.0,144.0,437.0,17.0,97.0,328.29742400000003,55.051231,145.774697,-1.297424000000035,1.9487689999999986,-1.7746970000000033,2.937781321498606,126.13088440187835
1972.0,452.0,368.0,144.0,459.0,428.0,101.0,452.35214499999995,368.757743,143.965192,-0.3521449999999504,-0.7577430000000049,0.034807999999998174,0.8362966889435665,74.14849964766651
1973.0,300.0,100.0,145.0,387.0,58.0,97.0,300.10891499999997,99.91149899999999,145.56608599999998,-0.10891499999996768,0.08850100000000793,-0.5660859999999843,0.5832223106346126,107.87492757819122
1974.0,465.0,140.0,146.0,562.0,168.0,100.0,464.744419,139.924082,145.694462,0.2555810000000065,0.07591800000000148,0.30553800000001274,0.40551036944696167,110.94593277808791
1975.0,328.0,473.0,146.0,275.0,501.0,103.0,328.376168,473.342589,145.77641699999998,-0.37616800000000694,-0.3425889999999754,0.22358300000001918,0.5557507940021291,73.76991256603196
1976.0,440.0,250.0,147.0,491.0,286.0,103.0,440.296007,250.109759,147.134866,-0.2960069999999746,-0.10975899999999683,-0.13486599999998816,0.34330164591213524,76.3740793725201
1977.0,295.0,526.0,147.0,216.0,549.0,105.0,295.033166,526.00186,147.173667,-0.033165999999994256,-0.0018599999999651118,-0.1736669999999947,0.17681535579524094,92.37965143904798
1978.0,451.0,241.0,148.0,508.0,280.0,106.0,451.973143,241.056604,149.568186,-0.9731429999999932,-0.05660399999999299,-1.5681859999999972,1.8464611130107715,80.83316151184488
1979.0,310.0,421.0,150.0,273.0,435.0,108.0,309.697754,422.62272099999996,150.681615,0.3022460000000251,-1.622720999999956,-0.6816149999999936,1.7858261663952244,57.697486947006624
1980.0,362.0,356.0,151.0,359.0,378.0,108.0,361.699231,355.969425,150.877226,0.3007690000000025,0.03057499999999891,0.12277399999999261,0.3262978349024088,48.394214530251446
1981.0,436.0,477.0,151.0,397.0,547.0,109.0,435.20347,477.42928299999994,149.439051,0.7965300000000184,-0.42928299999994124,1.5609489999999937,1.8042465783783432,90.47098982546837
1982.0,473.0,38.0,152.0,611.0,53.0,107.0,472.96869599999997,37.886629,152.537937,0.03130400000003419,0.11337100000000078,-0.5379369999999994,0.55064429537225,145.92463808418373
1983.0,365.0,351.0,153.0,362.0,373.0,110.0,362.74805399999997,351.323432,152.55922700000002,2.251946000000032,-0.32343200000002525,0.44077299999997877,2.3173583846848427,48.394214530251446
1984.0,421.0,428.0,153.0,400.0,484.0,113.0,421.181831,427.73105799999996,153.459994,-0.1818309999999883,0.2689420000000382,-0.4599939999999947,0.5630158008093658,71.95137246779939
1985.0,355.0,376.0,155.0,343.0,399.0,114.0,354.78378599999996,376.506599,155.631823,0.21621400000003632,-0.5065989999999942,-0.6318229999999971,0.8382072201585992,48.518037882832814
1986.0,490.0,277.0,156.0,538.0,336.0,115.0,489.936751,276.862076,156.09513800000002,0.06324899999998479,0.13792399999999816,-0.09513800000001993,0.17909412279860376,86.4060183089118
1987.0,358.0,358.0,156.0,354.0,378.0,114.0,357.868649,357.327706,155.822328,0.1313509999999951,0.6722940000000222,0.17767200000000116,0.7076719912650414,46.69047011971501
1988.0,300.0,529.0,156.0,221.0,554.0,115.0,300.310871,528.684685,155.27880199999998,-0.3108710000000201,0.3153150000000551,0.7211980000000153,0.846280617212795,92.44998647917694
1989.0,457.0,200.0,158.0,530.0,235.0,116.0,457.453896,200.46478399999998,158.179529,-0.4538959999999861,-0.4647839999999803,-0.17952900000000227,0.6740003021608891,91.20307012376283
1990.0,434.0,301.0,158.0,463.0,342.0,116.0,433.224755,301.03326500000003,157.271574,0.775244999999984,-0.03326500000002852,0.7284260000000131,1.0642912231743697,65.46754921333164
1991.0,464.0,252.0,159.0,518.0,297.0,117.0,464.267278,251.774406,158.319251,-0.26727799999997615,0.22559400000000096,0.6807489999999916,0.7653426573247935,81.88406438373708
1992.0,355.0,370.0,159.0,344.0,391.0,117.0,353.507116,370.059008,158.180901,1.4928840000000037,-0.05900800000000572,0.8190989999999942,1.7038508600581808,48.228622207149975
1993.0,354.0,371.0,159.0,344.0,392.0,118.0,353.776415,370.845832,158.988242,0.22358500000001413,0.15416800000002695,0.011757999999986168,0.27183869300196084,47.138094997570704
1994.0,330.0,449.0,160.0,285.0,474.0,119.0,329.269399,449.91670899999997,159.155666,0.7306009999999787,-0.9167089999999689,0.8443340000000035,1.4446567465795872,65.81033353509159
1995.0,340.0,534.0,160.0,265.0,575.0,122.0,340.030214,533.632485,160.509251,-0.03021400000000085,0.3675150000000258,-0.5092510000000061,0.628742190426271,93.54143466934853
1996.0,468.0,206.0,161.0,540.0,245.0,120.0,467.86293799999993,205.674818,161.27920699999999,0.1370620000000713,0.3251820000000123,-0.27920699999998533,0.44998430396739325,91.57510578754469
1997.0,468.0,184.0,163.0,548.0,220.0,121.0,467.585063,184.177214,162.35458599999998,0.414937000000009,-0.1772139999999922,0.6454140000000166,0.7874876171477404,97.26253132630262
1998.0,427.0,191.0,163.0,499.0,213.0,121.0,427.6864,191.476793,162.71965699999998,-0.6863999999999919,-0.4767929999999865,0.2803430000000162,0.8815150154693822,86.20904824900923
1999.0,532.0,214.0,163.0,611.0,280.0,123.0,532.169341,214.443491,162.908412,-0.16934100000003127,-0.44349099999999453,0.09158800000000156,0.48347595918101866,110.44002897500525
2000.0,326.0,429.0,163.0,290.0,449.0,124.0,326.69683399999997,429.23796400000003,163.525871,-0.6968339999999671,-0.2379640000000336,-0.5258709999999951,0.9048451787421785,56.71860364994893
2001.0,458.0,40.0,165.0,594.0,50.0,121.0,459.1057169999999,40.111244,164.14326,-1.1057169999999132,-0.11124399999999923,0.856740000000002,1.403206591783552,143.28991590478375
2002.0,449.0,39.0,166.0,583.0,45.0,123.0,449.275224,39.105041,165.90542499999998,-0.27522399999998015,-0.10504099999999994,0.09457500000002028,0.30939665880870937,140.85808461000738
2003.0,534.0,214.0,166.0,614.0,280.0,127.0,534.537215,213.70243999999997,166.168882,-0.5372149999999465,0.2975600000000327,-0.16888199999999642,0.6369168232579202,110.80162453682708
2004.0,388.0,440.0,166.0,356.0,485.0,127.0,387.377918,440.08366,165.17163499999998,0.6220819999999776,-0.08366000000000895,0.8283650000000193,1.0393139966097857,67.60177512462228
2005.0,392.0,168.0,167.0,467.0,172.0,126.0,392.198941,167.983925,167.49486000000002,-0.1989409999999907,0.016075000000000728,-0.49486000000001695,0.5335938030993361,85.56868586112562
2006.0,255.0,152.0,168.0,314.0,100.0,124.0,254.55439099999995,151.791122,167.601226,0.4456090000000472,0.20887799999999856,0.39877400000000307,0.6334177948566364,90.11659114724658
2007.0,462.0,201.0,168.0,536.0,237.0,128.0,462.74653800000004,200.57578199999998,167.953975,-0.7465380000000437,0.42421800000002463,0.046024999999985994,0.8598826650148756,91.49863386958299
2008.0,460.0,258.0,168.0,511.0,302.0,130.0,460.247299,257.606229,168.951334,-0.24729899999999816,0.3937710000000152,-0.9513340000000028,1.0588903509797492,77.33692520394123
2009.0,388.0,442.0,168.0,356.0,487.0,130.0,387.925664,441.66703399999994,167.605729,0.07433600000001661,0.33296600000005583,0.39427100000000337,0.5213845217236913,67.02984409947557
2010.0,454.0,256.0,169.0,505.0,297.0,130.0,454.28398,255.28064899999998,169.046045,-0.28397999999998547,0.7193510000000174,-0.04604499999999234,0.7747455347570685,76.1774244773345
2011.0,361.0,323.0,169.0,371.0,339.0,130.0,361.079726,322.756755,169.30634700000002,-0.07972599999999375,0.2432450000000017,-0.3063470000000166,0.39921529217955815,43.32435804486894
2012.0,244.0,163.0,170.0,297.0,109.0,126.0,243.70344799999998,163.224201,169.22875299999998,0.2965520000000197,-0.22420099999999366,0.7712470000000167,0.8561723612182506,87.52713864853574
2013.0,473.0,177.0,170.0,557.0,214.0,131.0,473.109483,177.272021,170.56959799999998,-0.10948300000001154,-0.2720209999999952,-0.569597999999985,0.6406432964871971,99.72963451251589
2014.0,455.0,190.0,170.0,531.0,222.0,130.0,454.977099,190.238689,169.802494,0.02290099999999029,-0.2386889999999937,0.19750600000000418,0.3106533672085307,91.6515138991168
2015.0,316.0,427.0,170.0,278.0,442.0,132.0,315.623833,426.995906,170.234376,0.37616700000000947,0.004094000000009146,-0.23437599999999748,0.44322734809689485,55.794264938253285
2016.0,389.0,443.0,170.0,357.0,489.0,132.0,389.241356,442.98069699999996,169.214685,-0.24135599999999613,0.019303000000036263,0.7853149999999971,0.8217937537910561,67.70524351924303
2017.0,453.0,207.0,171.0,522.0,240.0,131.0,452.675119,206.576044,170.456162,0.32488100000000486,0.423956000000004,0.5438379999999938,0.7622638154477752,86.31338250816034
2018.0,468.0,423.0,172.0,457.0,497.0,137.0,469.07770400000004,423.247611,172.64257700000002,-1.0777040000000397,-0.24761100000000624,-0.642577000000017,1.2789301465936718,82.59539938761722
2019.0,439.0,499.0,172.0,393.0,573.0,137.0,439.11516400000005,498.946099,172.091645,-0.11516400000004978,0.0539009999999962,-0.09164499999999975,0.15673822355127995,93.89888178247918
2020.0,330.0,275.0,173.0,354.0,272.0,134.0,330.47560300000004,275.149838,173.490094,-0.4756030000000351,-0.14983799999998837,-0.49009399999999914,0.6991722024573267,45.89117562233506
2021.0,460.0,258.0,174.0,511.0,302.0,135.0,460.293039,257.654859,173.048394,-0.2930390000000216,0.34514100000001235,0.9516059999999982,1.0538254811106142,77.83315488916018
2022.0,559.0,244.0,175.0,631.0,325.0,139.0,559.5643839999999,244.36881699999998,175.361289,-0.5643839999999045,-0.36881699999997863,-0.3612889999999993,0.7649085046369114,114.19719786404568
2023.0,498.0,270.0,175.0,549.0,332.0,137.0,497.645437,271.107821,174.10750000000002,0.35456299999998464,-1.1078210000000013,0.8924999999999841,1.46613046452557,88.82004278314665
2024.0,392.0,234.0,177.0,441.0,248.0,138.0,391.875749,233.919695,176.559284,0.12425100000001521,0.08030500000000984,0.440716000000009,0.4648847133236511,64.17164482853778
2025.0,401.0,460.0,178.0,365.0,514.0,144.0,402.071659,460.444979,178.700046,-1.071659000000011,-0.44497899999998936,-0.7000459999999862,1.3551840188099897,73.2666363360568
2026.0,304.0,469.0,178.0,248.0,486.0,142.0,303.849137,469.08502799999997,178.069152,0.1508630000000153,-0.08502799999996569,-0.06915200000000254,0.18647092174652627,68.70953354520753
2027.0,401.0,409.0,180.0,383.0,455.0,144.0,400.71044200000006,409.916467,179.309167,0.2895579999999427,-0.9164670000000115,0.6908329999999978,1.1836409216236081,61.1228271597445
2028.0,350.0,555.0,181.0,268.0,603.0,147.0,349.87442400000003,554.854424,180.639385,0.12557599999996683,0.14557600000000548,0.3606149999999957,0.40866230775175505,100.91580649234291
2029.0,513.0,171.0,182.0,605.0,222.0,145.0,512.619275,171.14568899999998,181.66995,0.380724999999984,-0.14568899999997598,0.33004999999999995,0.5245091160751935,111.50784725749125
2030.0,521.0,160.0,183.0,620.0,213.0,147.0,521.9526219999999,160.271484,183.331523,-0.9526219999999057,-0.27148399999998674,-0.33152300000000423,1.0445571964563818,117.92370414806346
2031.0,305.0,530.0,184.0,226.0,558.0,149.0,305.547977,530.823836,183.061896,-0.547977000000003,-0.8238360000000284,0.9381040000000098,1.3634601799249837,90.82951062292474
2032.0,523.0,160.0,185.0,621.0,213.0,149.0,522.748012,160.030951,184.96462100000002,0.251987999999983,-0.030950999999987516,0.03537899999997762,0.25633491799984853,117.08543888972702
2033.0,296.0,542.0,185.0,211.0,567.0,151.0,296.251222,541.736945,184.677971,-0.2512219999999843,0.2630550000000085,0.32202899999998635,0.48581179807615604,94.89994731294638
2034.0,517.0,158.0,186.0,615.0,208.0,150.0,516.793841,157.715097,185.87874399999998,0.2061589999999569,0.2849030000000141,0.12125600000001668,0.37198692211688617,115.75836902790225
2035.0,344.0,318.0,186.0,353.0,327.0,151.0,344.16233,318.315555,186.761919,-0.1623299999999972,-0.31555500000001757,-0.761919000000006,0.840503747455072,37.242448899072144
2036.0,470.0,154.0,187.0,562.0,186.0,151.0,469.89368499999995,154.407872,187.267196,0.1063150000000519,-0.40787199999999757,-0.26719600000001265,0.4990552574865992,103.84603988597736
2037.0,523.0,202.0,188.0,605.0,260.0,154.0,522.5873449999999,200.762947,188.58596,0.41265500000008615,1.237053000000003,-0.58596,1.4296619864268891,106.03772913449251
2038.0,536.0,178.0,191.0,629.0,238.0,156.0,535.5325750000001,177.44660299999998,190.352922,0.4674249999999347,0.5533970000000181,0.6470779999999934,0.9713106137163078,116.0775602776006
2039.0,535.0,195.0,192.0,621.0,258.0,158.0,534.5371389999999,195.08789499999997,191.796134,0.462861000000089,-0.08789499999997474,0.203866000000005,0.5133489868521024,111.89727431890377
2040.0,550.0,244.0,192.0,620.0,320.0,159.0,549.898555,243.537682,191.87287,0.10144500000001244,0.46231800000001044,0.12712999999999397,0.49009290756856566,108.4665847162157
2041.0,465.0,364.0,192.0,475.0,426.0,159.0,464.79593099999994,363.607895,191.423614,0.2040690000000609,0.392105000000015,0.5763860000000136,0.7263685764004747,70.94363960215179
2042.0,294.0,532.0,192.0,212.0,556.0,159.0,294.23983899999996,533.0066899999999,191.360322,-0.23983899999996083,-1.006689999999935,0.6396780000000035,1.2166081726278413,91.59148432032315
2043.0,519.0,152.0,193.0,620.0,203.0,158.0,519.45174,152.60748999999998,192.465765,-0.4517399999999725,-0.6074899999999843,0.5342349999999954,0.9265636313416101,118.43563652887589
2044.0,438.0,67.0,194.0,560.0,73.0,157.0,438.997322,67.17412400000002,193.559143,-0.9973219999999969,-0.17412400000002037,0.44085699999999406,1.104230607033239,127.62836675285006
2045.0,396.0,321.0,194.0,412.0,349.0,161.0,395.825678,320.169856,194.352643,0.17432200000001785,0.8301440000000184,-0.3526430000000005,0.9186317574899298,46.14108798023731
2046.0,531.0,181.0,195.0,623.0,241.0,162.0,531.705352,181.39616299999997,195.267537,-0.705351999999948,-0.39616299999997295,-0.26753700000000435,0.8520813416815953,114.68652928744508
2047.0,257.0,200.0,195.0,298.0,156.0,158.0,257.00037499999996,199.799054,194.876874,-0.0003749999999627107,0.20094599999998763,0.12312600000001339,0.23566808739623255,70.61161377563892
2048.0,474.0,295.0,196.0,512.0,350.0,164.0,473.822673,294.97763199999997,196.22620799999999,0.17732699999999113,0.022368000000028587,-0.22620799999998553,0.2882971585309012,74.11477585475112
2049.0,333.0,430.0,197.0,296.0,452.0,165.0,332.51491899999996,430.40811399999996,197.051194,0.4850810000000365,-0.408113999999955,-0.05119400000000951,0.6359885527216662,53.637673327615545
2050.0,473.0,354.0,198.0,490.0,420.0,167.0,474.96461899999997,355.12334,197.96544600000001,-1.9646189999999706,-1.1233399999999847,0.03455399999998576,2.263363547836902,74.87322618933953
2051.0,269.0,552.0,198.0,176.0,568.0,166.0,269.450303,551.759408,197.15749,-0.45030300000001944,0.24059199999999237,0.8425100000000043,0.9851296373437464,99.64436762808022
2052.0,453.0,119.0,199.0,556.0,138.0,164.0,452.862797,118.79351600000001,198.533316,0.13720299999999952,0.206483999999989,0.46668399999998655,0.5284451355826665,110.43097391583576
2053.0,273.0,519.0,199.0,193.0,532.0,169.0,273.32290900000004,519.3933129999999,199.95294,-0.3229090000000383,-0.393312999999921,-0.9529400000000123,1.0803055039432068,86.42337646724988
2054.0,344.0,221.0,201.0,390.0,214.0,167.0,343.664113,221.039652,201.024672,0.3358870000000138,-0.039651999999989584,-0.024672000000009575,0.33911807008328076,57.62811813689564
2055.0,333.0,418.0,201.0,300.0,438.0,170.0,332.026921,418.53743199999997,201.294344,0.9730789999999843,-0.537431999999967,-0.2943439999999953,1.1499366439943253,49.49747468305833
2056.0,343.0,222.0,202.0,389.0,215.0,168.0,343.15631799999994,222.08646099999999,201.837739,-0.156317999999942,-0.08646099999998569,0.16226100000000088,0.2413285183437293,57.62811813689564
2057.0,334.0,417.0,203.0,303.0,437.0,172.0,334.116348,416.999831,202.928061,-0.11634800000001633,0.00016900000002806337,0.07193899999998621,0.13679219782575988,48.187135212627034
2058.0,458.0,107.0,204.0,566.0,126.0,171.0,457.57596099999995,106.93657200000001,204.356792,0.42403900000005024,0.0634279999999876,-0.3567920000000129,0.5577927177447284,114.51637437502114
2059.0,490.0,356.0,204.0,508.0,427.0,174.0,490.83740399999994,355.951378,203.513765,-0.8374039999999354,0.048622000000023036,0.48623499999999353,0.9695535226715891,79.15175298121956
2060.0,334.0,416.0,204.0,303.0,436.0,173.0,333.865345,416.23245899999995,203.759544,0.1346550000000093,-0.2324589999999489,0.24045599999999467,0.360538824042538,48.187135212627034
2061.0,552.0,239.0,205.0,623.0,316.0,175.0,551.335601,239.80495099999996,205.014568,0.6643990000000031,-0.80495099999996,-0.014567999999997028,1.0438315813511008,108.94952959971879
2062.0,501.0,319.0,207.0,534.0,388.0,178.0,500.932551,318.92384999999996,207.113306,0.06744900000001053,0.07615000000004102,-0.11330599999999436,0.15227094186681314,81.79853299418028
2063.0,499.0,319.0,209.0,531.0,387.0,180.0,498.359414,318.94615899999997,208.78137900000002,0.6405859999999848,0.053841000000034,0.21862099999998463,0.6790025171661571,80.55432949258531
2064.0,516.0,331.0,210.0,546.0,408.0,181.0,515.488143,331.375168,209.26141,0.5118569999999636,-0.37516799999997374,0.7385899999999879,0.9737883778177501,87.57853618324526
2065.0,431.0,382.0,210.0,429.0,434.0,181.0,431.3320709999999,381.997961,209.617506,-0.33207099999992806,0.002039000000024771,0.3824940000000083,0.5065342699146413,59.57348403442592
2066.0,274.0,178.0,211.0,327.0,136.0,180.0,274.534337,176.931501,212.979304,-0.5343369999999936,1.0684990000000028,-1.9793040000000133,2.311893264617995,74.39085965358916
2067.0,444.0,218.0,211.0,507.0,249.0,181.0,443.81746799999996,217.956001,211.404013,0.18253200000003744,0.043999000000013666,-0.40401299999999196,0.4455113322846102,76.3544366752843
2068.0,429.0,382.0,212.0,426.0,433.0,184.0,428.76808199999994,382.029996,212.104991,0.23191800000006424,-0.029995999999982814,-0.10499100000001249,0.2563373340366779,58.25804665451803
2069.0,297.0,490.0,212.0,231.0,507.0,184.0,296.485926,490.23232299999995,212.328307,0.5140739999999937,-0.2323229999999512,-0.32830699999999524,0.6527109161443277,73.68174807915459
2070.0,476.0,94.0,213.0,592.0,118.0,181.0,475.7906769999999,94.05743799999999,212.498604,0.20932300000009718,-0.05743799999999055,0.5013959999999997,0.5463636069405057,122.70289320142373
2071.0,424.0,401.0,213.0,413.0,452.0,185.0,423.617877,400.184389,212.769492,0.3821229999999787,0.8156109999999899,0.23050799999998617,0.9297167463878236,59.21148537234985
2072.0,296.0,491.0,213.0,230.0,508.0,184.0,295.968983,491.269406,212.321962,0.031017000000019834,-0.2694060000000036,0.6780379999999866,0.7302582944198477,74.06753674856482
2073.0,424.0,75.0,214.0,539.0,76.0,182.0,423.687501,75.208253,214.128476,0.3124990000000025,-0.20825299999999913,-0.12847600000000625,0.39690177574055124,119.37336386313322
2074.0,387.0,218.0,215.0,442.0,226.0,184.0,387.350329,217.01094999999998,214.512072,-0.3503289999999879,0.9890500000000202,0.4879280000000108,1.1571620646759218,63.63961030678928
2075.0,559.0,235.0,215.0,634.0,313.0,187.0,559.2129580000001,234.73053399999998,214.820739,-0.21295800000007148,0.26946600000002263,0.17926099999999678,0.38742423909848683,111.77208953938367
2076.0,458.0,99.0,216.0,569.0,117.0,185.0,457.69395599999996,99.298899,215.920021,0.3060440000000426,-0.2988990000000058,0.07997900000000868,0.43520131270255946,116.64475984801032
2077.0,272.0,535.0,216.0,185.0,549.0,189.0,271.711684,534.878379,216.181781,0.2883160000000089,0.12162100000000464,-0.18178100000000086,0.3618868821303234,92.16289925995167
2078.0,506.0,492.0,217.0,474.0,590.0,193.0,506.994633,491.6426359999999,217.309704,-0.9946330000000216,0.35736400000007507,-0.30970400000001064,1.1013266549035772,105.84894897919393
2079.0,357.0,266.0,218.0,388.0,271.0,189.0,357.139788,266.06818,218.375141,-0.13978800000001002,-0.06817999999998392,-0.3751410000000135,0.4061033947469668,42.74342054632502
2080.0,435.0,155.0,219.0,521.0,173.0,189.0,434.998492,155.33457099999998,218.796541,0.001508000000001175,-0.33457099999998263,0.20345900000000938,0.3915808891991439,92.84395510748128
2081.0,457.0,177.0,219.0,538.0,207.0,190.0,457.063372,177.34588399999998,219.108197,-0.0633720000000153,-0.34588399999998387,-0.10819699999998988,0.3679107808273476,91.11531155629113
2082.0,428.0,305.0,220.0,455.0,342.0,192.0,427.703251,303.85232099999996,219.592694,0.29674899999997706,1.1476790000000392,0.4073060000000055,1.2534453453095116,53.68426212587819
2083.0,274.0,534.0,220.0,187.0,549.0,193.0,273.302464,534.3973129999999,219.447977,0.6975360000000137,-0.3973129999999401,0.5520229999999913,0.9742399518568112,92.32009532057471
2084.0,421.0,384.0,221.0,417.0,432.0,194.0,421.605565,383.690023,220.362716,-0.6055650000000128,0.3099770000000035,0.637283999999994,0.932161791970691,55.21775076911409
2085.0,478.0,458.0,222.0,454.0,539.0,197.0,478.22164399999997,457.249242,221.317493,-0.2216439999999693,0.7507580000000189,0.6825069999999869,1.0385467935288217,88.10221336606703
2086.0,292.0,101.0,223.0,377.0,54.0,191.0,292.157283,100.31720100000001,222.696358,-0.15728300000000672,0.6827989999999886,0.3036419999999964,0.7636431631684948,102.26436329435587
2087.0,517.0,118.0,223.0,630.0,160.0,193.0,516.356367,116.93283599999998,221.606978,0.6436330000000225,1.0671640000000195,1.393022000000002,1.8691208452288677,124.22962609619333
2088.0,358.0,339.0,223.0,360.0,357.0,195.0,357.80903,340.236544,222.413835,0.19096999999999298,-1.2365439999999808,0.586164999999994,1.3817018535345977,33.34666400106613
2089.0,532.0,166.0,225.0,629.0,220.0,201.0,531.261517,163.89650899999998,227.44374,0.7384829999999738,2.1034910000000195,-2.443739999999991,3.3078537930159486,113.5825690852254
2090.0,435.0,348.0,225.0,447.0,396.0,201.0,435.616985,347.983027,226.361376,-0.6169849999999997,0.016973000000007232,-1.361376000000007,1.4947585712515647,54.99090833947008
2091.0,417.0,392.0,225.0,409.0,439.0,200.0,417.26475800000003,391.267945,225.240499,-0.2647580000000289,0.7320550000000026,-0.2404989999999998,0.8147644387122077,53.83307533477908
2092.0,427.0,102.0,226.0,533.0,107.0,197.0,427.22683800000004,101.00409099999999,226.079811,-0.2268380000000434,0.9959090000000117,-0.07981100000000652,1.024529165151507,110.00909053346456
2093.0,515.0,177.0,226.0,605.0,229.0,199.0,514.9343240000001,177.11057899999997,225.833701,0.06567599999993945,-0.1105789999999729,0.1662990000000093,0.21022942139003556,107.39180601889512
2094.0,469.0,104.0,227.0,580.0,127.0,199.0,468.971572,104.34620799999999,227.208093,0.028428000000019438,-0.3462079999999901,-0.20809299999999098,0.4049331143497534,116.76472069936193
2095.0,424.0,393.0,227.0,417.0,444.0,202.0,424.80056099999996,393.093007,226.77316,-0.8005609999999592,-0.09300700000000006,0.22684000000000992,0.8372601760324799,57.227615711297986
2096.0,282.0,267.0,228.0,301.0,243.0,199.0,282.339862,267.025391,227.40541100000002,-0.33986199999998234,-0.025391000000013264,0.5945889999999849,0.6853371147442482,42.16633728461603
2097.0,381.0,382.0,228.0,371.0,414.0,203.0,381.258855,381.749103,228.218098,-0.25885499999998274,0.25089700000000903,-0.21809799999999768,0.42133354155347585,41.82104733265297
2098.0,434.0,344.0,229.0,447.0,391.0,204.0,434.343674,344.126715,228.879967,-0.34367400000002135,-0.12671499999999014,0.1200330000000065,0.38545613315916216,54.79963503528103
2099.0,454.0,116.0,230.0,559.0,134.0,203.0,454.51024699999994,115.28448300000001,230.52149,-0.5102469999999357,0.7155169999999913,-0.52149,1.0218945143203,109.89995450408522
2100.0,510.0,139.0,230.0,614.0,183.0,203.0,509.99781599999994,139.06311,229.615081,0.002184000000056585,-0.06310999999999467,0.38491899999999646,0.39006445431107517,116.1077086157504
2101.0,472.0,187.0,230.0,552.0,224.0,204.0,472.49332699999997,187.05292399999996,230.294594,-0.4933269999999652,-0.05292399999996178,-0.29459399999998936,0.577025219155069,91.89668111526117
2102.0,436.0,346.0,230.0,448.0,394.0,205.0,435.910369,346.20775,229.65744,0.08963099999999713,-0.2077499999999759,0.34255999999999176,0.4105376136981651,55.4346462061408
2103.0,478.0,405.0,230.0,473.0,478.0,207.0,477.208699,405.003809,230.13915,0.7913009999999758,-0.0038089999999897373,-0.13915000000000077,0.8034516186939709,76.70071707617863
2104.0,357.0,364.0,233.0,350.0,384.0,209.0,357.19023899999996,363.954204,233.616946,-0.19023899999996274,0.04579599999999573,-0.6169460000000129,0.6472329701529437,32.01562118716424
2105.0,250.0,118.0,234.0,321.0,58.0,205.0,249.808695,118.12091700000002,234.440498,0.19130499999999984,-0.12091700000001993,-0.44049799999999095,0.49523430002171376,97.3755616158387
2106.0,467.0,459.0,236.0,440.0,536.0,215.0,466.726539,458.732806,236.183286,0.2734609999999975,0.2671940000000177,-0.1832860000000096,0.42398975217923796,84.25556361451747
2107.0,456.0,114.0,237.0,561.0,133.0,211.0,455.87746799999996,114.065223,237.077405,0.12253200000003517,-0.06522300000000314,-0.07740499999999884,0.158932893945869,109.82713690158731
2108.0,379.0,274.0,237.0,410.0,288.0,212.0,378.868827,273.782874,236.890438,0.13117299999998977,0.21712600000000748,0.10956200000001104,0.2763220723159896,42.21374183841087
2109.0,358.0,363.0,238.0,352.0,383.0,215.0,358.53916399999997,362.715492,238.534037,-0.5391639999999711,0.28450800000001664,-0.5340370000000121,0.8104555128623602,31.064449134018133
2110.0,520.0,247.0,239.0,584.0,311.0,216.0,520.1032479999999,246.45764199999996,238.894129,-0.10324799999989409,0.5423580000000356,0.1058710000000076,0.5621574675382498,93.38629449764028
2111.0,514.0,139.0,241.0,619.0,186.0,216.0,514.782663,140.220917,240.202594,-0.7826629999999568,-1.2209169999999858,0.7974059999999952,1.6550093719655758,117.72425408555367
2112.0,439.0,16.0,243.0,579.0,13.0,216.0,438.69277999999997,16.18236300000001,242.519917,0.30722000000002936,-0.18236300000000938,0.4800830000000076,0.5984313486591664,142.61135999632006
2113.0,440.0,16.0,244.0,581.0,14.0,219.0,440.534563,16.468669000000006,244.95463,-0.5345629999999915,-0.46866900000000555,-0.9546300000000087,1.1902632773592625,143.2131278898691
2114.0,359.0,357.0,244.0,354.0,377.0,221.0,358.587334,357.59128999999996,243.511483,0.41266600000000153,-0.5912899999999581,0.48851700000000164,0.8709569168133137,30.886890422961002
2115.0,529.0,208.0,246.0,609.0,270.0,225.0,528.946739,208.184533,246.620598,0.05326100000002043,-0.18453299999998762,-0.6205980000000011,0.6496391612379898,103.36827366266692
2116.0,305.0,246.0,248.0,335.0,227.0,224.0,304.827342,245.99548299999998,247.889163,0.17265800000001263,0.0045170000000211985,0.11083700000000363,0.20522190141894056,42.86023798347368
2117.0,279.0,177.0,252.0,333.0,138.0,226.0,280.138011,177.373183,250.613758,-1.1380110000000059,-0.3731830000000116,1.38624200000001,1.8319392648704405,71.50524456289902
2118.0,357.0,190.0,252.0,418.0,183.0,228.0,357.916092,190.26332,251.222677,-0.9160919999999919,-0.2633199999999931,0.7773229999999955,1.229956511911285,65.92419889539804
2119.0,426.0,227.0,252.0,484.0,251.0,230.0,426.91286,225.96642599999998,251.662757,-0.9128600000000233,1.0335740000000158,0.33724300000000085,1.4196201724845543,66.51315659326356
2120.0,504.0,297.0,252.0,546.0,363.0,233.0,504.25704399999995,296.91150999999996,252.414029,-0.25704399999995076,0.0884900000000357,-0.4140289999999993,0.49530002107508575,80.50465825031493
2121.0,366.0,342.0,252.0,367.0,361.0,233.0,364.636916,341.894629,253.463125,1.3630840000000148,0.105370999999991,-1.463124999999991,2.0024574413260354,26.888659319497503
2122.0,250.0,241.0,254.0,273.0,200.0,231.0,249.68747299999995,241.200989,254.30597600000002,0.3125270000000455,-0.20098899999999276,-0.30597600000001535,0.48134293017144747,52.3354564325181
2123.0,515.0,246.0,254.0,579.0,309.0,234.0,515.86214,246.37843900000001,253.696317,-0.8621399999999539,-0.3784390000000144,0.3036830000000066,0.9893052212588062,92.00543462209176
2124.0,264.0,510.0,254.0,186.0,515.0,235.0,264.064452,508.644458,254.279421,-0.06445200000001705,1.355542000000014,-0.27942100000001346,1.3855411467398029,80.43631020876082
2125.0,432.0,229.0,255.0,489.0,256.0,234.0,432.135677,228.590895,254.85142,-0.13567699999998695,0.40910500000001093,0.1485800000000097,0.4559069705038609,66.47555941848101
2126.0,264.0,522.0,255.0,181.0,530.0,235.0,264.081247,521.600853,254.12698600000002,-0.08124700000001894,0.39914699999997083,0.8730139999999835,0.9633653755527811,85.74963556773871
2127.0,431.0,229.0,256.0,487.0,256.0,235.0,430.590637,229.120591,255.682284,0.4093629999999848,-0.12059099999999034,0.3177159999999901,0.5320373217228083,65.62011886609167
2128.0,470.0,92.0,257.0,586.0,113.0,235.0,470.32135,92.25706199999999,256.841563,-0.32134999999999536,-0.2570619999999906,0.15843699999999217,0.44096369160395704,119.9208072020865
2129.0,314.0,449.0,257.0,267.0,465.0,238.0,314.02896000000004,448.759951,256.87740099999996,-0.02896000000004051,0.24004899999999907,0.12259900000003654,0.27109540535023985,53.16013544000805
2130.0,499.0,361.0,259.0,514.0,436.0,241.0,498.454243,362.03699199999994,258.27137400000004,0.5457569999999805,-1.036991999999941,0.7286259999999629,1.3798909228590506,78.57480512225277
2131.0,378.0,412.0,259.0,355.0,447.0,241.0,377.75795800000003,411.922685,259.049027,0.24204199999996945,0.07731499999999869,-0.04902700000002369,0.2587770965869803,45.58508528016593
2132.0,473.0,222.0,260.0,538.0,264.0,241.0,472.35852700000004,222.13649599999997,260.21016199999997,0.6414729999999622,-0.13649599999996553,-0.21016199999996843,0.6886848582544333,79.68688725254614
2133.0,377.0,413.0,260.0,353.0,448.0,242.0,376.47306899999995,413.22947899999997,259.86782,0.5269310000000473,-0.22947899999996935,0.1321800000000053,0.5897359092017691,46.09772228646444
2134.0,468.0,91.0,261.0,584.0,111.0,240.0,468.29259999999994,91.271466,260.974217,-0.29259999999993624,-0.27146600000000376,0.025782999999989897,0.3999666389150028,119.57006314291216
2135.0,489.0,296.0,261.0,529.0,357.0,245.0,489.595316,296.785379,262.416741,-0.5953160000000253,-0.7853789999999776,-1.4167410000000018,1.725797315613279,74.67931440499437
2136.0,369.0,343.0,261.0,372.0,364.0,241.0,369.37602300000003,343.003806,259.953578,-0.37602300000003197,-0.0038059999999973115,1.0464220000000068,1.1119383005585508,29.154759474226502
2137.0,359.0,158.0,262.0,431.0,147.0,240.0,358.76265399999994,159.024699,261.41573900000003,0.23734600000005912,-1.0246989999999983,0.5842609999999695,1.2032049203847153,76.08547824650904
2138.0,479.0,393.0,264.0,480.0,464.0,249.0,479.39045899999996,392.713034,264.683366,-0.39045899999996436,0.2869660000000067,-0.6833659999999782,0.8377331351886149,72.5741000633146
2139.0,330.0,268.0,265.0,356.0,263.0,246.0,330.713008,268.72529799999995,265.361425,-0.7130080000000021,-0.7252979999999525,-0.361424999999997,1.0793820581670477,32.58834147360065
2140.0,473.0,335.0,266.0,495.0,395.0,250.0,473.105598,335.203223,266.24978699999997,-0.10559799999998631,-0.20322299999997995,-0.24978699999996934,0.33888651596363883,65.87867636800242
2141.0,284.0,188.0,267.0,334.0,151.0,246.0,284.480028,187.409992,266.83934899999997,-0.48002800000000434,0.5900080000000116,0.16065100000002985,0.7773963369151076,65.6505902486794
2142.0,286.0,195.0,269.0,333.0,160.0,249.0,286.071737,194.693037,269.19467199999997,-0.07173699999998462,0.3069629999999961,-0.19467199999996865,0.3704992147386863,61.91930232165088
2143.0,494.0,182.0,270.0,579.0,226.0,253.0,494.44341899999995,182.064099,270.267038,-0.44341899999994894,-0.0640989999999988,-0.26703800000001365,0.5215729908708482,97.21111047611791
2144.0,432.0,230.0,271.0,489.0,257.0,252.0,432.560492,229.54306099999997,269.58876499999997,-0.5604920000000106,0.45693900000003396,1.4112350000000333,1.5857265706956345,65.87108622149782
2145.0,423.0,342.0,272.0,434.0,382.0,257.0,422.384937,341.02811599999995,272.49188000000004,0.6150630000000206,0.9718840000000455,-0.4918800000000374,1.250922434775694,44.11349000022555
2146.0,383.0,348.0,272.0,385.0,375.0,256.0,382.47712599999994,348.31796899999995,272.03753900000004,0.5228740000000585,-0.3179689999999482,-0.03753900000003796,0.6131155530224552,31.448370387032774
2147.0,494.0,67.0,273.0,623.0,93.0,255.0,494.053768,67.29017699999999,273.259361,-0.053767999999990934,-0.2901769999999857,-0.2593610000000126,0.3928890650985304,132.81942628998215
2148.0,375.0,356.0,273.0,374.0,381.0,257.0,375.499146,355.85011799999995,272.847511,-0.4991459999999961,0.1498820000000478,0.15248900000000276,0.5430140314586828,29.698484809834994
2149.0,299.0,262.0,274.0,322.0,243.0,257.0,299.18942000000004,262.129814,274.811061,-0.189420000000041,-0.1298140000000103,-0.8110609999999951,0.8429422024771391,34.336569426778794
2150.0,416.0,321.0,274.0,434.0,357.0,258.0,415.89031,321.610392,273.613067,0.10969000000000051,-0.6103919999999903,0.3869329999999991,0.7309770422201969,43.31281565541543
2151.0,412.0,316.0,275.0,432.0,349.0,259.0,412.264062,315.92330400000003,274.540499,-0.264062000000024,0.0766959999999699,0.45950099999998884,0.5354924698452797,41.773197148410844
2152.0,495.0,63.0,277.0,625.0,88.0,260.0,494.352941,62.933347,277.405324,0.6470590000000129,0.0666530000000023,-0.40532400000000735,0.766430373136414,133.46909754696028
2153.0,488.0,72.0,277.0,614.0,96.0,259.0,487.8769669999999,72.00023999999999,276.55233,0.12303300000007766,-0.00023999999999091415,0.44767000000001644,0.46426889362634866,129.52219886953742
2154.0,502.0,144.0,278.0,602.0,185.0,262.0,501.7327220000001,144.31096,278.004959,0.2672779999999193,-0.31095999999999435,-0.004958999999985281,0.41007102136697393,109.25657874929088
2155.0,530.0,256.0,279.0,591.0,325.0,265.0,529.6332719999999,255.99369299999998,278.836241,0.3667280000000801,0.006307000000020935,0.1637590000000273,0.4016792430709707,93.15578350268973
2156.0,300.0,265.0,279.0,322.0,248.0,264.0,300.554211,266.083386,280.48659,-0.5542110000000093,-1.0833860000000186,-1.4865899999999783,1.9211519683817275,31.591137997862628
2157.0,495.0,72.0,280.0,622.0,99.0,264.0,494.919912,72.30028399999998,280.567369,0.08008799999998928,-0.30028399999997646,-0.5673689999999851,0.6469096927400046,130.82048769210425
2158.0,474.0,325.0,280.0,500.0,384.0,267.0,474.284923,325.520562,280.283942,-0.28492299999999204,-0.520561999999984,-0.28394200000002456,0.6578669858998799,65.7723346096214
2159.0,480.0,331.0,281.0,504.0,392.0,267.0,479.474507,330.697406,280.16447,0.5254929999999831,0.30259399999999914,0.8355300000000057,1.0323838446939158,67.02984409947557
2160.0,442.0,284.0,282.0,478.0,323.0,268.0,441.32879199999996,283.84698000000003,281.96565699999996,0.6712080000000356,0.1530199999999695,0.03434300000003532,0.6892856746756317,54.89080068645383
2161.0,414.0,313.0,282.0,434.0,346.0,268.0,413.12012899999996,313.159574,281.939968,0.8798710000000369,-0.15957400000002053,0.060031999999978325,0.8962369547954765,41.048751503547585
2162.0,388.0,325.0,282.0,400.0,349.0,268.0,387.479386,324.330358,282.098439,0.5206140000000232,0.6696420000000103,-0.09843899999998484,0.8539025599452404,30.265491900843113
2163.0,305.0,570.0,282.0,210.0,601.0,270.0,305.40787400000005,569.575656,281.783311,-0.40787400000004936,0.42434400000001915,0.21668899999997393,0.6272026410443798,100.64790112068906
2164.0,349.0,335.0,283.0,352.0,346.0,269.0,349.40756899999997,334.48807,283.22891200000004,-0.40756899999996676,0.5119300000000067,-0.22891200000003664,0.6932427557537089,18.05547008526779
2165.0,445.0,360.0,283.0,453.0,413.0,271.0,445.342476,360.31460300000003,283.480653,-0.34247599999997647,-0.3146030000000337,-0.480653000000018,0.6687990464960476,54.92722457943783
2166.0,286.0,476.0,283.0,224.0,486.0,271.0,286.378973,476.57932199999993,283.910724,-0.3789729999999736,-0.5793219999999337,-0.9107240000000161,1.1439636002027915,63.93746945258312
2167.0,304.0,570.0,283.0,209.0,601.0,271.0,304.639928,569.845367,282.608449,-0.6399279999999976,0.1546329999999898,0.39155099999999265,0.7659839394360616,100.64790112068906
2168.0,491.0,137.0,284.0,593.0,172.0,269.0,491.42094899999995,136.61663299999998,283.9493,-0.4209489999999505,0.3833670000000211,0.050700000000006185,0.5716107130643854,108.87607634370372
2169.0,301.0,268.0,284.0,322.0,250.0,268.0,301.111105,267.676486,283.740096,-0.11110500000000911,0.32351399999998876,0.2599040000000059,0.4295994860762729,31.953090617340916
2170.0,485.0,152.0,285.0,580.0,188.0,271.0,485.499439,152.449458,285.469426,-0.4994389999999953,-0.4494579999999928,-0.46942599999999857,0.8196417375664733,102.55242561733974
2171.0,490.0,155.0,286.0,584.0,193.0,272.0,489.9177179999999,155.304734,286.205579,0.08228200000007746,-0.3047339999999963,-0.20557900000000018,0.37669067352538815,102.35233265539189
2172.0,322.0,281.0,286.0,341.0,274.0,271.0,322.14695900000004,281.416301,285.79983400000003,-0.14695900000003803,-0.41630099999997583,0.20016599999996743,0.4847369367378331,25.199206336708304
2173.0,381.0,326.0,286.0,392.0,348.0,273.0,381.048223,325.68177000000003,286.253378,-0.04822300000000723,0.31822999999997137,-0.2533779999999979,0.4096293464987359,27.820855486487112
2174.0,485.0,145.0,287.0,583.0,180.0,273.0,485.767809,145.472171,287.18764,-0.7678089999999997,-0.472171000000003,-0.1876399999999876,0.9206980413371139,105.0
2175.0,301.0,315.0,287.0,303.0,305.0,273.0,300.700364,315.405221,287.28204500000004,0.2996360000000209,-0.4052209999999832,-0.2820450000000392,0.5775250413289635,17.320508075688775
2176.0,502.0,357.0,287.0,520.0,431.0,276.0,502.13623199999995,356.93200199999995,286.97679300000004,-0.13623199999994995,0.06799800000004552,0.02320699999995668,0.15401769598650195,76.94803441284255
2177.0,487.0,83.0,288.0,609.0,108.0,273.0,487.241381,82.76150499999999,287.907876,-0.24138099999998985,0.23849500000001456,0.09212400000001253,0.3516126897055969,125.43524225671189
2178.0,421.0,155.0,288.0,504.0,166.0,273.0,420.735269,155.13161399999998,287.808988,0.2647309999999834,-0.1316139999999848,0.19101200000000063,0.35198058398296267,85.05880318932309
2179.0,533.0,251.0,288.0,597.0,320.0,275.0,533.0865610000001,250.645553,287.05636000000004,-0.08656100000007427,0.3544469999999933,0.9436399999999594,1.0117222603708647,95.00526301210897
2180.0,377.0,318.0,288.0,390.0,338.0,274.0,376.90167299999996,318.44048599999996,287.204952,0.09832700000004024,-0.4404859999999644,0.7950480000000084,0.9142195783448251,27.65863337187866
2181.0,386.0,357.0,288.0,386.0,386.0,275.0,386.289693,356.79085599999996,287.46786,-0.28969299999999976,0.20914400000003752,0.5321400000000267,0.6409650743878671,31.78049716414141
2182.0,301.0,374.0,288.0,281.0,373.0,276.0,301.322008,373.99673299999995,289.045425,-0.32200799999998253,0.003267000000050757,-1.045425000000023,1.0938981926934686,23.345235059857504
2183.0,527.0,297.0,289.0,571.0,371.0,276.0,526.158966,297.04688699999997,287.40902700000004,0.841034000000036,-0.0468869999999697,1.5909729999999627,1.8002032292643904,87.06893820416096
2184.0,518.0,423.0,289.0,513.0,514.0,279.0,518.3165509999999,423.280209,288.473218,-0.31655099999989034,-0.2802090000000135,0.5267820000000256,0.675441259330495,91.68424073961675
2185.0,506.0,225.0,290.0,575.0,280.0,278.0,505.611897,225.31048099999998,290.12340800000004,0.388103000000001,-0.3104809999999816,-0.12340800000004037,0.5121053841095593,89.05054744357274
2186.0,536.0,245.0,290.0,603.0,314.0,279.0,536.2248109999999,244.46195899999998,290.372078,-0.22481099999993148,0.5380410000000211,-0.3720779999999877,0.6917153616090816,96.8039255402383
2187.0,461.0,274.0,290.0,505.0,319.0,279.0,461.370354,273.82597899999996,290.87287100000003,-0.3703540000000203,0.17402100000003884,-0.8728710000000319,0.9640275807247862,63.89053137985315
2188.0,308.0,264.0,291.0,331.0,249.0,277.0,307.927132,264.647057,291.075341,0.07286800000002813,-0.647057000000018,-0.07534099999998034,0.6554912455205061,30.822070014844883
2189.0,373.0,321.0,291.0,384.0,340.0,278.0,372.796003,321.59349599999996,290.492814,0.2039970000000153,-0.5934959999999592,0.5071859999999901,0.8069014293090252,25.514701644346147
2190.0,334.0,260.0,294.0,363.0,253.0,282.0,333.88048399999997,259.484559,294.940885,0.11951600000003282,0.5154410000000098,-0.9408849999999802,1.0794573090039183,32.155870381627054
2191.0,583.0,337.0,294.0,621.0,440.0,285.0,583.0464169999999,337.75493299999994,293.664536,-0.046416999999905784,-0.7549329999999372,0.33546400000000176,0.8274143264857684,110.1544370418187
2192.0,549.0,302.0,295.0,597.0,389.0,287.0,551.1467560000001,304.382027,296.05640500000004,-2.146756000000096,-2.3820269999999937,-1.0564050000000407,3.3761820857723994,99.68450230602548
2193.0,479.0,396.0,295.0,478.0,467.0,286.0,478.9552,395.92416,294.976849,0.04480000000000928,0.07584000000002789,0.02315099999998438,0.0910753226785628,71.57513534740957
2194.0,307.0,211.0,296.0,351.0,186.0,282.0,307.125239,210.538813,295.818354,-0.12523900000002186,0.46118699999999535,0.18164600000000064,0.5112470297282924,52.507142371300304
2195.0,527.0,424.0,297.0,522.0,518.0,289.0,526.442481,424.14599599999997,296.56752,0.5575189999999566,-0.14599599999996826,0.4324799999999982,0.7205423081103154,94.47221813845591
2196.0,504.0,215.0,298.0,577.0,269.0,286.0,504.3776079999999,216.320241,296.800033,-0.3776079999998956,-1.32024100000001,1.199967000000015,1.8236076608837724,91.59148432032315
2197.0,462.0,263.0,298.0,510.0,306.0,288.0,461.9561929999999,262.51131399999997,298.375872,0.043807000000072094,0.4886860000000297,-0.3758720000000153,0.6180718568492233,65.21502894272147
2198.0,550.0,264.0,298.0,610.0,342.0,288.0,549.031029,264.488342,297.368716,0.9689710000000105,-0.48834199999998873,0.6312839999999937,1.2553494320152463,98.91410415102591
2199.0,476.0,28.0,299.0,618.0,40.0,286.0,476.663883,27.705414000000005,299.329526,-0.6638829999999984,0.29458599999999535,-0.3295259999999871,0.7975643759352512,143.09786860746738
2200.0,305.0,138.0,299.0,376.0,101.0,285.0,304.46719800000005,138.015036,299.15947500000004,0.5328019999999469,-0.015036000000009153,-0.1594750000000431,0.5563598908305284,81.2773031048644
2201.0,546.0,266.0,300.0,605.0,342.0,291.0,545.173003,265.81744499999996,299.855582,0.8269970000000058,0.18255500000003622,0.1444179999999733,0.8591314944512365,96.63332758422428
2202.0,374.0,324.0,300.0,384.0,343.0,289.0,373.677084,324.031776,299.47013300000003,0.32291600000002063,-0.031775999999979376,0.5298669999999674,0.6213239854705253,24.124676163629637
2203.0,429.0,353.0,300.0,437.0,397.0,290.0,428.920368,352.225589,299.33423300000004,0.0796320000000037,0.7744109999999864,0.6657669999999598,1.0243531376600192,45.8257569495584
2204.0,531.0,255.0,302.0,593.0,323.0,294.0,530.93245,254.20158099999998,302.61187900000004,0.0675499999999829,0.798419000000024,-0.6118790000000445,1.0081824302684959,92.36882591004391
2205.0,336.0,418.0,302.0,304.0,437.0,293.0,336.00034999999997,417.916692,302.071187,-0.00034999999996898623,0.08330799999998817,-0.071187000000009,0.10958072062639161,38.28837943815329
2206.0,313.0,477.0,305.0,255.0,497.0,297.0,313.56839599999995,477.320741,304.905149,-0.5683959999999502,-0.32074099999999817,0.09485100000000557,0.6595039909643786,61.87083319303208
2207.0,277.0,187.0,306.0,326.0,147.0,294.0,277.661776,186.848328,306.265217,-0.6617759999999748,0.1516719999999907,-0.2652170000000069,0.7288977478693205,64.38167441127949
2208.0,461.0,373.0,306.0,466.0,434.0,298.0,461.154865,373.51645799999994,305.276848,-0.1548649999999725,-0.5164579999999432,0.7231520000000273,0.9020315122505269,61.72519744804386
2209.0,467.0,172.0,308.0,551.0,203.0,299.0,467.122122,171.91782099999998,308.39795100000003,-0.1221219999999903,0.08217900000002487,-0.3979510000000346,0.42430197893249244,89.98888820293314
2210.0,337.0,548.0,308.0,254.0,588.0,302.0,336.510783,548.345274,307.90947400000005,0.48921699999999646,-0.3452740000000176,0.09052599999995437,0.6055925733040329,92.33092656309694
2211.0,326.0,555.0,308.0,240.0,590.0,303.0,326.160917,553.548986,308.784908,-0.16091699999998355,1.4510139999999865,-0.7849079999999731,1.6575332508124576,92.98386956886662
2212.0,319.0,396.0,309.0,292.0,405.0,302.0,318.432722,396.25691,309.90087900000003,0.5672779999999875,-0.25691000000000486,-0.9008790000000317,1.0951666768236905,29.30870177950569
2213.0,277.0,465.0,309.0,217.0,469.0,303.0,276.809484,465.499783,310.377197,0.19051600000000235,-0.49978299999997944,-1.3771970000000238,1.4774136083555092,60.43177971895251
2214.0,276.0,472.0,309.0,214.0,476.0,301.0,276.28096300000004,471.699972,308.671054,-0.2809630000000425,0.3000279999999975,0.32894599999997354,0.5264622294799551,62.6418390534633
2215.0,457.0,364.0,311.0,465.0,421.0,306.0,457.068992,363.751977,311.994793,-0.06899199999998018,0.24802299999998922,-0.9947930000000156,1.0275643130442118,57.77542730261716
2216.0,532.0,181.0,312.0,623.0,239.0,305.0,532.493214,181.23278499999998,312.467595,-0.4932139999999663,-0.23278499999997848,-0.4675950000000171,0.7183968193456682,108.1387996974259
2217.0,525.0,417.0,313.0,522.0,509.0,309.0,524.284082,417.346634,313.064399,0.7159179999999878,-0.34663399999999456,-0.06439899999998033,0.7980231474593805,92.13576938409967
2218.0,480.0,446.0,313.0,460.0,526.0,309.0,480.526821,446.67637,313.214204,-0.526820999999984,-0.6763700000000199,-0.21420399999999518,0.8836855190377445,82.55906976220118
2219.0,277.0,468.0,313.0,216.0,473.0,307.0,277.109586,468.907064,313.61228700000004,-0.10958599999997887,-0.9070639999999912,-0.6122870000000376,1.0998497905900722,61.497967446087195
2220.0,298.0,146.0,314.0,365.0,108.0,302.0,297.895737,146.47989900000002,313.067968,0.1042630000000031,-0.4798990000000174,0.9320319999999924,1.0534977325053922,77.95511529078769
2221.0,345.0,63.0,316.0,452.0,30.0,305.0,345.238581,63.27673800000001,315.96958,-0.2385810000000106,-0.2767380000000088,0.030419999999992342,0.3666472290976838,112.51222155837117
2222.0,505.0,306.0,316.0,541.0,373.0,309.0,503.66833199999996,306.721591,314.597261,1.331668000000036,-0.7215909999999894,1.4027389999999968,2.0643909357546772,76.38062581571324
2223.0,575.0,480.0,316.0,556.0,601.0,315.0,574.694058,480.05851599999994,316.675655,0.3059419999999591,-0.058515999999940504,-0.6756550000000061,0.7439988633358093,122.48673397556162
2224.0,363.0,489.0,316.0,307.0,530.0,311.0,362.690339,489.58191899999997,315.68082200000003,0.3096610000000055,-0.5819189999999708,0.3191779999999653,0.7323894136085988,69.58448102845921
2225.0,476.0,88.0,317.0,594.0,109.0,309.0,476.17445,87.788514,317.480527,-0.1744499999999789,0.21148599999999362,-0.48052699999999504,0.5532317131410538,120.12077255828818
2226.0,417.0,92.0,317.0,523.0,90.0,308.0,416.04875899999996,91.472861,317.29701,0.9512410000000386,0.5271390000000054,-0.2970100000000002,1.1273641405961425,106.40018796975878
2227.0,519.0,128.0,317.0,629.0,172.0,310.0,519.771401,127.65593899999999,317.339056,-0.7714009999999689,0.3440610000000106,-0.3390560000000278,0.9101628676550029,118.68024266911489
2228.0,462.0,168.0,317.0,546.0,197.0,309.0,461.767226,168.65241799999998,316.693127,0.23277400000000625,-0.6524179999999831,0.30687299999999595,0.7576305299609951,89.22443611477743
2229.0,486.0,275.0,317.0,534.0,329.0,311.0,486.800326,274.368626,316.80729099999996,-0.8003259999999841,0.6313739999999939,0.1927090000000362,1.0374447420624295,72.49827584156743
2230.0,435.0,266.0,318.0,477.0,299.0,312.0,434.710586,265.884557,318.31521499999997,0.28941400000002204,0.1154430000000275,-0.3152149999999665,0.44322459980240037,53.749418601506754
2231.0,571.0,335.0,318.0,607.0,432.0,313.0,570.342037,335.450267,316.784804,0.6579629999999952,-0.45026699999999664,1.2151959999999917,1.4533949907282502,103.58571330062848
2232.0,581.0,477.0,319.0,564.0,600.0,318.0,580.678103,477.23071600000003,319.100154,0.3218970000000354,-0.23071600000002945,-0.10015399999997499,0.40850749684801546,124.17326604386308
2233.0,362.0,487.0,320.0,307.0,527.0,316.0,361.955626,487.299255,319.814095,0.0443740000000048,-0.2992550000000165,0.1859049999999911,0.35508206928259134,68.1248853210044
2234.0,335.0,204.0,321.0,385.0,189.0,313.0,334.61047599999995,204.332123,320.989229,0.3895240000000513,-0.3321229999999957,0.010770999999976993,0.5120064922889519,52.81098370604357
2235.0,455.0,359.0,322.0,464.0,414.0,318.0,454.58061699999996,358.688988,321.91796,0.4193830000000389,0.3110120000000052,0.08204000000000633,0.5285273185304965,55.87486017879597
2236.0,588.0,360.0,324.0,617.0,466.0,322.0,587.040443,359.359283,323.691838,0.959557000000018,0.6407169999999951,0.3081619999999816,1.194249441524683,109.9136024339117
2237.0,562.0,356.0,325.0,590.0,453.0,325.0,562.704386,356.305782,326.461599,-0.7043859999999995,-0.305782000000022,-1.4615989999999783,1.6510402494551577,100.96038827183659
2238.0,453.0,285.0,326.0,491.0,328.0,322.0,453.2257609999999,284.87786900000003,326.079112,-0.2257609999999204,0.12213099999996757,-0.07911200000000917,0.26859396647348127,57.52390807307862
2239.0,583.0,353.0,326.0,615.0,457.0,324.0,583.163192,352.90482299999996,325.45075299999996,-0.1631919999999809,0.09517700000003515,0.5492470000000367,0.5808291979592974,108.83014288330233
2240.0,429.0,265.0,327.0,471.0,295.0,323.0,429.108046,264.443061,327.411387,-0.10804600000000164,0.5569389999999999,-0.4113869999999906,0.7007811724111832,51.76871642217914
2241.0,431.0,317.0,327.0,452.0,358.0,322.0,430.72362499999997,318.33022400000004,325.940296,0.27637500000003,-1.3302240000000438,1.0597040000000106,1.7230355766545147,46.33573135281238
2242.0,381.0,64.0,328.0,492.0,44.0,320.0,380.101675,63.90260000000001,327.86272599999995,0.8983249999999998,0.09739999999999327,0.13727400000004764,0.9139577215063132,113.07077429645558
2243.0,429.0,264.0,328.0,471.0,294.0,324.0,428.857043,263.675689,328.24287000000004,0.14295700000002398,0.3243110000000229,-0.242870000000039,0.4296512137420778,51.76871642217914
2244.0,541.0,387.0,328.0,553.0,480.0,327.0,540.994281,386.92632499999996,327.98636799999997,0.0057189999999991414,0.07367500000003702,0.01363200000002962,0.07514348947185147,93.77632963600144
2245.0,313.0,298.0,330.0,325.0,289.0,324.0,314.100564,297.748009,329.139221,-1.1005640000000199,0.25199099999997543,0.8607789999999795,1.4197468327198326,16.15549442140351
2246.0,587.0,358.0,330.0,617.0,465.0,330.0,586.853476,358.659993,330.25920499999995,0.14652399999999943,-0.6599929999999858,-0.2592049999999517,0.7240492211514049,111.12605455067681
2247.0,447.0,259.0,332.0,494.0,296.0,329.0,447.296247,259.29886,332.18408999999997,-0.29624699999999393,-0.2988599999999906,-0.18408999999996922,0.45931330560846967,59.89156868875618
2248.0,532.0,421.0,333.0,530.0,516.0,333.0,532.541443,420.93986399999994,332.59998199999995,-0.5414429999999584,0.06013600000005681,0.4000180000000455,0.6758633449662722,95.02105029939419
2249.0,399.0,160.0,335.0,477.0,162.0,328.0,399.21626699999996,159.577747,333.07953399999997,-0.21626699999995935,0.422253000000012,1.920466000000033,1.9781958114539926,78.33900688673555
2250.0,377.0,256.0,335.0,414.0,266.0,333.0,377.360789,256.823624,336.28194800000006,-0.36078900000001113,-0.8236239999999952,-1.2819480000000567,1.5658594670662962,38.379682124790975
2251.0,267.0,497.0,335.0,192.0,502.0,333.0,266.241557,497.935422,334.70436400000006,0.7584429999999998,-0.9354220000000169,0.29563599999994494,1.2400204622622155,75.19308478842984
2252.0,336.0,128.0,336.0,417.0,101.0,331.0,336.74886,127.803047,336.617661,-0.7488599999999792,0.1969529999999935,-0.6176609999999982,0.9904983062731426,85.5277732669336
2253.0,524.0,128.0,336.0,633.0,174.0,333.0,523.6104829999999,128.393893,336.13848600000006,0.38951700000006895,-0.3938929999999914,-0.13848600000005717,0.5710109989606704,118.34694757364889
2254.0,504.0,323.0,336.0,536.0,391.0,335.0,504.70342800000003,322.262156,335.71332500000005,-0.7034280000000308,0.7378439999999955,0.2866749999999456,1.058965190714504,75.15982969645421
2255.0,497.0,467.0,336.0,471.0,555.0,337.0,496.87537799999996,466.62470499999995,335.744695,0.12462200000004486,0.375295000000051,0.2553050000000212,0.4706990789602846,91.76600677810929
2256.0,547.0,379.0,339.0,562.0,472.0,340.0,546.025843,378.496114,338.683758,0.9741569999999911,0.5038860000000227,0.31624199999998837,1.141442930771836,94.20721840708386
2257.0,445.0,33.0,340.0,579.0,33.0,335.0,444.98441199999996,32.88171700000001,339.78852500000005,0.015588000000036573,0.11828299999999103,0.21147499999995034,0.24280759761172632,134.09325113517085
2258.0,396.0,53.0,340.0,513.0,37.0,334.0,394.72766399999995,53.139393,339.29874500000005,1.2723360000000525,-0.13939299999999832,0.7012549999999464,1.459461503558781,118.24127874815969
2259.0,379.0,258.0,340.0,415.0,268.0,337.0,378.694777,258.156739,339.529728,0.30522300000001223,-0.15673900000001595,0.47027200000002267,0.5821373960106272,37.48332962798263
2260.0,546.0,377.0,341.0,562.0,470.0,342.0,545.523837,376.96137,340.346724,0.4761630000000423,0.03863000000001193,0.6532760000000053,0.8093163853803086,94.37160589923221
2261.0,446.0,33.0,343.0,579.0,34.0,337.0,445.26285899999993,33.678267000000005,341.41527800000006,0.7371410000000651,-0.6782670000000053,1.5847219999999425,1.8747711312194673,133.13902508280583
2262.0,485.0,85.0,345.0,605.0,108.0,344.0,484.782513,84.49199099999998,346.10903199999996,0.21748700000000554,0.5080090000000155,-1.1090319999999565,1.2390826107543926,122.18837915284743
2263.0,571.0,304.0,346.0,620.0,395.0,348.0,571.1388519999999,303.65824599999996,345.836413,-0.13885199999992892,0.3417540000000372,0.1635870000000068,0.40352990098505453,103.37311062360463
2264.0,563.0,331.0,346.0,600.0,424.0,348.0,563.141351,331.393788,345.600874,-0.14135099999998602,-0.39378799999997227,0.39912600000002385,0.5782306270174499,100.10993956645864
2265.0,488.0,143.0,348.0,587.0,177.0,347.0,488.7726839999999,142.820661,347.837437,-0.7726839999999129,0.1793389999999988,0.16256299999997736,0.8097096823836663,104.68046618161385
2266.0,473.0,50.0,349.0,605.0,65.0,348.0,473.632612,51.115680999999995,349.90573300000005,-0.6326119999999946,-1.115680999999995,-0.9057330000000547,1.5701255693714695,132.85330255586422
2267.0,481.0,326.0,350.0,508.0,386.0,352.0,481.799557,325.821588,349.864012,-0.799556999999993,0.17841199999998025,0.13598799999999756,0.8304305956171059,65.82552696332935
2268.0,430.0,342.0,350.0,442.0,384.0,351.0,429.981903,341.416676,349.44665799999996,0.018097000000011576,0.5833240000000046,0.5533420000000433,0.8042274301147989,43.69210454990696
2269.0,600.0,387.0,351.0,621.0,502.0,356.0,599.825287,386.62555499999996,351.094386,0.174712999999997,0.374445000000037,-0.09438599999998587,0.4238424322670207,117.00854669638453
2270.0,340.0,57.0,352.0,448.0,20.0,350.0,339.94035499999995,56.983368,352.98673399999996,0.05964500000004591,0.016632000000001312,-0.9867339999999558,0.9886749396059952,114.17968295629481
2271.0,451.0,282.0,352.0,490.0,324.0,353.0,451.691651,282.330968,351.534894,-0.6916509999999789,-0.3309679999999844,0.4651059999999916,0.8967968075662137,57.323642591866054
2272.0,280.0,251.0,353.0,304.0,221.0,352.0,280.347466,250.637358,353.023831,-0.34746599999999717,0.3626419999999939,-0.023830999999972846,0.5028019071970514,38.43175770115127
2273.0,355.0,467.0,353.0,306.0,500.0,356.0,354.520375,466.966634,352.92221800000004,0.47962499999999864,0.033366000000000895,0.0777819999999565,0.48703538896572185,59.15234568468101
2274.0,449.0,281.0,354.0,488.0,322.0,356.0,449.64460499999996,281.32592,354.028724,-0.6446049999999559,-0.32591999999999643,-0.028724000000011074,0.7228862431952495,56.621550667568265
2275.0,473.0,373.0,357.0,479.0,437.0,361.0,472.61386400000004,373.080685,356.78915300000006,0.38613599999996495,-0.08068500000001677,0.21084699999994427,0.447289097933263,64.40496875241847
2276.0,404.0,496.0,358.0,353.0,551.0,365.0,404.393826,494.46687099999997,359.412183,-0.39382599999999,1.5331290000000308,-1.4121830000000273,2.1212836383676192,75.33259586659682
2277.0,512.0,353.0,360.0,531.0,431.0,366.0,511.50758599999995,354.947507,360.660887,0.4924140000000534,-1.9475069999999732,-0.6608870000000024,2.1147166924233494,80.50465825031493
2278.0,425.0,518.0,360.0,368.0,586.0,366.0,425.164669,517.7752519999999,359.72321999999997,-0.1646690000000035,0.22474800000009054,0.27678000000003067,0.39272727364554,88.9325587172662
2279.0,403.0,203.0,361.0,465.0,213.0,363.0,403.47902,202.669975,361.212045,-0.47901999999999134,0.33002500000000623,-0.21204499999998916,0.6191443636584211,62.83311228962003
2280.0,514.0,292.0,362.0,558.0,359.0,366.0,513.758252,291.976856,361.375397,0.2417480000000296,0.023144000000002052,0.6246029999999791,0.670154197068845,80.25584090893322
2281.0,491.0,461.0,362.0,466.0,546.0,369.0,490.94128499999994,461.24198,362.10314800000003,0.058715000000063355,-0.2419800000000123,-0.10314800000003288,0.269520465881573,88.87631855561975
2282.0,422.0,508.0,363.0,368.0,574.0,370.0,422.079449,508.48897999999997,363.14572,-0.07944900000001098,-0.48897999999996955,-0.14571999999998297,0.5163796107525616,85.56284240252891
2283.0,430.0,337.0,365.0,444.0,378.0,370.0,430.14899699999995,336.418912,365.07646,-0.14899699999995164,0.5810880000000225,-0.07645999999999731,0.6047392011049154,43.61192497471305
2284.0,473.0,84.0,366.0,592.0,102.0,368.0,473.33893699999993,83.44263199999999,365.921784,-0.3389369999999303,0.557368000000011,0.07821599999999762,0.6570046575550014,120.37026210821342
2285.0,381.0,74.0,368.0,489.0,56.0,369.0,381.340457,74.48430499999999,367.88624000000004,-0.3404570000000149,-0.484304999999992,0.11375999999995656,0.6028296935901487,109.49429208867465
2286.0,142.0,275.0,368.0,134.0,196.0,370.0,141.902375,275.582426,369.048442,0.09762499999999363,-0.5824259999999981,-1.0484420000000227,1.2033209519762567,79.42921376924235
2287.0,403.0,491.0,368.0,353.0,547.0,375.0,403.44470199999995,491.455739,367.654587,-0.44470199999994975,-0.4557389999999941,0.34541300000000774,0.7244087558098364,75.39893898457723
2288.0,539.0,349.0,369.0,565.0,434.0,377.0,538.8098630000001,348.546297,369.44352200000003,0.19013699999993605,0.4537030000000186,-0.44352200000002995,0.6623520630767441,89.2468486838611
2289.0,538.0,348.0,371.0,565.0,433.0,379.0,538.568008,347.78865099999996,371.094417,-0.5680079999999634,0.2113490000000411,-0.09441700000002129,0.6133645390418163,89.54328562209453
2290.0,327.0,95.0,377.0,416.0,59.0,379.0,325.48452799999995,95.89176400000001,376.46214499999996,1.5154720000000452,-0.8917640000000091,0.5378550000000359,1.8388002652559066,96.0260381354974
2291.0,348.0,287.0,377.0,368.0,289.0,383.0,348.05533800000006,287.14248799999996,377.23831099999995,-0.05533800000006295,-0.14248799999995754,-0.2383109999999533,0.28312056991496154,20.97617696340303
2292.0,543.0,347.0,377.0,570.0,434.0,386.0,542.777665,347.33390599999996,376.78960000000006,0.2223350000000437,-0.3339059999999563,0.21039999999993597,0.4529836962418883,91.53687781435414
2293.0,472.0,346.0,379.0,489.0,405.0,388.0,472.306968,345.876301,379.242289,-0.3069679999999835,0.12369899999998779,-0.24228900000002795,0.4101643026227421,62.056425936400814
2294.0,570.0,389.0,380.0,584.0,493.0,391.0,569.0516299999999,389.591528,380.09430699999996,0.9483700000000681,-0.5915279999999825,-0.09430699999995795,1.1216973040589429,105.51303237041384
2295.0,348.0,223.0,384.0,393.0,215.0,391.0,348.304698,223.215419,384.54371100000003,-0.3046979999999735,-0.21541899999999714,-0.5437110000000303,0.6594451215120296,46.238512086787566
2296.0,563.0,388.0,384.0,577.0,489.0,396.0,562.617108,388.351661,384.27973299999996,0.3828919999999698,-0.3516609999999787,-0.2797329999999647,0.5903577676917127,102.66937225872184
2297.0,107.0,155.0,387.0,140.0,43.0,390.0,106.944796,155.321042,387.249189,0.05520400000000336,-0.3210420000000056,-0.24918900000000122,0.4101348620892944,116.79897259822108
2298.0,562.0,386.0,387.0,578.0,485.0,400.0,562.3901900000001,385.02218799999997,387.59993900000006,-0.3901900000000751,0.9778120000000285,-0.5999390000000631,1.2117307238678032,101.1236866416568
2299.0,476.0,165.0,390.0,563.0,197.0,399.0,475.801144,165.108013,390.34286499999996,0.19885599999997794,-0.10801299999999969,-0.3428649999999607,0.41081251822451104,93.13431161500041
2300.0,497.0,481.0,390.0,465.0,571.0,405.0,496.997294,481.27955099999997,391.305931,0.002705999999989217,-0.27955099999996946,-1.3059309999999869,1.335519322510142,96.6902270139025
2301.0,564.0,383.0,393.0,582.0,483.0,409.0,565.0605959999999,382.515586,394.97588500000006,-1.0605959999999186,0.4844140000000152,-1.975885000000062,2.2942629168944624,102.85912696499032
2302.0,380.0,95.0,394.0,479.0,79.0,401.0,379.845726,95.268641,393.88705100000004,0.1542739999999867,-0.26864100000000235,0.11294899999995778,0.3297361529435127,100.52860289489753
2303.0,622.0,453.0,394.0,621.0,586.0,409.0,622.162815,452.41726499999993,393.50925800000005,-0.16281500000002325,0.5827350000000706,0.4907419999999547,0.7790484676925085,133.84692749555367
2304.0,436.0,212.0,395.0,499.0,236.0,405.0,436.26790500000004,212.112231,395.155032,-0.2679050000000416,-0.11223100000000841,-0.1550320000000056,0.32924733470451345,68.15423684555495
2305.0,438.0,206.0,396.0,503.0,230.0,407.0,437.8336709999999,206.429155,396.84337800000003,0.16632900000007567,-0.4291550000000086,-0.8433780000000297,0.960794359449556,70.15696686716153
2306.0,508.0,314.0,396.0,543.0,382.0,408.0,508.4695310000001,314.158377,395.59895800000004,-0.4695310000000745,-0.15837699999997312,0.40104199999996126,0.6374773092856172,77.41446893184762
2307.0,621.0,453.0,396.0,620.0,585.0,412.0,621.153014,451.92932999999994,395.98529099999996,-0.15301399999998466,1.0706700000000637,0.014709000000038941,1.0816486896294624,132.9699214108213
2308.0,61.0,186.0,398.0,75.0,60.0,403.0,60.975177,185.557171,398.068528,0.02482299999999782,0.44282899999998904,-0.0685280000000148,0.4487870222655644,126.87395319765204
2309.0,504.0,309.0,400.0,540.0,374.0,413.0,504.10278100000005,308.770178,399.809764,-0.10278100000004997,0.22982200000001285,0.19023600000002716,0.3155500298542634,75.43208866258443
2310.0,408.0,426.0,400.0,384.0,472.0,413.0,408.37091499999997,425.48344199999997,399.52006200000005,-0.37091499999996813,0.5165580000000318,0.47993799999994735,0.7967123624200636,53.48831648126533
2311.0,434.0,212.0,401.0,496.0,235.0,411.0,433.73136000000005,212.173444,400.10075300000005,0.26863999999994803,-0.17344399999998927,0.8992469999999457,0.9544084229222156,66.88049042882386
2312.0,625.0,439.0,401.0,629.0,572.0,418.0,624.819785,439.54554699999994,401.007152,0.1802149999999756,-0.5455469999999423,-0.007152000000019143,0.5745869181750735,134.14171610651178
2313.0,516.0,408.0,402.0,516.0,493.0,417.0,516.447086,407.52338399999996,401.78838700000006,-0.447086000000013,0.47661600000003546,0.21161299999994299,0.6868979288227773,86.31338250816034
2314.0,68.0,182.0,404.0,84.0,58.0,409.0,67.503609,181.72146600000002,402.95760800000005,0.4963910000000027,0.2785339999999792,1.0423919999999498,1.1876726382723846,125.12793453102309
2315.0,411.0,472.0,404.0,369.0,527.0,419.0,411.077698,472.181963,403.858519,-0.07769799999999805,-0.1819629999999961,0.14148099999999886,0.24323730374676897,70.80960386840192
2316.0,556.0,385.0,405.0,571.0,482.0,422.0,556.3713349999999,384.724761,405.703298,-0.3713349999999309,0.2752389999999991,-0.703298000000018,0.8415903196627047,99.61425600786265
2317.0,434.0,205.0,406.0,498.0,226.0,421.0,433.035669,204.75685199999998,408.39206,0.9643310000000156,0.24314800000001924,-2.392060000000015,2.590560995434215,69.00724599634447
2318.0,589.0,385.0,406.0,609.0,495.0,423.0,589.292018,384.95733099999995,406.148199,-0.29201799999998457,0.04266900000004625,-0.14819899999997688,0.33023945779689634,113.08846094982458
2319.0,495.0,293.0,407.0,535.0,352.0,422.0,494.57632099999995,293.06148099999996,407.478664,0.42367900000004965,-0.06148099999995793,-0.47866399999998066,0.6421861360213396,72.84229540589725
2320.0,557.0,385.0,407.0,572.0,482.0,424.0,557.1667249999999,384.48422800000003,407.33639600000004,-0.1667249999999285,0.5157719999999699,-0.3363960000000361,0.6379500375616961,99.61425600786265
2321.0,549.0,387.0,407.0,560.0,482.0,421.0,547.814153,387.57487000000003,404.946872,1.185846999999967,-0.5748700000000326,2.053128000000015,2.439680964530613,96.65402216152208
2322.0,433.0,530.0,413.0,372.0,602.0,431.0,433.030081,529.80107,412.76896,-0.030080999999995583,0.19893000000001848,0.23104000000000724,0.30636170299339055,96.06768447297978
2323.0,398.0,272.0,414.0,432.0,290.0,428.0,398.461165,271.718216,413.73331600000006,-0.46116499999999405,0.281784000000016,0.2666839999999411,0.6026572290589172,40.93897898091744
2324.0,365.0,200.0,418.0,421.0,194.0,431.0,364.966079,200.005821,417.413354,0.03392100000002074,-0.005820999999997412,0.5866459999999734,0.5876547009919773,57.8013840664737
2325.0,522.0,404.0,418.0,524.0,491.0,437.0,522.3264959999999,404.0838279999999,418.15496099999996,-0.3264959999999064,-0.08382799999992585,-0.1549609999999575,0.3709982252260963,89.07300376657341
2326.0,572.0,384.0,419.0,591.0,486.0,440.0,573.118483,382.808521,420.28990999999996,-1.1184829999999693,1.1914790000000153,-1.2899099999999635,2.0819448207937388,105.85839598255775
2327.0,398.0,263.0,422.0,436.0,279.0,437.0,398.790212,262.217732,421.217901,-0.7902119999999968,0.7822679999999878,0.7820990000000165,1.3594326296543722,43.87482193696061
2328.0,346.0,165.0,423.0,413.0,146.0,438.0,346.326115,164.853079,423.774454,-0.3261150000000157,0.14692099999999186,-0.7744539999999915,0.8530625836256064,71.23903424387504
2329.0,469.0,216.0,424.0,535.0,252.0,441.0,468.735033,215.536475,424.254592,0.26496700000001283,0.4635250000000042,-0.25459200000000237,0.5915065706972424,77.07788269017254
2330.0,281.0,304.0,424.0,283.0,282.0,439.0,280.693579,304.346183,423.69659,0.3064210000000003,-0.34618299999999635,0.3034099999999853,0.5529865521239994,26.70205984563738
2331.0,323.0,329.0,426.0,323.0,327.0,443.0,323.520726,328.955097,426.202003,-0.5207260000000247,0.0449029999999766,-0.2020029999999906,0.5603365582344416,17.11724276862369
2332.0,465.0,208.0,427.0,534.0,242.0,444.0,465.383873,208.054658,426.83926399999996,-0.38387299999999414,-0.054657999999989215,0.16073600000004262,0.41974044216516476,78.77816956492453
2333.0,499.0,87.0,429.0,619.0,115.0,445.0,498.406834,87.27421299999999,428.70498299999997,0.5931659999999965,-0.27421299999998894,0.29501700000002984,0.7169893327058691,124.25779653607253
2334.0,525.0,374.0,429.0,539.0,457.0,450.0,525.2566959999999,373.88915899999995,429.131841,-0.2566959999999199,0.11084100000005037,-0.13184100000000853,0.30912879674655397,86.75252157718529
2335.0,427.0,87.0,430.0,537.0,86.0,445.0,427.140747,86.05714099999999,429.52457400000003,-0.1407469999999762,0.9428590000000128,0.4754259999999704,1.0652805702564885,111.02252023801297
2336.0,499.0,88.0,431.0,619.0,116.0,448.0,498.694429,88.08048899999999,431.15114800000003,0.30557099999998627,-0.08048899999998582,-0.1511480000000347,0.3502825046530298,124.39051410778879
2337.0,80.0,192.0,432.0,92.0,72.0,446.0,77.70095100000002,190.88082,433.06105,2.2990489999999824,1.11918,-1.061050000000023,2.7683961564958453,121.40840168620952
2338.0,418.0,561.0,436.0,341.0,631.0,460.0,416.749838,560.678501,436.35935500000005,1.250161999999989,0.3214990000000171,-0.3593550000000505,1.3399263596444468,106.7941945987702
2339.0,534.0,473.0,437.0,510.0,573.0,462.0,533.008262,471.688804,437.730603,0.9917380000000549,1.3111959999999954,-0.7306029999999737,1.7990441780759743,105.8347768930421
2340.0,383.0,138.0,438.0,465.0,129.0,455.0,382.46795199999997,138.288535,437.61191299999996,0.5320480000000316,-0.288534999999996,0.38808700000004137,0.7189847286960018,84.22588675698226
2341.0,436.0,206.0,438.0,500.0,228.0,457.0,435.439487,206.141214,437.85529800000006,0.5605130000000145,-0.14121399999999085,0.14470199999993838,0.5958648217246894,70.2922470831599
2342.0,547.0,355.0,438.0,572.0,443.0,461.0,547.3593119999999,354.537268,438.125409,-0.3593119999999317,0.4627320000000168,-0.12540899999999056,0.5991272272639294,94.32921074619463
2343.0,490.0,463.0,438.0,464.0,546.0,462.0,490.23786099999995,462.666468,438.31991600000003,-0.23786099999995258,0.33353199999999106,-0.31991600000003473,0.5197765841214798,90.22749026765624
2344.0,339.0,467.0,438.0,287.0,492.0,460.0,338.625773,466.70106899999996,438.34642800000006,0.37422700000001896,0.2989310000000387,-0.3464280000000599,0.5911158511443242,61.74949392505172
2345.0,588.0,415.0,439.0,595.0,528.0,464.0,587.372753,414.640121,439.42591200000004,0.6272470000000112,0.3598789999999781,-0.42591200000003937,0.839257246256493,115.94395197680645
2346.0,586.0,414.0,440.0,595.0,527.0,465.0,587.12175,413.872749,440.257395,-1.12175000000002,0.1272510000000011,-0.25739499999997406,1.1579153965320748,116.081867662439
2347.0,529.0,449.0,440.0,514.0,545.0,465.0,528.859854,448.9192979999999,440.503923,0.1401459999999588,0.08070200000008754,-0.5039229999999861,0.52923728520295,100.32945728947207
2348.0,350.0,454.0,440.0,305.0,482.0,462.0,350.030251,454.269811,440.00289399999997,-0.030251000000021122,-0.26981100000000424,-0.00289399999996931,0.2715169864999304,57.38466694161429
2349.0,421.0,99.0,441.0,525.0,98.0,459.0,421.065503,98.63830099999998,440.920202,-0.06550299999997833,0.36169900000001576,0.0797979999999825,0.3761442946716137,105.55093557141026
2350.0,459.0,174.0,442.0,540.0,200.0,461.0,459.2756109999999,174.02197399999997,441.241894,-0.27561099999991256,-0.02197399999997174,0.758105999999998,0.8069504242721156,87.16650732936361
2351.0,316.0,328.0,442.0,315.0,323.0,461.0,316.42803399999997,328.101653,441.04551100000003,-0.4280339999999683,-0.10165299999999888,0.9544889999999668,1.050997473206244,19.672315572906
2352.0,480.0,483.0,442.0,444.0,565.0,467.0,479.68458999999996,482.6796599999999,442.302147,0.3154100000000426,0.3203400000001011,-0.30214699999999084,0.5416585578656411,92.97849213662265
2353.0,309.0,388.0,443.0,283.0,389.0,465.0,308.767584,387.74854500000004,443.709705,0.23241600000000062,0.25145499999996446,-0.7097049999999854,0.7879898483520975,34.07345007480164
2354.0,581.0,414.0,443.0,588.0,525.0,468.0,581.1892339999999,414.1676259999999,442.779855,-0.18923399999994217,-0.16762599999992744,0.22014500000000226,0.33521903832711347,113.99561395071304
2355.0,359.0,435.0,443.0,323.0,464.0,466.0,359.37181699999996,435.641221,443.39475200000004,-0.37181699999996454,-0.6412209999999732,-0.3947520000000395,0.8397865168207753,51.633322573702344
2356.0,585.0,490.0,443.0,560.0,616.0,471.0,583.131787,492.1923019999999,444.29995800000006,1.8682129999999688,-2.192301999999927,-1.2999580000000606,3.1601105478031495,131.47243057006287
2357.0,386.0,135.0,444.0,470.0,126.0,462.0,385.637005,134.72539799999998,443.35537999999997,0.36299500000001217,0.2746020000000158,0.6446200000000317,0.7891175912556115,86.37708029332781
2358.0,579.0,414.0,444.0,584.0,525.0,469.0,578.0900059999999,415.21729199999993,443.622171,0.909994000000097,-1.2172919999999294,0.37782900000001973,1.5660918384759623,113.89029809426262
2359.0,410.0,100.0,446.0,510.0,95.0,466.0,408.69267599999995,100.27486400000001,446.778189,1.307324000000051,-0.274864000000008,-0.7781889999999976,1.5460350510881484,102.10288928331069
2360.0,330.0,318.0,447.0,335.0,316.0,468.0,330.212893,317.530349,446.75137200000006,-0.21289300000000821,0.46965099999999893,0.24862799999993968,0.5724608053255459,21.6794833886788
2361.0,441.0,409.0,447.0,428.0,464.0,471.0,441.012427,408.391426,446.890582,-0.012427000000002408,0.608573999999976,0.10941800000000512,0.6184569851889231,61.40032573203501
2362.0,393.0,474.0,449.0,347.0,521.0,474.0,392.92386400000004,473.77397499999995,449.12457700000004,0.07613599999996268,0.22602500000004966,-0.12457700000004479,0.2690788361243372,70.35623639735144
2363.0,532.0,289.0,450.0,579.0,362.0,474.0,531.845663,289.898873,449.71543399999996,0.154337000000055,-0.8988729999999805,0.28456600000004073,0.9553901758203321,90.07774419910837
2364.0,548.0,309.0,450.0,590.0,390.0,475.0,547.6870729999999,308.807508,450.133872,0.3129270000000588,0.19249200000001565,-0.13387199999999666,0.39102198119420595,94.6044396421225
2365.0,343.0,311.0,451.0,352.0,313.0,474.0,342.697926,310.837666,451.606715,0.3020740000000046,0.1623339999999871,-0.6067150000000083,0.6969247593944476,24.779023386727733
2366.0,583.0,478.0,451.0,566.0,600.0,479.0,583.705119,478.27663199999995,451.01403400000004,-0.7051189999999679,-0.2766319999999496,-0.01403400000003785,0.7575717924665146,126.3210196285638
2367.0,565.0,455.0,452.0,555.0,567.0,483.0,566.608694,455.53113699999994,454.753011,-1.608694000000014,-0.5311369999999442,-2.753011000000015,3.232502508046369,116.64047325006874
2368.0,577.0,490.0,452.0,554.0,612.0,479.0,577.501803,490.7216279999999,450.93789400000003,-0.5018029999999953,-0.721627999999896,1.0621059999999716,1.3786306163830777,127.05117079350352
2369.0,406.0,500.0,452.0,352.0,556.0,478.0,405.951211,499.71138399999995,451.95110999999997,0.048788999999999305,0.2886160000000473,0.04889000000002852,0.29676555406082766,82.02438661763951
2370.0,357.0,459.0,453.0,312.0,492.0,480.0,358.236083,460.39596399999994,454.59151800000006,-1.2360830000000078,-1.3959639999999354,-1.5915180000000646,2.451437581605749,61.99193495931547
2371.0,505.0,478.0,457.0,476.0,569.0,486.0,505.7660139999999,477.653326,457.639459,-0.7660139999999274,0.34667400000000725,-0.639458999999988,1.056346592342153,99.81482855768475
2372.0,30.0,208.0,459.0,30.0,72.0,479.0,29.823007,207.320848,460.45665800000006,0.1769929999999995,0.6791519999999878,-1.4566580000000613,1.6169188260754348,137.46272221951665
2373.0,403.0,410.0,461.0,384.0,451.0,488.0,403.593844,409.89383399999997,461.22945300000003,-0.59384399999999,0.10616600000003018,-0.229453000000035,0.645422803363044,52.640288753007425
2374.0,367.0,336.0,462.0,368.0,353.0,490.0,365.68383800000004,337.917442,464.14285100000006,1.316161999999963,-1.917441999999994,-2.1428510000000642,3.1623846448225037,32.77193921634788
2375.0,500.0,283.0,463.0,545.0,342.0,490.0,500.36781499999995,283.352019,463.26212999999996,-0.3678149999999505,-0.3520189999999843,-0.26212999999995645,0.5726407141357744,78.96201618499872
2376.0,376.0,476.0,464.0,326.0,517.0,492.0,375.72895,476.300336,464.04252299999996,0.27105000000000246,-0.3003360000000157,-0.04252299999996012,0.40678989776665714,70.46275611981126
2377.0,388.0,510.0,464.0,329.0,562.0,496.0,389.803619,510.52869499999997,466.75979800000005,-1.803619000000026,-0.5286949999999706,-2.759798000000046,3.339018553555867,84.90583018850944
2378.0,586.0,357.0,465.0,616.0,461.0,495.0,586.545198,357.41637599999996,465.51619500000004,-0.5451980000000276,-0.416375999999957,-0.5161950000000388,0.8585261269204534,112.32096865679178
2379.0,396.0,458.0,465.0,357.0,503.0,493.0,396.185898,457.37115499999993,464.853423,-0.18589800000000878,0.6288450000000694,0.1465769999999793,0.6719292502623208,65.80273550544841
2380.0,547.0,357.0,467.0,571.0,445.0,497.0,547.431848,356.701585,467.605825,-0.4318479999999454,0.2984149999999772,-0.6058249999999816,0.8016034792551221,96.02083107326243
2381.0,329.0,405.0,469.0,301.0,416.0,495.0,330.053793,404.34224099999994,467.86307999999997,-1.0537929999999847,0.6577590000000555,1.136920000000032,1.6839577415511688,39.761790704142086
2382.0,366.0,500.0,470.0,306.0,540.0,499.0,366.234579,499.441372,469.61529400000006,-0.23457899999999654,0.5586279999999988,0.3847059999999374,0.7176985830144497,77.72387020729218
2383.0,483.0,532.0,470.0,428.0,623.0,501.0,482.650876,532.2417879999999,469.55365300000005,0.34912400000001753,-0.24178799999992862,0.4463469999999461,0.6160962982593952,110.7564896518484
2384.0,472.0,514.0,471.0,423.0,598.0,502.0,472.270779,514.1239889999999,470.70347000000004,-0.27077900000000454,-0.12398899999993773,0.29652999999996155,0.42026727193770896,102.06860437960343
2385.0,52.0,190.0,472.0,63.0,61.0,493.0,52.73352,190.329429,471.872249,-0.7335199999999986,-0.32942900000000463,0.1277509999999893,0.814183870168157,131.16020738013492
2386.0,60.0,194.0,472.0,70.0,68.0,493.0,59.994235,193.94922000000003,471.74766999999997,0.0057649999999966894,0.050779999999974734,0.25233000000002903,0.2574534375863178,128.1288414058287
2387.0,46.0,196.0,472.0,53.0,65.0,493.0,46.00318399999999,196.03767100000002,471.881225,-0.0031839999999903057,-0.03767100000001733,0.11877500000002783,0.12464647095689414,132.85706605220514
2388.0,393.0,500.0,472.0,337.0,550.0,502.0,392.953447,499.18199500000003,471.775314,0.046553000000017164,0.818004999999971,0.2246860000000197,0.8495782250210765,80.84553172563095
2389.0,368.0,503.0,472.0,307.0,545.0,502.0,368.33987199999996,503.096055,472.00744900000007,-0.3398719999999571,-0.09605499999997846,-0.007449000000065098,0.35326339607998963,79.90619500389191
2390.0,324.0,408.0,473.0,292.0,417.0,505.0,323.41157799999996,407.556464,476.09666300000004,0.5884220000000369,0.4435359999999946,-3.096663000000035,3.183125251847507,46.14108798023731
2391.0,465.0,468.0,473.0,433.0,542.0,504.0,465.491559,468.02610300000003,472.96101,-0.4915589999999952,-0.026103000000034626,0.038990000000012515,0.4937933142418982,86.37708029332781
2392.0,555.0,289.0,474.0,606.0,370.0,503.0,555.1737009999999,289.378116,473.227212,-0.17370099999993727,-0.37811599999997725,0.7727879999999914,0.8776930213924158,100.01499887516871
2393.0,507.0,275.0,476.0,555.0,334.0,506.0,506.20391499999994,274.691001,476.41202999999996,0.7960850000000619,0.3089989999999716,-0.4120299999999588,0.9481563321130366,81.7618492941543
2394.0,562.0,280.0,476.0,618.0,362.0,506.0,562.4450649999999,280.07069,475.713304,-0.4450649999998859,-0.07069000000001324,0.2866960000000063,0.5341109685644959,103.73041983911952
2395.0,54.0,171.0,477.0,72.0,39.0,499.0,54.058932,170.95176400000003,477.002749,-0.05893199999999865,0.04823599999997441,-0.0027489999999943393,0.07620531032019581,135.025923436946
2396.0,555.0,276.0,478.0,611.0,354.0,509.0,554.951643,275.70297899999997,478.30818999999997,0.048357000000009975,0.2970210000000293,-0.30818999999996777,0.4307446459214537,100.90094152187085
2397.0,525.0,227.0,480.0,596.0,285.0,511.0,525.36311,226.002444,480.865803,-0.36311000000000604,0.997556000000003,-0.8658030000000281,1.3698838199077539,96.77809669548166
2398.0,384.0,506.0,480.0,324.0,554.0,512.0,383.983309,505.76745200000005,479.995588,0.01669099999998025,0.23254799999995157,0.004412000000002081,0.23318796608954082,83.23460818673925
2399.0,560.0,285.0,481.0,613.0,366.0,512.0,559.655087,284.53736299999997,480.61012200000005,0.34491300000001957,0.4626370000000293,0.3898779999999533,0.6964214429653959,101.64152694642087
2400.0,519.0,460.0,481.0,499.0,555.0,516.0,520.271502,461.08607900000004,482.25911500000007,-1.271502000000055,-1.0860790000000407,-1.2591150000000653,2.0932404337462986,103.19883720275146
2401.0,525.0,461.0,481.0,505.0,556.0,514.0,525.175921,460.283815,480.57386399999996,-0.17592100000001665,0.7161849999999959,0.42613600000004226,0.8517400090180312,102.53779790886871
2402.0,536.0,172.0,482.0,629.0,227.0,511.0,535.918454,172.35125499999998,481.37696300000005,0.081546000000003,-0.35125499999998056,0.6230369999999539,0.719864520941218,111.8704608017684
2403.0,467.0,528.0,482.0,410.0,610.0,516.0,465.41844100000003,526.965134,482.104824,1.5815589999999702,1.0348659999999654,-0.1048240000000078,1.8929512881774944,105.49407566304374
2404.0,539.0,433.0,484.0,532.0,528.0,517.0,538.900675,431.53465399999993,483.21548600000006,0.09932500000002165,1.4653460000000678,0.7845139999999446,1.6651025708757752,100.81170566953026
2405.0,392.0,497.0,484.0,337.0,547.0,517.0,392.310214,496.99659099999997,484.102707,-0.31021399999997357,0.003409000000033302,-0.10270700000000943,0.32679209740442894,81.32650244538985
2406.0,440.0,526.0,484.0,381.0,599.0,518.0,440.03934999999996,525.976073,484.04248300000006,-0.03934999999995625,0.023926999999957843,-0.04248300000006111,0.06265563915562375,99.82985525382675
2407.0,534.0,171.0,485.0,628.0,225.0,514.0,534.648502,171.08622199999996,483.86506700000007,-0.6485020000000077,-0.08622199999996383,1.1349329999999327,1.3099854929642736,112.21853679316978
2408.0,483.0,461.0,485.0,455.0,541.0,518.0,482.45554799999996,461.66549899999995,484.31887700000004,0.5444520000000352,-0.6654989999999543,0.6811229999999568,1.096925448895192,90.95603333479313
2409.0,523.0,521.0,485.0,479.0,624.0,521.0,522.7257810000001,519.954171,485.637796,0.27421899999990273,1.045829000000026,-0.6377959999999803,1.2552840693715412,117.64777940955791
2410.0,538.0,176.0,486.0,629.0,232.0,517.0,537.274097,176.295101,486.23308,0.7259030000000166,-0.2951009999999883,-0.23307999999997264,0.8175243433745594,111.2564604865713
2411.0,504.0,510.0,486.0,462.0,605.0,521.0,504.572314,509.609054,485.96448699999996,-0.5723140000000058,0.39094599999998536,0.03551300000003721,0.6940052324593798,109.60839383915814
2412.0,533.0,167.0,490.0,628.0,220.0,520.0,533.402635,167.259088,488.841894,-0.40263500000003205,-0.2590879999999913,1.1581059999999752,1.2531763811231698,112.84502647436439
2413.0,538.0,191.0,490.0,625.0,249.0,522.0,538.634028,190.594337,490.147837,-0.6340279999999439,0.4056630000000041,-0.14783699999998134,0.7670787136415185,109.34806811279292
2414.0,329.0,408.0,490.0,298.0,419.0,522.0,328.74996,407.716092,489.968169,0.2500400000000127,0.2839079999999967,0.031831000000011045,0.3796537457012708,45.89117562233506
2415.0,462.0,436.0,491.0,441.0,504.0,526.0,462.023829,436.63047099999994,491.40096400000004,-0.023828999999977896,-0.6304709999999432,-0.4009640000000445,0.7475517589959662,79.30952023559341
2416.0,379.0,513.0,491.0,315.0,560.0,525.0,378.66929300000004,512.896343,490.62705200000005,0.3307069999999612,0.10365699999999833,0.3729479999999512,0.5091189489715912,86.37708029332781
2417.0,474.0,457.0,493.0,447.0,532.0,528.0,473.988917,456.848757,492.66744400000005,0.011082999999985077,0.15124300000002222,0.3325559999999541,0.36550071282280133,87.05745229444749
2418.0,532.0,188.0,494.0,619.0,243.0,526.0,532.44715,187.53056299999997,493.53226700000005,-0.4471499999999651,0.46943700000002764,0.4677329999999529,0.7994300336852191,107.78682665335315
2419.0,502.0,512.0,495.0,458.0,606.0,532.0,501.82471699999996,511.53307800000005,494.98885200000007,0.17528300000003583,0.4669219999999541,0.011147999999934655,0.4988632699216973,110.18620603324175
2420.0,59.0,171.0,496.0,78.0,41.0,521.0,59.443054000000004,171.160022,494.971315,-0.4430540000000036,-0.1600219999999979,1.0286849999999959,1.1314135922044573,133.7385509118444
2421.0,532.0,184.0,497.0,620.0,239.0,531.0,532.22938,184.21081599999997,497.671885,-0.22937999999999192,-0.2108159999999657,-0.6718849999999748,0.7405997728064383,109.20164833920778
2422.0,396.0,489.0,497.0,344.0,539.0,533.0,395.815032,489.11552800000004,497.26978499999996,0.18496800000002622,-0.11552800000004027,-0.2697849999999562,0.34690607667349294,80.62257748298549
2423.0,559.0,263.0,498.0,621.0,341.0,533.0,559.560172,263.234279,498.07374100000004,-0.5601719999999659,-0.234279000000015,-0.07374100000004091,0.6116510888619221,105.60776486603625
2424.0,559.0,284.0,498.0,613.0,365.0,533.0,559.587044,283.964511,497.829845,-0.5870439999999917,0.03548899999998412,0.17015500000002248,0.6122359439644137,103.45047124107265
2425.0,468.0,489.0,498.0,428.0,565.0,534.0,467.864002,487.49106199999994,497.29436699999997,0.1359979999999723,1.5089380000000574,0.7056330000000344,1.6713190223704193,93.12357381458253
2426.0,502.0,510.0,498.0,459.0,605.0,536.0,502.378252,510.534899,498.27284499999996,-0.37825199999997494,-0.5348989999999958,-0.27284499999996115,0.7096731006103834,110.98648566379602
2427.0,64.0,172.0,499.0,84.0,44.0,525.0,64.922663,171.97031,498.178394,-0.922663,0.029689999999988004,0.8216059999999743,1.2358094217576419,132.13629327327143
2428.0,425.0,495.0,499.0,376.0,557.0,536.0,425.392202,494.81295,499.32751099999996,-0.3922019999999975,0.18704999999999927,-0.3275109999999586,0.5441264250383091,87.25823743349392
2429.0,532.0,182.0,500.0,620.0,237.0,533.0,531.727374,182.67607199999998,499.33485099999996,0.27262599999994563,-0.6760719999999765,0.6651490000000422,0.9868239342765227,108.89444430272832
2430.0,395.0,506.0,500.0,333.0,559.0,536.0,392.497462,507.54650100000003,499.549587,2.5025380000000155,-1.5465010000000348,0.45041300000002593,2.976110491062825,89.15716460273958
2431.0,383.0,507.0,500.0,323.0,554.0,537.0,383.434915,506.270587,500.48661400000003,-0.4349149999999895,0.7294130000000223,-0.4866140000000314,0.9787683928233757,84.72307831990054
2432.0,483.0,429.0,501.0,468.0,503.0,538.0,482.854992,428.95048999999995,501.09137699999997,0.14500800000001846,0.04951000000005479,-0.09137699999996585,0.17840492227795884,84.08329203831163
2433.0,397.0,505.0,501.0,340.0,558.0,538.0,397.695265,504.96896000000004,501.1604,-0.6952650000000062,0.031039999999961765,-0.16039999999998145,0.7142023955609504,86.18004409374598
2434.0,558.0,259.0,502.0,621.0,335.0,537.0,558.035858,258.610595,501.423815,-0.035857999999961976,0.38940500000001066,0.5761850000000095,0.6963556594255672,104.7377677822093
2435.0,447.0,527.0,502.0,388.0,602.0,540.0,446.460717,526.701444,501.993252,0.5392830000000117,0.2985559999999623,0.0067480000000159635,0.6164473819629623,102.71319292087068
2436.0,484.0,429.0,503.0,469.0,503.0,540.0,483.650382,428.70995700000003,502.724475,0.34961800000002086,0.29004299999996874,0.275525000000016,0.5312924932633674,84.08329203831163
2437.0,325.0,438.0,503.0,281.0,453.0,538.0,324.530864,438.71278500000005,502.76568900000007,0.4691359999999918,-0.7127850000000535,0.2343109999999342,0.8849026429173086,58.18934610390462
2438.0,446.0,526.0,503.0,388.0,601.0,541.0,446.209714,525.934072,502.82473500000003,-0.2097140000000195,0.06592799999998533,0.17526499999996759,0.2811481517011892,102.1420579389313
2439.0,424.0,396.0,504.0,413.0,442.0,540.0,424.26390699999996,395.866139,503.78146200000003,-0.2639069999999606,0.13386100000002443,0.21853799999996681,0.3678648249207462,59.43904440685432
2440.0,445.0,524.0,504.0,387.0,597.0,542.0,444.401164,523.095391,503.69815700000004,0.5988360000000057,0.9046090000000504,0.30184299999996256,1.1260689119348226,100.68266980965493
2441.0,403.0,157.0,505.0,481.0,158.0,537.0,403.195971,157.46214899999998,504.362022,-0.1959709999999859,-0.4621489999999824,0.6379779999999755,0.8117895413997072,84.31488599292535
2442.0,481.0,534.0,506.0,425.0,624.0,546.0,480.991405,534.236511,506.43230000000005,0.008595000000013897,-0.2365109999999504,-0.43230000000005475,0.4928434002256945,113.29607230614837
2443.0,424.0,386.0,507.0,416.0,430.0,544.0,423.509969,385.79991199999995,507.186784,0.49003099999998767,0.20008800000005067,-0.18678399999998874,0.5612965805712734,58.0430874437258
2444.0,481.0,432.0,507.0,464.0,506.0,545.0,480.59110499999997,432.389806,506.813952,0.40889500000002954,-0.3898060000000214,0.18604800000002797,0.5947753331847676,84.90583018850944
2445.0,406.0,518.0,507.0,346.0,575.0,545.0,406.84443200000004,516.687798,506.65672100000006,-0.8444320000000403,1.3122019999999566,0.3432789999999386,1.59774214542551,91.0659101969557
2446.0,479.0,428.0,508.0,464.0,500.0,547.0,479.048495,427.74667,508.52520200000004,-0.04849500000000262,0.2533300000000054,-0.5252020000000357,0.5851196413803252,83.24662155306964
2447.0,496.0,496.0,509.0,457.0,585.0,549.0,495.739968,495.63934700000004,509.17807300000004,0.2600320000000238,0.3606529999999566,-0.17807300000004034,0.47895429924158256,105.08092119885512
2448.0,494.0,495.0,511.0,455.0,584.0,551.0,493.943925,495.40167099999996,510.84042,0.05607500000002119,-0.4016709999999648,0.15958000000000538,0.43583227767797994,105.08092119885512
2449.0,561.0,255.0,512.0,626.0,331.0,549.0,560.9905,254.31898999999999,511.27641300000005,0.009500000000002728,0.6810100000000148,0.7235869999999522,0.9937016738785092,106.6302021005306
2450.0,421.0,441.0,512.0,391.0,493.0,550.0,420.52702000000005,441.315067,511.48593300000005,0.47297999999995,-0.3150669999999991,0.5140669999999545,0.7663172811426775,71.04927867332644
2451.0,473.0,420.0,513.0,460.0,490.0,552.0,473.384349,421.06426,512.765876,-0.38434899999998606,-1.0642599999999902,0.2341239999999516,1.155503158272164,81.17881497040962
2452.0,527.0,483.0,513.0,498.0,581.0,554.0,526.605958,481.9201999999999,513.088651,0.3940420000000131,1.0798000000000911,-0.08865100000002712,1.1528643188013115,110.11811840019789
2453.0,451.0,515.0,513.0,398.0,590.0,554.0,451.23791700000004,514.9125819999999,513.5526120000001,-0.23791700000003857,0.0874180000000706,-0.5526120000000674,0.607969101317744,100.57335631269348
2454.0,427.0,387.0,514.0,419.0,433.0,554.0,426.71318399999996,387.448511,515.3275130000001,0.28681600000004437,-0.44851099999999633,-1.3275130000000672,1.4302853911531783,61.48170459575759
2455.0,431.0,510.0,514.0,376.0,576.0,554.0,430.499735,509.75288,513.847578,0.5002650000000131,0.24711999999999534,0.1524220000000014,0.5784166583951496,94.76813810558906
2456.0,519.0,159.0,515.0,615.0,204.0,552.0,519.430733,158.51655699999998,515.330652,-0.430733000000032,0.4834430000000225,-0.3306519999999864,0.7270342472277632,112.29425630903836
2457.0,433.0,236.0,516.0,485.0,260.0,553.0,432.986117,235.84182099999998,516.218468,0.013883000000021184,0.15817900000001828,-0.21846800000002986,0.2700770274459111,68.18357573492314
2458.0,562.0,258.0,516.0,626.0,335.0,554.0,562.0768439999999,257.47601199999997,515.325189,-0.0768439999999373,0.5239880000000312,0.674810999999977,0.8578101830830595,107.09341716464182
2459.0,503.0,524.0,516.0,454.0,620.0,558.0,502.59630300000003,523.7052659999999,516.147474,0.40369699999996556,0.2947340000000622,-0.14747399999998834,0.52114103584443,115.67627241573788
2460.0,468.0,436.0,517.0,448.0,505.0,557.0,468.007226,435.8891799999999,516.750583,-0.007226000000002841,0.11082000000010339,0.249416999999994,0.27302404173445965,82.22530024268686
2461.0,112.0,174.0,519.0,136.0,67.0,549.0,111.53457599999999,176.557768,517.268897,0.46542400000001294,-2.55776800000001,1.7311029999999619,3.123381859172671,113.68817000902072
2462.0,373.0,363.0,519.0,366.0,384.0,558.0,372.816395,363.18881799999997,519.500118,0.18360500000000002,-0.1888179999999693,-0.5001180000000431,0.5652265449118888,44.844174649557324
2463.0,492.0,494.0,519.0,453.0,581.0,561.0,491.700764,493.68760699999996,519.082205,0.2992360000000076,0.3123930000000428,-0.08220500000004449,0.4403285502554185,104.18253212511203
2464.0,429.0,521.0,519.0,367.0,590.0,559.0,427.19374300000004,523.0207469999999,517.827178,1.8062569999999596,-2.020746999999915,1.1728219999999965,2.953217606567708,101.01980003939822
2465.0,507.0,519.0,520.0,461.0,616.0,563.0,507.0410969999999,518.825609,520.252736,-0.041096999999922446,0.17439100000001417,-0.25273600000002716,0.3098010167607787,115.6460116043783
2466.0,64.0,149.0,521.0,92.0,16.0,553.0,64.111331,148.40401400000002,521.41411,-0.11133100000000695,0.5959859999999821,-0.4141100000000506,0.7342213534466443,139.63165830140383
2467.0,530.0,169.0,521.0,623.0,220.0,559.0,529.873937,168.938327,520.827592,0.12606300000004467,0.06167300000001319,0.17240800000001855,0.2223059993837757,112.66765285564442
2468.0,573.0,488.0,521.0,550.0,605.0,565.0,573.359098,487.1583179999999,521.514727,-0.35909800000001724,0.8416820000001053,-0.5147269999999935,1.0499161143906608,127.09838708654017
2469.0,144.0,177.0,522.0,174.0,81.0,555.0,144.76114999999996,177.616066,521.7987870000001,-0.761149999999958,-0.6160659999999893,0.2012129999999388,0.999686606004551,105.8536725862641
2470.0,597.0,457.0,522.0,588.0,579.0,566.0,596.1338920000001,457.084066,522.430397,0.8661079999999401,-0.08406600000000708,-0.43039699999997083,0.9707995352434365,130.00384609695206
2471.0,420.0,515.0,522.0,361.0,579.0,565.0,419.724406,516.090935,522.910787,0.27559400000001233,-1.090934999999945,-0.9107870000000275,1.4476270881791127,97.08758932015976
2472.0,267.0,603.0,522.0,150.0,621.0,563.0,266.66561800000005,603.566434,521.973167,0.3343819999999482,-0.5664339999999584,0.026833000000010543,0.6583151283153978,125.27569596693526
2473.0,504.0,276.0,523.0,550.0,334.0,564.0,502.849029,276.555034,523.966556,1.1509710000000268,-0.5550339999999778,-0.9665559999999687,1.6021945840418312,84.62269199216011
2474.0,390.0,505.0,523.0,332.0,556.0,564.0,391.196059,505.74752,522.535062,-1.196058999999991,-0.7475200000000086,0.464937999999961,1.4850961671639165,87.4414089547967
2475.0,482.0,439.0,525.0,464.0,514.0,567.0,482.873569,438.820562,524.744448,-0.873568999999975,0.17943800000000465,0.25555199999996603,0.9277001769477791,87.82368700982668
2476.0,265.0,600.0,525.0,149.0,617.0,568.0,264.89366,600.766657,526.124237,0.10633999999998878,-0.7666570000000092,-1.1242369999999937,1.3649102473855188,124.87593843491227
2477.0,391.0,513.0,526.0,329.0,564.0,568.0,390.982577,512.783163,525.73332,0.01742300000000796,0.216837000000055,0.2666799999999512,0.3441512282383983,90.60353193998566
2478.0,270.0,596.0,526.0,156.0,613.0,569.0,269.301862,595.8480959999999,526.951851,0.6981379999999717,0.15190400000005866,-0.9518510000000333,1.1901646182192789,123.02032352420473
2479.0,429.0,506.0,527.0,376.0,572.0,570.0,429.605499,506.8001039999999,527.006454,-0.6054990000000089,-0.8001039999999193,-0.006453999999962434,1.003412728608164,94.94208761134337
2480.0,499.0,94.0,529.0,617.0,121.0,567.0,499.52960800000005,93.64334299999999,528.612273,-0.5296080000000529,0.35665700000001266,0.3877270000000408,0.7470080828492398,126.87395319765204
2481.0,136.0,149.0,529.0,174.0,44.0,563.0,135.208747,148.941248,528.80071,0.7912530000000118,0.05875199999999836,0.19929000000001906,0.8180767761115249,116.72617529928752
2482.0,536.0,421.0,529.0,533.0,514.0,572.0,536.538795,420.93022699999995,528.446414,-0.5387950000000501,0.06977300000005471,0.5535859999999957,0.7756453976850871,102.50365847129555
2483.0,358.0,514.0,529.0,290.0,552.0,572.0,357.59069100000005,513.636306,529.379134,0.40930899999995063,0.3636940000000095,-0.37913400000002184,0.6659953251134598,88.97752525216691
2484.0,164.0,121.0,531.0,218.0,22.0,565.0,163.695857,120.42520400000001,530.453152,0.3041430000000105,0.5747959999999921,0.5468479999999545,0.8496682535960418,117.78370006074695
2485.0,514.0,387.0,532.0,520.0,466.0,575.0,513.976769,387.038506,531.558496,0.02323100000000977,-0.03850599999998394,0.441504000000009,0.44378843316720995,90.1443287178955
2486.0,533.0,416.0,532.0,531.0,507.0,577.0,533.20929,416.05914099999995,532.639423,-0.20929000000000997,-0.05914099999995415,-0.6394229999999652,0.6753974643940812,101.5381701627521
2487.0,491.0,475.0,532.0,459.0,559.0,577.0,490.78637399999997,475.18715699999996,532.424003,0.2136260000000334,-0.1871569999999565,-0.4240029999999706,0.5103355313261786,100.5236290630218
2488.0,122.0,146.0,534.0,160.0,36.0,569.0,122.30311099999997,146.42261000000002,533.893914,-0.3031109999999728,-0.42261000000002014,0.10608600000000479,0.5307821867932283,121.52777460317456
2489.0,470.0,180.0,534.0,550.0,210.0,573.0,470.67263699999995,180.28241599999998,532.838068,-0.672636999999952,-0.28241599999998357,1.1619319999999789,1.3719640313976447,93.92017887546851
2490.0,156.0,124.0,536.0,208.0,23.0,572.0,156.249104,123.87023400000001,536.234225,-0.24910399999998845,0.1297659999999894,-0.23422500000003765,0.3657230758333539,119.16794871105233
2491.0,135.0,132.0,536.0,178.0,25.0,571.0,133.447438,133.214254,535.562451,1.5525619999999947,-1.214254000000011,0.43754899999999,2.0189875353159072,120.51141024815865
2492.0,241.0,577.0,536.0,131.0,581.0,580.0,241.650308,577.587571,536.494805,-0.6503079999999954,-0.5875710000000254,-0.49480500000004213,1.0064651821747563,118.54113210189955
2493.0,429.0,475.0,537.0,387.0,534.0,582.0,428.377571,474.52725699999996,537.23511,0.622429000000011,0.4727430000000368,-0.2351099999999633,0.8161988214828733,85.26429498916883
2494.0,264.0,613.0,537.0,143.0,631.0,581.0,263.992134,613.332377,536.641955,0.007865999999978612,-0.3323769999999513,0.3580449999999473,0.488602666908327,130.00384609695206
2495.0,174.0,117.0,539.0,231.0,23.0,575.0,174.14971,117.919757,538.5607630000001,-0.1497099999999989,-0.9197570000000042,0.4392369999999346,1.0301918099645084,115.67627241573788
2496.0,152.0,160.0,539.0,189.0,60.0,575.0,151.137349,157.591753,538.354628,0.8626509999999996,2.4082469999999887,0.6453719999999521,2.6382428582664414,112.53888216967503
2497.0,514.0,207.0,539.0,589.0,258.0,581.0,513.539735,207.521513,538.590642,0.46026500000004944,-0.5215129999999988,0.40935799999999745,0.8070896180462503,99.9499874937461
2498.0,490.0,476.0,539.0,457.0,559.0,586.0,489.314518,475.794661,539.810163,0.685481999999979,0.20533899999998084,-0.8101629999999886,1.0809318960110046,100.93066927351666
2499.0,149.0,142.0,540.0,193.0,41.0,577.0,149.32115199999998,141.80640300000002,540.199897,-0.3211519999999837,0.1935969999999827,-0.19989699999996446,0.42494377995444127,116.21531740695802
2500.0,345.0,328.0,540.0,346.0,331.0,581.0,343.69691600000004,327.426022,539.100877,1.3030839999999557,0.573978000000011,0.8991230000000314,1.6840133089346279,41.12177038990418
2501.0,332.0,342.0,540.0,326.0,344.0,581.0,331.53699900000004,342.72799599999996,539.058474,0.4630009999999629,-0.7279959999999619,0.9415259999999535,1.277035360000976,41.48493702538308
2502.0,541.0,181.0,542.0,631.0,237.0,586.0,540.7602519999999,180.33171499999997,542.700701,0.2397480000000769,0.6682850000000258,-0.7007009999999809,0.9975298672872129,114.76933388322858
2503.0,409.0,370.0,542.0,404.0,405.0,586.0,408.06528199999997,369.90077399999996,541.972575,0.9347180000000321,0.09922600000004422,0.027424999999993815,0.9403699640168589,56.444663166680336
2504.0,502.0,522.0,543.0,453.0,617.0,591.0,501.34064,521.954915,543.230009,0.6593599999999924,0.04508499999997184,-0.23000899999999547,0.6997802561561632,117.17508267545622
2505.0,538.0,169.0,544.0,632.0,222.0,587.0,537.644229,168.424986,543.695452,0.3557710000000043,0.5750140000000101,0.3045479999999543,0.7415952999722873,116.16367762773353
2506.0,488.0,469.0,545.0,457.0,551.0,593.0,487.297346,469.64595899999995,545.642615,0.7026539999999954,-0.645958999999948,-0.642614999999978,1.1506257913074511,99.94498486667553
2507.0,341.0,340.0,546.0,338.0,344.0,590.0,340.94445899999994,339.69570999999996,546.36447,0.05554100000006201,0.30429000000003725,-0.364469999999983,0.4780330403654303,44.28317965096906
2508.0,494.0,361.0,548.0,507.0,428.0,594.0,494.162621,361.073381,547.6604600000001,-0.16262100000000146,-0.07338099999998349,0.33953999999994267,0.38355934664919733,82.30431337420902
2509.0,411.0,372.0,548.0,406.0,409.0,593.0,410.72411,372.557278,547.648723,0.27589000000000397,-0.5572779999999966,0.35127699999998185,0.7141915654171405,58.47221562417487
2510.0,618.0,436.0,548.0,622.0,562.0,598.0,618.425257,435.345142,548.662104,-0.4252569999999878,0.6548579999999902,-0.6621039999999994,1.0237500784024272,135.6171080653175
2511.0,492.0,360.0,549.0,505.0,426.0,596.0,492.10642699999994,360.058607,549.334878,-0.10642699999993965,-0.05860699999999497,-0.33487800000000334,0.3562369459530957,82.06095295571457
2512.0,115.0,142.0,550.0,153.0,28.0,589.0,114.965205,142.22024100000002,550.418804,0.034795000000002574,-0.22024100000001567,-0.4188040000000228,0.47446135830226066,126.3368513142543
2513.0,461.0,410.0,551.0,450.0,473.0,598.0,461.61165,410.90084,550.721295,-0.6116499999999974,-0.9008400000000165,0.27870499999994536,1.1239683737209851,79.36623967405788
2514.0,387.0,426.0,551.0,358.0,461.0,598.0,386.99719,425.494284,551.3929390000001,0.0028100000000108594,0.5057160000000067,-0.3929390000000694,0.640435497514825,65.3834841531101
2515.0,398.0,505.0,551.0,341.0,559.0,599.0,399.290538,506.07935899999995,551.126735,-1.2905380000000264,-1.079358999999954,-0.12673500000005333,1.6871769144194637,92.02716990106781
2516.0,478.0,397.0,552.0,474.0,464.0,597.0,477.911399,397.65759199999997,549.873098,0.08860099999998283,-0.6575919999999655,2.1269019999999728,2.2280012327799184,80.8084154033477
2517.0,370.0,409.0,552.0,343.0,435.0,599.0,368.58600199999995,409.199237,552.612087,1.4139980000000492,-0.19923699999998234,-0.6120869999999741,1.55362035959307,60.11655346075655
2518.0,480.0,403.0,553.0,474.0,470.0,601.0,479.50889700000005,402.35908399999994,553.07832,0.49110299999995277,0.6409160000000611,-0.07831999999996242,0.8112271556506391,82.63776376451628
2519.0,261.0,601.0,555.0,143.0,615.0,605.0,260.04927,601.132233,556.500979,0.9507300000000214,-0.132233000000042,-1.5009790000000294,1.7816596357413892,128.91857895586656
2520.0,374.0,511.0,556.0,309.0,555.0,605.0,373.437814,511.348843,556.274723,0.562185999999997,-0.348842999999988,-0.2747229999999945,0.7163918368979264,92.53107586103168
2521.0,283.0,499.0,557.0,209.0,506.0,605.0,282.981015,499.269541,557.438802,0.018984999999986485,-0.2695410000000038,-0.4388020000000097,0.5153251169019516,88.48163651289458
2522.0,397.0,421.0,560.0,371.0,460.0,608.0,396.930741,421.43464099999994,559.524692,0.06925899999998819,-0.4346409999999423,0.4753080000000409,0.6477864639107451,67.08949247087803
2523.0,258.0,602.0,561.0,141.0,615.0,609.0,258.531674,601.691107,559.790079,-0.5316740000000095,0.30889300000001185,1.2099210000000085,1.357203357631434,127.12985487288185
2524.0,541.0,318.0,564.0,577.0,396.0,614.0,540.4173289999999,318.201815,564.0341520000001,0.5826710000001185,-0.2018150000000105,-0.0341520000000628,0.6175768353574693,99.39818911831343
2525.0,504.0,442.0,564.0,488.0,524.0,615.0,504.564439,440.81875,563.81809,-0.564438999999993,1.1812499999999773,0.18191000000001623,1.3217542113876333,97.88258272031854
2526.0,383.0,443.0,564.0,346.0,480.0,614.0,382.761299,443.534582,564.342894,0.23870099999999184,-0.5345820000000003,-0.34289400000000114,0.6784779859074259,72.37402849088892
2527.0,537.0,320.0,565.0,573.0,397.0,615.0,537.578252,320.02857900000004,564.864397,-0.5782520000000204,-0.028579000000036103,0.1356029999999464,0.5946261921190582,98.6154146165801
2528.0,283.0,501.0,565.0,209.0,508.0,612.0,283.565353,500.89181899999994,563.150544,-0.565353000000016,0.1081810000000587,1.849456000000032,1.936960154289744,87.94316346368261
2529.0,507.0,442.0,566.0,490.0,526.0,618.0,506.666373,441.882154,566.240732,0.3336269999999786,0.1178459999999859,-0.24073199999997996,0.42795624854530717,100.24470060806208
2530.0,255.0,601.0,566.0,137.0,612.0,616.0,254.706881,600.467835,565.5850800000001,0.29311899999999014,0.5321649999999636,0.4149199999999382,0.7357152586333277,128.62736878285276
2531.0,232.0,617.0,566.0,106.0,621.0,614.0,232.94003,615.5018,564.015123,-0.9400300000000072,1.498199999999997,1.9848769999999831,2.6585703575472546,134.892549831338
2532.0,17.0,197.0,567.0,18.0,52.0,609.0,16.484098999999997,196.16308800000002,567.29035,0.515901000000003,0.8369119999999839,-0.29034999999998945,1.0251237291395465,150.96357176484665
2533.0,371.0,546.0,567.0,292.0,594.0,618.0,370.492029,546.201848,566.553652,0.5079709999999977,-0.20184800000004088,0.44634799999994357,0.7056937643545987,105.57461816175325
2534.0,508.0,444.0,569.0,490.0,529.0,621.0,507.47427000000005,444.242626,568.6627550000001,0.5257299999999532,-0.24262599999997292,0.33724499999993895,0.6700698462107487,101.25709851659784
2535.0,499.0,467.0,570.0,470.0,552.0,623.0,497.934159,467.33503199999996,570.138466,1.0658409999999776,-0.3350319999999556,-0.13846599999999398,1.125804739491232,104.28326807307106
2536.0,308.0,598.0,570.0,199.0,629.0,621.0,307.355016,597.608061,569.121921,0.6449840000000222,0.3919389999999794,0.878078999999957,1.1578615073565306,124.26986762687083
2537.0,71.0,198.0,571.0,81.0,77.0,614.0,71.990536,199.26011300000002,570.724897,-0.9905360000000059,-1.2601130000000182,0.2751029999999446,1.6262619717235065,128.80217389469792
2538.0,448.0,545.0,571.0,383.0,623.0,625.0,448.815998,545.147137,571.418411,-0.8159979999999791,-0.14713700000004337,-0.4184109999999919,0.9287463581053612,115.0
2539.0,368.0,401.0,572.0,345.0,425.0,623.0,367.758232,401.141711,572.387233,0.2417679999999791,-0.1417109999999866,-0.38723300000003746,0.4779991314155446,60.876925020897694
2540.0,558.0,325.0,577.0,594.0,410.0,629.0,557.407261,324.807332,576.058996,0.5927390000000514,0.19266800000002604,0.9410040000000208,1.1286934961986403,105.94810050208545
2541.0,358.0,409.0,577.0,332.0,431.0,626.0,359.24436000000003,409.213282,574.847481,-1.2443600000000288,-0.21328199999999242,2.152518999999984,2.4954476685526785,59.67411499134277
2542.0,510.0,450.0,577.0,492.0,536.0,632.0,510.9501429999999,449.269328,577.580338,-0.9501429999999118,0.7306720000000269,-0.5803379999999834,1.3317077330543863,103.65809182114053
2543.0,282.0,505.0,577.0,205.0,512.0,629.0,281.653097,505.20549300000005,577.055168,0.3469029999999975,-0.20549300000004678,-0.055167999999980566,0.4069552465345733,93.17725044236924
2544.0,441.0,542.0,577.0,375.0,617.0,632.0,441.102376,542.632511,577.272529,-0.10237599999999247,-0.6325110000000222,-0.27252899999996316,0.6962923713053351,114.04385121522334
2545.0,11.0,181.0,579.0,17.0,32.0,623.0,10.632056999999996,181.017277,579.009264,0.3679430000000039,-0.017277000000007092,-0.009264000000030137,0.36846487983796183,155.47668635522177
2546.0,557.0,317.0,579.0,596.0,400.0,635.0,556.414827,316.57473799999997,581.0847259999999,0.5851730000000543,0.425262000000032,-2.0847259999999324,2.2066621181433304,107.45231500530828
2547.0,361.0,474.0,580.0,309.0,506.0,633.0,360.946559,473.543369,579.809738,0.05344100000002072,0.4566310000000158,0.19026199999996152,0.497561492969464,80.85171612278863
2548.0,518.0,494.0,580.0,482.0,590.0,635.0,517.254801,493.86164799999995,579.444,0.7451989999999569,0.13835200000005443,0.55600000000004,0.9399993752684069,116.3486140871476
2549.0,545.0,318.0,93.0,588.0,406.0,39.0,546.306773,317.52050999999994,92.688556,-1.306773000000021,0.47949000000005526,0.3114439999999945,1.426381330067491,111.8436408563312
2550.0,397.0,404.0,115.0,380.0,448.0,64.0,395.8262629999999,404.478656,113.85788199999999,1.1737370000000737,-0.47865600000000086,1.1421180000000106,1.7062249668285827,69.46941773183363
2551.0,374.0,427.0,134.0,344.0,466.0,88.0,372.753149,428.059304,133.512628,1.2468509999999924,-1.0593039999999974,0.4873719999999935,1.7071302958476746,67.35725647619564
2552.0,305.0,212.0,137.0,348.0,188.0,86.0,303.52125099999995,210.966668,135.206638,1.4787490000000503,1.0333320000000015,1.793362000000002,2.543741514043665,70.8942874990644
2553.0,284.0,508.0,144.0,210.0,522.0,102.0,283.319081,506.55094599999995,145.075704,0.6809190000000171,1.4490540000000465,-1.0757040000000018,1.9288720214397743,86.23224454924039
2554.0,454.0,202.0,164.0,526.0,238.0,124.0,455.19915699999996,203.91382599999997,164.721516,-1.199156999999957,-1.9138259999999718,-0.7215160000000083,2.3709265714443375,89.88882021697692
2555.0,451.0,201.0,167.0,522.0,234.0,128.0,451.086769,201.884278,168.070352,-0.08676900000000387,-0.8842779999999948,-1.070352000000014,1.3910894452007827,87.46999485537883
2556.0,289.0,162.0,175.0,350.0,127.0,135.0,289.65448,163.520294,176.082705,-0.6544799999999782,-1.520294000000007,-1.0827050000000042,1.9778493455925812,80.90735442467513
2557.0,522.0,153.0,184.0,624.0,206.0,148.0,523.2490889999999,153.801584,184.21252800000002,-1.2490889999999126,-0.8015839999999912,-0.21252800000002026,1.499309304233378,120.45331045679069
2558.0,528.0,167.0,194.0,624.0,221.0,160.0,527.26113,165.57476599999998,193.864407,0.7388700000000199,1.4252340000000174,0.13559300000000007,1.6110885429749289,115.2735876079165
2559.0,419.0,399.0,215.0,412.0,452.0,186.0,422.84993099999997,400.4541,213.59463,-3.8499309999999696,-1.4540999999999826,1.405370000000005,4.348728590250342,60.81940479813988
2560.0,520.0,173.0,228.0,612.0,225.0,201.0,519.351674,172.201744,227.480727,0.6483259999999973,0.7982560000000092,0.5192729999999983,1.1520345881704288,109.07336980216573
2561.0,465.0,92.0,232.0,580.0,108.0,206.0,464.092739,89.649428,233.173326,0.9072610000000054,2.3505719999999997,-1.173326000000003,2.77938934868453,118.98319209031165
2562.0,525.0,421.0,243.0,522.0,516.0,222.0,525.309263,421.940158,241.691058,-0.3092629999999872,-0.9401579999999967,1.3089420000000018,1.6409965958212682,97.33961166965892
2563.0,488.0,70.0,270.0,614.0,94.0,251.0,487.283481,70.368236,270.02117599999997,0.7165190000000052,-0.368235999999996,-0.021175999999968553,0.8058819094836435,129.6649528592827
2564.0,555.0,293.0,277.0,606.0,378.0,262.0,555.050241,293.250934,275.652352,-0.05024100000002818,-0.25093399999997246,1.3476479999999924,1.3717314468732458,100.25467570143549
2565.0,373.0,323.0,288.0,380.0,342.0,278.0,370.207929,324.187632,290.491576,2.7920710000000213,-1.1876320000000078,-2.491576000000009,3.926077075178375,22.58317958127243
2566.0,480.0,443.0,315.0,461.0,523.0,311.0,480.541758,444.10454300000004,314.883515,-0.5417580000000157,-1.1045430000000351,0.1164850000000115,1.2357531001936015,82.32253640407346
2567.0,402.0,484.0,361.0,357.0,538.0,367.0,404.13853500000005,483.344109,361.185026,-2.138535000000047,0.6558909999999969,-0.18502599999999347,2.2444953933528566,70.54785609782908
2568.0,493.0,327.0,363.0,522.0,392.0,368.0,494.386147,327.000002,362.82201399999997,-1.386146999999994,-1.9999999949504854e-06,0.17798600000003262,1.3975272883951122,71.35124385741288
2569.0,501.0,164.0,414.0,590.0,204.0,426.0,498.850735,163.790706,412.22789,2.149265000000014,0.20929399999999987,1.7721099999999979,2.793477737652665,98.3107318658548
2570.0,409.0,111.0,431.0,504.0,106.0,444.0,406.690517,110.16888,428.6527,2.309483,0.8311199999999985,2.3473000000000184,3.396216935310388,96.01562372864116
2571.0,57.0,179.0,431.0,74.0,51.0,443.0,58.222644,179.21231400000002,430.959373,-1.2226440000000025,-0.21231400000002054,0.04062699999997221,1.241606273526762,129.6803763103732
2572.0,491.0,463.0,437.0,464.0,546.0,462.0,490.23786099999995,462.666468,438.31991600000003,0.7621390000000474,0.33353199999999106,-1.3199160000000347,1.5602171955856523,90.79096871385391
2573.0,231.0,616.0,445.0,105.0,624.0,468.0,231.60778100000002,616.673083,444.35048400000005,-0.607781000000017,-0.6730830000000196,0.6495159999999487,1.1154862182501317,128.33160171991932
2574.0,471.0,453.0,464.0,442.0,528.0,496.0,468.77010700000005,454.729058,466.52317400000004,2.2298929999999473,-1.729058000000009,-2.52317400000004,3.785296737785427,86.54478609367523
2575.0,165.0,158.0,504.0,206.0,66.0,532.0,165.51548899999997,157.416378,502.950144,-0.5154889999999739,0.5836219999999912,1.049855999999977,1.3071117659714164,104.54185764563398
2576.0,472.0,417.0,523.0,458.0,484.0,566.0,470.397327,417.0578059999999,524.321522,1.6026729999999816,-0.05780599999991409,-1.321521999999959,2.078057428236482,80.83316151184488
2577.0,426.0,519.0,524.0,366.0,584.0,568.0,424.93807499999997,518.7056779999999,525.280038,1.0619250000000306,0.29432200000007924,-1.2800379999999905,1.6890255849906737,98.79777325425913
2578.0,119.0,139.0,536.0,162.0,23.0,570.0,120.48448399999998,135.810092,534.858797,-1.4844839999999806,3.1899080000000026,1.1412030000000186,3.6988579429235995,128.30042868205857
2579.0,151.0,170.0,541.0,185.0,73.0,579.0,151.447528,168.772871,541.498257,-0.4475280000000055,1.2271289999999908,-0.49825699999996687,1.3979938953636204,109.58558299338468
2580.0,323.0,533.0,568.0,244.0,560.0,622.0,324.38297500000004,532.2986999999999,570.516562,-1.3829750000000445,0.7013000000000602,-2.5165620000000217,2.9559306217280064,99.42836617384397
2581.0,63.0,206.0,569.0,69.0,80.0,610.0,63.40926900000001,204.672323,567.479748,-0.409269000000009,1.3276769999999942,1.5202520000000277,2.059464365847119,132.6386067478093
2582.0,8.0,186.0,574.0,12.0,38.0,616.0,8.243457,186.911708,573.229584,-0.24345699999999937,-0.9117080000000044,0.7704159999999547,1.2182050735278267,153.8960688256851
2583.0,53.0,218.0,575.0,53.0,92.0,618.0,54.170761,218.23506700000002,573.981808,-1.1707609999999988,-0.23506700000001501,1.018191999999999,1.56928415606416,133.13526955694348
2584.0,112.0,152.0,579.0,146.0,38.0,623.0,112.43808899999999,152.14180000000002,578.198184,-0.43808899999999085,-0.1418000000000177,0.8018160000000307,0.9246286334399592,126.83847996566341
2585.0,366.0,208.0,82.0,424.0,208.0,22.0,367.19794299999995,206.12730399999998,82.08767399999999,-1.1979429999999525,1.872696000000019,-0.0876739999999927,2.2248021192773426,83.45058418010026
2586.0,514.0,216.0,86.0,592.0,276.0,30.0,515.513187,215.370296,86.860174,-1.5131870000000163,0.6297040000000038,-0.8601740000000007,1.8509892854527967,113.22543883774529
2587.0,426.0,102.0,90.0,532.0,110.0,30.0,425.702481,101.971128,89.20752,0.2975190000000225,0.028872000000006892,0.7924799999999976,0.8469803410617097,122.06555615733703
2588.0,516.0,214.0,90.0,592.0,274.0,34.0,515.0294769999999,213.85500399999998,90.161964,0.9705230000000711,0.14499600000002033,-0.16196399999999755,0.9945707972995904,111.8570516328765
2589.0,282.0,240.0,92.0,312.0,214.0,34.0,281.83409700000004,240.024924,92.489504,0.1659029999999575,-0.024923999999998614,-0.4895039999999966,0.5174545170360217,70.28513356322232
2590.0,356.0,304.0,92.0,376.0,314.0,34.0,357.583213,301.095684,90.91594,-1.5832130000000006,2.9043159999999943,1.0840599999999938,3.4809195501799457,62.161081071680215
2591.0,448.0,112.0,94.0,554.0,130.0,36.0,448.05645699999997,111.85177399999998,93.75659999999999,-0.05645699999996623,0.1482260000000224,0.24340000000000828,0.2905200508140649,122.16382443260362
2592.0,286.0,240.0,94.0,316.0,216.0,36.0,285.481071,240.558632,94.081282,0.5189290000000142,-0.5586319999999887,-0.08128200000000163,0.7667879641654545,69.57010852370435
2593.0,328.0,156.0,96.0,398.0,134.0,38.0,327.888693,155.537278,96.240396,0.1113070000000107,0.4627220000000136,-0.24039600000000405,0.533189585746962,93.53074360871938
2594.0,370.0,386.0,102.0,358.0,416.0,50.0,370.277291,385.195026,102.898358,-0.2772909999999911,0.8049740000000156,-0.8983580000000018,1.2377077746871528,61.220911460055866
2595.0,480.0,134.0,106.0,582.0,168.0,52.0,479.847195,134.257534,106.248166,0.15280500000000075,-0.2575339999999926,-0.24816599999999767,0.38892093378602705,120.31624994156026
2596.0,310.0,344.0,108.0,304.0,344.0,54.0,309.619935,343.32206399999995,107.354322,0.3800650000000019,0.6779360000000452,0.6456780000000037,1.0104190734566858,54.3323108288245
2597.0,352.0,386.0,110.0,336.0,410.0,58.0,351.69350099999997,386.329916,109.652052,0.3064990000000307,-0.32991600000002563,0.34794800000000237,0.5690817294212118,59.464274989274024
2598.0,460.0,72.0,112.0,582.0,88.0,60.0,459.10829899999993,72.16750200000001,113.769142,0.8917010000000687,-0.16750200000001314,-1.7691420000000022,1.9882281080321582,133.58143583597237
2599.0,466.0,178.0,114.0,548.0,214.0,62.0,465.48442500000004,178.940792,114.081704,0.5155749999999557,-0.9407919999999876,-0.081704000000002,1.0759101781770313,103.55674772799695
2600.0,398.0,414.0,124.0,380.0,460.0,76.0,399.05785099999997,413.92054399999995,123.545974,-1.057850999999971,0.07945600000005015,0.45402599999999893,1.1539071031989299,68.87670143089025
2601.0,446.0,128.0,126.0,544.0,148.0,76.0,445.33415499999995,128.82842799999997,126.373062,0.6658450000000471,-0.828427999999974,-0.37306200000000445,1.12641811555613,111.82128598795491
2602.0,354.0,314.0,126.0,368.0,328.0,76.0,355.392791,314.463428,125.208058,-1.3927909999999883,-0.4634280000000217,0.7919420000000059,1.6678742195468448,53.777318638995006
2603.0,414.0,386.0,128.0,410.0,434.0,82.0,415.661633,385.97480199999995,128.604512,-1.6616329999999948,0.025198000000045795,-0.6045119999999997,1.7683591049436154,66.60330322138685
2604.0,366.0,544.0,128.0,290.0,598.0,82.0,365.07511700000003,544.617074,127.311988,0.9248829999999657,-0.6170740000000023,0.6880120000000005,1.3074973794654199,103.96153134693621
2605.0,480.0,78.0,132.0,604.0,102.0,82.0,480.0477369999999,77.541176,131.50124,-0.047736999999926866,0.458824000000007,0.4987600000000043,0.6793819409912246,135.83813897429545
2606.0,462.0,202.0,132.0,536.0,240.0,84.0,463.124479,202.479132,131.863634,-1.124479000000008,-0.4791319999999928,0.13636600000000954,1.2298846209384902,96.04165762834376
2607.0,304.0,214.0,138.0,348.0,192.0,90.0,304.598447,214.113964,138.436002,-0.5984470000000215,-0.11396400000000995,-0.436002000000002,0.7491490833666085,68.73136110975832
2608.0,320.0,522.0,138.0,246.0,554.0,94.0,319.546113,521.980814,137.928,0.4538870000000088,0.0191859999999906,0.07200000000000273,0.4599625108256194,91.84770002564028
2609.0,332.0,518.0,140.0,262.0,556.0,96.0,332.518215,519.3947019999999,139.451066,-0.5182149999999979,-1.3947019999999384,0.5489340000000027,1.5858969043997875,90.9945053286186
2610.0,458.0,138.0,144.0,554.0,164.0,100.0,457.487063,138.89556999999996,145.788554,0.5129370000000222,-0.8955699999999638,-1.7885540000000049,2.0649637773542118,108.75660899458019
2611.0,362.0,480.0,146.0,312.0,522.0,104.0,362.60096500000003,480.051928,146.130476,-0.6009650000000306,-0.05192799999997533,-0.13047599999998738,0.6171543040318449,77.64019577512668
2612.0,468.0,354.0,150.0,482.0,416.0,108.0,467.167531,353.520994,149.71423,0.8324690000000032,0.4790060000000267,0.2857700000000136,1.002055825239811,76.18398781896364
2613.0,328.0,470.0,150.0,276.0,498.0,108.0,328.418549,470.79994,149.903964,-0.4185489999999845,-0.7999399999999923,0.09603599999999801,0.9079152946706947,72.47068372797375
2614.0,490.0,278.0,154.0,538.0,338.0,112.0,490.429609,278.387094,153.61275999999998,-0.42960900000002766,-0.3870939999999905,0.3872400000000198,0.6959601104352402,87.56711711595854
2615.0,424.0,300.0,156.0,452.0,338.0,114.0,423.617821,300.765256,155.74402,0.3821790000000078,-0.7652560000000221,0.2559799999999939,0.8928624160401404,63.182275995725256
2616.0,462.0,36.0,158.0,598.0,46.0,112.0,461.091157,35.875378,156.79393199999998,0.9088429999999903,0.12462200000000223,1.2060680000000161,1.5152974170627433,143.91664254004817
2617.0,354.0,370.0,158.0,344.0,392.0,118.0,353.776415,370.845832,158.988242,0.22358500000001413,-0.845831999999973,-0.9882420000000138,1.3198652488087517,46.73328578219169
2618.0,480.0,54.0,160.0,614.0,74.0,116.0,480.84548099999995,53.51326599999999,159.641976,-0.8454809999999497,0.48673400000001266,0.35802400000000034,1.0391964649155268,142.44999122499095
2619.0,468.0,192.0,162.0,546.0,228.0,122.0,468.121231,190.92369399999998,163.088882,-0.12123100000002296,1.0763060000000166,-1.0888820000000123,1.5358370912701216,94.76286192385707
2620.0,506.0,196.0,162.0,588.0,248.0,122.0,505.96219899999994,195.54628399999999,162.60697,0.03780100000005859,0.4537160000000142,-0.6069699999999898,0.7587487760497574,105.01428474260061
2621.0,270.0,508.0,164.0,196.0,518.0,124.0,271.600417,507.29631600000005,163.23121600000002,-1.600416999999993,0.7036839999999529,0.7687839999999824,1.909851979709654,84.71127433818948
2622.0,390.0,126.0,166.0,480.0,122.0,124.0,389.275317,125.72976799999999,166.38514800000002,0.7246830000000273,0.27023200000000713,-0.38514800000001514,0.8640195404139047,99.39818911831343
2623.0,290.0,250.0,166.0,316.0,228.0,124.0,289.40790699999997,250.73969599999998,166.044686,0.592093000000034,-0.7396959999999808,-0.04468600000001288,0.9485363101436934,54.0740233383831
2624.0,430.0,298.0,166.0,462.0,336.0,128.0,430.996531,296.747374,167.18267,-0.9965310000000045,1.2526260000000207,-1.1826700000000017,1.990189503222511,62.545983084447556
2625.0,330.0,416.0,166.0,300.0,434.0,124.0,330.56550899999996,414.98164399999996,163.649676,-0.5655089999999632,1.0183560000000398,2.3503240000000005,2.6231416806556678,54.662601474865795
2626.0,432.0,424.0,166.0,414.0,484.0,128.0,432.198367,424.237158,165.67101,-0.19836700000001883,-0.23715800000002218,0.32899000000000456,0.45147292693252494,73.2666363360568
2627.0,378.0,138.0,168.0,462.0,130.0,126.0,377.387129,136.645734,168.030472,0.6128709999999842,1.3542659999999955,-0.030472000000003163,1.4868005260225625,94.25497334358543
2628.0,302.0,480.0,180.0,242.0,500.0,144.0,302.846983,481.543762,179.573338,-0.8469830000000229,-1.5437620000000152,0.4266619999999932,1.8118007001811982,72.77362159464101
2629.0,516.0,166.0,182.0,610.0,216.0,144.0,514.934691,165.17344999999997,180.89433400000001,1.0653089999999565,0.8265500000000259,1.1056659999999852,1.7437217299606371,113.04866208850063
2630.0,438.0,362.0,184.0,444.0,414.0,150.0,437.501873,362.25472,184.371264,0.49812700000001087,-0.25472000000002026,-0.3712639999999965,0.6714534564845269,62.41794613730894
2631.0,398.0,230.0,186.0,450.0,246.0,150.0,398.459069,230.142346,186.364836,-0.4590689999999995,-0.14234600000000341,-0.36483599999999683,0.6034169680850865,65.23802572120036
2632.0,392.0,316.0,186.0,408.0,342.0,150.0,390.79561700000005,315.663124,185.44651199999998,1.2043829999999502,0.33687600000001794,0.5534880000000157,1.3676157414306511,47.20169488482379
2633.0,358.0,508.0,188.0,296.0,552.0,156.0,358.44768700000003,508.0303799999999,188.469386,-0.44768700000003037,-0.030379999999922802,-0.46938599999998587,0.6493610793426176,82.48636250920512
2634.0,470.0,46.0,190.0,604.0,60.0,152.0,469.76175499999994,45.58387999999999,189.367062,0.2382450000000631,0.4161200000000065,0.6329379999999958,0.7940573318527008,139.98571355677691
2635.0,396.0,312.0,190.0,416.0,340.0,156.0,396.546955,312.087404,190.341318,-0.5469550000000254,-0.08740399999999227,-0.3413180000000011,0.6506129481996398,48.373546489791295
2636.0,306.0,104.0,192.0,392.0,64.0,152.0,306.0584309999999,103.80909199999999,190.53269,-0.058430999999927735,0.1909080000000074,1.4673099999999977,1.4808304029580794,102.93687385966217
2637.0,394.0,314.0,192.0,414.0,342.0,158.0,395.531365,314.181022,191.96745199999998,-1.5313649999999939,-0.18102199999998447,0.03254800000001978,1.5423706104607209,48.373546489791295
2638.0,334.0,94.0,194.0,430.0,62.0,156.0,335.10429300000004,92.41437,193.616892,-1.104293000000041,1.5856299999999948,0.3831079999999929,1.9698876278643584,108.09255293497328
2639.0,274.0,128.0,194.0,346.0,78.0,156.0,273.99081300000006,126.686678,193.90474,0.009186999999940326,1.3133219999999994,0.09525999999999613,1.3168042923126415,95.5405672999695
2640.0,530.0,182.0,194.0,620.0,240.0,160.0,529.0956229999999,181.37956799999998,193.657962,0.9043770000000677,0.6204320000000223,0.3420380000000023,1.1488357664162234,112.33877335986894
2641.0,394.0,320.0,194.0,410.0,348.0,160.0,394.00219100000004,319.903002,193.556754,-0.002191000000038912,0.09699799999998504,0.4432459999999878,0.4537404864027305,46.861498055439924
2642.0,398.0,324.0,194.0,414.0,354.0,160.0,398.671473,323.52565,193.46142400000002,-0.6714729999999918,0.47435000000001537,0.5385759999999777,0.9828265462455619,48.08326112068523
2643.0,466.0,438.0,194.0,450.0,512.0,164.0,467.787307,436.986578,194.625718,-1.7873069999999984,1.0134219999999914,-0.6257180000000062,2.1477926989951763,81.43709228600933
2644.0,462.0,440.0,194.0,442.0,514.0,162.0,462.072561,440.60120199999994,193.00856,-0.07256100000000743,-0.6012019999999438,0.9914400000000114,1.1617496361630402,83.06623862918075
2645.0,512.0,146.0,198.0,614.0,194.0,166.0,512.521001,147.25132599999998,199.164056,-0.5210009999999556,-1.2513259999999775,-1.164055999999988,1.7866967206028195,117.18361660232202
2646.0,444.0,266.0,198.0,488.0,304.0,164.0,443.205471,265.470764,196.918898,0.7945290000000114,0.5292360000000258,1.0811019999999871,1.4422720304925203,67.34983296193094
2647.0,480.0,356.0,198.0,496.0,424.0,168.0,480.676935,356.681548,198.702218,-0.6769350000000145,-0.6815480000000207,-0.7022179999999878,1.1898986469666357,76.02631123499285
2648.0,462.0,224.0,200.0,528.0,266.0,168.0,464.44008499999995,225.58054399999997,200.426204,-2.4400849999999537,-1.5805439999999749,-0.4262040000000127,2.9383301367914236,84.52218643646175
2649.0,416.0,214.0,202.0,476.0,234.0,168.0,415.70636499999995,214.23262799999998,201.110228,0.2936350000000516,-0.23262799999997696,0.8897719999999936,0.9654177912142536,71.80529228406496
2650.0,454.0,226.0,202.0,516.0,262.0,170.0,454.092649,225.611424,202.182024,-0.09264899999999443,0.3885760000000005,-0.18202400000001262,0.43898505846213487,78.51114570556209
2651.0,464.0,84.0,204.0,582.0,102.0,170.0,463.7566929999999,84.116734,203.735468,0.24330700000007255,-0.1167339999999939,0.26453200000000265,0.37789191844895975,124.11285187280163
2652.0,276.0,264.0,206.0,296.0,236.0,172.0,276.386339,262.623028,205.394414,-0.38633900000002086,1.3769720000000234,0.6055859999999882,1.5530756952257885,48.373546489791295
2653.0,270.0,560.0,206.0,174.0,578.0,176.0,270.589105,560.147618,205.242352,-0.5891050000000178,-0.14761799999996583,0.757647999999989,0.9710130106507298,102.17631819555841
2654.0,408.0,194.0,208.0,476.0,208.0,176.0,409.01562299999995,194.105888,207.97937,-1.0156229999999482,-0.1058879999999931,0.02063000000001125,1.0213363518317038,76.44605941446557
2655.0,294.0,246.0,208.0,324.0,224.0,176.0,295.059751,246.057176,208.656586,-1.0597510000000057,-0.05717599999999834,-0.6565860000000043,1.2479769438467272,49.07137658554119
2656.0,140.0,208.0,210.0,160.0,120.0,176.0,140.560631,207.87652400000002,210.851034,-0.5606310000000008,0.12347599999998238,-0.8510339999999985,1.0265536079002373,96.43650760992955
2657.0,468.0,96.0,212.0,584.0,118.0,184.0,469.6013689999999,96.166496,215.002648,-1.60136899999992,-0.1664959999999951,-3.0026479999999935,3.407051306346986,121.3424904969401
2658.0,236.0,328.0,216.0,224.0,296.0,186.0,236.17270299999998,328.10399199999995,216.554194,-0.17270299999998429,-0.10399199999994835,-0.5541939999999954,0.5897216732569516,45.47526800360829
2659.0,272.0,560.0,216.0,174.0,578.0,188.0,270.69888100000003,560.26433,215.075296,1.3011189999999715,-0.26432999999997264,0.9247039999999913,1.6179797553359236,103.49879226348489
2660.0,312.0,102.0,220.0,400.0,64.0,188.0,312.604511,102.079348,219.985714,-0.6045110000000022,-0.07934799999999598,0.014285999999998467,0.6098637093818602,101.05444077327824
2661.0,352.0,176.0,220.0,416.0,164.0,190.0,351.07141099999996,175.64884,220.325822,0.928589000000045,0.35115999999999303,-0.32582199999998807,1.044868820572741,71.69379331573968
2662.0,356.0,282.0,220.0,380.0,288.0,190.0,355.35475099999996,281.368452,219.035154,0.6452490000000353,0.6315480000000093,0.9648459999999943,1.321410970145566,38.88444419044716
2663.0,308.0,108.0,222.0,392.0,68.0,192.0,307.464955,107.306524,223.260886,0.5350450000000251,0.693476000000004,-1.2608859999999993,1.5352575092136924,97.75479527879949
2664.0,258.0,552.0,222.0,162.0,564.0,196.0,257.804823,552.582586,221.868298,0.19517700000000104,-0.582585999999992,0.13170199999999,0.6283676674758087,100.17983829094555
2665.0,456.0,320.0,226.0,482.0,370.0,202.0,456.060497,318.68872999999996,227.294224,-0.060496999999998025,1.311270000000036,-1.294224000000014,1.8433948741615644,61.25357132445422
2666.0,472.0,86.0,228.0,592.0,108.0,200.0,473.362979,86.47125199999999,228.188142,-1.3629789999999957,-0.4712519999999927,-0.18814199999999914,1.45436845885387,125.1718818265508
2667.0,474.0,94.0,228.0,590.0,116.0,198.0,473.871703,93.188554,226.464202,0.12829699999997501,0.8114460000000037,1.5357979999999998,1.7417176085488137,121.81953866272849
2668.0,320.0,106.0,228.0,408.0,70.0,196.0,320.455353,104.73986400000001,226.422776,-0.45535300000000234,1.2601359999999886,1.577224000000001,2.069522804726002,100.31948963187563
2669.0,364.0,158.0,228.0,438.0,148.0,198.0,364.078247,157.57341,226.948282,-0.0782469999999762,0.42659000000000447,1.051717999999994,1.1376345514412733,80.47359815492284
2670.0,416.0,176.0,228.0,490.0,190.0,200.0,415.431773,176.71175799999997,227.782372,0.5682269999999789,-0.7117579999999748,0.2176279999999906,0.9363991245601078,80.34923770640266
2671.0,392.0,282.0,230.0,422.0,302.0,204.0,391.762885,281.464618,230.09743600000002,0.23711500000001706,0.5353820000000269,-0.09743600000001607,0.5935917648056112,44.45222154178574
2672.0,428.0,316.0,230.0,454.0,360.0,204.0,431.71865099999997,318.21678199999997,229.214086,-3.7186509999999657,-2.2167819999999665,0.7859139999999911,4.400016876185884,57.3410847473258
2673.0,298.0,138.0,232.0,370.0,100.0,202.0,298.785199,137.99059,231.194706,-0.7851989999999773,0.009410000000002583,0.8052940000000035,1.1247775087264904,86.76404785393545
2674.0,452.0,182.0,232.0,530.0,210.0,206.0,451.77344099999993,181.91267399999998,232.228384,0.22655900000006568,0.08732600000001867,-0.22838400000000547,0.33333775995682746,86.85620300243386
2675.0,462.0,218.0,234.0,526.0,256.0,208.0,460.650307,218.718574,233.334846,1.349693000000002,-0.7185739999999896,0.6651540000000011,1.6674680301106202,78.8416133777081
2676.0,376.0,250.0,238.0,416.0,258.0,212.0,375.726861,248.91002400000002,237.218212,0.2731390000000147,1.0899759999999787,0.7817880000000059,1.3688846083001194,48.373546489791295
2677.0,130.0,230.0,240.0,136.0,142.0,212.0,127.96302500000002,231.562456,240.221728,2.036974999999984,-1.5624559999999974,-0.22172800000001303,2.5767613798225346,92.5418824100742
2678.0,164.0,206.0,242.0,186.0,126.0,214.0,162.673605,206.14909,241.767388,1.3263949999999909,-0.14909000000000106,0.23261199999998894,1.3548652577540583,87.56711711595854
2679.0,304.0,246.0,248.0,330.0,226.0,226.0,300.700017,246.537762,249.568688,3.2999829999999974,-0.5377619999999865,-1.5686880000000087,3.6932178124606994,39.496835316262995
2680.0,248.0,218.0,252.0,280.0,172.0,228.0,247.81545899999998,217.593172,252.145646,0.18454100000002427,0.4068279999999902,-0.14564599999999928,0.46986930053047815,60.959002616512684
2681.0,520.0,358.0,252.0,540.0,438.0,234.0,519.1149529999999,356.763496,252.362472,0.8850470000000996,1.236504000000025,-0.3624719999999968,1.5632134483202336,84.40379138403677
2682.0,296.0,370.0,254.0,278.0,366.0,232.0,296.767157,368.90905799999996,253.092972,-0.7671569999999974,1.090942000000041,0.9070279999999968,1.6128806846128079,28.705400188814647
2683.0,514.0,428.0,256.0,506.0,518.0,238.0,513.5424290000001,427.80973000000006,254.869124,0.45757099999991624,0.19026999999994132,1.1308760000000007,1.2346879850054842,92.13034245024816
2684.0,364.0,194.0,258.0,424.0,188.0,236.0,363.952595,192.666708,257.683262,0.04740500000002612,1.3332920000000001,0.31673799999998664,1.3712176165485164,64.18722614352485
2685.0,368.0,344.0,262.0,370.0,364.0,244.0,367.84927899999997,343.552954,262.423266,0.15072100000003275,0.4470460000000003,-0.42326600000001235,0.6338146832576701,26.981475126464083
2686.0,384.0,356.0,262.0,384.0,384.0,244.0,383.93161499999997,355.45512399999996,262.101682,0.06838500000003478,0.5448760000000448,-0.10168199999998251,0.5584850872897592,33.28663395418648
2687.0,356.0,406.0,262.0,330.0,432.0,246.0,354.474083,406.81447000000003,263.470302,1.5259169999999926,-0.8144700000000284,-1.4703020000000038,2.2701480222648556,40.099875311526844
2688.0,482.0,294.0,270.0,518.0,352.0,252.0,479.81056299999995,295.827806,268.27596600000004,2.189437000000055,-1.8278060000000096,1.7240339999999605,3.3326869615613672,70.59745037889117
2689.0,254.0,172.0,272.0,304.0,122.0,252.0,253.67771699999997,172.732056,272.27765999999997,0.3222830000000272,-0.732056,-0.27765999999996893,0.8466802199325317,73.48469228349535
2690.0,374.0,232.0,272.0,416.0,238.0,254.0,370.908057,233.776556,271.874936,3.0919430000000148,-1.7765559999999994,0.12506400000000895,3.5681793313230616,46.08687448721165
2691.0,436.0,346.0,272.0,446.0,392.0,258.0,434.320723,345.68900199999996,273.12187,1.6792770000000132,0.3109980000000405,-1.1218700000000013,2.0433509966799814,49.1121166312347
2692.0,556.0,358.0,274.0,582.0,452.0,260.0,555.6328629999999,356.97637399999996,273.257698,0.36713700000007066,1.0236260000000357,0.7423019999999951,1.3166670132759906,98.52918349402881
2693.0,328.0,158.0,276.0,396.0,134.0,256.0,328.32876899999997,158.177516,274.883664,-0.32876899999996567,-0.17751599999999712,1.1163359999999898,1.1772030625652286,74.83314773547883
2694.0,350.0,334.0,282.0,352.0,346.0,268.0,349.398421,334.478344,282.4095,0.6015790000000152,-0.4783439999999928,-0.40949999999998,0.8708619440399236,18.547236990991408
2695.0,402.0,318.0,284.0,420.0,348.0,270.0,402.77941100000004,318.373012,283.634814,-0.7794110000000387,-0.373012000000017,0.36518599999999424,0.9380726377317851,37.68288736283355
2696.0,372.0,316.0,286.0,386.0,334.0,272.0,372.734397,316.352582,285.637316,-0.7343970000000013,-0.35258199999998396,0.36268400000000156,0.8917357816018104,26.758176320519304
2697.0,314.0,462.0,286.0,262.0,480.0,274.0,314.375083,462.06648199999995,286.223798,-0.3750830000000178,-0.06648199999995086,-0.22379799999998795,0.44180613171050653,56.32051136131489
2698.0,370.0,318.0,288.0,380.0,336.0,276.0,368.62872699999997,319.505592,288.925178,1.3712730000000306,-1.5055919999999787,-0.9251780000000167,2.236772505794242,23.83275057562597
2699.0,368.0,320.0,290.0,378.0,336.0,278.0,367.092835,320.045014,290.57545400000004,0.9071650000000204,-0.04501399999998057,-0.5754540000000361,1.0752310930851456,22.360679774997898
2700.0,422.0,356.0,290.0,428.0,398.0,278.0,422.076897,355.22583999999995,289.540752,-0.07689699999997401,0.7741600000000517,0.4592480000000023,0.9034077593828151,44.090815370097204
2701.0,386.0,60.0,294.0,500.0,42.0,278.0,385.41390899999993,59.860032000000004,293.425756,0.5860910000000672,0.1399679999999961,0.5742440000000215,0.8323760405256162,116.51609330903607
2702.0,456.0,380.0,298.0,456.0,438.0,288.0,454.33304899999996,379.12744,297.091704,1.66695100000004,0.8725600000000213,0.9082960000000071,2.089279352699678,58.855755878248644
2703.0,168.0,450.0,298.0,98.0,408.0,286.0,168.310571,448.869678,297.864918,-0.31057100000001014,1.1303219999999783,0.13508200000001125,1.1799700489626677,82.51060537894507
2704.0,544.0,310.0,302.0,588.0,392.0,294.0,544.997399,309.121268,301.80761,-0.9973989999999731,0.8787320000000136,0.19238999999998896,1.3431264293151877,93.40235543068493
2705.0,470.0,416.0,302.0,462.0,488.0,296.0,472.076347,416.50023799999997,303.009094,-2.0763469999999984,-0.5002379999999675,-1.0090940000000046,2.3621442847313476,72.69112738154499
2706.0,334.0,312.0,304.0,342.0,314.0,294.0,333.54049699999996,312.463934,304.157744,0.45950300000004063,-0.46393399999999474,-0.15774399999997968,0.6717595796868296,12.96148139681572
2707.0,142.0,420.0,304.0,78.0,364.0,294.0,141.39523100000002,419.954874,305.065858,0.6047689999999761,0.045125999999982014,-1.0658579999999915,1.2263095756785687,85.62709851443059
2708.0,244.0,250.0,306.0,262.0,206.0,294.0,243.27666899999997,249.33614999999998,305.919492,0.7233310000000301,0.6638500000000249,0.0805080000000089,0.9850817712885962,49.03060268852505
2709.0,554.0,344.0,306.0,586.0,436.0,302.0,554.963039,343.91135799999995,307.843234,-0.9630389999999807,0.08864200000004985,-1.8432339999999954,2.0815410393362304,97.48846085563153
2710.0,282.0,470.0,310.0,222.0,476.0,302.0,282.506863,469.629818,309.444658,-0.5068630000000098,0.3701819999999998,0.555341999999996,0.8380629754720139,60.8276253029822
2711.0,390.0,216.0,312.0,446.0,222.0,302.0,390.497565,214.01028599999998,311.228068,-0.4975650000000087,1.9897140000000206,0.7719319999999925,2.1914405635665957,57.201398584300364
2712.0,550.0,272.0,314.0,608.0,350.0,308.0,549.741009,271.419616,313.67184,0.2589910000000373,0.5803839999999809,0.3281600000000253,0.7152698170180354,97.38583059151881
2713.0,486.0,274.0,316.0,534.0,328.0,310.0,486.53102699999994,273.581802,315.99995,-0.5310269999999377,0.41819800000001806,4.999999998744897e-05,0.6759284314429664,72.49827584156743
2714.0,516.0,466.0,316.0,494.0,562.0,314.0,516.359193,465.861038,316.682024,-0.35919300000000476,0.13896199999999226,-0.6820240000000126,0.7832539723927472,98.50888284819801
2715.0,286.0,488.0,316.0,218.0,498.0,310.0,285.19499299999995,487.84372199999996,315.757296,0.805007000000046,0.156278000000043,0.24270400000000336,0.855198406774176,68.99275324264136
2716.0,436.0,266.0,318.0,478.0,300.0,312.0,435.74783099999996,266.40166999999997,318.297418,0.2521690000000376,-0.40166999999996733,-0.2974179999999933,0.5598084138211828,54.36910887627275
2717.0,438.0,60.0,326.0,560.0,62.0,320.0,437.62678500000004,60.21138400000001,327.25608,0.3732149999999592,-0.21138400000000956,-1.2560799999999972,1.3272940887689384,122.16382443260362
2718.0,446.0,334.0,326.0,460.0,384.0,324.0,443.722599,336.474344,327.219466,2.2774009999999976,-2.4743439999999737,-1.2194660000000113,3.577154018251505,51.96152422706632
2719.0,328.0,372.0,326.0,312.0,380.0,322.0,327.653787,371.82428,326.47637399999996,0.34621299999997746,0.17572000000001253,-0.4763739999999643,0.6145511757737957,18.33030277982336
2720.0,542.0,388.0,328.0,552.0,480.0,326.0,540.208039,387.17658399999993,327.172682,1.7919610000000148,0.8234160000000657,0.8273179999999911,2.1385960833456013,92.56349172324907
2721.0,454.0,102.0,332.0,564.0,116.0,328.0,454.856499,101.21254400000001,333.13663800000006,-0.8564989999999852,0.7874559999999917,-1.1366380000000618,1.6265372519500136,110.95945205344158
2722.0,390.0,156.0,332.0,468.0,154.0,326.0,390.12291700000003,155.681376,331.58881199999996,-0.12291700000002947,0.3186239999999998,0.4111880000000383,0.5345141846658876,78.2559901860554
2723.0,342.0,284.0,332.0,362.0,284.0,328.0,341.58887899999996,284.281978,332.265362,0.41112100000003693,-0.28197799999998097,-0.2653619999999819,0.5647557526657078,20.396078054371138
2724.0,40.0,200.0,342.0,46.0,70.0,336.0,40.42804500000001,200.216074,343.21326799999997,-0.42804500000001156,-0.21607399999999188,-1.213267999999971,1.3045802908694182,130.27662875589004
2725.0,42.0,274.0,344.0,28.0,154.0,338.0,48.311333000000005,270.191488,343.941196,-6.311333000000005,3.8085120000000074,0.05880400000000918,7.371644714814267,120.96280420029953
2726.0,16.0,194.0,346.0,20.0,54.0,338.0,16.079480999999998,194.56156800000002,345.19410400000004,-0.07948099999999769,-0.5615680000000225,0.8058959999999615,0.9854664940021872,140.28542333400145
2727.0,76.0,210.0,346.0,84.0,96.0,340.0,76.758135,210.580096,345.959482,-0.7581349999999958,-0.5800959999999975,0.04051800000002004,0.9554693902815476,114.43775600735974
2728.0,434.0,506.0,348.0,384.0,576.0,352.0,434.86859100000004,505.708348,348.28054599999996,-0.8685910000000376,0.29165199999999913,-0.28054599999995844,0.9582365430837219,86.11620056644394
2729.0,142.0,268.0,356.0,136.0,188.0,358.0,141.265579,268.72896000000003,359.300614,0.7344209999999975,-0.7289600000000291,-3.300613999999996,3.4590185983652955,80.24961059095551
2730.0,420.0,140.0,358.0,508.0,148.0,360.0,419.9568029999999,140.950072,359.29220599999996,0.04319700000007742,-0.9500720000000058,-1.2922059999999647,1.604462256467545,88.38551917593742
2731.0,420.0,330.0,358.0,434.0,366.0,360.0,419.16476499999993,329.596326,357.08445200000006,0.8352350000000683,0.4036740000000236,0.9155479999999443,1.3033795854642771,38.67815921162743
2732.0,512.0,354.0,360.0,532.0,430.0,366.0,512.0245289999999,353.910424,360.667232,-0.024528999999915868,0.0895760000000223,-0.6672320000000127,0.6736646594864665,78.81624198095213
2733.0,542.0,444.0,364.0,532.0,548.0,372.0,542.777235,445.666344,364.15932599999996,-0.7772350000000188,-1.666343999999981,-0.15932599999996455,1.8455842830488545,104.78549517943789
2734.0,560.0,356.0,366.0,586.0,452.0,372.0,559.765815,357.025746,365.00893800000006,0.23418500000002496,-1.0257460000000265,0.9910619999999426,1.4454069871786812,99.6393496566492
2735.0,40.0,206.0,370.0,44.0,78.0,368.0,41.247800999999995,207.26406,369.349336,-1.2478009999999955,-1.2640600000000006,0.6506640000000061,1.8916180005743757,128.07810117268292
2736.0,12.0,176.0,376.0,22.0,30.0,374.0,11.719372999999997,175.74138200000002,374.971188,0.2806270000000026,0.25861799999998425,1.0288120000000163,1.097309853412894,146.3557310118056
2737.0,16.0,178.0,376.0,26.0,34.0,376.0,15.886649000000002,177.82928600000002,376.538824,0.11335099999999798,0.17071399999997539,-0.5388239999999769,0.5764746498962172,144.34680460612904
2738.0,48.0,200.0,386.0,56.0,76.0,390.0,50.253883,202.80401600000002,387.33182999999997,-2.253883000000002,-2.8040160000000185,-1.331829999999968,3.836178496217952,124.32216214336043
2739.0,612.0,440.0,386.0,614.0,568.0,400.0,611.958107,440.1618619999999,386.39191000000005,0.0418929999999591,-0.16186199999992823,-0.3919100000000526,0.42608423884604624,128.778880256042
2740.0,68.0,282.0,388.0,44.0,170.0,394.0,65.419541,279.009952,389.54351599999995,2.5804590000000047,2.9900480000000016,-1.5435159999999541,4.240471357672504,114.69960767151734
2741.0,38.0,188.0,392.0,46.0,54.0,394.0,36.79621300000001,188.34661400000002,390.93230000000005,1.2037869999999913,-0.34661400000001663,1.0676999999999452,1.6459731760769596,134.25349157470728
2742.0,380.0,96.0,394.0,480.0,80.0,402.0,380.892119,95.79548,394.688666,-0.8921189999999797,0.20452000000000226,-0.688666000000012,1.1454106687633834,101.58740079360236
2743.0,18.0,174.0,396.0,30.0,30.0,400.0,18.173973,173.914378,396.230092,-0.17397300000000016,0.08562200000000075,-0.23009200000001329,0.30089875386416326,144.55448799674122
2744.0,122.0,232.0,396.0,124.0,140.0,402.0,119.855715,234.97602,396.00286200000005,2.1442849999999964,-2.9760200000000054,-0.0028620000000501022,3.668059622289286,92.21713506718802
2745.0,508.0,108.0,402.0,620.0,144.0,412.0,506.4264229999999,109.22911199999999,401.30860200000006,1.573577000000114,-1.2291119999999864,0.6913979999999356,2.1130291237645626,118.06777714516353
2746.0,354.0,216.0,402.0,402.0,208.0,414.0,353.6878909999999,215.65956599999998,403.42314999999996,0.3121090000000777,0.3404340000000161,-1.4231499999999642,1.496216314152789,50.11985634456667
2747.0,560.0,382.0,402.0,576.0,482.0,418.0,560.220213,383.385932,402.39702,-0.22021299999994426,-1.3859320000000253,-0.3970199999999977,1.4583984895744522,102.52804494381037
2748.0,68.0,184.0,406.0,84.0,60.0,412.0,68.05135499999999,183.30484,405.391702,-0.05135499999998672,0.6951599999999871,0.6082979999999907,0.9251546997280884,125.1718818265508
2749.0,488.0,280.0,410.0,532.0,334.0,424.0,487.580617,279.87312399999996,409.351944,0.4193829999999821,0.1268760000000384,0.6480559999999969,0.7822762933906349,71.04927867332644
2750.0,420.0,476.0,410.0,376.0,536.0,426.0,418.922751,477.424032,409.44568200000003,1.0772489999999948,-1.424032000000011,0.5543179999999666,1.869652638900869,76.10519036176179
2751.0,48.0,180.0,412.0,62.0,50.0,418.0,48.408665,181.31188600000002,410.554856,-0.40866499999999917,-1.3118860000000154,1.4451440000000275,1.9941146255812676,130.8892661756494
2752.0,80.0,202.0,412.0,90.0,86.0,420.0,79.551029,202.027286,411.598796,0.44897100000000023,-0.027286000000003696,0.401204000000007,0.6027305652221447,116.70475568716127
2753.0,498.0,430.0,422.0,486.0,512.0,442.0,498.305835,430.33094600000004,422.21611800000005,-0.30583500000000186,-0.33094600000003993,-0.21611800000005132,0.4997672378868484,85.25256594378845
2754.0,426.0,434.0,426.0,400.0,486.0,446.0,424.74841699999996,432.52401199999997,426.30004800000006,1.2515830000000392,1.4759880000000294,-0.3000480000000607,1.9583231051941405,61.48170459575759
2755.0,518.0,498.0,426.0,484.0,598.0,448.0,519.179521,497.73969999999997,426.10593600000004,-1.1795210000000225,0.2603000000000293,-0.10593600000004244,1.2125379645755745,107.88883167408942
2756.0,464.0,208.0,428.0,534.0,242.0,444.0,465.383873,208.054658,426.83926399999996,-1.3838729999999941,-0.054657999999989215,1.1607360000000426,1.8070417922087696,79.44809626416482
2757.0,510.0,292.0,430.0,554.0,356.0,450.0,510.63785499999994,291.502486,430.265122,-0.637854999999945,0.49751400000002377,-0.2651220000000194,0.8512748416962431,80.19975062305369
2758.0,278.0,300.0,430.0,280.0,270.0,446.0,275.304521,295.86904400000003,429.59450400000003,2.6954789999999775,4.130955999999969,0.405495999999971,4.949225345384124,34.058772731852805
2759.0,94.0,166.0,434.0,120.0,50.0,448.0,93.75455699999999,166.524536,434.805108,0.24544300000000874,-0.5245360000000119,-0.8051080000000184,0.9917556015516354,119.69962405956002
2760.0,498.0,94.0,436.0,618.0,122.0,454.0,499.53312900000003,93.06141799999999,436.00092000000006,-1.5331290000000308,0.9385820000000109,-0.0009200000000646469,1.7976155172241686,124.53112060846478
2761.0,476.0,438.0,438.0,458.0,514.0,460.0,477.232169,439.33979,437.10172,-1.232168999999999,-1.3397899999999936,0.8982799999999997,2.02982379704766,81.14185110040317
2762.0,410.0,106.0,440.0,508.0,100.0,458.0,408.36605899999995,104.602516,440.17399,1.6339410000000498,1.3974840000000057,-0.17399000000000342,2.1570807221421227,99.81983770774224
2763.0,186.0,168.0,440.0,226.0,88.0,456.0,186.08544300000003,168.573658,440.29475,-0.08544300000002636,-0.5736579999999947,-0.29475000000002183,0.6505855591027296,90.86253353280438
2764.0,348.0,454.0,440.0,304.0,482.0,462.0,349.253157,454.5297959999999,440.00862000000006,-1.2531569999999874,-0.5297959999999193,-0.008620000000064465,1.360573618980202,56.60388679233962
2765.0,504.0,474.0,440.0,476.0,564.0,464.0,504.264003,473.553864,439.67275000000006,-0.26400300000000243,0.44613600000002407,0.3272499999999354,0.6130476955384307,97.26253132630262
2766.0,568.0,414.0,442.0,572.0,518.0,468.0,566.934673,412.8877,442.955968,1.0653270000000248,1.1123000000000047,-0.9559679999999844,1.8127348741481841,107.27534665523109
2767.0,486.0,474.0,444.0,454.0,556.0,466.0,485.10502299999996,473.07620199999997,441.53411400000005,0.8949770000000399,0.9237980000000334,2.465885999999955,2.7811832626292197,90.73036977771004
2768.0,46.0,180.0,446.0,60.0,48.0,460.0,46.718391,180.68615200000002,445.005754,-0.7183909999999969,-0.6861520000000212,0.9942459999999755,1.4054946831991133,133.47658970770868
2769.0,172.0,530.0,448.0,70.0,500.0,470.0,172.16906300000002,529.4318579999999,447.68652199999997,-0.1690630000000226,0.5681420000000799,0.3134780000000319,0.6705490933683517,108.57255638511971
2770.0,152.0,136.0,450.0,200.0,38.0,466.0,152.96492899999998,136.575628,449.24129600000003,-0.9649289999999837,-0.5756279999999947,0.7587039999999661,1.3557534174918797,110.2905254316979
2771.0,452.0,478.0,450.0,414.0,550.0,476.0,452.551837,478.91027399999996,450.02970000000005,-0.5518369999999777,-0.9102739999999585,-0.02970000000004802,1.064896670876993,85.46344247688599
2772.0,370.0,332.0,456.0,376.0,348.0,480.0,370.508355,331.854812,455.96327800000006,-0.5083549999999946,0.14518800000001875,0.036721999999940635,0.529955532712883,29.46183972531247
2773.0,304.0,446.0,456.0,254.0,454.0,480.0,303.278893,445.94537,455.38232400000004,0.7211070000000177,0.05462999999997464,0.6176759999999604,0.9510538277747342,56.0357029044876
2774.0,388.0,470.0,456.0,342.0,514.0,484.0,387.30881700000003,469.73147399999993,457.431824,0.6911829999999668,0.2685260000000653,-1.431824000000006,1.6124391830828864,69.54135460285484
2775.0,178.0,178.0,458.0,214.0,94.0,476.0,178.504181,176.550586,456.67927599999996,-0.5041809999999884,1.4494139999999902,1.320724000000041,2.0246756057040516,93.14504817756014
2776.0,402.0,378.0,458.0,394.0,414.0,484.0,401.702605,378.50245399999994,458.34117200000003,0.2973949999999945,-0.5024539999999433,-0.3411720000000287,0.676241186060831,45.12205669071391
2777.0,598.0,436.0,460.0,600.0,556.0,490.0,598.780299,435.351816,460.364006,-0.7802990000000136,0.6481840000000147,-0.3640060000000176,1.0777334528041027,123.70933675353692
2778.0,362.0,450.0,460.0,320.0,482.0,488.0,361.924509,450.6229119999999,461.221716,0.07549099999999953,-0.6229119999999284,-1.221716000000015,1.3734293704013132,59.76621118993574
2779.0,388.0,382.0,462.0,376.0,410.0,488.0,386.71090100000004,380.11269599999997,461.770172,1.2890989999999647,1.8873040000000287,0.2298279999999977,2.297066287637563,40.049968789001575
2780.0,186.0,134.0,464.0,240.0,48.0,488.0,186.851455,134.16118,466.91861000000006,-0.8514549999999872,-0.16118000000000166,-2.918610000000058,3.0445424847627462,104.34557968596465
2781.0,70.0,174.0,472.0,90.0,48.0,494.0,70.342243,173.217286,472.693982,-0.3422429999999963,0.7827139999999986,-0.6939820000000054,1.1006282265910696,129.46041866145808
2782.0,460.0,470.0,476.0,426.0,542.0,508.0,460.08849299999997,469.884902,476.27873999999997,-0.08849299999997129,0.11509799999998904,-0.2787399999999707,0.3142841839052294,85.81375181169973
2783.0,518.0,462.0,478.0,496.0,554.0,512.0,517.643477,461.050032,479.010716,0.35652300000003834,0.9499680000000126,-1.0107160000000022,1.4321643352664022,100.5186549850325
2784.0,536.0,166.0,484.0,630.0,220.0,516.0,534.920231,166.700214,485.55279400000006,1.0797690000000557,-0.7002139999999883,-1.5527940000000626,2.0167721600600546,113.03096920755833
2785.0,538.0,184.0,484.0,626.0,244.0,514.0,538.037183,186.371054,483.64716999999996,-0.03718300000002728,-2.3710539999999867,0.35283000000003995,2.3974504489780317,110.65260954898443
2786.0,406.0,494.0,484.0,356.0,550.0,518.0,407.864601,494.39789599999995,484.777112,-1.8646009999999933,-0.39789599999994607,-0.7771119999999883,2.0588737641149626,82.41359111214607
2787.0,398.0,146.0,486.0,480.0,144.0,514.0,398.566359,146.61906399999998,485.69026600000007,-0.5663589999999772,-0.6190639999999803,0.3097339999999349,0.8943924774576928,86.6717947200818
2788.0,490.0,458.0,486.0,466.0,538.0,520.0,490.241425,456.493822,485.930928,-0.24142499999999245,1.5061779999999771,0.06907200000000557,1.5269673013830152,90.17760254076397
2789.0,474.0,484.0,486.0,438.0,564.0,520.0,475.246719,483.97794999999996,485.77741000000003,-1.2467189999999846,0.022050000000035652,0.2225899999999683,1.2666257440779218,94.08506789071261
2790.0,382.0,506.0,488.0,322.0,554.0,522.0,382.520601,506.384682,488.20115999999996,-0.5206009999999992,-0.38468199999999797,-0.20115999999995893,0.6778428932466439,84.02380615040002
2791.0,538.0,438.0,490.0,528.0,536.0,524.0,537.9375429999999,438.85946,488.877706,0.062457000000108565,-0.8594600000000128,1.1222940000000108,1.4149615510271152,104.21132376090422
2792.0,404.0,494.0,490.0,352.0,548.0,524.0,404.29081099999996,493.941996,489.74063,-0.2908109999999624,0.058003999999982625,0.2593699999999899,0.39396484441758367,82.3164625090267
2793.0,542.0,298.0,494.0,586.0,374.0,528.0,540.901125,297.929358,493.77874800000006,1.098875000000021,0.07064200000002074,0.22125199999993583,1.1231513723862072,94.17005893594843
2794.0,454.0,486.0,494.0,414.0,558.0,530.0,455.127037,485.65226199999995,494.18138,-1.127036999999973,0.3477380000000494,-0.1813799999999901,1.1933284629191454,89.88882021697692
2795.0,66.0,164.0,496.0,88.0,34.0,522.0,65.402085,163.130212,495.81796399999996,0.5979150000000004,0.8697879999999998,0.18203600000003917,1.0710605106458806,134.38749941865873
2796.0,436.0,518.0,496.0,378.0,588.0,532.0,434.97447900000003,518.344114,495.66421,1.0255209999999693,-0.3441139999999905,0.3357899999999745,1.1326352857548245,97.77525249264254
2797.0,526.0,180.0,500.0,614.0,232.0,534.0,525.773203,180.36021799999997,500.248974,0.22679700000003322,-0.36021799999997484,-0.2489739999999756,0.493134808555414,107.72186407596185
2798.0,402.0,476.0,502.0,356.0,528.0,536.0,402.305943,477.476808,499.79209000000003,-0.3059430000000134,-1.4768080000000054,2.20790999999997,2.6738417223562223,77.30459236035075
2799.0,434.0,508.0,508.0,380.0,574.0,546.0,433.01462499999997,507.08093599999995,507.29352000000006,0.9853750000000332,0.9190640000000485,0.7064799999999423,1.521432389927687,93.35952013587045
2800.0,50.0,186.0,510.0,60.0,54.0,538.0,48.992841,186.107368,508.84746400000006,1.0071590000000015,-0.10736800000000812,1.152535999999941,1.5343521010514074,135.30705820466278
2801.0,464.0,424.0,510.0,448.0,492.0,552.0,464.579523,425.7382759999999,512.810446,-0.5795229999999947,-1.738275999999928,-2.8104459999999563,3.355004780714999,81.51073548925933
2802.0,524.0,428.0,510.0,514.0,520.0,548.0,523.115363,430.29910600000005,508.81689400000005,0.8846369999999979,-2.2991060000000516,1.1831059999999525,2.732802742285129,100.0399920031984
2803.0,476.0,438.0,510.0,456.0,510.0,548.0,475.44240099999996,437.607256,509.269712,0.5575990000000388,0.3927439999999933,0.7302879999999732,0.9992422415415588,83.83316766053875
2804.0,484.0,498.0,510.0,444.0,582.0,552.0,484.884737,496.7170359999999,511.74696000000006,-0.8847369999999728,1.2829640000001064,-1.7469600000000582,2.3410735627197683,102.07840124139877
2805.0,490.0,524.0,510.0,440.0,616.0,550.0,490.603199,524.158856,509.72062600000004,-0.6031990000000178,-0.15885600000001432,0.2793739999999616,0.6834720873693413,112.08925015361643
2806.0,122.0,192.0,514.0,146.0,88.0,548.0,124.75953899999999,190.26725,516.138734,-2.7595389999999895,1.73275000000001,-2.1387339999999995,3.8976481598236874,112.01785571952357
2807.0,352.0,304.0,514.0,366.0,308.0,552.0,352.990031,304.071014,515.501042,-0.9900309999999877,-0.07101399999999103,-1.501041999999984,1.7995364555687463,40.69397989875161
2808.0,504.0,512.0,514.0,462.0,606.0,556.0,505.152645,510.72656199999994,514.631836,-1.1526450000000068,1.2734380000000556,-0.6318360000000212,1.8301506950973145,111.1935249913411
2809.0,548.0,426.0,516.0,544.0,524.0,556.0,547.541971,425.68575599999997,515.1521260000001,0.45802900000001046,0.3142440000000306,0.8478739999999334,1.013622304536022,105.92450141492289
2810.0,504.0,518.0,518.0,460.0,616.0,562.0,506.254855,519.0758679999999,519.4390500000001,-2.2548550000000205,-1.0758679999999003,-1.4390500000000657,2.8831801759427154,116.0861748874516
2811.0,180.0,118.0,520.0,238.0,26.0,552.0,180.159417,118.207458,519.637992,-0.1594169999999906,-0.20745800000000258,0.36200799999994615,0.4466569082830345,113.3666617661471
2812.0,596.0,446.0,520.0,592.0,566.0,564.0,595.842009,445.9223999999999,520.925592,0.15799100000003818,0.07760000000007494,-0.9255920000000515,0.9421801667118233,127.87493890516625
2813.0,510.0,288.0,522.0,554.0,350.0,562.0,510.1015249999999,287.92921,522.1116920000001,-0.10152499999992415,0.07078999999998814,-0.11169200000006185,0.1667142842980071,85.90692637965812
2814.0,122.0,176.0,524.0,148.0,72.0,556.0,122.22449499999999,177.39152,522.875714,-0.22449499999999034,-1.391520000000014,1.1242859999999837,1.8029822309776096,111.87493016757597
2815.0,482.0,440.0,524.0,464.0,514.0,566.0,482.864421,438.810836,523.925036,-0.864420999999993,1.1891640000000052,0.07496400000002268,1.4720578403829803,86.97125962063559
2816.0,432.0,502.0,524.0,382.0,568.0,568.0,433.209163,502.11235,525.381558,-1.2091629999999896,-0.11234999999999218,-1.381558000000041,1.8394021285279318,93.76566535784833
2817.0,436.0,510.0,524.0,384.0,578.0,568.0,437.36486099999996,509.36335999999994,525.249396,-1.3648609999999621,0.6366400000000567,-1.249396000000047,1.9568204832679685,96.24967532412772
2818.0,488.0,512.0,524.0,442.0,600.0,566.0,488.141339,511.36093399999993,523.012902,-0.1413390000000163,0.6390660000000707,0.9870979999999463,1.1843751630632031,107.81465577554843
2819.0,138.0,160.0,528.0,176.0,54.0,564.0,139.373593,156.201984,529.48796,-1.3735929999999996,3.79801599999999,-1.4879600000000437,4.304150116748375,118.2201336490532
2820.0,504.0,274.0,530.0,552.0,332.0,572.0,503.956099,274.558676,530.534542,0.0439010000000053,-0.5586759999999913,-0.5345419999999876,0.7744554993935917,86.20904824900923
2821.0,222.0,596.0,530.0,102.0,594.0,574.0,222.44165700000002,595.171054,531.5874640000001,-0.4416570000000206,0.8289459999999735,-1.5874640000000682,1.844520080633765,127.82800945019835
2822.0,82.0,268.0,532.0,66.0,160.0,570.0,81.524147,267.231078,533.754766,0.47585300000000075,0.768921999999975,-1.7547660000000178,1.9740518824106486,115.6027681329474
2823.0,420.0,322.0,536.0,436.0,352.0,578.0,419.071103,320.31725199999994,535.87381,0.9288970000000063,1.6827480000000605,0.1261899999999514,1.926243594204327,54.037024344425184
2824.0,534.0,168.0,540.0,628.0,220.0,582.0,533.9698109999999,167.86209999999997,539.645438,0.03018900000006397,0.13790000000003033,0.35456199999998717,0.38163070836215884,115.34296684236972
2825.0,504.0,462.0,542.0,478.0,548.0,590.0,502.80842300000006,461.82580199999995,543.1003460000001,1.1915769999999384,0.1741980000000467,-1.1003460000000587,1.6312455394112189,101.86265262597475
2826.0,566.0,400.0,544.0,578.0,498.0,590.0,567.510273,396.972402,543.131296,-1.5102729999999838,3.027598000000012,0.8687039999999797,3.493124793612302,108.92199043352082
2827.0,532.0,168.0,546.0,626.0,220.0,590.0,532.488807,168.45987799999997,546.212186,-0.4888069999999516,-0.4598779999999749,-0.21218599999997423,0.7038770892200702,116.0861748874516
2828.0,406.0,330.0,546.0,418.0,358.0,590.0,406.75409299999995,329.776282,545.737396,-0.7540929999999548,0.2237180000000194,0.2626040000000103,0.8292568100347117,53.51635264103861
2829.0,496.0,484.0,546.0,462.0,570.0,594.0,496.13483299999996,483.120622,546.2040480000001,-0.1348329999999578,0.8793779999999742,-0.20404800000005707,0.9127547266801561,104.19213022104884
2830.0,396.0,540.0,558.0,322.0,592.0,606.0,393.17477099999996,536.73139,556.57307,2.8252290000000357,3.268609999999967,1.4269299999999703,4.549929610383099,102.39140588936164
2831.0,426.0,318.0,560.0,446.0,352.0,608.0,427.11648299999996,318.009182,560.39891,-1.1164829999999597,-0.009182000000009793,-0.39891000000000076,1.1856423518552763,62.12889826803627
2832.0,154.0,140.0,562.0,198.0,40.0,604.0,153.193467,139.991982,562.307462,0.8065330000000017,0.008017999999992753,-0.3074619999999868,0.8631874940341725,117.04699910719626
2833.0,494.0,442.0,562.0,476.0,522.0,614.0,494.709861,442.374648,563.091532,-0.7098609999999894,-0.3746479999999792,-1.0915320000000293,1.3548822348267149,97.09788875150684
2834.0,456.0,490.0,562.0,412.0,562.0,614.0,455.38188499999995,490.09760800000004,562.975156,0.6181150000000457,-0.09760800000003655,-0.9751559999999699,1.1586728180228467,99.11609354691093
2835.0,392.0,228.0,566.0,440.0,234.0,614.0,391.810989,227.929884,566.774116,0.1890109999999936,0.07011600000001295,-0.7741160000000491,0.7999356180550253,68.14690014960328
2836.0,460.0,264.0,566.0,504.0,306.0,614.0,460.275877,267.2419,565.53854,-0.27587699999997994,-3.241899999999987,0.4614599999999882,3.286178488872583,77.48548251124207
2837.0,506.0,442.0,566.0,490.0,526.0,618.0,506.666373,441.882154,566.240732,-0.6663730000000214,0.1178459999999859,-0.24073199999997996,0.7182566050298567,100.07996802557443
2838.0,44.0,212.0,576.0,44.0,80.0,620.0,44.073398999999995,211.26920800000002,575.817018,-0.07339899999999489,0.7307919999999797,0.18298200000003817,0.756919264379619,139.1402170474087
2839.0,264.0,316.0,92.0,260.0,296.0,34.0,262.757591,317.26617999999996,91.797434,1.2424090000000092,-1.266179999999963,0.20256600000000446,1.7854480950273888,61.48170459575759
2840.0,272.0,242.0,96.0,300.0,212.0,38.0,272.025259,241.629452,95.860006,-0.02525900000000547,0.37054800000001364,0.1399940000000015,0.39691580646405455,71.04927867332644
2841.0,474.0,178.0,104.0,558.0,214.0,50.0,473.14558900000003,176.22423,104.19149999999999,0.8544109999999705,1.7757699999999943,-0.19149999999999068,1.9799114878753863,106.15083607772479
2842.0,468.0,182.0,104.0,550.0,218.0,48.0,467.95114499999994,181.39305,102.55019999999999,0.048855000000060045,0.6069500000000119,1.4498000000000104,1.5724805733378873,105.62196741208714
2843.0,134.0,140.0,106.0,180.0,40.0,46.0,134.10119099999997,139.244604,105.17863399999999,-0.10119099999997161,0.7553959999999904,0.8213660000000118,1.1204931241435616,125.36347155371855
2844.0,276.0,270.0,106.0,292.0,246.0,48.0,274.745121,270.22792400000003,103.68952,1.2548790000000167,-0.22792400000003,2.3104799999999983,2.6391264624525004,64.77653896280658
2845.0,332.0,462.0,110.0,284.0,490.0,60.0,332.114989,462.036428,110.62294800000001,-0.11498899999998002,-0.03642800000000079,-0.622948000000008,0.6345184630954449,74.75292636412303
2846.0,458.0,72.0,112.0,580.0,88.0,60.0,457.554111,72.68747200000001,113.78059400000001,0.4458890000000224,-0.6874720000000138,-1.7805940000000078,1.9600892183625385,133.58143583597237
2847.0,416.0,132.0,112.0,508.0,140.0,58.0,415.1128989999999,131.796036,111.92635,0.8871010000000865,0.20396400000001336,0.07365000000000066,0.9132216707881823,106.97663296253066
2848.0,364.0,394.0,112.0,348.0,424.0,62.0,364.697335,394.128372,112.691994,-0.6973350000000096,-0.12837200000001303,-0.691993999999994,0.9907629225223401,60.4648658313239
2849.0,398.0,404.0,114.0,384.0,448.0,64.0,398.93463899999995,403.438716,113.834978,-0.9346389999999474,0.5612840000000006,0.16502199999999334,1.1026432104089248,68.05879810869422
2850.0,304.0,118.0,120.0,384.0,82.0,68.0,303.755965,119.059752,121.53061199999999,0.24403499999999667,-1.0597520000000031,-1.5306119999999908,1.8776049843545304,101.9803902718557
2851.0,342.0,330.0,120.0,346.0,342.0,68.0,341.86565300000007,330.98466199999996,118.60974,0.13434699999993427,-0.9846619999999575,1.3902599999999978,1.7089269259546742,53.51635264103861
2852.0,292.0,522.0,124.0,214.0,544.0,76.0,291.912931,522.354286,123.48252600000001,0.08706899999998541,-0.3542860000000019,0.5174739999999929,0.6331499989994405,94.19129471453293
2853.0,388.0,454.0,126.0,352.0,502.0,78.0,388.243857,453.85769199999993,124.838144,-0.24385699999999133,0.14230800000007093,1.1618560000000002,1.1956701752778718,76.83749084919418
2854.0,400.0,186.0,128.0,468.0,194.0,74.0,398.22366099999994,184.314344,124.614148,1.776339000000064,1.6856559999999945,3.385852,4.178613425427292,87.20091742636656
2855.0,376.0,426.0,134.0,348.0,464.0,88.0,375.34122299999996,425.46516799999995,133.513866,0.6587770000000432,0.5348320000000513,0.48613399999999274,0.9779359232123057,65.90902821313632
2856.0,440.0,236.0,138.0,496.0,270.0,92.0,439.918433,236.26927999999998,138.28584,0.08156700000000683,-0.26927999999998065,-0.2858400000000074,0.40108527707832275,80.049984384758
2857.0,246.0,164.0,140.0,300.0,110.0,90.0,245.965553,162.871208,139.700672,0.034447000000000116,1.1287920000000042,0.2993280000000027,1.168312983175746,91.27978965795221
2858.0,380.0,420.0,140.0,356.0,460.0,96.0,380.590555,420.35470399999997,140.071638,-0.5905549999999948,-0.3547039999999697,-0.0716380000000072,0.6926053267806807,64.1248781675256
2859.0,438.0,258.0,144.0,488.0,290.0,98.0,438.95958899999994,253.94947599999998,143.0067,-0.9595889999999372,4.050524000000024,0.993300000000005,4.279509389345592,75.09993342207434
2860.0,472.0,272.0,144.0,518.0,324.0,100.0,471.135839,272.59071,144.06333,0.8641610000000242,-0.5907100000000014,-0.06333000000000766,1.04867689348104,82.19489035213807
2861.0,516.0,284.0,144.0,564.0,354.0,100.0,514.686693,283.94434,143.437804,1.3133070000000089,0.05565999999998894,0.5621960000000001,1.4296634758799087,95.60334722173695
2862.0,298.0,446.0,146.0,250.0,458.0,104.0,297.771473,446.436726,147.25803200000001,0.2285269999999855,-0.4367260000000215,-1.2580320000000142,1.3511471799286146,64.89992295835181
2863.0,380.0,102.0,150.0,478.0,92.0,104.0,379.733639,102.742278,150.37049000000002,0.2663610000000176,-0.7422779999999989,-0.37049000000001797,0.8713137504395424,108.71982339941506
2864.0,338.0,198.0,152.0,392.0,186.0,108.0,337.39434099999994,198.18710399999998,153.0059,0.6056590000000597,-0.18710399999997662,-1.005899999999997,1.188976678113182,70.68238818828917
2865.0,176.0,118.0,154.0,236.0,32.0,108.0,176.10442300000003,119.071672,155.75808999999998,-0.10442300000002547,-1.0716720000000066,-1.7580899999999815,2.0616172017649044,114.50764166639709
2866.0,382.0,96.0,156.0,484.0,84.0,110.0,382.369883,95.02393999999998,155.349174,-0.3698830000000157,0.9760600000000181,0.650825999999995,1.2300735911176373,112.5344391730816
2867.0,374.0,126.0,156.0,462.0,116.0,110.0,373.598647,125.610746,155.088874,0.40135299999997187,0.389253999999994,0.9111259999999959,1.0689964897046975,99.7997995989972
2868.0,486.0,184.0,156.0,566.0,230.0,112.0,484.091933,187.18093,154.7561,1.9080670000000168,-3.1809299999999894,1.2438999999999965,3.9123295555703113,102.23502335305646
2869.0,482.0,192.0,156.0,562.0,234.0,114.0,482.04245699999996,191.348714,156.36954400000002,-0.042456999999956224,0.6512859999999989,-0.36954400000001897,0.7500258786075378,99.6393496566492
2870.0,338.0,460.0,158.0,294.0,488.0,118.0,339.896211,458.44649000000004,158.115726,-1.8962109999999939,1.5535099999999602,-0.11572599999999511,2.454058268195124,65.72670690061993
2871.0,280.0,262.0,160.0,302.0,236.0,116.0,280.536615,260.518462,159.472986,-0.5366149999999834,1.4815380000000005,0.5270140000000083,1.6615216699956075,55.641710972974224
2872.0,430.0,438.0,160.0,406.0,500.0,122.0,430.08914300000004,438.69224999999994,160.60721,-0.0891430000000355,-0.6922499999999445,-0.6072100000000091,0.9251272999154985,76.57675887630658
2873.0,464.0,132.0,162.0,564.0,160.0,120.0,464.400359,133.381848,162.167818,-0.40035899999998037,-1.3818479999999909,-0.16781800000001112,1.44843160180554,112.01785571952357
2874.0,324.0,442.0,162.0,282.0,462.0,122.0,323.843749,441.400666,161.775932,0.15625099999999748,0.5993339999999989,0.2240679999999884,0.6586517191816876,61.35144660071187
2875.0,430.0,300.0,164.0,462.0,338.0,126.0,431.498537,298.28211799999997,165.519704,-1.498536999999999,1.7178820000000314,-1.5197039999999902,2.739750345179114,62.545983084447556
2876.0,460.0,344.0,168.0,478.0,402.0,132.0,460.636593,343.914986,169.57201600000002,-0.6365930000000048,0.08501400000000103,-1.5720160000000192,1.6981496789450177,70.59745037889117
2877.0,346.0,428.0,174.0,312.0,454.0,136.0,345.203433,427.520496,173.172488,0.7965669999999818,0.4795040000000199,0.8275120000000129,1.2446763361006794,57.23635208501674
2878.0,318.0,506.0,178.0,248.0,532.0,142.0,315.816083,504.831536,177.513886,2.183917000000008,1.1684639999999717,0.4861139999999864,2.524105465938568,82.89752710425083
2879.0,268.0,118.0,182.0,342.0,66.0,140.0,267.61425699999995,118.245826,180.961904,0.3857430000000477,-0.24582599999999388,1.038095999999996,1.1344035391081189,99.71960689854328
2880.0,474.0,188.0,184.0,556.0,228.0,148.0,476.130019,188.57672,184.336334,-2.1300190000000043,-0.5767199999999946,-0.3363339999999937,2.2321978985558175,98.08159868191383
2881.0,398.0,230.0,184.0,448.0,246.0,150.0,396.904881,230.66231599999998,186.376288,1.095119000000011,-0.6623159999999757,-2.376287999999988,2.6990170001244778,62.545983084447556
2882.0,450.0,268.0,188.0,496.0,312.0,156.0,451.43024700000007,269.52986,190.221226,-1.4302470000000653,-1.5298599999999851,-2.2212260000000015,3.052854900529199,71.2460525222275
2883.0,420.0,310.0,190.0,442.0,346.0,156.0,418.31230500000004,309.99038199999995,190.12001600000002,1.6876949999999624,0.009618000000045868,-0.120016000000021,1.6919842668313672,54.18486873657626
2884.0,308.0,450.0,192.0,262.0,464.0,158.0,309.151499,448.50469799999996,191.365142,-1.1514990000000012,1.4953020000000379,0.6348580000000084,1.9912113645640752,58.88972745734183
2885.0,400.0,324.0,194.0,414.0,356.0,160.0,399.191775,325.079846,193.43728199999998,0.8082249999999931,-1.079845999999975,0.562718000000018,1.4614877973712115,48.744230427815765
2886.0,332.0,424.0,194.0,298.0,444.0,162.0,331.96045499999997,423.64218199999993,194.67807399999998,0.03954500000003236,0.3578180000000657,-0.678073999999981,0.7677121059518495,50.79370039680118
2887.0,264.0,558.0,194.0,168.0,572.0,160.0,264.219267,556.889324,192.238542,-0.2192670000000021,1.1106760000000122,1.7614580000000046,2.0938991093242874,102.80077820717118
2888.0,396.0,320.0,196.0,412.0,348.0,162.0,395.57467499999996,319.40248399999996,195.184126,0.4253250000000435,0.5975160000000415,0.815874000000008,1.0970766198206483,46.861498055439924
2889.0,492.0,356.0,196.0,510.0,428.0,164.0,492.56026299999996,356.111246,195.296122,-0.5602629999999635,-0.11124599999999418,0.7038780000000031,0.9064847161254085,80.820789404707
2890.0,442.0,266.0,198.0,490.0,306.0,168.0,445.31655299999994,266.54389399999997,200.160952,-3.316552999999942,-0.5438939999999661,-2.160952000000009,3.9956298666604013,69.31089380465383
2891.0,514.0,354.0,198.0,536.0,434.0,168.0,514.362205,354.053128,198.35246800000002,-0.3622050000000172,-0.05312800000001516,-0.352468000000016,0.5081817956529192,88.2269800004511
2892.0,480.0,350.0,200.0,498.0,416.0,170.0,480.168211,349.964246,200.42615800000002,-0.16821099999998523,0.03575399999999718,-0.42615800000001514,0.45954752746697236,74.6993975879324
2893.0,434.0,290.0,206.0,468.0,328.0,174.0,433.99869499999994,289.41807600000004,204.937834,0.0013050000000589534,0.5819239999999581,1.0621659999999906,1.2111291658435657,60.199667773169644
2894.0,280.0,522.0,206.0,200.0,538.0,176.0,280.387509,522.304088,205.576316,-0.38750900000002275,-0.3040879999999788,0.4236840000000086,0.6497236864090858,86.92525524840292
2895.0,396.0,248.0,208.0,442.0,264.0,180.0,397.199475,246.50177,210.775726,-1.1994750000000067,1.4982300000000066,-2.7757259999999917,3.374624162125464,56.178287620752556
2896.0,472.0,304.0,208.0,506.0,360.0,180.0,471.907987,304.46413799999993,209.250446,0.09201300000000856,-0.46413799999993444,-1.2504460000000108,1.3369763177143295,71.2460525222275
2897.0,302.0,418.0,210.0,266.0,426.0,182.0,302.593689,418.168458,211.466824,-0.5936889999999835,-0.1684579999999869,-1.4668240000000026,1.591357085465416,46.3033476111609
2898.0,450.0,182.0,212.0,526.0,208.0,184.0,447.94350699999995,181.18444599999998,214.248366,2.056493000000046,0.8155540000000201,-2.2483660000000043,3.1542735226865224,85.06468127254695
2899.0,492.0,456.0,212.0,468.0,542.0,184.0,489.76248899999996,455.814308,210.54876,2.2375110000000404,0.1856920000000173,1.4512400000000127,2.6733938227625993,93.57350052231668
2900.0,260.0,536.0,212.0,172.0,546.0,184.0,260.78326899999996,535.87826,212.195372,-0.7832689999999616,0.12174000000004526,-0.19537199999999189,0.8163952304766042,92.88702815786498
2901.0,456.0,120.0,216.0,562.0,136.0,180.0,457.15142699999996,115.835026,211.633694,-1.1514269999999556,4.164974000000001,4.366306000000009,6.143079084843445,113.08403954581743
2902.0,274.0,532.0,216.0,190.0,546.0,188.0,274.807553,531.237434,215.369952,-0.8075529999999844,0.7625659999999925,0.630047999999988,1.2769531058221943,89.64373932405988
2903.0,350.0,178.0,218.0,416.0,166.0,188.0,351.573417,177.183584,218.662856,-1.5734170000000063,0.8164160000000038,-0.662856000000005,1.8924994630596417,73.48469228349535
2904.0,444.0,118.0,220.0,546.0,134.0,190.0,444.28910099999996,118.53784999999999,219.943572,-0.28910099999995964,-0.5378499999999917,0.056428000000011025,0.6132260022903212,107.5174404457249
2905.0,510.0,182.0,220.0,598.0,234.0,192.0,510.73138499999993,182.74788199999998,220.077544,-0.731384999999932,-0.7478819999999757,-0.07754399999998896,1.04893497228611,105.98113039593416
2906.0,444.0,190.0,220.0,518.0,216.0,192.0,443.88114699999994,189.558918,220.752902,0.11885300000005827,0.4410819999999944,-0.752902000000006,0.8806479364292055,83.28265125462805
2907.0,306.0,108.0,224.0,390.0,68.0,192.0,305.91076699999996,107.826494,223.272338,0.08923300000003564,0.17350600000000327,0.7276620000000094,0.7533650154931679,98.38699100999075
2908.0,360.0,252.0,224.0,398.0,256.0,196.0,361.072499,251.87994199999997,224.23483000000002,-1.0724989999999934,0.12005800000002864,-0.23483000000001653,1.1044515187481072,47.37087712930804
2909.0,264.0,548.0,224.0,172.0,562.0,196.0,265.055461,548.42854,221.83518,-1.0554609999999798,-0.42853999999999814,2.1648199999999918,2.4462399895596754,97.18024490605073
2910.0,254.0,550.0,224.0,158.0,560.0,198.0,253.67413900000003,550.533586,223.57831000000002,0.32586099999997487,-0.5335860000000139,0.4216899999999839,0.7541365041005408,99.9599919967984
2911.0,284.0,266.0,226.0,302.0,242.0,198.0,282.84765699999997,265.97858199999996,226.592344,1.1523430000000303,0.021418000000039683,-0.5923439999999971,1.2958489629231749,41.036569057366385
2912.0,384.0,390.0,228.0,372.0,426.0,204.0,385.166909,390.82402,228.886932,-1.1669089999999755,-0.8240200000000186,-0.8869320000000016,1.6814677955004005,44.8998886412873
2913.0,386.0,278.0,230.0,416.0,296.0,204.0,385.539415,278.36194,230.204218,0.4605849999999805,-0.36194000000000415,-0.20421799999999735,0.6203580396424181,43.58898943540674
2914.0,380.0,390.0,230.0,368.0,422.0,204.0,381.01792900000004,388.755568,228.95812,-1.0179290000000378,1.2444320000000175,1.041879999999992,1.9158038485359359,42.941821107167776
2915.0,444.0,186.0,232.0,520.0,212.0,206.0,444.52280299999995,186.06671999999998,232.261502,-0.5228029999999535,-0.06671999999997524,-0.26150200000000723,0.5883517920538289,84.42748367682174
2916.0,472.0,398.0,232.0,468.0,466.0,206.0,470.19226899999995,396.968832,229.49322,1.8077310000000466,1.0311679999999797,2.506779999999992,3.2580891303009327,72.91090453423274
2917.0,450.0,138.0,236.0,546.0,158.0,210.0,450.715685,137.38272199999997,236.042108,-0.7156850000000077,0.6172780000000273,-0.042108000000013135,0.946049804277262,101.44949482377919
2918.0,432.0,306.0,236.0,458.0,346.0,212.0,431.25809699999996,306.375278,235.915472,0.7419030000000362,-0.37527799999998024,0.08452800000000593,0.8357024718624684,53.40411969127476
2919.0,448.0,116.0,238.0,550.0,134.0,212.0,447.5987329999999,117.71188199999997,237.947732,0.4012670000000753,-1.7118819999999744,0.05226799999999798,1.7590585922694482,106.78951259369995
2920.0,518.0,450.0,240.0,502.0,546.0,220.0,517.553617,450.43334600000003,239.804624,0.4463829999999689,-0.43334600000002865,0.1953760000000102,0.6520876626505067,99.35793878699377
2921.0,368.0,338.0,248.0,372.0,358.0,228.0,367.69619299999994,338.21478,249.373648,0.303807000000063,-0.21478000000001884,-1.3736480000000029,1.4231436925177494,28.5657137141714
2922.0,516.0,188.0,250.0,602.0,242.0,230.0,516.268593,188.29431399999999,251.095728,-0.26859300000000985,-0.29431399999998575,-1.0957280000000083,1.1659257181437481,103.49879226348489
2923.0,258.0,512.0,250.0,178.0,518.0,230.0,258.58241300000003,513.007002,250.191956,-0.5824130000000309,-1.0070020000000568,-0.19195600000000468,1.1790271568158013,82.68010643437755
2924.0,278.0,178.0,254.0,330.0,138.0,230.0,277.843321,178.19204200000001,253.908584,0.1566789999999969,-0.19204200000001492,0.09141600000000949,0.2641691198096524,69.85699678629192
2925.0,372.0,342.0,256.0,374.0,366.0,236.0,371.404773,343.989402,255.820924,0.5952270000000226,-1.9894019999999841,0.17907600000000912,2.08424655760996,31.304951684997057
2926.0,368.0,352.0,256.0,366.0,374.0,236.0,367.269229,352.286066,255.770164,0.7307710000000043,-0.28606600000000526,0.22983600000000592,0.8177313725747668,29.79932885150268
2927.0,424.0,98.0,258.0,530.0,102.0,236.0,423.95157299999994,98.27787,258.114412,0.048427000000060616,-0.27786999999999296,-0.11441200000001572,0.30437972497031657,108.33282051160673
2928.0,270.0,214.0,258.0,306.0,176.0,236.0,269.133691,214.019762,258.503782,0.8663090000000011,-0.019761999999985846,-0.5037820000000011,1.0023363325994934,56.78027826631356
2929.0,484.0,294.0,262.0,522.0,352.0,244.0,482.84575499999994,294.710058,261.697766,1.15424500000006,-0.7100580000000036,0.30223399999999856,1.3884557155866162,71.63797875428926
2930.0,264.0,502.0,262.0,188.0,506.0,244.0,263.35961299999997,501.21814000000006,261.751316,0.6403870000000325,0.7818599999999378,0.24868400000002566,1.0407902292128597,78.20485918406861
2931.0,406.0,122.0,266.0,500.0,122.0,246.0,405.933253,121.71664,266.23889199999996,0.06674700000002076,0.28336000000000183,-0.23889199999996436,0.37658656278867253,96.1041102138717
2932.0,284.0,296.0,266.0,292.0,274.0,246.0,283.840653,293.912416,265.595108,0.15934700000002522,2.0875839999999926,0.404892000000018,2.132448347587578,30.789608636681304
2933.0,496.0,182.0,270.0,580.0,224.0,252.0,494.691063,180.240192,269.466042,1.3089370000000145,1.7598079999999925,0.5339579999999842,2.2572885089409804,95.62426470305536
2934.0,418.0,336.0,274.0,432.0,378.0,258.0,419.79929300000003,338.44942,273.371028,-1.7992930000000342,-2.449419999999975,0.6289719999999761,3.103662258209319,47.07440918375928
2935.0,514.0,338.0,274.0,540.0,412.0,258.0,512.570579,336.792372,272.34220600000003,1.4294210000000476,1.2076279999999997,1.6577939999999671,2.4999781455166814,80.049984384758
2936.0,500.0,166.0,282.0,592.0,208.0,268.0,500.000143,164.84242,282.701058,-0.00014299999998002022,1.1575799999999958,-0.7010579999999891,1.353319546970698,102.09799214480175
2937.0,450.0,380.0,284.0,452.0,438.0,272.0,451.078305,380.01176399999997,284.004016,-1.0783050000000003,-0.01176399999997102,-0.004015999999978703,1.0783766470844034,59.262129560116215
2938.0,252.0,392.0,284.0,220.0,374.0,274.0,254.16112900000002,390.613464,287.74381600000004,-2.1611290000000167,1.3865359999999782,-3.743816000000038,4.539726740211717,38.05259518088089
2939.0,500.0,132.0,286.0,604.0,170.0,272.0,499.4761249999999,132.23178,286.368692,0.5238750000000891,-0.23177999999998633,-0.36869200000001,0.6812494219367048,111.60645142642964
2940.0,462.0,166.0,286.0,548.0,196.0,270.0,462.704491,166.976036,284.736678,-0.7044910000000186,-0.9760359999999935,1.2633220000000165,1.744974589517296,92.47702417357513
2941.0,376.0,140.0,288.0,458.0,130.0,272.0,375.614361,139.10567,287.68752800000004,0.38563900000002604,0.8943299999999965,0.312471999999957,1.0228305519512932,84.14273587185052
2942.0,420.0,358.0,288.0,424.0,400.0,276.0,419.470527,357.800524,287.90069,0.5294729999999959,0.1994760000000042,0.09931000000000267,0.5744517459325873,43.86342439892262
2943.0,508.0,222.0,292.0,576.0,278.0,280.0,505.886985,223.515752,291.78064800000004,2.1130150000000185,-1.515751999999992,0.21935199999995803,2.609684236767551,88.90444308357148
2944.0,498.0,400.0,292.0,498.0,480.0,282.0,497.842451,400.78783,291.42775800000004,0.15754900000001726,-0.7878299999999854,0.5722419999999602,0.9863866903324157,80.62257748298549
2945.0,526.0,432.0,292.0,516.0,528.0,286.0,524.353983,433.4477079999999,294.02293,1.646017000000029,-1.4477079999999205,-2.022929999999974,2.982863758613987,96.70573922989266
2946.0,500.0,234.0,294.0,568.0,288.0,282.0,502.290039,233.386064,293.34457,-2.290038999999979,0.6139359999999954,0.6554300000000239,2.4598342461468676,87.65842800324451
2947.0,496.0,368.0,298.0,510.0,440.0,290.0,496.83472300000005,366.66189799999995,298.39718200000004,-0.8347230000000536,1.338102000000049,-0.39718200000004344,1.6263557391472676,73.78346698278686
2948.0,392.0,358.0,300.0,392.0,392.0,290.0,392.650383,360.03942399999994,299.652258,-0.6503829999999766,-2.03942399999994,0.34774199999998245,2.1686799664839236,35.4400902933387
2949.0,482.0,392.0,300.0,482.0,462.0,292.0,480.81770900000004,391.05708599999997,299.93077200000005,1.1822909999999638,0.9429140000000302,0.06922799999995277,1.513833325059587,70.45565981523414
2950.0,388.0,60.0,302.0,502.0,42.0,288.0,387.05957699999993,59.43732200000001,301.608424,0.9404230000000666,0.5626779999999911,0.3915759999999864,1.163758443315925,116.25833303466896
2951.0,524.0,422.0,304.0,520.0,514.0,298.0,523.9300209999999,421.64510799999994,304.00196400000004,0.06997900000010304,0.3548920000000635,-0.0019640000000435975,0.3617309074451057,92.28217596047462
2952.0,312.0,476.0,304.0,254.0,496.0,296.0,312.522003,476.793902,304.10353399999997,-0.5220029999999838,-0.7939020000000028,-0.10353399999996782,0.9557650374275996,61.87083319303208
2953.0,392.0,176.0,308.0,462.0,180.0,298.0,391.968135,177.173506,308.365786,0.03186499999998205,-1.1735060000000033,-0.36578600000001416,1.2296060784076406,70.8237248385031
2954.0,512.0,280.0,308.0,560.0,346.0,300.0,511.32670900000005,280.712696,307.43967599999996,0.6732909999999492,-0.712695999999994,0.5603240000000369,1.1292561020747085,82.0
2955.0,502.0,456.0,308.0,482.0,544.0,304.0,502.259867,454.8958339999999,308.77389400000004,-0.25986699999998564,1.1041660000000775,-0.7738940000000412,1.373180737004866,90.33271832508971
2956.0,284.0,470.0,308.0,222.0,478.0,302.0,283.027165,471.18401399999993,309.420516,0.972834999999975,-1.1840139999999337,-1.4205160000000205,2.0895365025949784,62.80127387243033
2957.0,528.0,398.0,314.0,534.0,488.0,310.0,528.155187,397.91748199999995,314.06859,-0.15518699999995533,0.08251800000005005,-0.06858999999997195,0.1886711779604679,90.2884267223657
2958.0,338.0,168.0,318.0,402.0,148.0,308.0,337.10914299999996,168.00272999999999,317.289738,0.8908570000000395,-0.0027299999999854663,0.7102620000000002,1.1393444413315363,67.79380502671317
2959.0,480.0,438.0,318.0,462.0,516.0,314.0,479.525239,438.43404999999996,317.420522,0.4747610000000009,-0.4340499999999565,0.5794779999999946,0.8657899064466834,80.14985963805552
2960.0,436.0,178.0,322.0,512.0,198.0,316.0,435.670217,178.337088,322.611624,0.32978300000002037,-0.3370879999999943,-0.6116240000000062,0.7723140968602199,78.81624198095213
2961.0,434.0,318.0,328.0,454.0,358.0,324.0,432.29610899999994,317.829706,327.567668,1.7038910000000556,0.1702940000000126,0.43233199999997396,1.7661131177082547,44.8998886412873
2962.0,480.0,352.0,338.0,496.0,416.0,338.0,480.150887,352.118184,338.09882600000003,-0.15088700000001154,-0.11818399999998519,-0.09882600000003094,0.21564072644332774,65.96969000988257
2963.0,490.0,312.0,340.0,522.0,374.0,340.0,489.44728499999997,312.73991,340.09575600000005,0.5527150000000347,-0.739910000000009,-0.09575600000005124,0.9285094996073338,69.77105417004964
2964.0,484.0,382.0,342.0,488.0,452.0,344.0,483.35445899999996,382.231948,342.62654999999995,0.645541000000037,-0.2319479999999885,-0.626549999999952,0.9290252740829941,70.14271166700073
2965.0,64.0,262.0,344.0,52.0,144.0,340.0,64.378375,256.20032000000003,345.563306,-0.37837500000000546,5.799679999999967,-1.5633060000000114,6.018586328421372,118.67602959317438
2966.0,546.0,302.0,344.0,590.0,384.0,344.0,544.9277790000001,302.870814,342.86332600000003,1.0722209999998995,-0.8708139999999958,1.1366739999999709,1.7888551304431308,93.05912099305473
2967.0,314.0,254.0,356.0,342.0,238.0,356.0,314.33619699999997,254.007498,355.878684,-0.3361969999999701,-0.007497999999998228,0.12131599999997889,0.35749435613583436,32.2490309931942
2968.0,334.0,436.0,356.0,296.0,456.0,358.0,335.321087,435.39362399999993,355.14942600000006,-1.3210869999999773,0.6063760000000684,0.8505739999999378,1.6841730446782828,42.988370520409354
2969.0,430.0,504.0,356.0,380.0,572.0,362.0,430.811091,503.7371559999999,356.54585399999996,-0.8110909999999762,0.26284400000008645,-0.545853999999963,1.0123794584704722,84.61678320522472
2970.0,478.0,104.0,360.0,590.0,128.0,362.0,478.493787,104.10879399999999,360.70291799999995,-0.49378699999999753,-0.10879399999998896,-0.7029179999999542,0.8658842015702393,114.56002793295748
2971.0,402.0,484.0,362.0,356.0,538.0,368.0,403.37058900000005,483.6138199999999,362.01016400000003,-1.3705890000000522,0.38618000000008124,-0.010164000000031592,1.4239917507546196,71.18988692223074
2972.0,36.0,202.0,366.0,40.0,70.0,364.0,36.021625,202.048312,366.19115999999997,-0.021625000000000227,-0.0483120000000099,-0.19115999999996802,0.19835280580064588,132.07573584879245
2973.0,468.0,80.0,368.0,586.0,96.0,370.0,467.13376299999993,80.35940599999999,367.66738999999995,0.8662370000000692,-0.3594059999999928,0.33261000000004515,0.9950721708022714,119.09659944767525
2974.0,360.0,180.0,368.0,422.0,172.0,372.0,359.48011899999995,182.075846,369.32788200000005,0.5198810000000549,-2.0758460000000127,-1.327882000000045,2.518468478222674,62.6418390534633
2975.0,30.0,188.0,368.0,36.0,48.0,364.0,27.189927,185.992096,366.47962600000005,2.810072999999999,2.0079039999999964,1.520373999999947,3.773556126311204,140.18559127100045
2976.0,552.0,354.0,370.0,578.0,444.0,378.0,551.522743,352.94719799999996,370.06778599999996,0.4772570000000087,1.0528020000000424,-0.06778599999995549,1.157912447920434,94.02127418834527
2977.0,546.0,382.0,370.0,560.0,474.0,380.0,545.357877,380.95932,371.447548,0.6421229999999696,1.040680000000009,-1.4475479999999834,1.894922695476766,93.59487165438073
2978.0,58.0,176.0,372.0,76.0,48.0,372.0,58.34687100000001,175.67050400000002,372.805882,-0.34687100000000726,0.3294959999999776,-0.8058819999999969,0.937194164824443,129.2594290564522
2979.0,550.0,352.0,372.0,576.0,440.0,380.0,548.946247,350.378228,371.766346,1.0537530000000288,1.6217720000000213,0.23365400000000136,1.9481103656387464,92.10863151735563
2980.0,60.0,216.0,378.0,62.0,94.0,378.0,59.489389,215.115158,377.247252,0.5106109999999973,0.8848419999999919,0.7527479999999969,1.2689753779285784,122.01639234135715
2981.0,544.0,396.0,380.0,554.0,490.0,390.0,544.949209,395.0500579999999,379.482888,-0.9492089999999962,0.9499420000000782,0.5171119999999974,1.4390247911655791,95.05787710652916
2982.0,430.0,472.0,382.0,392.0,536.0,390.0,431.026927,472.914136,379.855234,-1.0269270000000006,-0.914135999999985,2.144766000000004,2.547595902921221,74.85986908885161
2983.0,498.0,108.0,388.0,610.0,140.0,396.0,497.4685109999999,108.56495399999999,388.30355399999996,0.5314890000000787,-0.564953999999986,-0.3035539999999628,0.8329457426225584,116.75615615461139
2984.0,16.0,174.0,388.0,28.0,30.0,390.0,16.528305,174.33708800000002,388.047424,-0.5283049999999996,-0.3370880000000227,-0.04742399999997815,0.6284771503762192,144.512975196001
2985.0,66.0,180.0,398.0,84.0,56.0,404.0,66.93756699999999,180.11864,398.88469,-0.9375669999999872,-0.11863999999999919,-0.8846899999999778,1.2945206546011294,125.44321424453376
2986.0,98.0,286.0,398.0,82.0,190.0,404.0,100.243613,284.769742,397.278628,-2.2436129999999963,1.230257999999992,0.7213719999999739,2.658516805046928,97.50897394599124
2987.0,466.0,150.0,400.0,558.0,178.0,408.0,467.055137,151.73061,397.975552,-1.055137000000002,-1.7306100000000129,2.0244480000000067,2.864736421657859,96.49870465451855
2988.0,518.0,406.0,402.0,516.0,492.0,416.0,516.177787,406.73656,400.981046,1.8222130000000334,-0.7365599999999972,1.018954000000008,2.213876262369949,87.1550342780037
2989.0,510.0,412.0,402.0,508.0,496.0,418.0,511.0199349999999,411.9442839999999,402.617394,-1.0199349999999185,0.05571600000007493,-0.6173939999999902,1.1935438945077932,85.53361912137238
2990.0,140.0,288.0,404.0,126.0,210.0,412.0,139.71195300000002,288.95017,403.34056,0.2880469999999775,-0.9501700000000142,0.6594400000000178,1.19191241989881,79.64923100695951
2991.0,396.0,444.0,404.0,362.0,488.0,418.0,395.483003,443.68530999999996,403.54995800000006,0.5169970000000035,0.31469000000004144,0.45004199999993943,0.7542237704242523,57.3410847473258
2992.0,374.0,472.0,406.0,326.0,512.0,422.0,373.787835,471.734026,406.74403800000005,0.21216500000002725,0.26597400000002835,-0.7440380000000459,0.8181373364815316,64.4980619863884
2993.0,568.0,388.0,408.0,584.0,490.0,426.0,568.591357,387.600644,408.80994,-0.5913570000000163,0.3993560000000116,-0.8099399999999832,1.0794401881461526,104.80458005259122
2994.0,278.0,256.0,416.0,298.0,226.0,428.0,277.680905,256.821934,415.273144,0.31909500000000435,-0.8219339999999988,0.726855999999998,1.1426796419456322,38.0
2995.0,52.0,186.0,418.0,64.0,58.0,426.0,52.117245,187.086508,417.00213199999996,-0.11724499999999694,-1.0865080000000091,0.9978680000000395,1.4798603209469123,128.80993750483694
2996.0,548.0,382.0,420.0,562.0,476.0,440.0,547.9812469999999,382.57710599999996,420.576674,0.018753000000060638,-0.5771059999999579,-0.5766740000000254,0.8160612186110691,97.11848433743187
2997.0,564.0,386.0,420.0,574.0,486.0,436.0,559.8712929999999,387.18936199999996,417.109604,4.128707000000077,-1.18936199999996,2.8903960000000097,5.178338777610982,101.76443386566841
2998.0,194.0,152.0,422.0,240.0,72.0,436.0,192.619383,152.30578,424.01948200000004,1.3806170000000009,-0.3057799999999986,-2.019482000000039,2.4653422191276326,93.33809511662427
2999.0,382.0,202.0,422.0,440.0,202.0,436.0,381.85781299999996,201.33151999999998,421.30505200000005,0.14218700000003537,0.6684800000000166,0.6949479999999539,0.9746975818544787,59.665735560705194
3000.0,54.0,180.0,424.0,68.0,50.0,434.0,53.217597,179.90759200000002,423.63109199999997,0.7824030000000022,0.09240799999997762,0.3689080000000331,0.8699349431635814,131.13351974228405
3001.0,182.0,534.0,426.0,80.0,510.0,442.0,182.28536900000003,534.33066,424.565016,-0.2853690000000313,-0.3306599999999662,1.4349839999999858,1.4999835272485345,106.0
3002.0,366.0,510.0,436.0,302.0,552.0,458.0,365.87294699999995,509.4077219999999,435.89745400000004,0.12705300000004627,0.5922780000000785,0.10254599999996117,0.6143707156181003,79.64923100695951
3003.0,522.0,424.0,438.0,516.0,514.0,462.0,522.321917,424.2801119999999,438.40843600000005,-0.3219169999999849,-0.2801119999999173,-0.40843600000005154,0.5906887958383721,93.33809511662427
3004.0,486.0,466.0,438.0,458.0,548.0,462.0,486.095599,465.780574,438.33013000000005,-0.09559899999999288,0.21942599999999857,-0.33013000000005377,0.4077655639911658,89.91106717195609
3005.0,586.0,442.0,452.0,584.0,560.0,478.0,587.277623,442.50325599999996,450.574394,-1.2776229999999487,-0.5032559999999648,1.4256060000000161,1.9793785890781177,120.84701072016635
3006.0,456.0,520.0,454.0,402.0,598.0,482.0,455.768845,519.389154,454.435476,0.2311550000000011,0.6108460000000377,-0.4354759999999942,0.7849871440457109,98.91410415102591
3007.0,472.0,444.0,462.0,450.0,516.0,490.0,471.810159,443.26564599999995,461.705746,0.18984100000000126,0.734354000000053,0.29425400000002355,0.8135728726506878,80.32434251209281
3008.0,384.0,470.0,462.0,338.0,514.0,488.0,384.237033,470.81031799999994,460.73237600000004,-0.23703299999999672,-0.8103179999999384,1.2676239999999552,1.5230464568058273,68.76045375068433
3009.0,468.0,538.0,466.0,412.0,628.0,498.0,471.490683,540.2578599999999,467.12667799999997,-3.49068299999999,-2.257859999999937,-1.1266779999999699,4.307226822651969,110.72488428533127
3010.0,484.0,532.0,468.0,430.0,622.0,500.0,483.935765,530.934994,468.73486,0.06423499999999649,1.0650060000000394,-0.734860000000026,1.295524270270967,109.72693379476162
3011.0,34.0,212.0,470.0,32.0,80.0,490.0,33.559031000000004,213.124648,469.36217,0.4409689999999955,-1.1246480000000076,0.6378300000000081,1.366057792249297,133.52153384379613
3012.0,466.0,510.0,470.0,416.0,592.0,502.0,465.27021499999995,511.281296,470.815978,0.7297850000000494,-1.2812959999999975,-0.8159779999999728,1.6852672435922504,101.23240587875011
3013.0,42.0,212.0,482.0,42.0,82.0,506.0,41.996641,212.23461,482.39135999999996,0.0033590000000032205,-0.23461000000000354,-0.3913599999999633,0.4563066782121131,132.19682295728592
3014.0,472.0,476.0,482.0,436.0,554.0,516.0,471.05442899999997,476.688036,482.631924,0.9455710000000295,-0.688036000000011,-0.6319240000000264,1.3292200702340844,92.39047569960877
3015.0,52.0,194.0,484.0,62.0,66.0,508.0,53.394401,194.620794,484.1088,-1.394401000000002,-0.6207939999999894,-0.1087999999999738,1.5302211537019694,130.61393493804556
3016.0,402.0,502.0,484.0,346.0,556.0,518.0,401.654567,501.66033400000003,484.76194599999997,0.3454330000000141,0.3396659999999656,-0.7619459999999663,0.9029167491861777,84.8999411071645
3017.0,350.0,364.0,486.0,340.0,376.0,518.0,350.16482299999996,363.342604,486.96908199999996,-0.16482299999995575,0.6573960000000056,-0.9690819999999576,1.1825633365147554,35.608987629529715
3018.0,502.0,252.0,490.0,558.0,304.0,522.0,500.877035,250.75372199999998,489.867574,1.122965000000022,1.246278000000018,0.13242600000000948,1.6827940723644996,82.84926070883192
3019.0,324.0,398.0,490.0,296.0,406.0,520.0,323.79551299999997,398.114336,488.49771999999996,0.20448700000002873,-0.11433599999998023,1.5022800000000416,1.5204383750961867,41.80908992073375
3020.0,472.0,484.0,492.0,434.0,562.0,528.0,471.691225,483.54150200000004,492.37975200000005,0.30877500000002556,0.4584979999999632,-0.37975200000005316,0.6706519202485164,93.93614852653903
3021.0,452.0,542.0,492.0,388.0,622.0,528.0,451.553961,542.1266919999999,491.91888800000004,0.44603899999998475,-0.12669199999993452,0.08111199999996188,0.47072370763428056,108.59097568398582
3022.0,400.0,496.0,496.0,346.0,548.0,532.0,399.701431,495.57971399999997,496.330282,0.2985689999999863,0.4202860000000328,-0.33028200000001107,0.6122662566898707,83.16249154516716
3023.0,526.0,378.0,498.0,536.0,462.0,532.0,524.9763049999999,379.352136,496.280448,1.0236950000000888,-1.3521359999999731,1.7195520000000215,2.415177487520365,91.17017056033185
3024.0,404.0,478.0,500.0,358.0,528.0,536.0,403.86013099999997,476.95683799999995,499.78063800000007,0.13986900000003288,1.043162000000052,0.21936199999993278,1.0751139392869429,76.88953114696434
3025.0,424.0,496.0,500.0,374.0,558.0,536.0,424.098165,496.11001799999997,499.32689200000004,-0.0981649999999945,-0.1100179999999682,0.6731079999999565,0.6890679989761049,87.40709353364863
3026.0,164.0,158.0,504.0,204.0,68.0,534.0,164.499899,159.509996,504.576278,-0.4998989999999992,-1.509996000000001,-0.5762780000000021,1.6917692701727989,102.95630140987001
3027.0,410.0,446.0,504.0,378.0,492.0,542.0,410.09146300000003,443.839966,505.017146,-0.09146300000003293,2.160033999999996,-1.0171460000000252,2.3892882510992766,67.70524351924303
3028.0,410.0,388.0,508.0,400.0,428.0,544.0,410.55616299999997,388.40547599999996,507.302542,-0.5561629999999695,-0.40547599999996464,0.6974579999999833,0.9798855703136535,54.735728733616035
3029.0,584.0,442.0,508.0,580.0,560.0,556.0,584.882791,444.301824,514.511434,-0.8827909999999974,-2.3018240000000105,-6.511434000000008,6.962505756766967,127.45195173083854
3030.0,410.0,482.0,508.0,362.0,536.0,546.0,409.141195,482.230942,507.855286,0.858805000000018,-0.2309420000000273,0.14471400000002177,0.9010118629546727,81.6333265278342
3031.0,468.0,436.0,514.0,448.0,506.0,554.0,468.239933,436.6370999999999,514.280276,-0.23993300000000772,-0.6370999999999185,-0.280275999999958,0.7362193223930463,83.06623862918075
3032.0,404.0,436.0,522.0,374.0,482.0,562.0,404.564537,437.303446,521.549,-0.564536999999973,-1.303446000000008,0.45100000000002183,1.4903269773056549,67.94115100585212
3033.0,458.0,436.0,522.0,436.0,500.0,564.0,457.445379,435.1915919999999,522.615534,0.5546209999999974,0.8084080000000995,-0.6155340000000251,1.1575880326183356,79.64923100695951
3034.0,126.0,168.0,526.0,158.0,60.0,560.0,126.91021500000002,165.505398,526.240954,-0.9102150000000222,2.494601999999986,-0.2409539999999879,2.6663813145806743,117.66052864066182
3035.0,460.0,434.0,526.0,438.0,498.0,568.0,458.515857,433.1563299999999,525.905872,1.4841430000000173,0.8436700000000883,0.09412799999995514,1.7097717958058591,79.64923100695951
3036.0,466.0,470.0,526.0,432.0,546.0,566.0,466.322245,471.99749199999997,523.721996,-0.32224500000000944,-1.9974919999999656,2.27800400000001,3.0468210242980986,92.36882591004391
3037.0,498.0,498.0,526.0,458.0,590.0,568.0,497.991629,499.4496459999999,524.68082,0.008371000000011009,-1.449645999999916,1.3191799999999603,1.9600457829746354,108.75660899458019
3038.0,424.0,498.0,528.0,374.0,560.0,570.0,424.929499,497.9948979999999,527.162758,-0.9294990000000212,0.005102000000078988,0.8372419999999465,1.2509870454840653,90.04443347592343
3039.0,464.0,434.0,532.0,444.0,502.0,576.0,464.29220899999996,434.78261999999995,532.378528,-0.2922089999999571,-0.7826199999999517,-0.37852799999996023,0.9171497210733203,83.42661445845684
3040.0,458.0,426.0,534.0,440.0,490.0,578.0,458.08031700000004,426.516836,534.185108,-0.08031700000003639,-0.5168360000000121,-0.18510800000001382,0.5548290214552799,79.724525711979
3041.0,464.0,420.0,536.0,450.0,484.0,582.0,464.326943,419.2933019999999,537.477922,-0.3269430000000284,0.706698000000074,-1.477922000000035,1.6704990950423249,80.049984384758
3042.0,242.0,578.0,536.0,132.0,582.0,580.0,242.68755299999998,578.104684,536.4770080000001,-0.6875529999999799,-0.1046840000000202,-0.47700800000006893,0.8433412712117451,118.54113210189955
3043.0,168.0,124.0,538.0,220.0,28.0,574.0,166.89328300000003,124.65535600000001,537.743982,1.1067169999999749,-0.6553560000000118,0.25601800000004005,1.311434032328344,114.96086290559931
3044.0,492.0,488.0,538.0,456.0,574.0,584.0,492.42139299999997,487.69166399999995,537.996,-0.4213929999999664,0.3083360000000539,0.004000000000019099,0.5221677406207751,103.96153134693621
3045.0,432.0,330.0,542.0,446.0,368.0,586.0,431.07764299999997,330.228778,542.17871,0.9223570000000336,-0.22877799999997706,-0.17871000000002368,0.9669638425675803,59.799665550904216
3046.0,496.0,518.0,542.0,448.0,610.0,588.0,495.606669,517.785976,540.8849,0.3933309999999892,0.21402399999999489,1.115099999999984,1.2016503477039207,113.50770898930169
3047.0,488.0,482.0,544.0,454.0,566.0,592.0,488.859181,482.07265799999993,544.659316,-0.8591809999999782,-0.07265799999993305,-0.6593159999999898,1.085434826961499,102.54754994635415
3048.0,376.0,524.0,544.0,308.0,572.0,590.0,376.94606699999997,524.673604,543.7840620000001,-0.9460669999999709,-0.6736039999999548,0.21593799999993735,1.1812765709810962,95.09994742374992
3049.0,520.0,432.0,548.0,510.0,520.0,596.0,520.446091,431.80589399999997,548.171574,-0.446091000000024,0.19410600000003342,-0.17157399999996414,0.5158604045602087,100.73728207570423
3050.0,528.0,264.0,550.0,584.0,328.0,596.0,528.002055,263.364188,550.065482,-0.0020550000000412183,0.6358119999999872,-0.0654819999999745,0.6391783903520054,96.68505572217457
3051.0,494.0,468.0,554.0,466.0,552.0,602.0,494.633675,468.17072599999995,552.953718,-0.6336749999999824,-0.1707259999999451,1.0462820000000193,1.2350697940703592,100.71742649611338
3052.0,380.0,406.0,560.0,356.0,436.0,608.0,379.030707,406.684064,559.900286,0.9692929999999933,-0.684063999999978,0.09971399999994901,1.190552543040813,61.48170459575759
3053.0,358.0,404.0,566.0,334.0,426.0,614.0,359.388017,404.69111,565.06344,-1.3880169999999907,-0.6911099999999806,0.9365599999999858,1.8114549008984246,58.0
3054.0,136.0,138.0,570.0,180.0,32.0,612.0,137.197751,138.532736,569.062394,-1.197751000000011,-0.5327359999999999,0.9376059999999597,1.6116823864933656,122.21292893961751
3055.0,368.0,382.0,96.0,360.0,408.0,44.0,369.695383,378.39991599999996,98.067002,-1.6953829999999925,3.600084000000038,-2.0670020000000022,4.484130416451919,58.68560300448484
3056.0,402.0,320.0,102.0,420.0,352.0,50.0,401.807455,319.341684,103.31589,0.19254499999999553,0.6583160000000134,-1.315889999999996,1.4839204914620614,63.655321851358195
3057.0,336.0,424.0,120.0,304.0,448.0,68.0,336.803711,424.2764199999999,117.570706,-0.8037110000000212,-0.2764199999999164,2.4292939999999987,2.573679996883253,65.60487786742691
3058.0,408.0,392.0,122.0,400.0,440.0,76.0,409.396711,393.1788839999999,123.67287400000001,-1.396710999999982,-1.1788839999999254,-1.6728740000000073,2.477715989142581,66.96267617113283
3059.0,402.0,192.0,124.0,470.0,204.0,74.0,402.37935899999997,191.56535399999999,124.481986,-0.37935899999996536,0.43464600000001496,-0.48198600000000624,0.7517585386232688,85.25256594378845
3060.0,442.0,134.0,134.0,540.0,152.0,84.0,443.339567,133.054568,132.902978,-1.3395669999999882,0.9454320000000109,1.0970220000000097,1.9727490166255337,111.48094007497426
3061.0,432.0,250.0,152.0,484.0,284.0,112.0,434.418379,250.46299199999999,154.573798,-2.418379000000016,-0.46299199999998564,-2.5737980000000107,3.5619313194542532,73.89181280764467
3062.0,434.0,442.0,154.0,408.0,508.0,116.0,433.66965100000004,444.33070799999996,155.582718,0.3303489999999556,-2.3307079999999587,-1.5827179999999998,2.836604750505219,80.47359815492284
3063.0,418.0,302.0,158.0,448.0,336.0,120.0,420.04403099999996,300.309356,160.707538,-2.0440309999999613,1.6906440000000202,-2.7075379999999996,3.790396006374652,59.16079783099616
3064.0,364.0,364.0,158.0,356.0,388.0,116.0,362.042643,364.598168,157.32899,1.9573570000000018,-0.5981679999999869,0.6710099999999954,2.153904780108207,49.03060268852505
3065.0,382.0,262.0,160.0,416.0,276.0,120.0,379.56796299999996,262.002996,161.61503,2.4320370000000366,-0.002995999999996002,-1.6150299999999902,2.9194408447997615,54.3323108288245
3066.0,340.0,364.0,160.0,332.0,380.0,120.0,341.347771,364.65992800000004,160.84063,-1.347771000000023,-0.6599280000000363,-0.8406300000000044,1.7200727980306871,43.81780460041329
3067.0,380.0,152.0,164.0,460.0,148.0,120.0,380.46077099999997,151.095112,162.908174,-0.4607709999999656,0.9048879999999997,1.0918259999999975,1.4910453451390948,91.3892772703669
3068.0,396.0,260.0,164.0,436.0,280.0,124.0,396.18703899999997,259.950592,164.729874,-0.1870389999999702,0.049408000000028096,-0.7298739999999952,0.7550766807821472,60.0
3069.0,444.0,428.0,166.0,424.0,492.0,128.0,442.050515,427.85409200000004,165.517182,1.9494849999999815,0.14590799999996307,0.48281800000000885,2.0136767691992987,77.07139547199077
3070.0,394.0,256.0,168.0,436.0,272.0,128.0,394.142423,253.77271199999998,168.10408999999999,-0.14242300000000796,2.2272880000000157,-0.10408999999998514,2.234262937519456,60.166435825965294
3071.0,386.0,444.0,168.0,352.0,488.0,128.0,385.059143,443.46461999999997,165.977738,0.9408569999999941,0.5353800000000319,2.022262000000012,2.2937714000076537,68.49817515817483
3072.0,312.0,440.0,176.0,268.0,456.0,140.0,311.56819099999996,440.55293600000005,176.67793799999998,0.43180900000004385,-0.5529360000000452,-0.6779379999999833,0.9756009247746054,59.0592922409336
3073.0,492.0,110.0,182.0,608.0,140.0,148.0,493.64561899999995,106.67287599999999,185.10083,-1.6456189999999538,3.327124000000012,-3.100830000000002,4.836627202238864,124.54717981552211
3074.0,258.0,196.0,192.0,300.0,152.0,156.0,257.49566300000004,196.15124,193.274882,0.5043369999999641,-0.15124000000000137,-1.274881999999991,1.3793308019082808,70.68238818828917
3075.0,418.0,312.0,192.0,440.0,348.0,160.0,417.315011,312.10345199999995,193.384974,0.6849889999999732,-0.10345199999994747,-1.3849739999999997,1.5485687673141777,52.952809179494906
3076.0,172.0,152.0,196.0,218.0,66.0,154.0,171.38267299999998,150.62013000000002,193.143696,0.6173270000000173,1.3798699999999826,2.8563039999999944,3.2316569097360786,106.18851161966627
3077.0,436.0,76.0,198.0,552.0,84.0,164.0,435.70626699999997,77.87016399999997,199.208054,0.29373300000003155,-1.8701639999999742,-1.2080540000000042,2.2457041054201534,121.14454176726247
3078.0,390.0,72.0,202.0,500.0,60.0,168.0,389.09034699999995,72.777936,203.073158,0.9096530000000485,-0.7779359999999969,-1.0731580000000065,1.6075823753292076,115.75836902790225
3079.0,330.0,268.0,206.0,356.0,260.0,172.0,329.255603,265.67427999999995,204.76115000000001,0.7443969999999922,2.3257200000000466,1.2388499999999851,2.7382201764118914,43.54308211415448
3080.0,486.0,350.0,210.0,504.0,416.0,180.0,484.922255,348.50159599999995,208.585922,1.077744999999993,1.4984040000000505,1.4140779999999893,2.325159225155367,74.6993975879324
3081.0,260.0,570.0,212.0,156.0,588.0,184.0,259.27610699999997,572.6761359999999,211.78000600000001,0.7238930000000323,-2.6761359999999286,0.2199939999999856,2.7810290048794273,109.19706955774959
3082.0,294.0,248.0,216.0,320.0,224.0,184.0,292.02455899999995,247.174924,215.234786,1.9754410000000462,0.8250759999999957,0.7652139999999861,2.27347091823343,47.70744176750625
3083.0,432.0,98.0,218.0,540.0,108.0,188.0,432.844315,99.87375999999999,218.65295,-0.8443149999999946,-1.87375999999999,-0.6529500000000041,2.1564294700557585,112.5344391730816
3084.0,322.0,430.0,218.0,286.0,442.0,188.0,322.352873,425.460682,216.07564,-0.3528729999999882,4.53931799999998,1.9243600000000072,4.942983781973479,48.373546489791295
3085.0,478.0,104.0,224.0,588.0,128.0,192.0,475.384439,102.975344,221.41433,2.615561000000014,1.0246559999999931,2.5856699999999933,3.817953458589696,117.04699910719626
3086.0,454.0,212.0,224.0,516.0,248.0,200.0,450.72497500000003,215.023832,226.933378,3.275024999999971,-3.0238319999999987,-2.9333780000000047,5.336108620121299,75.6042326857432
3087.0,250.0,120.0,232.0,320.0,58.0,204.0,249.02245299999998,118.37117600000002,233.626812,0.9775470000000155,1.6288239999999803,-1.626812000000001,2.5010363938833375,97.61147473529944
3088.0,472.0,188.0,232.0,552.0,224.0,204.0,472.49332699999997,187.05292399999996,230.294594,-0.4933269999999652,0.9470760000000382,1.7054060000000106,2.012146640665405,92.0869154657707
3089.0,350.0,360.0,232.0,344.0,376.0,208.0,350.437319,359.287604,232.928458,-0.43731900000000223,0.7123960000000125,-0.9284580000000062,1.249315903341117,29.46183972531247
3090.0,502.0,418.0,238.0,496.0,500.0,220.0,500.92410700000005,416.246748,240.394246,1.075892999999951,1.753251999999975,-2.3942460000000096,3.156557021735684,84.16650165000326
3091.0,470.0,400.0,242.0,468.0,468.0,220.0,470.840643,398.65919199999996,240.940846,-0.840643,1.3408080000000382,1.0591540000000066,1.9042725493030446,71.49825172687791
3092.0,370.0,342.0,262.0,372.0,364.0,242.0,369.385171,343.013532,260.77299,0.6148289999999861,-1.0135319999999979,1.227010000000007,1.7061111787820264,29.79932885150268
3093.0,480.0,326.0,274.0,508.0,388.0,264.0,481.51483499999995,326.519896,277.73161400000004,-1.5148349999999482,-0.519896000000017,-3.731614000000036,4.060783172374158,68.76045375068433
3094.0,512.0,338.0,274.0,540.0,412.0,260.0,512.5888749999999,336.811824,273.98103000000003,-0.5888749999999163,1.1881759999999986,0.018969999999967513,1.3262337024449713,80.34923770640266
3095.0,420.0,330.0,276.0,432.0,356.0,264.0,414.13085900000004,321.41161999999997,278.553062,5.869140999999956,8.58838000000003,-2.5530620000000113,10.710985607222383,31.04834939252005
3096.0,560.0,332.0,284.0,596.0,424.0,272.0,559.337727,331.694552,283.34846600000003,0.6622730000000274,0.3054480000000126,0.6515339999999696,0.9779573407817973,99.51884243699783
3097.0,302.0,334.0,288.0,296.0,328.0,276.0,301.271623,335.127548,289.50273000000004,0.7283770000000231,-1.1275479999999902,-1.5027300000000423,2.0149677415117937,14.696938456699069
3098.0,326.0,190.0,294.0,380.0,168.0,280.0,324.959951,188.992032,294.23075400000005,1.0400490000000104,1.0079680000000053,-0.2307540000000472,1.4666113390878492,59.9666574022598
3099.0,480.0,326.0,300.0,508.0,384.0,288.0,480.69378299999994,323.64492799999994,297.445786,-0.6937829999999394,2.355072000000064,2.5542140000000018,3.5428389935289504,65.5133574166368
3100.0,312.0,196.0,306.0,362.0,172.0,292.0,312.122639,196.896866,304.118482,-0.12263899999999239,-0.8968659999999886,1.8815180000000282,2.0879461033755358,57.201398584300364
3101.0,334.0,210.0,310.0,380.0,196.0,300.0,332.42713899999995,210.94529599999998,310.28100600000005,1.5728610000000458,-0.9452959999999848,-0.2810060000000476,1.8564591632926222,49.1121166312347
3102.0,430.0,256.0,310.0,476.0,288.0,300.0,430.96205499999996,257.47975199999996,308.620778,-0.9620549999999639,-1.4797519999999622,1.379222000000027,2.239970787714182,56.92099788303083
3103.0,452.0,286.0,324.0,488.0,328.0,320.0,450.87618299999997,285.638372,324.457466,1.123817000000031,0.36162799999999606,-0.4574660000000108,1.2661021289884464,55.46169849544819
3104.0,298.0,128.0,328.0,372.0,88.0,320.0,298.297039,129.293112,328.018722,-0.29703899999998384,-1.2931120000000078,-0.01872200000002522,1.3269217480126745,84.49852069711044
3105.0,478.0,322.0,332.0,504.0,380.0,332.0,476.947315,322.00442,333.571102,1.0526849999999968,-0.004419999999981883,-1.5711019999999962,1.8911707326492182,63.56099432828282
3106.0,476.0,332.0,346.0,500.0,392.0,348.0,477.107119,332.525152,346.559746,-1.1071190000000115,-0.5251519999999914,-0.5597460000000183,1.3471498386523442,64.65291950097846
3107.0,62.0,220.0,366.0,64.0,104.0,364.0,63.517015,222.230004,365.643322,-1.5170150000000007,-2.230004000000008,0.35667799999998806,2.7205645638221916,116.0344776348823
3108.0,126.0,294.0,372.0,108.0,212.0,376.0,125.91523500000002,294.83396,373.920654,0.084764999999976,-0.8339599999999905,-1.9206540000000132,2.0956111696927535,84.04760555780278
3109.0,546.0,380.0,372.0,560.0,472.0,380.0,544.837575,379.405124,371.47168999999997,1.1624249999999847,0.5948759999999993,0.5283100000000331,1.4086237226814684,93.40235543068493
3110.0,306.0,334.0,378.0,300.0,328.0,384.0,305.367983,335.138016,377.976322,0.6320170000000189,-1.1380159999999933,0.023678000000018073,1.3019548963881236,10.392304845413264
3111.0,382.0,226.0,402.0,432.0,228.0,412.0,382.18543500000004,223.382524,401.371126,-0.18543500000004087,2.6174760000000106,0.6288739999999962,2.6983419460248297,51.02940328869229
3112.0,182.0,534.0,424.0,80.0,508.0,444.0,181.783363,532.795916,426.227982,0.21663699999999153,1.2040839999999662,-2.2279819999999972,2.541781591944694,107.144761887831
3113.0,322.0,318.0,440.0,328.0,312.0,460.0,323.659447,316.164044,440.284442,-1.6594470000000001,1.8359560000000101,-0.28444200000001274,2.491065240235399,21.72556098240043
3114.0,342.0,304.0,450.0,352.0,304.0,472.0,340.338271,303.824332,450.07653000000005,1.6617289999999798,0.1756679999999733,-0.07653000000004795,1.6727400744182972,24.166091947189145
3115.0,354.0,454.0,452.0,308.0,480.0,476.0,351.96930299999997,452.071824,451.481626,2.030697000000032,1.9281760000000077,0.5183739999999943,2.8478596518545563,58.034472514187634
3116.0,182.0,178.0,454.0,220.0,96.0,468.0,183.613863,176.467064,450.065482,-1.6138630000000092,1.5329360000000065,3.9345180000000255,4.520495377189236,91.45490692138941
3117.0,390.0,480.0,458.0,340.0,528.0,484.0,389.396743,481.130816,457.27428199999997,0.603256999999985,-1.1308159999999816,0.725718000000029,1.4728647084606863,74.02702209328699
3118.0,502.0,476.0,464.0,472.0,564.0,496.0,501.4483630000001,474.905036,465.916838,0.5516369999999142,1.0949640000000045,-1.9168379999999843,2.2754158871091796,98.32598842625484
3119.0,152.0,386.0,494.0,104.0,324.0,528.0,153.33426699999998,384.387228,497.14223000000004,-1.3342669999999828,1.6127720000000068,-3.1422300000000405,3.7755676823721793,85.46344247688599
3120.0,424.0,498.0,526.0,372.0,560.0,572.0,423.39360700000003,498.53432,528.813034,0.6063929999999687,-0.5343199999999797,-2.813034000000016,2.9268362813804654,93.08061022576076
3121.0,412.0,372.0,548.0,408.0,408.0,592.0,412.008999,371.25048400000003,546.82993,-0.008999000000017077,0.7495159999999714,1.1700700000000097,1.3895751225309771,56.991227395100026
3122.0,492.0,360.0,550.0,504.0,424.0,600.0,490.84562300000005,358.8033,552.642394,1.154376999999954,1.1967000000000212,-2.6423939999999675,3.1220062779188598,82.09750300709517
3123.0,312.0,396.0,120.0,288.0,404.0,68.0,312.923563,394.243868,118.193446,-0.9235630000000015,1.7561319999999796,1.8065540000000055,2.683394412178156,57.82732917920384
3124.0,312.0,428.0,124.0,272.0,444.0,76.0,310.969283,429.56535599999995,124.357518,1.0307169999999815,-1.5653559999999516,-0.3575179999999989,1.9080188838554009,64.4980619863884
3125.0,464.0,276.0,144.0,508.0,324.0,96.0,463.32830699999994,275.151656,140.842942,0.6716930000000616,0.8483439999999973,3.1570580000000064,3.3373453887707094,80.89499366462674
3126.0,300.0,448.0,148.0,252.0,460.0,104.0,299.845963,447.470952,147.222438,0.15403700000001663,0.5290479999999889,0.777561999999989,0.9530067405412074,66.2117814289874
3127.0,444.0,240.0,156.0,504.0,276.0,116.0,447.915643,239.085412,157.833494,-3.9156429999999887,0.9145880000000091,-1.8334940000000017,4.419324785669065,80.59776671843954
3128.0,428.0,292.0,160.0,460.0,328.0,120.0,427.28795099999996,290.972752,160.73539399999999,0.7120490000000359,1.027247999999986,-0.7353939999999852,1.45019190700438,62.609903369994115
3129.0,472.0,188.0,168.0,548.0,228.0,128.0,469.73030700000004,190.46208,167.993902,2.269692999999961,-2.462079999999986,0.0060980000000085965,3.348638742273158,94.74175425861608
3130.0,364.0,320.0,168.0,376.0,336.0,132.0,364.203039,319.144988,170.952754,-0.20303899999998976,0.8550119999999879,-2.9527539999999988,3.08075097016636,41.182520563948
3131.0,284.0,492.0,172.0,216.0,504.0,132.0,283.573367,491.29505200000006,169.840986,0.42663299999998117,0.7049479999999448,2.1590140000000133,2.310910827268972,79.79974937304002
3132.0,276.0,360.0,192.0,260.0,352.0,156.0,278.44210300000003,361.97024,191.089722,-2.4421030000000314,-1.9702399999999898,0.9102780000000052,3.2671575960600867,40.19950248448356
3133.0,448.0,372.0,196.0,452.0,428.0,164.0,447.488811,371.190376,195.62823,0.5111890000000017,0.8096239999999852,0.37176999999999794,1.0271407634774197,64.62197768561404
3134.0,336.0,272.0,204.0,360.0,268.0,172.0,334.445187,270.85112399999997,204.641678,1.5548130000000242,1.1488760000000298,-0.6416780000000131,2.0369364702977752,40.19950248448356
3135.0,312.0,448.0,208.0,268.0,464.0,176.0,313.978727,447.1198559999999,206.080202,-1.9787269999999921,0.8801440000000866,1.919797999999986,2.894069515763066,56.7097875150313
3136.0,384.0,220.0,212.0,436.0,228.0,180.0,383.171475,220.08615199999997,211.244638,0.8285250000000133,-0.08615199999997003,0.755361999999991,1.1244765865828437,61.57921727336261
3137.0,276.0,128.0,220.0,348.0,80.0,188.0,276.35803899999996,128.032136,220.09033,-0.35803899999996247,-0.03213600000000838,-0.09032999999999447,0.37065368865960674,92.26050075736637
3138.0,288.0,156.0,224.0,352.0,116.0,192.0,288.868443,155.006628,222.910518,-0.8684430000000134,0.9933719999999937,1.0894820000000038,1.7111260044067529,81.97560612767678
3139.0,364.0,160.0,228.0,440.0,152.0,192.0,366.618151,160.103476,221.972074,-2.6181510000000117,-0.10347600000000057,6.027926000000008,6.572770633671401,84.4748483277715
3140.0,352.0,340.0,232.0,352.0,356.0,204.0,351.414459,341.62685999999997,229.846422,0.5855409999999779,-1.6268599999999651,2.15357800000001,2.761780209278954,32.2490309931942
3141.0,272.0,496.0,252.0,200.0,504.0,232.0,272.054663,496.427412,251.873802,-0.05466300000000501,-0.4274120000000039,0.12619799999998804,0.4489933145571333,75.15317691222374
3142.0,248.0,220.0,256.0,280.0,176.0,232.0,248.89265500000005,220.74046800000002,255.37501,-0.8926550000000475,-0.7404680000000212,0.6249899999999968,1.3174742153640475,59.464274989274024
3143.0,480.0,324.0,272.0,500.0,384.0,256.0,474.18429499999996,325.413576,271.27040999999997,5.815705000000037,-1.4135759999999777,0.7295900000000302,6.0293385477099735,65.23802572120036
3144.0,488.0,152.0,276.0,584.0,188.0,260.0,488.507187,151.30253199999999,276.43299,-0.5071869999999876,0.6974680000000149,-0.43299000000001797,0.9649769966652177,103.76897416858277
3145.0,428.0,232.0,276.0,480.0,260.0,260.0,426.420283,234.292028,276.159382,1.5797170000000165,-2.2920279999999877,-0.1593819999999937,2.788243313413841,61.18823416311342
3146.0,300.0,376.0,292.0,280.0,376.0,280.0,301.361959,376.626916,292.29258600000003,-1.361959000000013,-0.6269159999999943,-0.29258600000002843,1.527600260582933,23.323807579381203
3147.0,304.0,148.0,320.0,372.0,112.0,308.0,304.430887,147.826752,317.896074,-0.43088699999998425,0.17324800000000096,2.1039260000000013,2.1545726002502197,77.87168933572714
3148.0,268.0,268.0,324.0,280.0,236.0,320.0,265.30673900000005,268.222236,326.759006,2.69326099999995,-0.22223600000000943,-2.7590059999999994,3.8620147283319275,34.40930106817051
3149.0,376.0,152.0,328.0,452.0,144.0,324.0,375.069607,152.050704,330.16231400000004,0.9303929999999809,-0.050703999999996086,-2.1623140000000376,2.3545283741465353,76.52450587883597
3150.0,312.0,388.0,328.0,288.0,392.0,324.0,312.143639,387.408548,328.10776999999996,-0.1436390000000074,0.5914520000000039,-0.10776999999995951,0.6181116432530599,24.657656011875904
3151.0,352.0,368.0,348.0,340.0,384.0,348.0,350.690871,367.905968,347.57247400000006,1.3091289999999844,0.09403200000002698,0.42752599999994345,1.3803764835511056,20.0
3152.0,436.0,272.0,352.0,480.0,308.0,352.0,439.749147,272.487524,350.965878,-3.7491469999999936,-0.4875240000000076,1.0341220000000249,3.9195906915223957,56.85068161420758
3153.0,152.0,272.0,356.0,144.0,196.0,356.0,149.545243,272.846412,357.519414,2.4547570000000007,-0.8464119999999866,-1.5194139999999834,3.0084654071783725,76.4198926981712
3154.0,28.0,224.0,396.0,20.0,92.0,404.0,26.568986999999996,224.733208,398.816598,1.4310130000000036,-0.7332079999999905,-2.816597999999999,3.243241660906105,132.48396129343357
3155.0,100.0,284.0,396.0,84.0,188.0,404.0,101.27749899999999,282.69557599999996,397.29131800000005,-1.2774989999999917,1.30442400000004,-1.2913180000000466,2.236297798572722,97.65244492586962
3156.0,92.0,292.0,400.0,72.0,192.0,408.0,93.029567,288.962692,400.58939399999997,-1.0295670000000001,3.037307999999996,-0.5893939999999702,3.2607718996564206,102.29369482035537
3157.0,624.0,440.0,400.0,628.0,572.0,416.0,624.024395,439.78607999999997,399.374054,-0.024395000000026812,0.21392000000003009,0.625945999999999,0.6619405391279589,133.02631318652712
3158.0,568.0,436.0,416.0,564.0,544.0,436.0,567.1891109999999,434.860896,416.46674600000006,0.8108890000000883,1.1391039999999748,-0.4667460000000574,1.4740931862175946,109.90905331227269
3159.0,408.0,432.0,492.0,376.0,480.0,528.0,405.287391,434.898596,493.701682,2.7126089999999863,-2.8985959999999977,-1.7016820000000052,4.319239283394812,68.0
3160.0,184.0,416.0,500.0,128.0,376.0,532.0,185.548967,418.595588,499.654762,-1.5489670000000046,-2.5955880000000207,0.3452379999999948,3.0422960259444047,75.8946638440411
3161.0,392.0,440.0,500.0,368.0,472.0,536.0,397.062615,430.83950000000004,500.399354,-5.062614999999994,9.160499999999956,-0.39935400000001664,10.47398274323288,53.81449618829484
3162.0,112.0,176.0,508.0,136.0,68.0,536.0,111.675803,177.208428,506.60447,0.32419699999999807,-1.2084279999999978,1.395530000000008,1.8742747682485126,114.12274094149684
3163.0,116.0,172.0,512.0,144.0,64.0,544.0,116.92513500000001,172.09796400000002,513.162242,-0.9251350000000116,-0.09796400000001881,-1.162241999999992,1.4887169576803396,116.06894502837527
3164.0,124.0,176.0,524.0,152.0,72.0,556.0,125.33287099999998,176.35158,522.85281,-1.332870999999983,-0.35158000000001266,1.1471900000000232,1.793376283756707,112.35657524150511
3165.0,400.0,200.0,128.0,464.0,212.0,80.0,399.85289099999994,199.40040399999998,129.33624600000002,0.14710900000005722,0.5995960000000196,-1.336246000000017,1.4719747938103713,80.89499366462674
3166.0,376.0,152.0,156.0,452.0,148.0,112.0,374.170835,153.097184,156.398686,1.829164999999989,-1.0971839999999986,-0.3986859999999979,2.1699326841349147,87.90904390334364
3167.0,368.0,364.0,160.0,360.0,388.0,116.0,365.15101899999996,363.558228,157.306086,2.8489810000000375,0.4417720000000145,2.6939140000000066,3.9457607476558008,50.75431016179808
3168.0,488.0,348.0,216.0,500.0,420.0,188.0,482.927667,352.727736,215.115838,5.072333000000015,-4.727735999999993,0.8841620000000034,6.990121042645048,78.17928114276826
3169.0,360.0,352.0,248.0,352.0,364.0,220.0,353.642035,347.99926,242.860446,6.357964999999979,4.0007400000000075,5.139554000000004,9.101903911146328,31.496031496047245
3170.0,460.0,172.0,316.0,544.0,200.0,308.0,460.98434299999997,171.49395599999997,315.84895400000005,-0.9843429999999671,0.5060440000000312,0.15104599999995116,1.117061576503709,88.90444308357148
3171.0,352.0,200.0,360.0,408.0,192.0,356.0,353.65745499999997,201.10198,356.05603399999995,-1.6574549999999704,-1.1019799999999975,3.943966000000046,4.417735257638381,56.7097875150313
3172.0,108.0,188.0,520.0,124.0,76.0,548.0,104.54165900000001,186.661744,516.4095580000001,3.45834099999999,1.3382560000000012,3.590441999999939,5.161620418936334,116.55041827466772
3173.0,296.0,520.0,148.0,224.0,536.0,104.0,297.858807,513.80998,146.46537,-1.858807000000013,6.190020000000004,1.5346299999999928,6.642785582912419,85.88364221433555
3174.0,464.0,224.0,200.0,528.0,264.0,168.0,463.91978299999994,224.02634799999998,200.450346,0.08021700000006149,-0.026347999999984495,-0.45034599999999614,0.4581926493397789,81.97560612767678
3175.0,432.0,224.0,240.0,488.0,248.0,216.0,429.112711,222.459028,240.204298,2.8872890000000098,1.5409720000000107,-0.20429799999999432,3.2791416784135885,65.4828221749796
3176.0,320.0,216.0,312.0,352.0,200.0,296.0,311.67251899999997,221.29436399999997,307.115402,8.327481000000034,-5.294363999999973,4.884597999999983,11.01074600521968,39.191835884530846
