match_index,source_x,source_y,source_z,reference_x,reference_y,reference_z,predicted_source_x,predicted_source_y,predicted_source_z,residual_x,residual_y,residual_z,residual_l2,raw_delta_l2
0.0,139.0,91.0,4.0,163.0,102.0,4.0,136.36468999999997,92.697753,2.7902939999999994,2.6353100000000325,-1.6977530000000058,1.2097060000000006,3.3601506888151893,26.40075756488817
1.0,109.0,112.0,5.0,131.0,115.0,5.0,109.86711199999999,112.568325,5.168825999999999,-0.8671119999999917,-0.5683250000000015,-0.16882599999999925,1.050418366387882,22.20360331117452
2.0,131.0,50.0,8.0,168.0,61.0,6.0,132.35879,49.810658000000004,8.162361999999998,-1.358789999999999,0.18934199999999635,-0.16236199999999812,1.3814926985358973,38.65229618017538
3.0,133.0,206.0,9.0,134.0,204.0,17.0,132.936632,203.997038,8.089624,0.06336799999999698,2.0029619999999966,0.9103759999999994,2.2010580951542336,8.306623862918075
4.0,44.0,100.0,15.0,65.0,90.0,8.0,44.18993,100.522865,15.854679999999998,-0.18992999999999682,-0.5228649999999959,-0.8546799999999983,1.0197740512118318,24.289915602982237
5.0,42.0,140.0,15.0,54.0,126.0,10.0,42.016293999999995,139.779647,15.297509000000002,-0.016293999999994924,0.2203529999999887,-0.2975090000000016,0.37058405811097134,19.1049731745428
6.0,146.0,82.0,16.0,174.0,93.0,18.0,145.949486,82.222366,16.202024,0.05051399999999262,-0.22236599999999385,-0.20202400000000154,0.3046506174751614,30.14962686336267
7.0,210.0,178.0,16.0,219.0,194.0,32.0,210.369402,177.582713,16.452414,-0.369402000000008,0.41728699999998753,-0.452414000000001,0.7178194099973867,24.351591323771842
8.0,126.0,123.0,18.0,144.0,127.0,21.0,125.99799199999998,123.34649300000001,18.363025,0.0020080000000177733,-0.3464930000000095,-0.3630250000000004,0.5018451770596255,18.681541692269406
9.0,155.0,56.0,19.0,189.0,70.0,20.0,154.99096199999997,55.755553,19.054396,0.009038000000032298,0.24444700000000097,-0.054396000000000555,0.25058919782983685,36.78314831549904
10.0,147.0,82.0,21.0,175.0,92.0,23.0,147.15828399999998,81.343188,21.025081,-0.15828399999998055,0.6568120000000022,-0.02508100000000013,0.676080531121106,29.79932885150268
11.0,145.0,90.0,21.0,171.0,100.0,24.0,145.302746,90.420563,21.564208,-0.3027460000000133,-0.42056300000000135,-0.5642080000000007,0.7660672586326934,28.0178514522438
12.0,119.0,98.0,21.0,142.0,102.0,22.0,118.89639799999998,98.20284299999999,21.843992999999998,0.10360200000002351,-0.20284299999998723,-0.8439929999999976,0.874186960038867,23.366642891095847
13.0,188.0,87.0,22.0,216.0,105.0,29.0,188.208936,86.780463,22.192162999999997,-0.20893599999999424,0.21953700000000254,-0.1921629999999972,0.3588556325794506,34.0147027033899
14.0,169.0,33.0,23.0,207.0,52.0,24.0,168.06281,33.944147,23.113084,0.9371899999999869,-0.944147000000001,-0.11308400000000063,1.3351129707874825,42.49705872175156
15.0,84.0,81.0,23.0,110.0,78.0,19.0,84.05341200000001,79.880014,23.856832,-0.053412000000008675,1.1199859999999973,-0.8568320000000007,1.4111635476315267,26.476404589747453
16.0,163.0,47.0,24.0,199.0,63.0,25.0,163.17756799999998,46.905645,23.69979,-0.17756799999997952,0.09435500000000019,0.30020999999999987,0.3613299112293261,39.408120990476064
17.0,118.0,151.0,24.0,130.0,151.0,28.0,118.998602,151.262014,23.994547999999998,-0.9986020000000053,-0.26201399999999353,0.005452000000001789,1.0324180427055734,12.649110640673518
18.0,147.0,88.0,25.0,174.0,97.0,30.0,148.020086,87.156566,27.372831999999995,-1.020085999999992,0.843434000000002,-2.3728319999999954,2.717036632063684,28.89636655359978
19.0,145.0,100.0,25.0,169.0,108.0,28.0,145.58702599999998,99.301791,24.825174,-0.5870259999999803,0.6982090000000056,0.17482599999999948,0.9287946288781953,25.475478405713993
20.0,69.0,43.0,26.0,103.0,40.0,17.0,69.266584,42.218486,26.087387,-0.2665839999999946,0.7815140000000014,-0.08738699999999966,0.8303418868279494,35.298725189445584
21.0,176.0,89.0,26.0,203.0,105.0,31.0,176.47174800000002,89.551969,25.189294,-0.4717480000000194,-0.5519689999999997,0.8107059999999997,1.0883290728915669,31.78049716414141
22.0,132.0,48.0,27.0,167.0,58.0,25.0,132.715608,48.261488,26.810685000000003,-0.7156080000000031,-0.26148799999999994,0.189314999999997,0.7850547452458353,36.45545226711637
23.0,157.0,45.0,29.0,192.0,59.0,31.0,156.496276,44.64175900000001,30.427611,0.5037240000000054,0.3582409999999925,-1.4276109999999989,1.555682374258318,37.749172176353746
24.0,50.0,215.0,30.0,45.0,196.0,30.0,50.795054,214.725173,28.695423999999996,-0.7950540000000004,0.2748269999999877,1.3045760000000044,1.5522755176259804,19.6468827043885
25.0,47.0,207.0,31.0,43.0,187.0,31.0,47.127571999999994,205.977187,30.67004,-0.12757199999999358,1.0228130000000135,0.3299599999999998,1.0822636692382432,20.396078054371138
26.0,54.0,194.0,34.0,53.0,177.0,35.0,54.56927600000001,193.983485,34.635592,-0.5692760000000092,0.01651499999999828,-0.6355920000000026,0.8534196505032057,17.05872210923198
27.0,65.0,230.0,34.0,56.0,212.0,38.0,65.139614,229.45036900000002,33.979781,-0.13961399999999458,0.5496309999999767,0.020218999999997322,0.567446132349118,20.518284528683193
28.0,105.0,75.0,36.0,132.0,76.0,35.0,105.445044,74.48962,37.626544,-0.4450439999999958,0.5103799999999978,-1.6265440000000027,1.7618732333150426,27.03701166919155
29.0,223.0,177.0,38.0,230.0,194.0,56.0,222.895946,177.02595699999998,38.639651,0.10405399999999076,-0.025956999999976915,-0.6396510000000006,0.648578755870093,25.729360660537214
30.0,77.0,219.0,38.0,70.0,205.0,42.0,76.89881399999999,219.720918,37.332872,0.10118600000001265,-0.7209180000000117,0.6671279999999982,0.9874315863410573,16.15549442140351
31.0,143.0,185.0,40.0,146.0,185.0,49.0,143.111616,184.324803,39.681413,-0.11161599999999794,0.6751969999999972,0.31858700000000084,0.7548819754332436,9.486832980505138
32.0,43.0,203.0,40.0,39.0,184.0,39.0,43.618124,204.269792,38.980765,-0.6181240000000017,-1.2697919999999954,1.019235000000002,1.7416339993996999,19.44222209522358
33.0,58.0,204.0,41.0,54.0,186.0,42.0,58.126405999999996,203.490811,40.441745,-0.1264059999999958,0.5091889999999921,0.5582550000000026,0.7660943542292906,18.466185312619388
34.0,54.0,27.0,42.0,89.0,22.0,30.0,53.858686,27.513031,41.446782,0.14131400000000127,-0.5130310000000016,0.5532180000000011,0.7676070668519169,37.33630940518894
35.0,32.0,32.0,42.0,66.0,22.0,29.0,32.63448,32.100556000000005,42.382114,-0.6344800000000035,-0.10055600000000453,-0.3821140000000014,0.7474540042919071,37.749172176353746
36.0,34.0,202.0,42.0,29.0,180.0,42.0,33.87861399999999,202.404537,43.069252,0.12138600000000821,-0.4045370000000048,-1.0692519999999988,1.149645417017353,22.561028345356956
37.0,111.0,226.0,42.0,103.0,217.0,51.0,110.690652,225.96215700000002,42.14099,0.30934799999999996,0.037842999999980975,-0.14099000000000217,0.34206206725242005,15.033296378372908
38.0,81.0,213.0,43.0,76.0,199.0,48.0,81.72745799999998,212.775282,43.176422,-0.7274579999999844,0.22471799999999575,-0.1764220000000023,0.7815484907361643,15.684387141358123
39.0,199.0,92.0,44.0,224.0,109.0,53.0,198.838808,90.930075,44.250327,0.16119199999999978,1.0699249999999978,-0.25032699999999863,1.1105791162353067,31.54362059117501
40.0,132.0,185.0,45.0,135.0,184.0,53.0,133.19860799999998,185.805826,44.532247,-1.1986079999999788,-0.8058259999999962,0.46775300000000186,1.5181599220599076,8.602325267042627
41.0,63.0,195.0,45.0,61.0,179.0,46.0,63.45680599999999,195.17874799999998,44.372371,-0.45680599999999316,-0.17874799999998459,0.6276289999999989,0.7965806492634546,16.15549442140351
42.0,15.0,154.0,46.0,20.0,131.0,39.0,14.793028,153.806351,45.538151,0.20697200000000038,0.19364899999999352,0.46184900000000084,0.5418872971255171,24.55605831561735
43.0,122.0,196.0,46.0,122.0,190.0,54.0,122.64820599999999,194.656099,46.002213,-0.6482059999999876,1.3439009999999882,-0.002212999999997578,1.4920609282485593,10.0
44.0,105.0,144.0,47.0,115.0,140.0,50.0,105.08378199999999,144.558609,47.437965999999996,-0.08378199999998515,-0.5586089999999899,-0.43796599999999586,0.7147570605184552,11.180339887498949
45.0,45.0,147.0,48.0,53.0,130.0,43.0,45.289620000000006,146.37807800000002,46.758765,-0.28962000000000643,0.6219219999999837,1.2412350000000032,1.4182140331095978,19.44222209522358
46.0,25.0,53.0,49.0,52.0,40.0,36.0,24.347297999999995,53.867703,48.578519,0.652702000000005,-0.8677029999999988,0.421481,1.1647208379581797,32.66496594212215
47.0,65.0,134.0,50.0,76.0,123.0,48.0,65.415426,134.895878,50.331593999999996,-0.4154259999999965,-0.8958780000000104,-0.3315939999999955,1.0416960848520131,15.684387141358123
48.0,111.0,148.0,51.0,121.0,144.0,54.0,111.85673400000002,147.721049,50.41548,-0.8567340000000172,0.2789510000000064,0.5845199999999977,1.073997410405179,11.180339887498949
49.0,93.0,52.0,52.0,123.0,51.0,46.0,92.92470999999998,51.459428,51.307877000000005,0.07529000000002384,0.5405719999999974,0.6921229999999952,0.881431176220239,30.610455730027933
50.0,87.0,54.0,53.0,117.0,52.0,49.0,87.93196,53.907882,54.595608999999996,-0.9319600000000037,0.09211799999999926,-1.595608999999996,1.8501360080829177,30.331501776206203
51.0,51.0,106.0,53.0,68.0,93.0,47.0,51.528259999999996,105.704273,52.853761,-0.528259999999996,0.2957269999999994,0.14623900000000134,0.6228153267622721,22.22611077089287
52.0,120.0,196.0,53.0,119.0,190.0,61.0,120.60004799999996,195.7508,52.985709,-0.6000479999999584,0.24920000000000186,0.014291000000000054,0.6498942029168678,10.04987562112089
53.0,121.0,95.0,54.0,142.0,96.0,55.0,120.94180399999999,94.3515,54.164214,0.05819600000000946,0.6484999999999985,-0.1642140000000012,0.6714947968614496,21.047565179849187
54.0,82.0,150.0,54.0,89.0,139.0,54.0,81.39477400000001,149.076892,53.526375,0.6052259999999876,0.9231080000000134,0.4736249999999984,1.201144259181639,13.038404810405298
55.0,117.0,205.0,54.0,114.0,198.0,62.0,117.82611,205.03065899999999,53.607341000000005,-0.8261099999999999,-0.03065899999998578,0.39265899999999476,0.9151933110889714,11.045361017187261
56.0,54.0,157.0,55.0,59.0,140.0,53.0,53.95640000000001,156.10653399999998,54.945094999999995,0.04359999999999076,0.8934660000000179,0.05490500000000509,0.8962125931836886,17.832554500127006
57.0,47.0,81.0,56.0,69.0,69.0,48.0,47.396498,80.9779,55.993066999999996,-0.3964980000000011,0.02209999999999468,0.006933000000003631,0.39717394236404874,26.30589287593181
58.0,47.0,137.0,56.0,56.0,121.0,52.0,47.022186,137.174528,56.01912,-0.02218599999999782,-0.17452800000000934,-0.019120000000000914,0.17696840333800606,18.788294228055936
59.0,46.0,31.0,57.0,78.0,22.0,45.0,45.271376,30.784460000000003,56.78858199999999,0.7286240000000035,0.21553999999999718,0.211418000000009,0.788700193799905,35.34119409414458
60.0,49.0,93.0,57.0,67.0,81.0,50.0,48.33729399999999,93.81883,56.952878999999996,0.6627060000000071,-0.8188300000000055,0.04712100000000419,1.0544582495182153,22.737634001804146
61.0,26.0,109.0,57.0,41.0,91.0,50.0,26.605214000000004,109.330704,58.156538999999995,-0.6052140000000037,-0.3307039999999972,-1.156538999999995,1.3465628763384914,24.454038521274967
62.0,29.0,178.0,57.0,29.0,156.0,53.0,29.838512,178.576718,55.913893,-0.8385120000000015,-0.5767179999999996,1.0861069999999984,1.4883999600634898,22.360679774997898
63.0,194.0,59.0,58.0,226.0,77.0,65.0,195.01945600000002,58.56906300000001,58.645416999999995,-1.0194560000000195,0.430936999999993,-0.6454169999999948,1.2812339122088625,37.376463182061514
64.0,89.0,179.0,59.0,90.0,167.0,63.0,89.23192399999999,178.193283,59.468301,-0.23192399999999225,0.8067169999999919,-0.46830099999999675,0.9611903487166215,12.68857754044952
65.0,26.0,239.0,61.0,11.0,210.0,63.0,25.9075,238.252866,61.937875000000005,0.09250000000000114,0.7471339999999884,-0.9378750000000053,1.2026533081403772,32.71085446759225
66.0,20.0,87.0,64.0,38.0,69.0,53.0,19.431128,87.602939,63.362137000000004,0.5688719999999989,-0.6029390000000063,0.6378629999999958,1.0459541083976873,27.730849247724095
67.0,35.0,100.0,64.0,52.0,84.0,57.0,35.912231999999996,100.41752600000001,64.64399399999999,-0.9122319999999959,-0.4175260000000094,-0.6439939999999922,1.1921507683745334,24.372115213907882
68.0,199.0,66.0,65.0,227.0,85.0,72.0,198.361954,67.05166,64.545717,0.6380460000000028,-1.0516599999999983,0.45428300000000377,1.3112835306694748,34.55430508634199
69.0,31.0,80.0,66.0,51.0,64.0,56.0,30.600186,80.055823,65.647156,0.3998139999999992,-0.05582300000000373,0.3528440000000046,0.5361588666253716,27.49545416973504
70.0,144.0,237.0,66.0,134.0,232.0,80.0,145.30970599999998,237.074691,66.077337,-1.3097059999999772,-0.0746910000000014,-0.07733699999999999,1.314111701297093,17.916472867168917
71.0,221.0,134.0,68.0,236.0,151.0,82.0,221.803326,133.557488,67.2123,-0.8033259999999984,0.4425119999999936,0.787700000000001,1.2089751124071966,26.645825188948457
72.0,52.0,41.0,70.0,81.0,32.0,60.0,51.687986,41.468403,70.03384199999999,0.3120139999999978,-0.4684030000000021,-0.03384199999999282,0.5638256712575263,31.96873472629156
73.0,85.0,177.0,70.0,85.0,164.0,73.0,85.00608799999998,176.827586,69.786097,-0.006087999999977001,0.1724140000000034,0.21390300000000195,0.274805648684669,13.341664064126334
74.0,139.0,192.0,70.0,137.0,188.0,80.0,138.621098,191.379163,69.97229,0.37890200000001073,0.6208369999999945,0.027709999999999013,0.727855171220897,10.954451150103322
75.0,80.0,107.0,71.0,95.0,98.0,69.0,79.620352,106.89220399999999,71.325617,0.3796480000000031,0.10779600000000755,-0.32561699999999405,0.5116434424567563,17.60681686165901
76.0,82.0,39.0,72.0,114.0,34.0,64.0,82.828474,37.114317,70.972015,-0.8284739999999999,1.8856830000000002,1.027985000000001,2.301938901315585,33.36165463522455
77.0,69.0,107.0,72.0,84.0,96.0,69.0,69.08868799999999,107.07007,72.421466,-0.08868799999999055,-0.07007000000000119,-0.42146599999999523,0.4363587462169109,18.841443681416774
78.0,27.0,76.0,75.0,48.0,58.0,65.0,27.466248,75.14136400000001,75.1201,-0.4662480000000002,0.85863599999999,-0.12009999999999366,0.9844120011458523,29.410882339705484
79.0,94.0,150.0,75.0,99.0,140.0,77.0,93.116544,149.677742,74.739687,0.8834559999999954,0.32225800000000504,0.26031299999999646,0.9757600014701326,11.357816691600547
80.0,12.0,74.0,76.0,33.0,55.0,65.0,13.046351999999999,75.104437,76.64011599999999,-1.0463519999999988,-1.1044370000000043,-0.6401159999999919,1.6505702312622135,30.380915061926625
81.0,30.0,75.0,78.0,51.0,58.0,68.0,30.524465999999997,74.74273300000002,77.759434,-0.5244659999999968,0.2572669999999846,0.24056600000000117,0.6317617389498902,28.809720581775867
82.0,157.0,149.0,82.0,164.0,151.0,91.0,156.58758,148.762799,81.813207,0.41241999999999734,0.23720099999999888,0.18679299999999444,0.5111224859561504,11.575836902790225
83.0,169.0,82.0,83.0,192.0,92.0,89.0,169.43747999999997,82.495022,83.133174,-0.43747999999996523,-0.49502200000000585,-0.1331739999999968,0.6739219874436317,25.787593916455254
84.0,92.0,22.0,84.0,125.0,22.0,78.0,91.769374,23.564743,84.666186,0.23062600000000089,-1.564743,-0.6661859999999962,1.7162204970577049,33.54101966249684
85.0,215.0,198.0,84.0,213.0,208.0,103.0,215.03527599999998,198.08592000000002,83.951479,-0.03527599999998188,-0.08592000000001576,0.04852099999999382,0.10478993280368505,21.563858652847824
86.0,112.0,219.0,85.0,102.0,207.0,95.0,112.07019600000001,218.98005899999998,85.505417,-0.07019600000000992,0.019941000000017084,-0.5054169999999942,0.5106578754763273,18.547236990991408
87.0,91.0,17.0,86.0,126.0,16.0,78.0,91.399982,17.213885,85.148563,-0.3999819999999943,-0.2138850000000012,0.8514370000000042,0.9647162062067803,35.91656999213594
88.0,57.0,188.0,86.0,51.0,168.0,88.0,56.15410599999999,188.855063,86.648924,0.8458940000000084,-0.8550630000000012,-0.6489239999999938,1.3666644617392407,20.97617696340303
89.0,203.0,203.0,87.0,199.0,210.0,105.0,202.80895199999998,203.10936800000002,86.84282099999999,0.19104800000002342,-0.10936800000001767,0.1571790000000135,0.27049202533349676,19.72308292331602
90.0,84.0,56.0,91.0,109.0,50.0,85.0,83.79171199999999,55.984148000000005,90.086131,0.20828800000001024,0.015851999999995314,0.9138690000000054,0.9374389185483041,26.40075756488817
91.0,5.0,162.0,93.0,4.0,133.0,88.0,5.477186000000003,162.506296,93.821804,-0.4771860000000032,-0.5062959999999919,-0.8218040000000002,1.076756208539331,29.444863728670914
92.0,148.0,219.0,98.0,138.0,213.0,111.0,148.036484,218.95272100000003,97.366883,-0.036484000000001515,0.04727899999997476,0.6331169999999986,0.6359272928456491,17.46424919657298
93.0,67.0,58.0,99.0,90.0,48.0,93.0,66.72089600000001,58.338742,99.540284,0.2791039999999896,-0.33874200000000343,-0.5402839999999998,0.6960976842627737,25.787593916455254
94.0,184.0,64.0,99.0,209.0,76.0,106.0,183.33326999999997,63.84044900000001,99.59575199999999,0.6667300000000296,0.15955099999999334,-0.5957519999999903,0.9082432823891546,28.600699292150182
95.0,167.0,137.0,99.0,176.0,141.0,109.0,167.280168,137.338627,99.085711,-0.2801680000000033,-0.33862700000000245,-0.08571100000000342,0.4477820104403527,14.035668847618199
96.0,166.0,54.0,100.0,194.0,63.0,104.0,166.565042,53.417018000000006,100.132672,-0.5650420000000054,0.5829819999999941,-0.13267199999999946,0.8226435033913531,29.68164415931166
97.0,179.0,117.0,100.0,192.0,125.0,110.0,178.641462,117.772826,100.23426599999999,0.35853800000001,-0.7728259999999949,-0.23426599999999098,0.8835666825293917,18.24828759089466
98.0,112.0,109.0,101.0,127.0,103.0,104.0,113.61752200000001,107.972606,101.894627,-1.6175220000000081,1.027394000000001,-0.8946269999999998,2.1147750047816025,16.431676725154983
99.0,150.0,131.0,101.0,161.0,132.0,109.0,151.57248,131.153326,101.170609,-1.572480000000013,-0.15332599999999275,-0.1706089999999989,1.5891222871626458,13.638181696985855
100.0,210.0,220.0,101.0,202.0,226.0,121.0,210.61435999999998,220.011292,100.48548199999999,-0.6143599999999765,-0.011291999999997415,0.5145180000000096,0.8014327739667132,22.360679774997898
101.0,227.0,222.0,102.0,218.0,231.0,125.0,226.785944,222.173621,102.54379899999999,0.21405599999999936,-0.17362099999999714,-0.5437989999999928,0.6096569323627764,26.28687885618983
102.0,31.0,29.0,103.0,60.0,13.0,88.0,31.151745999999996,28.199712,100.499164,-0.15174599999999572,0.8002879999999983,2.5008360000000067,2.630146085364087,36.359317925395686
103.0,104.0,51.0,103.0,130.0,47.0,100.0,103.94930599999998,49.701902000000004,103.070212,0.05069400000002133,1.298097999999996,-0.07021199999999794,1.300983483440121,26.476404589747453
104.0,120.0,108.0,103.0,134.0,104.0,106.0,120.462966,107.719161,103.147511,-0.46296599999999444,0.2808390000000003,-0.1475109999999944,0.5612197040357665,14.866068747318506
105.0,74.0,32.0,105.0,103.0,25.0,97.0,74.12758400000001,32.416111,104.482232,-0.12758400000001302,-0.4161110000000008,0.5177680000000038,0.6763946652665201,30.886890422961002
106.0,106.0,175.0,109.0,104.0,162.0,115.0,106.268676,173.85442600000002,108.822682,-0.26867599999999925,1.145573999999982,0.17731799999999964,1.189944643912463,14.45683229480096
107.0,111.0,113.0,111.0,123.0,107.0,113.0,111.71150399999999,113.507921,110.508606,-0.7115039999999908,-0.5079209999999961,0.49139399999999966,1.0028408385646161,13.564659966250536
108.0,207.0,173.0,111.0,208.0,181.0,128.0,207.17336199999997,173.170832,110.96304799999999,-0.17336199999996893,-0.1708319999999901,0.03695200000001364,0.24617758949991134,18.81488772222678
109.0,102.0,68.0,112.0,123.0,62.0,109.0,101.64903999999999,67.116688,110.89608899999999,0.3509600000000148,0.8833120000000036,1.1039110000000107,1.4567197763691686,22.045407685048602
110.0,180.0,15.0,113.0,216.0,28.0,116.0,180.469794,13.932139000000001,113.16010299999999,-0.4697940000000074,1.0678609999999988,-0.16010299999999233,1.1775680398032216,38.39270764090493
111.0,27.0,37.0,113.0,53.0,19.0,101.0,27.323815999999994,36.670365000000004,113.021496,-0.32381599999999366,0.3296349999999961,-0.02149599999999907,0.46257768331059085,33.823069050575526
112.0,105.0,125.0,118.0,114.0,117.0,120.0,106.29926599999999,126.06481600000001,117.045662,-1.2992659999999887,-1.0648160000000075,0.954338000000007,1.9320161155787494,12.206555615733702
113.0,140.0,135.0,118.0,146.0,131.0,124.0,139.096938,134.20996200000002,116.936576,0.9030620000000056,0.7900379999999814,1.0634239999999977,1.6032939908401003,9.38083151964686
114.0,108.0,164.0,118.0,106.0,152.0,124.0,106.86820999999998,163.828631,118.259689,1.1317900000000236,0.17136899999999855,-0.2596889999999945,1.1737777962553433,13.564659966250536
115.0,30.0,64.0,119.0,50.0,45.0,109.0,30.957096,64.477627,118.519453,-0.957096,-0.47762699999999825,0.4805470000000014,1.1726404920324045,29.34280150224242
116.0,196.0,166.0,119.0,196.0,172.0,135.0,194.92791599999998,166.86532799999998,119.536412,1.072084000000018,-0.8653279999999768,-0.5364119999999986,1.4784770828064928,17.08800749063506
117.0,220.0,138.0,121.0,228.0,150.0,137.0,219.79682399999996,137.981016,120.89205199999999,0.20317600000004177,0.01898399999998901,0.10794800000000748,0.230854174612499,21.540659228538015
118.0,176.0,202.0,122.0,164.0,198.0,139.0,171.52357200000003,200.266198,123.577882,4.47642799999997,1.7338019999999972,-1.5778820000000024,5.053136513128428,21.18962010041709
119.0,153.0,36.0,123.0,182.0,43.0,125.0,153.372728,36.813992999999996,123.21361499999999,-0.37272799999999506,-0.8139929999999964,-0.21361499999999012,0.9204032454625451,29.899832775452108
120.0,55.0,60.0,124.0,75.0,45.0,117.0,54.72514399999999,59.97238300000001,124.155092,0.2748560000000069,0.02761699999999223,-0.15509199999999623,0.3167996967943659,25.96150997149434
121.0,16.0,31.0,125.0,42.0,10.0,112.0,16.400794000000005,30.440805000000005,125.361487,-0.40079400000000476,0.5591949999999954,-0.3614869999999968,0.7771793419989985,35.86084215408221
122.0,84.0,74.0,125.0,102.0,64.0,123.0,84.20598799999999,74.392808,125.912362,-0.20598799999999073,-0.39280800000000227,-0.9123620000000017,1.0144622220920803,20.688160865577203
123.0,180.0,139.0,125.0,186.0,143.0,137.0,179.72159999999997,139.312241,125.016291,0.2784000000000333,-0.3122410000000002,-0.016290999999995392,0.4186482996048336,14.0
124.0,150.0,143.0,126.0,157.0,141.0,137.0,152.65873599999998,143.134819,127.59723,-2.6587359999999762,-0.13481899999999314,-1.5972299999999962,3.10454456456287,13.19090595827292
125.0,158.0,147.0,126.0,161.0,145.0,136.0,157.089858,146.354192,125.928339,0.9101420000000076,0.6458079999999882,0.07166100000000597,1.1182851746978493,10.63014581273465
126.0,182.0,158.0,126.0,184.0,161.0,140.0,182.051194,158.371152,126.373504,-0.05119400000000951,-0.37115199999999504,-0.37350399999999695,0.5290367385692557,14.45683229480096
127.0,14.0,116.0,127.0,20.0,89.0,120.0,13.959969999999998,116.4059,127.437248,0.040030000000001564,-0.4059000000000026,-0.43724799999999675,0.5979490148867205,28.53068523537421
128.0,201.0,117.0,127.0,213.0,126.0,140.0,201.172674,116.633601,127.276004,-0.17267400000000066,0.36639900000000125,-0.27600400000000036,0.4901456370233253,19.849433241279208
129.0,163.0,187.0,127.0,157.0,183.0,140.0,161.97629799999999,186.382258,126.529905,1.0237020000000143,0.6177419999999927,0.4700950000000006,1.2847413250896154,14.866068747318506
130.0,22.0,77.0,129.0,38.0,53.0,120.0,22.764418,75.87094400000001,129.34145,-0.7644179999999992,1.1290559999999914,-0.3414500000000089,1.4055925556006568,30.215889859476256
131.0,192.0,120.0,131.0,203.0,127.0,144.0,192.60733,119.96159800000001,131.856039,-0.6073299999999904,0.03840199999999072,-0.8560390000000098,1.0502986299262722,18.411952639521967
132.0,176.0,88.0,132.0,193.0,94.0,141.0,176.03745600000002,87.96156,132.901091,-0.03745600000002014,0.03843999999999426,-0.9010910000000081,0.9026879725669417,20.149441679609886
133.0,235.0,199.0,133.0,229.0,209.0,156.0,235.297626,199.56007599999998,133.538251,-0.29762600000000816,-0.5600759999999809,-0.5382510000000025,0.8318536533868119,25.787593916455254
134.0,194.0,111.0,134.0,206.0,118.0,145.0,193.531848,110.20119199999999,133.41813000000002,0.46815200000000345,0.7988080000000082,0.5818699999999808,1.0935415917412532,17.72004514666935
135.0,25.0,130.0,139.0,28.0,102.0,135.0,25.612476,129.15161,139.987542,-0.6124760000000009,0.8483899999999949,-0.9875419999999906,1.4387952058719038,28.442925306655784
136.0,182.0,16.0,141.0,215.0,28.0,144.0,182.37956199999996,16.083619000000006,140.186532,-0.37956199999996443,-0.08361900000000588,0.8134680000000003,0.9015484657127283,35.24202037341219
137.0,148.0,57.0,142.0,170.0,60.0,145.0,148.02079199999997,58.056334,141.848836,-0.020791999999971722,-1.0563339999999997,0.1511639999999943,1.067297700604661,22.40535650240808
138.0,93.0,162.0,142.0,90.0,145.0,147.0,92.99452400000001,161.496233,142.371307,0.00547599999998738,0.5037670000000105,-0.3713070000000016,0.6258434829204597,17.97220075561143
139.0,246.0,169.0,142.0,246.0,182.0,164.0,245.92340999999996,169.007021,142.375899,0.07659000000003857,-0.007021000000008826,-0.375899000000004,0.3836865657564896,25.553864678361276
140.0,122.0,183.0,143.0,117.0,171.0,151.0,123.77577999999997,182.950547,141.544982,-1.775779999999969,0.04945299999999975,1.4550179999999955,2.2962834293555483,15.264337522473747
141.0,156.0,210.0,144.0,144.0,202.0,159.0,156.03421999999998,209.80693399999998,144.097054,-0.03421999999997638,0.19306600000001595,-0.09705400000001418,0.21878063824755448,20.808652046684813
142.0,39.0,55.0,145.0,56.0,35.0,137.0,37.149344000000006,54.964429,145.909817,1.8506559999999936,0.035570999999997355,-0.9098170000000039,2.06251300598711,27.440845468024488
143.0,154.0,139.0,145.0,158.0,136.0,155.0,154.32208400000002,139.06161600000001,145.306554,-0.322084000000018,-0.06161600000001499,-0.30655400000000554,0.4488986404835916,11.180339887498949
144.0,205.0,112.0,146.0,216.0,120.0,159.0,204.55919600000001,111.200308,145.876748,0.44080399999998576,0.7996919999999932,0.12325200000000791,0.9214154962794898,18.81488772222678
145.0,226.0,217.0,147.0,214.0,222.0,171.0,225.82693199999997,216.962918,147.98616,0.1730680000000291,0.03708199999999806,-0.9861600000000124,1.0019177376152368,27.294688127912362
146.0,114.0,155.0,148.0,113.0,143.0,154.0,114.395502,155.276892,147.397967,-0.39550199999999336,-0.2768920000000037,0.6020330000000058,0.7717089767243892,13.45362404707371
147.0,128.0,150.0,149.0,128.0,140.0,157.0,127.830624,149.374266,149.329682,0.16937599999999975,0.6257339999999942,-0.32968199999999115,0.7272698874943103,12.806248474865697
148.0,145.0,49.0,156.0,168.0,50.0,158.0,145.35074999999998,49.118903,155.464995,-0.3507499999999766,-0.11890300000000309,0.5350050000000124,0.6506872028355849,23.108440016582687
149.0,50.0,32.0,157.0,73.0,16.0,149.0,49.896207999999994,32.887634000000006,157.843421,0.10379200000000566,-0.8876340000000056,-0.8434210000000064,1.228831103309573,29.13760456866693
150.0,67.0,114.0,157.0,73.0,95.0,156.0,67.559178,114.32847400000001,157.141789,-0.5591780000000028,-0.32847400000001414,-0.14178899999998862,0.6638368209741075,19.949937343260004
151.0,184.0,40.0,158.0,210.0,49.0,164.0,184.314954,40.00748800000001,157.86763,-0.3149540000000002,-0.007488000000009265,0.13237000000000876,0.34172197640772617,28.160255680657446
152.0,207.0,134.0,158.0,212.0,140.0,175.0,206.794332,133.618536,159.720356,0.20566800000000285,0.38146399999999403,-1.7203560000000095,1.7741022733360186,18.708286933869708
153.0,172.0,86.0,160.0,187.0,90.0,168.0,172.39569,86.95693700000001,159.75435,-0.3956900000000019,-0.9569370000000106,0.24565000000001191,1.0642569805122386,17.46424919657298
154.0,164.0,52.0,161.0,186.0,56.0,166.0,163.97779,52.179421000000005,161.11328699999999,0.022210000000001173,-0.17942100000000494,-0.11328699999998548,0.21335211203547655,22.9128784747792
155.0,115.0,62.0,165.0,133.0,56.0,165.0,115.201584,62.841466000000004,164.523769,-0.20158399999999688,-0.841466000000004,0.4762310000000127,0.9876725690090911,18.973665961010276
156.0,190.0,115.0,165.0,197.0,120.0,178.0,189.02871000000002,116.370037,165.72772,0.971289999999982,-1.3700369999999964,-0.727720000000005,1.8302956165245445,15.588457268119896
157.0,140.0,213.0,167.0,125.0,200.0,181.0,140.37748799999997,213.13602600000002,167.023169,-0.3774879999999712,-0.1360260000000153,-0.023168999999995776,0.4019167393639909,24.289915602982237
158.0,159.0,24.0,168.0,187.0,28.0,170.0,159.290518,23.562953000000004,167.51603,-0.2905179999999916,0.4370469999999962,0.48396999999999935,0.7138891716737208,28.35489375751565
159.0,140.0,148.0,168.0,138.0,138.0,177.0,138.60548,146.69210800000002,167.938586,1.39452,1.3078919999999812,0.0614140000000134,1.9128615196767258,13.601470508735444
160.0,220.0,205.0,171.0,209.0,208.0,193.0,220.452216,205.16048600000002,170.886969,-0.45221599999999285,-0.1604860000000201,0.11303100000000654,0.49298181894771886,24.779023386727733
161.0,80.0,110.0,172.0,86.0,91.0,173.0,80.35695199999998,108.780585,172.804623,-0.3569519999999784,1.219414999999998,-0.8046229999999923,1.50393013290444,19.949937343260004
162.0,202.0,141.0,174.0,203.0,146.0,191.0,201.43262000000001,142.702978,175.294547,0.5673799999999858,-1.7029780000000017,-1.2945469999999943,2.213121340571496,17.74823934929885
163.0,137.0,103.0,176.0,146.0,97.0,182.0,137.65779799999999,103.40638200000001,175.949988,-0.6577979999999854,-0.4063820000000078,0.05001200000000949,0.7748198105830724,12.36931687685298
164.0,186.0,128.0,176.0,191.0,129.0,189.0,186.561064,127.573179,175.96054,-0.5610639999999876,0.4268210000000039,0.03945999999999117,0.7060637858841003,13.96424004376894
165.0,241.0,219.0,177.0,226.0,225.0,203.0,240.72382000000002,219.834721,177.50671499999999,0.27617999999998233,-0.8347210000000018,-0.5067149999999856,1.0147879736506433,30.610455730027933
166.0,79.0,37.0,178.0,100.0,24.0,173.0,78.83420799999999,37.288966,177.957402,0.16579200000001038,-0.28896600000000205,0.04259799999999814,0.33586146850153037,25.199206336708304
167.0,83.0,102.0,178.0,89.0,85.0,178.0,82.32938999999999,102.372794,177.933405,0.6706100000000106,-0.37279399999999896,0.06659500000000662,0.7701480588568761,18.027756377319946
168.0,133.0,42.0,179.0,155.0,39.0,180.0,133.27273,42.01053,178.743403,-0.2727299999999957,-0.010530000000002815,0.2565969999999993,0.3746125387770641,22.22611077089287
169.0,73.0,221.0,179.0,52.0,192.0,186.0,72.122262,220.06756099999998,178.610625,0.8777379999999937,0.9324390000000164,0.38937500000000114,1.3384615706063514,36.4828726939094
170.0,173.0,196.0,181.0,160.0,190.0,199.0,172.19327599999997,197.054722,182.398058,0.8067240000000311,-1.0547219999999982,-1.3980579999999918,1.9281618917570233,23.0
171.0,24.0,62.0,183.0,37.0,36.0,174.0,23.651598,62.411813,182.98773599999998,0.3484020000000001,-0.4118130000000022,0.01226400000001604,0.5395593630630482,30.430248109405877
172.0,43.0,74.0,184.0,55.0,52.0,178.0,44.020934000000004,75.441193,183.845426,-1.020934000000004,-1.4411929999999984,0.15457399999999666,1.7729175437907434,25.768197453450252
173.0,110.0,93.0,184.0,119.0,81.0,186.0,109.83090999999999,92.756214,183.533107,0.1690900000000113,0.24378600000000006,0.4668929999999989,0.5531836181097582,15.132745950421556
174.0,138.0,37.0,186.0,161.0,34.0,187.0,138.417012,36.15923,185.455089,-0.4170119999999997,0.8407699999999991,0.5449110000000132,1.0852286390272847,23.2163735324878
175.0,126.0,51.0,186.0,145.0,45.0,187.0,126.08356400000002,50.670993,185.739552,-0.08356400000002395,0.32900699999999716,0.2604479999999967,0.4278571126544473,19.949937343260004
176.0,107.0,153.0,186.0,102.0,136.0,193.0,106.72991200000001,153.04578600000002,186.493588,0.270087999999987,-0.04578600000002098,-0.49358799999998837,0.5645112924326522,19.05255888325765
177.0,213.0,188.0,187.0,203.0,189.0,208.0,212.37889800000002,187.94964399999998,187.605037,0.6211019999999792,0.05035600000002205,-0.60503700000001,0.8685465977764166,23.280893453645632
178.0,170.0,151.0,188.0,167.0,146.0,201.0,169.38028000000003,150.68847200000002,187.887557,0.6197199999999725,0.3115279999999814,0.11244300000001317,0.702670620869378,14.247806848775006
179.0,213.0,225.0,188.0,195.0,224.0,212.0,212.94784199999998,225.713459,188.819064,0.05215800000001991,-0.7134590000000003,-0.8190639999999973,1.0874787527768064,30.01666203960727
180.0,236.0,173.0,189.0,228.0,178.0,212.0,233.38197,171.893953,190.42716099999998,2.6180300000000045,1.1060469999999896,-1.427160999999984,3.1802845103905333,24.859605789312106
181.0,158.0,206.0,189.0,143.0,195.0,205.0,158.259672,206.03823699999998,189.10360599999998,-0.2596719999999948,-0.03823699999998098,-0.10360599999998499,0.2821804723736083,24.535688292770594
182.0,215.0,246.0,189.0,192.0,243.0,214.0,214.47266199999999,245.92997599999998,189.202352,0.5273380000000145,0.07002400000001785,-0.20235199999999054,0.5691529308753615,34.10278580995987
183.0,162.0,160.0,190.0,157.0,153.0,203.0,161.900716,160.025629,189.978144,0.09928400000001147,-0.025629000000009228,0.021856000000013864,0.10484199079092002,15.588457268119896
184.0,182.0,201.0,190.0,170.0,196.0,209.0,183.67512799999997,201.874326,190.630956,-1.6751279999999724,-0.8743259999999964,-0.6309559999999976,1.9921358499349129,23.021728866442675
185.0,106.0,140.0,192.0,104.0,123.0,197.0,106.18052,139.597769,191.401621,-0.18052000000000135,0.40223100000000045,0.5983789999999942,0.7432594939871229,17.832554500127006
186.0,157.0,153.0,193.0,153.0,145.0,205.0,156.71207199999998,152.776947,192.985906,0.28792800000002217,0.22305299999999306,0.014094000000000051,0.3644911724980588,14.966629547095765
187.0,52.0,57.0,195.0,66.0,36.0,189.0,51.800288,57.583882,195.029336,0.1997119999999981,-0.5838820000000027,-0.029336000000000695,0.617789344165147,25.942243542145693
188.0,180.0,162.0,195.0,175.0,158.0,210.0,180.212118,161.991811,194.7583,-0.2121180000000038,0.008188999999987345,0.24170000000000869,0.32168306707846095,16.30950643030009
189.0,129.0,185.0,195.0,116.0,169.0,207.0,128.084452,185.001565,195.703629,0.9155480000000011,-0.0015649999999993724,-0.7036290000000065,1.1546966524460056,23.853720883753127
190.0,161.0,41.0,196.0,182.0,43.0,201.0,161.049184,42.104124999999996,196.34712299999998,-0.049183999999996786,-1.1041249999999962,-0.3471229999999821,1.1584495926064193,21.6794833886788
191.0,22.0,39.0,197.0,40.0,13.0,186.0,22.682333999999997,39.070878,196.452998,-0.6823339999999973,-0.07087800000000044,0.547001999999992,0.8773907718023867,33.481338085566414
192.0,87.0,100.0,199.0,92.0,82.0,200.0,86.662826,100.222509,199.138557,0.3371740000000045,-0.2225090000000023,-0.1385569999999916,0.4270768123019579,18.708286933869708
193.0,24.0,147.0,199.0,17.0,113.0,195.0,23.931388000000005,146.827373,197.59646,0.06861199999999457,0.17262700000000564,1.4035399999999925,1.4157797213101269,34.942810419312295
194.0,30.0,163.0,199.0,19.0,129.0,198.0,29.505317999999995,163.02689,198.811947,0.4946820000000045,-0.02689000000000874,0.18805299999999647,0.5299030892842611,35.749125863438955
195.0,106.0,212.0,199.0,87.0,189.0,210.0,106.04651000000001,211.577002,199.100183,-0.04651000000001204,0.42299800000000687,-0.10018299999998703,0.4371808797202873,31.796226191169293
196.0,56.0,198.0,200.0,38.0,166.0,204.0,55.50233799999999,197.512309,199.53461099999998,0.4976620000000125,0.4876910000000123,0.46538900000001604,0.8379122263376036,36.932370625238775
197.0,134.0,64.0,204.0,148.0,60.0,209.0,134.280376,66.96583000000001,205.250058,-0.28037599999998974,-2.965830000000011,-1.2500579999999957,3.230697029069741,15.394804318340652
198.0,123.0,121.0,204.0,125.0,108.0,210.0,123.560518,120.879561,203.5909,-0.5605180000000018,0.12043900000000463,0.40909999999999513,0.704307312928809,14.45683229480096
199.0,68.0,189.0,204.0,52.0,160.0,209.0,67.57717600000001,188.877194,203.75583799999998,0.42282399999999143,0.12280599999999708,0.2441620000000171,0.5034645279024138,33.49626844888845
200.0,49.0,97.0,205.0,54.0,72.0,201.0,49.718312000000005,97.739218,204.1775,-0.7183120000000045,-0.7392179999999939,0.8224999999999909,1.3186817777113562,25.80697580112788
201.0,27.0,181.0,207.0,12.0,144.0,207.0,27.205052000000002,180.441676,206.637824,-0.205052000000002,0.5583239999999989,0.36217600000000516,0.6963788241007931,39.92492955535426
202.0,31.0,65.0,208.0,44.0,39.0,200.0,33.35045,65.878394,207.147118,-2.350450000000002,-0.8783940000000001,0.8528819999999939,2.650207336730468,30.14962686336267
203.0,210.0,91.0,208.0,219.0,96.0,221.0,208.4256,90.314994,207.550307,1.5743999999999971,0.6850060000000013,0.44969299999999635,1.77487812941762,16.583123951777
204.0,115.0,131.0,209.0,114.0,114.0,215.0,115.25093999999999,129.603294,208.744988,-0.25093999999998573,1.3967059999999947,0.2550119999999936,1.4418008372101796,18.05547008526779
205.0,116.0,143.0,209.0,112.0,126.0,216.0,116.09072999999998,142.374617,208.742517,-0.09072999999997933,0.6253829999999994,0.2574830000000077,0.6823733031691667,18.81488772222678
206.0,228.0,162.0,209.0,223.0,167.0,230.0,228.247126,162.88728,209.196397,-0.24712600000000862,-0.8872800000000041,-0.19639699999999038,0.941758376594022,22.15851980616034
207.0,80.0,194.0,209.0,63.0,167.0,216.0,79.88904199999999,194.310222,208.925235,0.11095800000001077,-0.3102220000000102,0.07476500000001352,0.33784489380929045,32.66496594212215
208.0,195.0,78.0,210.0,208.0,81.0,221.0,195.10371999999998,77.17138299999999,209.870067,-0.10371999999998138,0.8286170000000084,0.12993299999999408,0.8451310878070978,17.291616465790582
209.0,85.0,234.0,210.0,59.0,204.0,220.0,84.56085000000002,233.313559,209.620948,0.4391499999999837,0.6864410000000021,0.3790520000000015,0.8987404451147115,40.93897898091744
210.0,203.0,211.0,211.0,185.0,206.0,233.0,202.021592,210.75492400000002,211.54670299999998,0.9784080000000017,0.2450759999999832,-0.5467029999999795,1.1472700773788937,28.861739379323623
211.0,215.0,238.0,211.0,192.0,234.0,236.0,214.76310599999996,238.23876900000002,211.219901,0.23689400000003502,-0.2387690000000191,-0.21990099999999302,0.4018530233779791,34.20526275297414
212.0,218.0,242.0,211.0,194.0,238.0,237.0,217.55944,242.00232400000002,211.640586,0.44056000000000495,-0.002324000000015758,-0.6405860000000132,0.7774631425167506,35.608987629529715
213.0,147.0,161.0,212.0,139.0,149.0,224.0,146.632114,161.033172,212.047765,0.3678859999999986,-0.03317200000000753,-0.04776499999999828,0.3724540049522885,18.76166303929372
214.0,208.0,100.0,213.0,216.0,105.0,228.0,208.30913,100.632256,213.68648,-0.30913000000001034,-0.6322559999999982,-0.6864799999999889,0.9831397646499651,17.72004514666935
215.0,226.0,118.0,216.0,225.0,123.0,235.0,221.14514799999998,117.742271,217.98526999999999,4.854852000000022,0.25772899999999765,-1.9852699999999857,5.251410206053718,19.672315572906
216.0,46.0,163.0,216.0,35.0,130.0,217.0,46.333464,162.134408,215.681097,-0.3334639999999993,0.8655919999999924,0.31890300000000593,0.9808908569096718,34.79942528261063
217.0,117.0,197.0,216.0,100.0,176.0,227.0,116.91259599999998,196.806552,215.61034,0.08740400000002069,0.1934479999999894,0.3896599999999921,0.44373021479271996,29.171904291629644
218.0,86.0,222.0,217.0,61.0,192.0,228.0,84.63011399999999,221.168699,218.283966,1.3698860000000082,0.8313009999999963,-1.2839659999999924,2.053343053352994,40.570925550201586
219.0,77.0,45.0,218.0,92.0,28.0,215.0,76.58778800000002,45.931248000000004,218.65673999999999,0.4122119999999825,-0.9312480000000036,-0.656739999999985,1.21179577406755,22.869193252058544
220.0,217.0,55.0,221.0,234.0,65.0,235.0,216.96209199999998,56.485633,222.703251,0.03790800000001582,-1.485633,-1.7032509999999945,2.2604438493698495,24.186773244895647
221.0,31.0,86.0,221.0,36.0,56.0,215.0,31.167083999999996,85.962764,220.640904,-0.16708399999999557,0.03723599999999294,0.35909599999999386,0.39781090981519546,31.0
222.0,38.0,75.0,222.0,44.0,46.0,217.0,36.569976000000004,74.234816,222.8469,1.430023999999996,0.765184000000005,-0.8469000000000051,1.8296761474184455,30.033314835362415
223.0,28.0,69.0,223.0,36.0,39.0,216.0,27.619346,68.611978,223.203686,0.3806539999999998,0.38802200000000653,-0.2036860000000047,0.5804709525859213,31.827660925679098
224.0,162.0,157.0,224.0,154.0,147.0,238.0,161.392934,156.920952,224.470446,0.6070660000000032,0.07904800000000023,-0.4704460000000097,0.7720732825166359,18.973665961010276
225.0,103.0,52.0,226.0,117.0,39.0,226.0,103.01980599999999,52.90684400000001,226.143611,-0.019805999999988444,-0.9068440000000066,-0.14361099999999283,0.9183585559535064,19.1049731745428
226.0,39.0,70.0,226.0,46.0,42.0,221.0,37.952272,70.00936,226.90761,1.0477279999999993,-0.009360000000000923,-0.9076100000000054,1.386209754576849,29.29163703175362
227.0,123.0,43.0,228.0,140.0,33.0,229.0,123.15823199999997,42.310159,227.697727,-0.15823199999996973,0.6898410000000013,0.3022730000000138,0.7696018045937786,19.748417658131498
228.0,101.0,66.0,229.0,110.0,52.0,232.0,99.987258,68.063351,231.27093299999999,1.012742000000003,-2.0633509999999973,-2.270932999999985,3.2311298949831664,16.911534525287763
229.0,128.0,73.0,229.0,139.0,62.0,231.0,128.66617200000002,72.368998,226.974535,-0.6661720000000173,0.6310019999999952,2.025464999999997,2.2236135284291207,15.684387141358123
230.0,120.0,138.0,229.0,114.0,121.0,237.0,118.97549599999999,138.307751,229.256185,1.0245040000000074,-0.3077509999999961,-0.2561849999999879,1.0999772171467948,19.72308292331602
231.0,95.0,66.0,233.0,105.0,49.0,234.0,94.953374,66.140798,233.890465,0.04662600000000339,-0.14079800000000375,-0.8904650000000061,0.9027325057319096,19.748417658131498
232.0,52.0,94.0,233.0,55.0,67.0,230.0,52.492726,94.431692,232.471937,-0.49272599999999755,-0.4316919999999982,0.5280630000000031,0.8414198868038473,27.331300737432898
233.0,118.0,52.0,236.0,131.0,41.0,238.0,117.51874199999997,52.956810000000004,236.347643,0.4812580000000253,-0.9568100000000044,-0.34764300000000503,1.1260329897978283,17.146428199482248
234.0,21.0,126.0,238.0,15.0,90.0,235.0,21.198292000000002,126.447854,238.418171,-0.19829200000000213,-0.44785400000000664,-0.41817100000000096,0.6440185617053343,36.61966684720111
235.0,33.0,159.0,238.0,20.0,123.0,238.0,33.176166,159.460312,237.785644,-0.17616600000000204,-0.4603119999999876,0.21435600000000932,0.5374663632600586,38.27531841800928
236.0,137.0,198.0,8.0,139.0,200.0,17.0,136.670104,198.885702,8.053687,0.32989599999999086,-0.8857020000000091,-0.05368700000000004,0.9466687369872367,9.433981132056603
237.0,139.0,96.0,10.0,164.0,106.0,12.0,138.949666,97.151041,10.029464999999998,0.05033399999999233,-1.1510410000000064,-0.029464999999998298,1.1525177141640877,27.0
238.0,133.0,209.0,11.0,133.0,209.0,21.0,133.495416,209.601595,11.550526000000001,-0.49541600000000585,-0.6015950000000032,-0.5505260000000014,0.9541658313715762,10.0
239.0,211.0,177.0,16.0,221.0,193.0,32.0,211.99157,176.153016,16.381551000000005,-0.9915699999999958,0.846983999999992,-0.3815510000000053,1.3587399040128991,24.73863375370596
240.0,142.0,166.0,17.0,151.0,169.0,25.0,141.84536,165.246151,17.680448000000002,0.15464000000000055,0.7538490000000024,-0.6804480000000019,1.0272347955092869,12.409673645990857
241.0,169.0,237.0,17.0,163.0,241.0,32.0,169.026706,237.08408000000003,16.647785000000002,-0.026705999999990127,-0.08408000000002858,0.3522149999999975,0.36309511572176584,16.64331697709324
242.0,79.0,121.0,18.0,96.0,115.0,15.0,78.733172,120.351335,17.679331,0.26682800000000384,0.648664999999994,0.32066899999999876,0.7712276391377539,18.275666882497067
243.0,139.0,13.0,20.0,183.0,28.0,16.0,140.06199399999997,13.653411000000002,19.654467999999998,-1.0619939999999701,-0.653411000000002,0.34553200000000217,1.293897041491687,46.65833258915282
244.0,173.0,187.0,20.0,178.0,195.0,33.0,173.03064,186.978893,20.703255000000002,-0.03064000000000533,0.021107000000000653,-0.7032550000000022,0.7042385320855451,16.06237840420901
245.0,84.0,122.0,23.0,101.0,117.0,22.0,84.461478,121.87562199999999,23.814493,-0.4614779999999996,0.1243780000000072,-0.8144929999999988,0.9443678723977217,17.74823934929885
246.0,175.0,188.0,23.0,179.0,196.0,35.0,174.365684,187.94035200000002,22.451169,0.6343160000000125,0.059647999999981494,0.5488309999999998,0.840910303374274,14.966629547095765
247.0,193.0,44.0,24.0,230.0,66.0,29.0,192.695888,43.981256,24.708825999999995,0.3041120000000035,0.018743999999998096,-0.7088259999999948,0.7715372605104661,43.3358973600409
248.0,189.0,25.0,26.0,230.0,48.0,29.0,188.83251199999998,25.536134,26.403472,0.16748800000002007,-0.5361340000000006,-0.4034720000000007,0.6915790272152619,47.10626285325551
249.0,171.0,50.0,27.0,206.0,67.0,29.0,170.86892,49.865601,26.594799000000002,0.1310799999999972,0.13439900000000193,0.40520099999999815,0.4465791172927797,38.961519477556315
250.0,164.0,223.0,27.0,161.0,226.0,41.0,164.87948,222.744576,26.885547,-0.8794800000000009,0.255424000000005,0.11445300000000103,0.9229441908290037,14.628738838327793
251.0,181.0,45.0,28.0,216.0,65.0,31.0,179.825668,45.930517,27.882609000000002,1.1743319999999926,-0.9305170000000018,0.1173909999999978,1.5028965967071672,40.422765862815474
252.0,51.0,216.0,29.0,45.0,197.0,31.0,51.11069200000001,215.819509,29.56356,-0.11069200000000734,0.1804909999999893,-0.563559999999999,0.602021256721884,20.024984394500787
253.0,89.0,125.0,30.0,105.0,120.0,29.0,89.486016,124.627122,29.938012999999998,-0.48601600000000644,0.37287800000000004,0.06198700000000201,0.6157044285280125,16.792855623746664
254.0,19.0,114.0,33.0,34.0,96.0,24.0,18.623418,114.06195500000001,33.243981,0.3765819999999991,-0.06195500000001175,-0.243980999999998,0.45296705521483543,25.099800796022265
255.0,25.0,41.0,34.0,57.0,30.0,20.0,25.176882,41.494281,33.710936000000004,-0.1768819999999991,-0.49428100000000086,0.2890639999999962,0.5992987109789227,36.61966684720111
256.0,128.0,135.0,34.0,142.0,137.0,38.0,128.02461399999999,135.18207,33.945375999999996,-0.02461399999998548,-0.18207000000001017,0.054624000000004,0.19167450344791145,14.696938456699069
257.0,205.0,185.0,37.0,210.0,198.0,54.0,205.18446200000002,185.03533900000002,37.988597,-0.18446200000002477,-0.03533900000002177,-0.9885969999999986,1.0062798332342788,21.97726097583591
258.0,27.0,35.0,40.0,61.0,23.0,27.0,28.055099999999996,33.998491,40.775926,-1.055099999999996,1.0015089999999987,-0.7759259999999983,1.6487320717924383,38.3275357934736
259.0,57.0,204.0,40.0,53.0,187.0,41.0,57.32163199999999,204.648417,39.46782,-0.3216319999999868,-0.6484169999999949,0.5321799999999968,0.8983915080369925,17.4928556845359
260.0,43.0,201.0,41.0,38.0,180.0,42.0,42.144214,200.58218100000002,42.326707,0.8557860000000019,0.4178189999999802,-1.326706999999999,1.6331239568403815,21.61018278497431
261.0,206.0,189.0,42.0,211.0,201.0,59.0,207.25178799999998,188.255077,42.435066,-1.2517879999999764,0.744923,-0.43506599999999906,1.5202519190018935,21.400934559032695
262.0,214.0,178.0,43.0,220.0,193.0,60.0,213.901338,178.304496,43.40798,0.09866199999999026,-0.3044960000000003,-0.407980000000002,0.5185553824424156,23.45207879911715
263.0,46.0,16.0,44.0,84.0,10.0,31.0,46.792108000000006,16.29831,43.951353999999995,-0.792108000000006,-0.29831000000000074,0.048646000000005074,0.8478150582998691,40.607881008493905
264.0,40.0,168.0,44.0,43.0,149.0,41.0,39.981615999999995,167.733555,43.870456000000004,0.01838400000000462,0.2664450000000045,0.12954399999999566,0.29683759434579954,19.467922333931785
265.0,118.0,146.0,45.0,128.0,144.0,49.0,117.78050400000001,145.955626,45.026529999999994,0.21949599999999236,0.0443740000000048,-0.026529999999993947,0.22550252058900971,10.954451150103322
266.0,130.0,150.0,45.0,140.0,150.0,51.0,130.29110799999998,149.813406,45.396154,-0.29110799999997994,0.1865940000000137,-0.3961540000000028,0.5258318934944852,11.661903789690601
267.0,38.0,161.0,45.0,42.0,142.0,42.0,37.661798,160.83254300000002,45.574273,0.33820200000000256,0.16745699999998465,-0.574272999999998,0.6871767736048668,19.6468827043885
268.0,48.0,175.0,46.0,50.0,158.0,45.0,48.746128000000006,175.817156,46.29473,-0.7461280000000059,-0.8171560000000113,-0.29473000000000127,1.1451273700423146,17.146428199482248
269.0,119.0,202.0,47.0,117.0,196.0,55.0,119.44500399999998,201.8865,46.812139,-0.4450039999999831,0.11349999999998772,0.18786099999999806,0.4961880342541337,10.198039027185569
270.0,216.0,195.0,48.0,217.0,208.0,65.0,214.870648,194.63091799999998,47.054705,1.1293520000000115,0.3690820000000201,0.9452950000000016,1.5183017156194758,21.42428528562855
271.0,43.0,161.0,49.0,48.0,145.0,45.0,44.119111999999994,162.90064700000002,47.683651,-1.1191119999999941,-1.9006470000000206,1.3163490000000024,2.5685882069639097,17.233687939614086
272.0,104.0,148.0,50.0,113.0,142.0,52.0,103.87825799999999,147.15224899999998,49.339248,0.12174200000001179,0.8477510000000166,0.6607520000000022,1.0817097938305975,11.0
273.0,50.0,151.0,50.0,57.0,135.0,47.0,50.440403999999994,150.970215,49.807142,-0.4404039999999938,0.029785000000003947,0.19285800000000108,0.4817022291883184,17.72004514666935
274.0,120.0,160.0,50.0,126.0,156.0,55.0,119.125324,159.074984,49.835474,0.8746759999999938,0.9250159999999994,0.16452600000000217,1.28365942130613,8.774964387392123
275.0,147.0,65.0,51.0,176.0,75.0,53.0,147.45811999999998,65.80852100000001,51.411564999999996,-0.45811999999997965,-0.8085210000000131,-0.41156499999999596,1.0163492957964793,30.740852297878796
276.0,36.0,167.0,51.0,39.0,147.0,47.0,36.484788,166.911675,50.162468000000004,-0.4847880000000018,0.08832499999999754,0.837531999999996,0.9717409951180379,20.615528128088304
277.0,55.0,28.0,52.0,88.0,22.0,41.0,54.05135199999999,28.481192000000004,52.1144,0.9486480000000128,-0.4811920000000036,-0.11440000000000339,1.0698439740298717,35.298725189445584
278.0,111.0,149.0,52.0,120.0,145.0,55.0,111.25397199999998,149.01786900000002,51.366121,-0.2539719999999761,-0.017869000000018787,0.6338790000000003,0.683098576038619,10.295630140987
279.0,120.0,24.0,53.0,158.0,30.0,48.0,120.76345,22.992393000000003,52.321855,-0.763450000000006,1.0076069999999966,0.6781450000000007,1.4345760384078647,38.79432948254165
280.0,32.0,100.0,53.0,50.0,84.0,45.0,32.86336000000001,99.98721,53.261607999999995,-0.8633600000000072,0.012789999999995416,-0.2616079999999954,0.9022155060538529,25.37715508089904
281.0,51.0,145.0,54.0,59.0,129.0,51.0,51.393436,144.69530100000003,54.056146,-0.39343600000000123,0.30469899999997097,-0.05614599999999825,0.5007851235939254,18.138357147217054
282.0,88.0,154.0,54.0,95.0,145.0,56.0,88.39497800000001,154.149576,54.391029,-0.39497800000000893,-0.14957599999999616,-0.3910290000000032,0.5755730006706433,11.575836902790225
283.0,95.0,52.0,55.0,125.0,52.0,50.0,95.380166,52.357617000000005,54.897852,-0.38016600000000267,-0.35761700000000474,0.10214799999999968,0.5318367420073621,30.4138126514911
284.0,192.0,59.0,55.0,224.0,77.0,61.0,192.778632,58.695603000000006,54.96129500000001,-0.7786319999999876,0.3043969999999945,0.038704999999993106,0.8369130194100082,37.20215047547655
285.0,25.0,77.0,55.0,47.0,61.0,44.0,25.070617999999996,76.956288,54.712221,-0.07061799999999607,0.04371199999999931,0.28777900000000045,0.299523611271298,29.34280150224242
286.0,123.0,84.0,56.0,147.0,86.0,57.0,123.58949599999997,83.231004,56.61772499999999,-0.5894959999999685,0.7689960000000013,-0.617724999999993,1.1491059819080902,24.1039415863879
287.0,48.0,136.0,56.0,57.0,120.0,52.0,47.725953999999994,135.947315,56.030761999999996,0.27404600000000556,0.05268499999999676,-0.030761999999995737,0.28075473279181323,18.788294228055936
288.0,202.0,82.0,60.0,228.0,100.0,69.0,202.19681599999998,82.01129,60.164158,-0.19681599999998411,-0.011290000000002465,-0.16415800000000047,0.256538205575688,32.87856444554719
289.0,202.0,81.0,61.0,228.0,99.0,70.0,202.08319,81.05616800000001,61.220588000000006,-0.08319000000000187,-0.05616800000001376,-0.22058800000000645,0.2423519879596714,32.87856444554719
290.0,105.0,86.0,62.0,127.0,84.0,61.0,105.19625599999998,85.509654,62.305251,-0.1962559999999769,0.4903460000000024,-0.3052509999999984,0.6100276962999239,22.11334438749598
291.0,35.0,91.0,63.0,53.0,75.0,54.0,34.595926,90.78366000000001,62.521963,0.4040740000000014,0.2163399999999882,0.4780370000000005,0.6622674432923579,25.709920264364882
292.0,162.0,146.0,63.0,172.0,151.0,72.0,162.015666,145.820394,62.869789999999995,-0.015666000000010172,0.17960600000000682,0.13021000000000527,0.22239240745134292,14.352700094407323
293.0,98.0,203.0,63.0,93.0,192.0,71.0,98.16097199999999,203.760912,64.565375,-0.1609719999999868,-0.7609119999999905,-1.565375000000003,1.7479410594047475,14.491376746189438
294.0,38.0,89.0,64.0,57.0,74.0,56.0,38.256905999999994,89.088209,64.210656,-0.25690599999999364,-0.0882090000000062,-0.21065600000000018,0.34374041201609956,25.495097567963924
295.0,57.0,33.0,65.0,89.0,26.0,55.0,57.242364,33.352122,65.127269,-0.24236400000000202,-0.3521220000000014,-0.1272689999999983,0.4460130152148046,34.249087579087416
296.0,40.0,87.0,65.0,59.0,73.0,57.0,39.980079999999994,87.728119,65.102076,0.019920000000006155,-0.7281190000000066,-0.10207599999999672,0.7355090715531721,24.919871588754223
297.0,221.0,220.0,65.0,216.0,231.0,86.0,221.00991000000002,219.863916,65.179772,-0.009910000000019181,0.13608400000001097,-0.17977199999999982,0.22568791536102084,24.228082879171435
298.0,210.0,235.0,68.0,202.0,242.0,89.0,210.81627999999998,234.179532,68.18607399999999,-0.8162799999999777,0.8204680000000053,-0.18607399999999075,1.1722219546229156,23.53720459187964
299.0,71.0,39.0,71.0,101.0,33.0,63.0,70.573636,38.65227300000001,71.176444,0.4263640000000066,0.3477269999999919,-0.1764440000000036,0.5777826686229013,31.622776601683793
300.0,51.0,57.0,71.0,77.0,47.0,63.0,51.53688400000001,57.858095000000006,71.838506,-0.5368840000000077,-0.8580950000000058,-0.8385059999999953,1.3144062425738134,28.982753492378876
301.0,176.0,140.0,71.0,187.0,148.0,82.0,176.15783,140.405017,71.537486,-0.15782999999998992,-0.40501699999998664,-0.5374860000000012,0.6912599217262544,17.4928556845359
302.0,90.0,97.0,73.0,107.0,91.0,72.0,89.441746,97.498114,73.881435,0.5582540000000051,-0.49811400000000106,-0.8814349999999962,1.1561542910602374,18.05547008526779
303.0,231.0,223.0,73.0,226.0,235.0,96.0,232.06249799999998,222.634062,73.600964,-1.0624979999999766,0.3659379999999999,-0.6009640000000047,1.2743509521101146,26.419689627245813
304.0,112.0,28.0,74.0,146.0,29.0,68.0,111.54813799999997,25.789612000000005,72.651722,0.45186200000003396,2.2103879999999947,1.3482779999999934,2.628278513185387,34.539832078341085
305.0,111.0,10.0,82.0,148.0,13.0,77.0,110.85988,9.615443000000004,82.653611,0.14011999999999603,0.3845569999999956,-0.6536109999999979,0.7711841803162153,37.456641600656084
306.0,67.0,65.0,82.0,91.0,56.0,75.0,67.53824399999999,65.081164,81.383509,-0.5382439999999917,-0.08116400000000112,0.6164909999999963,0.8224082632810706,26.570660511172846
307.0,215.0,138.0,82.0,226.0,153.0,96.0,214.462674,138.60628400000002,81.321018,0.5373260000000073,-0.6062840000000165,0.6789820000000049,1.057031728594764,23.280893453645632
308.0,217.0,218.0,82.0,211.0,227.0,103.0,217.27648399999998,217.96073900000002,82.327696,-0.2764839999999822,0.039260999999982005,-0.3276960000000031,0.4305455803895689,23.62202362203543
309.0,92.0,21.0,83.0,127.0,17.0,76.0,92.33100199999998,17.896916,83.04734499999999,-0.3310019999999838,3.103083999999999,-0.047344999999992865,3.121046969221223,35.91656999213594
310.0,100.0,99.0,84.0,116.0,94.0,84.0,99.56331399999999,99.585229,84.403845,0.4366860000000088,-0.5852289999999982,-0.403845000000004,0.8344329985457243,16.76305461424021
311.0,226.0,132.0,85.0,238.0,149.0,100.0,225.02897,132.35598800000002,84.55667799999999,0.9710300000000132,-0.35598800000002484,0.4433220000000091,1.1252382470961655,25.65151067676132
312.0,36.0,37.0,87.0,65.0,24.0,76.0,36.892626,37.624027,87.503626,-0.8926259999999999,-0.6240269999999981,-0.503625999999997,1.1999291731102275,33.63034344160047
313.0,51.0,63.0,87.0,74.0,50.0,79.0,51.041676,62.653446,87.200108,-0.04167600000000249,0.3465539999999976,-0.20010800000000017,0.4023428582142332,27.60434748368452
314.0,114.0,221.0,87.0,103.0,208.0,96.0,113.30423399999998,219.871911,86.29104799999999,0.6957660000000203,1.1280889999999886,0.7089520000000107,1.5030928304602538,19.261360284258224
315.0,142.0,142.0,92.0,149.0,140.0,99.0,141.258676,141.08489600000001,91.784663,0.7413239999999917,0.9151039999999853,0.21533700000000522,1.1972245517700357,10.099504938362077
316.0,154.0,221.0,92.0,144.0,216.0,107.0,153.78675599999997,220.53357599999998,92.74028,0.21324400000003152,0.4664240000000177,-0.7402799999999985,0.9005769426939753,18.708286933869708
317.0,109.0,238.0,92.0,94.0,224.0,103.0,109.17978799999997,238.57718,92.263222,-0.17978799999997364,-0.5771799999999985,-0.26322199999999896,0.6593529393488652,23.280893453645632
318.0,90.0,239.0,93.0,74.0,221.0,102.0,90.06688600000001,239.483066,93.23348,-0.06688600000001088,-0.483066000000008,-0.23348000000000013,0.5406842033498013,25.709920264364882
319.0,106.0,232.0,94.0,92.0,217.0,104.0,105.94157000000001,231.878652,94.049544,0.0584299999999871,0.12134800000001178,-0.04954399999999737,0.1435061320641076,22.825424421026653
320.0,106.0,48.0,95.0,133.0,46.0,92.0,105.681826,47.512865000000005,95.21857999999999,0.31817399999999907,0.487134999999995,-0.21857999999998867,0.621540359832722,27.23967694375247
321.0,230.0,154.0,99.0,234.0,171.0,118.0,227.89538199999996,156.962888,100.136558,2.1046180000000447,-2.9628879999999924,-1.1365579999999937,3.8078716251775253,25.80697580112788
322.0,77.0,60.0,100.0,101.0,52.0,94.0,77.78282999999999,60.27994100000001,99.218424,-0.7828299999999899,-0.279941000000008,0.7815760000000012,1.141074413067347,26.0
323.0,183.0,70.0,100.0,208.0,81.0,107.0,183.58903599999996,69.236185,100.169805,-0.5890359999999646,0.7638149999999939,-0.16980499999999665,0.9793929250030081,28.19574435974337
324.0,177.0,126.0,100.0,186.0,134.0,111.0,175.16375599999998,128.279898,100.844256,1.836244000000022,-2.279898000000003,-0.8442560000000014,3.04671874505608,16.30950643030009
325.0,171.0,129.0,101.0,182.0,134.0,111.0,171.49015599999998,129.089834,101.17427599999999,-0.4901559999999847,-0.0898339999999962,-0.17427599999999188,0.5279158797270466,15.684387141358123
326.0,182.0,71.0,102.0,207.0,82.0,108.0,182.986274,70.533005,101.120446,-0.9862740000000088,0.46699499999999716,0.8795539999999988,1.4015833803299085,27.964262908219126
327.0,114.0,106.0,103.0,128.0,101.0,105.0,114.207664,105.790271,102.962699,-0.20766399999999408,0.20972899999999584,0.03730099999999936,0.2974927813208175,15.0
328.0,120.0,102.0,104.0,134.0,98.0,106.0,119.175174,101.57078700000001,103.71239299999999,0.8248260000000016,0.4292129999999901,0.2876070000000084,0.973282855132052,14.696938456699069
329.0,165.0,81.0,109.0,186.0,88.0,115.0,165.694708,81.420792,109.02414999999999,-0.6947079999999914,-0.42079200000000583,-0.024149999999991678,0.8125689724743326,22.93468988235943
330.0,169.0,57.0,110.0,195.0,68.0,115.0,169.667668,59.103856,110.16454499999999,-0.6676679999999919,-2.1038560000000004,-0.16454499999998973,2.213383311580935,28.6705423736629
331.0,153.0,82.0,110.0,173.0,86.0,115.0,153.32624399999997,82.003626,110.285009,-0.3262439999999742,-0.0036259999999970205,-0.2850090000000023,0.43321868091413657,21.0
332.0,104.0,201.0,112.0,95.0,186.0,120.0,103.65927399999998,200.618313,112.117114,0.34072600000001785,0.38168699999999944,-0.11711400000000083,0.5248760444533661,19.235384061671343
333.0,47.0,61.0,116.0,67.0,45.0,108.0,46.46889000000001,60.965792,116.154585,0.5311099999999911,0.03420799999999957,-0.1545849999999973,0.5542062265880723,26.832815729997478
334.0,165.0,40.0,118.0,194.0,49.0,121.0,165.27729599999998,40.25413100000001,117.809541,-0.27729599999997845,-0.2541310000000081,0.19045900000000415,0.4216043968674826,30.512292604784715
335.0,87.0,59.0,118.0,109.0,51.0,114.0,86.935518,59.027480000000004,117.898191,0.06448199999999815,-0.027480000000004168,0.10180900000000292,0.12360481869652407,23.748684174075834
336.0,55.0,26.0,119.0,84.0,14.0,109.0,55.529104,25.826572000000002,118.63283999999999,-0.5291039999999967,0.1734279999999977,0.3671600000000126,0.6669593537840255,32.93933818400121
337.0,205.0,157.0,119.0,209.0,165.0,134.0,205.26368599999998,156.990326,118.16059299999999,-0.26368599999997855,0.009673999999989746,0.8394070000000085,0.8799022698692183,17.46424919657298
338.0,43.0,28.0,120.0,70.0,13.0,109.0,42.456872,27.636619000000003,119.88205699999999,0.5431280000000029,0.36338099999999685,0.11794300000001101,0.664036389660991,32.78719262151
339.0,22.0,39.0,120.0,46.0,19.0,108.0,21.602058,38.575002,120.33501199999999,0.39794200000000046,0.4249980000000022,-0.33501199999999187,0.6717247766101804,33.46640106136302
340.0,200.0,181.0,121.0,199.0,186.0,138.0,200.99098199999997,180.81290299999998,120.857688,-0.990981999999974,0.18709700000002272,0.142312000000004,1.0184808869472997,17.74823934929885
341.0,33.0,44.0,122.0,57.0,25.0,111.0,33.295268,42.704873000000006,121.74942399999999,-0.2952680000000001,1.2951269999999937,0.25057600000000946,1.3517860295656958,32.526911934581186
342.0,220.0,138.0,122.0,228.0,150.0,138.0,219.89782999999997,138.050623,121.85433499999999,0.1021700000000294,-0.05062300000000164,0.14566500000000815,0.18498564607560378,21.540659228538015
343.0,189.0,124.0,123.0,199.0,131.0,135.0,188.88320399999998,124.243987,123.148924,0.1167960000000221,-0.24398700000000417,-0.14892399999999384,0.30878685134086487,17.11724276862369
344.0,187.0,167.0,124.0,187.0,170.0,139.0,186.637076,166.91665400000002,124.316383,0.3629239999999925,0.0833459999999775,-0.31638300000000186,0.4886292952545846,15.297058540778355
345.0,185.0,176.0,124.0,182.0,179.0,139.0,183.976764,177.151635,123.881585,1.0232359999999971,-1.1516349999999989,0.11841499999999883,1.5450880871801425,15.588457268119896
346.0,145.0,207.0,124.0,135.0,199.0,137.0,144.90259199999997,207.023749,123.951814,0.09740800000002992,-0.023749000000009346,0.04818600000000117,0.11123948966534494,18.24828759089466
347.0,149.0,144.0,126.0,153.0,141.0,135.0,148.783124,143.805541,126.002684,0.2168760000000134,0.19445899999999483,-0.002684000000002129,0.2913017437520823,10.295630140987
348.0,212.0,209.0,126.0,203.0,213.0,147.0,211.3687,208.297113,126.64624599999999,0.6313000000000102,0.702887000000004,-0.6462459999999908,1.144650041403488,23.194827009486403
349.0,76.0,39.0,127.0,102.0,30.0,120.0,76.605482,39.343201,126.22651099999999,-0.605481999999995,-0.34320100000000053,0.7734890000000121,1.0405193952281777,28.39013913315678
350.0,141.0,128.0,127.0,148.0,125.0,133.0,140.555,128.283083,125.996995,0.4449999999999932,-0.28308300000000486,1.0030050000000017,1.1332166672415298,9.695359714832659
351.0,171.0,187.0,127.0,166.0,185.0,141.0,170.772168,186.678967,126.56134899999999,0.22783200000000647,0.3210329999999999,0.43865100000000723,0.5893931685335428,15.0
352.0,26.0,90.0,129.0,39.0,68.0,121.0,27.003304,91.109002,128.809023,-1.003304,-1.1090020000000038,0.19097700000000373,1.5076394021612098,26.77685567799177
353.0,115.0,105.0,129.0,127.0,98.0,132.0,115.37253000000001,104.797957,129.30928600000001,-0.3725300000000118,0.2020430000000033,-0.3092860000000144,0.5246501734918412,14.212670403551895
354.0,225.0,164.0,129.0,227.0,175.0,147.0,225.254284,164.497795,128.243712,-0.2542840000000126,-0.49779499999999643,0.7562880000000121,0.9404423180743309,21.18962010041709
355.0,123.0,191.0,129.0,117.0,181.0,139.0,124.710028,192.36255300000002,129.056116,-1.710027999999994,-1.3625530000000197,-0.05611600000000294,2.187211796797245,15.362291495737216
356.0,27.0,120.0,130.0,32.0,94.0,124.0,26.457954,119.37816500000001,129.825585,0.5420459999999991,0.6218349999999901,0.17441500000001042,0.8431567028530287,27.147743920996454
357.0,126.0,193.0,130.0,119.0,183.0,140.0,127.07709799999998,194.07665,129.665095,-1.0770979999999781,-1.0766500000000008,0.334904999999992,1.559319301210932,15.7797338380595
358.0,73.0,39.0,131.0,97.0,27.0,125.0,71.874616,37.629469,131.732892,1.1253839999999968,1.3705309999999997,-0.7328919999999925,1.9188473240674937,27.49545416973504
359.0,42.0,76.0,131.0,58.0,57.0,124.0,42.39497000000001,76.19860800000001,131.163894,-0.3949700000000078,-0.19860800000000722,-0.1638939999999991,0.4714951556485058,25.80697580112788
360.0,53.0,77.0,131.0,69.0,60.0,125.0,53.24227199999999,77.11507800000001,130.936181,-0.24227199999999272,-0.11507800000001112,0.06381899999999519,0.27570189123217564,24.1039415863879
361.0,74.0,56.0,133.0,95.0,44.0,128.0,73.98957800000002,55.663651,133.18425200000001,0.01042199999997706,0.33634899999999845,-0.18425200000001496,0.38365097079116584,24.698178070456937
362.0,51.0,24.0,134.0,78.0,11.0,124.0,50.889897999999995,25.011394000000003,133.844556,0.11010200000000481,-1.0113940000000028,0.1554439999999886,1.0291759377171636,31.591137997862628
363.0,223.0,198.0,135.0,218.0,205.0,157.0,224.43770399999997,197.758091,135.78467700000002,-1.4377039999999681,0.2419089999999926,-0.7846770000000163,1.6556662556886066,23.62202362203543
364.0,218.0,127.0,136.0,227.0,138.0,151.0,217.71692399999998,126.86125,135.576283,0.28307600000002253,0.1387500000000017,0.42371700000001056,0.5281284695649555,20.663978319771825
365.0,102.0,173.0,137.0,97.0,158.0,144.0,101.91052199999999,173.191501,137.683012,0.08947800000001394,-0.19150099999998815,-0.6830119999999908,0.7149715642100639,17.291616465790582
366.0,241.0,181.0,138.0,237.0,192.0,159.0,239.29909999999998,180.72863199999998,137.365559,1.7009000000000185,0.2713680000000238,0.6344410000000096,1.83554264017622,24.041630560342615
367.0,71.0,27.0,141.0,97.0,16.0,133.0,70.32171199999999,26.914306000000003,140.466773,0.6782880000000091,0.0856939999999966,0.5332270000000108,0.8670346625764297,29.34280150224242
368.0,86.0,65.0,141.0,105.0,55.0,138.0,86.54459,65.6069,140.946415,-0.5445899999999995,-0.606899999999996,0.05358499999999822,0.8171763765093766,21.6794833886788
369.0,230.0,196.0,142.0,224.0,204.0,164.0,230.44051399999998,196.005707,142.119775,-0.440513999999979,-0.005707000000001017,-0.11977500000000418,0.4565426646765694,24.166091947189145
370.0,204.0,112.0,146.0,215.0,120.0,159.0,203.640796,111.402792,145.95925300000002,0.3592040000000054,0.5972079999999949,0.04074699999998188,0.6981011580630677,18.81488772222678
371.0,46.0,117.0,146.0,52.0,95.0,143.0,46.959700000000005,117.675747,146.364715,-0.9597000000000051,-0.6757470000000012,-0.3647149999999897,1.2290952482350601,23.0
372.0,52.0,33.0,147.0,76.0,18.0,138.0,51.969606000000006,33.563963,146.822499,0.030393999999994037,-0.5639630000000011,0.17750100000000657,0.592017453801831,29.698484809834994
373.0,48.0,30.0,148.0,73.0,14.0,138.0,48.355878,30.072499,147.446602,-0.35587799999999703,-0.07249900000000054,0.5533979999999872,0.6619324756264674,31.32091952673165
374.0,144.0,59.0,148.0,164.0,60.0,151.0,143.11642799999998,59.688880000000005,148.11756400000002,0.8835720000000151,-0.6888800000000046,-0.11756400000001577,1.1265329234780654,20.248456731316587
375.0,125.0,74.0,149.0,142.0,70.0,151.0,125.05794799999998,74.390818,148.991204,-0.0579479999999819,-0.3908179999999959,0.00879599999998959,0.395188625144999,17.578395831246947
376.0,218.0,115.0,149.0,228.0,126.0,164.0,217.372818,115.26690900000001,149.133221,0.6271820000000048,-0.2669090000000125,-0.13322099999999182,0.6945109864113098,21.118712081942874
377.0,194.0,113.0,150.0,204.0,119.0,163.0,193.727788,112.883815,150.810087,0.2722119999999961,0.11618500000000154,-0.81008700000001,0.8624611728872289,17.46424919657298
378.0,59.0,120.0,150.0,64.0,99.0,148.0,59.344058,119.69288999999999,149.809482,-0.34405799999999687,0.30711000000000865,0.1905179999999973,0.49898854474627186,21.6794833886788
379.0,163.0,148.0,150.0,164.0,144.0,161.0,162.155576,146.462186,149.832046,0.8444240000000036,1.5378139999999973,0.16795400000000882,1.7624222923261044,11.74734012447073
380.0,81.0,118.0,151.0,86.0,102.0,152.0,80.596778,118.590857,151.561063,0.4032219999999995,-0.5908569999999997,-0.5610629999999901,0.9091158703388629,16.792855623746664
381.0,225.0,201.0,151.0,216.0,207.0,172.0,224.54525800000002,201.25662200000002,150.195638,0.45474199999998177,-0.25662200000002144,0.8043619999999976,0.9589803775322989,23.62202362203543
382.0,192.0,195.0,152.0,184.0,195.0,170.0,192.378862,195.300148,152.040996,-0.37886199999999803,-0.3001480000000072,-0.040996000000006916,0.4850834041317053,19.697715603592208
383.0,57.0,212.0,153.0,41.0,184.0,158.0,57.474638000000006,212.148057,153.327432,-0.4746380000000059,-0.14805699999999433,-0.3274319999999875,0.595326650602,32.63433774416144
384.0,62.0,215.0,153.0,45.0,187.0,159.0,61.89314000000001,214.481915,153.677254,0.10685999999999041,0.5180850000000135,-0.6772540000000049,0.8593626169091942,33.301651610693426
385.0,176.0,47.0,154.0,200.0,54.0,159.0,175.699084,46.80793800000001,153.41053,0.30091600000000085,0.19206199999999285,0.5894700000000057,0.6891394139069427,25.495097567963924
386.0,101.0,68.0,154.0,118.0,59.0,153.0,100.85740799999999,68.117629,153.93150699999998,0.1425920000000076,-0.11762899999999377,0.0684930000000179,0.19713028979333228,19.261360284258224
387.0,243.0,187.0,155.0,238.0,197.0,178.0,243.20977399999995,186.972326,155.095696,-0.20977399999995328,0.02767399999999043,-0.09569600000000378,0.2322255493436943,25.573423705088842
388.0,66.0,113.0,156.0,72.0,94.0,154.0,66.22413399999999,113.367015,155.393875,-0.22413399999999228,-0.367014999999995,0.6061249999999916,0.7431847521350142,20.024984394500787
389.0,185.0,15.0,157.0,216.0,26.0,161.0,184.5858,15.014996,156.651132,0.4141999999999939,-0.01499600000000001,0.34886800000001017,0.5417521586851335,33.13608305156178
390.0,77.0,119.0,159.0,82.0,102.0,158.0,77.52921400000002,119.81843500000001,157.664781,-0.5292140000000245,-0.818435000000008,1.335218999999995,1.6530919771694574,17.74823934929885
391.0,85.0,160.0,159.0,80.0,140.0,163.0,84.35345999999998,159.51114,159.06362,0.6465400000000159,0.4888599999999883,-0.06361999999998602,0.813047093101013,21.0
392.0,35.0,207.0,162.0,18.0,175.0,164.0,35.025786000000004,208.00027,161.846068,-0.02578600000000364,-1.0002700000000004,0.15393199999999752,1.0123734742277675,36.29049462324811
393.0,155.0,186.0,163.0,146.0,178.0,177.0,154.53796,186.061396,163.512666,0.4620400000000018,-0.061396000000002005,-0.5126659999999958,0.6928757882708831,18.466185312619388
394.0,176.0,120.0,164.0,184.0,121.0,176.0,177.10213,119.887844,164.781572,-1.1021299999999883,0.11215599999999881,-0.7815720000000113,1.355774426820329,14.45683229480096
395.0,131.0,31.0,166.0,157.0,29.0,166.0,131.54912599999997,30.383774000000003,166.047901,-0.5491259999999727,0.6162259999999975,-0.047900999999995975,0.8267819257536818,26.076809620810597
396.0,146.0,193.0,167.0,135.0,182.0,180.0,145.597106,192.596457,166.93048199999998,0.4028940000000034,0.4035430000000133,0.0695180000000164,0.5744591198762674,20.273134932713294
397.0,143.0,31.0,169.0,168.0,32.0,170.0,142.699446,31.509065000000007,168.70703699999999,0.3005540000000053,-0.5090650000000068,0.2929630000000145,0.6597781449169248,25.03996805109783
398.0,170.0,116.0,169.0,177.0,116.0,180.0,170.004194,116.460015,169.67897399999998,-0.0041940000000124655,-0.4600149999999985,-0.6789739999999824,0.8201445497819119,13.038404810405298
399.0,198.0,49.0,171.0,221.0,59.0,179.0,198.07876399999998,49.071559,170.45284999999998,-0.0787639999999783,-0.0715590000000006,0.5471500000000162,0.5574025302032763,26.324893162176366
400.0,68.0,111.0,171.0,73.0,91.0,170.0,68.114734,111.20405600000001,170.990339,-0.11473399999999856,-0.20405600000000845,0.009660999999994146,0.23429911825058797,20.639767440550294
401.0,156.0,2.0,172.0,193.0,4.0,174.0,160.053774,-1.9670189999999934,173.12966,-4.053774000000004,3.9670189999999934,-1.1296600000000012,5.78329102717795,37.107950630558946
402.0,101.0,161.0,172.0,96.0,144.0,178.0,101.42147800000001,161.41441700000001,171.801197,-0.42147800000000757,-0.41441700000001447,0.19880299999999806,0.6236247166221185,18.708286933869708
403.0,145.0,190.0,172.0,134.0,179.0,185.0,144.53984,190.072789,172.106843,0.4601600000000019,-0.07278900000000021,-0.1068429999999978,0.4779758265540228,20.273134932713294
404.0,60.0,224.0,173.0,39.0,193.0,179.0,59.69065199999999,223.237333,172.853062,0.30934800000000706,0.7626669999999933,0.1469380000000058,0.8360310483690159,37.92097045171708
405.0,74.0,39.0,174.0,95.0,25.0,168.0,73.95181,38.978080000000006,173.464365,0.048190000000005284,0.02191999999999439,0.5356350000000134,0.538244940268847,25.942243542145693
406.0,154.0,114.0,177.0,161.0,111.0,185.0,154.74166400000001,114.924149,176.281204,-0.7416640000000143,-0.9241489999999999,0.7187959999999975,1.3859237182157673,11.045361017187261
407.0,133.0,214.0,177.0,116.0,199.0,190.0,132.80631,214.56011600000002,176.520408,0.1936900000000037,-0.560116000000022,0.4795919999999967,0.7624003121851557,26.13426869074396
408.0,136.0,38.0,179.0,158.0,37.0,180.0,135.598666,39.35362000000001,178.684182,0.4013339999999914,-1.3536200000000065,0.31581800000000726,1.4467539849884692,22.045407685048602
409.0,86.0,150.0,179.0,82.0,130.0,183.0,86.06406000000001,150.251022,179.08574,-0.064060000000012,-0.2510220000000061,-0.08573999999998705,0.27288656193371336,20.784609690826528
410.0,156.0,187.0,179.0,146.0,178.0,193.0,156.154056,187.17510800000002,178.90919399999999,-0.15405599999999708,-0.1751080000000229,0.09080600000001482,0.25028342421345007,19.4164878389476
411.0,206.0,68.0,181.0,224.0,77.0,192.0,206.010418,67.81412,181.020368,-0.01041799999998716,0.18587999999999738,-0.020367999999990616,0.18728257940342016,22.93468988235943
412.0,201.0,56.0,182.0,222.0,65.0,191.0,201.497028,55.852733,181.352859,-0.49702800000000025,0.14726699999999937,0.6471410000000049,0.8291657710940595,24.55605831561735
413.0,17.0,61.0,183.0,30.0,33.0,173.0,16.477896,60.685407000000005,182.885429,0.5221039999999988,0.314592999999995,0.11457100000001219,0.6202320989000798,32.449961479175904
414.0,95.0,154.0,184.0,90.0,135.0,189.0,95.09045599999999,154.172437,183.72866299999998,-0.09045599999998899,-0.17243700000000217,0.2713370000000168,0.33397690709689476,20.273134932713294
415.0,107.0,67.0,185.0,122.0,56.0,185.0,107.119304,66.46093,184.676984,-0.11930399999999963,0.5390699999999953,0.32301599999999553,0.6396633845797272,18.601075237738275
416.0,67.0,168.0,188.0,57.0,142.0,191.0,66.48769200000001,168.166726,187.71686499999998,0.5123079999999902,-0.16672600000001125,0.2831350000000157,0.6086234255802208,28.0178514522438
417.0,45.0,201.0,188.0,28.0,168.0,191.0,45.434524,200.681716,187.661688,-0.43452400000000324,0.31828400000000556,0.33831200000000194,0.6360588184877305,37.242448899072144
418.0,52.0,67.0,189.0,66.0,45.0,184.0,53.226946000000005,66.45840799999999,189.370598,-1.2269460000000052,0.5415920000000085,-0.3705980000000011,1.3914241836995729,26.551836094703507
419.0,161.0,159.0,189.0,156.0,152.0,202.0,160.666678,159.133777,189.192513,0.33332200000000967,-0.13377700000000914,-0.19251299999999105,0.4075059466829968,15.588457268119896
420.0,104.0,232.0,190.0,81.0,208.0,202.0,103.80607,231.70490099999998,190.108156,0.1939299999999946,0.29509900000002176,-0.10815600000000813,0.3693101474871933,35.34119409414458
421.0,159.0,126.0,191.0,162.0,121.0,201.0,159.42248,126.082667,190.65375699999998,-0.4224800000000073,-0.08266700000000071,0.3462430000000154,0.552455788582233,11.575836902790225
422.0,169.0,198.0,192.0,155.0,190.0,209.0,168.611336,198.763212,192.433413,0.38866400000000567,-0.76321200000001,-0.4334130000000016,0.9598953538844852,23.430749027719962
423.0,189.0,87.0,194.0,201.0,90.0,205.0,188.990512,86.69762,194.20375099999998,0.009488000000004604,0.3023799999999994,-0.2037509999999827,0.36474396025841566,16.55294535724685
424.0,50.0,197.0,194.0,33.0,164.0,198.0,49.875037999999996,196.057629,194.361732,0.12496200000000357,0.9423710000000085,-0.3617319999999893,1.0171178117155402,37.33630940518894
425.0,221.0,209.0,194.0,208.0,209.0,217.0,222.17259199999998,208.058267,193.970119,-1.1725919999999803,0.9417329999999993,0.029880999999988944,1.5042359907653957,26.419689627245813
426.0,116.0,219.0,194.0,98.0,197.0,207.0,117.56294799999998,217.338689,194.552603,-1.5629479999999774,1.661311000000012,-0.5526030000000048,2.346940724652835,31.25699921617557
427.0,228.0,220.0,195.0,212.0,221.0,218.0,228.52278199999998,219.614686,193.472618,-0.5227819999999781,0.38531399999999394,1.5273819999999887,1.6597179495456262,28.035691537752374
428.0,176.0,106.0,196.0,183.0,105.0,207.0,175.88080399999998,105.852481,196.201202,0.11919600000001651,0.14751900000000262,-0.201201999999995,0.2764991619896934,13.076696830622021
429.0,85.0,109.0,197.0,88.0,90.0,198.0,84.50426999999999,109.091063,196.790835,0.4957300000000089,-0.09106300000000545,0.20916500000001292,0.5457020250045029,19.261360284258224
430.0,88.0,107.0,199.0,92.0,89.0,201.0,88.266256,107.465219,199.441811,-0.2662559999999985,-0.4652190000000047,-0.4418110000000013,0.694635109404934,18.547236990991408
431.0,55.0,197.0,199.0,37.0,165.0,203.0,54.2683,196.62045700000002,198.74898,0.7316999999999965,0.379542999999984,0.2510200000000111,0.8616546983850248,36.932370625238775
432.0,126.0,213.0,199.0,107.0,193.0,213.0,125.576056,211.835059,199.960344,0.42394400000000587,1.164940999999999,-0.9603439999999921,1.5681443323090474,30.93541659651604
433.0,136.0,22.0,200.0,160.0,19.0,201.0,135.693216,21.965277,200.421761,0.3067839999999933,0.034722999999999615,-0.4217610000000036,0.5226896311445244,24.20743687382041
434.0,211.0,177.0,200.0,204.0,177.0,220.0,211.933786,176.285696,200.199692,-0.9337859999999978,0.7143039999999985,-0.19969199999999887,1.1925029949966555,21.18962010041709
435.0,99.0,221.0,200.0,78.0,195.0,211.0,99.16970799999999,219.617339,200.240129,-0.16970799999998576,1.382661000000013,-0.24012899999999604,1.4135820396517598,35.185224171518364
436.0,170.0,104.0,201.0,177.0,102.0,211.0,170.130532,104.27162600000001,200.82780499999998,-0.1305319999999881,-0.2716260000000119,0.1721950000000163,0.34708846844141766,12.36931687685298
437.0,98.0,167.0,201.0,88.0,146.0,209.0,97.634728,167.241564,202.103716,0.3652720000000045,-0.241564000000011,-1.1037159999999915,1.1874198114971763,24.596747752497688
438.0,220.0,181.0,201.0,211.0,183.0,222.0,219.85238999999999,181.155896,200.981841,0.14761000000001445,-0.1558960000000127,0.01815899999999715,0.21545770860428298,22.93468988235943
439.0,200.0,197.0,201.0,187.0,194.0,221.0,200.070736,197.217924,200.964061,-0.07073600000001079,-0.21792400000001066,0.035939000000013266,0.23191822522821945,24.041630560342615
440.0,134.0,20.0,203.0,159.0,17.0,203.0,134.547564,20.257517000000004,202.61712599999998,-0.5475639999999942,-0.25751700000000355,0.38287400000001526,0.7160543549626713,25.179356624028344
441.0,236.0,177.0,203.0,229.0,182.0,226.0,236.572982,176.764883,203.44003,-0.5729819999999961,0.23511700000000246,-0.44003000000000725,0.7597465214879257,24.55605831561735
442.0,67.0,188.0,203.0,52.0,159.0,209.0,67.36254399999999,187.852465,203.849985,-0.36254399999998554,0.14753500000000486,-0.8499850000000038,0.9357773391069039,33.19638534539566
443.0,210.0,201.0,203.0,197.0,198.0,224.0,210.41628200000002,199.500821,202.649272,-0.4162820000000238,1.499178999999998,0.3507280000000037,1.5949415373451832,24.879710609249457
444.0,190.0,62.0,204.0,207.0,66.0,213.0,190.157792,61.446076,203.66651299999998,-0.1577920000000006,0.5539240000000021,0.3334870000000194,0.6655401507114469,19.6468827043885
445.0,177.0,97.0,204.0,185.0,97.0,215.0,176.80859599999997,97.806537,204.487632,0.1914040000000341,-0.8065370000000058,-0.48763199999999074,0.961728855244041,13.601470508735444
446.0,191.0,62.0,205.0,208.0,66.0,214.0,191.177198,61.313199000000004,204.546291,-0.17719800000000419,0.6868009999999956,0.45370900000000347,0.8419896682774668,19.6468827043885
447.0,120.0,137.0,206.0,118.0,122.0,213.0,120.439584,136.851976,205.737226,-0.4395839999999964,0.14802399999999238,0.2627740000000074,0.5330997774413326,16.673332000533065
448.0,82.0,95.0,209.0,88.0,76.0,209.0,82.610488,95.510534,208.694006,-0.6104880000000037,-0.5105340000000069,0.3059939999999983,0.8526270528994553,19.924858845171276
449.0,172.0,75.0,210.0,185.0,74.0,218.0,172.17507799999998,74.44659100000001,209.539862,-0.17507799999998497,0.5534089999999878,0.4601380000000006,0.7407029137305873,15.297058540778355
450.0,80.0,94.0,210.0,85.0,74.0,210.0,79.52703,94.138135,210.092098,0.47297000000000367,-0.13813500000000545,-0.09209799999999291,0.5012623472085288,20.615528128088304
451.0,210.0,155.0,210.0,206.0,156.0,228.0,210.07136200000002,154.91827500000002,209.710033,-0.07136200000002191,0.0817249999999774,0.2899669999999901,0.30960034198623504,18.466185312619388
452.0,179.0,79.0,211.0,193.0,77.0,219.0,180.26718000000002,75.97051300000001,209.559664,-1.2671800000000246,3.029486999999989,1.440336000000002,3.585819910210913,16.24807680927192
453.0,199.0,51.0,212.0,218.0,58.0,223.0,199.55319599999999,51.71699,213.134964,-0.5531959999999856,-0.7169900000000027,-1.1349639999999965,1.451979254607992,23.043437243605826
454.0,210.0,99.0,212.0,220.0,105.0,226.0,211.780718,99.683106,211.431894,-1.7807180000000074,-0.6831059999999951,0.5681060000000002,1.990059001636891,18.2208671582886
455.0,198.0,208.0,212.0,181.0,204.0,234.0,198.019734,209.585009,213.0273,-0.019733999999999696,-1.5850090000000137,-1.0272999999999968,1.8889119224667508,28.089143810376278
456.0,77.0,92.0,213.0,83.0,72.0,212.0,77.46297799999999,92.63285900000001,212.369968,-0.46297799999999256,-0.6328590000000105,0.6300319999999999,1.0058824302019627,20.904544960366874
457.0,116.0,194.0,213.0,100.0,173.0,224.0,115.96568200000002,193.52354400000002,213.005932,0.03431799999998475,0.47645599999998467,-0.005932000000001381,0.47772715401574606,28.600699292150182
458.0,61.0,176.0,214.0,47.0,145.0,219.0,60.775755999999994,175.214749,215.203398,0.22424400000000588,0.7852509999999882,-1.2033979999999929,1.4543284535966994,34.38022687534217
459.0,117.0,196.0,215.0,100.0,175.0,226.0,116.596958,195.71221599999998,214.742204,0.40304199999999923,0.28778400000001625,0.25779600000001324,0.5583200354957859,29.171904291629644
460.0,201.0,58.0,216.0,218.0,64.0,227.0,201.24501199999997,58.143792000000005,216.419214,-0.24501199999997425,-0.1437920000000048,-0.41921400000001086,0.5064063558092432,21.118712081942874
461.0,180.0,165.0,218.0,172.0,159.0,234.0,180.09569399999998,165.29456000000002,218.00646,-0.0956939999999804,-0.29456000000001836,-0.006460000000004129,0.30978164380093137,18.867962264113206
462.0,122.0,43.0,219.0,140.0,34.0,221.0,122.56481599999998,42.778031999999996,219.905316,-0.5648159999999791,0.22196800000000394,-0.9053159999999991,1.0899008976672955,20.223748416156685
463.0,201.0,64.0,219.0,217.0,69.0,231.0,201.803796,63.748349000000005,219.880116,-0.8037960000000055,0.2516509999999954,-0.8801159999999868,1.2182037632814073,20.615528128088304
464.0,151.0,150.0,224.0,144.0,137.0,235.0,149.759596,148.48968100000002,223.35011699999998,1.2404040000000123,1.5103189999999813,0.6498830000000169,2.0596148860080605,18.411952639521967
465.0,158.0,155.0,224.0,150.0,143.0,237.0,156.75979999999998,153.562365,224.21477099999998,1.2402000000000157,1.4376350000000002,-0.21477099999998472,1.9107634640807933,19.4164878389476
466.0,94.0,160.0,226.0,84.0,134.0,234.0,93.910694,157.49492700000002,227.620575,0.08930599999999345,2.5050729999999817,-1.6205750000000023,2.9849002709621497,28.982753492378876
467.0,115.0,48.0,227.0,132.0,36.0,229.0,116.45492799999997,47.004218,228.075326,-1.454927999999967,0.9957819999999984,-1.0753259999999898,2.06512064610857,20.904544960366874
468.0,200.0,94.0,228.0,208.0,96.0,241.0,200.34331999999998,93.934458,227.703522,-0.3433199999999772,0.06554199999999355,0.29647800000000757,0.4583269364198312,15.394804318340652
469.0,112.0,147.0,228.0,106.0,128.0,236.0,113.02971399999998,147.031119,228.294913,-1.0297139999999843,-0.031118999999989683,-0.2949130000000082,1.0715656729878817,21.470910553583888
470.0,116.0,48.0,229.0,131.0,37.0,230.0,115.85216600000001,48.301038000000005,229.025967,0.14783399999998892,-0.30103800000000547,-0.02596700000000851,0.33638230347180936,18.627936010197157
471.0,95.0,66.0,234.0,105.0,49.0,235.0,95.05438000000001,66.21040500000001,234.852748,-0.05438000000000898,-0.2104050000000086,-0.8527479999999912,0.8800037499516633,19.748417658131498
472.0,96.0,66.0,235.0,106.0,49.0,236.0,96.07378599999998,66.077528,235.732526,-0.07378599999998414,-0.07752800000000093,-0.7325260000000071,0.74030352238525,19.748417658131498
473.0,7.0,109.0,235.0,5.0,71.0,229.0,7.330247999999997,108.58520100000001,235.258316,-0.33024799999999743,0.4147989999999879,-0.25831600000000776,0.5897873411332192,38.52272056851645
474.0,110.0,59.0,241.0,121.0,45.0,242.0,109.597294,59.358994,240.64523699999998,0.4027059999999949,-0.3589940000000027,0.3547630000000197,0.645682275303428,17.832554500127006
475.0,162.0,196.0,7.0,165.0,203.0,19.0,161.394412,196.834519,7.550681999999997,0.6055880000000116,-0.8345190000000002,-0.5506819999999966,1.16893517879693,14.212670403551895
476.0,182.0,77.0,9.0,213.0,96.0,14.0,182.006958,77.121249,8.852756000000001,-0.006957999999997355,-0.12124900000000594,0.14724399999999882,0.19086783202258326,36.701498607005135
477.0,178.0,191.0,17.0,183.0,200.0,30.0,178.39278199999998,190.88129700000002,16.933146,-0.39278199999998265,0.11870299999998224,0.0668539999999993,0.4157373678766224,16.583123951777
478.0,41.0,129.0,21.0,55.0,115.0,14.0,40.97776600000001,128.583572,20.099753,0.022233999999990317,0.41642799999999625,0.9002470000000002,0.9921447933386522,21.0
479.0,130.0,148.0,25.0,142.0,150.0,30.0,130.006782,147.946691,25.023201,-0.006781999999986965,0.05330900000001293,-0.02320100000000025,0.058533165009259605,13.152946437965905
480.0,173.0,51.0,28.0,208.0,69.0,31.0,173.336996,51.649305,28.166061,-0.3369959999999992,-0.6493049999999982,-0.16606099999999913,0.7501596781765846,39.4715087119811
481.0,68.0,230.0,32.0,59.0,213.0,37.0,68.00844000000001,229.798039,32.675836000000004,-0.00844000000000733,0.20196100000001138,-0.6758360000000039,0.7054174494701771,19.87460691435179
482.0,128.0,146.0,36.0,139.0,146.0,41.0,127.50412,145.22090400000002,36.232417,0.49587999999999965,0.7790959999999814,-0.2324169999999981,0.9523157110459586,12.083045973594572
483.0,52.0,21.0,40.0,90.0,16.0,28.0,53.28728200000001,21.022959000000004,40.004593,-1.2872820000000118,-0.022959000000003726,-0.004592999999999847,1.2874949160497804,40.162171256046406
484.0,81.0,219.0,40.0,74.0,205.0,45.0,80.87543200000002,219.11980300000002,39.889701,0.12456799999998225,-0.11980300000001876,0.1102989999999977,0.20502637594709508,16.431676725154983
485.0,121.0,148.0,43.0,131.0,147.0,48.0,121.07859399999998,148.352754,43.534290999999996,-0.07859399999998118,-0.35275400000000445,-0.5342909999999961,0.6450420715216922,11.224972160321824
486.0,211.0,190.0,44.0,215.0,204.0,62.0,211.872302,190.728149,44.70945400000001,-0.8723019999999906,-0.7281490000000019,-0.709454000000008,1.3395658712885297,23.15167380558045
487.0,45.0,16.0,45.0,81.0,9.0,33.0,44.02428799999999,16.020247,46.21758199999999,0.9757120000000086,-0.020247000000001236,-1.217581999999993,1.5604261516255742,38.58756276314948
488.0,128.0,162.0,46.0,134.0,160.0,53.0,127.12904,161.41481399999998,46.87428,0.8709599999999966,0.5851860000000215,-0.8742799999999988,1.3657889641507641,9.433981132056603
489.0,131.0,165.0,46.0,137.0,164.0,53.0,130.742768,164.906278,46.250177,0.2572319999999877,0.09372200000001385,-0.25017700000000076,0.3708647279494191,9.273618495495704
490.0,215.0,194.0,47.0,217.0,207.0,65.0,214.656016,193.606189,47.148852000000005,0.34398400000000606,0.39381099999999947,-0.1488520000000051,0.5436625919455975,22.293496809607955
491.0,115.0,225.0,47.0,108.0,217.0,56.0,115.78768200000002,225.29777199999998,46.53988,-0.787682000000018,-0.2977719999999806,0.4601200000000034,0.9595944515825526,13.92838827718412
492.0,37.0,164.0,50.0,40.0,144.0,47.0,36.759291999999995,163.63500399999998,50.362404,0.24070800000000503,0.3649960000000192,-0.36240399999999795,0.5678900250013332,20.445048300260872
493.0,128.0,155.0,53.0,136.0,153.0,59.0,128.06945199999998,154.25438499999998,53.141997,-0.06945199999998408,0.745615000000015,-0.14199700000000348,0.7621866284172277,10.198039027185569
494.0,120.0,216.0,53.0,114.0,208.0,62.0,119.97242999999997,215.27794899999998,52.665871,0.02757000000002563,0.7220510000000218,0.33412899999999723,0.7960904095277314,13.45362404707371
495.0,196.0,79.0,55.0,224.0,96.0,63.0,197.058652,78.304668,55.09706800000001,-1.058651999999995,0.6953319999999934,-0.09706800000000726,1.2702963606780828,33.71943060017473
496.0,88.0,190.0,55.0,86.0,178.0,59.0,87.515252,189.99680999999998,54.913572,0.4847479999999962,0.0031900000000177897,0.08642799999999795,0.4924028825951327,12.806248474865697
497.0,192.0,60.0,56.0,224.0,78.0,63.0,193.195276,59.85954600000001,56.791714,-1.1952760000000069,0.1404539999999912,-0.7917139999999989,1.44056346617843,37.376463182061514
498.0,88.0,151.0,56.0,96.0,139.0,58.0,88.227598,147.937932,56.797972,-0.2275980000000004,3.0620680000000107,-0.7979720000000015,3.172510141672059,14.560219778561036
499.0,219.0,210.0,75.0,214.0,217.0,98.0,217.38033399999998,206.757962,78.210236,1.6196660000000236,3.242038000000008,-3.2102359999999948,4.841460887035657,24.55605831561735
500.0,68.0,77.0,78.0,89.0,67.0,72.0,67.759378,76.54933,77.626053,0.2406220000000019,0.45067000000000235,0.37394700000000114,0.6331182785175326,24.020824298928627
501.0,193.0,149.0,81.0,201.0,158.0,94.0,192.373822,148.652815,80.988342,0.6261780000000101,0.3471849999999961,0.01165799999999706,0.7160811552282395,17.72004514666935
502.0,82.0,180.0,86.0,80.0,166.0,90.0,82.560454,181.07278300000002,86.36913899999999,-0.5604539999999929,-1.0727830000000154,-0.3691389999999899,1.2653994043486894,14.696938456699069
503.0,216.0,183.0,87.0,217.0,194.0,105.0,215.90604,183.068992,86.864083,0.09396000000000981,-0.0689920000000086,0.13591700000000628,0.17905811501578123,21.118712081942874
504.0,115.0,221.0,88.0,103.0,208.0,97.0,113.40523999999999,219.941518,87.253331,1.594760000000008,1.058481999999998,0.7466689999999971,2.0545457399349902,19.849433241279208
505.0,127.0,29.0,92.0,159.0,34.0,89.0,126.68162399999997,29.742712000000004,91.31636499999999,0.3183760000000291,-0.7427120000000045,0.6836350000000095,1.0584617166175818,32.526911934581186
506.0,110.0,237.0,92.0,95.0,223.0,103.0,109.883556,237.349967,92.274864,0.11644400000000132,-0.34996699999999237,-0.2748639999999938,0.45998513532612284,23.280893453645632
507.0,110.0,121.0,94.0,121.0,115.0,97.0,109.975664,120.997009,94.523912,0.024336000000005242,0.002990999999994415,-0.5239119999999957,0.5244854342314911,12.884098726725126
508.0,105.0,144.0,95.0,111.0,135.0,99.0,105.286316,143.655643,95.390588,-0.28631599999999935,0.34435700000000224,-0.39058799999999394,0.5942369738151577,11.532562594670797
509.0,103.0,146.0,96.0,107.0,137.0,100.0,102.14298599999998,146.58464400000003,96.494597,0.8570140000000208,-0.5846440000000257,-0.49459699999999884,1.1493075286193268,10.63014581273465
510.0,85.0,173.0,98.0,83.0,158.0,102.0,84.81066999999999,173.10278300000002,98.422196,0.18933000000001243,-0.1027830000000165,-0.42219599999999957,0.4739827596073593,15.652475842498529
511.0,140.0,222.0,99.0,129.0,214.0,112.0,140.086522,221.869413,98.977564,-0.08652200000000221,0.13058699999999135,0.022435999999999012,0.15824789145198137,18.81488772222678
512.0,132.0,52.0,116.0,158.0,53.0,116.0,132.568394,51.294436000000005,115.591718,-0.5683940000000121,0.7055639999999954,0.4082819999999998,0.993773862030999,26.019223662515376
513.0,110.0,113.0,116.0,121.0,106.0,118.0,110.16510200000002,113.23619500000001,115.579178,-0.16510200000001873,-0.23619500000000926,0.42082200000000114,0.510037159541353,13.19090595827292
514.0,154.0,156.0,119.0,156.0,154.0,129.0,153.722504,156.101924,118.75756,0.2774960000000135,-0.1019239999999968,0.242440000000002,0.3823214424957196,10.392304845413264
515.0,190.0,124.0,122.0,200.0,131.0,134.0,189.700598,123.971896,122.104136,0.2994019999999864,0.02810399999999902,-0.1041359999999969,0.31823843092246284,17.11724276862369
516.0,185.0,204.0,123.0,178.0,205.0,139.0,185.883596,204.604525,121.763783,-0.8835960000000114,-0.6045249999999953,1.2362169999999963,1.6353668817516165,17.4928556845359
517.0,172.0,149.0,125.0,171.0,149.0,134.0,166.930374,148.28905400000002,122.80213499999999,5.0696259999999995,0.7109459999999785,2.1978650000000073,5.571100659027532,9.055385138137417
518.0,145.0,206.0,125.0,136.0,198.0,138.0,145.707366,205.866143,124.925739,-0.7073660000000075,0.1338570000000061,0.07426100000000702,0.7237396289592088,17.72004514666935
519.0,148.0,144.0,126.0,152.0,140.0,135.0,147.650092,142.983296,126.17933599999999,0.3499079999999992,1.0167040000000043,-0.17933599999999217,1.090084415527534,10.63014581273465
520.0,76.0,41.0,127.0,101.0,32.0,121.0,76.217352,41.664750000000005,127.083005,-0.21735200000000532,-0.6647500000000051,-0.083005,0.7042899150413905,27.23967694375247
521.0,169.0,187.0,127.0,164.0,185.0,141.0,168.935368,187.083935,126.726359,0.06463199999998892,-0.08393499999999676,0.2736409999999978,0.2934310422058253,15.0
522.0,166.0,197.0,127.0,160.0,194.0,141.0,167.193456,197.11643199999997,126.20905599999999,-1.1934559999999976,-0.11643199999997478,0.7909440000000103,1.4364839176600637,15.524174696260024
523.0,123.0,77.0,130.0,141.0,74.0,132.0,123.07896200000002,77.369685,130.413744,-0.0789620000000184,-0.36968500000000404,-0.4137440000000083,0.5604338446284385,18.35755975068582
524.0,143.0,129.0,130.0,150.0,127.0,138.0,143.32609399999998,130.275608,130.455106,-0.32609399999998345,-1.2756080000000054,-0.4551060000000007,1.3930665948675978,10.816653826391969
525.0,107.0,91.0,131.0,122.0,83.0,132.0,107.56105,90.439442,131.134016,-0.5610499999999945,0.5605580000000003,-0.13401600000000258,0.8043398921600214,17.029386365926403
526.0,23.0,133.0,136.0,25.0,106.0,131.0,23.31178,133.57954999999998,136.00933700000002,-0.31177999999999884,-0.5795499999999834,-0.00933700000001636,0.6581581500437264,27.53179979587241
527.0,224.0,209.0,138.0,215.0,215.0,160.0,224.13184199999998,208.82165400000002,137.977571,-0.1318419999999776,0.17834599999997636,0.022428999999988264,0.2229185248492936,24.515301344262525
528.0,81.0,55.0,140.0,102.0,44.0,136.0,81.226426,54.803119,140.304981,-0.22642600000000357,0.19688099999999764,-0.30498099999999795,0.4278367352133281,24.041630560342615
529.0,136.0,69.0,142.0,156.0,68.0,145.0,136.880248,69.088942,142.25073,-0.8802479999999946,-0.08894200000000296,-0.25073000000000434,0.9195720492533433,20.248456731316587
530.0,138.0,67.0,143.0,158.0,66.0,146.0,138.38879,66.70412300000001,143.236297,-0.3887900000000002,0.2958769999999902,-0.23629700000000753,0.5427127559197387,20.248456731316587
531.0,137.0,68.0,143.0,157.0,67.0,146.0,137.68502199999998,67.931336,143.224655,-0.6850219999999752,0.06866399999999828,-0.2246550000000127,0.7241821279243029,20.248456731316587
532.0,194.0,199.0,143.0,186.0,200.0,161.0,194.37976799999998,199.392362,142.744704,-0.37976799999998434,-0.39236199999999144,0.2552959999999871,0.6027833113847586,19.72308292331602
533.0,142.0,62.0,145.0,163.0,62.0,148.0,142.324274,61.732001000000004,145.12492600000002,-0.3242740000000026,0.2679989999999961,-0.1249260000000163,0.4388434761426945,21.213203435596427
534.0,185.0,195.0,145.0,177.0,194.0,161.0,184.826376,195.06634400000002,144.052131,0.17362399999998956,-0.06634400000001506,0.9478689999999972,0.9659205251328874,17.916472867168917
535.0,50.0,32.0,146.0,75.0,17.0,137.0,50.735567999999994,32.672111,146.036868,-0.7355679999999936,-0.672111000000001,-0.03686799999999835,0.9970720778203509,30.512292604784715
536.0,84.0,112.0,147.0,92.0,96.0,148.0,84.41536199999999,110.949151,147.781783,-0.4153619999999876,1.0508489999999995,-0.7817829999999901,1.3740428926834756,17.916472867168917
537.0,82.0,115.0,148.0,89.0,99.0,148.0,82.304058,114.63078999999999,147.746857,-0.3040579999999977,0.3692100000000096,0.25314299999999434,0.5411549407637362,17.46424919657298
538.0,110.0,180.0,148.0,103.0,165.0,156.0,110.13541799999999,179.984984,148.076349,-0.13541799999998716,0.015016000000002805,-0.07634899999999334,0.15618157631742483,18.384776310850235
539.0,124.0,4.0,149.0,156.0,6.0,146.0,123.67406999999997,5.625351000000004,149.050127,0.32593000000002803,-1.6253510000000038,-0.05012700000000336,1.6584658435524173,32.202484376209235
540.0,63.0,117.0,149.0,68.0,98.0,147.0,62.70202,117.788618,148.611326,0.2979800000000026,-0.7886179999999996,0.38867400000000885,0.9283199387064827,19.748417658131498
541.0,122.0,18.0,150.0,152.0,16.0,147.0,122.247796,16.752184000000003,149.40096,-0.2477959999999939,1.2478159999999967,0.5990400000000022,1.4061637703596233,30.215889859476256
542.0,168.0,48.0,151.0,189.0,59.0,153.0,166.06380799999997,53.741265000000006,148.073652,1.9361920000000339,-5.741265000000006,2.92634799999999,6.728631055288523,23.790754506740637
543.0,46.0,206.0,153.0,31.0,177.0,155.0,46.485195999999995,206.790973,151.92466199999998,-0.48519599999999485,-0.7909730000000081,1.0753380000000163,1.4203539204680795,32.71085446759225
544.0,77.0,120.0,159.0,81.0,102.0,160.0,76.812826,120.160133,159.671852,0.18717399999999884,-0.16013300000000186,-0.6718520000000012,0.7155849312758072,18.466185312619388
545.0,170.0,115.0,167.0,176.0,115.0,178.0,168.66915,115.49855600000001,167.93106,1.330849999999998,-0.49855600000000777,-0.9310600000000022,1.6989975077191863,12.529964086141668
546.0,112.0,167.0,170.0,106.0,151.0,178.0,112.107902,166.56268,170.317118,-0.10790199999999572,0.4373199999999997,-0.31711799999999357,0.5508679060609674,18.867962264113206
547.0,103.0,162.0,171.0,98.0,145.0,178.0,103.47290999999998,162.03417800000003,171.54204,-0.4729099999999846,-0.03417800000002558,-0.5420399999999859,0.7201523209599285,19.05255888325765
548.0,76.0,121.0,174.0,79.0,101.0,174.0,76.175478,120.51487000000002,173.402971,-0.17547799999999825,0.48512999999998385,0.597028999999992,0.789041996490031,20.223748416156685
549.0,88.0,59.0,175.0,106.0,48.0,173.0,89.49577599999998,60.667558,175.202844,-1.495775999999978,-1.6675579999999997,-0.20284399999999891,2.249275708728464,21.18962010041709
550.0,137.0,37.0,179.0,159.0,36.0,180.0,136.302434,38.126407,178.695824,0.6975659999999948,-1.1264070000000004,0.30417600000001244,1.359380039937692,22.045407685048602
551.0,131.0,49.0,186.0,151.0,45.0,188.0,131.69497,49.525695999999996,186.206805,-0.6949700000000121,-0.5256959999999964,-0.2068050000000028,0.895604764023179,20.493901531919196
552.0,60.0,228.0,186.0,37.0,197.0,193.0,60.126464000000006,228.71571500000002,186.113446,-0.12646400000000568,-0.7157150000000172,-0.11344600000001037,0.735602541755416,39.230090491866065
553.0,186.0,164.0,187.0,181.0,162.0,203.0,185.874004,164.388574,187.150701,0.12599599999998645,-0.3885740000000055,-0.15070099999999798,0.4354027295424321,16.881943016134134
554.0,161.0,123.0,189.0,164.0,119.0,200.0,160.72901000000002,123.55863400000001,189.714758,0.2709899999999834,-0.5586340000000121,-0.7147579999999891,0.94677691386091,12.083045973594572
555.0,100.0,153.0,189.0,95.0,134.0,195.0,100.07386,152.55293,189.18398299999998,-0.07385999999999626,0.4470699999999965,-0.18398299999998358,0.489056876844596,20.54263858417414
556.0,41.0,72.0,190.0,52.0,48.0,184.0,41.013242,72.36737099999999,190.243227,-0.0132419999999982,-0.36737099999999145,-0.2432269999999903,0.4407903988677486,27.073972741361768
557.0,194.0,88.0,191.0,205.0,92.0,203.0,192.89136399999998,87.797928,191.760871,1.1086360000000184,0.20207200000000114,-0.7608710000000087,1.3597174531207041,16.76305461424021
558.0,149.0,106.0,191.0,156.0,101.0,199.0,149.41742799999997,106.66377700000001,191.107161,-0.4174279999999726,-0.6637770000000103,-0.10716099999999074,0.7914098311456516,11.74734012447073
559.0,191.0,87.0,193.0,203.0,91.0,204.0,190.940938,87.24777399999999,192.982311,0.059062000000011494,-0.2477739999999926,0.017688999999990074,0.25532954322012436,16.76305461424021
560.0,190.0,87.0,194.0,202.0,90.0,205.0,189.908912,86.495136,194.12124599999999,0.09108800000001338,0.5048639999999978,-0.12124599999998509,0.527148247418121,16.55294535724685
561.0,244.0,187.0,194.0,235.0,194.0,217.0,243.74991199999997,187.220264,193.154689,0.2500880000000336,-0.22026399999998603,0.8453110000000095,0.9086313466753316,25.67099530598687
562.0,138.0,105.0,196.0,144.0,96.0,202.0,137.62648599999997,104.178761,195.454805,0.37351400000002855,0.8212390000000056,0.5451950000000068,1.0541270280862918,12.36931687685298
563.0,25.0,172.0,198.0,13.0,137.0,197.0,25.610968,172.370019,197.591518,-0.6109679999999997,-0.3700190000000134,0.40848199999999224,0.8228326085596045,37.013511046643494
564.0,106.0,210.0,201.0,87.0,187.0,212.0,105.81925799999999,209.66675800000002,201.213043,0.18074200000000928,0.3332419999999843,-0.21304299999999898,0.43486230116784375,31.796226191169293
565.0,177.0,66.0,203.0,193.0,68.0,211.0,177.527444,66.191096,202.708723,-0.5274440000000027,-0.1910960000000017,0.291277000000008,0.6321053275214568,18.0
566.0,198.0,198.0,203.0,185.0,195.0,223.0,198.65058,198.786835,202.95949,-0.6505799999999908,-0.7868349999999964,0.040510000000011814,1.0217654886151633,24.041630560342615
567.0,195.0,197.0,204.0,180.0,192.0,224.0,193.51569,196.794675,204.616739,1.4843099999999936,0.20532499999998777,-0.6167389999999955,1.6204016557156347,25.495097567963924
568.0,136.0,62.0,205.0,151.0,56.0,209.0,136.177048,62.259462,205.379131,-0.17704800000001342,-0.2594619999999992,-0.379131000000001,0.4923482902468588,16.64331697709324
569.0,106.0,23.0,207.0,128.0,15.0,205.0,105.84991199999999,24.624277000000003,207.287641,0.15008800000001088,-1.6242770000000029,-0.2876410000000078,1.6563633433984275,23.49468024894146
570.0,211.0,219.0,209.0,192.0,215.0,232.0,210.281074,218.49049,209.159562,0.7189260000000104,0.5095100000000059,-0.159561999999994,0.8954971051991285,30.099833886584822
571.0,199.0,206.0,210.0,182.0,201.0,231.0,197.99122,206.099517,210.340387,1.0087800000000016,-0.09951699999999164,-0.34038699999999267,1.0693007207787697,27.477263328068172
572.0,174.0,146.0,213.0,170.0,140.0,227.0,173.47384399999999,145.742428,213.224282,0.5261560000000145,0.25757200000001035,-0.2242819999999881,0.627284534357428,15.748015748023622
573.0,172.0,188.0,213.0,159.0,179.0,230.0,172.04511,188.14300400000002,213.34695299999998,-0.04510999999999399,-0.143004000000019,-0.34695299999998497,0.3779701579820746,23.2163735324878
574.0,170.0,173.0,215.0,160.0,164.0,231.0,169.845036,172.639192,215.638936,0.15496400000000676,0.3608079999999916,-0.6389360000000011,0.7499569762699707,20.904544960366874
575.0,92.0,69.0,229.0,102.0,52.0,229.0,92.33704,69.474402,229.04412399999998,-0.3370400000000018,-0.47440199999999777,-0.04412399999998229,0.5836095840371348,19.72308292331602
576.0,130.0,22.0,10.0,172.0,36.0,6.0,130.66658999999999,23.382497000000004,10.186017,-0.6665899999999851,-1.3824970000000043,-0.18601699999999965,1.5460409138822917,44.45222154178574
577.0,46.0,144.0,18.0,56.0,130.0,16.0,45.317658,143.891237,20.529609,0.6823419999999984,0.10876300000001038,-2.5296090000000007,2.6222779578095845,17.320508075688775
578.0,76.0,212.0,36.0,72.0,198.0,40.0,77.03117799999998,212.003633,35.902325,-1.0311779999999828,-0.003633000000007769,0.0976750000000024,1.035800015446015,15.0996688705415
579.0,152.0,96.0,38.0,176.0,106.0,42.0,153.000646,96.80944300000002,37.907894999999996,-1.000645999999989,-0.8094430000000159,0.09210500000000366,1.2903386061766906,26.30589287593181
580.0,42.0,200.0,42.0,38.0,180.0,42.0,42.144214,200.58218100000002,42.326707,-0.14421399999999807,-0.5821810000000198,-0.32670699999999897,0.6829859869763228,20.396078054371138
581.0,104.0,148.0,50.0,114.0,142.0,52.0,104.79665799999998,146.949765,49.256743,-0.7966579999999794,1.0502349999999865,0.7432569999999998,1.5133038334181073,11.832159566199232
582.0,134.0,56.0,56.0,164.0,62.0,56.0,133.95012200000002,55.125673000000006,56.512384999999995,0.04987799999997833,0.8743269999999939,-0.5123849999999948,1.0146299355124417,30.59411708155671
583.0,52.0,130.0,56.0,62.0,116.0,52.0,51.459426,130.835979,55.99482499999999,0.5405739999999994,-0.8359790000000089,0.005175000000008367,0.9955440314431172,17.663521732655695
584.0,122.0,26.0,66.0,158.0,32.0,62.0,122.606798,26.016349,65.605523,-0.6067979999999977,-0.016349000000001723,0.39447699999999486,0.7239359130019681,36.71511950137164
585.0,52.0,82.0,70.0,70.0,70.0,60.0,49.74160200000001,82.635429,67.363811,2.2583979999999926,-0.635429000000002,2.6361890000000017,3.5289692523690226,23.83275057562597
586.0,218.0,224.0,70.0,212.0,234.0,90.0,218.38422999999997,224.02646700000003,69.076483,-0.38422999999997387,-0.02646700000002511,0.9235170000000039,1.0006082371627711,23.15167380558045
587.0,178.0,134.0,76.0,190.0,142.0,86.0,178.02926200000002,133.927619,75.703985,-0.029262000000016997,0.07238100000000713,0.29601499999999703,0.30613747570331906,17.549928774784245
588.0,32.0,70.0,86.0,52.0,54.0,78.0,31.594398000000005,71.137403,87.67634699999999,0.4056019999999947,-1.1374030000000062,-1.6763469999999927,2.0659956029048043,26.832815729997478
589.0,142.0,142.0,92.0,150.0,140.0,100.0,142.27808199999998,140.952019,92.664441,-0.2780819999999835,1.047980999999993,-0.6644409999999965,1.2716428813019682,11.489125293076057
590.0,6.0,154.0,96.0,6.0,126.0,88.0,5.811562000000002,154.928225,94.315823,0.18843799999999788,-0.9282249999999976,1.6841770000000054,1.9322429189410977,29.120439557122072
591.0,150.0,124.0,100.0,162.0,126.0,106.0,150.90007,124.593647,98.766137,-0.9000699999999995,-0.5936470000000043,1.2338629999999995,1.6385849591272352,13.564659966250536
592.0,202.0,152.0,108.0,208.0,160.0,122.0,202.06005399999998,151.233881,107.166437,-0.060053999999979624,0.7661190000000033,0.833562999999998,1.133742510469639,17.204650534085253
593.0,168.0,186.0,126.0,164.0,184.0,140.0,168.61973,185.989599,125.858223,-0.6197300000000041,0.010401000000001659,0.1417770000000047,0.6358255825539001,14.696938456699069
594.0,226.0,164.0,128.0,228.0,174.0,148.0,226.05905799999996,163.340189,129.217637,-0.05905799999996475,0.6598109999999906,-1.2176369999999963,1.3861739670236108,22.44994432064365
595.0,52.0,78.0,130.0,68.0,60.0,124.0,52.222866,77.24795499999999,130.056403,-0.22286600000000334,0.7520450000000096,-0.05640299999998888,0.7863982670314164,24.819347291981714
596.0,48.0,86.0,130.0,62.0,68.0,124.0,48.429522,86.660691,129.798257,-0.4295219999999986,-0.6606909999999999,0.20174299999999334,0.8134506647695336,23.57965224510319
597.0,232.0,162.0,132.0,234.0,174.0,152.0,231.97348199999996,162.403713,132.571739,0.026518000000038455,-0.4037130000000104,-0.571739000000008,0.7004090767644431,23.40939982143925
598.0,182.0,174.0,138.0,180.0,174.0,154.0,182.581894,173.47706300000002,138.951575,-0.5818940000000055,0.5229369999999847,-0.9515749999999912,1.2318923304534262,16.1245154965971
599.0,168.0,146.0,142.0,170.0,144.0,154.0,166.95893399999997,144.760033,142.601035,1.0410660000000291,1.2399670000000071,-0.601034999999996,1.7270146637102053,12.328828005937952
600.0,204.0,112.0,146.0,213.0,118.0,161.0,201.576744,109.897516,148.237123,2.423256000000009,2.102484000000004,-2.237122999999997,3.911179864046276,18.49324200890693
601.0,178.0,54.0,154.0,200.0,62.0,160.0,177.517146,55.075377,153.61963699999998,0.4828540000000032,-1.0753770000000031,0.3803630000000169,1.2386523681864992,24.166091947189145
602.0,242.0,188.0,156.0,238.0,198.0,180.0,243.62641799999997,188.136269,156.92611499999998,-1.6264179999999726,-0.13626899999999864,-0.9261149999999816,1.8765643459018069,26.30589287593181
603.0,168.0,182.0,178.0,158.0,176.0,192.0,166.64458599999998,182.626235,177.14514499999999,1.3554140000000245,-0.6262350000000083,0.8548550000000148,1.7204925043853292,18.2208671582886
604.0,64.0,98.0,182.0,70.0,76.0,180.0,63.150113999999995,97.13664299999999,182.272889,0.849886000000005,0.8633570000000077,-0.27288899999999217,1.2418373197669723,22.891046284519195
605.0,94.0,94.0,190.0,102.0,78.0,190.0,93.978238,93.40268300000001,189.067265,0.021761999999995396,0.5973169999999897,0.9327350000000081,1.1078157623711637,17.88854381999832
606.0,168.0,112.0,194.0,172.0,110.0,204.0,166.548546,112.994629,193.751173,1.4514540000000125,-0.9946290000000033,0.24882700000000568,1.7770538645989449,10.954451150103322
607.0,236.0,176.0,194.0,230.0,182.0,216.0,236.481322,175.866329,193.734695,-0.4813220000000058,0.13367099999999255,0.2653050000000121,0.5656196133003257,23.57965224510319
608.0,118.0,218.0,194.0,96.0,198.0,206.0,115.83977399999998,218.698779,193.661183,2.160226000000023,-0.6987790000000018,0.3388170000000059,2.2955751831308215,32.0624390837628
609.0,134.0,24.0,200.0,158.0,22.0,200.0,134.399306,25.374825,199.342047,-0.3993059999999957,-1.3748250000000013,0.657952999999992,1.5755923370180465,24.08318915758459
610.0,212.0,194.0,200.0,200.0,194.0,222.0,212.110942,194.655239,200.853779,-0.11094199999999432,-0.6552389999999946,-0.853779000000003,1.08193569833239,25.059928172283335
611.0,190.0,62.0,204.0,208.0,66.0,214.0,191.177198,61.313199000000004,204.546291,-1.1771980000000042,0.6868009999999956,-0.5462909999999965,1.4683067123343132,20.97617696340303
612.0,78.0,176.0,208.0,62.0,150.0,212.0,74.91787400000001,176.813885,206.759107,3.082125999999988,-0.8138849999999991,1.2408929999999998,3.4207784071099847,30.789608636681304
613.0,48.0,182.0,210.0,32.0,148.0,214.0,47.138622000000005,180.978161,211.347117,0.8613779999999949,1.021839,-1.3471169999999972,1.8975908970307545,37.78888725538237
614.0,198.0,52.0,212.0,218.0,58.0,222.0,199.45218999999997,51.647383000000005,212.172681,-1.4521899999999732,0.3526169999999951,-0.1726810000000114,1.5043315035423284,23.15167380558045
615.0,32.0,86.0,220.0,36.0,56.0,216.0,31.268089999999994,86.032371,221.603187,0.7319100000000063,-0.03237099999999771,-1.6031869999999913,1.7626538760374881,30.528675044947494
616.0,142.0,48.0,228.0,158.0,42.0,232.0,141.924138,48.096829,228.252163,0.07586200000000076,-0.09682899999999961,-0.2521629999999959,0.2805656373364315,17.549928774784245
617.0,94.0,158.0,228.0,81.0,135.0,236.0,91.572138,159.266322,229.698509,2.4278620000000046,-1.2663220000000024,-1.6985090000000014,3.2222690951888286,27.60434748368452
618.0,160.0,198.0,8.0,164.0,204.0,20.0,160.79165,198.13133900000003,8.501323000000003,-0.7916500000000042,-0.1313390000000254,-0.5013230000000028,0.9461946975913659,14.0
619.0,144.0,102.0,10.0,168.0,112.0,14.0,144.11307,102.628693,11.059129,-0.11306999999999334,-0.6286929999999984,-1.0591290000000004,1.2368483948285647,26.30589287593181
620.0,108.0,12.0,14.0,160.0,12.0,8.0,114.69663399999999,1.3580229999999993,15.360171,-6.696633999999989,10.641977,-1.3601709999999994,12.647001484451794,52.3450093132096
621.0,126.0,134.0,18.0,142.0,136.0,20.0,125.991874,132.904415,16.718429,0.008126000000004296,1.0955849999999998,1.2815709999999996,1.686059533985084,16.24807680927192
622.0,96.0,24.0,20.0,136.0,28.0,14.0,96.69518199999999,23.030945000000003,21.607637,-0.6951819999999884,0.9690549999999973,-1.6076370000000004,2.001709851581387,40.64480286580315
623.0,150.0,26.0,20.0,192.0,42.0,18.0,151.53445399999998,26.316475000000004,19.518431,-1.5344539999999824,-0.31647500000000406,0.48156900000000036,1.6390894440212678,44.98888751680797
624.0,146.0,108.0,20.0,166.0,118.0,24.0,144.574122,109.878105,20.282086999999997,1.4258780000000115,-1.878105000000005,-0.2820869999999971,2.3748641092656335,22.715633383201094
625.0,76.0,84.0,24.0,102.0,80.0,20.0,77.236482,83.618951,25.290861,-1.2364819999999952,0.3810490000000044,-1.2908609999999996,1.8276783628543591,26.60826939130014
626.0,140.0,122.0,28.0,158.0,128.0,32.0,140.18129,122.30212300000001,27.698921000000002,-0.18128999999998996,-0.3021230000000088,0.3010789999999979,0.463457587563307,19.390719429665317
627.0,60.0,224.0,28.0,52.0,206.0,32.0,59.572185999999995,223.69428900000003,29.100984999999998,0.427814000000005,0.30571099999997386,-1.1009849999999979,1.220103276096734,20.09975124224178
628.0,98.0,102.0,34.0,120.0,102.0,32.0,99.70165799999998,103.353561,33.281932999999995,-1.7016579999999806,-1.3535609999999991,0.7180670000000049,2.289844437112255,22.090722034374522
629.0,62.0,206.0,34.0,58.0,190.0,36.0,62.05249800000001,206.36214900000002,33.961439,-0.05249800000000704,-0.3621490000000165,0.0385610000000014,0.36796044478450773,16.61324772583615
630.0,96.0,102.0,38.0,116.0,100.0,36.0,96.00281799999999,102.39246700000001,37.649378999999996,-0.0028179999999906613,-0.39246700000001056,0.35062100000000385,0.5262825979015561,20.199009876724155
631.0,64.0,202.0,38.0,60.0,188.0,38.0,63.662046,204.046937,35.909289,0.3379540000000034,-2.046937000000014,2.090710999999999,2.9453754384808155,14.560219778561036
632.0,122.0,148.0,42.0,132.0,146.0,46.0,121.58034999999998,146.98632700000002,41.621367000000006,0.4196500000000185,1.013672999999983,0.37863299999999356,1.160604162545515,10.954451150103322
633.0,70.0,128.0,44.0,82.0,118.0,42.0,69.24663000000001,128.139687,44.533601000000004,0.7533699999999897,-0.13968700000000922,-0.5336010000000044,0.9337070429583316,15.748015748023622
634.0,64.0,186.0,44.0,64.0,172.0,44.0,64.50757000000002,187.25897899999998,42.859319,-0.5075700000000154,-1.2589789999999823,1.1406810000000007,1.7730788395054442,14.0
635.0,62.0,204.0,44.0,58.0,186.0,46.0,62.204029999999996,202.959303,43.960857000000004,-0.20402999999999594,1.0406969999999944,0.03914299999999571,1.0612307294636667,18.547236990991408
636.0,120.0,116.0,46.0,136.0,118.0,48.0,119.44626599999998,117.623193,45.852029,0.5537340000000199,-1.6231930000000006,0.1479709999999983,1.7214157762859104,16.24807680927192
637.0,152.0,54.0,48.0,182.0,64.0,50.0,150.30454999999998,53.112777,49.065303,1.6954500000000223,0.8872229999999988,-1.065303,2.1901109186609875,31.68595903550972
638.0,102.0,144.0,48.0,112.0,138.0,50.0,101.899318,143.116603,47.873774999999995,0.10068200000000616,0.8833970000000022,0.12622500000000514,0.8980311104622192,11.832159566199232
639.0,130.0,202.0,52.0,126.0,198.0,62.0,128.84691,202.60085099999998,52.617281000000006,1.1530899999999917,-0.6008509999999774,-0.6172810000000055,1.4393312006838317,11.489125293076057
640.0,136.0,56.0,54.0,166.0,64.0,54.0,136.014174,56.630949,54.234515,-0.014173999999997022,-0.6309490000000011,-0.2345150000000018,0.6732717342217792,31.04834939252005
641.0,36.0,184.0,54.0,34.0,162.0,52.0,35.617298,183.643065,53.974203,0.3827020000000019,0.3569349999999929,0.025796999999997183,0.5239550555515198,22.181073012818835
642.0,30.0,72.0,58.0,54.0,56.0,48.0,30.830282000000004,70.693683,58.454553000000004,-0.830282000000004,1.306317000000007,-0.4545530000000042,1.6132113109639508,30.528675044947494
643.0,162.0,162.0,58.0,168.0,166.0,68.0,161.15752199999997,161.722837,57.938473,0.8424780000000283,0.2771630000000016,0.06152699999999811,0.889029853706864,12.328828005937952
644.0,58.0,192.0,60.0,56.0,174.0,62.0,59.40774199999999,192.181235,60.652159,-1.4077419999999918,-0.1812349999999867,-0.6521589999999975,1.5620163331636354,18.2208671582886
645.0,126.0,52.0,66.0,156.0,56.0,64.0,126.123178,51.154027,65.435571,-0.12317799999999579,0.8459730000000008,0.5644290000000041,1.0244136041921763,30.331501776206203
646.0,206.0,158.0,72.0,214.0,170.0,88.0,206.28257,157.899629,73.012315,-0.28256999999999266,0.10037099999999555,-1.012315000000001,1.0557943936988854,21.540659228538015
647.0,78.0,82.0,78.0,96.0,76.0,74.0,76.321878,84.493717,78.125761,1.678122000000002,-2.4937170000000037,-0.12576099999999713,3.0084105025900345,19.390719429665317
648.0,180.0,134.0,78.0,192.0,142.0,88.0,180.068074,133.661865,77.463541,-0.06807399999999575,0.3381349999999941,0.5364589999999936,0.637775514097232,17.549928774784245
649.0,132.0,24.0,80.0,168.0,30.0,78.0,132.97763,23.055763000000006,80.365295,-0.9776300000000049,0.944236999999994,-0.36529500000000326,1.4074034127051136,36.55133376499413
650.0,128.0,150.0,80.0,134.0,146.0,86.0,127.45739,149.365639,79.947677,0.5426099999999963,0.6343610000000126,0.05232300000000123,0.8364073091203903,9.38083151964686
651.0,126.0,16.0,86.0,160.0,22.0,80.0,124.11538599999997,16.617016999999997,83.703077,1.8846140000000275,-0.617016999999997,2.2969230000000067,3.0345238794931455,35.04283093587046
652.0,166.0,142.0,86.0,176.0,146.0,96.0,167.04025,141.55738100000002,86.105297,-1.0402499999999861,0.4426189999999792,-0.10529699999999309,1.1353938082753277,14.696938456699069
653.0,210.0,188.0,86.0,210.0,198.0,104.0,210.23476200000002,188.515689,86.102747,-0.23476200000001768,-0.515689000000009,-0.1027469999999937,0.5758517928894693,20.591260281974
654.0,152.0,214.0,92.0,142.0,208.0,108.0,150.33390599999998,212.81031900000002,94.620749,1.6660940000000153,1.189680999999979,-2.6207490000000035,3.3255879810340336,19.79898987322333
655.0,78.0,60.0,98.0,100.0,52.0,92.0,76.662418,60.343211000000004,97.376363,1.3375819999999976,-0.3432110000000037,0.6236370000000022,1.5152037833288297,24.166091947189145
656.0,120.0,216.0,112.0,108.0,206.0,122.0,120.09312600000001,218.619815,111.086175,-0.09312600000001225,-2.6198149999999885,0.9138250000000028,2.7761806887747684,18.547236990991408
657.0,116.0,108.0,118.0,128.0,102.0,122.0,116.139398,107.998319,119.227363,-0.1393979999999999,0.0016810000000049286,-1.2273629999999969,1.2352548570776771,14.0
658.0,190.0,214.0,120.0,180.0,214.0,138.0,189.55107800000002,213.352511,119.78916699999999,0.44892199999998184,0.6474890000000073,0.21083300000000804,0.815612359576531,20.591260281974
659.0,224.0,166.0,128.0,226.0,176.0,148.0,224.65152199999997,165.79461500000002,129.194353,-0.6515219999999715,0.2053849999999784,-1.1943530000000067,1.3759153329031442,22.44994432064365
660.0,130.0,196.0,132.0,122.0,186.0,142.0,130.678206,196.682599,131.059705,-0.6782059999999888,-0.6825990000000104,0.9402949999999919,1.3453845027582203,16.24807680927192
661.0,32.0,84.0,134.0,44.0,62.0,126.0,30.812542,84.296243,133.772795,1.1874579999999995,-0.29624300000000403,0.22720499999999788,1.2447644471296568,26.30589287593181
662.0,84.0,60.0,136.0,104.0,50.0,132.0,83.94699399999999,60.268097000000004,135.725957,0.053006000000010545,-0.26809700000000447,0.27404300000000603,0.38702093392219344,22.715633383201094
663.0,94.0,164.0,136.0,92.0,148.0,140.0,94.768178,163.678203,135.187875,-0.768178000000006,0.32179700000000366,0.8121250000000089,1.1632702886767228,16.61324772583615
664.0,240.0,180.0,136.0,238.0,192.0,158.0,240.11649400000002,180.45654100000002,136.320771,-0.1164940000000172,-0.45654100000001563,-0.3207710000000077,0.569995237838022,25.13961017995307
665.0,176.0,8.0,140.0,210.0,20.0,144.0,176.070506,8.898207000000003,141.352233,-0.07050599999999463,-0.8982070000000029,-1.3522330000000125,1.6248941495291434,36.27671429443411
666.0,92.0,162.0,142.0,88.0,144.0,148.0,91.04409799999999,160.94607900000003,143.592747,0.9559020000000089,1.0539209999999741,-1.5927470000000028,2.135729644373082,19.390719429665317
667.0,234.0,170.0,146.0,234.0,180.0,166.0,234.675358,169.526585,145.47881900000002,-0.6753579999999886,0.4734149999999886,0.5211809999999844,0.9756330381603308,22.360679774997898
668.0,92.0,108.0,154.0,102.0,92.0,158.0,93.75089399999999,105.521465,156.956151,-1.7508939999999882,2.4785349999999937,-2.9561510000000055,4.236460111963992,19.28730152198591
669.0,174.0,48.0,158.0,198.0,54.0,164.0,174.367314,47.56094100000001,158.386955,-0.36731399999999326,0.4390589999999932,-0.3869550000000004,0.6909606009766327,25.45584412271571
670.0,180.0,94.0,158.0,194.0,94.0,164.0,179.278994,89.360037,154.951095,0.7210059999999885,4.6399629999999945,3.0489049999999907,5.598654123307661,15.231546211727817
671.0,160.0,192.0,174.0,150.0,184.0,190.0,160.81242999999998,192.30472500000002,175.127443,-0.8124299999999778,-0.304725000000019,-1.1274429999999995,1.4226832215127774,20.493901531919196
672.0,120.0,178.0,176.0,110.0,162.0,186.0,118.950502,177.581619,176.649745,1.0494979999999998,0.41838100000001077,-0.6497449999999958,1.3033254690176217,21.354156504062622
673.0,232.0,178.0,190.0,226.0,184.0,212.0,232.83296199999998,178.447295,190.027289,-0.8329619999999807,-0.4472949999999969,-0.027288999999996122,0.9458558029583394,23.57965224510319
674.0,64.0,134.0,192.0,62.0,110.0,192.0,64.31247400000001,134.43258500000002,191.279327,-0.3124740000000088,-0.4325850000000173,0.720673000000005,0.8967381757402925,24.08318915758459
675.0,168.0,198.0,192.0,154.0,190.0,210.0,167.79394200000002,199.035303,193.47820099999998,0.20605799999998453,-1.035302999999999,-1.4782009999999843,1.8164224171634595,24.166091947189145
676.0,238.0,178.0,194.0,232.0,184.0,216.0,238.74738600000003,177.510819,193.381391,-0.7473860000000343,0.4891810000000021,0.6186089999999922,1.0865362297862156,23.57965224510319
677.0,144.0,10.0,198.0,172.0,10.0,198.0,144.47931,10.104087000000005,197.392175,-0.4793099999999981,-0.10408700000000515,0.6078249999999912,0.7810399543518811,28.0
678.0,68.0,194.0,200.0,50.0,166.0,206.0,66.72515000000001,195.22171500000002,200.46911699999998,1.2748499999999865,-1.2217150000000174,-0.4691169999999829,1.8269922888217103,33.823069050575526
679.0,108.0,162.0,204.0,100.0,144.0,212.0,108.529282,162.97111900000002,204.188799,-0.5292819999999949,-0.9711190000000158,-0.18879899999998884,1.1219877940895886,21.2602916254693
680.0,190.0,64.0,206.0,208.0,68.0,216.0,191.808474,63.501871,206.28256299999998,-1.8084739999999897,0.4981289999999987,-0.2825629999999819,1.8969851233696988,20.97617696340303
681.0,92.0,206.0,208.0,72.0,178.0,218.0,90.71760599999999,203.899099,209.071639,1.2823940000000107,2.1009009999999932,-1.0716390000000047,2.6845352538862306,35.832945734337834
682.0,202.0,66.0,210.0,216.0,76.0,224.0,201.680778,70.636687,212.567611,0.31922199999999634,-4.636686999999995,-2.5676109999999994,5.309745311083569,22.181073012818835
683.0,40.0,100.0,210.0,40.0,70.0,208.0,37.13849,99.011785,212.256845,2.8615100000000027,0.9882149999999967,-2.2568449999999984,3.7759975794947223,30.066592756745816
684.0,28.0,64.0,212.0,38.0,36.0,204.0,27.600178,64.297539,211.773721,0.39982200000000034,-0.29753900000000044,0.22627900000000523,0.5473474893027307,30.789608636681304
685.0,164.0,102.0,212.0,170.0,98.0,220.0,163.75225799999998,102.216561,210.442475,0.24774200000001656,-0.21656099999999867,1.5575249999999983,1.5919041713966335,10.770329614269007
686.0,214.0,120.0,214.0,216.0,124.0,230.0,212.58915,120.241321,213.822253,1.4108500000000106,-0.24132099999999923,0.17774700000001076,1.4423340610101507,16.61324772583615
687.0,206.0,210.0,216.0,188.0,206.0,238.0,205.28182199999998,210.495507,216.110603,0.7181780000000231,-0.4955070000000035,-0.11060299999999756,0.8795111428185751,28.705400188814647
688.0,132.0,22.0,224.0,154.0,16.0,224.0,131.86205800000002,21.706955000000004,223.331741,0.13794199999998114,0.2930449999999958,0.6682590000000062,0.7426125897599639,22.80350850198276
689.0,58.0,172.0,228.0,44.0,142.0,230.0,58.487726,173.51369100000002,226.318467,-0.4877260000000021,-1.5136910000000228,1.6815330000000017,2.314452489174508,33.166247903554
690.0,110.0,118.0,6.0,130.0,120.0,6.0,110.12287799999999,117.964061,5.7428789999999985,-0.12287799999998583,0.035938999999999055,0.2571210000000015,0.2872313061732603,20.09975124224178
691.0,146.0,100.0,8.0,172.0,110.0,10.0,146.953382,99.49087100000001,7.068270999999999,-0.9533820000000048,0.5091289999999873,0.9317290000000007,1.4269788036288409,27.92848008753788
692.0,204.0,74.0,10.0,236.0,96.0,16.0,203.33217,72.603331,8.879707,0.6678300000000092,1.3966690000000028,1.1202930000000002,1.9109520167471554,39.293765408777
693.0,148.0,34.0,14.0,186.0,48.0,12.0,146.70580999999999,33.262111,13.674881,1.2941900000000146,0.7378890000000027,0.3251190000000008,1.5248312354428086,40.54626986542659
694.0,138.0,50.0,16.0,174.0,62.0,16.0,139.093882,50.316553,17.196015,-1.0938820000000078,-0.316552999999999,-1.1960149999999992,1.6514343801550257,37.94733192202055
695.0,152.0,86.0,16.0,180.0,98.0,20.0,152.735058,86.27032100000001,17.160825,-0.7350580000000093,-0.2703210000000098,-1.160824999999999,1.4003208157525964,30.72458299147443
696.0,140.0,86.0,26.0,166.0,96.0,28.0,140.256242,87.612495,26.202453,-0.2562419999999861,-1.6124949999999956,-0.20245299999999844,1.6452316872702089,27.92848008753788
697.0,94.0,106.0,26.0,114.0,104.0,24.0,93.81247399999998,106.06106700000001,25.890405,0.18752600000001962,-0.06106700000000842,0.10959499999999878,0.2256241192559167,20.199009876724155
698.0,142.0,120.0,26.0,160.0,126.0,32.0,141.58882599999998,119.847697,27.722205,0.4111740000000168,0.1523030000000034,-1.7222049999999989,1.7771466805275278,19.8997487421324
699.0,46.0,126.0,28.0,60.0,112.0,24.0,45.93592999999999,125.19303500000001,29.592499,0.06407000000000806,0.806964999999991,-1.592499,1.7864351488721852,20.199009876724155
700.0,186.0,82.0,34.0,214.0,98.0,38.0,185.778766,80.638791,31.676748999999997,0.2212340000000097,1.3612090000000023,2.3232510000000026,2.701727157475015,32.49615361854384
701.0,128.0,144.0,34.0,140.0,146.0,40.0,128.321514,144.948813,35.187629,-0.3215140000000076,-0.9488130000000012,-1.1876290000000012,1.5537309943506983,13.564659966250536
702.0,50.0,182.0,34.0,50.0,164.0,32.0,48.720842,181.060639,33.220169,1.2791580000000025,0.939360999999991,0.7798310000000015,1.7682705295983396,18.110770276274835
703.0,156.0,94.0,38.0,178.0,106.0,42.0,154.837446,96.404475,37.742885,1.162554,-2.404475000000005,0.25711499999999887,2.6831213076873777,25.37715508089904
704.0,100.0,108.0,42.0,118.0,106.0,42.0,99.73344600000001,108.553515,42.693185,0.2665539999999851,-0.5535150000000044,-0.6931849999999997,0.9262479875098226,18.110770276274835
705.0,194.0,230.0,46.0,188.0,236.0,64.0,194.145738,229.125759,45.848951,-0.14573799999999437,0.874241000000012,0.15104900000000043,0.8990843626301258,19.8997487421324
706.0,182.0,64.0,50.0,212.0,80.0,54.0,181.694686,63.712348999999996,48.932933000000006,0.30531400000000986,0.2876510000000039,1.0670669999999944,1.1465564612726216,34.23448553724738
707.0,192.0,80.0,52.0,218.0,96.0,58.0,191.043222,79.171537,50.780683,0.9567780000000141,0.8284629999999993,1.2193169999999967,1.7574154403959292,31.11269837220809
708.0,34.0,180.0,52.0,34.0,160.0,50.0,34.986022,181.45439299999998,52.237930999999996,-0.9860219999999984,-1.4543929999999818,-0.23793099999999612,1.7731637103476774,20.09975124224178
709.0,78.0,20.0,56.0,114.0,18.0,46.0,77.576254,19.465727000000005,55.157273,0.4237459999999942,0.5342729999999953,0.8427269999999965,1.0840650845654907,37.416573867739416
710.0,190.0,62.0,56.0,220.0,80.0,62.0,189.849934,62.649333,55.971157000000005,0.15006600000000958,-0.6493329999999986,0.028842999999994845,0.6670720110257968,35.4964786985977
711.0,36.0,186.0,56.0,34.0,164.0,54.0,36.248574,185.831737,55.710475,-0.24857399999999785,0.16826299999999605,0.2895249999999976,0.417044597459308,22.181073012818835
712.0,90.0,198.0,56.0,88.0,186.0,60.0,91.17011399999998,197.859281,54.957668999999996,-1.170113999999984,0.14071899999999005,1.0423310000000043,1.5733475533136245,12.806248474865697
713.0,228.0,216.0,56.0,226.0,230.0,76.0,228.96921799999998,216.118277,54.826038999999994,-0.9692179999999837,-0.11827700000000618,1.1739610000000056,1.5269438135615805,24.49489742783178
714.0,86.0,22.0,60.0,122.0,22.0,52.0,86.38801799999999,22.362413000000004,59.89434299999999,-0.3880179999999882,-0.36241300000000365,0.10565700000000788,0.5413543687290194,36.87817782917155
715.0,144.0,78.0,62.0,168.0,86.0,64.0,143.58293799999998,79.46608900000001,61.621100999999996,0.4170620000000156,-1.4660890000000109,0.3788990000000041,1.5706438552281825,25.37715508089904
716.0,68.0,118.0,62.0,82.0,106.0,60.0,68.48915400000001,117.095865,62.984459,-0.4891540000000134,0.9041349999999966,-0.9844590000000011,1.4233380682824475,18.547236990991408
717.0,64.0,42.0,64.0,94.0,36.0,56.0,64.08169000000001,42.656599,64.735557,-0.08169000000000892,-0.6565989999999999,-0.735557,0.9893632311492082,31.622776601683793
718.0,92.0,194.0,64.0,88.0,182.0,70.0,91.32164599999999,194.456435,64.957087,0.678354000000013,-0.45643499999999904,-0.9570870000000014,1.2587742387378362,14.0
719.0,76.0,116.0,66.0,90.0,106.0,64.0,76.24037799999999,115.75442100000001,66.173551,-0.24037799999999265,0.24557899999999222,-0.17355100000000334,0.3849812693183836,17.320508075688775
720.0,102.0,198.0,68.0,100.0,188.0,74.0,104.03426200000001,198.453429,67.251277,-2.0342620000000124,-0.45342899999999986,0.7487229999999983,2.214589323873401,11.832159566199232
721.0,216.0,188.0,72.0,218.0,200.0,90.0,216.597142,187.97077700000003,71.782451,-0.597141999999991,0.029222999999973354,0.21754900000000532,0.6362076070702,21.72556098240043
722.0,98.0,214.0,72.0,92.0,202.0,80.0,100.297946,214.83714899999998,72.366957,-2.297945999999996,-0.8371489999999824,-0.3669569999999993,2.473061201621576,15.620499351813308
723.0,130.0,28.0,76.0,166.0,34.0,74.0,131.59533399999998,27.281219,76.304585,-1.5953339999999798,0.7187809999999999,-0.304585000000003,1.7760936686284137,36.55133376499413
724.0,180.0,138.0,76.0,192.0,144.0,88.0,180.49733799999998,135.711323,77.275247,-0.49733799999998496,2.288677000000007,-1.2752469999999931,2.666766282894322,18.0
725.0,212.0,196.0,76.0,212.0,206.0,94.0,212.77855799999998,195.612483,75.56173100000001,-0.7785579999999754,0.38751700000000255,0.43826899999999114,0.9738591792522961,20.591260281974
726.0,160.0,222.0,78.0,152.0,220.0,94.0,160.679406,222.107729,79.193973,-0.6794060000000002,-0.10772900000000618,-1.1939729999999997,1.377958480871612,18.0
727.0,40.0,46.0,82.0,64.0,30.0,70.0,36.655982,43.557243,81.247551,3.3440179999999984,2.4427570000000003,0.7524489999999986,4.209001977069384,31.240998703626616
728.0,210.0,190.0,82.0,210.0,198.0,102.0,210.03275000000002,188.37647500000003,84.17818100000001,-0.03275000000002137,1.6235249999999724,-2.1781810000000092,2.716869238091144,21.540659228538015
729.0,210.0,210.0,82.0,206.0,216.0,104.0,210.424538,207.770747,84.738121,-0.4245380000000125,2.229253,-2.7381210000000067,3.5562772757609955,23.15167380558045
730.0,84.0,28.0,86.0,116.0,24.0,80.0,84.13505,27.575771000000003,87.145003,-0.13505000000000678,0.42422899999999686,-1.1450030000000027,1.2285115453059468,32.802438933713454
731.0,164.0,140.0,90.0,174.0,142.0,100.0,164.748946,138.141861,90.496027,-0.7489459999999895,1.8581389999999942,-0.496026999999998,2.0638903650547817,14.2828568570857
732.0,150.0,144.0,92.0,158.0,144.0,100.0,150.48380999999998,143.431063,91.62781299999999,-0.483809999999977,0.5689370000000054,0.3721870000000109,0.8344366896523618,11.313708498984761
733.0,8.0,164.0,94.0,6.0,134.0,88.0,7.528618000000002,163.126057,93.562647,0.4713819999999984,0.873942999999997,0.43735300000000166,1.085013826539549,30.659419433511783
734.0,150.0,212.0,94.0,142.0,208.0,106.0,150.131894,212.671105,92.69618299999999,-0.1318939999999884,-0.6711050000000114,1.3038170000000093,1.472316785800541,14.966629547095765
735.0,136.0,36.0,98.0,166.0,42.0,96.0,135.53452199999998,37.010405000000006,96.72163499999999,0.4654780000000187,-1.0104050000000058,1.278365000000008,1.6946401109775637,30.659419433511783
736.0,58.0,56.0,100.0,80.0,44.0,94.0,56.779374,56.334273,101.704205,1.2206260000000029,-0.33427300000000315,-1.7042050000000017,2.122729599461508,25.768197453450252
737.0,172.0,64.0,100.0,196.0,74.0,106.0,170.96480599999998,64.423283,100.85661099999999,1.0351940000000184,-0.42328299999999786,-0.8566109999999867,1.4087503402114987,26.68332812825267
738.0,168.0,64.0,102.0,192.0,74.0,108.0,167.49321799999998,65.372433,103.11119699999999,0.5067820000000154,-1.372433000000001,-1.11119699999999,1.8371606102412483,26.68332812825267
739.0,92.0,34.0,106.0,120.0,30.0,102.0,91.31857399999998,34.44556300000001,107.420327,0.6814260000000161,-0.44556300000000704,-1.4203270000000003,1.6371305895908332,28.5657137141714
740.0,76.0,42.0,108.0,104.0,34.0,100.0,77.28068999999999,41.645009,106.439253,-1.2806899999999928,0.3549909999999983,1.5607470000000063,2.0499065062070514,30.199337741083
741.0,38.0,74.0,108.0,58.0,56.0,102.0,39.958206,73.642525,110.08781499999999,-1.958205999999997,0.35747499999999377,-2.087814999999992,2.884671660394983,27.568097504180443
742.0,174.0,62.0,116.0,196.0,68.0,122.0,171.29310999999998,59.388621,116.81802099999999,2.7068900000000156,2.6113789999999995,-0.8180209999999875,3.8491183549200017,23.57965224510319
743.0,96.0,196.0,116.0,88.0,180.0,122.0,96.14469399999999,196.026541,115.184097,-0.144693999999987,-0.026541000000008808,0.8159030000000058,0.8290587938897979,18.867962264113206
744.0,118.0,82.0,120.0,136.0,78.0,122.0,118.33543,81.784951,120.82685099999999,-0.33543000000000234,0.21504899999999338,-0.8268509999999907,0.9178463561522611,18.547236990991408
745.0,114.0,104.0,120.0,126.0,98.0,122.0,113.44407000000001,104.304371,119.76896099999999,0.5559299999999894,-0.3043710000000033,0.23103900000000976,0.6745953528316028,13.564659966250536
746.0,110.0,76.0,122.0,130.0,70.0,120.0,110.90596199999999,74.66280900000001,120.15049099999999,-0.9059619999999882,1.33719099999999,1.8495090000000118,2.455510223356033,20.97617696340303
747.0,126.0,80.0,122.0,144.0,78.0,124.0,125.88464199999999,80.304293,122.091377,0.11535800000001473,-0.30429300000000126,-0.09137699999999427,0.33801102665742,18.2208671582886
748.0,190.0,124.0,122.0,200.0,132.0,134.0,189.91523,124.996625,122.009989,0.0847699999999918,-0.9966249999999945,-0.009989000000004467,1.000273524415191,17.549928774784245
749.0,166.0,158.0,122.0,168.0,158.0,134.0,166.106862,158.119067,122.202327,-0.10686200000000667,-0.11906700000000114,-0.20232699999999681,0.257939241803182,12.165525060596439
750.0,208.0,182.0,126.0,206.0,188.0,144.0,208.455082,181.862615,125.865557,-0.4550820000000044,0.13738499999999476,0.13444300000000453,0.4940133451618527,19.078784028338912
751.0,148.0,184.0,128.0,142.0,178.0,140.0,147.127138,184.295873,128.238215,0.8728619999999978,-0.2958730000000003,-0.23821499999999673,0.9519323974936428,14.696938456699069
752.0,152.0,186.0,128.0,146.0,180.0,140.0,151.23000199999998,185.535395,127.719901,0.7699980000000153,0.46460500000000593,0.280099000000007,0.9419183488126945,14.696938456699069
753.0,154.0,208.0,128.0,142.0,202.0,142.0,152.48031799999998,209.028583,127.90325299999999,1.5196820000000173,-1.0285829999999976,0.09674700000000769,1.8376007050015106,19.390719429665317
754.0,120.0,78.0,132.0,140.0,74.0,132.0,122.160562,77.572169,130.496249,-2.1605619999999988,0.42783099999999763,1.503750999999994,2.6668960591680313,20.396078054371138
755.0,106.0,90.0,132.0,122.0,82.0,132.0,107.346418,89.414713,131.228163,-1.346418,0.5852869999999939,0.771837000000005,1.6586544720531762,17.88854381999832
756.0,180.0,82.0,134.0,198.0,88.0,142.0,179.44267,80.870373,134.01573100000002,0.5573300000000074,1.1296269999999993,-0.015731000000016593,1.2597306666069565,20.591260281974
757.0,112.0,104.0,134.0,124.0,96.0,136.0,112.59209000000001,103.63437900000001,133.594227,-0.5920900000000131,0.3656209999999902,0.4057730000000106,0.8055439226200003,14.560219778561036
758.0,78.0,42.0,136.0,102.0,32.0,130.0,78.044806,42.088729,135.661047,-0.04480599999999413,-0.08872900000000072,0.3389530000000036,0.353227333718672,26.68332812825267
759.0,56.0,116.0,142.0,62.0,96.0,140.0,56.055314,116.466815,142.558669,-0.05531400000000275,-0.46681499999999687,-0.558669000000009,0.7301280260214693,20.97617696340303
760.0,62.0,34.0,144.0,86.0,20.0,136.0,61.38085800000001,33.449367,143.884589,0.6191419999999894,0.5506329999999977,0.1154109999999946,0.8365723015818675,28.91366458960192
761.0,52.0,36.0,144.0,76.0,20.0,136.0,52.19685800000001,35.47420700000001,144.709639,-0.19685800000001308,0.5257929999999931,-0.7096390000000099,0.9048750528852101,29.93325909419153
762.0,52.0,204.0,144.0,38.0,176.0,146.0,51.79031,203.722393,142.780727,0.20969000000000193,0.27760699999998906,1.219272999999987,1.2679361936146325,31.368774282716245
763.0,100.0,46.0,146.0,122.0,38.0,144.0,99.11468199999999,45.16192100000001,146.918027,0.8853180000000123,0.8380789999999934,-0.918026999999995,1.5260858246160343,23.49468024894146
764.0,46.0,108.0,146.0,54.0,86.0,142.0,46.763805999999995,107.978611,146.084745,-0.7638059999999953,0.021388999999999214,-0.08474499999999807,0.768790485101105,23.748684174075834
765.0,106.0,72.0,148.0,122.0,64.0,148.0,105.09913799999998,72.083303,148.319337,0.9008620000000178,-0.0833030000000008,-0.3193369999999902,0.9594101585985141,17.88854381999832
766.0,74.0,32.0,150.0,100.0,22.0,144.0,75.47577000000001,33.220905,150.239489,-1.4757700000000114,-1.220905000000002,-0.23948899999999185,1.930248971776966,28.495613697550013
767.0,104.0,70.0,150.0,120.0,62.0,150.0,103.03508599999998,70.57802699999999,150.597207,0.9649140000000216,-0.5780269999999916,-0.5972069999999974,1.2735110682573705,17.88854381999832
768.0,176.0,44.0,152.0,200.0,52.0,156.0,174.966802,44.549659000000005,150.711975,1.0331979999999987,-0.5496590000000054,1.2880250000000046,1.7402963897307882,25.612496949731394
769.0,60.0,44.0,156.0,82.0,30.0,150.0,61.267661999999994,45.481091000000006,156.745101,-1.2676619999999943,-1.4810910000000064,-0.7451010000000053,2.0870488726251746,26.758176320519304
770.0,104.0,182.0,156.0,96.0,166.0,164.0,104.729298,182.983957,156.258001,-0.729298,-0.9839570000000037,-0.25800100000000725,1.251643506216531,19.595917942265423
771.0,208.0,112.0,160.0,218.0,120.0,176.0,208.11309799999998,111.97865900000001,162.070549,-0.11309799999997949,0.021340999999992505,-2.0705489999999998,2.073745345331966,20.493901531919196
772.0,160.0,180.0,160.0,158.0,176.0,172.0,164.62446599999998,181.23409500000002,157.899485,-4.624465999999984,-1.2340950000000248,2.1005150000000015,5.226934045825135,12.806248474865697
773.0,196.0,200.0,160.0,184.0,196.0,182.0,193.805566,197.16016100000002,163.494245,2.194434000000001,2.8398389999999836,-3.4942450000000065,5.008989343800001,25.37715508089904
774.0,230.0,208.0,160.0,220.0,214.0,184.0,230.93335399999998,208.455073,160.753985,-0.93335399999998,-0.45507299999999873,-0.7539850000000001,1.2832515360871235,26.68332812825267
775.0,142.0,36.0,170.0,168.0,36.0,172.0,143.759986,35.747195000000005,170.255015,-1.7599859999999978,0.25280499999999506,-0.255014999999986,1.7962443426343708,26.076809620810597
776.0,98.0,68.0,170.0,114.0,56.0,168.0,98.05500199999997,66.897483,168.978213,-0.05500199999997335,1.102517000000006,1.0217869999999891,1.5041999962312151,20.09975124224178
777.0,136.0,218.0,170.0,120.0,202.0,184.0,136.51776999999998,216.40672500000002,170.13424899999998,-0.5177699999999845,1.5932749999999771,-0.13424899999998274,1.6806646877131401,26.60826939130014
778.0,218.0,106.0,172.0,228.0,116.0,186.0,217.44862999999998,106.550973,171.244917,0.5513700000000199,-0.550972999999999,0.7550830000000133,1.0852329061164894,19.8997487421324
779.0,44.0,72.0,174.0,58.0,50.0,168.0,45.33681000000001,72.088213,174.163375,-1.336810000000007,-0.0882129999999961,-0.16337500000000205,1.349642137788391,26.758176320519304
780.0,144.0,192.0,174.0,132.0,180.0,186.0,143.018678,191.572093,173.13998899999999,0.9813220000000058,0.4279070000000047,0.8600110000000143,1.3732138174567134,20.784609690826528
781.0,76.0,122.0,176.0,78.0,102.0,176.0,75.673722,121.881297,175.31589499999998,0.32627800000000207,0.11870299999999645,0.6841050000000166,0.7671684212205447,20.09975124224178
782.0,178.0,192.0,176.0,168.0,188.0,194.0,178.60618200000002,193.03735700000001,177.11489699999998,-0.6061820000000182,-1.0373570000000143,-1.114896999999985,1.6390733611348878,20.97617696340303
783.0,140.0,32.0,178.0,166.0,30.0,178.0,141.24143,30.421431000000002,176.758605,-1.2414300000000082,1.5785689999999981,1.2413950000000114,2.3609510962080607,26.076809620810597
784.0,204.0,178.0,178.0,196.0,180.0,192.0,202.40231399999996,179.030759,173.633367,1.5976860000000386,-1.030758999999989,4.366633000000007,4.762619912124645,16.24807680927192
785.0,82.0,102.0,180.0,88.0,84.0,180.0,81.39837,101.689763,180.03462299999998,0.6016300000000001,0.31023700000000076,-0.034622999999982085,0.6777937777805277,18.973665961010276
786.0,60.0,138.0,180.0,58.0,114.0,180.0,60.285329999999995,138.50615299999998,179.685363,-0.28532999999999475,-0.5061529999999834,0.3146370000000047,0.6607575274470835,24.08318915758459
787.0,82.0,144.0,180.0,80.0,122.0,184.0,82.61121,142.527765,180.966209,-0.6112099999999998,1.472235000000012,-0.9662089999999921,1.8640314887377896,22.44994432064365
788.0,144.0,46.0,182.0,166.0,44.0,184.0,144.85231399999998,45.185279,181.214245,-0.8523139999999785,0.8147209999999987,0.7857549999999947,1.4169052129419077,22.181073012818835
789.0,168.0,194.0,182.0,162.0,188.0,200.0,173.701818,194.669903,183.383625,-5.701818000000003,-0.669903000000005,-1.383624999999995,5.90541418320155,19.8997487421324
790.0,230.0,172.0,184.0,224.0,178.0,206.0,229.102334,172.286247,184.983483,0.8976659999999868,-0.286247000000003,-0.9834830000000068,1.3619766531971065,23.57965224510319
791.0,186.0,164.0,188.0,180.0,160.0,204.0,184.627346,162.611207,188.383783,1.3726540000000114,1.3887929999999926,-0.383782999999994,1.9900287414140545,17.549928774784245
792.0,200.0,58.0,194.0,218.0,66.0,204.0,199.351138,58.59228900000001,194.098411,0.6488620000000083,-0.5922890000000081,-0.0984109999999987,0.8840321710695941,22.090722034374522
793.0,54.0,158.0,194.0,46.0,128.0,196.0,53.885473999999995,156.395879,194.753893,0.11452600000000501,1.6041209999999921,-0.753893000000005,1.7761404907174387,31.11269837220809
794.0,168.0,200.0,194.0,154.0,192.0,212.0,168.425218,201.223975,195.214473,-0.425218000000001,-1.2239749999999958,-1.2144729999999981,1.7759137974231705,24.166091947189145
795.0,202.0,218.0,206.0,184.0,214.0,228.0,202.31521800000002,218.807205,206.064617,-0.31521800000001576,-0.8072050000000104,-0.06461699999999837,0.8689750607687349,28.705400188814647
796.0,192.0,54.0,208.0,212.0,58.0,216.0,193.33575399999998,52.444645,206.894013,-1.3357539999999801,1.5553549999999987,1.105986999999999,2.32950105574347,21.908902300206645
797.0,174.0,74.0,208.0,188.0,74.0,216.0,174.728266,73.69992500000001,207.367781,-0.7282659999999908,0.30007499999999254,0.6322189999999921,1.0100085328065165,16.1245154965971
798.0,156.0,90.0,208.0,162.0,86.0,214.0,153.223438,91.122043,206.458581,2.7765620000000126,-1.122043000000005,1.5414189999999905,3.3681225582294436,9.38083151964686
799.0,226.0,128.0,208.0,228.0,134.0,226.0,225.35224599999995,127.780375,208.041591,0.6477540000000488,0.21962499999999352,-0.041591000000011036,0.6852373285381214,19.078784028338912
800.0,116.0,152.0,208.0,110.0,136.0,218.0,116.602262,153.166089,209.890623,-0.6022619999999961,-1.1660889999999995,-1.890623000000005,2.30150785371113,19.79898987322333
801.0,242.0,170.0,214.0,234.0,176.0,236.0,240.88724999999997,170.300159,213.215217,1.1127500000000339,-0.30015900000000784,0.7847830000000044,1.394342979639546,24.166091947189145
802.0,192.0,60.0,216.0,208.0,64.0,226.0,191.960006,60.099025000000005,216.281981,0.03999400000000719,-0.09902500000000458,-0.2819810000000018,0.30152737027010085,19.28730152198591
803.0,58.0,80.0,220.0,64.0,56.0,216.0,56.983290000000004,80.362819,219.293047,1.0167099999999962,-0.3628190000000018,0.7069529999999986,1.2903950538769093,25.059928172283335
804.0,56.0,180.0,220.0,44.0,148.0,226.0,59.37149399999999,179.383637,221.904453,-3.3714939999999913,0.6163630000000069,-1.9044529999999895,3.9209458513238755,34.698703145794944
805.0,122.0,34.0,224.0,140.0,26.0,224.0,121.150778,34.789021000000005,223.545341,0.8492219999999975,-0.7890210000000053,0.4546589999999924,1.2451694463027903,19.697715603592208
806.0,116.0,46.0,224.0,132.0,36.0,224.0,115.94989799999999,46.656183,223.263911,0.05010200000000964,-0.6561829999999986,0.7360889999999927,0.9873770079427556,18.867962264113206
807.0,198.0,58.0,224.0,214.0,62.0,234.0,197.84919,57.391519,223.673509,0.150810000000007,0.6084809999999976,0.3264910000000043,0.7068162112897539,19.28730152198591
808.0,92.0,160.0,230.0,80.0,136.0,236.0,90.86837,160.493535,229.686867,1.1316300000000012,-0.4935350000000085,0.31313299999999344,1.2736622506826554,27.49545416973504
809.0,58.0,172.0,230.0,44.0,142.0,232.0,58.689738,173.652905,228.243033,-0.6897379999999984,-1.652905000000004,1.756967000000003,2.508937322205962,33.166247903554
810.0,42.0,76.0,232.0,48.0,48.0,226.0,41.581894,76.100801,230.98913299999998,0.41810600000000164,-0.10080100000000414,1.0108670000000188,1.0985561253418235,29.257477676655586
811.0,140.0,46.0,242.0,156.0,40.0,246.0,141.072158,47.426837000000006,242.077429,-1.0721580000000017,-1.4268370000000061,-0.07742899999999509,1.7864439122385065,17.549928774784245
812.0,132.0,60.0,4.0,168.0,68.0,4.0,133.659202,56.844547000000006,5.578766999999999,-1.6592019999999934,3.1554529999999943,-1.5787669999999991,3.8990178445734176,36.87817782917155
813.0,160.0,236.0,4.0,156.0,236.0,16.0,159.90865,232.26411099999999,2.2995269999999977,0.0913500000000056,3.7358890000000144,1.7004730000000023,4.1057057696028485,12.649110640673518
814.0,128.0,104.0,8.0,152.0,108.0,8.0,127.954106,101.351879,6.982099,0.0458940000000041,2.6481210000000033,1.0179010000000002,2.8373885062990616,24.331050121192877
815.0,156.0,44.0,12.0,192.0,60.0,12.0,154.79179399999998,44.34395500000001,12.050086999999998,1.2082060000000183,-0.3439550000000082,-0.05008699999999777,1.2572094050038163,39.395431207184416
816.0,84.0,92.0,16.0,108.0,80.0,16.0,82.342858,82.125619,20.946699,1.6571419999999932,9.874381,-4.946698999999999,11.167781818155563,26.832815729997478
817.0,136.0,192.0,16.0,140.0,192.0,24.0,136.57849,190.972635,15.460339,-0.578489999999988,1.0273650000000032,0.5396610000000006,1.2966740215821375,8.94427190999916
818.0,148.0,108.0,20.0,168.0,120.0,24.0,146.84018600000002,111.52259500000001,19.928783000000003,1.159813999999983,-3.5225950000000097,0.0712169999999972,3.709301269742056,23.664319132398465
819.0,144.0,208.0,24.0,140.0,212.0,36.0,142.08320199999997,212.302499,25.124795000000002,1.9167980000000284,-4.302499000000012,-1.1247950000000024,4.842600129045368,13.2664991614216
820.0,128.0,160.0,28.0,136.0,160.0,32.0,126.84471399999998,159.548099,26.501327,1.155286000000018,0.45190099999999234,1.4986730000000001,1.9454873467915526,8.94427190999916
821.0,144.0,80.0,32.0,168.0,92.0,32.0,141.63853799999998,83.387039,30.263163,2.3614620000000173,-3.3870390000000015,1.7368370000000013,4.479412766148493,26.832815729997478
822.0,156.0,92.0,32.0,180.0,104.0,40.0,156.04297000000003,93.810835,35.841603,-0.042970000000025266,-1.8108349999999973,-3.841602999999999,4.247220670948707,28.0
823.0,36.0,116.0,32.0,52.0,100.0,24.0,36.013146,114.516159,31.382303,-0.013145999999998992,1.4838409999999982,0.6176969999999997,1.6073290000513256,24.0
824.0,188.0,92.0,36.0,212.0,108.0,44.0,186.69432199999997,91.708691,36.673987,1.3056780000000288,0.29130899999999826,-0.6739869999999968,1.4979701096263802,29.93325909419153
825.0,128.0,144.0,36.0,140.0,144.0,40.0,127.89224999999999,142.899355,35.375923,0.10775000000001,1.1006449999999859,0.6240769999999998,1.2698431322230201,12.649110640673518
826.0,132.0,188.0,36.0,136.0,188.0,44.0,134.066482,189.075795,35.412606999999994,-2.0664820000000077,-1.0757949999999994,0.5873930000000058,2.402647139052682,8.94427190999916
827.0,100.0,112.0,40.0,116.0,108.0,40.0,98.123898,110.86872699999999,40.745335,1.876102000000003,1.1312730000000073,-0.7453349999999972,2.3141005978906843,16.492422502470642
828.0,80.0,132.0,40.0,96.0,124.0,36.0,82.78598600000001,131.035643,37.039951,-2.7859860000000083,0.9643570000000068,2.960048999999998,4.177749693081917,18.33030277982336
829.0,228.0,204.0,48.0,228.0,220.0,68.0,227.85164999999998,204.909163,47.904235,0.14835000000002196,-0.9091630000000066,0.0957650000000001,0.9261511854411344,25.612496949731394
830.0,88.0,172.0,52.0,92.0,152.0,56.0,87.142202,161.930131,53.979515000000006,0.8577980000000025,10.069869000000011,-1.9795150000000064,10.298376509003264,20.784609690826528
831.0,56.0,128.0,56.0,64.0,116.0,52.0,53.296226,130.431011,55.829814999999996,2.703774000000003,-2.4310110000000122,0.17018500000000358,3.6399411065870386,14.966629547095765
832.0,92.0,200.0,56.0,88.0,184.0,60.0,90.74085,195.80982300000002,55.145962999999995,1.2591500000000053,4.190176999999977,0.8540370000000053,4.45784939305915,16.97056274847714
833.0,228.0,216.0,56.0,224.0,228.0,76.0,226.70315399999996,214.47378700000002,55.179343,1.2968460000000448,1.5262129999999843,0.8206569999999971,2.1643968168369825,23.664319132398465
834.0,88.0,24.0,60.0,124.0,20.0,52.0,87.79555400000001,19.907987000000002,59.917626999999996,0.20444599999999014,4.092012999999998,0.08237300000000403,4.097945078965063,37.094473981982816
835.0,92.0,60.0,60.0,120.0,60.0,56.0,93.11125799999999,61.985511,60.330899,-1.1112579999999923,-1.9855110000000025,-0.3308990000000023,2.299269975858858,28.284271247461902
836.0,144.0,160.0,60.0,148.0,160.0,68.0,141.50172999999998,159.624143,60.153454999999994,2.4982700000000193,0.37585699999999633,-0.1534549999999939,2.531041270776534,8.94427190999916
837.0,84.0,144.0,64.0,92.0,132.0,64.0,83.65761,141.99240700000001,63.56071899999999,0.34238999999999464,2.0075929999999858,0.43928100000000825,2.0834174720180174,14.422205101855956
838.0,104.0,160.0,64.0,112.0,152.0,68.0,106.72227399999997,158.715735,63.876811000000004,-2.7222739999999703,1.2842650000000049,0.12318899999999644,3.012521842414068,12.0
839.0,76.0,176.0,64.0,72.0,164.0,64.0,72.15783399999998,178.833415,62.198115,3.84216600000002,-2.8334150000000022,1.8018849999999986,5.102672798348544,12.649110640673518
840.0,56.0,36.0,68.0,88.0,28.0,60.0,57.258258000000005,35.952099000000004,69.832895,-1.258258000000005,0.047900999999995975,-1.8328949999999935,2.223738244800855,33.94112549695428
841.0,160.0,140.0,68.0,168.0,144.0,76.0,157.243666,139.735655,67.707971,2.7563340000000096,0.2643449999999916,0.29202899999999943,2.7843376834396447,12.0
842.0,96.0,88.0,72.0,116.0,84.0,68.0,95.80089799999999,88.224227,69.948787,0.19910200000001055,-0.22422699999999907,2.051213000000004,2.0730157079245735,20.784609690826528
843.0,180.0,112.0,72.0,196.0,124.0,80.0,179.07024999999996,113.849951,71.129903,0.9297500000000412,-1.8499510000000043,0.8700970000000012,2.2458456212104374,21.540659228538015
844.0,216.0,188.0,72.0,212.0,208.0,92.0,213.00580999999997,197.522727,73.44887100000001,2.9941900000000317,-9.522727000000003,-1.4488710000000111,10.086958433902177,28.5657137141714
845.0,92.0,196.0,72.0,92.0,184.0,80.0,96.43457000000001,196.39202699999998,74.061603,-4.434570000000008,-0.3920269999999846,-2.061603000000005,4.90604761322575,14.422205101855956
846.0,104.0,216.0,72.0,96.0,204.0,80.0,104.40080999999998,216.076671,71.848643,-0.4008099999999786,-0.0766710000000046,0.1513570000000044,0.43524250687402405,16.492422502470642
847.0,112.0,56.0,76.0,140.0,56.0,72.0,112.23682600000001,54.950627000000004,74.453915,-0.23682600000000775,1.0493729999999957,1.546085000000005,1.8835203940042726,28.284271247461902
848.0,76.0,84.0,76.0,96.0,76.0,72.0,76.119866,84.354503,76.201195,-0.1198660000000018,-0.354502999999994,-0.20119499999999846,0.42487605603281003,21.908902300206645
849.0,132.0,136.0,76.0,140.0,132.0,84.0,129.76092999999997,133.665315,78.846139,2.2390700000000265,2.3346850000000074,-2.8461389999999938,4.308676794730155,12.0
850.0,132.0,28.0,80.0,168.0,32.0,76.0,133.204882,24.966007000000005,78.252435,-1.2048819999999978,3.0339929999999953,1.7475649999999945,3.7028148194580224,36.4417343165772
851.0,100.0,24.0,84.0,132.0,24.0,80.0,98.82944999999998,24.336027,85.824923,1.17055000000002,-0.3360270000000014,-1.8249229999999983,2.1939565636443312,32.2490309931942
852.0,128.0,148.0,88.0,136.0,144.0,96.0,129.87498599999998,147.607283,89.593791,-1.8749859999999785,0.39271700000000465,-1.593790999999996,2.4919809176568566,12.0
853.0,80.0,80.0,92.0,100.0,72.0,88.0,80.55103399999999,80.559363,91.644291,-0.5510339999999871,-0.5593630000000047,0.3557090000000045,0.8620059904699006,21.908902300206645
854.0,144.0,212.0,92.0,136.0,208.0,104.0,144.419482,213.746795,91.26664699999999,-0.4194819999999879,-1.7467949999999917,0.7333530000000081,1.940377422811854,14.966629547095765
855.0,80.0,24.0,96.0,112.0,20.0,88.0,80.41096999999999,24.843647000000004,95.549875,-0.41096999999999184,-0.8436470000000043,0.4501249999999999,1.0407925427932314,33.2264954516723
856.0,76.0,60.0,96.0,100.0,52.0,92.0,76.662418,60.343211000000004,97.376363,-0.6624180000000024,-0.3432110000000037,-1.3763629999999978,1.565556292508832,25.612496949731394
857.0,104.0,144.0,96.0,108.0,136.0,100.0,102.84675399999998,145.35743100000002,96.506239,1.1532460000000242,-1.3574310000000196,-0.5062389999999937,1.8517216803283647,9.797958971132712
858.0,220.0,176.0,96.0,220.0,188.0,116.0,218.48451400000002,177.078843,97.76656299999999,1.5154859999999815,-1.0788430000000062,-1.7665629999999908,2.565413196312423,23.323807579381203
859.0,184.0,76.0,100.0,208.0,88.0,108.0,185.192466,76.478895,100.47305899999999,-1.192465999999996,-0.4788949999999943,-0.4730589999999921,1.3693430540452518,28.0
860.0,176.0,92.0,100.0,196.0,104.0,108.0,177.605778,95.304367,99.956767,-1.6057779999999866,-3.304366999999999,0.04323300000000074,3.6741302846064063,24.657656011875904
861.0,96.0,36.0,104.0,124.0,32.0,100.0,95.219426,35.545871000000005,104.977447,0.7805740000000014,0.4541289999999947,-0.977446999999998,1.3307635236682713,28.5657137141714
862.0,76.0,44.0,108.0,104.0,36.0,100.0,77.70995400000001,43.694467,106.250959,-1.7099540000000104,0.30553299999999695,1.7490410000000054,2.4650431062936917,30.199337741083
863.0,88.0,32.0,112.0,116.0,28.0,108.0,87.82174600000002,33.623683,113.712339,0.17825399999998126,-1.6236829999999998,-1.712339,2.366479626771799,28.5657137141714
864.0,160.0,36.0,112.0,188.0,44.0,116.0,158.188706,35.997355,113.96389099999999,1.8112940000000037,0.0026450000000011187,-1.9638909999999896,2.6716400974573604,29.393876913398138
865.0,76.0,48.0,112.0,100.0,36.0,108.0,74.844402,45.061259,114.279243,1.1555979999999977,2.9387410000000003,-2.279242999999994,3.8944260239134043,27.129319932501073
866.0,204.0,188.0,112.0,204.0,196.0,132.0,207.123266,189.63013099999998,113.729995,-3.123266000000001,-1.6301309999999773,-1.7299950000000024,3.924920417529754,21.540659228538015
867.0,128.0,44.0,116.0,152.0,44.0,112.0,124.72228199999998,43.008351000000005,113.08493899999999,3.2777180000000214,0.9916489999999953,2.9150610000000086,4.497152839346933,24.331050121192877
868.0,124.0,216.0,116.0,108.0,204.0,124.0,119.86587399999999,216.709571,113.199035,4.134126000000009,-0.709571000000011,2.800965000000005,5.043797549381034,21.540659228538015
869.0,168.0,160.0,120.0,168.0,160.0,132.0,166.334114,160.02931099999998,120.089467,1.6658860000000004,-0.02931099999997855,-0.08946699999999908,1.6685441689706628,12.0
870.0,140.0,200.0,120.0,136.0,192.0,132.0,143.813538,199.300127,119.716923,-3.813537999999994,0.6998729999999966,0.2830770000000058,3.887547669354288,14.966629547095765
871.0,172.0,148.0,124.0,172.0,144.0,140.0,167.38164999999998,143.38056699999999,128.964063,4.618350000000021,4.619433000000015,-4.96406300000001,8.204281774290692,16.492422502470642
872.0,176.0,200.0,124.0,164.0,196.0,140.0,171.195314,198.286347,124.728459,4.804686000000004,1.7136529999999937,-0.7284590000000009,5.152889158296151,20.396078054371138
873.0,40.0,88.0,128.0,52.0,68.0,120.0,38.84149800000001,88.40710299999999,126.774175,1.1585019999999915,-0.4071029999999922,1.2258250000000004,1.735081170215957,24.657656011875904
874.0,148.0,184.0,128.0,140.0,176.0,140.0,144.86107399999997,182.651383,128.591519,3.1389260000000263,1.3486169999999902,-0.5915190000000052,3.467206220219118,16.492422502470642
875.0,224.0,204.0,128.0,216.0,212.0,148.0,223.19427399999998,204.709699,126.630111,0.8057260000000213,-0.7096990000000005,1.3698890000000006,1.7405352423889717,22.978250586152114
876.0,136.0,208.0,128.0,124.0,200.0,136.0,134.913818,210.206195,123.802939,1.086182000000008,-2.206195000000008,4.197061000000005,4.864402198921271,16.492422502470642
877.0,88.0,48.0,136.0,112.0,40.0,132.0,89.147874,48.400935000000004,136.007387,-1.1478740000000016,-0.40093500000000404,-0.007386999999994259,1.2159022007834375,25.612496949731394
878.0,96.0,64.0,140.0,116.0,56.0,140.0,97.06363400000001,64.543519,141.869279,-1.0636340000000075,-0.5435190000000034,-1.869279000000006,2.2183178692779904,21.540659228538015
879.0,92.0,92.0,140.0,104.0,84.0,140.0,92.05252999999999,95.665739,140.223223,-0.052529999999990196,-3.665739000000002,-0.22322299999999018,3.672904889151094,14.422205101855956
880.0,56.0,120.0,140.0,64.0,96.0,140.0,57.892114,116.061847,142.393659,-1.8921139999999994,3.938153,-2.3936590000000137,4.981841812892704,25.298221281347036
881.0,212.0,196.0,140.0,208.0,200.0,160.0,214.48356199999998,194.868107,139.967311,-2.483561999999978,1.131892999999991,0.03268900000000485,2.729529362731581,20.784609690826528
882.0,44.0,108.0,144.0,48.0,84.0,140.0,40.622130000000006,107.004843,144.843503,3.3778699999999944,0.9951570000000061,-0.8435029999999983,3.6210275478871976,24.657656011875904
883.0,44.0,132.0,144.0,46.0,106.0,142.0,43.709246,130.093063,144.86184500000002,0.29075399999999973,1.9069369999999992,-0.8618450000000166,2.1127525682175907,26.153393661244042
884.0,144.0,140.0,144.0,148.0,136.0,152.0,144.835066,140.877635,143.244755,-0.8350660000000119,-0.877634999999998,0.7552450000000022,1.4275760671873212,9.797958971132712
885.0,100.0,44.0,148.0,124.0,36.0,144.0,100.52221800000001,42.707495,146.941311,-0.5222180000000094,1.2925049999999985,1.058688999999987,1.7504580010014459,25.612496949731394
886.0,80.0,60.0,148.0,96.0,44.0,144.0,76.52407400000001,56.574879,148.498275,3.475925999999987,3.425120999999997,-0.4982750000000067,4.905282193487129,22.978250586152114
887.0,92.0,92.0,148.0,104.0,80.0,148.0,92.00205,92.123679,148.298075,-0.0020499999999969987,-0.12367899999999565,-0.2980750000000114,0.32272186657554786,16.97056274847714
888.0,32.0,104.0,148.0,40.0,80.0,140.0,32.416402,104.525799,145.880131,-0.41640199999999794,-0.5257990000000063,2.1198689999999942,2.223443228680683,26.5329983228432
889.0,156.0,140.0,148.0,160.0,140.0,160.0,157.52244199999998,143.10359899999997,149.576371,-1.5224419999999839,-3.1035989999999742,-1.5763709999999946,3.7993554618916314,12.649110640673518
890.0,56.0,224.0,148.0,40.0,196.0,156.0,58.929809999999996,224.508075,150.355607,-2.9298099999999963,-0.508074999999991,-2.355606999999992,3.7935222656752563,33.2264954516723
891.0,176.0,44.0,152.0,200.0,52.0,156.0,174.966802,44.549659000000005,150.711975,1.0331979999999987,-0.5496590000000054,1.2880250000000046,1.7402963897307882,25.612496949731394
892.0,164.0,72.0,152.0,184.0,76.0,160.0,165.82759399999998,72.661327,153.621659,-1.8275939999999764,-0.661327,-1.621658999999994,2.5312509046014964,21.908902300206645
893.0,80.0,120.0,152.0,84.0,104.0,152.0,79.18924200000001,121.045283,151.537779,0.8107579999999928,-1.0452829999999977,0.46222099999999955,1.4012827471620362,16.492422502470642
894.0,192.0,196.0,152.0,180.0,196.0,160.0,187.909834,196.43874300000002,142.654039,4.090166000000011,-0.43874300000001654,9.345960999999988,10.211216398702257,14.422205101855956
895.0,220.0,208.0,152.0,208.0,212.0,172.0,218.27121799999998,208.00013900000002,150.384943,1.7287820000000238,-0.00013900000001854096,1.6150570000000073,2.365818322715019,23.664319132398465
896.0,168.0,16.0,156.0,196.0,24.0,160.0,165.68752999999998,16.945611000000003,157.527243,2.312470000000019,-0.9456110000000031,-1.5272429999999986,2.928168172299892,29.393876913398138
897.0,104.0,68.0,156.0,120.0,56.0,156.0,102.35333,64.847295,156.935787,1.6466700000000003,3.1527049999999974,-0.9357870000000048,3.677875502962817,20.0
898.0,180.0,88.0,156.0,196.0,92.0,164.0,180.68652999999998,86.905611,154.974379,-0.6865299999999763,1.0943890000000067,1.025621000000001,1.6495178567878506,18.33030277982336
899.0,124.0,20.0,160.0,148.0,16.0,156.0,119.48325,18.188583000000005,158.391527,4.516750000000002,1.8114169999999952,1.6084730000000036,5.125372913468639,24.657656011875904
900.0,68.0,124.0,160.0,72.0,112.0,156.0,70.28952199999998,131.951351,155.623795,-2.2895219999999767,-7.951350999999988,4.376204999999999,9.360398704954276,13.2664991614216
901.0,120.0,84.0,172.0,132.0,76.0,176.0,119.68688999999998,84.304207,173.308447,0.3131100000000231,-0.3042070000000052,-1.308447000000001,1.3793525012693528,14.966629547095765
902.0,100.0,88.0,172.0,112.0,76.0,172.0,100.91486599999999,88.07545900000001,171.10941499999998,-0.9148659999999893,-0.07545900000000927,0.8905850000000157,1.2789900315725724,16.97056274847714
903.0,68.0,108.0,172.0,72.0,88.0,172.0,66.75444999999999,108.471567,173.279851,1.2455500000000086,-0.4715669999999932,-1.2798510000000078,1.8471028179801023,20.396078054371138
904.0,152.0,176.0,172.0,144.0,168.0,184.0,151.26188199999999,176.70632300000003,171.35512699999998,0.7381180000000143,-0.706323000000026,0.6448730000000182,1.2081272898093485,16.492422502470642
905.0,156.0,180.0,172.0,148.0,172.0,184.0,155.79401000000001,179.995303,170.648519,0.20598999999998568,0.004696999999993068,1.3514810000000068,1.367097229632923,16.492422502470642
906.0,108.0,96.0,176.0,116.0,84.0,176.0,106.70954599999999,95.741783,173.875351,1.290454000000011,0.2582170000000019,2.124649000000005,2.4992160607690668,14.422205101855956
907.0,152.0,104.0,176.0,160.0,100.0,180.0,150.957282,103.50657899999999,172.587911,1.0427180000000078,0.4934210000000121,3.412089000000009,3.6018157163694657,9.797958971132712
908.0,68.0,56.0,180.0,84.0,40.0,176.0,67.876938,57.13319500000001,180.65797899999998,0.12306200000000445,-1.1331950000000077,-0.6579789999999832,1.3161350722133336,22.978250586152114
909.0,216.0,68.0,180.0,236.0,80.0,192.0,217.67511399999998,68.45849900000002,179.74786699999999,-1.6751139999999793,-0.45849900000001753,0.2521330000000148,1.7549356955985467,26.229754097208
910.0,128.0,208.0,180.0,112.0,192.0,192.0,127.83229799999998,208.336163,179.434023,0.16770200000001978,-0.3361629999999991,0.5659770000000037,0.6793080949775369,25.612496949731394
911.0,148.0,216.0,180.0,132.0,200.0,192.0,147.91735399999996,212.484315,177.030747,0.08264600000003952,3.5156849999999906,2.969253000000009,4.602535687917042,25.612496949731394
912.0,156.0,148.0,184.0,156.0,140.0,196.0,157.485058,146.419387,184.548579,-1.4850580000000093,1.5806129999999996,-0.5485789999999895,2.2371127907135158,14.422205101855956
913.0,56.0,176.0,184.0,44.0,148.0,188.0,55.53326599999999,176.738571,185.337699,0.46673400000000953,-0.7385710000000074,-1.3376989999999864,1.5977378894543321,30.72458299147443
914.0,40.0,152.0,188.0,32.0,120.0,188.0,38.50276999999999,150.475967,188.963875,1.497230000000009,1.5240330000000029,-0.9638750000000016,2.3438065776881074,32.984845004941285
915.0,52.0,156.0,196.0,48.0,128.0,196.0,55.72227399999999,155.990911,194.58888299999998,-3.7222739999999916,0.0090889999999888,1.4111170000000186,3.980786044072953,28.284271247461902
916.0,164.0,192.0,196.0,152.0,180.0,212.0,164.012834,189.332195,196.509247,-0.012833999999998014,2.667804999999987,-0.5092469999999878,2.716004553860306,23.323807579381203
917.0,232.0,168.0,200.0,228.0,176.0,220.0,233.760754,170.401351,198.313719,-1.7607539999999915,-2.4013510000000053,1.6862810000000081,3.4220293518142157,21.908902300206645
918.0,140.0,28.0,204.0,160.0,24.0,208.0,137.473418,27.576171,206.687007,2.5265819999999906,0.42382900000000134,-2.687006999999994,3.712580536771414,20.784609690826528
919.0,212.0,108.0,204.0,220.0,116.0,220.0,213.535634,110.53748300000001,204.622579,-1.5356339999999875,-2.537483000000009,-0.6225790000000018,3.030609900413778,19.595917942265423
920.0,48.0,48.0,208.0,64.0,28.0,200.0,49.357498,50.556695000000005,206.532635,-1.3574979999999996,-2.556695000000005,1.467365000000001,3.2454044719039303,26.832815729997478
921.0,76.0,80.0,208.0,84.0,60.0,208.0,75.40177,79.855199,209.568095,0.5982300000000009,0.14480100000000107,-1.5680949999999996,1.6845677165154271,21.540659228538015
922.0,240.0,124.0,208.0,232.0,136.0,224.0,229.253098,128.880683,205.598711,10.746902000000006,-4.880683000000005,2.4012889999999913,12.045047032104696,21.540659228538015
923.0,36.0,160.0,208.0,32.0,128.0,204.0,41.83592199999999,159.787511,203.607227,-5.835921999999989,0.21248900000000503,4.392773000000005,7.307502432071708,32.49615361854384
924.0,68.0,172.0,208.0,52.0,140.0,216.0,63.991578,168.869863,212.37475899999998,4.008422000000003,3.1301369999999906,-4.374758999999983,6.708481264558605,36.66060555964672
925.0,192.0,200.0,208.0,180.0,196.0,228.0,194.778242,201.172019,208.089283,-2.778242000000006,-1.172019000000006,-0.08928299999999467,3.0166585158108377,23.664319132398465
926.0,104.0,16.0,212.0,136.0,4.0,212.0,111.54320200000001,12.219635,214.39919899999998,-7.543202000000008,3.7803649999999998,-2.3991989999999817,8.771955984136607,34.17601498127012
927.0,80.0,60.0,216.0,96.0,40.0,212.0,82.533954,57.209239000000004,214.310107,-2.5339539999999943,2.7907609999999963,1.689893000000012,4.13098150379374,25.92296279363144
928.0,208.0,208.0,216.0,188.0,204.0,240.0,205.05457,208.585263,218.223463,2.9454299999999876,-0.5852629999999976,-2.2234630000000095,3.736559697962548,31.496031496047245
929.0,136.0,48.0,220.0,152.0,40.0,224.0,135.17642600000002,46.705419000000006,221.237223,0.8235739999999794,1.2945809999999938,-1.2372230000000002,1.9710238077623392,18.33030277982336
930.0,220.0,156.0,220.0,216.0,156.0,240.0,220.467434,153.72871899999998,220.432379,-0.46743399999999724,2.271281000000016,-0.4323789999999974,2.3588479232366946,20.396078054371138
931.0,72.0,164.0,220.0,52.0,136.0,220.0,63.53707400000001,165.049375,216.600479,8.462925999999989,-1.0493749999999977,3.399520999999993,9.18036205176799,34.40930106817051
932.0,116.0,48.0,224.0,132.0,36.0,224.0,115.94989799999999,46.656183,223.263911,0.05010200000000964,1.3438170000000014,0.7360889999999927,1.5330301222787484,20.0
933.0,56.0,172.0,232.0,40.0,140.0,232.0,54.586874,172.41338299999998,228.761347,1.4131259999999983,-0.41338299999998185,3.2386529999999993,3.5576233430443387,35.77708763999664
934.0,196.0,92.0,236.0,200.0,92.0,240.0,192.036586,91.385807,227.777867,3.963414,0.6141930000000002,8.222133000000014,9.148188599189144,5.656854249492381
935.0,148.0,100.0,8.0,172.0,112.0,12.0,147.584658,101.67954300000001,8.804542999999999,0.41534200000000965,-1.6795430000000096,-0.8045429999999989,1.908052175560731,27.129319932501073
936.0,128.0,124.0,8.0,148.0,128.0,12.0,128.97717,122.93482300000001,9.278310999999999,-0.977170000000001,1.0651769999999914,-1.2783109999999986,1.9296482225913563,20.784609690826528
937.0,148.0,32.0,12.0,188.0,48.0,12.0,148.54261,32.857143,13.509870999999997,-0.5426099999999963,-0.8571430000000007,-1.5098709999999969,1.8190190134217916,43.08131845707603
938.0,136.0,200.0,32.0,140.0,196.0,40.0,139.053114,196.185263,30.480279000000003,-3.0531139999999937,3.814737000000008,1.519720999999997,5.116959584949447,9.797958971132712
939.0,92.0,24.0,36.0,128.0,28.0,28.0,90.762066,25.625315,35.739639,1.2379339999999956,-1.6253150000000005,0.2603610000000032,2.0595915342373092,37.094473981982816
940.0,156.0,96.0,36.0,176.0,108.0,40.0,153.22789799999998,98.719687,35.795035,2.772102000000018,-2.7196869999999933,0.2049650000000014,3.888863269336949,23.664319132398465
941.0,104.0,52.0,48.0,140.0,56.0,48.0,109.812682,53.280059,51.359123,-5.812681999999995,-1.2800590000000014,-3.3591229999999968,6.834437095016233,36.22154055254967
942.0,144.0,208.0,48.0,140.0,204.0,60.0,142.79029,205.775235,48.972763,1.2097100000000012,2.2247649999999908,-0.9727630000000005,2.712792923076504,13.2664991614216
943.0,156.0,92.0,52.0,180.0,112.0,56.0,159.376122,103.12237900000001,50.484955,-3.3761220000000094,-11.12237900000001,1.5150450000000006,11.72181196447675,31.496031496047245
944.0,120.0,24.0,56.0,156.0,32.0,56.0,120.163962,26.003675,59.996835000000004,-0.16396199999999794,-2.003675000000001,-3.9968350000000044,4.473956533125243,36.87817782917155
945.0,48.0,164.0,56.0,52.0,148.0,52.0,49.14365,165.65214699999999,53.807171,-1.143650000000001,-1.6521469999999852,2.1928290000000032,2.9742266314707706,16.97056274847714
946.0,100.0,76.0,60.0,124.0,76.0,56.0,100.21897000000001,77.571239,58.494527000000005,-0.218970000000013,-1.5712390000000056,1.505472999999995,2.187050253137776,24.331050121192877
947.0,136.0,160.0,60.0,144.0,160.0,68.0,137.82812999999996,160.434079,60.483475,-1.828129999999959,-0.434078999999997,-0.48347499999999854,1.9401628670722069,11.313708498984761
948.0,148.0,164.0,60.0,152.0,164.0,68.0,146.03385799999998,162.91312299999998,59.446847000000005,1.9661420000000192,1.0868770000000154,0.5531529999999947,2.3136538675225604,8.94427190999916
949.0,108.0,160.0,64.0,112.0,156.0,68.0,107.58080199999998,162.814651,63.500223000000005,0.41919800000002283,-2.814650999999998,0.4997769999999946,2.8892497754147186,6.928203230275509
950.0,176.0,160.0,68.0,184.0,168.0,80.0,177.493258,161.36783499999999,67.977495,-1.4932579999999973,-1.3678349999999853,0.022504999999995334,2.0251662936198476,16.492422502470642
951.0,92.0,180.0,68.0,92.0,164.0,76.0,91.73790600000001,175.619019,72.095411,0.2620939999999905,4.380980999999991,-4.095410999999999,6.002839248732045,17.88854381999832
952.0,36.0,28.0,72.0,68.0,16.0,60.0,36.314674000000004,27.705031,72.612759,-0.3146740000000037,0.29496899999999826,-0.612758999999997,0.7493330563360978,36.22154055254967
953.0,40.0,48.0,80.0,68.0,36.0,68.0,41.41536200000001,48.756467,78.428083,-1.415362000000009,-0.7564670000000007,1.5719169999999991,2.2464227046622423,32.7414110874898
954.0,100.0,56.0,84.0,132.0,52.0,76.0,104.43512199999998,52.750011,79.339675,-4.4351219999999785,3.2499889999999994,4.660325,7.207729514946423,33.2264954516723
955.0,100.0,28.0,88.0,132.0,28.0,84.0,100.09200199999998,28.713371000000002,89.297467,-0.09200199999997949,-0.7133710000000022,-1.2974669999999975,1.4835036797170382,32.2490309931942
956.0,132.0,44.0,88.0,164.0,44.0,88.0,133.318938,38.90797500000001,89.000087,-1.3189380000000028,5.0920249999999925,-1.0000869999999935,5.354296410924401,32.0
957.0,92.0,60.0,88.0,116.0,56.0,84.0,91.407298,60.64552700000001,87.981431,0.5927020000000027,-0.6455270000000084,0.01856899999999939,0.87655323642892,24.657656011875904
958.0,132.0,224.0,88.0,120.0,216.0,100.0,131.03811399999998,224.905943,87.984419,0.9618860000000211,-0.9059430000000077,0.015580999999997402,1.3214386719806768,18.76166303929372
959.0,80.0,168.0,92.0,80.0,160.0,100.0,82.282722,175.62047900000002,96.556851,-2.282722000000007,-7.620479000000017,-4.556850999999995,9.167737504691452,11.313708498984761
960.0,224.0,172.0,92.0,224.0,188.0,112.0,221.75409,175.99047900000002,93.587411,2.245910000000009,-3.990479000000022,-1.587411000000003,4.846432508604884,25.612496949731394
961.0,116.0,36.0,96.0,148.0,36.0,92.0,117.31150600000001,34.228315,94.92247499999999,-1.3115060000000085,1.771684999999998,1.0775250000000085,2.4535639084576606,32.2490309931942
962.0,80.0,164.0,96.0,84.0,148.0,96.0,82.97671399999999,162.23536700000002,93.507463,-2.976713999999987,1.764632999999975,2.4925369999999987,4.264680123860853,16.492422502470642
963.0,100.0,148.0,100.0,100.0,140.0,104.0,96.76210599999999,151.354647,100.638823,3.2378940000000114,-3.354647,-0.6388230000000021,4.705922744284491,8.94427190999916
964.0,180.0,72.0,104.0,204.0,84.0,108.0,180.660338,73.189915,101.179667,-0.6603379999999959,-1.1899149999999992,2.820333000000005,3.131488817217462,27.129319932501073
965.0,200.0,208.0,108.0,196.0,216.0,124.0,203.26065799999998,211.187727,104.808831,-3.260657999999978,-3.1877269999999953,3.191169000000002,5.565703334355312,18.33030277982336
966.0,116.0,72.0,120.0,136.0,68.0,120.0,115.987098,71.398447,119.843755,0.01290199999999686,0.6015529999999956,0.1562449999999984,0.6216469845804724,20.396078054371138
967.0,208.0,220.0,120.0,196.0,224.0,140.0,206.59380999999996,220.499271,119.452183,1.4061900000000378,-0.49927099999999314,0.5478169999999949,1.5895739407243985,23.664319132398465
968.0,144.0,44.0,124.0,172.0,48.0,124.0,145.160882,43.892871,122.60564699999999,-1.1608819999999866,0.10712900000000047,1.3943530000000095,1.8175103656304124,28.284271247461902
969.0,156.0,128.0,136.0,152.0,132.0,140.0,146.438066,135.133499,131.743927,9.561934000000008,-7.1334990000000005,4.2560729999999865,12.666157554076376,6.928203230275509
970.0,96.0,92.0,140.0,108.0,80.0,140.0,94.867602,90.756887,140.269791,1.132397999999995,1.243112999999994,-0.2697909999999979,1.7030685085615236,16.97056274847714
971.0,20.0,96.0,140.0,32.0,72.0,132.0,22.544097999999998,97.390983,139.595083,-2.544097999999998,-1.3909830000000056,0.40491700000001174,2.9276656429281704,28.0
972.0,56.0,116.0,140.0,64.0,100.0,136.0,58.346618,119.88233500000001,138.167939,-2.3466179999999994,-3.882335000000012,1.8320610000000102,4.892401107622936,18.33030277982336
973.0,132.0,8.0,144.0,164.0,8.0,140.0,130.84449800000002,5.6372950000000035,142.428095,1.1555019999999843,2.3627049999999965,1.5719049999999868,3.06405697043216,32.2490309931942
974.0,80.0,56.0,152.0,100.0,48.0,148.0,81.460226,60.142287,151.640799,-1.4602260000000058,-4.142287000000003,0.359201000000013,4.406793269469995,21.908902300206645
975.0,164.0,60.0,156.0,188.0,64.0,164.0,167.329634,59.833071000000004,158.270535,-3.3296339999999987,0.1669289999999961,-2.2705349999999953,4.03356629438788,25.612496949731394
976.0,160.0,116.0,156.0,168.0,116.0,164.0,160.122498,117.168659,155.024991,-0.12249800000000732,-1.1686590000000052,0.975009,1.526896253308002,11.313708498984761
977.0,108.0,184.0,164.0,100.0,172.0,168.0,110.09471400000001,188.600823,159.212231,-2.0947140000000104,-4.600822999999991,4.787768999999997,6.962623860046293,14.966629547095765
978.0,144.0,192.0,164.0,140.0,188.0,172.0,150.66885,197.175555,158.254811,-6.668849999999992,-5.175555000000003,5.7451890000000105,10.211127583486853,9.797958971132712
979.0,60.0,156.0,168.0,60.0,128.0,172.0,64.31893,151.890535,170.504031,-4.318929999999995,4.109465,-2.5040309999999977,6.466144924148078,28.284271247461902
980.0,72.0,52.0,172.0,88.0,36.0,164.0,69.479938,51.389059,169.157151,2.520061999999996,0.6109409999999968,2.842849000000001,3.847824297720204,24.0
981.0,140.0,112.0,172.0,148.0,104.0,180.0,140.79501000000002,110.035303,173.201383,-0.7950100000000191,1.964697000000001,-1.2013829999999928,2.436266880823613,13.856406460551018
982.0,76.0,164.0,180.0,68.0,140.0,184.0,75.45378600000001,163.40269500000002,180.261623,0.546213999999992,0.5973049999999773,-0.26162299999998595,0.8506289384625689,25.612496949731394
983.0,32.0,76.0,188.0,44.0,52.0,180.0,34.120546,77.807731,186.677547,-2.1205459999999974,-1.807731000000004,1.3224529999999959,3.084394372269213,28.0
984.0,44.0,160.0,192.0,48.0,132.0,196.0,56.580802,160.089827,194.21229499999998,-12.580801999999998,-0.08982700000001387,-2.2122949999999832,12.774149561522986,28.5657137141714
985.0,212.0,96.0,196.0,220.0,100.0,208.0,208.88945,93.306535,194.581535,3.1105499999999893,2.6934650000000033,1.4184649999999976,4.352277330886664,14.966629547095765
986.0,36.0,164.0,196.0,24.0,132.0,200.0,34.943226,165.227871,200.041547,1.0567739999999972,-1.2278709999999933,-4.041547000000008,4.354140630816378,34.40930106817051
987.0,56.0,96.0,200.0,56.0,68.0,200.0,50.595577999999996,93.165727,203.426795,5.404422000000004,2.834272999999996,-3.4267949999999985,6.9988430875851195,28.0
988.0,136.0,24.0,212.0,160.0,20.0,212.0,137.018914,23.755682999999998,210.912727,-1.0189139999999952,0.24431700000000234,1.0872730000000104,1.5099798384130876,24.331050121192877
989.0,212.0,168.0,212.0,208.0,168.0,232.0,214.88777,167.088483,212.264391,-2.887769999999989,0.9115170000000035,-0.26439099999998916,3.0397337737160366,20.396078054371138
990.0,108.0,196.0,212.0,92.0,172.0,224.0,108.40385,194.11868700000002,213.760119,-0.4038500000000056,1.8813129999999774,-1.760119000000003,2.6077676891605837,31.240998703626616
991.0,100.0,152.0,216.0,96.0,128.0,220.0,102.22961799999999,147.942247,213.723435,-2.229617999999988,4.057752999999991,2.276565000000005,5.159389889721254,24.657656011875904
992.0,76.0,200.0,216.0,60.0,176.0,220.0,79.46955400000002,204.41866299999998,212.174559,-3.4695540000000165,-4.418662999999981,3.825441000000012,6.796792369269936,29.120439557122072
993.0,140.0,40.0,228.0,156.0,32.0,232.0,137.94101799999999,38.254507000000004,229.358643,2.0589820000000145,1.7454929999999962,-1.3586430000000007,3.021930424550183,18.33030277982336
994.0,172.0,160.0,228.0,164.0,148.0,240.0,170.993578,156.060055,225.47581499999998,1.0064219999999864,3.9399449999999945,2.524185000000017,4.786184467750278,18.76166303929372
995.0,96.0,12.0,16.0,136.0,20.0,8.0,94.37209000000001,14.415471,16.587114999999997,1.6279099999999858,-2.415471,-0.5871149999999972,2.9714129876484607,41.569219381653056
996.0,140.0,212.0,16.0,136.0,216.0,28.0,138.460082,216.654495,17.379963,1.5399180000000001,-4.654494999999997,-1.379963,5.09312959123543,13.2664991614216
997.0,112.0,76.0,44.0,136.0,80.0,40.0,110.482202,78.126635,41.731351000000004,1.517797999999999,-2.126634999999993,2.2686489999999964,3.46021032268704,24.657656011875904
998.0,124.0,172.0,44.0,128.0,168.0,52.0,123.23468999999997,170.757943,45.653851,0.7653100000000279,1.2420569999999884,-1.653851000000003,2.2053634887587177,9.797958971132712
999.0,160.0,156.0,48.0,168.0,160.0,56.0,158.657658,154.73917899999998,46.95595899999999,1.3423420000000021,1.2608210000000213,1.044041000000007,2.1169726612986937,12.0
1000.0,100.0,56.0,72.0,132.0,60.0,68.0,105.34412999999998,60.390987,70.888235,-5.3441299999999785,-4.390987000000003,1.1117650000000054,7.005463132890916,32.49615361854384
1001.0,228.0,184.0,84.0,228.0,200.0,104.0,227.19522599999996,186.920435,84.42936300000001,0.8047740000000374,-2.9204349999999977,-0.42936300000000927,3.059567676334363,25.612496949731394
1002.0,176.0,108.0,92.0,192.0,116.0,100.0,175.69971399999997,107.854195,91.458759,0.30028600000002825,0.14580499999999574,0.5412409999999994,0.6359029799442798,19.595917942265423
1003.0,224.0,176.0,92.0,228.0,188.0,108.0,225.02366600000002,174.902115,89.408259,-1.02366600000002,1.097884999999991,2.591740999999999,2.995056754697983,20.396078054371138
1004.0,164.0,20.0,112.0,204.0,36.0,108.0,170.358002,24.002923000000003,105.698723,-6.358001999999999,-4.002923000000003,6.301276999999999,9.805797968888713,43.266615305567875
1005.0,120.0,108.0,112.0,132.0,104.0,116.0,119.636226,108.820199,112.935351,0.3637740000000065,-0.8201990000000023,-0.9353509999999972,1.296124768638422,13.2664991614216
1006.0,120.0,216.0,116.0,108.0,208.0,124.0,120.724402,220.808487,112.822447,-0.7244019999999978,-4.808487000000014,3.177553000000003,5.808885310847697,16.492422502470642
1007.0,92.0,184.0,120.0,84.0,172.0,124.0,90.95605,188.777859,118.191859,1.0439499999999953,-4.7778590000000065,1.8081410000000062,5.214129083774401,14.966629547095765
1008.0,108.0,160.0,132.0,104.0,148.0,140.0,105.78897799999999,161.248395,134.197815,2.211022000000014,-1.248394999999988,-2.1978149999999914,3.358198793212515,14.966629547095765
1009.0,100.0,120.0,136.0,104.0,108.0,140.0,97.203698,120.259235,137.963695,2.796301999999997,-0.2592350000000039,-1.9636950000000013,3.426748562917039,13.2664991614216
1010.0,204.0,104.0,140.0,220.0,116.0,152.0,206.667226,105.804207,139.187335,-2.6672259999999994,-1.8042070000000052,0.8126650000000097,3.321096481005939,23.323807579381203
1011.0,28.0,136.0,140.0,28.0,108.0,136.0,27.001273999999995,135.369591,140.384943,0.9987260000000049,0.630408999999986,-0.3849429999999927,1.2421957348203971,28.284271247461902
1012.0,164.0,48.0,148.0,188.0,56.0,152.0,164.400506,50.799955000000004,147.476315,-0.40050600000000713,-2.799955000000004,0.5236850000000004,2.87652551479837,25.612496949731394
1013.0,148.0,40.0,156.0,172.0,40.0,160.0,147.080042,38.200891000000006,158.001011,0.9199580000000083,1.7991089999999943,-2.0010110000000054,2.843793406308907,24.331050121192877
1014.0,124.0,20.0,164.0,152.0,16.0,160.0,123.56087399999998,17.657075000000003,161.910639,0.4391260000000159,2.3429249999999975,2.0893609999999967,3.169788413730795,28.5657137141714
1015.0,44.0,196.0,164.0,28.0,168.0,164.0,42.707361999999996,198.802327,161.680047,1.2926380000000037,-2.802326999999991,2.319952999999998,3.8608459612087542,32.2490309931942
1016.0,100.0,68.0,172.0,116.0,60.0,168.0,100.75032999999999,70.591431,168.436615,-0.7503299999999911,-2.591431,3.563385000000011,4.469476747325806,18.33030277982336
1017.0,68.0,56.0,176.0,84.0,40.0,172.0,67.472914,56.854767,176.808847,0.5270859999999971,-0.8547670000000025,-0.8088469999999859,1.2894493960966356,22.978250586152114
1018.0,164.0,108.0,200.0,172.0,104.0,212.0,166.068802,107.40311100000001,202.014319,-2.068802000000005,0.5968889999999902,-2.0143190000000004,2.948507966291767,14.966629547095765
1019.0,64.0,184.0,204.0,52.0,156.0,208.0,66.61764199999999,184.70867099999998,203.170143,-2.6176419999999894,-0.7086709999999812,0.8298570000000041,2.8360054419647938,30.72458299147443
1020.0,116.0,156.0,208.0,108.0,140.0,216.0,115.421978,157.53075900000002,207.754479,0.5780220000000043,-1.5307590000000175,0.24552099999999655,1.6545733921485795,19.595917942265423
1021.0,176.0,156.0,224.0,168.0,152.0,240.0,175.525706,159.349035,224.769207,0.4742939999999862,-3.3490349999999864,-0.7692069999999944,3.4688138662242873,18.33030277982336
1022.0,144.0,96.0,24.0,168.0,104.0,24.0,143.40607400000002,95.12693100000001,21.435135000000002,0.593925999999982,0.8730689999999868,2.5648649999999975,2.773721334320004,25.298221281347036
1023.0,24.0,48.0,32.0,56.0,32.0,24.0,25.091769999999997,44.024651000000006,37.454279,-1.0917699999999968,3.9753489999999942,-5.454279,6.836996476124727,36.66060555964672
1024.0,160.0,104.0,48.0,168.0,112.0,56.0,148.355322,105.552187,51.475015,11.644677999999999,-1.5521870000000035,-3.475014999999999,12.25085872324377,13.856406460551018
1025.0,112.0,136.0,48.0,128.0,128.0,48.0,114.245386,129.49035500000002,45.570599,-2.2453859999999963,6.509644999999978,2.4294009999999986,7.302001474515168,17.88854381999832
1026.0,160.0,152.0,48.0,168.0,160.0,56.0,158.657658,154.73917899999998,46.95595899999999,1.3423420000000021,-2.7391789999999787,1.044041000000007,3.2241286030004916,13.856406460551018
1027.0,112.0,200.0,48.0,112.0,192.0,56.0,114.095482,198.869611,48.563535,-2.095482000000004,1.130389000000008,-0.5635350000000017,2.4467112211844775,11.313708498984761
1028.0,160.0,32.0,64.0,200.0,48.0,64.0,164.815722,34.046899,62.558527,-4.815721999999994,-2.0468990000000034,1.441473000000002,5.427597839487922,43.08131845707603
1029.0,160.0,152.0,64.0,168.0,152.0,72.0,158.556698,147.655059,63.10566299999999,1.4433019999999885,4.344941000000006,0.8943370000000073,4.6649192518471345,11.313708498984761
1030.0,144.0,160.0,64.0,168.0,168.0,72.0,161.99081,164.050723,61.599311,-17.99081000000001,-4.050723000000005,2.400689,18.596798352231236,26.5329983228432
1031.0,72.0,176.0,64.0,72.0,160.0,64.0,71.299306,174.734499,62.574703,0.7006939999999986,1.2655010000000004,1.4252970000000005,2.030747744267121,16.0
1032.0,120.0,104.0,96.0,144.0,96.0,96.0,126.91984999999997,96.80041899999999,93.45280699999999,-6.919849999999968,7.199581000000009,2.547193000000007,10.305652952496981,25.298221281347036
1033.0,120.0,32.0,104.0,152.0,32.0,96.0,120.53060199999999,29.597891000000004,98.818175,-0.5306019999999876,2.402108999999996,5.1818250000000035,5.7361116151021685,32.984845004941285
1034.0,120.0,40.0,112.0,152.0,40.0,112.0,123.863754,38.909435,113.46152699999999,-3.863754,1.090564999999998,-1.4615269999999896,4.272468626388024,32.0
1035.0,144.0,56.0,112.0,168.0,56.0,112.0,141.992266,52.06535500000001,110.63509499999999,2.0077339999999992,3.934644999999989,1.3649050000000074,4.623352976986067,24.0
1036.0,184.0,120.0,112.0,192.0,128.0,120.0,180.29541799999998,121.54308300000001,109.57465499999999,3.7045820000000163,-1.54308300000001,2.425345000000007,4.689065078311261,13.856406460551018
1037.0,160.0,136.0,112.0,168.0,136.0,120.0,159.970874,134.600531,110.801599,0.02912599999999088,1.3994690000000105,1.198401000000004,1.8426955154441655,11.313708498984761
1038.0,208.0,216.0,112.0,200.0,216.0,136.0,208.14633,211.213075,116.026207,-0.14633000000000607,4.7869249999999965,-4.026206999999999,6.256708897765179,25.298221281347036
1039.0,48.0,72.0,120.0,64.0,56.0,112.0,46.47866600000001,73.12369100000001,119.215615,1.5213339999999889,-1.123691000000008,0.7843850000000003,2.0475347204045127,24.0
1040.0,112.0,120.0,128.0,128.0,112.0,128.0,118.89175399999999,118.663251,124.059591,-6.891753999999992,1.3367489999999975,3.9404090000000025,8.05046546311441,17.88854381999832
1041.0,24.0,136.0,136.0,24.0,112.0,128.0,23.378153999999995,139.721587,132.640111,0.621846000000005,-3.7215869999999995,3.3598890000000097,5.052302083071248,25.298221281347036
1042.0,112.0,192.0,144.0,104.0,176.0,152.0,113.01074599999998,190.776091,143.109095,-1.0107459999999833,1.223908999999992,0.8909050000000036,1.8202396643909156,19.595917942265423
1043.0,144.0,176.0,160.0,144.0,168.0,168.0,149.645786,175.592611,155.958599,-5.645785999999987,0.4073889999999949,4.041401000000008,6.955126698911955,11.313708498984761
1044.0,144.0,24.0,168.0,168.0,24.0,168.0,140.780378,23.172019000000006,167.53564699999998,3.219621999999987,0.8279809999999941,0.4643530000000169,3.3566563821538127,24.0
1045.0,120.0,168.0,176.0,112.0,152.0,184.0,118.43896999999998,166.79014700000002,175.50163899999998,1.5610300000000166,1.2098529999999812,0.49836100000001693,2.0368904312284504,19.595917942265423
1046.0,96.0,32.0,192.0,120.0,16.0,192.0,97.40426599999998,26.363987,195.343855,-1.4042659999999785,5.636012999999998,-3.3438549999999907,6.7020871223783605,28.844410203711913
1047.0,72.0,144.0,192.0,72.0,128.0,192.0,77.35985,150.852867,188.75963099999998,-5.3598499999999945,-6.852867000000003,3.2403690000000154,9.28384453760133,16.0
1048.0,152.0,160.0,192.0,152.0,152.0,200.0,156.791066,159.804499,187.59796699999998,-4.791066000000001,0.19550100000000725,4.402033000000017,6.509257145822875,11.313708498984761
1049.0,136.0,128.0,200.0,120.0,120.0,200.0,120.534042,133.492659,193.250831,15.465958,-5.492659000000003,6.749168999999995,17.745885211468206,17.88854381999832
1050.0,152.0,152.0,200.0,152.0,144.0,216.0,156.690106,152.720379,203.747671,-4.690105999999986,-0.7203790000000083,-3.747670999999997,6.0465757350022376,17.88854381999832
1051.0,96.0,48.0,208.0,112.0,40.0,208.0,96.82433,53.691067000000004,209.140895,-0.8243300000000033,-5.691067000000004,-1.1408950000000004,5.862542532759489,17.88854381999832
1052.0,192.0,64.0,208.0,208.0,56.0,216.0,189.23289,51.205123,207.412327,2.7671100000000024,12.794877,0.5876729999999952,13.103859536493742,19.595917942265423
1053.0,176.0,96.0,208.0,184.0,96.0,216.0,175.77657,97.053899,205.626567,0.22343000000000757,-1.0538990000000013,2.3734330000000057,2.6064934821691064,11.313708498984761
1054.0,40.0,88.0,216.0,48.0,64.0,208.0,43.197898,91.243539,212.161687,-3.197898000000002,-3.2435389999999984,3.8383129999999994,5.956487517731738,26.5329983228432
1055.0,112.0,16.0,16.0,152.0,24.0,8.0,109.92501800000002,15.274643000000003,14.890447,2.0749819999999772,0.7253569999999971,1.109553,2.4622755608546134,41.569219381653056
1056.0,168.0,176.0,16.0,176.0,184.0,32.0,168.73188199999998,176.042235,20.941599,-0.7318819999999846,-0.04223500000000513,-4.941599,4.995681708630963,19.595917942265423
1057.0,88.0,8.0,24.0,136.0,16.0,8.0,93.51356200000001,10.316555000000001,16.963703,-5.513562000000007,-2.316555000000001,7.036297000000001,9.234460919191662,51.22499389946279
1058.0,144.0,160.0,48.0,152.0,160.0,56.0,143.963258,157.97892299999998,48.276039,0.03674200000000383,2.0210770000000196,-0.27603899999999726,2.04017149867703,11.313708498984761
1059.0,176.0,96.0,72.0,192.0,112.0,64.0,171.20496999999997,101.249427,57.193158999999994,4.795030000000025,-5.249426999999997,14.806841000000006,16.425326082866984,24.0
1060.0,144.0,136.0,96.0,144.0,136.0,96.0,135.50512999999998,137.789579,89.686927,8.49487000000002,-1.7895790000000034,6.313073000000003,10.734071921571534,0.0
1061.0,160.0,144.0,104.0,176.0,144.0,112.0,168.22708199999997,140.62163500000003,101.690119,-8.227081999999967,3.378364999999974,2.3098810000000043,9.188785476988201,17.88854381999832
1062.0,192.0,104.0,112.0,208.0,112.0,120.0,191.555706,101.907675,109.760927,0.4442940000000135,2.0923250000000024,2.2390730000000048,3.096557598913678,19.595917942265423
1063.0,104.0,120.0,136.0,112.0,112.0,136.0,105.00540199999998,122.45985100000001,133.077935,-1.0054019999999753,-2.4598510000000147,2.9220650000000035,3.949704291213463,11.313708498984761
1064.0,208.0,192.0,136.0,200.0,192.0,152.0,204.611258,187.733291,133.682263,3.3887420000000077,4.266708999999992,2.317736999999994,5.9211724205949245,17.88854381999832
1065.0,152.0,120.0,152.0,160.0,120.0,160.0,153.22980199999998,122.60901899999999,151.45931099999999,-1.229801999999978,-2.6090189999999893,0.5406890000000146,2.9345762379406515,11.313708498984761
1066.0,8.0,112.0,160.0,16.0,80.0,152.0,11.586874000000002,110.220699,159.407647,-3.5868740000000017,1.7793010000000038,0.5923530000000028,4.04752507306453,33.94112549695428
1067.0,224.0,112.0,176.0,224.0,120.0,184.0,214.431546,111.320611,169.273783,9.568454000000003,0.6793890000000005,6.726216999999991,11.715753347289535,11.313708498984761
1068.0,168.0,128.0,176.0,176.0,128.0,184.0,172.06540199999998,129.23767500000002,172.480847,-4.0654019999999775,-1.2376750000000243,3.5191529999999887,5.517587395287708,11.313708498984761
1069.0,88.0,32.0,192.0,128.0,32.0,184.0,107.37752999999998,40.582923,185.479199,-19.37752999999998,-8.582923000000001,6.520801000000006,22.173770130639248,40.792156108742276
1070.0,40.0,48.0,208.0,72.0,32.0,192.0,56.755177999999994,52.478883,197.797743,-16.755177999999994,-4.478883000000003,10.202257000000003,20.121690551079993,39.191835884530846
1071.0,104.0,8.0,216.0,128.0,16.0,216.0,107.17561,26.414683000000004,217.778607,-3.175610000000006,-18.414683000000004,-1.7786069999999938,18.77094807736248,25.298221281347036
1072.0,104.0,40.0,216.0,120.0,32.0,216.0,103.26252199999999,44.43021900000001,216.93229499999998,0.7374780000000101,-4.430219000000008,-0.9322949999999821,4.58692578482256,17.88854381999832
1073.0,112.0,136.0,224.0,112.0,112.0,232.0,114.701978,129.14212300000003,225.457103,-2.701977999999997,6.857876999999974,-1.4571029999999894,7.513608401575211,25.298221281347036
1074.0,136.0,24.0,8.0,168.0,40.0,16.0,128.861578,28.987419000000003,19.762279,7.138421999999991,-4.987419000000003,-11.762279,14.634979474037054,36.66060555964672
1075.0,80.0,112.0,32.0,96.0,104.0,24.0,77.281274,109.705779,27.375495,2.7187260000000038,2.294220999999993,4.624504999999999,5.83446377612733,19.595917942265423
1076.0,184.0,192.0,40.0,176.0,224.0,64.0,180.54935399999997,219.258819,47.96877500000001,3.4506460000000345,-27.25881899999999,-7.968775000000008,28.60859217250478,40.792156108742276
1077.0,144.0,176.0,56.0,144.0,176.0,64.0,140.85821799999997,176.551315,55.127990999999994,3.1417820000000347,-0.5513149999999882,0.8720090000000056,3.3068326327212594,8.0
1078.0,104.0,136.0,64.0,104.0,136.0,56.0,94.72889,143.104659,54.495807,9.271109999999993,-7.104658999999998,9.504193,15.058530629501334,8.0
1079.0,208.0,224.0,64.0,216.0,8.0,152.0,179.81337000000002,-4.056589000000002,149.68523100000002,28.18662999999998,228.056589,-85.68523100000002,245.2473296665943,233.37523433303716
1080.0,32.0,184.0,80.0,24.0,160.0,80.0,28.832202000000002,185.567443,81.931471,3.1677979999999977,-1.5674429999999973,-1.931471000000002,4.027704302812457,25.298221281347036
1081.0,192.0,96.0,104.0,208.0,104.0,112.0,189.030602,93.15298700000001,102.815839,2.9693980000000124,2.84701299999999,1.1841610000000031,4.280776188787966,19.595917942265423
1082.0,48.0,168.0,120.0,40.0,136.0,120.0,42.415674,160.51848299999997,121.362239,5.584325999999997,7.481517000000025,-1.3622390000000024,9.434695998742425,32.984845004941285
1083.0,16.0,144.0,128.0,8.0,136.0,128.0,13.834921999999999,167.554827,131.700663,2.165078000000001,-23.55482699999999,-3.7006629999999916,23.941853403309892,11.313708498984761
1084.0,232.0,200.0,144.0,224.0,208.0,168.0,231.70306599999995,200.383051,145.592319,0.29693400000005,-0.3830509999999947,-1.5923190000000034,1.6644451528116018,26.5329983228432
1085.0,80.0,40.0,160.0,96.0,32.0,176.0,77.18068199999999,46.505555,180.421095,2.8193180000000098,-6.505555000000001,-20.421095000000008,21.616935972569618,24.0
1086.0,16.0,72.0,176.0,224.0,192.0,168.0,228.26895399999998,183.98738699999998,147.098671,-212.26895399999998,-111.98738699999998,28.901329000000004,241.73243575761222,240.26651868289932
1087.0,208.0,96.0,208.0,16.0,32.0,48.0,-9.220085999999998,53.794579,63.849271,217.220086,42.205421,144.150729,264.09334712344815,257.9922479455536
1088.0,112.0,112.0,144.0,112.0,112.0,144.0,105.81344999999999,123.01670700000001,140.776199,6.186550000000011,-11.016707000000011,3.223801000000009,13.039713452141132,0.0
1089.0,64.0,64.0,176.0,48.0,64.0,192.0,41.581802,90.129827,196.76515899999998,22.418197999999997,-26.129827000000006,-20.765158999999983,40.206159837920524,22.627416997969522
1090.0,96.0,80.0,192.0,112.0,48.0,208.0,98.54138599999999,61.888899,208.387719,-2.5413859999999886,18.111100999999998,-16.387719000000004,24.556627542399994,39.191835884530846
1091.0,160.0,144.0,48.0,160.0,144.0,48.0,147.06829799999997,139.406531,41.424087,12.93170200000003,4.593468999999999,6.575913,15.217473701450407,0.0
1092.0,208.0,96.0,64.0,160.0,16.0,176.0,132.52416999999997,17.150914999999998,176.64712699999998,75.47583000000003,78.849085,-112.64712699999998,156.85392676270573,145.7669372663088
1093.0,64.0,192.0,144.0,144.0,208.0,64.0,147.72644199999996,209.342643,52.115286999999995,-83.72644199999996,-17.34264300000001,91.884713,125.5136838727044,114.2628548566856
1094.0,16.0,192.0,208.0,176.0,176.0,32.0,167.01482599999997,167.84440300000003,21.694775,-151.01482599999997,24.155596999999972,186.305225,241.03652710852208,238.39463081202143
