match_index,source_x,source_y,source_z,reference_x,reference_y,reference_z,predicted_source_x,predicted_source_y,predicted_source_z,residual_x,residual_y,residual_z,residual_l2,raw_delta_l2
0.0,377.0,69.0,88.0,480.0,8.0,45.0,377.13454499999995,68.68421400000001,87.278993,-0.13454499999994596,0.3157859999999886,0.7210070000000002,0.798545082553251,127.19669807035086
1.0,367.0,126.0,90.0,467.0,75.0,43.0,367.12397000000004,123.65801300000001,89.760466,-0.12397000000004255,2.341986999999989,0.23953400000000613,2.3574664804032657,121.69634341261039
2.0,349.0,194.0,94.0,444.0,162.0,40.0,349.26489699999996,195.08097700000002,94.259917,-0.2648969999999622,-1.0809770000000185,-0.2599170000000015,1.142907932436826,113.86395390991831
3.0,393.0,93.0,96.0,495.0,39.0,61.0,393.236734,93.798619,96.118522,-0.23673400000001266,-0.7986190000000022,-0.11852199999999868,0.8413576875509068,120.60265337047937
4.0,321.0,283.0,104.0,407.0,268.0,40.0,321.480354,282.108278,104.915611,-0.4803539999999771,0.8917220000000157,-0.9156109999999984,1.3653759899459939,108.2450922675019
5.0,436.0,191.0,105.0,541.0,158.0,86.0,436.57454,190.708606,104.75838900000002,-0.5745400000000132,0.2913939999999968,0.2416109999999776,0.688028015532073,111.69153951844338
6.0,315.0,152.0,107.0,400.0,109.0,43.0,315.36842500000006,151.880784,107.506936,-0.36842500000005884,0.11921599999999444,-0.5069359999999961,0.6379134293750509,114.76062042355818
7.0,279.0,245.0,109.0,355.0,220.0,27.0,277.250338,243.24068899999997,107.856881,1.7496620000000007,1.7593110000000252,1.1431189999999987,2.7318882402335,114.564392373896
8.0,269.0,185.0,110.0,345.0,149.0,27.0,268.83061200000003,185.143359,109.75954399999999,0.16938799999996945,-0.1433590000000038,0.24045600000000888,0.3272051120642754,118.15667564721005
9.0,302.0,241.0,111.0,382.0,218.0,40.0,301.59587899999997,241.29510299999998,110.92266099999999,0.4041210000000319,-0.29510299999998324,0.07733900000000915,0.5063406799488042,109.40749517286281
10.0,292.0,271.0,111.0,370.0,254.0,36.0,291.55889899999994,270.896519,111.285977,0.44110100000006014,0.10348099999998794,-0.2859770000000026,0.5357809758577212,109.53538241134689
11.0,437.0,178.0,112.0,539.0,142.0,95.0,437.215482,177.506517,112.115367,-0.2154820000000086,0.4934829999999977,-0.11536700000000621,0.5506972928043162,109.49429208867465
12.0,470.0,224.0,113.0,575.0,199.0,106.0,468.573714,223.85920399999998,111.86645200000001,1.4262860000000046,0.140796000000023,1.1335479999999905,1.8273057586829846,108.16191566350885
13.0,276.0,262.0,113.0,352.0,244.0,32.0,276.4390209999999,262.854733,112.757547,-0.4390209999999115,-0.8547330000000102,0.2424529999999976,0.9910052456667111,112.52110913068712
14.0,297.0,269.0,113.0,376.0,252.0,40.0,297.243861,269.176701,112.81547499999999,-0.24386099999998123,-0.17670099999998,0.18452500000000782,0.3531867867672666,108.89903580840374
15.0,395.0,100.0,114.0,490.0,47.0,82.0,394.88739499999997,100.126329,113.81602000000001,0.11260500000003049,-0.12632899999999836,0.18397999999999115,0.24997508409040128,113.39312148450628
16.0,255.0,161.0,114.0,328.0,123.0,26.0,255.12210900000002,163.954915,113.14567199999999,-0.12210900000002312,-2.9549149999999997,0.8543280000000095,3.078361511695795,120.48651376813922
17.0,285.0,100.0,115.0,363.0,46.0,42.0,285.77975,100.49898,115.728125,-0.7797499999999786,-0.4989800000000031,-0.7281250000000057,1.1777763448656022,119.70380110923796
18.0,311.0,230.0,115.0,392.0,205.0,48.0,311.329365,230.495113,114.41318600000001,-0.3293649999999957,-0.49511300000000347,0.5868139999999897,0.83544530436767,108.05091392487155
19.0,378.0,158.0,116.0,470.0,117.0,76.0,378.42388700000004,157.64459900000003,115.037698,-0.4238870000000361,0.3554009999999721,0.962301999999994,1.1099618005922542,108.37435120913067
20.0,437.0,159.0,119.0,535.0,118.0,103.0,435.96897400000006,157.775169,119.136559,1.0310259999999403,1.2248309999999947,-0.13655900000000543,1.6068210702246424,107.42904635153381
21.0,435.0,238.0,120.0,533.0,216.0,101.0,434.789792,238.078305,119.063193,0.21020800000002282,-0.07830500000000029,0.9368070000000017,0.9632893809951467,102.22035022440492
22.0,331.0,131.0,121.0,413.0,84.0,65.0,330.96567200000004,131.066805,120.97979699999999,0.0343279999999595,-0.06680499999998801,0.020203000000009297,0.07777840843059206,109.85900054160332
23.0,247.0,153.0,122.0,316.0,110.0,34.0,247.759241,153.277971,122.35390900000002,-0.7592410000000029,-0.27797100000000796,-0.3539090000000158,0.8825907053685871,119.80818002123227
24.0,423.0,155.0,122.0,520.0,115.0,101.0,423.764665,155.425954,121.45133399999999,-0.7646649999999795,-0.4259539999999902,0.5486660000000114,1.0330458614683924,107.00467279516349
25.0,299.0,257.0,122.0,375.0,237.0,51.0,299.19134199999996,256.764009,121.476608,-0.19134199999996326,0.23599100000001272,0.5233920000000012,0.6051798895444174,105.9103394386025
26.0,308.0,221.0,123.0,384.0,193.0,56.0,307.08406099999996,220.61485700000003,122.591646,0.9159390000000371,0.3851429999999709,0.40835400000000277,1.0742589871562853,105.11422358558332
27.0,459.0,187.0,124.0,560.0,154.0,117.0,459.367617,186.953014,123.87191899999999,-0.36761699999999564,0.04698600000000397,0.12808100000000877,0.3921156531509542,106.48474069086143
28.0,449.0,192.0,124.0,548.0,160.0,112.0,448.796409,191.994665,123.163903,0.20359100000001717,0.00533500000000231,0.8360969999999952,0.8605439854621023,104.73299384625649
29.0,275.0,244.0,124.0,345.0,221.0,46.0,274.431216,243.88701400000002,125.230966,0.5687839999999937,0.11298599999997805,-1.2309659999999951,1.360719797757046,107.29864864013899
30.0,220.0,125.0,126.0,284.0,76.0,28.0,221.02030499999998,125.681117,125.674411,-1.0203049999999791,-0.6811170000000004,0.3255889999999937,1.2692323891372115,126.8897158953396
31.0,247.0,166.0,127.0,314.0,126.0,38.0,247.391795,166.345977,126.139101,-0.3917950000000019,-0.34597700000000486,0.8608990000000034,1.0071496883557134,118.36384583140241
32.0,308.0,172.0,127.0,384.0,134.0,63.0,308.366073,172.206072,127.452887,-0.36607299999997167,-0.20607200000000603,-0.45288700000000404,0.6177230328245705,106.3766891757776
33.0,442.0,139.0,129.0,539.0,96.0,117.0,442.518482,139.564987,128.760929,-0.5184820000000059,-0.5649870000000021,0.2390709999999956,0.8032364767202784,106.78014796768171
34.0,455.0,191.0,129.0,552.0,159.0,120.0,453.976885,191.05695300000002,128.331488,1.0231150000000184,-0.05695300000002135,0.6685119999999927,1.2234852845776407,102.53779790886871
35.0,395.0,82.0,130.0,484.0,25.0,101.0,394.966573,81.911902,129.92496,0.033427000000017415,0.08809800000000223,0.07504000000000133,0.12045589870571619,109.59470790143108
36.0,291.0,230.0,130.0,363.0,205.0,58.0,291.394742,230.53696000000002,129.72138999999999,-0.3947420000000079,-0.5369600000000219,0.2786100000000147,0.7223370544725211,104.84750831564858
37.0,307.0,254.0,130.0,380.0,234.0,64.0,306.431393,254.122409,130.250293,0.5686069999999859,-0.12240900000000465,-0.2502929999999992,0.633201760562133,100.42410069301094
38.0,268.0,140.0,131.0,338.0,95.0,51.0,269.141071,140.66442999999998,129.700166,-1.1410710000000108,-0.6644299999999816,1.2998340000000042,1.8528568966590515,115.43396380615195
39.0,239.0,162.0,131.0,302.0,121.0,40.0,238.54112700000002,162.293723,130.763062,0.45887299999998277,-0.29372299999999996,0.2369380000000092,0.5941188826337609,118.02965729002182
40.0,264.0,258.0,131.0,331.0,238.0,48.0,264.227326,257.865266,130.590473,-0.22732600000000502,0.13473399999998037,0.4095269999999971,0.48738354994910793,108.52649446103011
41.0,279.0,210.0,132.0,349.0,180.0,56.0,279.766548,210.16283200000004,131.560515,-0.7665480000000002,-0.16283200000003717,0.4394849999999906,0.8984749088054736,107.59182125050212
42.0,471.0,264.0,133.0,571.0,247.0,130.0,472.147366,262.907616,132.02769999999998,-1.1473659999999768,1.0923839999999814,0.9723000000000184,1.858794994455263,101.47906187977893
43.0,283.0,221.0,135.0,353.0,194.0,62.0,284.5637679999999,221.53509000000003,135.320961,-1.563767999999925,-0.5350900000000252,-0.32096100000001115,1.683659000345616,104.68046618161385
44.0,292.0,154.0,136.0,362.0,112.0,67.0,292.10931899999997,154.261658,136.063333,-0.10931899999997086,-0.26165800000001127,-0.06333300000000008,0.29056259500148934,106.88779163215975
45.0,304.0,175.0,136.0,376.0,136.0,70.0,303.988525,173.804691,134.991523,0.011475000000018554,1.1953090000000088,1.0084769999999992,1.5639440976694212,105.17128885774862
46.0,261.0,270.0,136.0,325.0,253.0,53.0,261.002464,270.124549,136.182564,-0.0024639999999749307,-0.1245490000000018,-0.1825640000000135,0.22101615052526197,106.17909398747005
47.0,318.0,205.0,137.0,392.0,175.0,77.0,318.59957699999995,205.574298,136.655514,-0.5995769999999538,-0.5742979999999989,0.3444859999999892,0.8988778426065112,99.87992791347018
48.0,433.0,145.0,139.0,524.0,103.0,125.0,433.00701300000003,145.286022,138.944994,-0.007013000000029024,-0.28602200000000266,0.05500599999999167,0.2913476045705559,101.19782606360673
49.0,228.0,148.0,140.0,285.0,103.0,48.0,227.247044,147.549444,141.221744,0.7529560000000117,0.45055600000000595,-1.221744000000001,1.504194750890996,117.2092146548214
50.0,265.0,234.0,142.0,329.0,210.0,64.0,266.579672,234.75021200000003,143.269621,-1.5796720000000164,-0.7502120000000332,-1.2696210000000008,2.1610458477711902,103.71113729971339
51.0,278.0,277.0,142.0,342.0,262.0,67.0,277.937579,277.232518,142.732303,0.06242099999997208,-0.23251800000002731,-0.7323030000000017,0.7708622998785267,99.72963451251589
52.0,519.0,139.0,146.0,621.0,97.0,166.0,518.9976439999999,139.33570600000002,145.538242,0.0023560000000770742,-0.33570600000001605,0.4617580000000032,0.5708979941600899,112.10709165793214
53.0,256.0,199.0,146.0,315.0,165.0,63.0,255.028906,197.982849,145.689728,0.9710939999999937,1.0171510000000126,0.31027199999999766,1.440100144997219,107.35921013122255
54.0,498.0,116.0,147.0,596.0,68.0,161.0,498.004285,115.782966,147.86562899999998,-0.004284999999981665,0.21703399999999817,-0.8656289999999842,0.8924324534786774,110.01818031580054
55.0,461.0,285.0,147.0,551.0,274.0,141.0,459.71352599999994,285.001711,146.038751,1.2864740000000552,-0.00171100000000024,0.9612490000000093,1.605932103234181,90.86803618434813
56.0,250.0,83.0,148.0,309.0,24.0,66.0,249.85853199999997,82.49284200000001,148.19768299999998,0.14146800000003168,0.5071579999999898,-0.19768299999998362,0.5624064370870875,116.98717878468563
57.0,232.0,84.0,148.0,287.0,27.0,59.0,230.96855,85.157313,148.504962,1.0314500000000066,-1.157313000000002,-0.5049620000000061,1.6304137830357741,119.14277149705725
58.0,225.0,202.0,148.0,280.0,170.0,54.0,225.53450899999999,202.38221900000002,147.841025,-0.5345089999999857,-0.3822190000000205,0.1589749999999981,0.6760652968959432,113.51211389098522
59.0,259.0,150.0,149.0,318.0,107.0,69.0,258.391227,150.38837999999998,149.00396600000002,0.6087729999999851,-0.38837999999998374,-0.003966000000019676,0.7221214019020413,108.30512453249847
60.0,232.0,119.0,150.0,287.0,68.0,60.0,231.603274,118.72673800000001,149.684171,0.396726000000001,0.27326199999998835,0.3158290000000079,0.5760308993109653,117.15801295686096
61.0,386.0,266.0,151.0,464.0,250.0,119.0,386.162697,266.095632,151.317651,-0.1626969999999801,-0.09563200000002325,-0.3176510000000121,0.36948335691070805,85.81375181169973
62.0,215.0,307.0,151.0,266.0,297.0,50.0,214.774691,306.529281,149.61657,0.22530900000000997,0.47071899999997413,1.3834300000000042,1.4785868548522916,113.58697108383514
63.0,231.0,116.0,152.0,286.0,65.0,62.0,231.319055,116.251081,151.46889000000002,-0.31905499999999165,-0.2510809999999992,0.531109999999984,0.6685174595221708,117.15801295686096
64.0,196.0,125.0,152.0,245.0,75.0,49.0,196.167104,124.827449,152.12011,-0.1671039999999948,0.17255099999999857,-0.12011000000001104,0.2685591303921735,124.53915047084591
65.0,200.0,130.0,152.0,250.0,80.0,52.0,200.878763,128.858679,153.201031,-0.8787629999999922,1.141321000000005,-1.2010310000000004,1.87545021212801,122.47448713915891
66.0,360.0,219.0,153.0,434.0,193.0,111.0,360.24755099999993,219.67328200000003,152.338556,-0.24755099999993035,-0.6732820000000288,0.6614439999999888,0.9757552532582079,88.9719056781409
67.0,206.0,260.0,153.0,256.0,240.0,52.0,207.003165,259.874721,153.210775,-1.0031649999999956,0.1252789999999777,-0.21077500000001237,1.0326959599470655,114.45959985951374
68.0,213.0,75.0,155.0,264.0,13.0,60.0,213.227333,73.807077,155.122394,-0.22733299999998735,1.1929229999999933,-0.1223940000000141,1.2205432675878318,124.37845472588891
69.0,438.0,199.0,155.0,524.0,169.0,144.0,438.55280100000004,199.115317,154.357574,-0.552801000000045,-0.11531700000000455,0.6424260000000004,0.8553350931454007,91.7442096265481
70.0,343.0,117.0,156.0,413.0,67.0,111.0,342.777168,116.58917500000001,156.56069,0.2228319999999826,0.41082499999998845,-0.5606899999999939,0.7299346251199321,97.082439194738
71.0,438.0,246.0,156.0,526.0,224.0,145.0,440.869643,244.140396,155.154289,-2.8696429999999964,1.8596039999999903,0.8457109999999943,3.5225282227096395,91.37286249209882
72.0,515.0,266.0,156.0,614.0,250.0,174.0,517.036887,264.594757,155.074961,-2.036886999999979,1.4052429999999845,0.9250389999999982,2.6418390737020427,101.88719252192594
73.0,268.0,142.0,157.0,325.0,99.0,82.0,267.139812,143.640294,157.20882400000002,0.8601879999999937,-1.6402940000000115,-0.20882400000002121,1.8638925035409193,103.5519193448388
74.0,223.0,311.0,158.0,272.0,302.0,63.0,222.864937,310.434568,158.20881500000002,0.13506300000000238,0.5654319999999871,-0.20881500000001552,0.6177046744343064,107.2706856508338
75.0,201.0,83.0,159.0,248.0,23.0,60.0,200.88498099999998,82.087165,159.3788,0.11501900000001797,0.9128350000000012,-0.37880000000001246,0.9949806769912749,124.93998559308385
76.0,271.0,146.0,160.0,329.0,102.0,87.0,271.576388,146.014927,160.084271,-0.5763880000000086,-0.014927000000000135,-0.0842710000000011,0.5827070819150991,103.0970416646375
77.0,229.0,280.0,160.0,277.0,267.0,67.0,227.47130399999998,281.691363,159.67457800000003,1.528696000000025,-1.691363000000024,0.3254219999999748,2.30293719763895,105.46089322587781
78.0,176.0,97.0,161.0,219.0,41.0,52.0,176.43214199999997,97.088722,160.875334,-0.4321419999999705,-0.08872200000000419,0.12466599999999062,0.4584320156838666,129.86916493148019
79.0,242.0,159.0,161.0,295.0,117.0,78.0,242.950458,158.59930400000002,162.073742,-0.9504579999999976,0.4006959999999822,-1.07374200000001,1.4889088544111768,107.060730429042
80.0,432.0,216.0,161.0,514.0,190.0,147.0,431.754031,216.335402,159.493847,0.24596900000000232,-0.33540199999998777,1.5061530000000118,1.56252747495013,87.1550342780037
81.0,193.0,286.0,162.0,236.0,272.0,56.0,192.793969,286.148361,161.831007,0.20603099999999586,-0.1483610000000226,0.1689930000000004,0.3049891692027852,115.2432210587677
82.0,316.0,288.0,163.0,379.0,277.0,105.0,316.71320199999997,288.854147,162.793892,-0.713201999999967,-0.8541470000000118,0.2061080000000004,1.1316822425385022,86.3365507765975
83.0,271.0,324.0,163.0,325.0,319.0,87.0,270.450472,323.773319,163.25197400000002,0.5495280000000093,0.22668099999998503,-0.25197400000001835,0.6456440158640152,93.36487562247379
84.0,523.0,122.0,164.0,619.0,76.0,189.0,523.234978,121.86982700000002,163.72589299999999,-0.2349779999999555,0.130172999999985,0.274107000000015,0.38378941864254595,109.34806811279292
85.0,321.0,132.0,164.0,384.0,85.0,112.0,320.665661,131.482417,165.051322,0.33433899999999994,0.5175830000000019,-1.051321999999999,1.218586343470991,94.2443632266673
86.0,270.0,324.0,164.0,324.0,319.0,88.0,269.933513,323.766877,164.288992,0.06648699999999508,0.23312299999997776,-0.28899200000000747,0.3772044940903983,93.36487562247379
87.0,195.0,214.0,165.0,238.0,184.0,62.0,195.105103,213.987685,165.110931,-0.10510300000001394,0.012315000000000964,-0.11093099999999367,0.1533100994553247,115.57681428383462
88.0,541.0,86.0,167.0,638.0,33.0,201.0,540.728939,86.39956000000001,167.691632,0.2710610000000315,-0.39956000000000813,-0.6916319999999985,0.8434910092852332,115.6460116043783
89.0,318.0,88.0,167.0,382.0,33.0,113.0,318.896523,88.890448,165.83827200000002,-0.896523000000002,-0.8904480000000063,1.1617279999999823,1.7164681984286727,100.18482919085105
90.0,529.0,92.0,167.0,624.0,40.0,196.0,528.6126529999999,92.271457,167.513215,0.3873470000000907,-0.27145699999999806,-0.5132150000000024,0.6979371300361313,112.1160113453917
91.0,537.0,148.0,167.0,634.0,109.0,198.0,537.534403,148.706597,167.145182,-0.5344029999999975,-0.7065969999999879,-0.14518200000000547,0.8977436716245801,109.04586191139946
92.0,529.0,212.0,168.0,624.0,186.0,196.0,529.946509,211.854217,168.945037,-0.9465089999999918,0.14578299999999444,-0.9450370000000134,1.3454467293575798,102.39628899525607
93.0,533.0,114.0,169.0,629.0,68.0,198.0,533.274292,115.153102,168.042575,-0.2742919999999458,-1.153102000000004,0.9574250000000006,1.523661036547493,110.3313192162588
94.0,514.0,136.0,169.0,606.0,93.0,191.0,513.8081950000001,135.842486,168.82550399999997,0.19180499999993117,0.15751399999999194,0.1744960000000333,0.3033952409596806,103.90861369491944
95.0,199.0,193.0,169.0,241.0,158.0,69.0,199.01992399999997,192.591101,169.516115,-0.01992399999997474,0.408898999999991,-0.5161150000000134,0.6587640330209334,113.96929411029973
96.0,536.0,126.0,170.0,631.0,81.0,201.0,535.727718,125.753591,169.98163999999997,0.27228200000001834,0.24640899999999988,0.018360000000029686,0.36768460996485974,109.59470790143108
97.0,513.0,177.0,170.0,605.0,144.0,192.0,513.757172,177.608104,170.36267899999999,-0.7571719999999686,-0.6081039999999973,-0.36267899999998576,1.0366465016778568,100.18482919085105
98.0,331.0,256.0,170.0,391.0,237.0,120.0,329.575266,255.844106,170.93969,1.4247340000000008,0.15589399999998932,-0.939690000000013,1.713822396309496,80.38034585643433
99.0,258.0,317.0,170.0,308.0,311.0,90.0,257.947009,317.27981500000004,169.923116,0.052991000000019994,-0.2798150000000419,0.07688400000000684,0.2949841178131911,94.53041838477179
100.0,198.0,281.0,171.0,239.0,266.0,69.0,198.452398,281.060767,171.095063,-0.4523979999999881,-0.06076699999999846,-0.09506300000001033,0.4662548151622576,110.95043938624129
101.0,245.0,217.0,172.0,292.0,188.0,90.0,244.389569,216.62492300000002,172.875191,0.6104310000000055,0.3750769999999761,-0.8751910000000009,1.1310473235771306,98.8635423197045
102.0,508.0,231.0,172.0,597.0,210.0,191.0,507.883144,231.722843,172.311987,0.1168559999999843,-0.7228430000000117,-0.3119869999999878,0.7959228703549143,93.39700209321497
103.0,229.0,74.0,173.0,275.0,14.0,87.0,228.808642,74.239669,173.255639,0.19135800000000813,-0.23966900000000635,-0.25563900000000217,0.3992623348702044,114.50764166639709
104.0,222.0,75.0,173.0,267.0,14.0,84.0,221.811342,74.320518,173.003441,0.18865800000000377,0.679481999999993,-0.0034410000000093532,0.7051946325440885,116.90594510117953
105.0,194.0,84.0,173.0,234.0,25.0,73.0,193.405679,83.647132,173.139544,0.5943210000000079,0.35286800000000085,-0.13954400000000078,0.7051282184120915,122.804723036209
106.0,489.0,88.0,173.0,576.0,34.0,187.0,488.915369,87.73387600000001,172.935283,0.08463100000000168,0.2661239999999907,0.06471700000000169,0.2866577744035482,103.34892355511015
107.0,224.0,90.0,173.0,270.0,33.0,85.0,224.57639500000002,89.85384400000001,173.18720800000003,-0.5763950000000193,0.14615599999999063,-0.1872080000000267,0.6234096627619992,114.49454135459908
108.0,523.0,96.0,173.0,616.0,45.0,200.0,523.4820689999999,96.36336100000001,172.74990599999998,-0.4820689999999104,-0.3633610000000118,0.25009400000001847,0.6534284550874192,109.4486180817282
109.0,498.0,109.0,173.0,585.0,60.0,191.0,497.18746,108.930959,173.959689,0.8125400000000127,0.06904099999999858,-0.9596889999999973,1.2593613016136453,101.45935146648632
110.0,539.0,157.0,173.0,633.0,118.0,205.0,538.660556,155.999485,172.933195,0.33944399999995767,1.0005150000000071,0.06680499999998801,1.0586384663264339,106.68176976409794
111.0,224.0,91.0,174.0,269.0,35.0,86.0,224.077708,91.485522,174.24384,-0.07770800000000122,-0.4855220000000031,-0.24384000000000583,0.5488425014045524,113.6001760562016
112.0,243.0,285.0,174.0,290.0,271.0,88.0,243.07334699999998,284.642159,172.65472,-0.07334699999998406,0.3578410000000076,1.3452800000000025,1.393990043755697,99.0
113.0,515.0,111.0,175.0,605.0,63.0,199.0,514.8381919999999,111.17999900000001,175.008166,0.16180800000006457,-0.17999900000000935,-0.008165999999988571,0.24217380622400944,104.78549517943789
114.0,240.0,217.0,175.0,286.0,188.0,90.0,239.726927,216.658481,174.43456700000002,0.2730730000000108,0.34151900000000524,0.5654329999999845,0.7147856798922262,100.90589675534329
115.0,198.0,280.0,176.0,237.0,265.0,73.0,197.92964,280.204753,174.713536,0.07035999999999376,-0.20475299999998242,1.2864639999999952,1.3045550750753987,111.15304764152893
116.0,547.0,185.0,177.0,641.0,154.0,213.0,547.287492,185.34462100000002,177.42405499999998,-0.28749200000004294,-0.34462100000001783,-0.4240549999999814,0.6174446750357648,105.32331175955302
117.0,166.0,160.0,178.0,201.0,120.0,66.0,166.808032,161.72664600000002,177.207923,-0.8080319999999972,-1.7266460000000166,0.7920770000000061,2.0643662698923033,123.97177098033245
118.0,395.0,256.0,178.0,463.0,238.0,153.0,394.12099,255.863315,177.882011,0.8790099999999939,0.13668499999999995,0.11798899999999435,0.8973643482142512,74.65252842335616
119.0,187.0,273.0,179.0,223.0,257.0,73.0,186.97705399999998,273.730575,178.273624,0.022946000000018785,-0.7305749999999875,0.7263759999999877,1.0304797149468614,113.08403954581743
120.0,499.0,236.0,180.0,585.0,215.0,196.0,499.90428,235.825084,179.365384,-0.9042800000000284,0.17491599999999607,0.6346159999999941,1.118505875224642,89.96110270555825
121.0,307.0,133.0,181.0,361.0,88.0,126.0,306.46167999999994,133.899746,181.938059,0.5383200000000556,-0.8997459999999933,-0.9380590000000097,1.4068709871189562,89.25245094673872
122.0,209.0,194.0,181.0,247.0,160.0,85.0,207.863206,194.003103,180.410305,1.136794000000009,-0.00310300000001007,0.5896950000000061,1.2806445330652951,108.70142593360954
123.0,228.0,195.0,181.0,270.0,162.0,93.0,227.836123,195.41630400000003,180.669287,0.1638770000000136,-0.4163040000000251,0.3307130000000029,0.5563593981537719,102.9417310909429
124.0,256.0,208.0,181.0,302.0,178.0,105.0,255.971499,208.19786800000003,181.834991,0.02850100000000566,-0.19786800000002813,-0.8349910000000023,0.8585883894544669,93.76566535784833
125.0,498.0,228.0,181.0,582.0,205.0,197.0,497.741747,227.639228,180.82412399999998,0.2582530000000247,0.3607719999999972,0.17587600000001657,0.4772666082694415,88.54942122905152
126.0,510.0,110.0,182.0,598.0,60.0,206.0,511.19207100000006,108.67772500000001,182.237871,-1.1920710000000554,1.3222749999999905,-0.2378710000000126,1.7961144332439158,104.01922899156675
127.0,539.0,168.0,182.0,630.0,133.0,216.0,539.327903,168.169779,182.40832999999998,-0.32790299999999206,-0.16977900000000545,-0.4083299999999781,0.5505258169695394,103.25696102442683
128.0,321.0,186.0,182.0,377.0,151.0,131.0,320.77169999999995,185.350863,182.283174,0.22830000000004702,0.6491369999999961,-0.2831740000000025,0.7441016389210668,83.43860018001261
129.0,227.0,198.0,182.0,269.0,166.0,95.0,227.61585599999998,198.67406699999998,182.52265500000001,-0.6158559999999795,-0.6740669999999795,-0.5226550000000145,1.052051891424545,101.76934705499491
130.0,162.0,264.0,183.0,192.0,246.0,70.0,162.005797,264.930403,183.89115700000002,-0.005797000000001162,-0.9304030000000125,-0.8911570000000211,1.2883493882744155,118.29201156460228
131.0,540.0,167.0,184.0,631.0,132.0,218.0,540.61617,167.321056,183.692871,-0.616170000000011,-0.3210559999999987,0.3071290000000033,0.7596516614060781,103.25696102442683
132.0,233.0,224.0,184.0,276.0,197.0,98.0,234.11926499999998,223.989671,183.338766,-1.1192649999999844,0.010329000000012911,0.6612340000000074,1.3000350884579905,99.86991538997117
133.0,394.0,258.0,184.0,460.0,240.0,159.0,393.368829,257.446004,183.344045,0.6311709999999948,0.5539959999999837,0.6559550000000058,1.0656290917960072,72.83543093852057
134.0,478.0,286.0,184.0,559.0,277.0,193.0,479.485486,286.788327,184.399348,-1.4854859999999803,-0.7883269999999811,-0.39934800000000337,1.7284695369687355,81.99390221229869
135.0,241.0,226.0,185.0,284.0,201.0,103.0,241.67340499999997,227.16099200000002,185.184436,-0.673404999999974,-1.1609920000000216,-0.18443600000000515,1.3547669010516226,95.90620417887469
136.0,242.0,76.0,186.0,286.0,16.0,106.0,242.31790299999997,75.587601,185.181715,-0.31790299999997274,0.4123989999999935,0.818285000000003,0.9699100957485607,109.2520022699813
137.0,200.0,281.0,187.0,237.0,268.0,87.0,201.59912000000003,282.493443,185.622665,-1.5991200000000276,-1.4934430000000134,1.377334999999988,2.5854609784087046,107.41508273980894
138.0,519.0,88.0,188.0,604.0,35.0,216.0,518.227793,88.047317,188.20453999999998,0.7722069999999803,-0.047317000000006715,-0.20453999999998018,0.8002369404982265,104.0096149401583
139.0,177.0,136.0,188.0,208.0,89.0,83.0,176.38708100000002,136.09204,188.295708,0.6129189999999767,-0.09203999999999724,-0.29570799999999053,0.686719945410766,119.14277149705725
140.0,162.0,272.0,188.0,190.0,254.0,75.0,161.825411,271.433894,188.37501500000002,0.17458899999999744,0.5661059999999907,-0.37501500000001897,0.7011373420250863,117.80067911519016
141.0,258.0,97.0,189.0,304.0,42.0,116.0,259.144845,96.662137,188.529789,-1.1448449999999752,0.3378629999999987,0.47021100000000615,1.2829340845557686,102.32301793829187
142.0,182.0,230.0,190.0,212.0,203.0,85.0,181.057309,229.41843799999998,189.928366,0.9426909999999964,0.5815620000000195,0.07163399999998887,1.109960409780914,112.48999955551605
143.0,263.0,238.0,191.0,306.0,215.0,118.0,262.79988299999997,238.32426099999998,191.260852,0.2001170000000343,-0.3242609999999786,-0.26085199999999986,0.46177459405428506,87.78952101475437
144.0,532.0,266.0,191.0,618.0,253.0,222.0,532.659827,266.451885,191.36665399999998,-0.6598269999999502,-0.4518850000000043,-0.3666539999999827,0.8797766073668505,92.33634170791044
145.0,241.0,302.0,191.0,279.0,292.0,108.0,239.91998599999997,301.663242,191.26196299999998,1.080014000000034,0.3367579999999748,-0.2619629999999802,1.161232450514989,91.8313671900838
146.0,350.0,279.0,192.0,408.0,265.0,152.0,351.366629,278.297585,191.663958,-1.366628999999989,0.7024149999999736,0.33604199999999196,1.572890931256814,71.83313998427188
147.0,424.0,265.0,193.0,489.0,249.0,181.0,421.71041199999996,264.390577,192.992008,2.2895880000000375,0.6094229999999925,0.007992000000001553,2.3693192006855393,68.00735254367721
148.0,484.0,171.0,194.0,562.0,136.0,208.0,484.430851,171.103563,193.89370300000002,-0.4308510000000183,-0.10356300000000829,0.10629699999998365,0.4556939009675398,86.63140308225418
149.0,567.0,153.0,195.0,658.0,114.0,242.0,567.6771630000001,152.138125,195.150081,-0.6771630000000641,0.8618749999999977,-0.15008100000000013,1.1063012929374543,109.59470790143108
150.0,536.0,169.0,196.0,619.0,131.0,231.0,534.663674,166.41265700000002,196.904402,1.3363259999999855,2.5873429999999757,-0.9044020000000046,3.0492710531418563,97.76502442080194
151.0,181.0,175.0,196.0,214.0,139.0,92.0,183.84785499999998,176.903167,194.22078000000002,-2.8478549999999814,-1.9031669999999963,1.779219999999981,3.8597858152122653,114.89560478973945
152.0,168.0,90.0,197.0,195.0,32.0,92.0,168.10527,89.370014,198.109455,-0.1052699999999902,0.6299860000000024,-1.109454999999997,1.2801775385160428,122.95527642195759
153.0,246.0,151.0,197.0,285.0,108.0,120.0,246.02337999999997,150.77822400000002,197.223563,-0.023379999999974643,0.2217759999999771,-0.22356300000001283,0.31577148944291095,96.43132271207318
154.0,208.0,154.0,197.0,242.0,113.0,106.0,209.01138699999996,155.282513,197.568418,-1.0113869999999565,-1.2825129999999945,-0.5684180000000083,1.7294051814603502,105.44192714475585
155.0,521.0,178.0,197.0,603.0,145.0,226.0,521.057126,178.02916,197.314426,-0.05712600000003931,-0.029159999999990305,-0.31442599999999743,0.32090091142282895,93.02687783646186
156.0,276.0,202.0,197.0,319.0,171.0,130.0,275.62206599999996,202.068492,196.77616,0.37793400000003885,-0.068491999999992,0.2238399999999956,0.44455551736540877,85.43418519538885
157.0,279.0,290.0,197.0,322.0,278.0,131.0,279.191087,289.679098,197.822943,-0.1910869999999818,0.3209019999999896,-0.8229430000000093,0.9037297806435293,79.68061244744545
158.0,513.0,127.0,198.0,595.0,84.0,224.0,513.762678,128.13531400000002,197.241123,-0.7626780000000508,-1.1353140000000224,0.7588770000000125,1.5641323190220024,96.17172141539321
159.0,488.0,136.0,198.0,564.0,93.0,215.0,487.413253,135.788552,198.392064,0.5867470000000026,0.2114479999999901,-0.39206400000000485,0.7366793595649349,88.9606654651369
160.0,179.0,174.0,198.0,208.0,136.0,95.0,179.93824899999998,174.44344,198.082101,-0.9382489999999848,-0.4434400000000096,-0.08210099999999443,1.0410047040249046,113.55175031676086
161.0,183.0,263.0,198.0,210.0,244.0,95.0,182.47915099999997,262.890734,198.621465,0.5208490000000268,0.10926599999999098,-0.6214650000000006,0.8181940391997651,108.16191566350885
162.0,296.0,154.0,200.0,343.0,112.0,141.0,296.595238,153.477335,198.508385,-0.5952379999999948,0.5226649999999893,1.491614999999996,1.688905647777273,86.3365507765975
163.0,555.0,73.0,201.0,641.0,17.0,245.0,554.360596,72.748281,200.9484,0.6394040000000132,0.25171899999999425,0.05160000000000764,0.6891026702727358,111.66019881766287
164.0,152.0,85.0,201.0,175.0,26.0,89.0,151.72787000000002,84.60361900000001,200.917167,0.2721299999999758,0.396380999999991,0.08283299999999372,0.48788722052332817,128.66234880492428
165.0,514.0,114.0,201.0,594.0,67.0,228.0,513.870851,114.168747,200.442788,0.12914899999998397,-0.1687469999999962,0.5572119999999927,0.5963557890672199,96.63332758422428
166.0,471.0,108.0,202.0,543.0,59.0,213.0,470.263086,108.082035,201.96219799999997,0.736914000000013,-0.08203500000000474,0.03780200000002765,0.7424291049150902,87.78382538941898
167.0,278.0,171.0,202.0,320.0,133.0,137.0,277.873041,170.854374,201.58345200000002,0.12695899999999938,0.14562599999999293,0.4165479999999775,0.45917072626745165,86.21484790916237
168.0,155.0,185.0,202.0,178.0,147.0,92.0,155.945091,183.656995,203.655492,-0.9450909999999908,1.3430050000000051,-1.6554920000000095,2.3318475915826977,118.62967588255478
169.0,159.0,231.0,202.0,181.0,205.0,90.0,158.286004,231.16976600000004,201.890366,0.7139960000000087,-0.16976600000003828,0.10963399999999979,0.7420447403816197,117.06408501329517
170.0,529.0,258.0,202.0,609.0,243.0,234.0,528.69628,258.167202,202.933112,0.30371999999999844,-0.16720199999997476,-0.9331119999999942,0.9954397780619276,87.45856161634491
171.0,561.0,260.0,202.0,647.0,245.0,245.0,561.1062459999999,259.460403,201.62502,-0.10624599999994189,0.5395970000000148,0.37497999999999365,0.6656298786300078,97.3139250056229
172.0,571.0,288.0,202.0,659.0,280.0,249.0,571.791882,288.012247,201.958001,-0.7918819999999869,-0.012247000000002117,0.041999000000004116,0.7930895327351003,100.08496390567366
173.0,210.0,181.0,203.0,241.0,144.0,113.0,210.338532,180.594721,203.572185,-0.3385319999999865,0.4052790000000073,-0.5721849999999904,0.7786209970775163,102.12737145349429
174.0,241.0,155.0,204.0,276.0,113.0,126.0,240.63598499999998,154.851651,204.274394,0.3640150000000233,0.14834899999999607,-0.2743940000000009,0.479381281718442,95.25229656024048
175.0,557.0,314.0,204.0,640.0,312.0,243.0,555.758313,314.400644,202.54711700000001,1.2416869999999562,-0.4006439999999998,1.4528829999999857,1.9527342964146068,91.72785836374901
176.0,525.0,127.0,205.0,606.0,83.0,238.0,525.943791,127.086241,205.252168,-0.9437910000000329,-0.08624100000000112,-0.2521680000000117,0.9806975384827211,97.9081201943945
177.0,232.0,153.0,205.0,264.0,112.0,125.0,231.041417,154.111742,206.60621700000002,0.9585830000000044,-1.1117419999999925,-1.606217000000015,2.1759560412706045,95.42012366372201
178.0,224.0,231.0,205.0,256.0,205.0,119.0,224.113321,230.401276,204.934704,-0.11332100000001333,0.5987240000000043,0.06529599999998936,0.6128422674987478,95.37295214053091
179.0,562.0,151.0,206.0,649.0,114.0,253.0,563.5448279999999,152.05607700000002,206.037487,-1.5448279999999386,-1.0560770000000161,-0.037486999999998716,1.8716830540136449,105.57935404235053
180.0,144.0,231.0,206.0,160.0,204.0,91.0,142.21776899999998,230.45612400000005,208.115497,1.7822310000000243,0.5438759999999547,-2.115497000000005,2.8191268147683703,119.20570456148481
181.0,364.0,291.0,206.0,415.0,282.0,174.0,362.684946,291.917684,207.108089,1.315053999999975,-0.9176840000000084,-1.1080890000000068,1.9491978295424415,60.876925020897694
182.0,465.0,315.0,206.0,534.0,312.0,212.0,465.320383,315.366587,206.005311,-0.32038299999999253,-0.36658699999998134,-0.005311000000006061,0.48688756605502015,69.32532004974806
183.0,568.0,117.0,207.0,654.0,71.0,257.0,568.078107,116.760392,207.42479399999996,-0.07810700000004545,0.23960800000000404,-0.42479399999996303,0.4939257429502714,109.59927007056206
184.0,566.0,279.0,207.0,650.0,269.0,252.0,565.477867,279.016819,206.520554,0.5221330000000535,-0.01681899999999814,0.4794459999999958,0.7090657341643662,95.81753492967766
185.0,576.0,205.0,208.0,662.0,179.0,259.0,575.801947,205.150058,207.959026,0.19805299999995896,-0.15005800000000136,0.04097400000000562,0.2518357854813025,103.31021246711285
186.0,337.0,293.0,208.0,386.0,284.0,167.0,338.346079,293.80224599999997,209.22483300000002,-1.3460789999999747,-0.8022459999999683,-1.224833000000018,1.9889050245413744,64.52131430775415
187.0,189.0,305.0,208.0,213.0,296.0,108.0,188.66746799999996,305.30862,208.454327,0.3325320000000431,-0.308620000000019,-0.45432700000000636,0.642056740758203,103.23274674249446
188.0,539.0,127.0,209.0,620.0,83.0,248.0,539.424769,126.887589,209.384844,-0.4247689999999693,0.11241099999999449,-0.38484399999998686,0.5840974581505749,100.08995953640904
189.0,535.0,128.0,209.0,611.0,84.0,245.0,531.659498,127.793091,209.40234900000002,3.340502000000015,0.206908999999996,-0.40234900000001517,3.371001285091139,94.91048414163738
190.0,189.0,179.0,209.0,214.0,141.0,111.0,188.80893899999998,178.312622,209.00571200000002,0.19106100000001902,0.6873779999999954,-0.005712000000016815,0.713460193387831,108.04165863221463
191.0,241.0,79.0,210.0,274.0,21.0,134.0,240.322443,79.413037,210.108918,0.6775570000000073,-0.41303700000000276,-0.10891799999998852,0.8009657810056617,101.13851887386922
192.0,502.0,85.0,210.0,577.0,31.0,235.0,502.15217199999995,84.69342300000001,209.947822,-0.15217199999995046,0.3065769999999901,0.05217799999999784,0.3462200430318537,95.73922915921143
193.0,271.0,91.0,210.0,309.0,36.0,145.0,270.51985599999995,91.37079700000001,209.708005,0.48014400000005253,-0.37079700000001026,0.2919949999999858,0.6732679674320247,93.24162160752032
194.0,541.0,126.0,210.0,621.0,82.0,249.0,540.4528879999999,126.05090100000001,209.89226299999999,0.5471120000000838,-0.0509010000000103,0.1077370000000144,0.5599372406922903,99.28242543370907
195.0,498.0,144.0,210.0,572.0,103.0,233.0,498.404133,143.717778,210.399162,-0.40413300000000163,0.2822219999999902,-0.3991619999999898,0.634273632761908,87.66983517721475
196.0,215.0,172.0,210.0,245.0,134.0,122.0,215.69693199999998,172.273434,209.428629,-0.6969319999999755,-0.27343400000000884,0.5713709999999992,0.9417776726069533,100.43903623591775
197.0,401.0,187.0,211.0,458.0,154.0,195.0,400.394247,186.58477,210.996827,0.6057529999999929,0.4152300000000082,0.003173000000003867,0.7344131792376811,67.77905281132217
198.0,257.0,165.0,212.0,292.0,125.0,140.0,256.821401,164.422393,211.11345,0.17859900000001971,0.5776070000000004,0.8865499999999997,1.073078912172822,89.49301648732151
199.0,147.0,218.0,212.0,164.0,189.0,98.0,147.01019300000002,218.063607,212.368662,-0.010193000000015218,-0.06360699999999042,-0.3686620000000005,0.3742478028552732,118.85285019720814
200.0,526.0,211.0,214.0,602.0,185.0,247.0,526.108567,210.544418,214.28616399999999,-0.10856699999999364,0.4555819999999926,-0.2861639999999852,0.5488456860621056,86.83893136145792
201.0,198.0,118.0,215.0,223.0,68.0,123.0,198.25775,118.326485,215.27620100000001,-0.25774999999998727,-0.32648500000000524,-0.2762010000000146,0.49931403958431303,107.6522178127325
202.0,536.0,121.0,215.0,613.0,76.0,253.0,535.221808,121.13314500000001,215.021077,0.77819199999999,-0.13314500000001317,-0.02107699999999113,0.789781374696813,96.94328238717729
203.0,543.0,124.0,215.0,622.0,80.0,255.0,542.772611,124.334978,214.275485,0.2273890000000165,-0.33497800000000666,0.7245149999999967,0.8299626515874116,98.87871358386495
204.0,558.0,152.0,215.0,639.0,114.0,261.0,557.8549419999999,152.015727,214.85342300000002,0.14505800000006275,-0.01572699999999827,0.1465769999999793,0.20681871003855548,100.60318086422517
205.0,148.0,217.0,215.0,164.0,188.0,100.0,147.521353,217.22047700000002,213.913099,0.47864699999999516,-0.2204770000000167,1.0869010000000117,1.207918392085752,119.67455869983394
206.0,390.0,285.0,215.0,447.0,272.0,195.0,392.92411799999996,283.295373,215.012909,-2.9241179999999645,1.7046270000000163,-0.012909000000007609,3.3847283390744742,61.78996682310163
207.0,574.0,115.0,216.0,657.0,69.0,270.0,573.77308,114.949038,216.72807799999998,0.22691999999995005,0.0509619999999984,-0.7280779999999822,0.7643215199953167,109.1833320612629
208.0,214.0,216.0,216.0,240.0,188.0,129.0,214.12577699999997,216.446394,216.697541,-0.12577699999997094,-0.44639399999999796,-0.6975410000000011,0.8376460491436657,95.02105029939419
209.0,216.0,268.0,216.0,242.0,251.0,128.0,215.995411,268.048023,216.018468,0.004589000000009946,-0.04802300000000059,-0.018468000000012808,0.05165592390036811,93.32202312423365
210.0,245.0,279.0,216.0,274.0,264.0,140.0,244.10337899999996,278.372407,217.154751,0.8966210000000387,0.6275929999999903,-1.1547510000000045,1.5909909060994245,82.71638289964086
211.0,220.0,155.0,217.0,247.0,113.0,132.0,219.66076999999999,154.941638,216.47411,0.3392300000000148,0.05836199999998826,0.525890000000004,0.6285247871357285,98.57991681879226
212.0,542.0,331.0,217.0,619.0,331.0,254.0,542.474278,329.947852,216.73960799999998,-0.4742780000000266,1.0521479999999883,0.2603920000000244,1.1831141233422977,85.42833253669417
213.0,183.0,169.0,218.0,204.0,130.0,120.0,183.278705,169.25057700000002,218.490893,-0.2787050000000022,-0.25057700000002114,-0.4908929999999998,0.6176092999648011,107.54533927604673
214.0,170.0,84.0,219.0,188.0,25.0,118.0,169.36541699999998,83.362835,220.06525,0.6345830000000205,0.637164999999996,-1.0652499999999918,1.3940704371063908,118.34694757364889
215.0,496.0,138.0,219.0,566.0,95.0,243.0,496.269883,137.078506,219.65130200000002,-0.269882999999993,0.9214939999999956,-0.6513020000000154,1.1602509732506188,85.58621384311844
216.0,223.0,157.0,219.0,250.0,116.0,136.0,223.06009099999997,157.33389900000003,218.832331,-0.06009099999997147,-0.3338990000000308,0.1676689999999894,0.37843409471533296,96.43132271207318
217.0,178.0,163.0,219.0,198.0,122.0,117.0,177.762531,162.76776,217.640447,0.23746900000000437,0.23223999999999023,1.3595530000000053,1.3995396755254965,111.73629669896886
218.0,193.0,171.0,220.0,214.0,132.0,125.0,192.36878699999997,170.77259200000003,219.797157,0.6312130000000309,0.22740799999996852,0.20284300000000144,0.7009204894151869,104.81889142707053
219.0,293.0,172.0,220.0,330.0,135.0,164.0,292.686379,172.11161900000002,219.9864,0.3136210000000119,-0.11161900000001879,0.013599999999996726,0.3331694655907284,76.64202502543888
220.0,520.0,178.0,220.0,593.0,146.0,252.0,520.05904,178.59124,220.128365,-0.059039999999981774,-0.5912399999999991,-0.12836500000000228,0.6078881742763198,85.8894638474359
221.0,255.0,121.0,221.0,286.0,72.0,151.0,254.536179,120.913386,220.701397,0.4638209999999958,0.0866139999999973,0.29860300000001416,0.5583866551467757,90.89554444525871
222.0,516.0,202.0,221.0,587.0,174.0,249.0,514.871762,201.594583,219.63097100000002,1.1282380000000103,0.4054169999999999,1.3690289999999834,1.81975941579484,81.29575634681062
223.0,147.0,307.0,221.0,159.0,298.0,106.0,146.201666,307.272832,220.954081,0.7983340000000112,-0.27283199999999397,0.04591899999999782,0.8449159901084926,115.97413504743201
224.0,215.0,315.0,221.0,238.0,309.0,133.0,214.717611,315.51570000000004,221.512468,0.2823889999999949,-0.515700000000038,-0.5124680000000126,0.7799445418393857,91.15371632577578
225.0,246.0,324.0,221.0,272.0,319.0,144.0,244.092237,323.383753,221.322416,1.9077629999999886,0.6162469999999871,-0.32241600000000403,2.030584178563879,81.42481194328913
226.0,244.0,114.0,222.0,274.0,62.0,148.0,244.33909099999997,112.826007,221.390713,-0.33909099999996783,1.1739929999999958,0.6092869999999948,1.365457036562836,95.28903399657277
227.0,174.0,160.0,222.0,192.0,118.0,121.0,174.10393699999997,159.47693800000002,222.26908300000002,-0.10393699999997352,0.5230619999999817,-0.2690830000000233,0.5973294038484862,110.85576214162258
228.0,557.0,178.0,222.0,635.0,146.0,269.0,557.12005,178.15173900000002,222.423807,-0.120049999999992,-0.1517390000000205,-0.4238070000000107,0.4658852861703333,96.52460826131335
229.0,391.0,213.0,222.0,441.0,186.0,205.0,390.07725999999997,212.76942100000002,223.500103,0.922740000000033,0.23057899999997744,-1.5001029999999957,1.7762107964568952,59.312730505347666
230.0,582.0,318.0,222.0,663.0,318.0,276.0,582.271474,318.78921,222.273377,-0.271474000000012,-0.7892100000000255,-0.27337700000001064,0.8782286381717762,97.3498844375277
231.0,531.0,109.0,223.0,602.0,61.0,260.0,528.357627,108.824523,223.172682,2.6423730000000205,0.17547700000000077,-0.17268200000000888,2.6538173113050023,93.34880824091971
232.0,150.0,156.0,223.0,165.0,113.0,112.0,150.73503599999998,155.640964,222.243142,-0.7350359999999796,0.35903600000000324,0.756857999999994,1.1144589731147412,119.97916485790356
233.0,567.0,180.0,223.0,646.0,148.0,274.0,566.9872389999999,179.668161,223.47017499999998,0.012761000000068634,0.3318390000000022,-0.47017499999998336,0.5756253083968664,99.32774033471213
234.0,140.0,194.0,223.0,151.0,158.0,108.0,139.226066,192.62510600000002,223.214513,0.773933999999997,1.3748939999999834,-0.21451300000001083,1.592269818454446,121.00413216084813
235.0,244.0,211.0,223.0,272.0,181.0,147.0,243.61191300000002,210.317368,222.300416,0.3880869999999845,0.6826320000000123,0.6995839999999873,1.0516728293766018,86.37129152675674
236.0,299.0,100.0,224.0,337.0,47.0,171.0,299.143196,99.910943,222.743966,-0.143195999999989,0.08905699999999683,1.2560339999999997,1.2673032994595237,84.03570669661795
237.0,404.0,215.0,224.0,457.0,189.0,211.0,404.099268,215.06490300000002,224.03392,-0.09926799999999503,-0.06490300000001525,-0.03391999999999484,0.1233576168422552,60.44832503882965
238.0,539.0,106.0,225.0,614.0,57.0,266.0,539.207255,105.40895700000002,224.677434,-0.20725500000003194,0.5910429999999849,0.3225659999999948,0.7045106721902742,98.52410872471773
239.0,130.0,107.0,225.0,141.0,53.0,108.0,130.495716,106.679736,224.783738,-0.4957159999999874,0.32026399999999455,0.2162620000000004,0.6285480371427343,129.3290377293514
240.0,579.0,151.0,225.0,660.0,115.0,282.0,579.646433,152.464599,225.724976,-0.6464330000000018,-1.4645989999999927,-0.7249759999999981,1.7574174389899453,105.38500842150178
241.0,153.0,158.0,225.0,168.0,115.0,116.0,154.12522099999998,157.21416499999998,224.59155600000003,-1.125220999999982,0.78583500000002,0.4084439999999745,1.4319516218091903,118.13128290169374
242.0,574.0,253.0,225.0,653.0,238.0,278.0,574.28982,253.29627,225.642021,-0.28981999999996333,-0.2962699999999927,-0.6420209999999997,0.7641743974649858,96.30680142129111
243.0,133.0,105.0,226.0,144.0,51.0,110.0,133.329061,105.000767,225.53868,-0.32906099999999583,-0.0007669999999961874,0.4613200000000006,0.566654985339402,128.42507543311004
244.0,573.0,131.0,226.0,652.0,90.0,281.0,572.9410290000001,132.044878,226.78184700000003,0.05897099999992861,-1.0448780000000113,-0.7818470000000275,1.3063431192202368,104.62791214585141
245.0,547.0,184.0,226.0,621.0,152.0,269.0,546.2953679999999,183.14440100000002,226.121193,0.7046320000000605,0.8555989999999838,-0.12119300000000521,1.1150083620646345,91.37286249209882
246.0,170.0,284.0,226.0,185.0,269.0,123.0,170.56401999999997,283.17007900000004,227.123456,-0.5640199999999709,0.8299209999999562,-1.1234560000000045,1.5063335655082857,105.16178012947479
247.0,561.0,326.0,226.0,637.0,327.0,273.0,561.368472,326.34227300000003,226.78757,-0.368471999999997,-0.34227300000003424,-0.7875699999999881,0.9344457855932587,89.36442245099556
248.0,534.0,97.0,227.0,607.0,46.0,267.0,533.927158,96.42641300000001,227.16595099999998,0.07284200000003693,0.5735869999999892,-0.16595099999997842,0.6015378108930358,97.62171889492625
249.0,553.0,158.0,227.0,629.0,121.0,273.0,553.2696,157.66065700000001,226.84649599999997,-0.26959999999996853,0.3393429999999853,0.1535040000000265,0.4597839815228247,96.23408959407264
250.0,291.0,170.0,227.0,326.0,132.0,171.0,291.371579,169.592566,226.436417,-0.371578999999997,0.40743399999999497,0.5635829999999942,0.7884790520273744,76.19055059520177
251.0,306.0,275.0,227.0,342.0,261.0,175.0,306.024427,275.113678,226.65167200000002,-0.024427000000002863,-0.11367799999999306,0.3483279999999809,0.36722167909450176,64.77653896280658
252.0,224.0,112.0,228.0,248.0,61.0,148.0,224.125173,112.152365,228.138202,-0.12517299999998954,-0.1523650000000032,-0.13820200000000682,0.24079693926210988,97.86214794290998
253.0,223.0,133.0,228.0,247.0,87.0,147.0,223.325454,133.465553,227.875958,-0.3254540000000077,-0.4655529999999999,0.12404200000000287,0.5814175089288296,96.19251530134764
254.0,552.0,158.0,228.0,627.0,122.0,274.0,551.9846699999999,158.478868,228.15321699999998,0.015330000000062682,-0.4788680000000056,-0.15321699999998373,0.5030159236177343,95.06313691436866
255.0,134.0,188.0,228.0,144.0,153.0,112.0,134.781229,188.52081700000002,228.093238,-0.7812289999999962,-0.5208170000000223,-0.0932380000000137,0.9435371866407914,121.57713600837947
256.0,219.0,297.0,228.0,240.0,285.0,144.0,218.91418899999996,295.714689,229.30565,0.08581100000003516,1.2853109999999788,-1.3056500000000142,1.834150979865613,87.41281370600079
257.0,236.0,117.0,229.0,260.0,66.0,153.0,234.796877,116.120374,228.954095,1.203123000000005,0.8796260000000018,0.04590500000000475,1.491091587405018,94.62029380635002
258.0,230.0,126.0,229.0,253.0,77.0,151.0,228.93732799999998,125.19325500000001,229.327,1.0626720000000205,0.8067449999999923,-0.3269999999999982,1.3736951170507339,94.94208761134337
259.0,185.0,171.0,229.0,203.0,134.0,134.0,186.180214,172.36392,229.669725,-1.1802140000000065,-1.3639200000000073,-0.6697249999999997,1.9239839988474527,103.52777405121778
260.0,374.0,259.0,229.0,419.0,242.0,204.0,373.232374,258.771862,228.989885,0.767626000000007,0.22813800000000128,0.010115000000013197,0.8008738578234476,54.2125446737192
261.0,233.0,272.0,229.0,256.0,256.0,150.0,232.643845,271.800251,229.525643,0.3561550000000011,0.19974899999999707,-0.5256430000000023,0.6656174655723827,83.8212383587835
262.0,169.0,159.0,230.0,183.0,117.0,128.0,168.921874,158.62396999999999,230.038194,0.07812599999999748,0.3760300000000143,-0.03819400000000428,0.38595467922025595,111.1935249913411
263.0,227.0,267.0,230.0,249.0,250.0,148.0,226.62898399999997,266.949112,229.731829,0.37101600000002577,0.05088799999998628,0.2681709999999953,0.4606062809396059,86.58521813797087
264.0,172.0,90.0,231.0,186.0,34.0,131.0,171.27535099999997,90.589106,230.775891,0.7246490000000279,-0.589106000000001,0.22410899999999856,0.9604097543850962,115.46428019088847
265.0,587.0,139.0,231.0,665.0,97.0,287.0,584.66826,137.63337900000002,228.13457999999997,2.331739999999968,1.3666209999999808,2.8654200000000287,3.9389460724464054,104.80458005259122
266.0,552.0,163.0,231.0,626.0,126.0,277.0,552.024551,161.72459600000002,230.783707,-0.02455099999997401,1.2754039999999804,0.2162930000000074,1.293847277179943,94.66255859631093
267.0,219.0,181.0,231.0,240.0,145.0,148.0,218.675741,180.998149,231.041158,0.32425900000001207,0.0018509999999878346,-0.04115799999999581,0.3268658841880067,92.87626176801045
268.0,488.0,324.0,231.0,553.0,324.0,249.0,489.820524,324.643745,229.93848500000001,-1.8205239999999776,-0.643745000000024,1.0615149999999858,2.203526572298578,67.446274915669
269.0,237.0,116.0,233.0,261.0,66.0,159.0,237.134872,116.04257100000001,233.356931,-0.13487200000000144,-0.04257100000000946,-0.356931000000003,0.38393031292931706,92.47702417357513
270.0,148.0,143.0,233.0,158.0,98.0,123.0,148.01987499999998,143.26183,232.463651,-0.019874999999984766,-0.26183000000000334,0.5363490000000013,0.5971768702202075,119.26860441876563
271.0,203.0,193.0,233.0,222.0,160.0,145.0,204.044411,193.42082799999997,233.535025,-1.0444109999999966,-0.4208279999999718,-0.5350249999999903,1.2466524347748087,95.88534820294495
272.0,459.0,329.0,233.0,516.0,329.0,242.0,459.29220899999996,329.030231,234.16381800000002,-0.2922089999999571,-0.030231000000014774,-1.1638180000000204,1.2003217694293573,57.706152185014034
273.0,238.0,116.0,234.0,262.0,66.0,160.0,238.17212700000002,116.02494300000001,233.874157,-0.17212700000001746,-0.024943000000007487,0.12584300000000326,0.2146772415208636,92.47702417357513
274.0,595.0,131.0,234.0,673.0,90.0,298.0,593.682792,131.72283,234.53510500000002,1.3172080000000506,-0.7228299999999876,-0.5351050000000157,1.5949474866556368,108.90821823902914
275.0,569.0,225.0,235.0,645.0,203.0,287.0,570.094536,224.56559900000002,234.372042,-1.0945359999999482,0.43440099999997983,0.6279580000000067,1.3345578046157751,94.678403028357
276.0,472.0,86.0,236.0,533.0,32.0,254.0,472.911412,85.52991,236.158371,-0.9114119999999843,0.470089999999999,-0.15837099999998827,1.0376597782919827,83.43260753446461
277.0,226.0,110.0,236.0,248.0,58.0,159.0,226.95939299999998,109.56280000000001,236.657123,-0.9593929999999773,0.43719999999999004,-0.6571230000000128,1.2423322444410612,95.4829827770373
278.0,219.0,112.0,236.0,238.0,61.0,155.0,218.175139,112.12405000000001,236.177016,0.8248609999999985,-0.1240500000000111,-0.17701600000000894,0.8527125753013166,97.58585963140357
279.0,558.0,184.0,236.0,631.0,153.0,285.0,558.237942,183.714971,235.965992,-0.23794199999997545,0.28502900000000864,0.03400800000000004,0.3728464432832815,93.22553298319082
280.0,204.0,230.0,236.0,219.0,202.0,149.0,203.137394,227.789987,237.835095,0.8626059999999995,2.2100130000000036,-1.8350949999999955,2.9993032908377235,92.61749294814668
281.0,490.0,324.0,236.0,552.0,324.0,256.0,490.86445299999997,324.565093,235.638235,-0.864452999999969,-0.5650929999999903,0.36176499999999123,1.0942956652947726,65.14598989960932
282.0,239.0,114.0,237.0,263.0,65.0,163.0,239.720542,115.164185,235.93582,-0.7205419999999947,-1.1641850000000034,1.0641799999999932,1.7340664809599964,91.94019795497506
283.0,278.0,119.0,237.0,306.0,70.0,179.0,277.34419099999997,118.826426,237.243279,0.6558090000000334,0.17357400000000212,-0.24327900000000113,0.7206927568652575,80.92589202474076
284.0,226.0,178.0,237.0,245.0,142.0,158.0,225.135348,178.392654,237.483477,0.8646520000000066,-0.3926539999999932,-0.4834769999999935,1.0656220035026491,88.87069258197553
285.0,177.0,205.0,237.0,188.0,173.0,138.0,175.92050499999996,204.34301499999998,237.059126,1.079495000000037,0.6569850000000201,-0.05912599999999202,1.2650828546487005,104.62313319720452
286.0,519.0,271.0,237.0,584.0,259.0,269.0,518.519961,270.990762,236.78669399999998,0.4800390000000334,0.009237999999982094,0.2133060000000171,0.5253781797915089,73.43704787094863
287.0,458.0,128.0,238.0,515.0,83.0,250.0,458.34882999999996,127.450784,238.228168,-0.348829999999964,0.5492160000000013,-0.2281680000000108,0.6894789480324843,73.60706487831179
288.0,584.0,148.0,238.0,660.0,109.0,298.0,583.753985,147.35767900000002,238.100086,0.24601500000005672,0.6423209999999813,-0.10008600000000456,0.6950660793492981,104.38869670610895
289.0,140.0,175.0,238.0,146.0,137.0,125.0,139.571191,175.248216,237.51912,0.4288090000000011,-0.24821600000001354,0.4808800000000133,0.6904592062801542,119.36917525056458
290.0,498.0,91.0,239.0,562.0,40.0,266.0,498.64237899999995,91.775773,238.025307,-0.6423789999999485,-0.7757730000000009,0.974693000000002,1.4016065679850886,86.17424209124209
291.0,240.0,102.0,239.0,262.0,49.0,167.0,239.837851,102.01667800000001,239.147292,0.16214899999999943,-0.01667800000001307,-0.1472919999999931,0.21969384868265707,92.07062506576133
292.0,249.0,136.0,239.0,271.0,91.0,170.0,247.99597,136.330756,239.551488,1.0040300000000002,-0.33075600000000804,-0.5514880000000062,1.1923148856657004,85.26429498916883
293.0,474.0,150.0,239.0,533.0,110.0,256.0,474.144316,149.39252,238.47756099999998,-0.14431600000000344,0.6074800000000096,0.5224390000000199,0.8141262598498057,73.28028384224504
294.0,327.0,240.0,239.0,362.0,219.0,197.0,326.90611099999995,240.33652800000004,238.138542,0.09388900000004696,-0.3365280000000439,0.861457999999999,0.9296107383572096,58.56620185738529
295.0,293.0,104.0,240.0,324.0,52.0,186.0,292.988705,103.898427,237.82847900000002,0.011295000000018263,0.10157300000000191,2.1715209999999843,2.173924585811323,81.12336284942828
296.0,212.0,106.0,240.0,230.0,54.0,157.0,212.414627,106.411304,239.741779,-0.41462699999999586,-0.4113040000000012,0.2582209999999918,0.6385644950872177,99.58413528268446
297.0,257.0,115.0,240.0,280.0,67.0,174.0,255.811261,116.574839,240.085544,1.1887389999999982,-1.5748389999999972,-0.08554399999999873,1.9749774839167122,84.78797084492588
298.0,452.0,116.0,241.0,506.0,68.0,252.0,451.738123,115.191151,241.974371,0.2618770000000268,0.808848999999995,-0.9743709999999908,1.293141567490191,73.08214556237385
299.0,578.0,311.0,241.0,651.0,309.0,296.0,578.066926,311.244086,240.846306,-0.06692599999996673,-0.2440859999999816,0.15369400000000155,0.2961062486810892,91.42209798511517
300.0,208.0,141.0,242.0,223.0,96.0,157.0,207.35859,140.850975,241.97294499999998,0.6414100000000076,0.14902499999999463,0.02705500000001848,0.659050234617976,97.33961166965892
301.0,243.0,145.0,242.0,263.0,101.0,168.0,241.35017799999997,144.59017,240.174482,1.6498220000000288,0.4098299999999995,1.8255179999999882,2.4944717334353683,88.38551917593742
302.0,368.0,207.0,243.0,408.0,177.0,219.0,367.99257700000004,205.41396000000003,242.868116,0.007422999999960211,1.5860399999999686,0.13188400000001366,1.5915311407524841,55.46169849544819
303.0,540.0,283.0,243.0,605.0,274.0,284.0,538.878468,282.97868400000004,243.132813,1.121532000000002,0.021315999999956148,-0.13281299999999874,1.1295696932234869,77.37570678190927
304.0,414.0,112.0,244.0,462.0,63.0,241.0,414.638107,111.47432800000001,244.81241799999998,-0.6381069999999909,0.5256719999999859,-0.8124179999999797,1.1591094002538935,68.65857557508748
305.0,193.0,185.0,244.0,206.0,150.0,153.0,193.60052299999998,185.223436,243.81226700000002,-0.6005229999999813,-0.22343599999999242,0.18773299999998017,0.6676789639594516,98.36157786453
306.0,482.0,323.0,244.0,538.0,322.0,262.0,481.527571,322.93306500000006,243.919897,0.4724289999999769,0.06693499999994401,0.08010300000000825,0.4838242913237945,58.83026432033091
307.0,407.0,90.0,245.0,453.0,38.0,238.0,406.63530000000003,91.08427,244.574941,0.3646999999999707,-1.0842700000000036,0.4250590000000045,1.2203780874716614,69.77822009767804
308.0,196.0,179.0,245.0,209.0,143.0,155.0,196.38818799999996,179.449167,244.518174,-0.3881879999999569,-0.44916699999998855,0.4818260000000123,0.7645895706252919,97.8008179924892
309.0,129.0,280.0,245.0,130.0,265.0,128.0,129.087331,280.141279,245.264118,-0.08733100000000604,-0.14127899999999727,-0.2641179999999963,0.31200124571225407,117.96185824239969
310.0,180.0,75.0,246.0,191.0,15.0,153.0,180.710558,74.73423100000001,246.386762,-0.7105579999999918,0.2657689999999917,-0.3867620000000045,0.8515343078050276,111.22050170719426
311.0,491.0,99.0,246.0,550.0,48.0,272.0,490.95107099999996,98.323159,245.885247,0.04892900000004374,0.676840999999996,0.11475300000000743,0.6882412638973346,82.20705565825844
312.0,212.0,105.0,246.0,227.0,52.0,165.0,212.146218,104.69368300000001,246.718829,-0.14621800000000462,0.30631699999999285,-0.7188289999999995,0.7949370662222238,97.95407086997457
313.0,239.0,115.0,246.0,258.0,64.0,173.0,238.427351,114.25274000000002,244.996713,0.5726490000000126,0.7472599999999829,1.0032870000000003,1.3758303635150626,91.05492847726585
314.0,531.0,173.0,246.0,595.0,140.0,286.0,530.40347,173.256504,245.971879,0.5965300000000298,-0.2565040000000067,0.02812099999999873,0.6499485622393812,82.37111144084436
315.0,158.0,185.0,246.0,164.0,149.0,142.0,158.091265,184.771667,246.16975000000002,-0.09126499999999282,0.22833299999999213,-0.16975000000002183,0.2987981285316267,110.21796586763884
316.0,554.0,177.0,247.0,622.0,145.0,297.0,554.2926669999999,177.068408,247.55206399999997,-0.2926669999999376,-0.06840800000000513,-0.552063999999973,0.6285763974640906,90.26627277117406
317.0,479.0,213.0,247.0,535.0,188.0,267.0,479.27276600000005,213.135629,247.27105699999998,-0.2727660000000469,-0.13562899999999445,-0.2710569999999848,0.4077602403938077,64.50581369148055
318.0,152.0,320.0,247.0,157.0,314.0,138.0,153.11836399999999,320.003858,246.498689,-1.1183639999999855,-0.003857999999979711,0.501310999999987,1.2255878750138458,109.27945827098522
319.0,540.0,155.0,248.0,606.0,118.0,292.0,540.311543,155.103451,247.560001,-0.31154300000002877,-0.10345100000000684,0.43999900000000025,0.5489629042576735,87.52713864853574
320.0,603.0,148.0,250.0,677.0,110.0,320.0,602.697196,147.816888,250.78834499999996,0.3028040000000374,0.18311199999999417,-0.7883449999999641,0.8641227378011551,108.71982339941506
321.0,158.0,177.0,250.0,162.0,139.0,147.0,157.746431,176.532078,250.477082,0.2535689999999988,0.4679219999999873,-0.4770819999999958,0.7147415410964886,109.85900054160332
322.0,478.0,305.0,250.0,531.0,300.0,268.0,477.447718,304.880686,250.186147,0.5522819999999911,0.11931399999997438,-0.1861470000000054,0.5948965823813296,56.19608527290847
323.0,602.0,80.0,251.0,676.0,24.0,322.0,601.654689,77.359251,251.759083,0.3453110000000379,2.6407489999999996,-0.759083000000004,2.7692962948393642,116.84605256490268
324.0,314.0,90.0,251.0,342.0,32.0,209.0,312.777315,87.139748,250.828017,1.2226850000000127,2.8602520000000027,0.17198300000001154,3.1153777082431033,76.88953114696434
325.0,239.0,116.0,252.0,256.0,66.0,181.0,238.972593,115.805766,251.753095,0.02740700000001084,0.19423399999999447,0.24690499999999815,0.3153411952631586,88.48728722251576
326.0,588.0,141.0,252.0,659.0,101.0,317.0,587.846602,140.582127,253.04684400000002,0.15339800000003834,0.41787299999998595,-1.0468440000000214,1.1375549001560517,104.2401074443038
327.0,192.0,218.0,252.0,201.0,191.0,160.0,191.91060000000002,218.74861600000003,250.953688,0.08939999999998349,-0.7486160000000268,1.0463120000000004,1.289646105255251,96.30160954002794
328.0,385.0,311.0,252.0,423.0,306.0,233.0,384.46979799999997,310.820315,251.114487,0.5302020000000311,0.1796850000000063,0.8855130000000031,1.047632632747778,42.77849927241488
329.0,174.0,73.0,253.0,180.0,14.0,158.0,173.453985,73.91651900000001,253.121421,0.5460150000000112,-0.9165190000000081,-0.121420999999998,1.0737236687467715,111.99107107265293
330.0,452.0,108.0,253.0,502.0,59.0,265.0,451.92939499999994,107.685528,253.028278,0.07060500000005732,0.314471999999995,-0.028278000000000247,0.32353879225373416,71.02816342831905
331.0,587.0,130.0,253.0,658.0,88.0,317.0,586.950727,129.93994,253.17924899999997,0.049272999999971034,0.0600599999999929,-0.17924899999997024,0.19535924889798698,104.40785411069419
332.0,181.0,87.0,254.0,189.0,29.0,162.0,181.62558,86.103942,254.03795,-0.6255800000000136,0.8960579999999965,-0.03794999999999504,1.093485472360749,109.05044704172468
333.0,488.0,109.0,254.0,543.0,61.0,280.0,487.711274,108.91381000000001,254.04898599999999,0.28872599999999693,0.08618999999998778,-0.0489859999999851,0.30527208744330797,77.4919350642375
334.0,589.0,246.0,254.0,659.0,231.0,315.0,588.513986,247.083997,252.76751000000002,0.48601399999995465,-1.0839970000000108,1.2324899999999843,1.711809190390372,94.05317644821997
335.0,597.0,310.0,254.0,669.0,309.0,321.0,598.5585520000001,310.842537,255.596228,-1.558552000000077,-0.842536999999993,-1.5962279999999964,2.384721526941294,98.35649444749441
336.0,413.0,72.0,255.0,457.0,15.0,253.0,413.43582000000004,72.04299300000001,254.966626,-0.4358200000000352,-0.04299300000000983,0.03337400000000912,0.43920529860764673,72.03471385380801
337.0,193.0,206.0,255.0,202.0,177.0,165.0,193.860543,207.21600800000004,254.442104,-0.8605430000000069,-1.2160080000000448,0.5578959999999995,1.5907412290278768,94.98420921395304
338.0,388.0,293.0,255.0,425.0,285.0,236.0,386.6126,293.572764,252.720114,1.3874000000000137,-0.5727640000000065,2.2798860000000047,2.7296185690847112,42.35563716909474
339.0,179.0,106.0,256.0,185.0,53.0,163.0,178.99656399999998,105.771719,256.09002399999997,0.003436000000021977,0.22828099999999552,-0.09002399999997124,0.24541463206783926,107.2100741535048
340.0,458.0,108.0,256.0,507.0,60.0,270.0,457.124806,108.416448,255.624215,0.8751940000000218,-0.4164480000000026,0.3757850000000076,1.0395228908326386,70.00714249274856
341.0,586.0,130.0,256.0,656.0,88.0,320.0,586.176957,129.915021,256.03040699999997,-0.1769570000000158,0.08497900000000413,-0.03040699999996832,0.19864489910139743,103.73041983911952
342.0,156.0,166.0,256.0,157.0,125.0,153.0,155.29387999999997,165.020993,256.30199600000003,0.706120000000027,0.9790069999999957,-0.301996000000031,1.2442916637448989,110.8647825055369
343.0,517.0,175.0,257.0,575.0,142.0,293.0,516.7006379999999,174.922239,256.629267,0.2993620000000874,0.07776100000000952,0.3707329999999729,0.4828119069099619,75.82216034906945
344.0,161.0,278.0,257.0,163.0,262.0,155.0,161.72844999999998,277.17458500000004,257.640423,-0.728449999999981,0.825414999999964,-0.6404229999999984,1.2736133415027933,103.26664514740469
345.0,387.0,294.0,257.0,425.0,285.0,237.0,386.872748,293.56072900000004,253.497236,0.1272519999999986,0.43927099999996244,3.5027640000000133,3.5324931312942502,43.87482193696061
346.0,221.0,310.0,257.0,225.0,303.0,176.0,215.74676799999997,310.156544,258.24852,5.253232000000025,-0.15654399999999669,-1.248519999999985,5.40182882551458,81.40024569987489
347.0,182.0,88.0,258.0,188.0,32.0,167.0,182.17662099999998,88.50654,258.212877,-0.17662099999998304,-0.5065400000000011,-0.21287699999999177,0.5771432806244837,107.01868995647442
348.0,221.0,134.0,258.0,233.0,88.0,181.0,221.30012399999998,133.95372500000002,257.946457,-0.3001239999999825,0.04627499999998008,0.05354299999999057,0.30835473703185856,90.49309365912958
349.0,219.0,151.0,258.0,233.0,109.0,177.0,220.451388,151.20212500000002,255.043916,-1.4513880000000086,-0.20212500000002365,2.956084000000004,3.299365735596019,92.30926280715278
350.0,200.0,197.0,258.0,208.0,165.0,172.0,200.234589,197.26948500000003,258.204898,-0.23458899999999971,-0.2694850000000315,-0.20489800000001424,0.4118705555754413,92.10863151735563
351.0,357.0,226.0,258.0,389.0,202.0,232.0,356.83786799999996,225.84027199999997,258.153901,0.16213200000004235,0.15972800000002962,-0.15390100000001894,0.27474595030505733,47.70744176750625
352.0,516.0,243.0,258.0,573.0,225.0,293.0,515.904712,242.91540500000002,257.96304,0.09528799999998228,0.08459499999997888,0.036960000000021864,0.1326731267777867,69.26759704219572
353.0,451.0,112.0,259.0,499.0,65.0,271.0,451.213778,112.54445700000001,258.52954,-0.2137779999999907,-0.5444570000000084,0.47046000000000276,0.7506444362899173,68.24221567329127
354.0,237.0,202.0,259.0,250.0,171.0,187.0,236.83011899999997,201.768414,259.004938,0.16988100000003215,0.23158599999999296,-0.004937999999981457,0.28725600672746165,79.46068210127572
355.0,586.0,135.0,260.0,655.0,94.0,324.0,586.495258,134.786834,259.457633,-0.4952580000000353,0.21316600000000108,0.5423670000000129,0.7647759101913771,102.65476121447071
356.0,215.0,185.0,260.0,225.0,150.0,180.0,215.38955199999998,184.792224,259.856537,-0.3895519999999806,0.20777599999999552,0.143462999999997,0.46422328598313783,87.89197915623473
357.0,354.0,211.0,260.0,386.0,184.0,234.0,354.862395,211.089901,260.311307,-0.8623949999999923,-0.08990099999999757,-0.31130699999999933,0.921259667018472,49.28488612140643
358.0,349.0,240.0,260.0,379.0,219.0,231.0,348.96196199999997,239.83225699999997,260.14245800000003,0.03803800000002866,0.16774300000002995,-0.14245800000003328,0.22333581275071338,46.71188285650665
359.0,367.0,247.0,260.0,401.0,228.0,238.0,367.96157600000004,246.996506,259.952863,-0.9615760000000364,0.003493999999989228,0.047137000000020635,0.9627369882688999,44.73253849269008
360.0,415.0,296.0,260.0,456.0,289.0,255.0,415.682273,296.446956,259.46788399999997,-0.6822730000000092,-0.44695600000000013,0.5321160000000305,0.973865262714019,41.892720131306824
361.0,137.0,301.0,260.0,133.0,290.0,148.0,136.850012,300.3603,260.272045,0.14998800000000756,0.6397000000000048,-0.27204499999999143,0.7111406134998928,112.60994627474076
362.0,212.0,149.0,261.0,221.0,106.0,181.0,212.13928799999996,148.76392099999998,261.241735,-0.139287999999965,0.2360790000000179,-0.24173500000000558,0.36547264112379385,91.26883367283708
363.0,180.0,80.0,262.0,184.0,21.0,171.0,180.008289,79.471112,262.253072,-0.008288999999990665,0.5288879999999949,-0.25307199999997465,0.5863758702820074,108.52649446103011
364.0,207.0,161.0,262.0,215.0,120.0,180.0,207.34440199999997,160.276354,262.161287,-0.3444019999999739,0.7236460000000022,-0.16128700000001572,0.817489918769027,92.02716990106781
365.0,539.0,174.0,262.0,598.0,141.0,309.0,538.727331,173.78198,263.075804,0.27266899999995076,0.21801999999999566,-1.075804000000005,1.131032868831398,82.33468284993876
366.0,456.0,184.0,262.0,503.0,152.0,275.0,456.15763,183.732165,261.451653,-0.15762999999998328,0.26783499999999094,0.5483469999999784,0.6302913901791505,58.32666628567074
367.0,477.0,197.0,262.0,526.0,168.0,283.0,476.25845100000004,196.61220600000001,261.847933,0.7415489999999636,0.3877939999999853,0.15206699999998818,0.8505312917970338,60.687725282795036
368.0,451.0,76.0,263.0,498.0,20.0,277.0,451.586439,75.62014,263.010853,-0.5864389999999844,0.37985999999999365,-0.010852999999997337,0.6988004779119551,74.43789357578571
369.0,139.0,138.0,263.0,135.0,91.0,155.0,138.407198,137.271929,263.240514,0.592802000000006,0.7280709999999999,-0.24051400000001877,0.9691999672105938,117.8516016013359
370.0,172.0,150.0,263.0,173.0,106.0,168.0,171.45622799999998,149.18884000000003,263.614157,0.5437720000000184,0.8111599999999726,-0.6141569999999774,1.1536279097841502,104.69957019969088
371.0,139.0,158.0,263.0,136.0,116.0,154.0,139.152557,157.754871,262.448671,-0.1525570000000016,0.2451289999999915,0.5513290000000097,0.6223548273541445,116.8503316212667
372.0,195.0,209.0,263.0,200.0,178.0,176.0,195.17709299999999,207.91386900000003,263.520045,-0.17709299999998507,1.0861309999999662,-0.5200449999999819,1.217164443218295,92.49324299644812
373.0,510.0,254.0,263.0,564.0,236.0,299.0,510.572133,251.903192,265.072713,-0.572133000000008,2.09680800000001,-2.0727130000000216,3.003344658696724,67.34983296193094
374.0,537.0,261.0,263.0,595.0,248.0,306.0,536.593118,261.474284,262.57347500000003,0.40688199999999597,-0.4742840000000115,0.4265249999999696,0.7565856529203958,73.3621155638249
375.0,475.0,283.0,263.0,525.0,274.0,281.0,475.929464,283.46222900000004,261.593127,-0.9294639999999958,-0.4622290000000362,1.4068730000000187,1.7483851446023209,53.898051912847464
376.0,222.0,101.0,264.0,232.0,48.0,190.0,222.498909,101.088603,264.808171,-0.4989089999999976,-0.0886030000000062,-0.8081710000000157,0.953887334610867,91.56964562561112
377.0,547.0,148.0,264.0,607.0,110.0,314.0,546.738818,148.28060800000003,264.318333,0.2611819999999625,-0.2806080000000293,-0.31833299999999554,0.49828986110194334,86.85620300243386
378.0,152.0,158.0,264.0,150.0,117.0,160.0,151.602079,158.42341900000002,263.482666,0.39792099999999664,-0.42341900000002397,0.5173340000000053,0.7779840868282739,111.80787092150534
379.0,216.0,98.0,265.0,224.0,44.0,187.0,215.46506499999998,97.893212,264.516745,0.5349350000000186,0.10678799999999455,0.48325499999998556,0.7287623249002413,95.20504188329524
380.0,152.0,163.0,265.0,149.0,122.0,161.0,151.1308,162.512277,264.568719,0.8692000000000064,0.48772299999998836,0.4312810000000127,1.085995242019969,111.83022847155415
381.0,157.0,286.0,265.0,155.0,272.0,162.0,157.42399,285.325684,265.257515,-0.4239900000000034,0.6743159999999762,-0.25751500000001215,0.8371281641307841,103.96634070698074
382.0,158.0,157.0,266.0,157.0,116.0,166.0,158.59357999999997,157.492998,266.316319,-0.5935799999999745,-0.49299800000000005,-0.31631900000002133,0.8339316243943404,108.08330120791094
383.0,217.0,162.0,266.0,226.0,122.0,190.0,218.512331,161.73260100000002,267.093265,-1.512330999999989,0.2673989999999833,-1.093264999999974,1.8851725753858453,86.35392289873113
384.0,343.0,243.0,267.0,370.0,223.0,236.0,343.305283,243.098659,266.40636,-0.30528299999997444,-0.09865899999999783,0.5936399999999935,0.6747886765276787,45.71651780264984
385.0,510.0,247.0,267.0,563.0,231.0,302.0,510.52978999999993,247.77738,267.61494000000005,-0.5297899999999345,-0.7773799999999937,-0.6149400000000469,1.1238987107831286,65.49809157525127
386.0,178.0,70.0,268.0,179.0,10.0,177.0,177.583146,70.417207,268.10740699999997,0.4168540000000007,-0.41720700000000477,-0.1074069999999665,0.5994707681063335,109.00458705944443
387.0,490.0,131.0,268.0,540.0,88.0,297.0,490.049141,130.84061400000002,268.304537,-0.049141000000020085,0.1593859999999836,-0.30453699999998207,0.3472196988161614,72.04165461731151
388.0,144.0,134.0,268.0,141.0,87.0,164.0,145.374628,133.853816,268.636008,-1.3746280000000013,0.1461840000000052,-0.6360080000000039,1.5216695029815146,114.16654501210063
389.0,604.0,290.0,268.0,671.0,284.0,337.0,604.046734,290.16229100000004,267.265213,-0.04673400000001493,-0.16229100000003882,0.734786999999983,0.7539458672915377,96.36389365317281
390.0,385.0,300.0,268.0,418.0,292.0,252.0,385.39917099999997,299.152775,267.041987,-0.3991709999999671,0.8472249999999804,0.958012999999994,1.3397449742525362,37.53664875824692
391.0,443.0,114.0,270.0,485.0,66.0,282.0,443.205044,113.30943400000001,270.726233,-0.20504399999998668,0.6905659999999898,-0.7262329999999793,1.0229070400485816,64.89992295835181
392.0,258.0,214.0,270.0,270.0,185.0,208.0,257.963271,212.870659,270.263878,0.036728999999979806,1.1293410000000108,-0.26387799999997696,1.1603412052521493,69.49100661236676
393.0,367.0,313.0,270.0,396.0,308.0,247.0,367.148253,312.440956,269.031001,-0.14825300000001107,0.5590439999999717,0.9689989999999966,1.1284804862938327,37.3496987939662
394.0,215.0,115.0,271.0,220.0,66.0,194.0,214.378665,115.85065900000001,271.21193700000003,0.6213349999999878,-0.8506590000000074,-0.21193700000003446,1.0745209204454849,91.40568910084318
395.0,174.0,179.0,271.0,171.0,141.0,177.0,172.563106,177.758811,271.471292,1.4368939999999952,1.2411889999999914,-0.4712920000000054,1.956356473197298,101.43470806385751
396.0,543.0,324.0,272.0,598.0,325.0,320.0,543.269983,324.35663500000004,273.428634,-0.26998300000002473,-0.3566350000000398,-1.4286339999999882,1.4970218600508172,73.00684899377592
397.0,169.0,72.0,273.0,167.0,11.0,180.0,169.047442,71.267278,273.567332,-0.04744199999998955,0.7327219999999954,-0.5673320000000217,0.9278997094902105,111.23848254988019
398.0,132.0,129.0,273.0,124.0,82.0,165.0,132.378277,129.841562,273.782327,-0.3782769999999971,-0.8415620000000104,-0.7823270000000093,1.2096923672992361,118.05507189443408
399.0,148.0,173.0,273.0,142.0,135.0,169.0,147.89100299999998,173.10292800000002,272.732458,0.10899700000001644,-0.10292800000001989,0.26754199999999173,0.3066810084713484,110.8873302050329
400.0,171.0,175.0,273.0,169.0,138.0,178.0,171.241632,175.30078200000003,272.738785,-0.24163200000000984,-0.30078200000002653,0.26121499999999287,0.46592822534486683,101.97058399362044
401.0,152.0,177.0,273.0,146.0,140.0,170.0,151.30525899999998,177.16382099999998,272.519031,0.6947410000000218,-0.16382099999998445,0.48096900000001597,0.8607168849761463,109.60839383915814
402.0,120.0,180.0,273.0,110.0,143.0,158.0,120.235039,179.966769,272.579244,-0.23503900000000044,0.03323100000000068,0.42075599999998303,0.4830975495880578,121.21881042148533
403.0,153.0,180.0,273.0,148.0,144.0,172.0,153.416313,180.404805,273.592711,-0.4163130000000024,-0.4048050000000103,-0.5927110000000084,0.8297529340201337,107.34057946554975
404.0,611.0,188.0,273.0,677.0,160.0,348.0,610.4381400000001,188.432908,273.03811099999996,0.5618599999999105,-0.43290799999999763,-0.03811099999995804,0.7103157357013107,103.75451797391764
405.0,533.0,193.0,273.0,587.0,164.0,318.0,532.7306140000001,192.57356800000002,273.154319,0.2693859999999404,0.42643199999997705,-0.15431899999998677,0.5274726735869303,76.03946343840151
406.0,383.0,304.0,273.0,412.0,298.0,258.0,382.352233,304.028483,273.322937,0.6477669999999875,-0.028482999999994263,-0.32293700000002445,0.7243629432453039,33.19638534539566
407.0,170.0,142.0,274.0,168.0,98.0,178.0,170.099085,142.543975,272.606401,-0.09908500000000231,-0.543974999999989,1.3935989999999947,1.499281431436731,105.62196741208714
408.0,179.0,182.0,274.0,176.0,145.0,183.0,178.04607299999998,180.934876,274.87377200000003,0.9539270000000215,1.0651239999999973,-0.8737720000000309,1.6756919062551712,98.28021163998376
409.0,186.0,187.0,274.0,185.0,152.0,185.0,185.624284,186.59388900000002,274.157601,0.37571600000001126,0.40611099999998146,-0.15760099999999966,0.5752623159724556,95.63994981178107
410.0,531.0,316.0,274.0,584.0,315.0,316.0,531.2585329999999,316.292477,273.86062,-0.25853299999994306,-0.2924770000000194,0.13938000000001693,0.4144983619002452,67.63135367564367
411.0,448.0,72.0,275.0,489.0,16.0,290.0,447.937856,72.23778200000001,275.413275,0.06214399999998932,-0.23778200000000993,-0.4132749999999987,0.48083092858613236,71.00704190430693
412.0,128.0,130.0,275.0,118.0,81.0,165.0,127.70649900000001,129.05606,275.33189600000003,0.293500999999992,0.9439399999999978,-0.33189600000002883,1.0427466209089389,120.8345976945345
413.0,135.0,155.0,275.0,126.0,112.0,168.0,134.98701499999999,154.366071,275.888111,0.01298500000001468,0.6339289999999949,-0.8881109999999808,1.091226711360641,115.6676272774712
414.0,482.0,121.0,276.0,527.0,76.0,304.0,481.658154,121.000358,277.005355,0.34184599999997545,-0.0003580000000056316,-1.0053550000000087,1.0618839352325662,69.52697318307479
415.0,141.0,163.0,276.0,133.0,123.0,171.0,141.307704,163.300475,276.508082,-0.3077040000000011,-0.3004750000000058,-0.5080820000000017,0.6656683077667179,112.6454615153225
416.0,371.0,293.0,276.0,398.0,284.0,257.0,371.084683,292.65198,276.047061,-0.08468299999998408,0.34802000000001954,-0.04706099999998514,0.3612531918336632,34.219877264537345
417.0,143.0,166.0,277.0,137.0,127.0,174.0,145.23311999999999,166.518238,277.839092,-2.2331199999999853,-0.5182379999999966,-0.8390919999999937,2.441202765750506,110.29959202100432
418.0,150.0,177.0,277.0,144.0,144.0,177.0,151.608625,180.367002,278.517905,-1.6086249999999893,-3.3670020000000136,-1.5179049999999847,4.0284503779560215,105.47511554864494
419.0,156.0,190.0,277.0,149.0,156.0,177.0,155.603792,190.167757,277.33610899999996,0.39620800000000145,-0.1677569999999946,-0.3361089999999649,0.5459784338176515,105.8536725862641
420.0,520.0,241.0,277.0,570.0,222.0,317.0,519.789535,240.18616400000002,277.364235,0.21046499999999924,0.8138359999999807,-0.36423500000000786,0.9161286407191809,66.79071791798619
421.0,480.0,115.0,278.0,526.0,68.0,303.0,480.54781099999997,114.465506,276.409673,-0.5478109999999674,0.5344939999999951,1.590327000000002,1.7649137924232916,70.35623639735144
422.0,146.0,162.0,278.0,138.0,120.0,175.0,146.206423,160.76719,278.287669,-0.2064230000000009,1.2328100000000006,-0.28766899999999396,1.2826474202172624,111.5212984142491
423.0,520.0,239.0,278.0,570.0,221.0,318.0,520.040547,239.35506900000001,278.13155,-0.04054699999994682,-0.3550690000000145,-0.13155000000000427,0.3808194539017238,66.51315659326356
424.0,378.0,292.0,278.0,405.0,283.0,262.0,377.816036,291.73359400000004,278.103592,0.18396400000000313,0.26640599999996084,-0.10359199999999191,0.3399208916733107,32.64965543462902
425.0,150.0,130.0,279.0,142.0,83.0,177.0,149.49711499999998,130.415528,278.43947000000003,0.5028850000000205,-0.4155279999999948,0.5605299999999716,0.8600876251341978,112.5921844534513
426.0,197.0,198.0,279.0,196.0,166.0,194.0,196.641697,197.890891,278.430141,0.3583030000000065,0.10910899999998946,0.5698590000000081,0.681927484100041,90.82951062292474
427.0,376.0,295.0,279.0,402.0,287.0,262.0,375.521259,295.026613,278.922508,0.47874100000001363,-0.026612999999997555,0.07749200000000656,0.48570176746025323,32.07802986469088
428.0,168.0,70.0,280.0,164.0,10.0,187.0,168.528021,70.380752,279.777067,-0.5280209999999954,-0.3807520000000011,0.22293300000001182,0.6880969295339148,110.74746046749786
429.0,581.0,128.0,280.0,640.0,86.0,346.0,580.4888209999999,128.053479,280.374301,0.5111790000000838,-0.053479000000010046,-0.37430100000000266,0.6358185370709859,97.98469268207153
430.0,574.0,188.0,280.0,632.0,159.0,342.0,573.898301,187.937743,280.06089199999997,0.10169900000005327,0.06225699999998824,-0.060891999999967084,0.13388971698381233,89.71621926942753
431.0,346.0,225.0,280.0,367.0,201.0,253.0,345.195486,224.891523,280.181368,0.8045139999999833,0.1084769999999935,-0.1813680000000204,0.8318079027930543,41.78516483155236
432.0,109.0,275.0,280.0,93.0,258.0,162.0,109.11545199999999,274.20561000000004,281.233769,-0.11545199999999056,0.7943899999999644,-1.2337689999999952,1.471927505607844,120.28715642162301
433.0,611.0,288.0,280.0,674.0,282.0,355.0,611.042447,288.29076200000003,280.454107,-0.042447000000038315,-0.2907620000000293,-0.4541070000000218,0.5408858067115832,98.13256340277675
434.0,132.0,144.0,281.0,121.0,100.0,172.0,132.03243999999998,144.517176,280.178395,-0.03243999999997982,-0.5171760000000063,0.8216049999999768,0.9713692112687982,118.05930712993364
435.0,328.0,203.0,281.0,347.0,174.0,248.0,328.10593400000005,202.948938,281.228889,-0.10593400000004749,0.05106200000000172,-0.22888899999998102,0.25733152648092217,47.86439177509728
436.0,614.0,262.0,281.0,677.0,251.0,356.0,613.3507000000001,262.871088,280.147524,0.6492999999999256,-0.8710879999999861,0.8524760000000242,1.3809779593896205,98.56469956328178
437.0,464.0,93.0,282.0,504.0,42.0,304.0,463.474069,93.280957,282.649525,0.5259310000000141,-0.2809570000000008,-0.6495249999999828,0.8817159283096756,68.4470598345904
438.0,192.0,126.0,282.0,191.0,77.0,196.0,192.46335399999998,124.998446,280.411042,-0.46335399999998117,1.0015539999999987,1.588957999999991,1.9345787319196786,98.98484732523458
439.0,467.0,210.0,282.0,508.0,185.0,302.0,467.36864899999995,210.408235,281.45809799999995,-0.36864899999994805,-0.4082349999999906,0.5419020000000501,0.7721500359580438,52.01922721455981
440.0,491.0,255.0,282.0,536.0,238.0,313.0,492.47348100000005,253.529426,283.249123,-1.4734810000000493,1.4705739999999992,-1.2491229999999973,2.42776490129628,57.227615711297986
441.0,382.0,271.0,282.0,408.0,259.0,267.0,381.228833,271.99920000000003,280.974146,0.7711669999999913,-0.9992000000000303,1.0258539999999812,1.6264918109861508,32.32645975048923
442.0,318.0,314.0,282.0,333.0,309.0,243.0,317.15905599999996,313.660515,282.305768,0.8409440000000359,0.3394850000000247,-0.3057680000000005,0.9570428131411245,42.08325082500163
443.0,373.0,316.0,282.0,398.0,313.0,266.0,373.690959,316.296405,283.325562,-0.6909590000000208,-0.2964049999999929,-1.3255619999999908,1.5239405761216545,29.832867780352597
444.0,149.0,157.0,283.0,142.0,119.0,181.0,150.86660299999997,159.853548,281.90101,-1.8666029999999694,-2.8535479999999893,1.0989900000000148,3.5825580201879292,109.07336980216573
445.0,150.0,158.0,283.0,142.0,117.0,184.0,151.628775,158.179323,284.212762,-1.6287749999999903,-0.17932300000001078,-1.212761999999998,2.038591770707899,107.45231500530828
446.0,145.0,194.0,283.0,134.0,164.0,181.0,145.060867,196.755992,284.421493,-0.06086700000000178,-2.755991999999992,-1.4214929999999981,3.1015865367263173,106.88779163215975
447.0,146.0,127.0,284.0,137.0,80.0,180.0,146.36461599999998,127.950208,282.040895,-0.36461599999998384,-0.9502080000000035,1.9591050000000223,2.207698455800765,114.48143954370944
448.0,128.0,246.0,284.0,116.0,225.0,174.0,129.809201,246.903571,284.257994,-1.8092010000000016,-0.9035709999999995,-0.2579939999999965,2.0386784235082303,112.62770529492288
449.0,391.0,311.0,285.0,417.0,307.0,275.0,390.742508,311.167463,285.322794,0.2574920000000134,-0.16746299999999792,-0.3227939999999876,0.44558046733334056,28.142494558940577
450.0,355.0,326.0,285.0,374.0,325.0,260.0,353.589135,326.331567,285.018018,1.4108650000000011,-0.33156700000000683,-0.018017999999983658,1.44941414786734,31.416556144810016
451.0,351.0,280.0,286.0,372.0,269.0,261.0,351.78345299999995,280.463358,285.76574,-0.7834529999999518,-0.4633580000000279,0.23426000000000613,0.9398813685635827,34.45286635390443
452.0,225.0,76.0,287.0,226.0,18.0,217.0,224.58618299999998,76.22541600000001,287.055631,0.41381700000002297,-0.22541600000000983,-0.055631000000005315,0.4745015181282606,90.91204540653565
453.0,256.0,152.0,287.0,263.0,109.0,228.0,257.032146,150.42055,286.880258,-1.0321460000000116,1.5794500000000085,0.11974199999997381,1.8905887480835288,73.34166619323561
454.0,133.0,126.0,288.0,119.0,78.0,182.0,132.878714,126.388692,288.253653,0.12128599999999778,-0.38869200000000603,-0.2536529999999857,0.4797203446477926,117.2006825918689
455.0,123.0,171.0,288.0,107.0,131.0,177.0,122.736898,169.926163,288.006566,0.2631020000000035,1.0738369999999975,-0.006566000000020722,1.1056182330845474,119.06720791217035
456.0,568.0,178.0,288.0,623.0,147.0,349.0,568.615742,178.075115,287.722126,-0.6157419999999547,-0.07511500000001092,0.27787399999999707,0.6797017240414683,87.78952101475437
457.0,190.0,188.0,288.0,185.0,154.0,203.0,190.32522,188.015379,288.165411,-0.3252200000000016,-0.015378999999995813,-0.16541100000000597,0.36519222467353124,91.68424073961675
458.0,134.0,125.0,290.0,120.0,76.0,185.0,134.417993,124.70887400000001,290.30550900000003,-0.4179929999999956,0.29112599999999134,-0.3055090000000291,0.5939766367509829,116.71332400373147
459.0,399.0,133.0,291.0,425.0,90.0,288.0,398.358776,133.230244,291.218093,0.6412240000000224,-0.230243999999999,-0.2180930000000103,0.7153635959154148,50.33885179461288
460.0,133.0,185.0,291.0,118.0,151.0,185.0,133.548979,186.14956,291.560826,-0.5489790000000028,-1.1495600000000081,-0.56082600000002,1.3919022732638395,112.32542009714453
461.0,183.0,193.0,291.0,176.0,160.0,203.0,183.38607299999998,192.980076,290.563317,-0.3860729999999819,0.01992400000000316,0.43668300000001636,0.5832164003129545,94.2443632266673
462.0,115.0,77.0,292.0,96.0,18.0,181.0,114.19694499999999,77.385766,292.865719,0.8030550000000147,-0.38576600000000383,-0.8657190000000128,1.2422488183701559,127.13378779852349
463.0,394.0,139.0,292.0,420.0,97.0,287.0,394.27704499999993,139.00366400000001,291.8091,-0.27704499999993004,-0.0036640000000147666,0.19089999999999918,0.33646718550396715,49.64876634922564
464.0,590.0,150.0,293.0,646.0,113.0,363.0,589.820651,149.929946,292.290788,0.17934900000000198,0.07005399999999895,0.7092119999999795,0.7348845403605736,96.97937925146768
465.0,589.0,152.0,293.0,644.0,117.0,363.0,588.302981,153.217372,292.849808,0.6970189999999548,-1.2173720000000117,0.1501920000000041,1.4108110113012893,95.65563234854496
466.0,187.0,87.0,294.0,180.0,31.0,210.0,187.136993,87.214719,293.698484,-0.1369929999999897,-0.21471900000000232,0.30151599999999235,0.39469384244752737,101.19782606360673
467.0,125.0,269.0,294.0,107.0,252.0,183.0,125.40324199999998,268.960213,293.855945,-0.40324199999997745,0.0397869999999898,0.14405499999998028,0.4300452987279076,113.72774507568502
468.0,382.0,320.0,294.0,403.0,318.0,281.0,381.524394,320.183215,293.731947,0.4756060000000275,-0.18321500000001834,0.268053000000009,0.5758656217122512,24.779023386727733
469.0,188.0,83.0,295.0,181.0,27.0,211.0,188.13770399999996,83.920851,294.176482,-0.13770399999995675,-0.920850999999999,0.8235179999999787,1.2430248799364199,101.19782606360673
470.0,541.0,234.0,295.0,588.0,215.0,345.0,540.997653,234.01509,294.37687400000004,0.00234699999998611,-0.015089999999986503,0.6231259999999565,0.6233131062194549,71.20393247567159
471.0,348.0,267.0,295.0,365.0,253.0,271.0,348.79900799999996,267.277199,295.19932,-0.799007999999958,-0.277198999999996,-0.19932000000000016,0.8688967326816982,32.57299494980466
472.0,522.0,284.0,295.0,565.0,277.0,338.0,521.8695879999999,285.009694,295.522662,0.13041200000009212,-1.0096940000000245,-0.5226620000000253,1.1444058850006407,61.212743771211564
473.0,341.0,319.0,295.0,356.0,316.0,267.0,341.340021,318.97645600000004,295.047737,-0.3400209999999788,0.023543999999958487,-0.04773699999998371,0.34416191181765315,31.906112267087632
474.0,247.0,239.0,296.0,247.0,217.0,233.0,246.885862,238.908343,295.98336,0.11413799999999696,0.09165699999999788,0.016639999999995325,0.14732745261151692,66.73080248281148
475.0,486.0,269.0,296.0,524.0,257.0,323.0,485.923261,269.038332,294.325428,0.07673899999997502,-0.038332000000025346,1.674572000000012,1.6767676045084596,48.13522618623496
476.0,177.0,277.0,296.0,165.0,263.0,206.0,176.559348,277.368674,296.76366,0.44065200000000004,-0.3686739999999986,-0.7636600000000158,0.9556522897895569,91.86947262284681
477.0,106.0,157.0,297.0,85.0,116.0,181.0,106.544096,157.715169,296.685661,-0.5440959999999961,-0.715169000000003,0.31433900000001813,0.9520063879502131,124.8118584109699
478.0,605.0,162.0,297.0,662.0,127.0,374.0,605.243895,161.174913,296.818092,-0.24389499999995223,0.8250869999999964,0.18190800000002127,0.879399709493913,101.99509792141973
479.0,268.0,138.0,298.0,271.0,94.0,245.0,267.53447800000004,137.885311,297.865059,0.46552199999996446,0.11468899999999849,0.13494100000002618,0.4980696464210338,68.9492567037528
480.0,477.0,244.0,298.0,513.0,227.0,325.0,477.62129999999996,244.503985,298.444318,-0.6212999999999624,-0.5039850000000001,-0.44431800000000976,0.9151136843851491,48.104053883222775
481.0,344.0,313.0,298.0,357.0,308.0,271.0,343.084632,312.370243,297.81787299999996,0.9153680000000008,0.6297569999999837,0.1821270000000368,1.1259052795870506,30.380915061926625
482.0,528.0,321.0,298.0,570.0,321.0,342.0,527.197699,320.972229,297.763178,0.8023010000000568,0.0277709999999729,0.23682200000001785,0.8369843383995295,60.8276253029822
483.0,384.0,79.0,299.0,405.0,23.0,293.0,383.505264,78.404909,299.64455399999997,0.49473599999998896,0.5950909999999965,-0.644553999999971,1.0071478873000466,60.108235708594876
484.0,137.0,122.0,299.0,121.0,72.0,196.0,138.02018399999997,121.294656,298.554727,-1.020183999999972,0.7053439999999966,0.44527299999998604,1.3177835925222798,115.60709320798617
485.0,610.0,139.0,299.0,667.0,100.0,379.0,610.183498,138.972153,299.139433,-0.18349799999998595,0.027847000000008393,-0.1394329999999968,0.23213903786738332,105.6882207249228
486.0,588.0,161.0,300.0,640.0,127.0,372.0,587.627245,161.32202900000001,300.98156,0.37275499999998374,-0.3220290000000148,-0.9815600000000018,1.098229939705707,95.09994742374992
487.0,526.0,277.0,300.0,568.0,267.0,345.0,525.930585,276.71807,300.08475799999997,0.06941500000004908,0.28192999999998847,-0.08475799999996525,0.3024679911808759,62.36184731067546
488.0,476.0,148.0,301.0,511.0,109.0,329.0,476.02963,147.817951,300.915372,-0.02962999999999738,0.18204900000000634,0.08462800000000925,0.2029326826437864,59.413803110051795
489.0,138.0,262.0,301.0,119.0,244.0,195.0,137.77721400000001,262.196197,299.984201,0.22278599999998505,-0.19619699999998375,1.0157990000000154,1.0582884639860808,109.1833320612629
490.0,104.0,281.0,301.0,79.0,266.0,182.0,103.512002,280.595692,300.493209,0.4879980000000046,0.40430800000001454,0.5067910000000211,0.8114457003084294,122.51938622112013
491.0,525.0,301.0,301.0,567.0,298.0,344.0,525.176546,302.126558,299.87154899999996,-0.1765460000000303,-1.1265579999999886,1.128451000000041,1.6042764963936478,60.18305409332431
492.0,593.0,155.0,302.0,645.0,120.0,375.0,592.229272,155.524539,301.944797,0.7707279999999628,-0.5245390000000043,0.055203000000005886,0.9339219366274398,96.21850133939938
493.0,190.0,186.0,302.0,179.0,152.0,219.0,189.806674,186.218257,302.13912500000004,0.1933260000000132,-0.21825699999999415,-0.13912500000003547,0.32305854879574447,90.36592278065886
494.0,612.0,197.0,303.0,668.0,171.0,383.0,612.649853,197.07168000000001,302.68432199999995,-0.6498530000000073,-0.07168000000001484,0.3156780000000481,0.7260162144835623,101.05444077327824
495.0,425.0,198.0,303.0,451.0,168.0,313.0,425.779866,196.67063100000001,304.653793,-0.7798660000000268,1.3293689999999856,-1.6537930000000074,2.2606291608678384,40.93897898091744
496.0,491.0,310.0,303.0,526.0,307.0,334.0,490.795903,309.847761,302.844328,0.2040969999999902,0.15223900000000867,0.15567199999998138,0.29843939102268796,46.850827100489916
497.0,150.0,81.0,304.0,133.0,23.0,208.0,150.01958,80.94918000000001,304.280896,-0.019579999999990605,0.05081999999998743,-0.28089599999998427,0.28612691522467704,113.44161493913951
498.0,208.0,143.0,304.0,200.0,99.0,229.0,208.243193,142.57027399999998,303.932758,-0.2431929999999909,0.4297260000000165,0.06724200000002156,0.49832595446054445,87.32124598286491
499.0,595.0,160.0,304.0,648.0,126.0,379.0,595.656001,160.37398000000002,304.332439,-0.6560009999999465,-0.3739800000000173,-0.33243900000002213,0.8250539625515154,97.92854537876073
500.0,597.0,169.0,304.0,649.0,136.0,379.0,596.524468,168.558987,304.170613,0.4755320000000438,0.4410129999999981,-0.170613000000003,0.6706205670586319,97.04638066409278
501.0,338.0,265.0,304.0,348.0,251.0,279.0,337.65110100000004,265.63788,305.814914,0.3488989999999603,-0.6378799999999956,-1.8149139999999875,1.9551302345360324,30.347981810987037
502.0,466.0,286.0,304.0,497.0,277.0,327.0,466.16468399999997,285.522403,304.647248,-0.16468399999996564,0.47759700000000294,-0.6472479999999905,0.8210661896394098,39.63584236521283
503.0,482.0,308.0,304.0,515.0,305.0,332.0,481.70915799999995,308.295234,304.129326,0.29084200000005467,-0.29523399999999356,-0.12932599999999184,0.4341398369143586,43.382023926967726
504.0,489.0,313.0,304.0,523.0,312.0,334.0,488.510262,313.95984,303.673051,0.48973799999998846,-0.9598399999999856,0.32694900000001326,1.1260691732060557,45.35416188179427
505.0,594.0,161.0,305.0,647.0,127.0,380.0,595.148178,161.186598,305.379264,-1.14817800000003,-0.1865980000000036,-0.37926399999997784,1.223508363266902,97.92854537876073
506.0,484.0,311.0,305.0,516.0,309.0,333.0,482.78295699999995,311.553846,304.68578,1.2170430000000465,-0.5538460000000214,0.3142199999999775,1.3735622533999405,42.567593307585526
507.0,481.0,318.0,305.0,514.0,316.0,332.0,481.03254699999997,317.310487,304.497099,-0.032546999999965465,0.6895129999999767,0.5029010000000085,0.8540473641309211,42.68489194082609
508.0,429.0,207.0,306.0,455.0,180.0,315.0,429.518222,206.45290900000003,305.286137,-0.5182219999999802,0.5470909999999662,0.7138630000000035,1.0380091455926328,38.54867053479276
509.0,495.0,248.0,306.0,528.0,231.0,342.0,493.736965,247.491735,307.79618000000005,1.2630350000000021,0.5082649999999944,-1.7961800000000494,2.2538529929545486,51.710733895391584
510.0,174.0,274.0,306.0,159.0,258.0,216.0,174.452506,273.186582,306.04522099999997,-0.45250599999999963,0.8134180000000129,-0.045220999999969536,0.9319095780176411,92.63368717696602
511.0,276.0,170.0,307.0,277.0,134.0,258.0,275.944484,170.457698,306.80054900000005,0.055516000000011445,-0.4576979999999935,0.19945099999995364,0.5023446892930956,60.81118318204309
512.0,612.0,180.0,307.0,666.0,150.0,387.0,611.944375,179.83446600000002,306.10665499999993,0.05562499999996362,0.16553399999997964,0.8933450000000676,0.9102532256499342,101.07423014794622
513.0,316.0,212.0,307.0,324.0,186.0,272.0,316.58565699999997,212.617457,305.975109,-0.5856569999999692,-0.6174570000000017,1.024891000000025,1.3321594613179826,44.328320518603
514.0,426.0,212.0,307.0,450.0,185.0,316.0,425.938515,210.564139,307.41177400000004,0.061485000000004675,1.4358609999999885,-0.4117740000000367,1.4950033590671286,37.22902093797257
515.0,447.0,276.0,307.0,474.0,265.0,323.0,447.140999,275.87046200000003,307.398684,-0.14099900000002208,0.12953799999996818,-0.3986840000000029,0.4422779027952904,33.25657829663178
516.0,188.0,93.0,308.0,175.0,39.0,228.0,188.00721,93.578534,309.064616,-0.007209999999986394,-0.5785340000000048,-1.064616000000001,1.211676854904808,97.3909646733207
517.0,386.0,107.0,308.0,404.0,58.0,303.0,385.649397,106.95725200000001,308.018915,0.35060299999997824,0.042747999999988906,-0.018914999999992688,0.3537055729529625,52.44044240850758
518.0,510.0,326.0,309.0,546.0,327.0,348.0,510.162835,325.948611,308.722256,-0.16283499999997275,0.05138899999997193,0.2777439999999842,0.32603342785975103,53.08483775994799
519.0,383.0,328.0,309.0,399.0,327.0,299.0,383.180854,327.36049700000007,308.84799,-0.18085400000001073,0.6395029999999338,0.1520100000000184,0.6817472379298098,18.894443627691185
520.0,485.0,94.0,310.0,518.0,44.0,345.0,485.037907,94.34734,310.892597,-0.03790700000001834,-0.34734000000000265,-0.8925970000000234,0.9585465146032534,69.38299503480663
521.0,526.0,286.0,310.0,565.0,279.0,356.0,526.570524,286.43118400000003,309.53047200000003,-0.5705239999999776,-0.4311840000000302,0.4695279999999684,0.8554962414972791,60.71243694664216
522.0,451.0,202.0,311.0,478.0,176.0,329.0,450.997211,202.87954000000002,310.149009,0.002789000000007036,-0.87954000000002,0.8509910000000218,1.2238398883032342,41.58124577258358
523.0,285.0,190.0,313.0,284.0,158.0,268.0,284.204977,189.95563700000002,312.987865,0.7950230000000147,0.04436299999997573,0.012135000000000673,0.7963522490223917,55.226805085936306
524.0,449.0,326.0,313.0,473.0,326.0,329.0,448.482076,325.766505,312.919539,0.5179239999999936,0.2334950000000049,0.08046100000001388,0.573793653957586,28.844410203711913
525.0,545.0,321.0,314.0,584.0,321.0,367.0,544.580897,320.593052,313.552684,0.41910299999995004,0.40694799999999987,0.4473160000000007,0.7357619201677664,65.80273550544841
526.0,546.0,322.0,314.0,585.0,323.0,368.0,545.6364239999999,322.213544,314.089524,0.36357600000008006,-0.21354400000001306,-0.08952399999998306,0.4310488305146654,66.61831579978588
527.0,615.0,80.0,315.0,669.0,25.0,400.0,616.51562,77.278732,314.20367799999997,-1.5156200000000126,2.721267999999995,0.796322000000032,3.2150477819012364,114.74319151914854
528.0,508.0,269.0,315.0,541.0,258.0,355.0,507.46795199999997,269.377191,314.784907,0.5320480000000316,-0.37719099999998207,0.2150930000000244,0.6867409434670622,53.009433122794285
529.0,369.0,184.0,316.0,381.0,152.0,305.0,369.155016,184.053461,316.472625,-0.15501599999998916,-0.05346099999999865,-0.47262499999999363,0.5002623605689224,35.90264614203248
530.0,555.0,224.0,316.0,596.0,204.0,376.0,555.178601,224.587601,316.280611,-0.17860099999995782,-0.5876010000000065,-0.2806110000000217,0.675215362475562,75.37240874484509
531.0,508.0,82.0,318.0,542.0,30.0,362.0,507.98308700000007,82.541673,317.72886900000003,0.016912999999931344,-0.541673000000003,0.2711309999999685,0.605976656034689,76.13146524269712
532.0,207.0,178.0,318.0,192.0,141.0,244.0,206.312269,176.835013,318.08065,0.6877310000000136,1.1649869999999964,-0.08064999999999145,1.3552391158131503,84.08329203831163
533.0,496.0,247.0,318.0,527.0,231.0,355.0,496.34178199999997,247.340873,318.15866200000005,-0.3417819999999665,-0.34087299999998777,-0.15866200000004937,0.5081170808947327,50.85272854036448
534.0,459.0,179.0,319.0,484.0,145.0,343.0,459.018709,177.286632,319.165324,-0.018709000000001197,1.7133680000000027,-0.16532399999999825,1.7214273017124506,48.54894437575342
535.0,507.0,249.0,319.0,540.0,234.0,361.0,508.032469,249.65313400000002,319.472167,-1.0324689999999919,-0.6531340000000228,-0.4721670000000131,1.3097778184890845,55.47972602672079
536.0,506.0,256.0,319.0,539.0,241.0,360.0,507.059166,255.404182,319.02359,-1.0591660000000047,0.5958180000000084,-0.02359000000001288,1.2154785858994064,54.72659317004851
537.0,609.0,88.0,320.0,659.0,36.0,404.0,609.885638,86.296182,320.019003,-0.8856379999999717,1.7038179999999983,-0.019002999999997883,1.9203415212344246,110.72488428533127
538.0,510.0,252.0,320.0,542.0,237.0,362.0,509.874239,252.08709299999998,319.758918,0.12576100000001134,-0.08709299999998166,0.2410820000000058,0.28551979002164185,54.89080068645383
539.0,484.0,266.0,320.0,512.0,253.0,351.0,483.84557699999993,265.492228,319.16436799999997,0.15442300000006526,0.5077719999999886,0.8356320000000323,0.9899291420788978,43.749285708454714
540.0,476.0,255.0,321.0,503.0,239.0,350.0,476.463562,254.08776,320.589012,-0.46356200000002445,0.912239999999997,0.4109879999999748,1.1027160475788844,42.731721238442994
541.0,442.0,260.0,321.0,463.0,247.0,336.0,441.810298,261.03245000000004,320.1836,0.18970200000001114,-1.0324500000000398,0.8163999999999874,1.3298303693719984,28.89636655359978
542.0,558.0,325.0,321.0,596.0,325.0,382.0,557.844945,323.621651,322.12999,0.15505499999994754,1.3783490000000143,-1.1299900000000207,1.7890683103017808,71.8679344353238
543.0,130.0,235.0,322.0,101.0,211.0,218.0,129.471204,234.991086,322.21250399999997,0.5287959999999998,0.008914000000004307,-0.21250399999996716,0.5699672087304549,110.60289327137876
544.0,459.0,324.0,322.0,482.0,324.0,342.0,458.83969099999996,323.92159300000003,320.663447,0.16030900000004067,0.07840699999997014,1.3365529999999808,1.3484140888239626,30.479501308256342
545.0,134.0,183.0,323.0,107.0,147.0,221.0,134.32958599999998,182.501583,322.356846,-0.32958599999997773,0.49841699999998923,0.6431539999999814,0.8778915109516384,111.48542505637228
546.0,421.0,230.0,323.0,438.0,209.0,332.0,420.99486299999995,230.096135,323.199846,0.005137000000047465,-0.09613500000000386,-0.19984599999997954,0.2218259468817682,28.478061731796284
547.0,473.0,105.0,324.0,499.0,57.0,355.0,472.99312199999997,104.98103700000001,323.729332,0.0068780000000288055,0.018962999999985186,0.2706680000000006,0.2714186222000991,62.77738446287803
548.0,422.0,121.0,324.0,440.0,76.0,335.0,422.114433,121.113864,323.707089,-0.11443300000001955,-0.11386400000000663,0.2929110000000037,0.3344499602421985,49.69909455915671
549.0,615.0,122.0,324.0,662.0,78.0,411.0,614.4217070000001,120.595678,325.091063,0.5782929999999169,1.4043219999999934,-1.0910630000000197,1.8700164554093976,108.23123393919151
550.0,610.0,147.0,324.0,657.0,111.0,408.0,610.057216,147.68872800000003,324.38280799999995,-0.05721600000003946,-0.688728000000026,-0.3828079999999545,0.7900391721326263,102.76672613253767
551.0,113.0,246.0,324.0,81.0,223.0,213.0,112.737956,244.99184100000002,323.64249800000005,0.26204400000000305,1.0081589999999778,0.357501999999954,1.101298918196565,117.7879450538127
552.0,507.0,316.0,324.0,536.0,314.0,363.0,506.175217,315.176236,322.850555,0.8247830000000249,0.8237639999999828,1.1494450000000143,1.637094356721703,48.641546028061235
553.0,141.0,105.0,325.0,115.0,52.0,228.0,141.49955799999998,104.561894,324.785867,-0.4995579999999791,0.43810600000000477,0.2141330000000039,0.698103147313479,113.55175031676086
554.0,136.0,93.0,326.0,108.0,38.0,228.0,135.93190499999997,93.13420500000001,326.467841,0.068095000000028,-0.13420500000000857,-0.46784100000002127,0.4914500100020611,115.81450686334593
555.0,432.0,150.0,326.0,450.0,111.0,342.0,432.026299,149.64078899999998,326.89122799999996,-0.02629899999999452,0.35921100000001616,-0.8912279999999555,0.9612551835521783,45.83666654546336
556.0,610.0,79.0,328.0,657.0,28.0,414.0,610.859816,79.634538,328.231559,-0.8598160000000235,-0.6345380000000063,-0.2315590000000043,1.0934082484511676,110.48076755707302
557.0,439.0,176.0,328.0,460.0,144.0,345.0,440.879301,176.57773400000002,326.947265,-1.8793009999999981,-0.5777340000000208,1.0527349999999842,2.2302017405566663,41.88078318274385
558.0,483.0,198.0,328.0,507.0,170.0,362.0,482.06338199999993,197.40582799999999,328.198209,0.9366180000000668,0.5941720000000146,-0.19820900000001984,1.1267566068983799,50.15974481593781
559.0,612.0,105.0,329.0,658.0,60.0,416.0,612.449571,105.814795,329.83973100000003,-0.4495709999999917,-0.8147950000000037,-0.8397310000000289,1.2534564724899893,108.21275340735028
560.0,503.0,131.0,329.0,530.0,88.0,373.0,502.049319,129.981884,329.964769,0.9506809999999746,1.018115999999992,-0.9647689999999898,1.694442025145126,67.1863081289633
561.0,427.0,153.0,329.0,444.0,115.0,343.0,427.660349,152.93855200000002,329.266954,-0.6603489999999965,0.061447999999984404,-0.26695399999999836,0.7149133490297915,43.9203825119955
562.0,472.0,235.0,329.0,494.0,215.0,359.0,471.591667,234.372342,329.68680599999993,0.40833300000002737,0.6276579999999967,-0.6868059999999332,1.016067362672833,42.23742416388575
563.0,148.0,117.0,330.0,120.0,67.0,237.0,147.863465,116.71151400000001,330.62759,0.13653500000000918,0.2884859999999918,-0.6275899999999979,0.7040846444292015,109.23827168167757
564.0,532.0,319.0,331.0,562.0,320.0,384.0,531.897923,319.692443,332.47166300000004,0.10207700000000841,-0.6924430000000257,-1.471663000000035,1.6296284876459237,60.909769331364245
565.0,508.0,71.0,332.0,536.0,16.0,379.0,507.615057,70.903796,332.362021,0.38494300000002113,0.09620400000000018,-0.362021000000027,0.5371177964897792,77.57576941287789
566.0,498.0,135.0,332.0,525.0,93.0,374.0,498.469612,134.093114,332.090406,-0.4696119999999837,0.9068859999999859,-0.09040599999997312,1.0252565007723453,65.24568951279464
567.0,608.0,149.0,332.0,652.0,113.0,416.0,608.2711370000001,149.258533,331.918878,-0.271137000000067,-0.2585329999999999,0.08112199999999348,0.38332148875589434,101.42977866484773
568.0,509.0,262.0,332.0,537.0,249.0,375.0,509.48026000000004,261.787323,331.27866800000004,-0.4802600000000439,0.21267699999998513,0.7213319999999612,0.8923009739728965,52.933921071464184
569.0,493.0,264.0,332.0,518.0,250.0,369.0,493.163475,262.78486000000004,331.563767,-0.16347500000000537,1.2151399999999626,0.43623300000001564,1.301379470221474,46.79743582719036
570.0,219.0,266.0,332.0,201.0,250.0,264.0,219.50501599999998,265.821516,332.352989,-0.5050159999999835,0.17848400000002584,-0.35298899999997957,0.6414818256451059,72.13875518748573
571.0,618.0,72.0,333.0,664.0,19.0,423.0,618.558673,72.115532,333.318122,-0.5586729999999989,-0.11553200000000174,-0.31812200000001667,0.6531958135482879,114.12712210513327
572.0,127.0,221.0,333.0,94.0,194.0,230.0,126.997919,220.96179700000005,333.190521,0.0020810000000039963,0.038202999999953136,-0.19052099999998973,0.19432460269094215,111.476454913134
573.0,498.0,291.0,333.0,523.0,284.0,372.0,498.140078,290.56883,332.92909099999997,-0.1400780000000168,0.4311700000000087,0.07090900000002875,0.45886545006681023,46.850827100489916
574.0,610.0,99.0,334.0,654.0,51.0,422.0,610.819807,98.393417,335.453784,-0.8198069999999689,0.6065830000000005,-1.4537839999999846,1.7758137210287304,109.47145746723207
575.0,455.0,138.0,334.0,475.0,98.0,358.0,455.49757400000004,138.66062399999998,332.700289,-0.4975740000000428,-0.6606239999999843,1.299711000000002,1.5405364774561578,50.75431016179808
576.0,615.0,153.0,334.0,659.0,118.0,420.0,614.797158,153.26654200000002,333.25712899999996,0.20284200000003239,-0.2665420000000154,0.7428710000000365,0.8148906904420221,102.74726273726225
577.0,127.0,209.0,334.0,94.0,179.0,231.0,127.121027,208.663862,333.820538,-0.121026999999998,0.3361380000000054,0.1794620000000009,0.39980357579316805,112.24081254160627
578.0,518.0,237.0,334.0,546.0,219.0,383.0,518.2813269999999,237.06890599999997,334.86236999999994,-0.2813269999999193,-0.06890599999996994,-0.8623699999999417,0.9097114568174075,59.23681287847955
579.0,480.0,264.0,334.0,502.0,251.0,367.0,480.218603,263.717478,334.177666,-0.21860299999997324,0.28252199999997174,-0.1776659999999879,0.39896260432397423,41.737273509418415
580.0,491.0,275.0,334.0,514.0,265.0,371.0,490.712383,275.069062,334.3047,0.28761700000001156,-0.06906199999997398,-0.3047000000000253,0.4246589084583278,44.69899327725402
581.0,517.0,218.0,335.0,545.0,197.0,384.0,517.563376,219.04314399999998,335.683634,-0.5633759999999484,-1.0431439999999839,-0.6836339999999836,1.3685384057701435,60.21627686929839
582.0,619.0,93.0,336.0,664.0,45.0,427.0,619.836801,93.362952,336.681592,-0.8368010000000368,-0.36295200000000705,-0.6815920000000233,1.1386561036454765,112.29425630903836
583.0,164.0,165.0,336.0,137.0,126.0,249.0,164.73508399999997,164.79655300000002,336.113435,-0.7350839999999721,0.20344699999998284,-0.1134349999999813,0.7711074296684916,99.09086738948247
584.0,446.0,186.0,336.0,462.0,156.0,358.0,445.925071,186.238813,336.647743,0.07492899999999736,-0.23881299999999328,-0.6477429999999913,0.6944184603385664,40.496913462633174
585.0,136.0,106.0,337.0,104.0,55.0,240.0,136.10056500000002,106.93617700000001,336.99960799999997,-0.10056500000001733,-0.9361770000000149,0.0003920000000334767,0.9415629815461266,114.16654501210063
586.0,620.0,84.0,338.0,664.0,34.0,429.0,620.2566009999999,84.329222,338.12795900000003,-0.25660099999993236,-0.32922200000000146,-0.12795900000003257,0.4365829865741158,112.76967677527502
587.0,478.0,257.0,338.0,498.0,242.0,372.0,478.328691,256.308135,339.014597,-0.3286909999999921,0.6918650000000071,-1.0145969999999807,1.2712678805487714,42.20189569201838
588.0,493.0,279.0,338.0,515.0,271.0,376.0,492.845046,279.917654,337.989256,0.15495399999997517,-0.9176540000000273,0.010743999999988318,0.9307067418731005,44.63182720884279
589.0,247.0,99.0,339.0,231.0,48.0,285.0,246.435862,99.950871,338.894657,0.564138000000014,-0.9508710000000065,0.10534300000000485,1.1106324726632248,75.9802605944465
590.0,118.0,219.0,339.0,82.0,190.0,233.0,118.416535,217.716568,338.601411,-0.4165349999999961,1.2834320000000048,0.3985890000000154,1.4069727416584947,115.64168798491312
591.0,365.0,150.0,340.0,367.0,111.0,331.0,364.66479,150.237393,339.914254,0.33521000000001777,-0.2373929999999973,0.0857459999999719,0.4196111974971662,40.07492981902776
592.0,238.0,186.0,340.0,221.0,152.0,282.0,238.834492,185.225146,340.182179,-0.8344920000000116,0.7748540000000048,-0.1821790000000192,1.1532410014481074,69.34695379034324
593.0,553.0,293.0,340.0,583.0,288.0,401.0,552.347334,293.160475,339.91109700000004,0.6526659999999538,-0.16047500000001946,0.08890299999995932,0.6779593472988913,68.1615727518079
594.0,421.0,163.0,341.0,432.0,128.0,354.0,421.31546099999997,163.52106300000003,341.061539,-0.3154609999999707,-0.5210630000000265,-0.061538999999982025,0.6122167434912302,38.92300091205713
595.0,490.0,204.0,341.0,512.0,178.0,379.0,490.444521,203.725748,340.188259,-0.4445210000000088,0.27425199999998995,0.8117409999999836,0.9652650050768316,51.02940328869229
596.0,124.0,224.0,341.0,88.0,197.0,238.0,124.44386899999998,223.35625500000003,340.99629400000003,-0.4438689999999781,0.6437449999999671,0.00370599999996557,0.7819469602357554,112.40106761058811
597.0,203.0,326.0,341.0,178.0,325.0,268.0,203.35734699999998,327.331515,342.17461000000003,-0.3573469999999759,-1.3315150000000244,-1.1746100000000297,1.81117026414805,77.1686464828819
598.0,588.0,148.0,342.0,624.0,112.0,421.0,587.8037449999999,148.53590200000002,343.071769,0.19625500000006468,-0.5359020000000214,-1.0717690000000175,1.214246996286211,93.98404119849285
599.0,339.0,247.0,342.0,335.0,229.0,322.0,338.534082,247.173764,342.394054,0.46591799999998784,-0.17376400000000558,-0.3940539999999828,0.6344699089286875,27.202941017470888
600.0,534.0,236.0,343.0,561.0,218.0,399.0,534.0911639999999,235.973391,343.38807499999996,-0.09116399999993519,0.026609000000007654,-0.388074999999958,0.3995261185479067,64.72248450113763
601.0,134.0,102.0,345.0,100.0,49.0,248.0,135.018505,101.94790900000001,344.197326,-1.0185050000000047,0.05209099999999012,0.8026740000000245,1.2978256653272224,115.6460116043783
602.0,472.0,221.0,347.0,488.0,198.0,381.0,472.4969689999999,220.21711000000005,348.176147,-0.49696899999992183,0.7828899999999521,-1.1761470000000145,1.4977371947941607,44.05678154382138
603.0,191.0,73.0,348.0,164.0,15.0,274.0,191.20657699999998,73.42900700000001,347.435716,-0.20657699999998158,-0.4290070000000128,0.5642839999999865,0.7383342709328804,97.82126558167197
604.0,421.0,165.0,348.0,428.0,131.0,361.0,420.055477,165.91637000000003,347.570398,0.9445230000000038,-0.916370000000029,0.4296019999999885,1.384346615856394,37.067505985701274
605.0,188.0,101.0,350.0,160.0,54.0,274.0,188.45445299999997,105.39471900000001,348.857773,-0.45445299999997246,-4.394719000000009,1.1422269999999912,4.563415950546152,93.64293886887575
606.0,449.0,138.0,350.0,461.0,99.0,375.0,449.049728,139.353391,349.559714,-0.04972800000001598,-1.3533909999999878,0.4402860000000146,1.4240757826256936,47.853944456021594
607.0,109.0,149.0,350.0,67.0,107.0,244.0,108.86327,149.68609800000002,350.234212,0.13673000000000002,-0.6860980000000154,-0.23421200000001363,0.7377539016826868,121.50720143267229
608.0,187.0,211.0,350.0,157.0,183.0,273.0,187.04152799999997,211.08227300000004,350.125442,-0.041527999999971144,-0.08227300000004334,-0.12544200000002093,0.15565704827282953,87.25250712730265
609.0,125.0,239.0,350.0,84.0,216.0,248.0,124.11050499999999,238.82041700000002,349.993431,0.8894950000000108,0.17958299999997962,0.006569000000013148,0.9074660107546795,112.3120652467935
610.0,101.0,118.0,352.0,57.0,69.0,243.0,100.484884,118.629783,351.68338400000005,0.5151160000000061,-0.6297830000000033,0.3166159999999536,0.8730502917936521,127.34991166074674
611.0,412.0,204.0,352.0,417.0,178.0,363.0,412.45698799999997,204.44964299999998,352.444427,-0.4569879999999671,-0.4496429999999805,-0.4444270000000188,0.7800847504739271,28.6705423736629
612.0,461.0,231.0,352.0,473.0,210.0,381.0,460.949996,230.129725,352.192271,0.05000400000000127,0.8702749999999924,-0.1922710000000052,0.8926629336328404,37.76241517699841
613.0,207.0,289.0,352.0,178.0,279.0,281.0,206.31901499999998,289.49830000000003,351.826074,0.680985000000021,-0.49830000000002883,0.17392599999999447,0.8615646892143709,77.34339015067803
614.0,413.0,127.0,353.0,418.0,83.0,365.0,412.886471,126.60928000000001,352.80710999999997,0.11352900000002819,0.3907199999999875,0.19289000000003398,0.4502860250340996,45.880278987817846
615.0,446.0,131.0,353.0,456.0,90.0,378.0,445.862413,131.973711,353.102297,0.13758699999999635,-0.9737110000000087,-0.1022970000000214,0.9886900274095113,49.05099387372289
616.0,179.0,80.0,354.0,147.0,22.0,277.0,178.84015399999998,79.22140300000001,354.253963,0.15984600000001592,0.7785969999999907,-0.25396299999999883,0.8344226971349652,101.57263410978372
617.0,506.0,86.0,354.0,526.0,35.0,403.0,506.261123,86.23302600000001,353.79824199999996,-0.2611229999999978,-0.2330260000000095,0.20175800000004074,0.4039710736785738,73.49829930005184
618.0,125.0,99.0,354.0,85.0,46.0,256.0,125.41567599999999,99.478344,354.283321,-0.4156759999999906,-0.478344000000007,-0.2833210000000008,0.6941687895267256,118.37651794169315
619.0,126.0,100.0,354.0,86.0,47.0,255.0,125.94177100000002,100.30384600000001,353.25611000000004,0.05822899999998299,-0.30384600000000717,0.7438899999999649,0.8056583272435965,119.20570456148481
620.0,446.0,145.0,356.0,455.0,105.0,381.0,446.00278999999995,144.22909900000002,355.840664,-0.0027899999999476677,0.7709009999999807,0.15933599999999615,0.7872001631078139,48.02082881417188
621.0,533.0,242.0,356.0,555.0,226.0,414.0,533.40383,242.37890399999998,356.682737,-0.4038299999999708,-0.37890399999997726,-0.6827369999999746,0.8790771987060776,64.06246951218786
622.0,476.0,256.0,356.0,488.0,241.0,390.0,475.23114899999996,255.328375,355.591946,0.7688510000000406,0.6716250000000059,0.4080539999999928,1.099418058675618,39.05124837953327
623.0,565.0,310.0,356.0,591.0,309.0,425.0,564.999598,310.027151,356.688804,0.0004020000000082291,-0.027151000000003478,-0.6888040000000046,0.689339023138112,73.74279625834649
624.0,616.0,68.0,357.0,651.0,14.0,449.0,615.17445,67.78003100000001,356.85290699999996,0.8255500000000211,0.21996899999999187,0.14709300000004077,0.8669230150999818,112.27199116431488
625.0,155.0,97.0,357.0,118.0,42.0,271.0,154.925883,95.83701,357.32435499999997,0.0741170000000011,1.1629899999999935,-0.32435499999996864,1.2096467400914883,108.58176642512315
626.0,582.0,154.0,357.0,612.0,117.0,434.0,581.906065,152.541863,356.342142,0.09393499999998767,1.4581369999999936,0.6578579999999761,1.6024245514712845,90.54280755532159
627.0,432.0,180.0,357.0,438.0,147.0,376.0,431.874943,178.784875,356.78517999999997,0.12505700000002662,1.2151250000000005,0.21482000000003154,1.240288535492456,38.54867053479276
628.0,441.0,226.0,357.0,448.0,206.0,377.0,440.445185,227.04145,355.541955,0.5548150000000192,-1.0414499999999975,1.458045000000027,1.8757219966589118,29.13760456866693
629.0,465.0,232.0,357.0,476.0,212.0,388.0,465.120625,231.66682100000003,356.872051,-0.12062500000001819,0.3331789999999728,0.12794900000000098,0.3767354287387722,38.49675310984031
630.0,534.0,241.0,357.0,556.0,225.0,415.0,534.431949,241.542216,357.190156,-0.43194900000003145,-0.5422159999999963,-0.19015600000000177,0.7188445128072021,64.06246951218786
631.0,262.0,298.0,357.0,239.0,289.0,309.0,261.098046,297.010747,357.829904,0.9019539999999893,0.9892530000000193,-0.8299039999999991,1.5750819551188495,53.98147830506312
632.0,407.0,108.0,358.0,410.0,61.0,369.0,407.50921500000004,108.58656400000001,357.77901199999997,-0.5092150000000402,-0.5865640000000099,0.22098800000003394,0.8075846323854036,48.36320915737499
633.0,488.0,145.0,358.0,502.0,106.0,399.0,487.218619,144.56865800000003,357.623555,0.7813810000000103,0.43134199999997236,0.3764449999999897,0.9686707521908486,58.29236656715869
634.0,229.0,182.0,358.0,204.0,149.0,300.0,230.278929,182.64641699999999,358.559186,-1.278929000000005,-0.6464169999999854,-0.5591860000000111,1.5382468291941986,71.26008700527947
635.0,530.0,241.0,358.0,551.0,225.0,415.0,530.546414,241.570181,358.489636,-0.546414000000027,-0.570180999999991,-0.4896360000000186,0.929202908224591,62.81719509815764
636.0,111.0,155.0,359.0,66.0,114.0,255.0,111.011743,155.29272600000002,359.11109899999997,-0.011742999999995618,-0.29272600000001603,-0.11109899999996742,0.3133199593482708,120.50726119201282
637.0,563.0,306.0,360.0,587.0,304.0,429.0,562.886082,305.906083,360.78784099999996,0.1139180000000124,0.09391699999997627,-0.7878409999999576,0.8015554596495064,73.08214556237385
638.0,126.0,154.0,361.0,86.0,113.0,261.0,128.105635,154.28959600000002,358.566104,-2.1056350000000066,-0.2895960000000173,2.4338960000000043,3.2313177397552626,115.2432210587677
639.0,181.0,159.0,361.0,146.0,119.0,284.0,180.770275,158.591571,360.904992,0.22972500000000196,0.40842900000001237,0.09500800000000709,0.47813632337442463,93.56281312572854
640.0,440.0,212.0,361.0,446.0,187.0,384.0,440.538423,211.406251,361.315268,-0.538423000000023,0.5937490000000025,-0.3152680000000032,0.8612961823635524,34.49637662132068
641.0,397.0,237.0,361.0,395.0,217.0,367.0,396.75753,236.467889,361.6531,0.24247000000002572,0.5321109999999862,-0.6530999999999949,0.8766261616110891,20.97617696340303
642.0,479.0,253.0,361.0,490.0,238.0,398.0,478.839139,252.763729,361.259709,0.16086100000001124,0.2362709999999879,-0.25970899999998664,0.38619815049141676,41.41255848169731
643.0,625.0,138.0,362.0,660.0,100.0,458.0,625.295441,138.060539,362.35134300000004,-0.2954409999999825,-0.06053900000000567,-0.3513430000000426,0.46302511665245577,109.01834707974616
644.0,493.0,154.0,362.0,507.0,118.0,406.0,493.034822,154.285168,361.881613,-0.03482200000001967,-0.28516799999999876,0.11838699999998425,0.31072309485617083,58.54912467321779
645.0,185.0,157.0,362.0,151.0,118.0,287.0,185.42711799999998,157.708441,361.927071,-0.4271179999999788,-0.7084409999999934,0.07292899999998781,0.8304439026484395,91.11531155629113
646.0,612.0,106.0,363.0,644.0,60.0,453.0,611.195549,105.447802,362.231789,0.8044509999999718,0.5521980000000042,0.768211000000008,1.2418583587213043,106.01886624558857
647.0,370.0,115.0,363.0,362.0,70.0,362.0,368.46926699999995,116.310813,364.902429,1.5307330000000547,-1.310812999999996,-1.9024289999999837,2.7713914083541313,45.71651780264984
648.0,586.0,190.0,363.0,614.0,162.0,442.0,585.952583,189.292097,362.480641,0.047416999999995824,0.7079029999999875,0.5193590000000086,0.8792660576748035,88.3685464404615
649.0,361.0,103.0,364.0,354.0,52.0,358.0,361.047371,101.660617,363.69658300000003,-0.047370999999998276,1.339382999999998,0.30341699999996763,1.374137077666917,51.82663407939975
650.0,198.0,298.0,364.0,164.0,289.0,292.0,198.39250499999997,297.634817,364.11103,-0.39250499999997146,0.3651830000000018,-0.11103000000002794,0.5474910587525472,80.1311425102625
651.0,583.0,171.0,365.0,609.0,140.0,444.0,582.386352,171.27667200000002,365.118611,0.613648000000012,-0.2766720000000191,-0.11861099999998714,0.6835055470213992,88.75809822207775
652.0,406.0,223.0,365.0,404.0,201.0,374.0,405.426353,223.22834699999999,364.59697800000004,0.573646999999994,-0.2283469999999852,0.40302199999996446,0.7373194460354058,23.853720883753127
653.0,99.0,71.0,366.0,50.0,11.0,260.0,98.93776299999999,70.958859,366.144924,0.06223700000001031,0.0411409999999961,-0.14492400000000316,0.1629999749263842,131.28975588369414
654.0,384.0,93.0,366.0,380.0,42.0,369.0,384.022421,93.192214,365.38955899999996,-0.022421000000008462,-0.192214000000007,0.6104410000000371,0.6403804630983431,51.24451190127583
655.0,162.0,118.0,366.0,121.0,68.0,283.0,160.616516,116.971371,366.125113,1.38348400000001,1.0286289999999951,-0.12511299999999892,1.7285134829286166,105.21406750050109
656.0,155.0,125.0,366.0,115.0,81.0,281.0,155.552346,127.67677900000001,366.257736,-0.552346,-2.6767790000000105,-0.2577360000000226,2.7452977551174786,103.73523991392703
657.0,617.0,224.0,366.0,648.0,205.0,457.0,616.669289,224.14099,365.722708,0.3307109999999511,-0.14098999999998796,0.27729199999998855,0.45402510820984116,97.99489782636645
658.0,447.0,275.0,366.0,452.0,265.0,390.0,447.474561,275.187163,365.18357000000003,-0.47456099999999424,-0.1871629999999982,0.8164299999999685,0.962702485812695,26.476404589747453
659.0,430.0,307.0,366.0,431.0,304.0,384.0,429.95073,307.32016600000003,366.361127,0.04926999999997861,-0.3201660000000288,-0.3611270000000104,0.48512525247097155,18.275666882497067
660.0,180.0,176.0,367.0,143.0,138.0,290.0,180.17342599999998,174.09828,366.533745,-0.17342599999997788,1.9017200000000116,0.46625499999998965,1.9657083356645324,93.4986630920464
661.0,616.0,214.0,367.0,647.0,193.0,459.0,616.3028459999999,214.293793,367.419164,-0.30284599999993134,-0.29379299999999375,-0.4191640000000234,0.5947507759229695,99.32774033471213
662.0,512.0,264.0,367.0,526.0,253.0,417.0,511.8948429999999,264.619616,366.815876,0.10515700000007655,-0.6196160000000077,0.18412399999999707,0.6548920746817941,53.075418038862395
663.0,457.0,206.0,368.0,463.0,181.0,398.0,457.336498,206.22832,367.717902,-0.33649800000000596,-0.22831999999999653,0.28209800000001906,0.49491434411220414,39.50949253027682
664.0,572.0,268.0,368.0,597.0,258.0,441.0,573.358672,268.028973,367.063223,-1.358671999999956,-0.028973000000007687,0.9367770000000064,1.6505696550106246,77.80745465570763
665.0,497.0,315.0,368.0,508.0,314.0,411.0,496.90332499999994,314.75516,367.42949899999996,0.09667500000006157,0.2448400000000106,0.5705010000000357,0.6283025324046194,44.395945760846224
666.0,419.0,252.0,369.0,417.0,236.0,384.0,418.449984,251.70238799999998,369.33279500000003,0.5500160000000278,0.2976120000000151,-0.3327950000000328,0.7084087907593055,22.02271554554524
667.0,490.0,311.0,369.0,500.0,309.0,410.0,490.38064099999997,310.716639,368.68251,-0.3806409999999687,0.2833610000000135,0.3174900000000207,0.5709473945137127,42.24926034855522
668.0,550.0,311.0,369.0,569.0,311.0,432.0,549.7425519999999,311.704072,367.865984,0.2574480000000676,-0.7040719999999965,1.1340159999999742,1.3594076438449105,65.80273550544841
669.0,457.0,265.0,370.0,462.0,253.0,398.0,457.217183,265.206233,368.683902,-0.21718299999997726,-0.20623299999999745,1.3160980000000109,1.3497460692226586,30.870698080866262
670.0,152.0,171.0,371.0,110.0,133.0,284.0,152.922327,170.259759,370.398546,-0.9223269999999957,0.7402409999999975,0.6014539999999897,1.3267971763332842,103.81233067415451
671.0,182.0,194.0,371.0,143.0,168.0,296.0,182.00839399999998,198.59787,371.490687,-0.00839399999998136,-4.59787,-0.4906869999999799,4.623986670407365,88.4420714366189
672.0,483.0,254.0,371.0,490.0,240.0,411.0,482.2393349999999,254.24539400000003,371.381909,0.7606650000000741,-0.24539400000003297,-0.3819090000000074,0.8858238773831594,42.95346318982906
673.0,151.0,180.0,372.0,108.0,145.0,285.0,151.73789299999999,180.08763,371.81314399999997,-0.7378929999999855,-0.0876299999999901,0.18685600000003433,0.7662116294373178,103.1649165171959
674.0,402.0,226.0,372.0,397.0,205.0,381.0,401.844184,226.459493,371.895332,0.15581600000001572,-0.45949300000000903,0.10466800000000376,0.4963545437779471,23.388031127053
675.0,437.0,299.0,372.0,436.0,294.0,394.0,436.346385,298.981251,372.73479699999996,0.653615000000002,0.018749000000013893,-0.7347969999999577,0.9836110635992974,22.58317958127243
676.0,492.0,174.0,373.0,501.0,142.0,418.0,491.71322,173.831746,373.001821,0.2867800000000216,0.16825399999999036,-0.001821000000006734,0.3324988615875386,55.94640292279746
677.0,190.0,183.0,373.0,152.0,149.0,301.0,190.129513,182.925218,372.8509,-0.12951300000000288,0.07478199999999902,0.1490999999999758,0.21117948454571384,88.2269800004511
678.0,462.0,190.0,373.0,467.0,162.0,406.0,462.352526,190.547528,372.708961,-0.35252600000001166,-0.5475279999999998,0.29103900000001204,0.7132777796770449,43.56604182158393
679.0,476.0,238.0,373.0,482.0,220.0,410.0,475.579611,237.920973,372.48781499999996,0.4203890000000001,0.0790269999999964,0.512185000000045,0.6673122599466053,41.58124577258358
680.0,419.0,255.0,373.0,416.0,239.0,387.0,418.48072900000005,254.129056,371.953478,0.5192709999999465,0.8709440000000086,1.0465219999999817,1.4571870569905983,21.470910553583888
681.0,539.0,320.0,373.0,556.0,319.0,432.0,539.7132489999999,318.32926100000003,371.323088,-0.7132489999999052,1.670738999999969,1.6769120000000157,2.4722715865911282,61.40846847137616
682.0,390.0,167.0,374.0,383.0,133.0,380.0,390.046746,167.57751000000002,374.05065,-0.04674599999998463,-0.577510000000018,-0.050650000000018736,0.5816084689170381,35.22782990761707
683.0,480.0,245.0,374.0,486.0,229.0,413.0,479.550707,245.234036,373.86785999999995,0.4492930000000115,-0.23403600000000324,0.13214000000004944,0.523543721903935,42.579337712087536
684.0,464.0,248.0,374.0,468.0,231.0,408.0,464.280313,247.033005,374.67999199999997,-0.2803129999999783,0.9669949999999972,-0.6799919999999702,1.214925441357593,38.22302970723278
685.0,403.0,263.0,374.0,397.0,249.0,384.0,403.026612,262.462028,374.65820599999995,-0.02661200000000008,0.5379720000000248,-0.6582059999999501,0.8505040915621517,18.2208671582886
686.0,451.0,138.0,375.0,453.0,99.0,406.0,450.89746,139.02505000000002,375.729664,0.10253999999997632,-1.0250500000000216,-0.7296640000000139,1.2623991076502152,49.85980344927164
687.0,182.0,227.0,375.0,141.0,202.0,300.0,181.805396,226.408956,375.452405,0.19460399999999822,0.5910440000000108,-0.45240499999999884,0.7693334847626294,89.05616205518852
688.0,603.0,308.0,375.0,629.0,308.0,461.0,603.885856,308.562297,374.779341,-0.8858559999999898,-0.5622970000000009,0.22065900000001193,1.072198285405264,89.8443097808648
689.0,575.0,311.0,375.0,595.0,310.0,451.0,574.88101,310.51092900000003,375.864199,0.11899000000005344,0.48907099999996717,-0.8641989999999851,1.0000944829074674,78.59389289251423
690.0,571.0,170.0,376.0,592.0,138.0,453.0,571.498593,169.625318,376.51132699999994,-0.49859300000002804,0.37468200000000706,-0.5113269999999375,0.8064966718480425,85.98837130682264
691.0,461.0,261.0,376.0,464.0,247.0,408.0,461.318061,260.160337,375.876488,-0.31806100000000015,0.8396629999999732,0.12351200000000517,0.906339874127778,35.05709628591621
692.0,96.0,267.0,376.0,41.0,251.0,267.0,95.95747599999999,267.499351,376.277522,0.04252400000001444,-0.4993509999999901,-0.2775219999999763,0.5728683725437966,123.13407326974935
693.0,555.0,101.0,377.0,574.0,54.0,448.0,555.442503,100.985127,376.480057,-0.4425029999999879,0.014872999999994363,0.519943000000012,0.6829134896800632,87.24104538575865
694.0,183.0,234.0,377.0,141.0,210.0,302.0,182.39878,232.937366,377.085105,0.6012200000000121,1.0626340000000027,-0.08510499999999865,1.2238869912622734,89.2468486838611
695.0,575.0,309.0,377.0,594.0,308.0,452.0,574.345779,308.866367,376.881603,0.6542210000000068,0.1336329999999748,0.11839700000001585,0.678145076763819,77.37570678190927
696.0,476.0,243.0,378.0,479.0,225.0,417.0,475.11500600000005,241.948807,378.756392,0.8849939999999492,1.051193000000012,-0.7563920000000053,1.568550273644088,43.05810028322197
697.0,187.0,249.0,378.0,146.0,229.0,305.0,187.238343,248.43543600000004,378.303324,-0.2383429999999862,0.5645639999999617,-0.30332399999997506,0.6837728750988409,86.08135686662938
698.0,186.0,306.0,378.0,144.0,299.0,303.0,185.803353,305.804892,377.95536200000004,0.1966470000000129,0.19510800000000472,0.04463799999996354,0.28058817743626274,86.24384035976135
699.0,587.0,148.0,379.0,609.0,111.0,462.0,586.8040719999999,147.307302,378.822404,0.19592800000009447,0.6926980000000071,0.1775959999999941,0.741457105707434,93.4986630920464
700.0,139.0,159.0,379.0,91.0,120.0,289.0,139.33926599999998,159.658071,379.094689,-0.33926599999998075,-0.6580710000000067,-0.09468900000001668,0.746407975920675,109.20164833920778
701.0,457.0,167.0,379.0,459.0,133.0,412.0,457.43161399999997,166.767322,379.16645800000003,-0.43161399999996775,0.23267799999999284,-0.1664580000000342,0.5178203959327792,47.4236228055175
702.0,555.0,311.0,379.0,571.0,310.0,448.0,555.4499979999999,310.681266,379.770337,-0.44999799999993684,0.3187340000000063,-0.7703369999999836,0.9473693346994728,70.83784299369935
703.0,138.0,155.0,380.0,90.0,113.0,290.0,138.758355,153.918209,380.063058,-0.7583549999999946,1.0817910000000097,-0.06305800000001227,1.3226301013775599,110.30865786510141
704.0,428.0,301.0,380.0,424.0,296.0,400.0,428.60026099999993,300.614277,380.535895,-0.6002609999999322,0.3857229999999845,-0.5358949999999822,0.8923446373878692,21.0
705.0,386.0,102.0,381.0,376.0,53.0,388.0,385.95730100000003,101.995581,381.30233799999996,0.04269899999997051,0.0044189999999986185,-0.30233799999996336,0.30537026444297966,50.49752469181039
706.0,620.0,144.0,381.0,647.0,107.0,476.0,619.939666,143.650038,379.786836,0.060334000000011656,0.349962000000005,1.2131640000000061,1.2640729741181953,105.46563421323555
707.0,572.0,177.0,381.0,590.0,147.0,459.0,571.587491,176.935834,381.782114,0.412509,0.06416600000000017,-0.7821139999999787,0.8865569691976747,85.48684109265004
708.0,472.0,255.0,381.0,474.0,242.0,419.0,471.905079,255.87672200000003,381.776835,0.09492099999999937,-0.8767220000000293,-0.7768350000000055,1.1752123547470303,40.2119385257662
709.0,477.0,255.0,381.0,480.0,240.0,419.0,476.5494489999999,254.205044,380.19784500000003,0.4505510000000754,0.7949560000000133,0.8021549999999706,1.2158963317495624,40.963398296528084
710.0,178.0,271.0,381.0,134.0,257.0,304.0,177.908719,271.44826700000004,380.91954999999996,0.09128100000000927,-0.44826700000004394,0.08045000000004165,0.464486519449217,89.78307190111062
711.0,135.0,150.0,382.0,84.0,108.0,291.0,134.310181,149.844432,382.350521,0.689819,0.15556799999998816,-0.35052100000001474,0.7892506742638911,112.4544352171136
712.0,505.0,155.0,382.0,512.0,120.0,434.0,504.22277299999996,155.558343,382.36116300000003,0.777227000000039,-0.5583430000000078,-0.3611630000000332,1.0228721463345716,63.071388124885914
713.0,608.0,279.0,382.0,632.0,272.0,472.0,608.749909,278.92697300000003,382.19494299999997,-0.7499090000000024,0.07302699999996776,-0.19494299999996656,0.7782668078872347,93.40770846134703
714.0,607.0,307.0,382.0,630.0,306.0,471.0,607.246171,306.798234,382.271051,-0.24617100000000391,0.20176600000002054,-0.27105099999999993,0.418064976526389,91.92932067626738
715.0,580.0,177.0,383.0,599.0,148.0,464.0,579.89133,177.644382,383.33846700000004,0.10866999999996096,-0.6443820000000073,-0.33846700000003693,0.7359329051707268,88.10788840960836
716.0,431.0,191.0,383.0,427.0,164.0,405.0,431.02637,192.42140300000003,382.34729300000004,-0.026369999999985794,-1.4214030000000264,0.652706999999964,1.5643235896572125,35.05709628591621
717.0,569.0,216.0,383.0,586.0,195.0,459.0,568.917591,216.27308599999998,383.29243399999996,0.08240899999998419,-0.27308599999997796,-0.29243399999995745,0.4085154232497966,80.65977932030313
718.0,415.0,258.0,383.0,408.0,244.0,398.0,415.171181,258.136715,382.630023,-0.17118099999999004,-0.13671499999998105,0.3699770000000058,0.4299731462719453,21.6794833886788
719.0,491.0,268.0,383.0,496.0,257.0,427.0,491.219657,267.943296,382.42320399999994,-0.21965699999998378,0.056704000000024735,0.5767960000000585,0.6198049426078039,45.628938186199335
720.0,545.0,213.0,384.0,559.0,191.0,451.0,545.8179739999999,213.24413700000002,384.053422,-0.8179739999999356,-0.24413700000002336,-0.05342200000001185,0.8553000932590311,71.89575787207477
721.0,415.0,220.0,384.0,407.0,197.0,401.0,414.745126,219.610383,384.760356,0.2548739999999725,0.389616999999987,-0.7603560000000016,0.8915735579866522,29.698484809834994
722.0,604.0,304.0,384.0,626.0,303.0,472.0,604.370483,304.35139100000004,384.058336,-0.37048300000003564,-0.3513910000000351,-0.05833599999999706,0.5139419977643885,90.71383576941281
723.0,125.0,130.0,385.0,73.0,84.0,291.0,125.54273999999998,130.248515,384.974009,-0.5427399999999807,-0.2485149999999976,0.02599099999997634,0.5974963973999983,116.85888926393234
724.0,126.0,132.0,385.0,74.0,87.0,292.0,126.607403,132.68806700000002,385.52065600000003,-0.607403000000005,-0.688067000000018,-0.5206560000000309,1.055204847995906,115.66330446602328
725.0,427.0,251.0,385.0,420.0,235.0,405.0,426.23527699999994,250.613814,384.86286199999995,0.7647230000000604,0.38618600000000924,0.13713800000004994,0.8676103528480473,26.551836094703507
726.0,152.0,281.0,385.0,102.0,266.0,298.0,151.562631,279.070993,384.661753,0.4373689999999897,1.9290070000000128,0.33824700000002395,2.0066815096619237,101.45935146648632
727.0,410.0,117.0,386.0,403.0,72.0,402.0,410.754846,117.23822000000001,385.351187,-0.7548459999999864,-0.23822000000001253,0.6488130000000183,1.023474260098909,48.27007354458868
728.0,137.0,202.0,386.0,84.0,172.0,296.0,136.195625,202.204097,386.863779,0.8043749999999932,-0.2040969999999902,-0.8637790000000223,1.1978267349141207,108.66922287382016
729.0,145.0,219.0,386.0,97.0,189.0,296.0,146.453328,216.055408,383.65184999999997,-1.453327999999999,2.944592,2.3481500000000324,4.036903856242819,106.3202708800161
730.0,148.0,82.0,387.0,99.0,25.0,303.0,148.33027399999997,81.63413700000001,386.963564,-0.3302739999999744,0.3658629999999903,0.036435999999980595,0.49423095000310796,112.72089424769483
731.0,101.0,239.0,387.0,42.0,217.0,280.0,99.805883,239.489263,385.78677400000004,1.1941170000000056,-0.489262999999994,1.2132259999999633,1.7712173835907095,124.15313125330347
732.0,422.0,104.0,388.0,415.0,56.0,410.0,422.01513800000004,103.969864,388.292499,-0.015138000000035845,0.03013599999999883,-0.2924990000000207,0.2944367547386249,53.2634959423431
733.0,284.0,288.0,388.0,254.0,280.0,354.0,284.37908699999997,289.013737,388.81369099999995,-0.37908699999997,-1.013736999999992,-0.8136909999999489,1.3540541725569468,46.04345773288535
734.0,609.0,114.0,389.0,630.0,70.0,483.0,608.211851,113.35565400000002,389.282063,0.7881489999999758,0.6443459999999845,-0.28206299999999374,1.0563712178424487,105.89145385724005
735.0,587.0,234.0,389.0,604.0,217.0,472.0,586.488433,234.035277,388.932646,0.5115670000000136,-0.035277000000007774,0.067354000000023,0.5171864494880136,86.41180474911978
736.0,449.0,264.0,389.0,445.0,251.0,418.0,449.191052,263.42249400000003,388.62496,-0.19105200000001332,0.5775059999999712,0.3750400000000127,0.7146111168600593,32.03123475609393
737.0,570.0,297.0,389.0,585.0,294.0,465.0,570.6058360000001,297.293409,389.18595500000004,-0.6058360000000675,-0.2934089999999969,-0.1859550000000354,0.698359049631415,77.52418977325722
738.0,463.0,289.0,390.0,461.0,281.0,426.0,463.98002799999995,287.808526,390.97781,-0.9800279999999475,1.191474000000028,-0.9778099999999768,1.8265206184327398,36.932370625238775
739.0,219.0,310.0,390.0,177.0,306.0,329.0,218.27568399999998,311.040833,389.65261499999997,0.724316000000016,-1.0408330000000205,0.34738500000003114,1.3147788178891868,74.16872656315464
740.0,566.0,185.0,391.0,580.0,157.0,467.0,565.988965,185.086084,390.69611999999995,0.011034999999992579,-0.0860839999999996,0.3038800000000492,0.3160305059342052,82.19489035213807
741.0,480.0,256.0,391.0,480.0,243.0,433.0,480.218929,256.493734,391.106974,-0.21892900000000282,-0.49373400000001766,-0.1069739999999797,0.5505875102769898,43.965895873961216
742.0,460.0,285.0,391.0,457.0,277.0,426.0,460.83505599999995,284.554658,391.978166,-0.8350559999999518,0.44534199999998236,-0.9781659999999874,1.3610498681737857,36.02776706930364
743.0,445.0,313.0,391.0,438.0,313.0,416.0,443.797439,314.267435,389.498022,1.2025610000000029,-1.2674349999999777,1.5019780000000083,2.304014398919845,25.96150997149434
744.0,448.0,173.0,392.0,444.0,141.0,423.0,448.709725,173.27131200000002,391.691696,-0.7097249999999917,-0.2713120000000231,0.308304000000021,0.8199823982165798,44.73253849269008
745.0,431.0,290.0,392.0,423.0,284.0,414.0,431.355594,290.62266,391.557815,-0.3555939999999964,-0.6226599999999962,0.44218499999999494,0.8424251555248029,24.166091947189145
746.0,568.0,301.0,392.0,581.0,299.0,467.0,568.063384,301.38701100000003,391.82881799999996,-0.06338400000004185,-0.3870110000000295,0.17118200000004435,0.4278998979913916,76.14459928320589
747.0,512.0,199.0,393.0,518.0,173.0,448.0,513.011695,198.766475,392.20126600000003,-1.0116950000000315,0.233524999999986,0.7987339999999676,1.3099758400085115,61.1310068623117
748.0,465.0,189.0,394.0,463.0,161.0,431.0,465.738662,189.44996500000002,393.166788,-0.7386619999999766,-0.44996500000002015,0.8332120000000032,1.2009713936697197,46.44351407893249
749.0,554.0,278.0,394.0,563.0,270.0,465.0,553.290218,277.75901500000003,394.668299,0.7097820000000183,0.24098499999996648,-0.6682989999999904,1.0042349382241176,72.01388754955533
750.0,194.0,286.0,394.0,148.0,275.0,325.0,194.415773,285.86031,393.77709400000003,-0.4157730000000015,0.13968999999997322,0.2229059999999663,0.4920036264754344,83.65404951345751
751.0,606.0,74.0,395.0,625.0,22.0,489.0,605.448676,73.99652900000001,394.773539,0.5513240000000224,0.003470999999990454,0.22646099999997205,0.5960325371471024,109.09170454255447
752.0,519.0,188.0,395.0,525.0,161.0,454.0,519.9027,188.826394,394.92704200000003,-0.9026999999999816,-0.8263939999999934,0.07295799999997143,1.2260168037184285,65.16133823057964
753.0,201.0,279.0,395.0,154.0,267.0,330.0,200.30606699999998,279.214097,396.02487199999996,0.6939330000000155,-0.2140969999999811,-1.0248719999999594,1.2560824615772366,81.10487038396646
754.0,483.0,300.0,395.0,482.0,296.0,437.0,483.2979429999999,299.844588,394.215441,-0.29794299999991836,0.15541200000001254,0.7845590000000016,0.8534961894900045,42.20189569201838
755.0,484.0,311.0,395.0,482.0,308.0,437.0,483.40757499999995,309.673308,394.333125,0.5924250000000484,1.32669199999998,0.6668750000000045,1.598687370661947,42.15447781671598
756.0,560.0,172.0,396.0,572.0,141.0,472.0,560.926673,171.965693,396.503986,-0.9266730000000507,0.03430700000001252,-0.5039859999999976,1.0554154193369039,82.95179322956196
757.0,209.0,326.0,396.0,163.0,324.0,332.0,208.34107799999998,325.82611,395.79905099999996,0.6589220000000182,0.17388999999997168,0.2009490000000369,0.7104902777554588,78.8416133777081
758.0,561.0,148.0,397.0,573.0,111.0,473.0,561.689848,147.376265,396.72700199999997,-0.6898479999999836,0.6237350000000106,0.2729980000000296,0.9692592642492548,85.37564055396598
759.0,477.0,214.0,397.0,474.0,191.0,439.0,476.642103,213.86396200000001,396.819118,0.3578969999999799,0.136037999999985,0.18088199999999688,0.4234558985029969,47.97916214358062
760.0,408.0,321.0,397.0,393.0,321.0,410.0,407.339824,321.14381000000003,396.609066,0.6601759999999786,-0.1438100000000304,0.39093400000001566,0.7806042911949643,19.849433241279208
761.0,589.0,156.0,398.0,604.0,122.0,485.0,589.002437,156.06812200000002,398.103567,-0.0024369999999862557,-0.06812200000001667,-0.10356699999999819,0.12398656920006226,94.6044396421225
762.0,568.0,165.0,398.0,580.0,133.0,477.0,568.371181,165.308294,398.2319719999999,-0.37118099999997867,-0.3082939999999894,-0.2319719999999279,0.5353798034862206,86.07554821202127
763.0,574.0,168.0,398.0,587.0,137.0,479.0,574.36777,168.52131300000002,398.006172,-0.3677699999999504,-0.5213130000000206,-0.006171999999992295,0.6380126256219267,87.69834662067467
764.0,561.0,176.0,398.0,570.0,145.0,474.0,559.929299,175.22904900000003,398.61725,1.0707009999999855,0.7709509999999682,-0.6172500000000127,1.4566274878299994,82.57118141337206
765.0,468.0,276.0,398.0,463.0,267.0,437.0,468.26796599999994,276.198115,398.869062,-0.2679659999999444,-0.19811499999997295,-0.8690619999999853,0.9307653250013851,40.33608806019741
766.0,432.0,291.0,398.0,422.0,285.0,422.0,432.66880699999996,291.35103300000003,398.044494,-0.6688069999999584,-0.35103300000002946,-0.044493999999986045,0.7566417159884616,26.68332812825267
767.0,197.0,305.0,398.0,148.0,298.0,331.0,196.186789,304.62648,398.665387,0.8132109999999955,0.373519999999985,-0.6653870000000097,1.1151543304359242,83.30066026148893
768.0,618.0,107.0,399.0,638.0,63.0,498.0,618.266975,107.396965,398.791076,-0.2669750000000022,-0.39696499999999446,0.20892400000002453,0.5220211677949536,110.16805344563369
769.0,523.0,199.0,399.0,527.0,173.0,460.0,523.127434,198.57171799999998,399.187666,-0.12743399999999383,0.42828200000002425,-0.1876659999999788,0.4846477312811969,66.4304147209695
770.0,466.0,264.0,399.0,460.0,252.0,437.0,465.799605,263.928994,399.501645,0.20039500000001453,0.07100600000001123,-0.5016449999999963,0.54483732809528,40.29888335921977
771.0,484.0,319.0,399.0,481.0,319.0,443.0,484.29185199999995,318.616351,399.36363,-0.29185199999994893,0.38364899999999125,-0.36363000000000056,0.6038136484089804,44.10215414239989
772.0,592.0,168.0,400.0,606.0,136.0,488.0,591.464999,167.487671,400.052439,0.5350009999999656,0.512328999999994,-0.052438999999992575,0.7426014563431426,94.678403028357
773.0,475.0,226.0,400.0,471.0,205.0,442.0,475.21913,225.31147600000003,400.06746999999996,-0.21913000000000693,0.6885239999999726,-0.06746999999995751,0.7256965318753835,47.12748667179272
774.0,216.0,316.0,400.0,171.0,311.0,339.0,216.260202,315.04934099999997,399.032246,-0.2602019999999925,0.9506590000000301,0.9677540000000135,1.3813056937553974,75.9670981412348
775.0,385.0,153.0,401.0,367.0,115.0,410.0,385.253026,152.562868,401.34612,-0.2530259999999771,0.4371319999999912,-0.3461199999999849,0.6122953507090922,43.0
776.0,582.0,236.0,401.0,593.0,220.0,485.0,581.349588,236.39752500000003,401.92350899999997,0.6504119999999602,-0.3975250000000301,-0.9235089999999673,1.197468483280421,86.21484790916237
777.0,558.0,163.0,402.0,566.0,130.0,477.0,557.4642749999999,162.929416,401.841095,0.5357250000000704,0.07058399999999665,0.1589050000000043,0.5632354531686339,82.3286098510111
778.0,124.0,209.0,402.0,64.0,182.0,309.0,124.126769,210.350102,402.262355,-0.1267689999999959,-1.3501019999999926,-0.26235500000001366,1.3811864232571887,113.92102527628515
779.0,490.0,265.0,402.0,488.0,253.0,450.0,490.94966099999994,264.434995,402.33695,-0.949660999999935,0.5650049999999851,-0.33695000000000164,1.1552583985610583,49.51767361255979
780.0,488.0,281.0,402.0,485.0,273.0,449.0,488.54091199999993,280.845009,402.535656,-0.5409119999999348,0.15499099999999544,-0.5356560000000172,0.7768753774968972,47.77028364998475
781.0,238.0,87.0,403.0,197.0,34.0,357.0,238.616976,87.80767300000001,403.546607,-0.616975999999994,-0.8076730000000083,-0.5466069999999945,1.1540252475375052,81.2773031048644
782.0,410.0,162.0,403.0,394.0,125.0,421.0,409.187903,160.47007200000002,402.97533999999996,0.8120969999999943,1.529927999999984,0.024660000000039872,1.7322786548915692,44.14748010928823
783.0,441.0,268.0,403.0,430.0,257.0,431.0,440.971187,268.264294,402.684828,0.028813000000013744,-0.2642940000000067,0.3151720000000182,0.4123286274187324,32.03123475609393
784.0,442.0,269.0,403.0,431.0,258.0,432.0,442.01757799999996,269.06572600000004,403.211861,-0.017577999999957683,-0.06572600000004059,-0.21186099999999897,0.2225173622012525,32.90896534380867
785.0,491.0,281.0,403.0,487.0,273.0,451.0,490.61542199999997,280.809753,403.570108,0.38457800000003317,0.1902469999999994,-0.5701080000000047,0.7135245551184841,48.82622246293481
786.0,456.0,293.0,403.0,447.0,286.0,436.0,455.74769,291.861778,402.436609,0.2523100000000227,1.1382219999999847,0.5633910000000242,1.2948432632040852,34.91418050019218
787.0,421.0,92.0,404.0,408.0,42.0,427.0,420.870001,92.33758,403.185547,0.12999899999999798,-0.33758000000000266,0.8144530000000145,0.891175451642394,56.55086206239477
788.0,520.0,118.0,404.0,523.0,75.0,465.0,520.4244180000001,118.26603500000002,403.151774,-0.4244180000000597,-0.26603500000001645,0.848226000000011,0.9850850760340846,74.69270379361026
789.0,562.0,144.0,404.0,569.0,109.0,481.0,560.644332,145.664237,403.96394799999996,1.355668000000037,-1.6642370000000142,0.03605200000004061,2.1468163091184933,84.870489570875
790.0,389.0,225.0,404.0,370.0,205.0,414.0,389.447179,226.213349,404.55755,-0.44717900000000554,-1.2133489999999938,-0.557549999999992,1.408206965023956,29.34280150224242
791.0,487.0,301.0,404.0,482.0,298.0,450.0,486.69813899999997,301.326253,404.33764099999996,0.3018610000000308,-0.32625300000000834,-0.33764099999996233,0.5581778643147708,46.36809247747852
792.0,476.0,220.0,405.0,470.0,199.0,448.0,475.948095,220.33049899999997,404.93125599999996,0.05190499999997655,-0.3304989999999748,0.06874400000003789,0.34153983012525213,48.228622207149975
793.0,558.0,137.0,406.0,565.0,98.0,482.0,557.695556,136.664914,405.672777,0.3044439999999895,0.3350859999999898,0.3272230000000036,0.5586086897471155,85.70880934886448
794.0,569.0,168.0,406.0,578.0,135.0,486.0,569.176571,166.849285,405.76547600000004,-0.17657099999996717,1.150714999999991,0.23452399999996487,1.1875705603634468,87.00574693662483
795.0,488.0,217.0,406.0,484.0,195.0,454.0,488.35193699999996,216.903747,405.91621599999996,-0.351936999999964,0.09625299999999015,0.08378400000003694,0.3743581849432157,52.952809179494906
796.0,107.0,120.0,407.0,43.0,71.0,309.0,106.793426,119.551895,406.631594,0.20657400000000337,0.4481049999999982,0.36840599999999313,0.6157872110859357,126.8897158953396
797.0,383.0,137.0,407.0,362.0,96.0,416.0,382.75479499999994,136.95648300000002,407.121999,0.2452050000000554,0.043516999999980044,-0.12199900000001662,0.2773138606615787,46.93612681080534
798.0,478.0,161.0,407.0,472.0,127.0,453.0,478.145257,161.286818,407.59096999999997,-0.14525700000001507,-0.2868180000000109,-0.5909699999999702,0.6727627383208552,57.51521537819362
799.0,445.0,201.0,407.0,434.0,175.0,438.0,445.15149899999994,200.994757,406.280924,-0.15149899999994432,0.005243000000007214,0.7190759999999727,0.7348807589166721,41.92851058647326
800.0,545.0,307.0,407.0,549.0,306.0,476.0,545.601244,307.191092,407.208237,-0.6012439999999515,-0.19109200000002602,-0.2082369999999969,0.6643592011622556,69.12307863514182
801.0,486.0,315.0,407.0,478.0,317.0,452.0,484.283591,316.88669500000003,407.117802,1.7164089999999987,-1.8866950000000315,-0.11780199999998331,2.553341964859018,45.749316934791494
802.0,394.0,318.0,407.0,374.0,316.0,417.0,394.350147,317.070532,406.937909,-0.35014699999999266,0.9294679999999858,0.062091000000009444,0.9951728377090934,22.44994432064365
803.0,477.0,205.0,408.0,470.0,180.0,452.0,476.81510299999997,204.720219,407.853411,0.18489700000003495,0.27978100000001405,0.14658900000000585,0.3659954145764978,51.088159097779204
804.0,519.0,206.0,408.0,519.0,182.0,469.0,519.334134,205.879687,408.349195,-0.3341339999999491,0.1203130000000101,-0.3491950000000088,0.49805410945998085,65.55150646628954
805.0,119.0,208.0,408.0,58.0,179.0,313.0,120.47731099999999,207.87834000000004,406.900798,-1.477310999999986,0.12165999999996302,1.0992019999999911,1.8453980554679605,116.56328753085167
806.0,456.0,258.0,408.0,445.0,245.0,443.0,455.639936,258.207259,407.994168,0.3600640000000226,-0.20725900000002184,0.005831999999998061,0.41549535424722295,38.92300091205713
807.0,446.0,272.0,408.0,433.0,262.0,440.0,445.68952,272.2345,408.948273,0.3104799999999841,-0.23450000000002547,-0.9482729999999719,1.024992567255465,35.958309192730404
808.0,447.0,273.0,408.0,435.0,263.0,439.0,446.99272199999996,273.054409,407.661166,0.007278000000042084,-0.054409000000021024,0.33883400000001984,0.34325178531366207,34.713109915419565
809.0,593.0,102.0,409.0,605.0,56.0,501.0,593.338936,101.812009,409.630361,-0.3389359999999897,0.1879909999999967,-0.6303609999999935,0.7399819041692733,103.55674772799695
810.0,481.0,165.0,409.0,474.0,131.0,456.0,480.516459,164.515767,409.441772,0.48354100000000244,0.48423299999998903,-0.4417720000000145,0.8145280823605805,58.42944463196617
811.0,446.0,168.0,409.0,434.0,133.0,441.0,445.54823099999993,166.558132,408.200396,0.4517690000000698,1.4418679999999995,0.799603999999988,1.709516047190269,48.91829923454004
812.0,461.0,226.0,409.0,452.0,205.0,446.0,461.494689,225.36960299999998,408.11398199999996,-0.49468899999999394,0.6303970000000163,0.8860180000000355,1.1946319435935395,43.485629810317796
813.0,443.0,270.0,409.0,431.0,260.0,440.0,444.117034,270.607566,409.448451,-1.1170339999999896,-0.6075660000000198,-0.4484509999999773,1.3483359006245368,34.713109915419565
814.0,605.0,276.0,409.0,617.0,269.0,501.0,604.610188,276.204673,408.6005,0.38981200000000626,-0.20467300000001387,0.3994999999999891,0.5945121380367283,93.04300081145277
815.0,460.0,280.0,409.0,450.0,272.0,445.0,460.29243899999994,280.26984400000003,408.513721,-0.2924389999999448,-0.2698440000000346,0.48627900000002455,0.6283340026594219,38.2099463490856
816.0,521.0,98.0,410.0,522.0,50.0,473.0,521.500095,97.698848,409.383471,-0.5000949999999875,0.30115200000000186,0.6165290000000141,0.8490556777797355,79.20858539325141
817.0,382.0,134.0,410.0,360.0,92.0,420.0,382.20462899999995,133.643289,410.711051,-0.20462899999995443,0.35671099999999,-0.7110509999999977,0.8214068965883906,48.45616575834287
818.0,376.0,147.0,410.0,353.0,110.0,416.0,375.88873599999994,148.47366,409.598361,0.11126400000006242,-1.4736599999999953,0.40163899999998876,1.531459225580946,43.977266854592045
819.0,427.0,261.0,410.0,410.0,248.0,435.0,426.38741500000003,260.956474,410.902973,0.6125849999999673,0.04352599999998574,-0.9029729999999745,1.092023412583225,32.90896534380867
820.0,210.0,331.0,410.0,160.0,330.0,350.0,210.74723699999998,330.54061900000005,410.62577699999997,-0.7472369999999842,0.45938099999995075,-0.6257769999999709,1.0774928728575863,78.10889834071403
821.0,610.0,70.0,411.0,625.0,18.0,510.0,610.87524,70.467554,411.05387299999995,-0.8752399999999625,-0.4675540000000069,-0.05387299999995321,0.993757566333427,112.82730166054668
822.0,440.0,267.0,411.0,425.0,256.0,441.0,439.67799599999995,267.352849,411.745721,0.3220040000000495,-0.352848999999992,-0.7457210000000032,0.8856008145084505,35.298725189445584
823.0,566.0,169.0,412.0,570.0,137.0,491.0,564.278727,168.47197400000002,411.749868,1.7212729999999965,0.5280259999999828,0.2501320000000078,1.8177343630544518,85.32877591996736
824.0,604.0,278.0,412.0,614.0,272.0,506.0,603.6070149999999,278.61845700000003,413.295219,0.392985000000067,-0.6184570000000349,-1.2952189999999746,1.4881258444886407,94.72064188971694
825.0,597.0,103.0,413.0,607.0,57.0,507.0,596.463174,102.547673,413.78310799999997,0.5368260000000191,0.4523269999999968,-0.7831079999999702,1.0516843675119314,105.1284928076114
826.0,612.0,127.0,413.0,624.0,87.0,512.0,611.2488129999999,126.96421699999999,413.544696,0.7511870000000727,0.035783000000009224,-0.5446959999999876,0.9285774412907608,107.44766167767449
827.0,587.0,158.0,413.0,596.0,124.0,502.0,587.226369,157.546391,413.41342299999997,-0.22636899999997695,0.45360900000000015,-0.4134229999999661,0.6541579518518151,95.69743988216194
828.0,497.0,277.0,413.0,490.0,268.0,464.0,496.28298699999993,276.541219,412.843971,0.7170130000000654,0.45878099999998767,0.15602899999998954,0.8654089767104794,52.25897052181568
829.0,415.0,314.0,413.0,397.0,314.0,433.0,416.367704,315.111213,413.374639,-1.3677040000000034,-1.1112130000000207,-0.37463900000000194,1.801600106379342,26.90724809414742
830.0,586.0,97.0,414.0,594.0,50.0,503.0,585.2562389999999,96.935102,413.98461899999995,0.7437610000000632,0.06489799999999946,0.015381000000047607,0.7467454390125831,100.96534058774823
831.0,438.0,134.0,414.0,422.0,92.0,445.0,436.88896299999993,132.99564800000002,414.02554899999996,1.111037000000067,1.004351999999983,-0.025548999999955413,1.4979248668321494,54.59853477887479
832.0,600.0,189.0,414.0,609.0,164.0,506.0,598.734792,190.18794200000002,413.53554299999996,1.2652080000000296,-1.187942000000021,0.46445700000003853,1.7965739014794688,95.7601169589929
833.0,541.0,305.0,414.0,541.0,304.0,481.0,540.666856,305.537541,413.15340100000003,0.3331439999999475,-0.5375409999999761,0.8465989999999692,1.056723766278533,67.00746227100382
834.0,523.0,323.0,414.0,520.0,325.0,475.0,522.978577,322.927464,414.154432,0.02142300000002706,0.0725360000000137,-0.1544319999999857,0.17195830555398808,61.106464469808756
835.0,467.0,94.0,415.0,456.0,46.0,458.0,466.272269,94.972271,414.840549,0.7277310000000057,-0.9722710000000063,0.15945099999999002,1.224878739795502,65.37583651472461
836.0,578.0,111.0,415.0,585.0,67.0,501.0,577.897292,110.933529,414.936158,0.1027080000000069,0.06647100000000705,0.06384200000002238,0.1379968407935675,96.85556256612213
837.0,353.0,158.0,415.0,323.0,122.0,411.0,351.384418,158.530345,413.627315,1.6155820000000176,-0.5303450000000112,1.37268499999999,2.185322659694454,47.031904065219386
838.0,426.0,164.0,415.0,407.0,129.0,442.0,424.789946,163.420868,415.95548199999996,1.2100540000000137,0.5791319999999871,-0.9554819999999609,1.646988284312898,48.11444689487763
839.0,488.0,263.0,415.0,479.0,250.0,462.0,487.050066,261.883732,413.97205699999995,0.9499339999999847,1.116267999999991,1.0279430000000502,1.7902780966735459,49.58830507286975
840.0,518.0,313.0,415.0,514.0,313.0,474.0,517.946155,313.144337,414.819002,0.0538450000000239,-0.14433700000000727,0.18099799999998822,0.23768199258252698,59.135437767890075
841.0,404.0,322.0,415.0,382.0,322.0,430.0,404.003743,321.783693,415.020169,-0.003742999999985841,0.21630699999997205,-0.020169000000009873,0.21727751116714358,26.627053911388696
842.0,548.0,78.0,416.0,550.0,26.0,492.0,547.982639,77.65613900000001,416.63633300000004,0.017361000000050808,0.34386099999998976,-0.636333000000036,0.7235063776712963,92.10863151735563
843.0,492.0,113.0,416.0,485.0,68.0,470.0,492.13113999999996,112.68497400000001,416.844783,-0.1311399999999594,0.3150259999999889,-0.8447830000000067,0.9110968100948404,70.63993204979744
844.0,388.0,119.0,416.0,364.0,73.0,429.0,387.480805,117.950462,416.479232,0.5191950000000247,1.0495379999999983,-0.4792320000000245,1.265210168822969,53.48831648126533
845.0,461.0,137.0,416.0,449.0,96.0,458.0,461.28932,135.964422,417.150171,-0.28931999999997515,1.0355779999999868,-1.1501710000000003,1.574490770288908,59.90826320300064
846.0,602.0,157.0,416.0,613.0,123.0,512.0,603.029532,156.51190000000003,416.75660400000004,-1.0295320000000174,0.48809999999997444,-0.7566040000000385,1.3677088000886992,102.43534546239398
847.0,610.0,278.0,416.0,622.0,270.0,512.0,611.366487,276.863383,415.85916899999995,-1.3664870000000064,1.136617000000001,0.14083100000004833,1.7829801727498358,97.07728879609277
848.0,416.0,314.0,416.0,396.0,313.0,436.0,416.36190500000004,314.261641,415.956094,-0.36190500000003567,-0.26164099999999735,0.04390599999999267,0.44873040764140754,28.30194339616981
849.0,455.0,112.0,417.0,442.0,66.0,457.0,455.315343,111.443808,417.898111,-0.3153429999999844,0.5561919999999958,-0.8981109999999717,1.102449144783529,62.32976816898969
850.0,444.0,117.0,417.0,430.0,73.0,452.0,444.7532709999999,117.304519,417.19990199999995,-0.753270999999927,-0.3045189999999991,-0.19990199999995184,0.8367256601813227,57.9396237474839
851.0,446.0,119.0,417.0,431.0,75.0,452.0,445.54864999999995,118.93704600000001,416.95962,0.45135000000004766,0.06295399999999063,0.040380000000027394,0.45750472458330316,58.18934610390462
852.0,520.0,149.0,417.0,517.0,113.0,481.0,520.271312,149.231313,417.51776800000005,-0.27131199999996625,-0.2313130000000001,-0.5177680000000464,0.6286490333540884,73.49149610669251
853.0,587.0,160.0,417.0,595.0,129.0,506.0,587.535534,161.59914400000002,416.83084199999996,-0.5355339999999842,-1.5991440000000239,0.16915800000003856,1.6948960519324106,94.58329662260668
854.0,488.0,205.0,417.0,481.0,181.0,467.0,489.27463599999993,205.297231,416.661192,-1.27463599999993,-0.2972310000000107,0.3388079999999718,1.3519741346345382,55.90169943749474
855.0,428.0,318.0,417.0,409.0,318.0,442.0,428.070864,318.212022,417.289213,-0.07086399999997184,-0.21202199999999038,-0.28921300000001793,0.3655395934081591,31.400636936215164
856.0,489.0,240.0,418.0,480.0,222.0,468.0,489.13225299999993,238.872249,418.10029699999996,-0.13225299999993467,1.1277509999999893,-0.100296999999955,1.1399002860860021,53.898051912847464
857.0,457.0,262.0,418.0,443.0,250.0,455.0,457.253178,262.169325,417.888459,-0.25317799999999124,-0.16932500000001482,0.11154099999998834,0.3243631452400195,41.340053217188775
858.0,223.0,276.0,418.0,170.0,265.0,364.0,221.566539,277.077299,418.26907,1.433460999999994,-1.0772989999999822,-0.26906999999999925,1.813224266002952,76.4591394144611
859.0,545.0,70.0,419.0,545.0,17.0,494.0,544.535176,70.288494,419.401794,0.46482400000002144,-0.28849400000000003,-0.4017939999999953,0.6787698854899326,91.83681179135085
860.0,621.0,88.0,419.0,633.0,39.0,523.0,620.665876,87.466615,419.283238,0.33412399999997433,0.5333849999999956,-0.283237999999983,0.690189952292098,115.58979193683152
861.0,597.0,143.0,419.0,605.0,106.0,512.0,596.657364,142.63262400000002,418.66905299999996,0.3426359999999704,0.36737599999997883,0.3309470000000374,0.6015733294295791,100.40916292848975
862.0,433.0,148.0,419.0,415.0,109.0,449.0,432.645118,146.91067900000002,419.120028,0.35488199999997505,1.089320999999984,-0.1200279999999907,1.1519410556747012,52.392747589718944
863.0,378.0,165.0,419.0,353.0,129.0,428.0,379.18409599999995,163.89138,419.11015799999996,-1.184095999999954,1.108620000000002,-0.11015799999995579,1.625809468105007,44.74371464239419
864.0,433.0,199.0,419.0,416.0,171.0,449.0,433.988657,197.686806,419.468166,-0.9886569999999892,1.31319400000001,-0.46816599999999653,1.7091227424737527,44.41846462902562
865.0,499.0,213.0,419.0,491.0,191.0,473.0,498.697954,213.359691,418.823034,0.30204600000001847,-0.359690999999998,0.17696599999999307,0.5019226700927218,58.855755878248644
866.0,528.0,260.0,419.0,525.0,248.0,484.0,528.501972,259.723564,419.09391100000005,-0.5019720000000234,0.2764359999999897,-0.09391100000004826,0.5806996011717477,66.16645675869307
867.0,402.0,303.0,419.0,378.0,299.0,434.0,401.725779,302.919545,418.94268,0.2742210000000114,0.08045499999997219,0.057320000000004256,0.29147169033373077,28.583211855912904
868.0,607.0,79.0,420.0,617.0,29.0,519.0,607.1002119999999,79.41364300000001,420.235016,-0.10021199999994224,-0.41364300000000753,-0.23501599999997325,0.4861846322632813,111.35977729862789
869.0,437.0,133.0,420.0,419.0,92.0,454.0,436.89897399999995,132.904112,421.799335,0.10102600000004713,0.0958880000000022,-1.799334999999985,1.8047180398735299,56.22277118748239
870.0,485.0,170.0,420.0,474.0,138.0,470.0,484.222483,170.080697,420.390129,0.7775169999999889,-0.08069699999998647,-0.3901290000000017,0.8736391290109331,60.37383539249432
871.0,438.0,213.0,420.0,421.0,189.0,450.0,438.29878799999994,212.389886,419.122334,-0.298787999999945,0.61011400000001,0.8776659999999765,1.1098697984430146,42.01190307520001
872.0,573.0,220.0,420.0,577.0,201.0,503.0,573.424956,220.70824299999998,419.88370799999996,-0.4249559999999519,-0.7082429999999817,0.11629200000004403,0.8340980627294032,85.24083528450434
873.0,414.0,252.0,420.0,392.0,237.0,440.0,413.599733,251.98731300000003,419.358834,0.4002669999999853,0.012686999999971249,0.6411659999999983,0.7559553365206078,33.301651610693426
874.0,414.0,256.0,420.0,393.0,242.0,440.0,414.42252,256.07702,419.147973,-0.42252000000002,-0.07702000000000453,0.852027000000021,0.9541515810022291,32.202484376209235
875.0,519.0,292.0,420.0,513.0,287.0,480.0,518.4924,291.78216,419.48664799999995,0.5076000000000249,0.2178400000000238,0.5133520000000544,0.7540837496618605,60.50619802962338
876.0,363.0,105.0,421.0,334.0,57.0,425.0,362.98082700000003,105.06143200000001,421.010712,0.019172999999966578,-0.06143200000001059,-0.010712000000012267,0.06523987658633547,56.22277118748239
877.0,491.0,116.0,421.0,483.0,71.0,475.0,491.90507399999996,115.093165,421.279606,-0.9050739999999564,0.906835000000001,-0.27960600000000113,1.3113688184248256,70.74602462329597
878.0,448.0,121.0,421.0,432.0,77.0,457.0,447.64476899999994,120.509398,420.604948,0.35523100000006025,0.49060199999999554,0.39505200000002105,0.7231496860740901,59.0592922409336
879.0,522.0,161.0,421.0,518.0,128.0,485.0,522.226051,161.46348,420.513465,-0.22605099999998401,-0.4634800000000041,0.4865350000000035,0.7089633779159541,72.11795892841117
880.0,373.0,169.0,421.0,344.0,135.0,428.0,372.244949,168.856077,421.508064,0.7550509999999804,0.1439230000000009,-0.5080639999999903,0.9213820437939741,45.232731511594565
881.0,544.0,197.0,421.0,543.0,171.0,493.0,544.127758,196.446955,420.65474199999994,-0.12775799999997162,0.5530449999999973,0.345258000000058,0.6643673420277594,76.55716818169282
882.0,499.0,265.0,421.0,490.0,254.0,472.0,498.23626699999994,264.978099,418.92364899999995,0.7637330000000588,0.021901000000013937,2.076351000000045,2.212464965664152,52.94336596779619
883.0,424.0,314.0,421.0,403.0,313.0,444.0,423.88283800000005,314.12621,420.353798,0.1171619999999507,-0.1262100000000146,0.6462020000000166,0.668754755607774,31.160872901765767
884.0,458.0,108.0,422.0,444.0,61.0,463.0,458.384765,107.26511200000002,421.992016,-0.3847650000000158,0.7348879999999838,0.007984000000021751,0.8295590527653766,63.92182725798755
885.0,425.0,128.0,422.0,406.0,86.0,450.0,425.701175,128.110601,422.010653,-0.7011749999999779,-0.11060100000000261,-0.010652999999990698,0.7099242552800752,53.9351462406472
886.0,473.0,236.0,422.0,461.0,221.0,465.0,473.57764,238.195561,420.69714799999997,-0.577639999999974,-2.195560999999998,1.3028520000000299,2.6175521787015135,47.095647357266465
887.0,457.0,284.0,422.0,440.0,276.0,459.0,456.199985,283.433524,422.031617,0.8000149999999735,0.5664760000000229,-0.03161699999998291,0.9807745375416219,41.49698784249286
888.0,510.0,289.0,422.0,502.0,284.0,480.0,509.91681500000004,289.386503,422.316083,0.08318499999995765,-0.3865030000000047,-0.3160829999999919,0.5061746498225602,58.762232769015846
889.0,423.0,313.0,422.0,402.0,312.0,445.0,423.356743,313.30070800000004,421.38100899999995,-0.3567429999999945,-0.30070800000004283,0.6189910000000509,0.7751391664688896,31.160872901765767
890.0,494.0,72.0,423.0,484.0,18.0,480.0,493.49871299999995,71.61721700000001,424.38554899999997,0.5012870000000476,0.3827829999999892,-1.385548999999969,1.522352624347905,79.15175298121956
891.0,593.0,111.0,423.0,599.0,68.0,516.0,592.688146,111.493762,422.964251,0.3118540000000394,-0.4937620000000038,0.0357490000000098,0.585091292843287,102.6352765865616
892.0,447.0,119.0,423.0,430.0,74.0,458.0,446.323295,118.051369,421.872441,0.6767050000000268,0.948631000000006,1.1275590000000193,1.6214868885276537,59.48949487094339
893.0,396.0,123.0,423.0,372.0,79.0,438.0,396.09380899999996,122.711763,421.45300399999996,-0.09380899999996473,0.2882369999999952,1.5469960000000356,1.5764128014787564,52.316345438113316
894.0,595.0,123.0,423.0,602.0,82.0,517.0,595.407519,122.93178800000001,423.098983,-0.4075189999999793,0.06821199999998839,-0.09898299999997562,0.42487909644271354,102.79105019407089
895.0,558.0,162.0,423.0,560.0,130.0,502.0,559.305333,162.662099,422.828521,-1.3053330000000187,-0.662099000000012,0.17147899999997662,1.4736601962905347,85.25843066817498
896.0,583.0,168.0,423.0,587.0,137.0,511.0,582.692506,168.136193,422.874076,0.3074940000000197,-0.13619299999999157,0.1259239999999977,0.3591071526174454,93.38629449764028
897.0,496.0,279.0,423.0,487.0,270.0,475.0,496.83156599999995,278.063733,422.19161499999996,-0.8315659999999525,0.9362669999999866,0.8083850000000439,1.490497975802036,53.53503525729669
898.0,504.0,286.0,423.0,495.0,280.0,478.0,503.920226,286.173484,422.541883,0.07977399999998624,-0.17348399999997355,0.45811700000001565,0.49631821951345184,56.05354582896607
899.0,209.0,300.0,423.0,154.0,294.0,364.0,209.39777099999998,300.919527,422.711809,-0.39777099999997745,-0.9195270000000164,0.28819099999998343,1.0424997480340235,80.88263101556477
900.0,460.0,99.0,424.0,446.0,51.0,466.0,460.628063,99.027221,423.70552,-0.6280629999999974,-0.027220999999997275,0.2944800000000214,0.6942064427891814,65.29931086925804
901.0,499.0,101.0,424.0,492.0,56.0,480.0,500.06273699999997,102.696753,422.67904699999997,-1.06273699999997,-1.696753000000001,1.3209530000000314,2.3986032398850425,72.18032973047436
902.0,560.0,121.0,424.0,561.0,80.0,506.0,560.666232,121.655366,425.186763,-0.6662320000000364,-0.6553660000000008,-1.186762999999985,1.5105548947155192,91.68424073961675
903.0,547.0,198.0,424.0,546.0,174.0,498.0,547.787227,198.827181,423.790085,-0.7872270000000299,-0.827180999999996,0.2099150000000236,1.161042231581199,77.80102827083971
904.0,604.0,247.0,424.0,611.0,233.0,520.0,604.561462,246.52340600000002,424.572142,-0.5614620000000059,0.4765939999999773,-0.5721419999999853,0.9325920257239863,97.26767191621273
905.0,550.0,86.0,425.0,549.0,36.0,502.0,549.898372,85.731982,424.765519,0.10162800000000516,0.26801799999999787,0.2344810000000166,0.37032855421774824,91.81503144910424
906.0,458.0,95.0,425.0,443.0,46.0,466.0,458.251062,94.9487,424.436173,-0.25106199999999035,0.05129999999999768,0.5638270000000034,0.6193260076672049,65.62773803811922
907.0,496.0,114.0,425.0,486.0,70.0,481.0,495.788147,114.18511600000001,425.15284299999996,0.21185300000001916,-0.18511600000000783,-0.15284299999996165,0.32017278103236585,71.91661838546081
908.0,469.0,127.0,425.0,455.0,86.0,471.0,469.24252599999994,127.583809,425.595311,-0.24252599999994118,-0.5838090000000022,-0.595310999999981,0.8683587944380775,63.190189111918315
909.0,520.0,147.0,425.0,514.0,110.0,489.0,519.9937669999999,146.694632,424.485011,0.006233000000065658,0.3053679999999872,0.5149890000000141,0.5987504787755977,74.16872656315464
910.0,516.0,185.0,425.0,509.0,157.0,488.0,516.277476,185.230452,425.468298,-0.27747599999997874,-0.23045200000001387,-0.4682980000000043,0.5911041123896861,69.29646455628166
911.0,532.0,243.0,425.0,527.0,228.0,491.0,531.694502,243.246933,423.817833,0.3054979999999432,-0.24693300000001273,1.1821669999999926,1.2457221802560772,67.86751800382861
912.0,454.0,315.0,425.0,437.0,315.0,462.0,455.005412,315.35753800000003,425.52514399999995,-1.0054119999999784,-0.35753800000003366,-0.5251439999999548,1.1893119573618745,40.718546143004666
913.0,603.0,122.0,426.0,610.0,81.0,523.0,603.176127,121.99577400000001,425.67274,-0.1761269999999513,0.004225999999988517,0.32726000000002387,0.3716687864281831,105.54146104730596
914.0,395.0,135.0,426.0,369.0,94.0,442.0,394.94012,134.966302,425.488285,0.05988000000002103,0.033697999999986905,0.511714999999981,0.5163074770221542,51.11751167652823
915.0,163.0,157.0,426.0,101.0,118.0,353.0,163.741536,157.193781,426.211923,-0.7415359999999964,-0.1937810000000013,-0.21192300000001296,0.7951968769971375,103.41179816636011
916.0,511.0,174.0,426.0,502.0,143.0,487.0,510.44967499999996,173.814798,426.37315,0.5503250000000435,0.18520200000000386,-0.37315000000000964,0.690216132040578,69.01449123191448
917.0,363.0,238.0,426.0,330.0,220.0,428.0,362.142011,238.55447900000001,425.98020299999996,0.857988999999975,-0.5544790000000148,0.01979700000003959,1.021755355636062,37.64306044943742
918.0,371.0,255.0,426.0,340.0,240.0,431.0,370.876245,254.84364399999998,425.908749,0.12375500000001693,0.1563560000000166,0.09125099999999975,0.21929259851169017,34.79942528261063
919.0,502.0,79.0,427.0,493.0,28.0,487.0,502.40507199999996,79.673235,427.584409,-0.40507199999996146,-0.6732350000000054,-0.5844089999999937,0.9792152826064188,79.25906888173743
920.0,551.0,143.0,427.0,549.0,106.0,504.0,551.058188,143.042112,427.006253,-0.05818799999997282,-0.042112000000003036,-0.006253000000015163,0.07209968028359962,85.45174076635303
921.0,439.0,150.0,427.0,419.0,114.0,459.0,438.40070599999996,150.863257,425.90069900000003,0.5992940000000431,-0.8632570000000044,1.0993009999999686,1.5207986832865126,52.15361924162119
922.0,593.0,203.0,427.0,597.0,178.0,518.0,592.659188,201.57747800000004,426.117057,0.3408120000000281,1.422521999999958,0.8829430000000116,1.7085988414712567,94.45633912025174
923.0,475.0,209.0,427.0,459.0,185.0,473.0,473.775714,208.624307,427.080864,1.2242860000000064,0.3756930000000125,-0.08086400000001959,1.283183707245782,54.29548784199291
924.0,483.0,212.0,427.0,470.0,189.0,476.0,483.140879,211.80291900000003,426.592602,-0.140878999999984,0.19708099999996875,0.4073980000000006,0.4739841174617391,55.66866263886712
925.0,530.0,316.0,427.0,523.0,317.0,493.0,529.919474,316.141575,427.284484,0.08052599999996346,-0.1415749999999889,-0.2844840000000204,0.3278094927804907,66.37770710110436
926.0,499.0,80.0,428.0,489.0,28.0,486.0,499.03649599999994,79.707642,427.84687099999996,-0.036495999999942796,0.292357999999993,0.15312900000003538,0.33204464883657225,78.53661566428744
927.0,558.0,85.0,428.0,558.0,35.0,509.0,558.7042349999999,84.77834000000001,427.856502,-0.704234999999926,0.22165999999998576,0.14349800000002233,0.7521115388218,95.1892851112981
928.0,424.0,151.0,428.0,401.0,114.0,456.0,423.63233599999995,151.00003600000002,428.247461,0.3676640000000475,-3.6000000022795575e-05,-0.24746099999998705,0.44318592567118886,51.78802950489621
929.0,386.0,172.0,428.0,358.0,140.0,443.0,387.072347,172.69254999999998,429.575385,-1.0723469999999793,-0.6925499999999829,-1.575384999999983,2.0276566497151034,45.088801270381985
930.0,349.0,197.0,428.0,314.0,169.0,425.0,348.46191899999997,196.90801199999999,427.307016,0.5380810000000338,0.09198800000001484,0.692984000000024,0.8821676592128461,44.9221548904324
931.0,501.0,239.0,429.0,490.0,222.0,486.0,501.58598699999993,238.599689,429.489533,-0.5859869999999319,0.40031099999998787,-0.48953299999999444,0.8621323674348997,60.489668539346454
932.0,469.0,125.0,430.0,453.0,84.0,476.0,468.97078,125.89670000000001,429.981099,0.02922000000000935,-0.8967000000000098,0.018901000000028034,0.8973750309658829,63.66317616958802
933.0,464.0,159.0,430.0,447.0,125.0,475.0,464.42256599999996,159.523753,431.16544,-0.4225659999999607,-0.5237529999999992,-1.1654399999999896,1.3457821602937607,58.90670590009256
934.0,454.0,196.0,430.0,434.0,170.0,470.0,453.43055499999997,196.514337,431.099793,0.5694450000000302,-0.5143370000000118,-1.099792999999977,1.341027516661383,51.73006862551025
935.0,556.0,240.0,430.0,552.0,225.0,508.0,555.517285,240.445333,430.50208599999996,0.4827149999999847,-0.4453330000000051,-0.502085999999963,0.8266955930147157,79.52986860293433
936.0,507.0,274.0,430.0,496.0,265.0,489.0,507.421921,273.74960599999997,430.683224,-0.42192099999999755,0.2503940000000284,-0.6832239999999956,0.8411358508903339,60.687725282795036
937.0,565.0,285.0,430.0,562.0,280.0,510.0,564.311131,285.413633,429.996755,0.6888689999999542,-0.41363300000000436,0.003244999999992615,0.8035193139402067,80.2122185206219
938.0,456.0,95.0,431.0,437.0,47.0,473.0,455.418592,95.717073,431.44521,0.5814080000000104,-0.7170729999999992,-0.44520999999997457,1.02491018820821,66.55073252789934
939.0,437.0,101.0,431.0,416.0,54.0,465.0,437.082113,101.66422600000001,430.75469899999996,-0.08211299999999255,-0.6642260000000135,0.2453010000000404,0.7128192649234704,61.69278726074872
940.0,485.0,103.0,431.0,471.0,56.0,484.0,484.784082,102.76606600000001,431.245351,0.21591799999998784,0.23393399999999076,-0.24535100000002785,0.40192388866675255,72.20803279414278
941.0,596.0,131.0,432.0,598.0,92.0,528.0,595.252079,131.01237500000002,432.784979,0.7479210000000194,-0.012375000000020009,-0.7849790000000212,1.0843112990774664,103.63879582472966
942.0,578.0,152.0,432.0,578.0,117.0,520.0,577.857155,151.69701500000002,432.011098,0.1428449999999657,0.3029849999999783,-0.011098000000004049,0.33515335274166236,94.70480452437458
943.0,508.0,187.0,432.0,497.0,160.0,493.0,508.28034,187.694573,432.502081,-0.2803400000000238,-0.6945729999999912,-0.5020809999999756,0.9017247354320368,67.60917097554147
944.0,429.0,201.0,432.0,405.0,176.0,461.0,428.607936,201.699209,431.701521,0.39206400000000485,-0.6992089999999962,0.29847899999998617,0.8553929618707359,45.18849411078001
945.0,440.0,295.0,432.0,418.0,292.0,465.0,440.81069499999995,296.58932000000004,432.56897299999997,-0.8106949999999529,-1.5893200000000434,-0.5689729999999713,1.8726704782620003,39.774363602702685
946.0,473.0,129.0,433.0,457.0,87.0,480.0,473.147208,128.283368,432.079424,-0.1472079999999778,0.7166320000000042,0.9205759999999827,1.1758791564033984,65.03076195155643
947.0,464.0,161.0,433.0,446.0,126.0,476.0,463.914743,160.33637099999999,432.212265,0.0852570000000128,0.6636290000000145,0.7877349999999979,1.0335369543054655,58.29236656715869
948.0,507.0,161.0,433.0,498.0,130.0,494.0,509.04351499999996,163.105145,432.725097,-2.0435149999999567,-2.105144999999993,0.2749029999999948,2.9467203270176134,69.01449123191448
949.0,475.0,163.0,433.0,459.0,129.0,480.0,475.085134,162.67270200000002,431.971526,-0.08513399999998228,0.32729799999998477,1.028474000000017,1.0826497806012902,60.174745533321534
950.0,615.0,209.0,433.0,617.0,186.0,536.0,612.95708,207.801468,434.98578899999995,2.042919999999981,1.1985320000000002,-1.9857889999999543,3.090850859220603,105.55567251455508
951.0,486.0,215.0,433.0,471.0,193.0,485.0,486.295862,214.96525100000002,433.366032,-0.2958619999999996,0.034748999999976604,-0.36603200000001834,0.47193351339888073,58.42088667591412
952.0,552.0,303.0,433.0,547.0,302.0,508.0,552.3352219999999,303.54091800000003,432.55670499999997,-0.33522199999993063,-0.5409180000000333,0.44329500000003463,0.775549178990617,75.17313349861105
953.0,529.0,104.0,434.0,521.0,58.0,504.0,528.860664,103.883836,433.81260499999996,0.1393359999999575,0.11616399999999771,0.18739500000003773,0.26081695078541534,84.14273587185052
954.0,469.0,156.0,434.0,451.0,120.0,480.0,468.786054,155.345906,433.96243100000004,0.21394600000002129,0.6540939999999864,0.037568999999962216,0.6892193275822933,61.1228271597445
955.0,507.0,195.0,434.0,495.0,168.0,494.0,507.05936199999996,194.24620400000003,433.87745099999995,-0.05936199999996461,0.7537959999999657,0.12254900000004909,0.7659964190914708,66.88049042882386
956.0,462.0,258.0,434.0,443.0,245.0,476.0,462.67060599999996,257.82129000000003,434.158986,-0.6706059999999638,0.17870999999996684,-0.15898600000002716,0.7119875136067685,47.89572005931219
957.0,608.0,84.0,435.0,613.0,35.0,536.0,608.469116,84.14578,434.54451600000004,-0.46911599999998543,-0.14578000000000202,0.4554839999999558,0.669915893311949,112.36992480196825
958.0,487.0,148.0,435.0,470.0,110.0,489.0,485.801059,146.940724,435.920435,1.1989409999999907,1.0592760000000112,-0.9204349999999977,1.845731766774901,68.18357573492314
959.0,494.0,149.0,436.0,479.0,112.0,493.0,493.85388600000005,148.480367,436.709473,0.14611399999995456,0.5196329999999989,-0.7094730000000027,0.8914705230202451,69.59166616772443
960.0,507.0,180.0,436.0,494.0,151.0,497.0,506.90738699999997,180.291672,436.3019939999999,0.09261300000002848,-0.2916720000000055,-0.3019939999999224,0.42994197211828666,68.78226515607058
961.0,537.0,189.0,436.0,530.0,162.0,508.0,537.845363,188.967599,435.60195699999997,-0.8453630000000203,0.03240099999999302,0.3980430000000297,0.9349474083706835,77.21398836998384
962.0,465.0,227.0,436.0,445.0,206.0,482.0,465.429404,225.794554,437.919453,-0.4294039999999768,1.205445999999995,-1.9194529999999759,2.3069000137285696,54.378304497290095
963.0,485.0,254.0,436.0,467.0,241.0,488.0,484.406406,254.26639800000004,437.207718,0.593593999999996,-0.2663980000000379,-1.2077179999999998,1.3718252435219345,56.542019772908716
964.0,496.0,267.0,436.0,482.0,257.0,490.0,496.72948299999996,267.263393,435.020434,-0.7294829999999592,-0.26339300000000776,0.9795659999999771,1.2494282164629946,56.674509261219015
965.0,579.0,107.0,437.0,577.0,64.0,527.0,578.416876,108.208183,437.19107699999995,0.583123999999998,-1.2081830000000053,-0.1910769999999502,1.3550830899963262,99.76472322419383
966.0,452.0,80.0,438.0,430.0,27.0,480.0,451.61715899999996,79.290779,438.508196,0.38284100000004173,0.7092209999999994,-0.5081959999999981,0.9527984217755764,71.11258679024411
967.0,167.0,102.0,438.0,101.0,51.0,368.0,167.031644,102.136236,437.211684,-0.031644000000000005,-0.1362359999999967,0.7883160000000089,0.8006270706689933,108.8898526034451
968.0,578.0,138.0,438.0,576.0,100.0,527.0,577.968665,137.699936,437.804025,0.03133500000001277,0.3000639999999919,0.1959749999999758,0.35975892893156447,96.79359482941007
969.0,565.0,141.0,438.0,561.0,104.0,522.0,565.047864,141.120246,437.856083,-0.047864000000004125,-0.12024600000000873,0.14391699999998764,0.1935514554349797,91.87491496594704
970.0,482.0,144.0,438.0,465.0,106.0,490.0,482.13912799999997,143.680414,437.957809,-0.13912799999997105,0.3195859999999868,0.04219100000000253,0.35110097160358833,66.61080993352356
971.0,531.0,99.0,439.0,522.0,53.0,510.0,531.1529790000001,99.710733,438.16640599999994,-0.15297900000007303,-0.7107330000000047,0.8335940000000619,1.1060845033568332,85.07643622061282
972.0,612.0,117.0,439.0,615.0,76.0,542.0,611.958794,117.643844,439.08954300000005,0.04120599999998831,-0.6438440000000014,-0.08954300000004878,0.6513455147776867,110.90085662428402
973.0,427.0,147.0,439.0,401.0,110.0,469.0,426.977716,147.567341,438.31081900000004,0.022284000000013293,-0.567340999999999,0.6891809999999623,0.8929405566430206,54.26785420486054
974.0,428.0,148.0,439.0,402.0,109.0,470.0,428.00583500000005,146.73065300000002,438.81823799999995,-0.00583500000004733,1.269346999999982,0.18176200000004883,1.2823077938927037,56.19608527290847
975.0,455.0,154.0,439.0,432.0,118.0,481.0,454.262897,153.802018,439.657963,0.7371029999999905,0.1979819999999961,-0.6579629999999952,1.007686962455096,59.90826320300064
976.0,559.0,312.0,439.0,553.0,313.0,516.0,559.179544,312.42074,437.322182,-0.1795439999999644,-0.42074000000002343,1.677818000000002,1.739060504025094,77.23988606931007
977.0,530.0,100.0,440.0,521.0,53.0,512.0,530.896168,99.692256,439.980546,-0.8961679999999888,0.3077439999999996,0.019453999999996086,0.9477351485916198,86.45229898620394
978.0,480.0,143.0,440.0,462.0,105.0,491.0,480.05881899999997,142.86609800000002,439.504812,-0.05881899999997131,0.13390199999997776,0.49518799999998464,0.5163337832342325,66.09841147864296
979.0,531.0,190.0,440.0,520.0,164.0,510.0,530.6128610000001,190.63757900000002,439.774775,0.38713899999993373,-0.6375790000000165,0.2252250000000231,0.7791725657304549,75.47847375245475
980.0,479.0,201.0,440.0,459.0,176.0,490.0,478.11600599999997,201.04817200000002,440.203675,0.8839940000000297,-0.04817200000002231,-0.20367499999997563,0.9084324076369384,59.371710435189584
981.0,499.0,223.0,440.0,483.0,204.0,498.0,499.10356599999994,223.75134000000003,440.45774300000005,-0.10356599999994387,-0.7513400000000274,-0.4577430000000504,0.8858704002307989,63.095166217389426
982.0,492.0,281.0,440.0,474.0,273.0,493.0,491.439247,280.37699200000003,439.58788000000004,0.560752999999977,0.6230079999999703,0.41211999999995896,0.9340373597843414,56.542019772908716
983.0,409.0,167.0,441.0,379.0,134.0,465.0,409.060034,167.39596699999998,441.15541099999996,-0.060033999999973275,-0.39596699999998464,-0.15541099999995822,0.4295887861268863,50.6458290484024
984.0,473.0,208.0,441.0,453.0,184.0,489.0,473.266304,207.64624500000002,441.064385,-0.266303999999991,0.3537549999999783,-0.06438500000001568,0.4474436821165116,57.271284253105414
985.0,536.0,320.0,441.0,525.0,321.0,511.0,536.192896,319.189999,440.79211599999996,-0.19289600000001883,0.8100009999999997,0.20788400000003548,0.8582110720988291,70.8660708661063
986.0,486.0,87.0,442.0,469.0,37.0,498.0,486.698356,87.04662200000001,442.458518,-0.6983559999999898,-0.046622000000013486,-0.4585180000000264,0.8367278350479391,76.97402159170326
987.0,384.0,159.0,442.0,351.0,123.0,458.0,385.37950600000005,158.627156,442.884768,-1.379506000000049,0.3728439999999864,-0.8847680000000082,1.680733133545043,51.39066063011839
988.0,482.0,161.0,442.0,463.0,128.0,494.0,481.82649799999996,161.66278,441.80184299999996,0.1735020000000418,-0.6627799999999979,0.19815700000003744,0.7131945520354362,64.45153217728807
989.0,455.0,190.0,442.0,432.0,162.0,483.0,455.18517699999995,189.81658800000002,441.64371500000004,-0.1851769999999533,0.1834119999999757,0.3562849999999571,0.4414402386483851,54.71745608121781
990.0,357.0,238.0,442.0,315.0,219.0,447.0,355.419082,237.59064899999998,444.63415399999997,1.580917999999997,0.4093510000000151,-2.634153999999967,3.0992962523193595,46.36809247747852
991.0,488.0,138.0,443.0,471.0,99.0,498.0,488.819002,137.817156,442.54675999999995,-0.8190020000000118,0.18284399999998868,0.4532400000000507,0.9537414229968525,69.53416426476987
992.0,482.0,204.0,443.0,462.0,180.0,494.0,481.52446299999997,204.25949300000002,442.57170299999996,0.4755370000000312,-0.2594930000000204,0.4282970000000432,0.6905869790454184,59.80802621722272
993.0,492.0,207.0,443.0,473.0,184.0,497.0,490.88962799999996,207.438105,442.083441,1.1103720000000408,-0.4381050000000073,0.9165590000000066,1.5049725478858773,61.69278726074872
994.0,563.0,75.0,444.0,556.0,23.0,528.0,561.983201,74.732141,443.02392799999996,1.0167989999999918,0.2678590000000014,0.9760720000000447,1.4346934165409944,99.04039579888602
995.0,471.0,191.0,444.0,449.0,164.0,491.0,470.495452,191.263347,443.46207300000003,0.5045479999999998,-0.2633470000000102,0.5379269999999678,0.7831256502260481,58.497863208838666
996.0,389.0,278.0,444.0,353.0,268.0,459.0,388.51858799999997,277.367635,444.564113,0.48141200000003437,0.632364999999993,-0.5641130000000203,0.9746109396769805,40.26164427839479
997.0,454.0,146.0,445.0,430.0,110.0,487.0,454.19648299999994,147.188514,444.762031,-0.19648299999994379,-1.1885139999999978,0.23796900000002097,1.2279252185886496,60.29925372672534
998.0,366.0,189.0,445.0,328.0,159.0,452.0,366.274053,188.314165,444.55269599999997,-0.2740529999999808,0.6858349999999973,0.447304000000031,0.8634555937916052,48.91829923454004
999.0,520.0,194.0,445.0,505.0,168.0,512.0,519.513096,193.97364399999998,445.26668700000005,0.48690399999998135,0.02635600000002114,-0.2666870000000472,0.5557806221172237,73.41661937191061
1000.0,417.0,199.0,445.0,386.0,173.0,471.0,416.416975,199.22794600000003,444.381344,0.5830250000000206,-0.2279460000000313,0.6186559999999872,0.8801208870814409,48.093658625644196
1001.0,364.0,273.0,445.0,325.0,262.0,450.0,364.363444,272.718194,444.78826100000003,-0.3634440000000154,0.2818060000000173,0.21173899999996593,0.5062998784248388,40.82891132518721
1002.0,444.0,279.0,445.0,418.0,271.0,481.0,444.781207,279.1965,444.79697799999997,-0.7812069999999949,-0.19650000000001455,0.20302200000003268,0.8307313400450298,45.12205669071391
1003.0,484.0,76.0,446.0,463.0,22.0,501.0,482.67911799999996,74.75817500000001,446.20215499999995,1.32088200000004,1.2418249999999915,-0.2021549999999479,1.8242053701746588,79.88742078700501
1004.0,475.0,94.0,446.0,453.0,45.0,497.0,474.07758399999994,93.700625,445.918188,0.9224160000000552,0.2993749999999977,0.08181200000001354,0.9732265260591199,74.06753674856482
1005.0,568.0,184.0,446.0,561.0,157.0,531.0,567.8734039999999,184.422111,445.369952,0.1265960000000632,-0.422111000000001,0.630047999999988,0.7688723729208911,89.45948803788227
1006.0,497.0,216.0,446.0,478.0,194.0,504.0,496.687559,215.51649500000002,446.32188499999995,0.31244099999997843,0.48350499999997965,-0.321884999999952,0.6595501624068756,64.87680633323437
1007.0,449.0,317.0,446.0,422.0,317.0,484.0,449.090335,316.814783,446.53988200000003,-0.09033499999998185,0.18521700000002284,-0.5398820000000342,0.5778739682993533,46.61544808322666
1008.0,408.0,180.0,447.0,375.0,150.0,471.0,407.65867,180.451089,447.014639,0.34133000000002767,-0.4510889999999961,-0.0146389999999883,0.5658637248861381,50.6458290484024
1009.0,449.0,219.0,447.0,423.0,198.0,486.0,449.3005539999999,219.31698,446.667197,-0.30055399999992005,-0.3169800000000009,0.3328030000000126,0.5491510394463084,51.36146415358503
1010.0,418.0,288.0,447.0,387.0,280.0,472.0,418.431782,286.849738,445.94791899999996,-0.43178199999999833,1.150261999999998,1.0520810000000438,1.617532934665964,40.620192023179804
1011.0,488.0,145.0,448.0,468.0,107.0,504.0,488.121657,144.31420500000002,448.067636,-0.12165700000002744,0.6857949999999846,-0.06763599999999315,0.6997784193371389,70.5691150575094
1012.0,336.0,165.0,448.0,290.0,131.0,446.0,334.927291,165.665229,449.49141599999996,1.0727089999999748,-0.6652290000000107,-1.4914159999999583,1.9538566749323851,57.23635208501674
1013.0,576.0,110.0,449.0,570.0,67.0,540.0,576.3864590000001,110.54805900000001,449.14235599999995,-0.38645900000005895,-0.5480590000000092,-0.14235599999994974,0.6855541239742062,100.8265837961398
1014.0,467.0,139.0,449.0,444.0,100.0,497.0,467.5861009999999,138.799262,448.79663700000003,-0.5861009999999283,0.2007380000000012,0.20336299999996754,0.6520480324438555,65.98484674529449
1015.0,582.0,146.0,449.0,577.0,112.0,541.0,582.497476,147.35457300000002,448.541521,-0.497476000000006,-1.3545730000000162,0.4584790000000112,1.5141180192924395,98.2089608946149
1016.0,490.0,261.0,449.0,468.0,250.0,504.0,489.428105,261.43978500000003,449.47003700000005,0.5718949999999836,-0.43978500000002896,-0.47003700000004756,0.8610514030062616,60.249481325568276
1017.0,448.0,272.0,449.0,420.0,263.0,488.0,448.08336899999995,272.548589,449.63858400000004,-0.08336899999994785,-0.5485889999999927,-0.6385840000000371,0.8459845188524614,48.84669896727925
1018.0,452.0,302.0,449.0,425.0,300.0,488.0,452.30693599999995,302.825844,448.701963,-0.3069359999999506,-0.8258440000000178,0.2980370000000221,0.930082831688131,47.47630988187688
1019.0,448.0,71.0,451.0,421.0,17.0,495.0,448.43405599999994,70.96999100000001,452.40602,-0.4340559999999414,0.030008999999992625,-1.4060200000000123,1.471800730947292,74.70609078247904
1020.0,447.0,81.0,451.0,420.0,29.0,492.0,446.986137,80.84040900000001,450.452234,0.013863000000014836,0.15959099999999182,0.5477660000000242,0.5707092611882378,71.5122367151245
1021.0,440.0,111.0,451.0,412.0,66.0,490.0,440.587017,111.214443,451.340017,-0.587017000000003,-0.21444300000000283,-0.3400169999999889,0.7114677215636682,65.80273550544841
1022.0,424.0,139.0,451.0,392.0,100.0,483.0,423.53446499999995,139.258588,451.431521,0.46553500000004533,-0.25858800000000315,-0.4315209999999752,0.6854202823159105,59.74110812497538
1023.0,530.0,291.0,451.0,514.0,286.0,521.0,529.926439,290.464072,451.07894699999997,0.07356100000004062,0.5359280000000126,-0.07894699999997101,0.5466833367810061,71.97916365171243
1024.0,510.0,132.0,452.0,492.0,92.0,517.0,510.017109,131.737618,451.785613,-0.017109000000004926,0.26238200000000234,0.2143869999999879,0.3392621664347444,78.41555968046137
1025.0,512.0,151.0,452.0,494.0,118.0,519.0,512.329155,152.99792200000002,453.0750469999999,-0.3291550000000143,-1.9979220000000169,-1.0750469999999268,2.2925447398726857,76.82447526667526
1026.0,525.0,183.0,452.0,511.0,155.0,522.0,526.65845,183.17195600000002,451.35104,-1.6584500000000162,-0.17195600000002287,0.6489599999999882,1.7891825927042904,76.68115805072325
1027.0,528.0,186.0,452.0,512.0,159.0,523.0,527.732249,186.430568,451.90749400000004,0.26775099999997565,-0.43056799999999384,0.09250599999995757,0.5153996125929606,77.6273147803014
1028.0,579.0,217.0,452.0,571.0,194.0,542.0,578.8441339999999,214.539016,451.682193,0.15586600000006,2.4609839999999963,0.31780700000001616,2.486310066637106,93.23625904121208
1029.0,400.0,273.0,452.0,363.0,264.0,473.0,399.89518599999997,273.866975,452.80563299999994,0.10481400000003305,-0.8669750000000249,-0.8056329999999434,1.1881397880342022,43.485629810317796
1030.0,478.0,292.0,452.0,453.0,289.0,501.0,477.34736,293.503125,451.419584,0.6526400000000194,-1.5031250000000114,0.5804160000000138,1.7384494436943156,55.09083408335728
1031.0,158.0,80.0,453.0,84.0,20.0,383.0,157.439829,76.659932,452.98272899999995,0.5601709999999969,3.3400680000000023,0.017271000000050662,3.386760115701437,118.2201336490532
1032.0,457.0,80.0,453.0,431.0,28.0,499.0,457.346214,79.87558100000001,453.023425,-0.34621399999997493,0.12441899999998896,-0.023424999999974716,0.3686366123731862,74.13501197140255
1033.0,598.0,108.0,453.0,594.0,64.0,553.0,598.391543,107.80019200000001,452.978017,-0.391542999999956,0.19980799999999022,0.021982999999977437,0.4401277201017458,109.32520294973159
1034.0,372.0,161.0,453.0,328.0,128.0,465.0,369.37276099999997,162.76685,454.351265,2.6272390000000314,-1.7668500000000051,-1.3512650000000122,3.4423917246365523,56.293871780150276
1035.0,480.0,224.0,453.0,457.0,205.0,505.0,480.728956,224.631573,452.66470000000004,-0.7289559999999824,-0.631573000000003,0.3352999999999611,1.021120656075937,59.94997914928745
1036.0,578.0,98.0,454.0,570.0,51.0,546.0,577.801171,97.370889,453.64817600000003,0.1988290000000461,0.6291109999999946,0.35182399999996505,0.7477257174512503,103.61949623502326
1037.0,361.0,121.0,454.0,320.0,77.0,460.0,361.389229,121.09970900000002,452.044666,-0.38922900000000027,-0.09970900000001848,1.9553339999999935,1.9961894075157243,60.440052945046304
1038.0,600.0,162.0,454.0,596.0,131.0,554.0,600.818017,162.65399100000002,453.892416,-0.8180170000000544,-0.6539910000000191,0.10758399999997437,1.0528201923529528,104.77117924314874
1039.0,491.0,204.0,454.0,468.0,179.0,511.0,490.600485,203.20227999999997,454.21359399999994,0.39951500000000806,0.7977200000000266,-0.21359399999994366,0.9173831426732371,66.35510530471637
1040.0,576.0,265.0,454.0,566.0,255.0,543.0,575.776043,264.517606,454.35702200000003,0.22395700000004126,0.4823939999999993,-0.35702200000002904,0.6405664817714384,90.11659114724658
1041.0,379.0,142.0,455.0,339.0,103.0,469.0,378.73313,142.180687,454.355722,0.26686999999998307,-0.18068700000000604,0.6442779999999857,0.7203898459535467,57.59340239992772
1042.0,387.0,160.0,455.0,349.0,125.0,472.0,387.485636,160.10797200000002,454.30388200000004,-0.4856359999999995,-0.10797200000001794,0.6961179999999558,0.8556170564007837,54.38749856354859
1043.0,163.0,102.0,456.0,89.0,51.0,387.0,162.649172,101.97468700000002,455.09575400000006,0.350828000000007,0.02531299999998282,0.9042459999999437,0.9702483507169194,113.30489839367051
1044.0,577.0,105.0,456.0,568.0,59.0,547.0,576.580193,103.92252,455.023546,0.4198069999999916,1.0774799999999942,0.9764539999999897,1.513493799711436,102.36210236215355
1045.0,418.0,203.0,456.0,383.0,177.0,486.0,418.02441799999997,202.34044,456.85708999999997,-0.024417999999968742,0.659559999999999,-0.857089999999971,1.0817665646635357,52.92447448959697
1046.0,483.0,214.0,456.0,458.0,191.0,510.0,482.678899,213.09896499999996,456.15311599999995,0.32110099999999875,0.9010350000000358,-0.1531159999999545,0.9687179325696669,63.796551630946325
1047.0,491.0,285.0,456.0,467.0,279.0,512.0,490.997126,285.101838,456.231312,0.002874000000019805,-0.10183799999998655,-0.23131200000000263,0.25275379218519867,61.220911460055866
1048.0,529.0,303.0,456.0,510.0,302.0,527.0,528.525075,303.519194,456.938175,0.4749249999999847,-0.5191940000000272,-0.9381750000000011,1.1727269485630556,73.50510186374821
1049.0,380.0,241.0,457.0,340.0,224.0,471.0,381.135989,241.25728400000003,456.836717,-1.135988999999995,-0.25728400000002694,0.16328299999997853,1.176149396490937,45.661800227323496
1050.0,514.0,284.0,457.0,492.0,277.0,522.0,513.0080089999999,283.203543,457.48551799999996,0.9919910000000982,0.7964569999999753,-0.4855179999999564,1.3616598786973615,68.97825744392213
1051.0,485.0,291.0,457.0,460.0,285.0,511.0,485.35204500000003,290.067384,457.332304,-0.35204500000003236,0.9326159999999959,-0.3323040000000219,1.0507779184475803,59.80802621722272
1052.0,468.0,316.0,457.0,439.0,317.0,504.0,467.504114,316.479002,457.66409,0.4958859999999845,-0.47900199999997994,-0.6640899999999874,0.9572676580246241,55.235857918565905
1053.0,457.0,322.0,457.0,426.0,323.0,499.0,456.15579899999994,321.526246,457.21596999999997,0.844201000000055,0.47375399999998535,-0.21596999999997024,0.9918473782881447,52.21110992882645
1054.0,388.0,117.0,458.0,348.0,72.0,477.0,387.525061,116.64321000000001,457.929617,0.4749390000000062,0.3567899999999895,0.07038299999999253,0.5981805116434313,63.13477647065839
1055.0,409.0,182.0,458.0,372.0,152.0,485.0,408.987693,181.937498,458.69364899999994,0.012307000000021162,0.06250199999999495,-0.6936489999999367,0.6965679417357018,54.75399528801528
1056.0,419.0,303.0,458.0,382.0,300.0,486.0,418.37103899999994,303.090413,458.32324700000004,0.6289610000000607,-0.09041300000001229,-0.3232470000000376,0.7129201028860828,46.49731175025068
1057.0,419.0,309.0,458.0,382.0,307.0,486.0,418.43499099999997,308.82383300000004,458.391896,0.5650090000000318,0.176166999999964,-0.39189599999997426,0.7098256523865583,46.44351407893249
1058.0,544.0,122.0,459.0,529.0,80.0,538.0,544.123544,121.449222,458.37133900000003,-0.12354400000003807,0.550777999999994,0.6286609999999655,0.8448870801124606,90.7193474403338
1059.0,472.0,106.0,460.0,444.0,61.0,514.0,471.652313,106.65132700000001,461.62523799999997,0.34768700000000763,-0.6513270000000091,-1.6252379999999675,1.785080297225285,75.66372975210778
1060.0,519.0,156.0,460.0,499.0,122.0,530.0,519.112862,156.113812,460.36313699999994,-0.11286199999995006,-0.1138119999999958,-0.36313699999993787,0.3969376313187535,80.34923770640266
1061.0,438.0,199.0,460.0,404.0,174.0,497.0,437.177885,199.633422,459.91819499999997,0.8221149999999966,-0.6334219999999959,0.08180500000003121,1.0410516612224363,56.124860801609124
1062.0,407.0,203.0,460.0,369.0,178.0,486.0,407.15405599999997,203.237802,460.505441,-0.15405599999996866,-0.23780199999998786,-0.5054410000000189,0.5794425310770721,52.392747589718944
1063.0,567.0,230.0,460.0,554.0,213.0,547.0,567.107639,230.13606199999998,460.172368,-0.10763899999994919,-0.13606199999998125,-0.17236800000000585,0.24456031891741142,89.59352655186646
1064.0,438.0,271.0,460.0,404.0,261.0,496.0,437.71256900000003,270.903677,459.994282,0.28743099999996957,0.09632299999998395,0.005718000000001666,0.30319530935352457,50.51732376126036
1065.0,568.0,319.0,460.0,554.0,322.0,547.0,568.103463,319.413602,461.24133099999995,-0.10346300000003339,-0.4136020000000258,-1.2413309999999456,1.3125067079195798,88.17028978062848
1066.0,419.0,326.0,460.0,381.0,328.0,488.0,418.37003599999997,326.00561600000003,460.41198299999996,0.6299640000000295,-0.005616000000031818,-0.4119829999999638,0.7527391135320443,47.24404724407086
1067.0,455.0,79.0,461.0,424.0,27.0,508.0,454.238661,78.987357,461.82698800000003,0.7613390000000209,0.012642999999997073,-0.8269880000000285,1.1241468189316193,76.64202502543888
1068.0,572.0,134.0,461.0,560.0,95.0,551.0,571.732825,133.405284,460.564254,0.267174999999952,0.5947160000000054,0.43574599999999464,0.7841837653235216,98.81801455200362
1069.0,543.0,136.0,461.0,527.0,98.0,541.0,543.514222,136.167383,461.39902299999994,-0.5142220000000179,-0.16738300000000095,-0.39902299999994284,0.6720570574750132,90.0
1070.0,187.0,182.0,461.0,114.0,149.0,402.0,186.874395,181.922217,461.21627,0.1256050000000073,0.07778300000001082,-0.21627000000000862,0.26191510841111715,99.49371839468057
1071.0,401.0,193.0,461.0,363.0,165.0,484.0,401.85234999999994,192.64765,460.38308199999994,-0.8523499999999444,0.3523500000000013,0.6169180000000551,1.1096120329754784,52.507142371300304
1072.0,566.0,194.0,461.0,553.0,170.0,548.0,566.197832,194.91003999999998,460.787685,-0.1978319999999485,-0.9100399999999809,0.2123149999999896,0.9551900130596741,91.18113840043894
1073.0,398.0,196.0,461.0,358.0,169.0,484.0,398.003359,195.95185500000002,461.72178999999994,-0.0033589999999890097,0.04814499999997679,-0.7217899999999418,0.7234017058356398,53.46026561849464
1074.0,431.0,206.0,461.0,397.0,182.0,496.0,431.551076,206.23708800000003,461.03880100000003,-0.5510760000000232,-0.2370880000000284,-0.038801000000034946,0.6011663622667537,54.378304497290095
1075.0,531.0,210.0,461.0,512.0,188.0,535.0,531.118969,210.038888,461.51736099999994,-0.11896899999999277,-0.03888799999998582,-0.5173609999999371,0.5322859230018506,79.50471684120383
1076.0,428.0,216.0,461.0,393.0,194.0,494.0,428.03198399999997,216.11225000000002,460.64182500000004,-0.03198399999996582,-0.11225000000001728,0.35817499999996016,0.3767125819254955,52.896124621752776
1077.0,369.0,245.0,461.0,324.0,228.0,472.0,368.998969,244.610977,461.81140300000004,0.0010310000000117725,0.3890230000000088,-0.8114030000000412,0.8998415337708489,49.34571916590131
1078.0,414.0,314.0,461.0,376.0,313.0,487.0,414.087313,313.759716,460.787236,-0.08731299999999464,0.24028399999997418,0.21276399999999285,0.3326085992889895,46.05431575867782
1079.0,531.0,77.0,462.0,512.0,26.0,538.0,530.4193809999999,77.31506300000001,462.259993,0.5806190000000697,-0.3150630000000092,-0.2599930000000086,0.7099151197003,93.47726996441435
1080.0,465.0,169.0,462.0,436.0,136.0,511.0,465.340213,168.161676,462.108565,-0.34021300000000565,0.8383240000000001,-0.10856499999999869,0.911218071358335,65.81033353509159
1081.0,407.0,297.0,462.0,368.0,292.0,486.0,407.41845299999994,296.616235,461.883335,-0.4184529999999427,0.3837649999999826,0.11666500000001179,0.5796457630820236,46.06517122512408
1082.0,527.0,108.0,463.0,508.0,64.0,537.0,527.397973,108.47375,462.895121,-0.39797299999997904,-0.47374999999999545,0.10487899999998263,0.6275517316285371,88.16461875378354
1083.0,384.0,147.0,463.0,342.0,109.0,481.0,384.24104300000005,146.933848,462.96034,-0.2410430000000474,0.06615199999998822,0.03966000000002623,0.25308245801126433,59.430631832414505
1084.0,508.0,160.0,463.0,485.0,124.0,526.0,507.2110439999999,157.878374,460.91280700000004,0.7889560000000984,2.121625999999992,2.0871929999999566,3.078980849739235,76.11832893594026
1085.0,491.0,223.0,463.0,465.0,204.0,521.0,491.099044,223.57520899999997,463.009677,-0.09904399999999214,-0.5752089999999725,-0.009677000000010594,0.5837540166422558,66.34003316248794
1086.0,520.0,103.0,464.0,499.0,58.0,536.0,520.089046,103.621762,464.39822100000004,-0.08904600000005303,-0.6217620000000039,-0.398221000000035,0.7437050084549937,87.46427842267951
1087.0,532.0,103.0,464.0,511.0,56.0,542.0,530.956946,101.844316,465.922587,1.0430539999999837,1.1556839999999937,-1.9225870000000214,2.4738447662173617,93.4558719396486
1088.0,561.0,149.0,464.0,548.0,115.0,549.0,562.0699649999999,149.87767000000002,462.32490199999995,-1.069964999999911,-0.8776700000000233,1.6750980000000482,2.1728053386645136,92.46621004453465
1089.0,525.0,222.0,464.0,504.0,202.0,535.0,525.0300169999999,221.550472,463.733827,-0.030016999999929794,0.4495279999999866,0.2661729999999807,0.5232824371235608,76.69419795525604
1090.0,383.0,258.0,464.0,339.0,245.0,480.0,382.89207,258.354822,464.296658,0.1079300000000103,-0.35482200000001285,-0.29665799999997944,0.47492473671940816,48.590122453025366
1091.0,494.0,139.0,465.0,468.0,101.0,526.0,493.790097,139.135075,465.10547799999995,0.20990299999999706,-0.1350750000000005,-0.10547799999994822,0.2709799503985267,76.42643521714199
1092.0,504.0,292.0,465.0,481.0,289.0,525.0,505.349908,293.057681,462.79342399999996,-1.3499080000000276,-1.0576810000000023,2.206576000000041,2.794623114124919,64.32728814430156
1093.0,502.0,308.0,465.0,475.0,307.0,525.0,500.851714,307.834319,464.52932599999997,1.1482859999999846,0.1656810000000064,0.4706740000000309,1.2520163520629417,65.80273550544841
1094.0,500.0,319.0,465.0,474.0,320.0,526.0,500.453523,318.475657,465.69383500000004,-0.45352300000001833,0.5243429999999876,-0.6938350000000355,0.9808290882733102,66.31741852635702
1095.0,539.0,186.0,466.0,520.0,158.0,543.0,539.142929,185.326064,465.360959,-0.142928999999981,0.6739359999999976,0.6390410000000202,0.9396764500709897,84.10707461325711
1096.0,509.0,192.0,466.0,484.0,165.0,532.0,508.3694009999999,191.39321700000002,466.237522,0.6305990000000747,0.6067829999999788,-0.23752200000001267,0.9067841024047977,75.56454194925024
1097.0,538.0,281.0,466.0,517.0,275.0,542.0,537.620372,281.18489800000003,466.510944,0.37962800000002517,-0.18489800000003243,-0.510943999999995,0.6628487458870432,79.07591289387686
1098.0,352.0,177.0,467.0,303.0,145.0,472.0,351.92143400000003,176.74645,466.455238,0.07856599999996661,0.25354999999998995,0.5447619999999915,0.6059916298926747,58.73670062235365
1099.0,474.0,192.0,467.0,443.0,166.0,520.0,473.39537399999995,192.58601000000002,467.57760099999996,0.604626000000053,-0.5860100000000159,-0.5776009999999587,1.0210794460653074,66.6783323126786
1100.0,601.0,203.0,467.0,591.0,182.0,571.0,601.820934,204.24942099999998,468.90312700000004,-0.8209339999999656,-1.249420999999984,-1.9031270000000404,2.4200987264419727,106.56922632730333
1101.0,477.0,252.0,467.0,447.0,238.0,520.0,477.161594,251.535958,467.24412099999995,-0.1615939999999796,0.4640420000000063,-0.24412099999995007,0.5486735470577881,62.489999199871974
1102.0,218.0,328.0,467.0,147.0,328.0,418.0,218.31663799999998,328.1568280000001,466.829107,-0.3166379999999833,-0.15682800000007546,0.1708929999999782,0.3925035822473543,86.2670273047588
1103.0,444.0,86.0,468.0,410.0,36.0,511.0,444.221831,86.401094,467.88516100000004,-0.22183100000000877,-0.4010940000000005,0.11483899999996083,0.47251813226372097,74.19568720619817
1104.0,437.0,140.0,468.0,401.0,102.0,506.0,436.530104,140.569566,466.98587699999996,0.46989600000000564,-0.5695660000000089,1.0141230000000405,1.2544533224879664,64.68384651518491
1105.0,568.0,182.0,468.0,553.0,153.0,558.0,568.644,180.86567000000002,468.39218600000004,-0.6440000000000055,1.1343299999999772,-0.3921860000000379,1.3620757715692564,95.73922915921143
1106.0,448.0,199.0,468.0,413.0,174.0,511.0,447.81392000000005,199.41459500000002,468.458839,0.18607999999994718,-0.4145950000000198,-0.45883900000001177,0.6457925428076787,60.81940479813988
1107.0,581.0,296.0,468.0,565.0,295.0,559.0,579.5267439999999,297.09303900000003,467.44315000000006,1.4732560000001058,-1.093039000000033,0.5568499999999403,1.9171070443658897,92.40129869217208
1108.0,357.0,308.0,469.0,307.0,306.0,476.0,357.54134999999997,308.544598,470.103069,-0.5413499999999658,-0.5445980000000077,-1.103069000000005,1.3440267939535218,50.52722038663912
1109.0,241.0,322.0,469.0,171.0,321.0,428.0,239.504734,322.168826,468.294174,1.4952659999999867,-0.16882600000002412,0.7058260000000018,1.6620809159929522,81.12952606788727
1110.0,528.0,91.0,470.0,506.0,43.0,546.0,527.993235,91.176361,470.20306400000004,0.006764999999973043,-0.176361,-0.20306400000004032,0.269042665096107,92.5418824100742
1111.0,468.0,95.0,470.0,437.0,47.0,522.0,468.165844,95.127358,469.524188,-0.16584399999999277,-0.12735800000000097,0.475812000000019,0.519732000019256,77.25930364687478
1112.0,584.0,143.0,470.0,571.0,107.0,566.0,584.292854,142.99195600000002,469.479912,-0.2928540000000339,0.008043999999983953,0.520087999999987,0.5969252038538884,103.34892355511015
1113.0,475.0,178.0,470.0,443.0,148.0,523.0,474.01137,177.806825,469.732441,0.9886300000000006,0.19317499999999654,0.26755900000000565,1.0422541321606755,68.79680225126747
1114.0,469.0,195.0,470.0,437.0,170.0,522.0,469.28957199999996,195.871738,470.730449,-0.2895719999999642,-0.8717379999999935,-0.7304490000000214,1.1735990905880078,65.97726881282674
1115.0,496.0,262.0,470.0,467.0,251.0,531.0,495.68413,261.939493,470.722034,0.3158700000000181,0.06050699999997278,-0.7220340000000078,0.7904227040672728,68.4324484437025
1116.0,492.0,263.0,470.0,466.0,253.0,530.0,494.665147,263.59524100000004,470.224422,-2.6651469999999904,-0.5952410000000441,-0.22442200000000412,2.7400156229069212,66.15134163416491
1117.0,504.0,263.0,470.0,476.0,252.0,534.0,503.46767300000005,262.672111,470.724143,0.5323269999999525,0.3278890000000274,-0.7241430000000264,0.9566955188036608,70.71774883294857
1118.0,429.0,102.0,471.0,391.0,54.0,508.0,428.840802,101.28654600000002,470.66834500000004,0.1591980000000035,0.7134539999999845,0.3316549999999552,0.8027176666455954,71.53320907103218
1119.0,485.0,128.0,471.0,457.0,88.0,531.0,486.42389199999997,128.48864300000002,471.722453,-1.4238919999999666,-0.4886430000000246,-0.7224529999999731,1.6697840418215435,77.35631842325486
1120.0,399.0,146.0,471.0,356.0,109.0,496.0,399.022761,146.67502100000002,470.97862599999996,-0.022761000000002696,-0.6750210000000152,0.021374000000037086,0.6757427479729414,61.99193495931547
1121.0,339.0,175.0,471.0,288.0,144.0,471.0,339.995545,176.02332,469.56674899999996,-0.9955449999999928,-1.0233200000000124,1.4332510000000411,2.0229933510583096,59.682493245507096
1122.0,599.0,183.0,471.0,587.0,157.0,571.0,598.484106,183.79529300000002,469.697536,0.515894000000003,-0.7952930000000151,1.3024639999999863,1.6109159029511724,104.01922899156675
1123.0,428.0,76.0,472.0,390.0,23.0,510.0,428.300775,75.87720900000001,472.17846799999995,-0.30077499999998736,0.12279099999999232,-0.17846799999995255,0.3706670437602641,75.47847375245475
1124.0,465.0,98.0,472.0,433.0,51.0,524.0,465.61425599999995,98.40190000000001,472.157244,-0.6142559999999548,-0.4019000000000119,-0.1572439999999915,0.7507061469522888,77.05193054038295
1125.0,319.0,127.0,472.0,263.0,83.0,466.0,318.709834,126.26066,471.58031200000005,0.29016599999999926,0.7393399999999986,0.419687999999951,0.8983083883054618,71.47027354082255
1126.0,599.0,128.0,472.0,587.0,89.0,574.0,598.643302,128.063108,471.362026,0.35669800000005125,-0.06310799999999972,0.6379739999999856,0.7336394942640548,109.85900054160332
1127.0,475.0,316.0,472.0,443.0,316.0,523.0,475.546218,315.408905,471.38001699999995,-0.5462180000000103,0.5910949999999957,0.6199830000000475,1.0159361804946534,60.207972893961475
1128.0,206.0,317.0,472.0,131.0,315.0,419.0,206.024306,317.586501,471.637074,-0.02430599999999572,-0.5865009999999984,0.36292600000001585,0.6901372951181594,91.85858696931932
1129.0,421.0,99.0,473.0,381.0,51.0,508.0,421.042324,98.88529600000001,473.237884,-0.0423240000000078,0.11470399999998904,-0.2378840000000082,0.2674642519066839,71.61703707917552
1130.0,488.0,113.0,473.0,459.0,69.0,533.0,488.324818,112.89124699999999,472.57057199999997,-0.3248179999999934,0.1087530000000072,0.4294280000000299,0.5493108002916227,79.85612061701971
1131.0,482.0,138.0,473.0,451.0,99.0,531.0,481.861746,137.531861,473.38970600000005,0.13825400000001764,0.46813900000000785,-0.3897060000000465,0.6246111256398245,76.4591394144611
1132.0,488.0,182.0,473.0,458.0,154.0,533.0,488.324271,182.51694,473.66406299999994,-0.3242710000000102,-0.5169400000000053,-0.6640629999999419,0.9018637995894585,72.69112738154499
1133.0,505.0,201.0,473.0,478.0,177.0,539.0,505.637427,201.17125,473.35443599999996,-0.6374270000000024,-0.17124999999998636,-0.3544359999999642,0.7491759612567483,75.23961722390672
1134.0,562.0,218.0,473.0,543.0,198.0,559.0,561.5441979999999,217.767265,472.20958299999995,0.45580200000006243,0.23273499999999103,0.7904170000000477,0.9416369137401784,90.31611151948472
1135.0,417.0,221.0,473.0,376.0,201.0,503.0,417.226449,221.83243600000003,472.122804,-0.22644900000000234,-0.8324360000000297,0.8771960000000263,1.2303258373752446,54.59853477887479
1136.0,320.0,243.0,473.0,262.0,226.0,467.0,319.499323,243.379798,474.019731,0.500676999999996,-0.37979799999999386,-1.0197309999999788,1.197821059880794,60.73713855624086
1137.0,197.0,259.0,473.0,120.0,243.0,419.0,196.81833699999999,258.675704,473.78982599999995,0.18166300000001456,0.3242960000000039,-0.7898259999999482,0.8729229355796112,95.39916142189091
1138.0,535.0,292.0,473.0,512.0,288.0,549.0,535.674641,291.77639800000003,473.37776900000006,-0.6746409999999514,0.2236019999999712,-0.37776900000005753,0.8048898997042794,79.50471684120383
1139.0,590.0,116.0,474.0,576.0,75.0,574.0,589.967221,116.657791,474.083584,0.032779000000005,-0.6577910000000031,-0.08358399999997346,0.6638898610296741,108.9816498315198
1140.0,194.0,140.0,474.0,118.0,99.0,420.0,194.208687,140.73021500000002,473.674532,-0.20868699999999762,-0.7302150000000154,0.32546800000000076,0.826252763516118,101.84792585025971
1141.0,584.0,144.0,474.0,568.0,108.0,571.0,583.271409,143.76762000000002,474.15501699999993,0.7285910000000513,0.23237999999997783,-0.1550169999999298,0.7803047994021584,104.69479452198185
1142.0,480.0,175.0,474.0,448.0,145.0,530.0,479.690533,175.237435,473.843394,0.3094669999999837,-0.23743500000000495,0.15660600000001068,0.42032207002487465,71.13367697511495
1143.0,184.0,218.0,474.0,103.0,193.0,418.0,182.89057,217.82981999999998,476.94058600000005,1.1094300000000032,0.1701800000000162,-2.940586000000053,3.1475136505972974,101.59724405711013
1144.0,474.0,224.0,474.0,441.0,204.0,527.0,474.009364,223.63723099999999,473.90991299999996,-0.009364000000005035,0.36276900000001433,0.09008700000003955,0.37390466622658997,65.55913361233506
1145.0,508.0,74.0,475.0,480.0,21.0,544.0,507.06716499999993,73.32652900000001,475.19036199999994,0.9328350000000682,0.6734709999999922,-0.19036199999993642,1.166182668414384,91.40021881811882
1146.0,403.0,90.0,475.0,359.0,41.0,503.0,402.55386999999996,90.877917,474.97191599999996,0.4461300000000392,-0.8779169999999965,0.028084000000035303,0.9851695015808349,71.56116265125938
1147.0,395.0,94.0,475.0,350.0,46.0,501.0,395.085291,95.04762400000001,475.80577100000005,-0.0852909999999838,-1.0476240000000132,-0.8057710000000498,1.3244083601737437,70.74602462329597
1148.0,375.0,105.0,475.0,328.0,57.0,492.0,375.74810099999996,104.288645,474.63726199999996,-0.7481009999999628,0.7113549999999975,0.36273800000003575,1.0941937209059311,69.29646455628166
1149.0,450.0,154.0,475.0,415.0,118.0,520.0,451.19785,153.427734,474.383953,-1.1978500000000167,0.5722660000000133,0.6160469999999805,1.463505006299955,67.42403132415029
1150.0,508.0,70.0,476.0,480.0,17.0,546.0,507.5509169999999,70.02621900000001,476.705378,0.44908300000008694,-0.02621900000001176,-0.7053779999999961,0.8366128732777622,92.15747392371387
1151.0,560.0,76.0,476.0,541.0,25.0,566.0,560.230492,75.99682600000001,476.472618,-0.23049200000002656,0.0031739999999871316,-0.4726180000000113,0.5258368665888907,105.17604289951205
1152.0,422.0,101.0,476.0,381.0,53.0,511.0,421.84104,100.487311,475.58886399999994,0.15895999999997912,0.5126889999999946,0.4111360000000559,0.6761295015136034,72.18032973047436
1153.0,195.0,140.0,476.0,118.0,97.0,424.0,195.23100699999998,139.043955,476.76340600000003,-0.23100699999997687,0.9560449999999889,-0.7634060000000318,1.2450602382656095,102.38163897887159
1154.0,532.0,170.0,476.0,508.0,139.0,553.0,532.245541,169.71069,476.06459799999993,-0.2455410000000029,0.2893100000000004,-0.06459799999993265,0.3849202000220214,86.4060183089118
1155.0,424.0,107.0,477.0,383.0,61.0,514.0,424.248786,106.9925,477.47889399999997,-0.2487859999999955,0.007499999999993179,-0.4788939999999684,0.539713059904953,71.87489130426563
1156.0,586.0,138.0,477.0,569.0,102.0,575.0,585.0342919999999,138.799527,476.94476699999996,0.9657080000000633,-0.7995270000000119,0.05523300000004383,1.2549446399272544,105.77806956075536
1157.0,207.0,260.0,477.0,128.0,244.0,428.0,205.385661,259.341705,478.714563,1.614339000000001,0.6582950000000096,-1.7145629999999983,2.445233934599103,94.32921074619463
1158.0,521.0,268.0,477.0,494.0,259.0,547.0,520.901475,268.14840200000003,476.21725000000004,0.09852499999999509,-0.14840200000003279,0.7827499999999645,0.8027626621417773,75.56454194925024
1159.0,568.0,103.0,478.0,549.0,58.0,570.0,567.789428,102.932922,477.825569,0.21057199999995646,0.06707799999999509,0.17443100000002687,0.2815425350262201,104.1633332799983
1160.0,305.0,238.0,478.0,244.0,220.0,462.0,304.15584099999995,238.626287,474.75340700000004,0.8441590000000474,-0.6262869999999907,3.2465929999999616,3.4125072793034184,65.58200972827838
1161.0,553.0,301.0,478.0,531.0,300.0,560.0,553.410934,301.366466,477.105771,-0.41093399999999747,-0.3664660000000026,0.8942289999999957,1.0501474115346816,84.90583018850944
1162.0,556.0,302.0,478.0,533.0,300.0,563.0,555.745592,301.31917500000003,478.91734499999995,0.2544080000000122,0.6808249999999703,-0.9173449999999548,1.1703708643476574,88.07950953541919
1163.0,469.0,316.0,478.0,434.0,318.0,529.0,470.13141499999995,317.02515200000005,478.401427,-1.1314149999999472,-1.0251520000000482,-0.4014270000000124,1.5786640433157364,61.886993787063204
1164.0,473.0,88.0,479.0,438.0,38.0,535.0,472.24265099999997,87.59377,479.27861499999995,0.7573490000000334,0.40622999999999365,-0.2786149999999452,0.9034526212956686,82.83115355951527
1165.0,396.0,92.0,479.0,350.0,43.0,505.0,396.098475,92.542304,478.88483799999995,-0.09847500000000764,-0.5423040000000015,0.11516200000005483,0.5630748087821154,72.06247289678588
1166.0,565.0,159.0,479.0,546.0,125.0,569.0,565.810071,157.838756,478.48520399999995,-0.8100709999999935,1.1612440000000106,0.5147960000000467,1.5065581881205459,98.06630410084801
1167.0,504.0,164.0,479.0,476.0,131.0,545.0,505.223845,163.433466,478.08583799999997,-1.223844999999983,0.5665339999999901,0.914162000000033,1.6292481454416352,78.92401408950256
1168.0,334.0,191.0,479.0,278.0,161.0,481.0,334.981267,189.88292,480.103648,-0.9812670000000026,1.1170799999999872,-1.103648000000021,1.8516996407606237,63.56099432828282
1169.0,507.0,291.0,479.0,477.0,286.0,544.0,507.156884,290.394208,478.568905,-0.15688399999999092,0.6057920000000081,0.43109500000002754,0.7598943582795116,71.76350047203663
1170.0,569.0,311.0,479.0,548.0,312.0,568.0,568.8125689999999,311.003825,479.022199,0.18743100000006052,-0.0038250000000061846,-0.022199000000000524,0.1887797817220445,91.44943958275523
1171.0,472.0,71.0,480.0,437.0,18.0,536.0,471.54297199999996,71.206128,480.11949300000003,0.4570280000000366,-0.20612800000000675,-0.11949300000003404,0.5154046199026978,84.67585252006619
1172.0,410.0,128.0,480.0,366.0,86.0,511.0,410.48592299999996,127.60018600000001,479.810935,-0.48592299999995703,0.3998139999999921,0.1890650000000278,0.6570524870586538,68.27151675479314
1173.0,496.0,156.0,480.0,463.0,123.0,544.0,494.78821800000003,156.96573,480.60890800000004,1.211781999999971,-0.9657300000000077,-0.6089080000000422,1.6648780738804858,79.20858539325141
1174.0,405.0,246.0,480.0,359.0,230.0,507.0,405.32116599999995,245.632117,479.93392700000004,-0.3211659999999483,0.3678830000000062,0.0660729999999603,0.492799292383792,55.68662316930342
1175.0,205.0,88.0,481.0,128.0,34.0,433.0,204.767841,87.27893,480.540703,0.23215899999999579,0.7210699999999974,0.4592969999999923,0.8858857039087984,105.58882516630251
1176.0,485.0,147.0,481.0,451.0,111.0,541.0,484.572858,147.240231,481.27860999999996,0.42714200000000346,-0.2402309999999943,-0.27860999999995784,0.5637240048330182,77.79460135510689
1177.0,452.0,69.0,482.0,414.0,15.0,531.0,452.341363,68.937762,482.18206999999995,-0.3413630000000012,0.062237999999993576,-0.18206999999995332,0.3918567994982134,82.22530024268686
1178.0,583.0,104.0,482.0,565.0,59.0,581.0,583.093904,103.53010900000001,482.22538199999997,-0.09390399999995225,0.46989099999998984,-0.22538199999996777,0.5295399503540473,110.22703842524301
1179.0,562.0,148.0,482.0,540.0,113.0,572.0,561.8182410000001,148.007489,482.25826200000006,0.18175899999994272,-0.007488999999992529,-0.25826200000005883,0.31589821121052497,99.04039579888602
1180.0,403.0,154.0,482.0,357.0,119.0,512.0,404.05359599999997,154.667468,483.25075200000003,-1.0535959999999704,-0.6674680000000137,-1.250752000000034,1.7663404620129273,65.12296062065974
1181.0,402.0,158.0,482.0,355.0,123.0,508.0,401.495334,158.003034,480.701284,0.5046659999999861,-0.003034000000013748,1.298716000000013,1.3933270346074607,64.10928169929842
1182.0,497.0,159.0,482.0,466.0,125.0,546.0,497.658107,158.56300099999999,481.40307800000005,-0.6581069999999727,0.43699900000001435,0.5969219999999495,0.9901458597266952,78.82258559575422
1183.0,398.0,161.0,482.0,351.0,127.0,508.0,398.42345000000006,161.301646,481.78009599999996,-0.4234500000000594,-0.3016460000000052,0.2199040000000423,0.5644979902816945,63.56886030125127
1184.0,576.0,168.0,482.0,557.0,138.0,576.0,576.298052,168.34076800000003,481.19369299999994,-0.2980519999999842,-0.3407680000000255,0.8063070000000607,0.9247101182409037,100.48382954485761
1185.0,484.0,183.0,482.0,449.0,154.0,542.0,483.67164,182.45896199999999,482.99722499999996,0.3283599999999751,0.5410380000000146,-0.9972249999999576,1.181101226681657,75.27283706623525
1186.0,529.0,195.0,482.0,501.0,170.0,559.0,528.6498959999999,195.068491,482.85061900000005,0.3501040000001012,-0.06849099999999453,-0.8506190000000515,0.922397154732254,85.66212698736823
1187.0,193.0,258.0,482.0,113.0,242.0,427.0,193.45063599999997,257.799515,481.81626700000004,-0.4506359999999745,0.20048500000001468,0.18373299999996107,0.5263315067616308,98.39207285142437
1188.0,556.0,294.0,482.0,532.0,291.0,567.0,555.9268529999999,293.905088,482.19746599999996,0.07314700000006269,0.09491200000002209,-0.19746599999996306,0.23097963656781256,88.3742043811428
1189.0,477.0,311.0,482.0,441.0,309.0,535.0,477.04982799999993,309.542251,481.15662399999997,-0.049827999999934036,1.4577489999999784,0.8433760000000348,1.6848733050176175,64.10148204214939
1190.0,575.0,312.0,482.0,554.0,314.0,575.0,575.3145189999999,312.524142,482.922291,-0.31451899999990474,-0.5241419999999835,-0.9222909999999729,1.1064663240270227,95.36246641105713
1191.0,295.0,318.0,482.0,227.0,317.0,468.0,293.39210199999997,318.097978,484.78565000000003,1.6078980000000342,-0.09797800000001189,-2.7856500000000324,3.217884645133864,69.4334213473598
1192.0,451.0,68.0,483.0,412.0,14.0,533.0,451.298309,68.105818,484.246299,-0.2983090000000175,-0.1058179999999993,-1.2462990000000218,1.2858642642231195,83.28865468957942
1193.0,435.0,81.0,483.0,393.0,30.0,525.0,434.598268,81.413325,483.12425900000005,0.4017319999999813,-0.4133250000000004,-0.12425900000005186,0.5896324741141707,78.28793010419933
1194.0,418.0,104.0,483.0,375.0,57.0,517.0,418.77583,103.724899,481.8502,-0.7758299999999849,0.2751010000000065,1.1498000000000275,1.4140837277548466,72.20803279414278
1195.0,381.0,165.0,483.0,331.0,131.0,503.0,381.617114,164.749921,483.13163399999996,-0.617114000000015,0.2500789999999995,-0.13163399999996273,0.6787464218638714,63.686733312362634
1196.0,437.0,166.0,483.0,395.0,133.0,524.0,436.83334199999996,165.777354,482.83746599999995,0.16665800000004083,0.22264599999999746,0.16253400000005058,0.32212331712564507,67.3349834781297
1197.0,449.0,67.0,484.0,408.0,12.0,532.0,447.911461,66.502105,484.489147,1.0885390000000257,0.49789499999999975,-0.48914700000000266,1.2930898550197734,83.72574275573791
1198.0,551.0,153.0,484.0,527.0,119.0,570.0,551.25037,153.018628,484.14150800000004,-0.25036999999997533,-0.01862800000000675,-0.14150800000004438,0.2881955123661721,95.5405672999695
1199.0,394.0,166.0,484.0,345.0,133.0,509.0,394.075772,166.237529,484.175436,-0.0757719999999722,-0.237528999999995,-0.1754359999999906,0.30485933136610743,64.1482657598785
1200.0,510.0,305.0,484.0,478.0,302.0,552.0,510.16135099999997,303.39729500000004,484.682897,-0.16135099999996783,1.6027049999999576,-0.6828970000000254,1.7495844577598672,75.21303078589507
1201.0,465.0,310.0,484.0,426.0,310.0,534.0,465.142211,310.457241,484.28774899999996,-0.14221099999997477,-0.45724100000001044,-0.2877489999999625,0.5586526538046523,63.41135544995076
1202.0,513.0,312.0,484.0,483.0,313.0,553.0,514.40753,312.366955,484.268416,-1.4075299999999515,-0.36695500000001857,-0.268416000000002,1.479136174252012,75.24626236564843
1203.0,592.0,316.0,484.0,572.0,318.0,583.0,591.420173,315.603428,484.500367,0.579827000000023,0.39657199999999193,-0.5003669999999829,0.8624591792090819,101.01980003939822
1204.0,554.0,147.0,485.0,530.0,112.0,573.0,554.298183,147.232324,485.62453700000003,-0.29818299999999454,-0.23232400000000553,-0.6245370000000321,0.7300232919804952,97.69851585361981
1205.0,400.0,154.0,485.0,352.0,118.0,512.0,400.15892499999995,153.876373,484.540425,-0.1589249999999538,0.12362699999999904,0.45957499999997253,0.5017469196506938,65.79513659838392
1206.0,444.0,172.0,485.0,402.0,141.0,529.0,443.646919,172.230508,484.98226,0.35308099999997467,-0.23050799999998617,0.01774000000000342,0.42203653659958856,68.27151675479314
1207.0,451.0,219.0,485.0,412.0,198.0,530.0,452.198889,218.84896300000003,483.719421,-1.1988890000000083,0.1510369999999739,1.2805789999999888,1.7606900877016896,63.14269553954757
1208.0,510.0,301.0,485.0,478.0,300.0,553.0,510.403227,301.74714,485.44040499999994,-0.4032270000000153,-0.7471400000000017,-0.44040499999994154,0.9564343977262442,75.15982969645421
1209.0,514.0,74.0,486.0,484.0,22.0,559.0,514.0869489999999,73.94269200000001,485.817415,-0.08694899999989048,0.05730799999999192,0.18258500000001732,0.21019423800377202,94.51454914456292
1210.0,470.0,117.0,486.0,433.0,74.0,541.0,470.2469,117.035685,485.593879,-0.24689999999998236,-0.035685000000000855,0.40612099999998463,0.47662070440338494,79.012657213892
1211.0,569.0,159.0,486.0,547.0,127.0,578.0,568.946782,159.362968,485.23902,0.05321800000001531,-0.3629679999999951,0.7609800000000178,0.8447890180086535,99.85990186255943
1212.0,508.0,193.0,486.0,476.0,167.0,555.0,508.154221,192.79927600000002,486.21011,-0.15422100000000682,0.2007239999999797,-0.21010999999998603,0.3289687722519998,80.38034585643433
1213.0,486.0,151.0,487.0,450.0,115.0,548.0,485.653331,150.437819,487.01758799999993,0.3466690000000199,0.5621810000000096,-0.017587999999932435,0.6607088693713913,79.45438943192504
1214.0,472.0,237.0,487.0,434.0,221.0,541.0,472.36699899999996,237.431912,486.775612,-0.3669989999999643,-0.4319120000000112,0.22438799999997627,0.6095787203380486,67.94115100585212
1215.0,499.0,297.0,487.0,465.0,296.0,549.0,499.2237,298.591749,485.671337,-0.223700000000008,-1.591748999999993,1.328663000000006,2.085438068265274,70.71774883294857
1216.0,565.0,305.0,487.0,540.0,305.0,574.0,564.0926489999999,305.24293900000004,485.69545000000005,0.9073510000000624,-0.24293900000003532,1.3045499999999493,1.607530994233703,90.52071586106685
1217.0,490.0,318.0,487.0,454.0,320.0,546.0,490.11434299999996,318.346817,486.43419500000005,-0.11434299999996256,-0.3468169999999873,0.5658049999999548,0.6734178874687926,69.14477565225012
1218.0,344.0,204.0,488.0,286.0,180.0,491.0,343.973187,205.279966,485.982033,0.026813000000004195,-1.2799660000000017,2.0179669999999987,2.3898164597336757,62.8410693734599
1219.0,540.0,223.0,488.0,513.0,205.0,570.0,541.156568,223.53609,488.62345400000004,-1.156567999999993,-0.5360900000000015,-0.6234540000000379,1.4190619848477488,88.1873006730561
1220.0,538.0,231.0,488.0,510.0,214.0,569.0,538.647323,230.936444,488.714283,-0.6473230000000285,0.0635560000000055,-0.7142830000000231,0.9660572630823033,87.37276463521113
1221.0,187.0,235.0,488.0,104.0,214.0,432.0,187.501605,234.855997,487.766345,-0.5016050000000121,0.14400299999999788,0.23365499999999884,0.5717858856766324,102.30347012687302
1222.0,466.0,96.0,489.0,427.0,48.0,543.0,465.867018,95.74961300000001,488.45251699999994,0.1329820000000268,0.25038699999998926,0.5474830000000566,0.6165350739269126,82.10359310042405
1223.0,518.0,254.0,489.0,485.0,241.0,561.0,517.385136,253.287169,489.259496,0.6148640000000114,0.7128309999999942,-0.2594960000000128,0.9764855078663546,80.26207074328447
1224.0,221.0,297.0,489.0,142.0,290.0,444.0,220.847783,296.747603,487.961093,0.15221700000000737,0.25239699999997356,1.0389069999999947,1.0799083365485136,91.18662182579197
1225.0,555.0,299.0,489.0,529.0,298.0,575.0,555.740668,299.559007,489.262779,-0.7406680000000279,-0.5590070000000082,-0.2627790000000232,0.9644328463475633,89.84987479123163
1226.0,503.0,306.0,489.0,468.0,306.0,554.0,502.947121,306.705395,488.87532899999997,0.05287900000001855,-0.70539500000001,0.12467100000003484,0.7182765156310101,73.824115301167
1227.0,497.0,321.0,489.0,461.0,323.0,552.0,497.142388,320.692636,489.30707599999994,-0.14238799999998264,0.30736400000000685,-0.3070759999999382,0.4572118117633897,72.58787777583802
1228.0,319.0,159.0,490.0,256.0,124.0,486.0,318.847621,159.640571,489.344111,0.15237899999999627,-0.6405709999999942,0.6558890000000019,0.9293766437795787,72.18032973047436
1229.0,463.0,209.0,490.0,422.0,186.0,542.0,462.982103,208.81989300000004,490.32824100000005,0.017897000000004937,0.18010699999996405,-0.3282410000000482,0.374834614382155,70.09992867328754
1230.0,477.0,258.0,490.0,441.0,247.0,543.0,478.56458,258.664251,486.76556600000004,-1.564579999999978,-0.6642509999999788,3.2344339999999647,3.653861418794735,65.00769185258002
1231.0,405.0,296.0,490.0,355.0,292.0,518.0,405.64079799999996,296.303824,490.12988699999994,-0.6407979999999611,-0.3038240000000201,-0.1298869999999397,0.7209727682436742,57.445626465380286
1232.0,225.0,299.0,490.0,145.0,293.0,447.0,223.986956,299.151899,489.542192,1.0130440000000078,-0.15189900000001444,0.457808,1.1220158719915776,91.02197536858887
1233.0,487.0,315.0,490.0,450.0,316.0,549.0,487.749815,315.056844,489.76591699999994,-0.7498150000000123,-0.05684400000001233,0.2340830000000551,0.787558648895462,69.6491205974634
1234.0,473.0,323.0,490.0,432.0,326.0,543.0,472.29236099999997,323.420328,489.87938299999996,0.7076390000000288,-0.4203279999999836,0.12061700000003839,0.8318515748581812,67.07458535093602
1235.0,521.0,74.0,491.0,490.0,22.0,568.0,521.090923,73.800819,491.25213699999995,-0.09092299999997522,0.19918099999999583,-0.2521369999999479,0.33393581637639225,97.94896630388705
1236.0,139.0,148.0,491.0,48.0,107.0,418.0,139.363989,147.69827500000002,490.39146400000004,-0.36398900000000367,0.30172499999997626,0.6085359999999582,0.7706114656828935,123.6567830731497
1237.0,444.0,173.0,491.0,399.0,142.0,536.0,443.14576999999997,172.982102,491.21160899999995,0.8542300000000296,0.017898000000002412,-0.21160899999995308,0.8802315605481495,70.78841713161836
1238.0,536.0,261.0,491.0,507.0,251.0,571.0,537.1743299999999,261.234373,491.411074,-1.1743299999999408,-0.23437300000000505,-0.41107399999998506,1.2660819426501788,85.67963585356792
1239.0,584.0,314.0,491.0,560.0,315.0,588.0,583.368221,313.153189,491.4753079999999,0.6317790000000514,0.8468110000000024,-0.47530799999992723,1.1585125245011378,99.92997548283498
1240.0,568.0,304.0,492.0,542.0,304.0,583.0,567.979059,304.30437800000004,492.159949,0.020940999999993437,-0.30437800000004245,-0.15994899999998324,0.34448247410575217,94.64142856064674
1241.0,413.0,74.0,493.0,364.0,21.0,528.0,412.7603849999999,74.167877,492.90434600000003,0.23961500000007163,-0.16787700000000427,0.09565399999996771,0.30781118087234843,80.21845174272562
1242.0,488.0,96.0,493.0,450.0,48.0,556.0,487.122403,95.464519,492.577495,0.8775969999999802,0.5354810000000043,0.422505000000001,1.1114975802020313,87.84645695758026
1243.0,356.0,153.0,493.0,297.0,117.0,505.0,355.587868,153.449173,493.385044,0.4121319999999855,-0.4491730000000018,-0.3850439999999935,0.7210187593183583,70.14983962918234
1244.0,567.0,156.0,493.0,542.0,123.0,587.0,567.366035,156.006378,493.49337,-0.36603500000001077,-0.006378000000012207,-0.4933700000000272,0.6143584108718907,102.71319292087068
1245.0,497.0,172.0,493.0,461.0,142.0,559.0,497.309808,172.35853100000003,492.971863,-0.30980799999997544,-0.3585310000000277,0.028137000000015178,0.474675853181943,80.94442537939224
1246.0,390.0,174.0,493.0,337.0,142.0,517.0,390.02232399999997,173.557533,492.559843,-0.022323999999969146,0.4424669999999935,0.44015699999999924,0.624510681825373,66.40030120413611
1247.0,443.0,174.0,493.0,398.0,143.0,538.0,442.898095,173.78268500000001,493.03555600000004,0.10190499999998792,0.21731499999998505,-0.03555600000004233,0.2426410257685086,70.78841713161836
1248.0,575.0,234.0,493.0,550.0,219.0,588.0,574.720095,234.579359,493.132796,0.2799049999999852,-0.5793590000000108,-0.13279599999998482,0.6569919615352993,99.37303457175895
1249.0,425.0,279.0,493.0,376.0,272.0,529.0,424.63895299999996,279.67278600000003,493.024273,0.36104700000004186,-0.6727860000000305,-0.024272999999993772,0.7639274288399854,61.204574992397426
1250.0,421.0,287.0,493.0,371.0,281.0,527.0,420.315346,287.096361,492.85777199999995,0.6846540000000232,-0.0963610000000017,0.14222800000004554,0.7058791298948036,60.76183012385325
1251.0,422.0,295.0,493.0,374.0,292.0,527.0,422.747163,296.089242,492.185961,-0.7471630000000005,-1.089242000000013,0.8140389999999798,1.5515670068205225,58.89821729050889
1252.0,445.0,146.0,494.0,401.0,108.0,540.0,445.429952,145.074736,493.466867,-0.4299520000000143,0.9252639999999985,0.5331330000000207,1.151174612163173,74.13501197140255
1253.0,341.0,285.0,494.0,279.0,277.0,497.0,340.98051799999996,284.69572700000003,493.41531599999996,0.01948200000003908,0.3042729999999665,0.5846840000000384,0.6594065412998464,62.5859409132754
1254.0,475.0,294.0,494.0,433.0,290.0,550.0,474.561608,293.84433,494.70628899999997,0.43839200000002165,0.15566999999998643,-0.7062889999999697,0.8457333185378072,70.11419257183242
1255.0,460.0,95.0,495.0,418.0,47.0,548.0,460.164659,94.920715,494.66738399999997,-0.1646589999999719,0.07928499999999872,0.33261600000003,0.3795156135945009,82.92767933567175
1256.0,506.0,279.0,495.0,469.0,273.0,563.0,505.76407199999994,279.56250700000004,495.28589999999997,0.2359280000000581,-0.5625070000000392,-0.2858999999999696,0.6736578925783132,77.64663547121665
1257.0,440.0,88.0,496.0,394.0,38.0,541.0,439.610831,87.767652,495.37677099999996,0.3891689999999812,0.23234800000000178,0.6232290000000376,0.7706182518640686,81.49233092751734
1258.0,356.0,132.0,496.0,296.0,91.0,509.0,355.613817,132.111066,496.49844599999994,0.3861830000000168,-0.11106599999999389,-0.49844599999994443,0.6402510294884002,73.824115301167
1259.0,338.0,192.0,496.0,276.0,164.0,500.0,338.397273,192.122621,495.418179,-0.3972729999999842,-0.12262100000000942,0.5818209999999908,0.7151065810150113,68.14690014960328
1260.0,463.0,192.0,496.0,420.0,166.0,549.0,463.06620499999997,192.365634,496.09174699999994,-0.0662049999999681,-0.365634,-0.09174699999994118,0.38273860007841515,73.03423854604085
1261.0,390.0,201.0,496.0,335.0,175.0,520.0,389.55004199999996,200.561594,495.73463200000003,0.4499580000000378,0.4384059999999863,0.26536799999996674,0.6819693527014278,65.39877674696982
1262.0,558.0,274.0,496.0,529.0,266.0,583.0,557.5295,273.252807,495.165931,0.47050000000001546,0.7471929999999816,0.8340689999999995,1.2146352234354092,92.05433178292046
1263.0,467.0,277.0,496.0,424.0,270.0,549.0,467.124777,277.525502,496.072091,-0.12477699999999459,-0.5255020000000172,-0.07209100000000035,0.5449025270761889,68.60757975617562
1264.0,429.0,295.0,496.0,380.0,292.0,534.0,429.230841,295.971439,496.06643899999995,-0.23084099999999808,-0.9714389999999753,-0.06643899999994574,1.0006974761249996,62.080592780675026
1265.0,468.0,313.0,496.0,425.0,313.0,548.0,468.034584,312.751524,495.456774,-0.034583999999995285,0.24847599999998238,0.5432260000000042,0.5983568021740836,67.47592163134935
1266.0,509.0,113.0,497.0,474.0,70.0,570.0,509.616035,113.181117,497.43545299999994,-0.6160350000000108,-0.18111700000000042,-0.4354529999999386,0.7758361967084031,91.66787877986486
1267.0,517.0,144.0,497.0,483.0,108.0,572.0,517.477462,144.23099000000002,497.02329899999995,-0.4774619999999459,-0.2309900000000198,-0.023298999999951775,0.530913538106682,89.87213138676528
1268.0,374.0,169.0,497.0,317.0,137.0,516.0,374.174356,169.586128,496.931606,-0.17435599999998885,-0.5861280000000022,0.06839400000001206,0.6153241311341531,68.07348970047003
1269.0,472.0,197.0,497.0,430.0,172.0,553.0,471.932683,197.175924,496.660117,0.06731700000000274,-0.17592400000000907,0.33988299999998617,0.3885888392041055,74.33034373659252
1270.0,391.0,216.0,497.0,336.0,194.0,522.0,391.021029,216.09407099999999,497.21531300000004,-0.021028999999998632,-0.09407099999998536,-0.2153130000000374,0.2359051925054073,64.29618962271404
1271.0,492.0,319.0,497.0,452.0,321.0,559.0,491.951189,319.020608,497.06638,0.048811000000000604,-0.02060799999998153,-0.06637999999998101,0.08493237183192741,73.81056834898374
1272.0,541.0,122.0,498.0,510.0,81.0,582.0,540.814159,121.845009,497.51253799999995,0.18584099999998216,0.15499099999999544,0.48746200000005047,0.5442226463553691,98.47842403288143
1273.0,369.0,136.0,498.0,311.0,97.0,516.0,369.14627399999995,136.857286,498.098702,-0.1462739999999485,-0.8572859999999878,-0.09870200000000295,0.8752585067715507,72.17340230306452
1274.0,340.0,193.0,498.0,276.0,164.0,503.0,339.177717,192.08651600000002,497.749545,0.8222830000000272,0.9134839999999826,0.2504549999999881,1.2543245422816247,70.44146506142529
1275.0,456.0,229.0,498.0,412.0,210.0,549.0,457.25133300000005,228.44901800000002,498.60242300000004,-1.251333000000045,0.5509819999999763,-0.6024230000000443,1.4940980262827939,69.98571282769076
1276.0,376.0,243.0,498.0,319.0,227.0,516.0,376.55080999999996,243.290342,497.294444,-0.5508099999999558,-0.29034200000000965,0.7055560000000014,0.9410097779513021,61.87891401761993
1277.0,387.0,271.0,498.0,330.0,261.0,521.0,386.710351,271.016684,498.654636,0.28964899999999716,-0.016683999999997923,-0.6546359999999822,0.7160469199381945,62.27358990776106
1278.0,589.0,276.0,498.0,564.0,270.0,599.0,588.927157,276.140732,498.54275099999995,0.07284300000003441,-0.14073200000001407,-0.5427509999999529,0.565411572638868,104.22091920531118
1279.0,384.0,277.0,498.0,327.0,269.0,520.0,384.19196999999997,277.597978,498.73565799999994,-0.19196999999996933,-0.5979780000000119,-0.735657999999944,0.9672760011226992,61.61980201201558
1280.0,481.0,294.0,498.0,439.0,292.0,555.0,480.54326199999997,295.388717,497.052137,0.45673800000002984,-1.3887169999999855,0.9478629999999839,1.742294112227312,70.83078426785913
1281.0,510.0,112.0,499.0,475.0,69.0,572.0,510.90430200000003,112.33239400000001,498.71999400000004,-0.9043020000000297,-0.33239400000000785,0.28000599999995757,1.0033201076805125,91.66787877986486
1282.0,372.0,140.0,499.0,315.0,100.0,519.0,373.062554,139.255989,499.41990499999997,-1.0625539999999773,0.7440110000000004,-0.41990499999997155,1.363412476128163,72.44998274671983
1283.0,435.0,166.0,499.0,387.0,135.0,542.0,435.317422,167.243588,498.924444,-0.31742200000002185,-1.2435879999999884,0.07555600000000595,1.2856813559214375,71.5122367151245
1284.0,451.0,218.0,499.0,407.0,196.0,547.0,452.717598,217.03421300000002,498.21036100000003,-1.7175980000000095,0.9657869999999775,0.7896389999999656,2.122832346016504,68.73136110975832
1285.0,457.0,222.0,499.0,412.0,203.0,550.0,457.447529,222.70356300000003,499.31089599999996,-0.44752899999997453,-0.703563000000031,-0.310895999999957,0.8899097839814967,70.61869440877535
1286.0,548.0,254.0,499.0,517.0,242.0,585.0,548.505248,253.638413,499.603559,-0.5052480000000514,0.3615869999999859,-0.6035590000000184,0.8662009966249542,92.20086767487604
1287.0,563.0,276.0,499.0,534.0,270.0,590.0,563.272615,276.416837,499.34553299999993,-0.2726149999999734,-0.4168369999999868,-0.34553299999993214,0.6061889778632795,95.69743988216194
1288.0,494.0,288.0,499.0,454.0,283.0,563.0,494.198827,287.83700200000004,499.28241,-0.1988269999999943,0.16299799999995912,-0.28241000000002714,0.38191089541017254,75.63729238940273
1289.0,504.0,120.0,500.0,466.0,78.0,571.0,503.732415,119.766306,500.37019899999996,0.26758499999999685,0.23369399999999985,-0.37019899999995687,0.5130905548360507,90.82400563727631
1290.0,359.0,182.0,500.0,297.0,153.0,514.0,358.25809599999997,182.827018,500.73219400000005,0.7419040000000336,-0.8270180000000096,-0.7321940000000495,1.3305969980336414,69.86415389883427
1291.0,460.0,196.0,500.0,415.0,172.0,552.0,460.01593,197.27185400000002,499.781435,-0.015930000000025757,-1.271854000000019,0.21856500000001233,1.2905956072453735,72.83543093852057
1292.0,543.0,260.0,500.0,510.0,249.0,582.0,542.3490069999999,259.447089,499.160114,0.650993000000085,0.5529109999999946,0.8398859999999786,1.1978776869806318,89.07300376657341
1293.0,388.0,270.0,500.0,331.0,260.0,523.0,387.998618,270.167961,499.939177,0.001381999999978234,-0.16796099999999115,0.060823000000027605,0.17863998649238733,62.27358990776106
1294.0,502.0,284.0,500.0,463.0,279.0,567.0,502.196838,284.462285,500.012606,-0.19683800000001384,-0.4622850000000085,-0.012606000000005224,0.5026047460032719,77.68526243760782
1295.0,432.0,140.0,501.0,382.0,102.0,544.0,431.650695,140.218503,501.45453699999996,0.3493050000000153,-0.21850299999999834,-0.45453699999995933,0.6134830302485742,76.11175993235211
1296.0,345.0,154.0,501.0,282.0,118.0,507.0,344.460695,154.328058,498.847535,0.539305000000013,-0.32805799999999863,2.1524650000000065,2.2431178102395872,72.80796659706958
1297.0,466.0,197.0,501.0,420.0,171.0,555.0,464.67277299999995,196.38872400000002,500.80351399999995,1.3272270000000503,0.6112759999999753,0.1964860000000499,1.4743800751166989,75.55130707009641
1298.0,411.0,211.0,501.0,358.0,188.0,535.0,411.44449099999997,210.90021000000002,501.541345,-0.4444909999999709,0.0997899999999845,-0.5413449999999784,0.7075201072803144,67.03730304837748
1299.0,457.0,231.0,501.0,410.0,213.0,551.0,456.244823,230.89331400000003,500.70588,0.7551770000000033,0.10668599999996786,0.2941200000000208,0.8174232553120876,70.94363960215179
1300.0,527.0,240.0,501.0,492.0,225.0,580.0,527.621521,239.91439300000002,502.04863,-0.6215210000000297,0.08560699999998178,-1.0486300000000028,1.22198272851544,87.69834662067467
1301.0,374.0,252.0,501.0,315.0,238.0,519.0,374.32332199999996,252.286269,500.773271,-0.3233219999999619,-0.2862690000000043,0.22672899999997753,0.4877428579548527,63.25345840347388
1302.0,388.0,253.0,501.0,331.0,239.0,525.0,388.327058,252.94363099999998,501.287474,-0.3270580000000223,0.05636900000001788,-0.2874739999999747,0.43907368425015186,63.41135544995076
1303.0,380.0,272.0,501.0,322.0,263.0,521.0,380.511767,272.699548,500.753418,-0.5117670000000203,-0.699547999999993,0.24658199999998942,0.901152345231929,62.00806399170998
1304.0,549.0,284.0,501.0,518.0,280.0,585.0,549.6295230000001,284.75710000000004,499.716329,-0.6295230000000629,-0.7571000000000367,1.2836710000000267,1.6178105123191044,89.62700485902673
1305.0,534.0,307.0,501.0,500.0,308.0,581.0,534.856813,307.83959400000003,501.560565,-0.8568129999999883,-0.8395940000000337,-0.5605649999999969,1.3241146933064496,86.93100712634129
1306.0,390.0,135.0,502.0,334.0,96.0,529.0,390.392523,135.753132,502.21387300000004,-0.39252299999998286,-0.7531319999999937,-0.21387300000003506,0.8757989353053542,73.38937252763509
1307.0,466.0,157.0,502.0,422.0,123.0,558.0,466.568903,157.026553,502.144352,-0.5689029999999775,-0.026553000000006932,-0.14435200000002624,0.5875314333054721,78.91767862779544
1308.0,440.0,198.0,502.0,391.0,173.0,548.0,440.333906,198.27328599999998,502.920258,-0.33390600000001314,-0.2732859999999846,-0.9202579999999898,1.0163922673830128,71.70774016799024
1309.0,488.0,202.0,502.0,446.0,178.0,565.0,487.542987,201.856376,501.886087,0.45701300000001766,0.14362399999998843,0.11391300000002502,0.4924072573734251,79.42921376924235
1310.0,354.0,218.0,502.0,291.0,196.0,514.0,353.988302,218.080156,502.71327099999996,0.011698000000023967,-0.08015599999998813,-0.7132709999999634,0.7178560767876431,67.80117993073571
1311.0,349.0,219.0,502.0,285.0,196.0,511.0,348.545216,218.14981899999998,501.941281,0.45478400000001784,0.8501810000000205,0.05871899999999641,0.9659628048626151,68.60029154456998
1312.0,368.0,222.0,502.0,307.0,200.0,518.0,367.49915,221.218768,501.70265099999995,0.500850000000014,0.7812319999999886,0.2973490000000538,0.9744693879876516,66.79071791798619
1313.0,416.0,254.0,502.0,363.0,241.0,537.0,416.33453,254.258355,502.31588,-0.33452999999997246,-0.25835499999999456,-0.31587999999999283,0.5276720585031713,64.83054835492293
1314.0,485.0,262.0,502.0,442.0,251.0,563.0,484.581191,261.69419800000003,502.08733799999993,0.4188090000000102,0.3058019999999715,-0.08733799999993153,0.5258742890929154,75.43871685016919
1315.0,564.0,273.0,502.0,535.0,264.0,592.0,564.515202,271.472814,500.58103900000003,-0.5152020000000448,1.527185999999972,1.4189609999999675,2.1473659443422464,94.98420921395304
1316.0,416.0,285.0,502.0,362.0,280.0,536.0,415.653579,286.21932300000003,502.18112699999995,0.34642100000002074,-1.2193230000000312,-0.18112699999994675,1.2804542466246387,64.00781202322104
1317.0,460.0,78.0,503.0,418.0,27.0,555.0,461.80297499999995,78.45527,499.9110979999999,-1.8029749999999467,-0.45526999999999873,3.0889020000000755,3.6054549212449287,84.07734534343957
1318.0,565.0,89.0,503.0,537.0,41.0,599.0,565.853124,88.72700300000001,503.31413999999995,-0.8531239999999798,0.2729969999999895,-0.3141399999999521,0.9492269807506156,110.92339699089638
1319.0,299.0,96.0,503.0,229.0,46.0,496.0,299.754604,95.784552,503.367577,-0.7546039999999721,0.21544799999999498,-0.36757699999998295,0.8665782644683302,86.3075894692929
1320.0,382.0,132.0,503.0,324.0,91.0,526.0,381.795329,131.749867,502.43243199999995,0.20467100000001892,0.25013300000000527,0.5675680000000511,0.6531387069788993,74.65922581972036
1321.0,466.0,74.0,504.0,421.0,22.0,561.0,465.6495039999999,74.270981,503.74510699999996,0.35049600000007786,-0.27098100000000613,0.25489300000003823,0.5111248280274373,89.31965069345043
1322.0,512.0,111.0,504.0,475.0,68.0,579.0,512.716202,111.429089,504.150041,-0.7162019999999529,-0.4290890000000047,-0.15004099999998743,0.848277652897878,94.03722667114339
1323.0,371.0,150.0,504.0,311.0,113.0,523.0,371.11348599999997,149.878001,503.695468,-0.11348599999996623,0.1219989999999882,0.3045319999999947,0.3471347969031428,73.00684899377592
1324.0,518.0,183.0,504.0,481.0,156.0,580.0,518.44296,183.460776,504.23080300000004,-0.44295999999997093,-0.46077600000000984,-0.23080300000003717,0.6795572886703523,88.73556220591607
1325.0,461.0,198.0,504.0,414.0,173.0,557.0,460.54869900000006,198.03633200000002,503.93674799999997,0.451300999999944,-0.036332000000015796,0.06325200000003406,0.45715798399344937,75.11990415329349
1326.0,550.0,290.0,504.0,516.0,286.0,591.0,549.691013,289.610436,504.95769499999994,0.3089870000000019,0.3895640000000071,-0.9576949999999442,1.0790796028513836,93.49331526906082
1327.0,380.0,315.0,504.0,320.0,315.0,525.0,380.473217,315.253714,504.891662,-0.4732169999999769,-0.2537140000000022,-0.8916619999999966,1.040848809928211,63.56886030125127
1328.0,389.0,111.0,505.0,332.0,66.0,532.0,389.344673,111.15641300000001,504.77082099999996,-0.34467300000000023,-0.1564130000000148,0.22917900000004465,0.44247883287116146,77.47902942086975
1329.0,350.0,172.0,505.0,287.0,141.0,517.0,351.15783799999997,173.018123,505.54483600000003,-1.1578379999999697,-1.0181230000000028,-0.5448360000000321,1.6352399041941739,71.2320152740325
1330.0,541.0,255.0,505.0,505.0,245.0,589.0,540.2479639999999,256.114569,505.86022,0.7520360000000892,-1.1145690000000172,-0.8602200000000266,1.596183150348737,91.93475947648963
1331.0,496.0,264.0,505.0,455.0,254.0,570.0,496.532026,263.99442400000004,504.177965,-0.5320259999999735,0.005575999999962278,0.822035000000028,0.9791957402261396,77.49838707999025
1332.0,373.0,329.0,505.0,313.0,329.0,522.0,374.380928,326.79581,504.51686600000005,-1.380927999999983,2.2041899999999828,0.48313399999995,2.645530978695927,62.36184731067546
1333.0,334.0,229.0,506.0,267.0,209.0,509.0,334.155762,228.922343,505.19265599999994,-0.15576199999998153,0.07765699999998787,0.8073440000000573,0.8258914847781669,69.98571282769076
1334.0,429.0,248.0,506.0,377.0,233.0,546.0,429.48227199999997,247.51925799999998,505.592978,-0.4822719999999663,0.48074200000002065,0.40702199999998356,0.7933259487953069,67.29784543356496
1335.0,430.0,259.0,506.0,375.0,247.0,548.0,428.576258,258.973214,507.804312,1.4237420000000043,0.02678600000001552,-1.8043119999999817,2.2985431398396567,70.2353187506115
1336.0,564.0,277.0,506.0,532.0,271.0,597.0,563.548573,277.162838,505.314986,0.45142699999996694,-0.16283800000002202,0.6850140000000238,0.8363891024929784,96.64884893261792
1337.0,525.0,137.0,507.0,488.0,101.0,585.0,524.680969,138.31315,505.757756,0.3190309999999954,-1.3131500000000074,1.2422440000000279,1.8355690826000217,93.53608929178085
1338.0,532.0,184.0,507.0,496.0,157.0,588.0,532.189885,184.099661,506.55914599999994,-0.18988500000000386,-0.09966099999999756,0.4408540000000585,0.4902457317122226,92.66067126888301
1339.0,384.0,195.0,507.0,324.0,168.0,531.0,383.799541,194.757312,507.073181,0.20045900000002348,0.24268799999998691,-0.07318099999997685,0.3231667290826821,70.03570517957252
1340.0,456.0,239.0,507.0,408.0,223.0,559.0,456.863153,238.99882000000002,507.54071799999997,-0.8631530000000112,0.0011799999999766442,-0.5407179999999698,1.018533479731023,72.55342858886821
1341.0,579.0,268.0,507.0,548.0,260.0,606.0,578.223121,267.955375,508.042871,0.7768790000000081,0.04462499999999636,-1.042870999999991,1.3011964855113134,104.04806581575652
1342.0,545.0,314.0,507.0,509.0,315.0,592.0,544.776356,313.390292,507.838492,0.2236440000000357,0.6097080000000119,-0.8384919999999738,1.0605797084915336,92.31467922275417
1343.0,561.0,150.0,508.0,531.0,117.0,601.0,562.405114,150.985051,507.173092,-1.405114000000026,-0.9850509999999986,0.8269080000000031,1.9048484627552595,103.14068062602651
1344.0,483.0,203.0,508.0,438.0,181.0,570.0,482.654279,204.29812500000003,507.88028599999996,0.3457210000000259,-1.2981250000000273,0.11971400000004451,1.3486967662384675,79.7057087039567
1345.0,456.0,204.0,508.0,407.0,180.0,560.0,455.953346,203.77279800000002,508.156035,0.04665399999998954,0.22720199999997703,-0.1560349999999744,0.27954295867537177,75.37240874484509
1346.0,398.0,253.0,508.0,339.0,240.0,536.0,397.414678,253.58556199999998,507.76645499999995,0.5853220000000192,-0.5855619999999817,0.23354500000004919,0.8602487817794479,66.58828725834597
1347.0,445.0,257.0,508.0,395.0,245.0,557.0,446.441458,257.114919,509.580876,-1.4414580000000115,-0.11491899999998623,-1.5808759999999893,2.142469712668302,71.02816342831905
1348.0,444.0,153.0,509.0,393.0,117.0,557.0,443.71783600000003,152.286425,508.845372,0.2821639999999661,0.7135749999999916,0.15462800000000243,0.7827615357853052,78.74642849044012
1349.0,455.0,176.0,509.0,404.0,145.0,561.0,453.562413,175.110442,509.3696,1.4375870000000077,0.8895579999999939,-0.36959999999999127,1.7304837410195464,79.1580697086532
1350.0,452.0,210.0,509.0,402.0,188.0,559.0,451.88075100000003,210.365278,508.756849,0.11924899999996796,-0.36527799999998933,0.24315100000001166,0.45472051865512975,74.05403432629447
1351.0,487.0,263.0,509.0,441.0,252.0,571.0,485.894404,262.422571,508.574017,1.1055959999999914,0.5774289999999951,0.4259829999999738,1.3180395599320807,77.9807668595276
1352.0,493.0,266.0,509.0,449.0,257.0,574.0,492.937384,266.437022,508.87524999999994,0.06261599999999135,-0.4370220000000131,0.12475000000006276,0.45877178906295674,79.00632886041473
1353.0,492.0,99.0,510.0,449.0,53.0,578.0,492.114232,99.30064200000001,509.98311,-0.11423200000001543,-0.3006420000000105,0.016889999999989413,0.32205563818695904,92.67685795278129
1354.0,436.0,140.0,510.0,383.0,101.0,555.0,435.28029399999997,139.26146500000002,509.73317599999996,0.7197060000000306,0.7385349999999846,0.26682400000004236,1.0651787266168264,79.71825386948713
1355.0,448.0,176.0,510.0,398.0,146.0,560.0,448.64875900000004,175.975095,510.161661,-0.6487590000000409,0.02490499999998974,-0.16166099999998096,0.6690611168100015,76.81145747868608
1356.0,393.0,282.0,510.0,334.0,275.0,535.0,393.588755,282.292662,508.63205800000003,-0.5887549999999919,-0.2926620000000071,1.367941999999971,1.5177446463858522,64.45928947793328
1357.0,362.0,241.0,511.0,298.0,224.0,526.0,362.805635,240.830265,510.494059,-0.8056349999999952,0.16973500000000286,0.5059410000000071,0.9663508777514513,67.89698078707183
1358.0,479.0,261.0,511.0,432.0,250.0,571.0,478.882169,260.834788,510.893467,0.11783100000002378,0.1652119999999968,0.10653300000001309,0.22919081481160483,77.00649323271382
1359.0,195.0,265.0,512.0,100.0,252.0,460.0,192.024489,265.665669,510.93801099999996,2.9755110000000116,-0.6656689999999799,1.0619890000000396,3.22871515696308,109.07795377618706
1360.0,379.0,265.0,512.0,316.0,254.0,534.0,379.148825,265.205111,512.327117,-0.148824999999988,-0.20511099999998805,-0.32711700000004384,0.4137933477413819,67.63135367564367
1361.0,544.0,294.0,512.0,506.0,292.0,596.0,543.275499,294.520551,511.50110699999993,0.724501000000032,-0.5205510000000118,0.4988930000000664,1.0221395540977392,92.21713506718802
1362.0,419.0,190.0,513.0,362.0,163.0,551.0,418.48688699999997,190.208778,512.690538,0.5131130000000326,-0.20877799999999525,0.3094620000000532,0.634539150484085,73.63423117002037
1363.0,381.0,273.0,513.0,318.0,264.0,535.0,381.05454699999996,273.37249,512.682517,-0.054546999999956824,-0.3724900000000275,0.3174830000000384,0.4924628215388855,67.3349834781297
1364.0,506.0,291.0,513.0,463.0,287.0,583.0,506.43229399999996,290.822205,512.5250139999999,-0.4322939999999562,0.17779500000000326,0.4749860000000581,0.6664089320057306,82.24962005991274
1365.0,329.0,177.0,514.0,259.0,146.0,517.0,329.444522,177.27002700000003,512.870959,-0.4445220000000063,-0.27002700000002733,1.1290410000000293,1.243080033181326,76.61592523751182
1366.0,424.0,238.0,514.0,368.0,221.0,555.0,424.72000899999995,237.63256,514.808456,-0.7200089999999477,0.3674399999999878,-0.8084559999999783,1.1432524732607756,71.45628033979938
1367.0,433.0,132.0,515.0,378.0,92.0,560.0,432.613275,131.857715,514.830003,0.38672500000001264,0.1422849999999869,0.16999699999996665,0.44575803622480514,81.54753215150045
1368.0,429.0,170.0,515.0,375.0,137.0,558.0,430.17277799999994,168.756264,514.496762,-1.172777999999937,1.2437360000000126,0.5032380000000103,1.7820033556713337,76.51143705355429
1369.0,348.0,184.0,515.0,279.0,155.0,527.0,347.670366,184.409357,515.532522,0.32963399999999865,-0.40935699999999997,-0.5325219999999717,0.7482054583394651,75.8023746329889
1370.0,159.0,199.0,515.0,60.0,171.0,453.0,158.379157,199.629774,515.09963,0.6208430000000078,-0.6297739999999976,-0.0996300000000474,0.8899367722625109,120.12077255828818
1371.0,417.0,233.0,515.0,359.0,215.0,553.0,417.150934,232.79260699999998,515.534434,-0.15093400000000656,0.20739300000002459,-0.5344340000000329,0.5928006656212925,71.63797875428926
1372.0,493.0,257.0,515.0,446.0,246.0,582.0,492.586751,257.347861,515.764037,0.4132490000000075,-0.34786100000002307,-0.7640370000000303,0.935700031362118,82.57723657279892
1373.0,558.0,141.0,516.0,522.0,105.0,609.0,557.382703,141.110388,515.611448,0.6172970000000078,-0.11038800000000037,0.3885520000000042,0.7377084474621481,106.02358228243375
1374.0,521.0,149.0,516.0,479.0,113.0,597.0,520.918414,148.04778700000003,517.539968,0.0815860000000157,0.952212999999972,-1.5399680000000444,1.8124202917063927,98.08669634563088
1375.0,374.0,195.0,516.0,309.0,169.0,537.0,373.71295999999995,195.588057,515.6441599999999,0.28704000000004726,-0.5880569999999921,0.35584000000005744,0.7448658284879625,73.08898685848642
1376.0,563.0,240.0,516.0,527.0,225.0,609.0,562.364558,239.369623,515.488808,0.6354420000000118,0.63037700000001,0.5111920000000509,1.0307661996578465,100.84641788382967
1377.0,451.0,247.0,516.0,397.0,232.0,567.0,450.478384,246.335603,516.704813,0.5216159999999945,0.6643970000000081,-0.7048129999999446,1.1001218069077292,75.77598564189053
1378.0,531.0,314.0,516.0,490.0,316.0,596.0,531.061051,314.267479,515.894811,-0.061051000000020395,-0.26747899999998026,0.10518899999999576,0.29383152615570546,89.9166280506559
1379.0,333.0,146.0,517.0,262.0,108.0,525.0,333.509859,146.032688,517.935581,-0.5098590000000058,-0.03268800000000738,-0.9355809999999565,1.0659908596165002,80.92589202474076
1380.0,362.0,147.0,517.0,294.0,110.0,535.0,360.997035,147.37148200000001,517.409743,1.0029650000000174,-0.3714820000000145,-0.4097430000000486,1.145350162002034,79.47955712005447
1381.0,452.0,270.0,517.0,399.0,261.0,567.0,452.297542,270.077157,516.469424,-0.2975420000000213,-0.0771569999999997,0.5305759999999964,0.6131845857398968,73.41661937191061
1382.0,385.0,144.0,518.0,322.0,106.0,545.0,385.320967,143.818288,517.864647,-0.320966999999996,0.18171200000000454,0.13535300000000916,0.3928861166317812,78.37091297158659
1383.0,572.0,180.0,518.0,537.0,153.0,617.0,571.55902,180.245093,518.40072,0.44097999999996773,-0.24509299999999712,-0.4007199999999784,0.644290662239453,108.42047777057617
1384.0,404.0,210.0,518.0,343.0,189.0,552.0,404.219538,211.59857,518.660666,-0.219538,-1.5985699999999952,-0.660665999999992,1.7435889830748454,72.92461861401813
1385.0,403.0,215.0,518.0,341.0,194.0,552.0,402.711004,215.705056,519.229493,0.28899599999999737,-0.7050560000000132,-1.2294930000000477,1.446470078570979,73.76313442364011
1386.0,446.0,263.0,518.0,392.0,251.0,568.0,447.026581,261.913673,518.967748,-1.0265810000000215,1.086326999999983,-0.9677480000000287,1.7805929046230815,74.56540752922899
1387.0,501.0,310.0,518.0,454.0,310.0,587.0,500.689051,309.662782,518.198127,0.3109489999999937,0.3372180000000071,-0.1981269999999995,0.4996594522812519,83.48652585896721
1388.0,425.0,178.0,519.0,368.0,147.0,562.0,425.86498099999994,176.93787500000002,519.522592,-0.8649809999999434,1.0621249999999804,-0.5225920000000315,1.466084596621182,77.83957862167549
1389.0,376.0,210.0,519.0,309.0,185.0,541.0,374.899728,208.644877,518.9095599999999,1.1002720000000181,1.3551229999999919,0.09044000000005781,1.747894794520834,74.81978348003956
1390.0,433.0,211.0,519.0,376.0,189.0,565.0,433.24599299999994,211.257546,520.186684,-0.24599299999994173,-0.2575459999999907,-1.1866840000000138,1.2389759537702898,76.47875521999558
1391.0,448.0,227.0,519.0,393.0,208.0,569.0,447.67098799999997,226.676465,519.063273,0.3290120000000343,0.3235349999999926,-0.06327299999998104,0.4657545114091922,76.72027111526653
1392.0,493.0,119.0,520.0,446.0,77.0,590.0,493.123951,118.83044100000001,520.32363,-0.12395099999997683,0.16955899999999247,-0.3236299999999801,0.38581145885260953,94.19660291114536
1393.0,365.0,152.0,520.0,296.0,116.0,540.0,363.906805,152.214481,520.834403,1.0931949999999802,-0.21448100000000636,-0.834402999999952,1.3918713208464635,80.3554602998452
1394.0,468.0,177.0,520.0,416.0,148.0,579.0,467.597769,177.28387600000002,520.268465,0.402230999999972,-0.28387600000002067,-0.26846499999999196,0.5607573601496327,83.8212383587835
1395.0,476.0,180.0,520.0,425.0,152.0,581.0,475.14857199999994,180.485709,519.522873,0.8514280000000554,-0.48570900000001416,0.47712699999999586,1.0901802814186763,84.29709366283039
1396.0,443.0,213.0,520.0,387.0,191.0,569.0,442.853034,212.786003,520.45593,0.14696600000002036,0.2139970000000062,-0.45592999999996664,0.5246578752529863,77.59510293826537
1397.0,193.0,258.0,520.0,98.0,243.0,471.0,193.249679,258.17293,519.917882,-0.24967899999998622,-0.17293000000000802,0.08211800000003677,0.31462319346323137,107.93979803575695
1398.0,385.0,268.0,520.0,321.0,260.0,544.0,385.690656,269.971156,518.857699,-0.69065599999999,-1.9711560000000077,1.142300999999975,2.3806119510060766,68.81860213634101
1399.0,515.0,284.0,520.0,469.0,280.0,595.0,514.1527600000001,284.91080700000003,520.222453,0.8472399999999425,-0.9108070000000339,-0.22245299999997314,1.2636733541773968,88.07383266328314
1400.0,533.0,315.0,520.0,491.0,318.0,601.0,533.15717,315.839831,519.540139,-0.15716999999995096,-0.8398310000000038,0.45986100000004626,0.9703044144916756,91.29074432821763
1401.0,554.0,68.0,521.0,517.0,16.0,615.0,554.244952,68.169803,520.700837,-0.24495200000001205,-0.1698030000000017,0.2991630000000214,0.4222949699937465,113.61778029868388
1402.0,575.0,263.0,521.0,540.0,253.0,621.0,575.844533,262.086174,521.7102199999999,-0.8445329999999558,0.9138259999999718,-0.7102199999999357,1.432733888328458,106.41898326896381
1403.0,527.0,144.0,522.0,485.0,108.0,604.0,527.356412,143.83468399999998,521.371411,-0.3564119999999775,0.16531600000001845,0.6285890000000336,0.7412712219700912,98.91410415102591
1404.0,369.0,219.0,522.0,301.0,197.0,544.0,369.572948,218.482236,523.437778,-0.5729479999999967,0.5177639999999997,-1.4377779999999802,1.6320399957366054,74.77967638335967
1405.0,453.0,239.0,522.0,398.0,223.0,574.0,452.994303,238.87422500000002,521.796508,0.005696999999997843,0.125774999999976,0.2034919999999829,0.23929229092887003,77.36278174936577
1406.0,566.0,268.0,522.0,528.0,261.0,617.0,565.551745,268.75391,521.79894,0.4482550000000174,-0.753910000000019,0.20105999999998403,0.8998544086267721,102.55730105653132
1407.0,533.0,299.0,522.0,489.0,297.0,604.0,532.1915439999999,298.61465200000004,522.18535,0.808456000000092,0.38534799999996494,-0.18534999999997126,0.9145757527619629,93.08061022576076
1408.0,381.0,158.0,523.0,315.0,122.0,549.0,381.06798599999996,156.91425900000002,522.949319,-0.06798599999996213,1.0857409999999845,0.050681000000054155,1.0890473722653056,79.54872720540537
1409.0,540.0,181.0,523.0,499.0,155.0,610.0,540.22619,182.179992,522.856528,-0.22618999999997413,-1.1799919999999986,0.1434719999999743,1.210011260669907,99.62931295557549
1410.0,512.0,314.0,523.0,465.0,317.0,597.0,511.90265999999997,315.21432899999996,523.17914,0.09734000000003107,-1.2143289999999638,-0.17913999999996122,1.2313249511972477,87.71544903835355
1411.0,498.0,130.0,524.0,450.0,90.0,597.0,498.172183,129.371604,524.851391,-0.17218300000001818,0.6283960000000093,-0.8513910000000351,1.0720984811042678,96.08850087289322
1412.0,451.0,192.0,524.0,394.0,166.0,577.0,450.14556699999997,192.17407200000002,524.608459,0.8544330000000286,-0.17407200000002376,-0.6084590000000389,1.0632869637845208,82.06095295571457
1413.0,481.0,95.0,525.0,430.0,47.0,591.0,480.67630699999995,94.336094,524.964878,0.3236930000000484,0.6639059999999972,0.03512200000000121,0.7394470163365512,96.23408959407264
1414.0,475.0,104.0,525.0,423.0,58.0,589.0,474.816758,103.408975,525.337783,0.183242000000007,0.5910250000000019,-0.3377829999999449,0.7049720109890658,94.42457307290302
1415.0,204.0,201.0,525.0,108.0,173.0,482.0,203.242857,200.650415,525.180774,0.7571430000000134,0.3495849999999905,-0.18077400000004218,0.8533196550824486,108.85311203635843
1416.0,404.0,218.0,525.0,341.0,197.0,558.0,404.2993,218.09002600000002,523.921646,-0.29930000000001655,-0.09002600000002303,1.0783539999999903,1.1227343942322214,74.15524256584965
1417.0,523.0,163.0,526.0,480.0,133.0,608.0,524.7398689999999,164.29100900000003,526.024554,-1.739868999999885,-1.291009000000031,-0.024553999999966436,2.166668242753763,97.32933781753577
1418.0,448.0,195.0,526.0,391.0,170.0,577.0,447.85078999999996,195.46709099999998,525.427375,0.14921000000003914,-0.46709099999998216,0.5726250000000164,0.7538813016689124,80.46738469715541
1419.0,503.0,197.0,526.0,454.0,172.0,600.0,502.810207,196.476047,526.947347,0.18979300000000876,0.5239530000000059,-0.9473470000000361,1.099097114665978,92.2062904578641
1420.0,417.0,221.0,526.0,355.0,200.0,565.0,417.02724199999994,220.384659,525.752377,-0.027241999999944255,0.6153410000000008,0.24762299999997595,0.6638552726114224,76.19711280619497
1421.0,369.0,240.0,526.0,300.0,223.0,545.0,369.293525,239.77135399999997,524.729778,-0.29352499999998827,0.2286460000000261,1.2702219999999897,1.3235935358806263,73.55949972641196
1422.0,553.0,82.0,527.0,513.0,33.0,623.0,553.37302,82.019915,528.124116,-0.3730199999999968,-0.019914999999997463,-1.1241159999999581,1.1845578538344606,114.96521212958292
1423.0,431.0,186.0,527.0,371.0,158.0,572.0,430.898278,185.810406,526.622001,0.1017219999999952,0.1895939999999996,0.37799900000004527,0.43494424254268854,80.05623023850174
1424.0,468.0,193.0,527.0,413.0,167.0,587.0,467.52121600000004,192.766515,527.451462,0.4787839999999619,0.23348500000000172,-0.45146199999999226,0.6982601960050117,85.44588931013593
1425.0,349.0,194.0,527.0,276.0,167.0,542.0,349.350897,194.07433100000003,528.086724,-0.3508969999999749,-0.07433100000002923,-1.0867240000000038,1.1443875455220558,79.26537705707328
1426.0,461.0,196.0,527.0,406.0,172.0,584.0,461.346703,196.937071,526.988403,-0.3467029999999909,-0.9370710000000031,0.011597000000051594,0.9992194552044114,82.76472678623425
1427.0,406.0,210.0,527.0,341.0,186.0,563.0,405.499544,209.020191,527.699379,0.5004559999999856,0.9798089999999888,-0.6993790000000217,1.3036920150319224,78.08328886515987
1428.0,408.0,219.0,527.0,344.0,198.0,563.0,407.940497,218.832132,527.037375,0.05950300000000652,0.16786799999999857,-0.03737499999999727,0.18198121622299399,76.3740793725201
1429.0,497.0,130.0,528.0,448.0,90.0,599.0,497.138265,129.35872,526.925427,-0.13826499999998987,0.6412799999999947,1.0745729999999867,1.2589933998849883,95.08943158942533
1430.0,520.0,168.0,528.0,474.0,137.0,609.0,520.373919,167.588772,528.40028,-0.3739190000000008,0.41122799999999415,-0.40027999999995245,0.6849437677247365,98.17331613019904
1431.0,519.0,173.0,528.0,472.0,144.0,608.0,518.623509,173.345413,528.211599,0.37649099999998725,-0.34541300000000774,-0.21159899999997833,0.553018761391498,97.21111047611791
1432.0,438.0,178.0,528.0,379.0,148.0,576.0,438.06436599999995,177.526922,527.553251,-0.06436599999994996,0.4730779999999868,0.4467489999999543,0.6538581230213022,81.7618492941543
1433.0,552.0,233.0,528.0,510.0,217.0,620.0,551.942279,232.77983899999998,528.376926,0.05772100000001501,0.2201610000000187,-0.37692600000002585,0.44031328532992214,102.39140588936164
1434.0,536.0,237.0,528.0,493.0,222.0,613.0,536.956104,237.054465,527.404339,-0.9561039999999821,-0.054464999999993324,0.59566099999995,1.1277913468199272,96.43132271207318
1435.0,529.0,300.0,528.0,481.0,298.0,610.0,527.544712,299.406246,528.937057,1.455287999999996,0.5937539999999899,-0.9370569999999816,1.8298860064793494,95.03683496413377
1436.0,507.0,314.0,528.0,457.0,316.0,601.0,506.71726,314.391873,528.356989,0.2827399999999898,-0.3918729999999755,-0.35698899999999867,0.6007890660206575,88.50423718670197
1437.0,497.0,107.0,529.0,448.0,64.0,602.0,497.681173,108.027055,529.001811,-0.6811730000000011,-1.0270550000000043,-0.001810999999975138,1.2324130430480724,97.87236586493657
1438.0,518.0,174.0,529.0,471.0,146.0,609.0,518.124822,174.97709100000003,529.268231,-0.12482199999999466,-0.9770910000000299,-0.2682310000000143,1.0208992229040361,96.91749068150702
1439.0,457.0,241.0,529.0,399.0,225.0,584.0,456.391162,240.38640200000003,529.327446,0.6088379999999916,0.6135979999999677,-0.327446000000009,0.9243414405748323,81.51686941977103
1440.0,528.0,269.0,529.0,481.0,260.0,610.0,527.197544,268.281966,528.564391,0.8024560000000065,0.7180339999999887,0.43560899999999947,1.1615780894855903,94.07975340103735
1441.0,391.0,270.0,529.0,323.0,260.0,558.0,390.886942,269.79148,529.217615,0.11305800000002364,0.20852000000002135,-0.21761500000002343,0.3218990369495138,74.59892760623305
1442.0,501.0,69.0,530.0,452.0,16.0,606.0,501.391665,68.64166300000001,530.599979,-0.39166499999998905,0.3583369999999917,-0.5999789999999621,0.8011127749792409,104.81412118603103
1443.0,358.0,148.0,530.0,285.0,111.0,549.0,357.65427999999997,148.07238900000002,530.638322,0.34572000000002845,-0.07238900000001536,-0.6383220000000165,0.7295323580246753,84.01785524517987
1444.0,448.0,152.0,530.0,390.0,118.0,583.0,448.15949900000004,152.80935399999998,529.8400389999999,-0.15949900000003936,-0.8093539999999848,0.15996100000006663,0.8402864689128401,85.60957890329796
1445.0,457.0,292.0,530.0,399.0,289.0,583.0,456.71571800000004,292.818277,529.177972,0.28428199999996195,-0.8182770000000232,0.8220280000000457,1.1942041437866022,78.62569554541314
1446.0,507.0,298.0,530.0,457.0,296.0,603.0,507.054836,297.986603,529.715093,-0.05483600000002298,0.01339699999999766,0.2849069999999756,0.290445287711797,88.50423718670197
1447.0,502.0,125.0,531.0,453.0,85.0,606.0,502.799156,125.15121,531.016766,-0.7991559999999822,-0.15121000000000606,-0.016765999999961423,0.8135083743834307,98.11218069128827
1448.0,558.0,153.0,531.0,517.0,120.0,627.0,558.316872,153.207623,531.046229,-0.3168719999999894,-0.20762300000001233,-0.04622900000003938,0.38164419942402117,109.48059188732951
1449.0,428.0,208.0,531.0,364.0,186.0,575.0,426.494781,208.74713200000002,531.047235,1.505219000000011,-0.7471320000000219,-0.04723500000000058,1.681107256723992,80.72174428244226
1450.0,366.0,237.0,531.0,296.0,221.0,553.0,368.248009,238.059326,531.966724,-2.2480090000000246,-1.0593259999999987,-0.9667239999999993,2.666509203159274,75.09993342207434
1451.0,466.0,276.0,531.0,409.0,268.0,589.0,465.85582,275.489877,531.035797,0.14418000000000575,0.5101230000000214,-0.0357970000000023,0.5313141939926165,81.7129120763665
1452.0,294.0,109.0,532.0,211.0,62.0,527.0,293.977442,108.617101,532.293399,0.02255800000000363,0.38289899999999477,-0.29339900000002217,0.48291146265750323,95.51439682058407
1453.0,444.0,138.0,532.0,385.0,98.0,587.0,445.131836,136.407979,534.051867,-1.1318360000000212,1.5920209999999884,-2.0518670000000157,2.8329740170051108,90.033327162779
1454.0,408.0,208.0,532.0,343.0,185.0,570.0,408.865658,208.1057,532.609634,-0.8656579999999963,-0.105700000000013,-0.6096340000000282,1.0640441141794972,78.7273777030583
1455.0,560.0,256.0,532.0,518.0,246.0,626.0,559.984967,256.41562500000003,531.244893,0.015033000000016727,-0.4156250000000341,0.7551069999999527,0.8620653763856645,103.440804327886
1456.0,326.0,202.0,533.0,247.0,176.0,539.0,326.11657399999996,201.64417300000002,533.380605,-0.11657399999995732,0.3558269999999766,-0.3806049999999459,0.5339124623287343,83.38465086573187
1457.0,523.0,237.0,533.0,475.0,222.0,614.0,523.228326,237.143104,532.859589,-0.22832600000003822,-0.1431039999999939,0.14041099999997186,0.30385319812864864,95.34149149242423
1458.0,554.0,263.0,533.0,511.0,254.0,627.0,554.8784539999999,262.995221,533.919743,-0.8784539999999197,0.00477899999998499,-0.9197430000000395,1.2718614134432773,103.75933692926145
1459.0,534.0,295.0,533.0,487.0,292.0,616.0,533.7134259999999,294.386118,531.981571,0.2865740000000869,0.6138819999999896,1.0184289999999692,1.2231816690258952,95.43060305792896
1460.0,507.0,314.0,533.0,456.0,316.0,607.0,507.501041,314.325256,533.279617,-0.5010409999999865,-0.3252560000000244,-0.2796170000000302,0.6595598652935298,89.89438247187641
1461.0,440.0,69.0,534.0,379.0,14.0,585.0,439.181474,67.664567,533.233211,0.8185260000000198,1.3354329999999948,0.766789000000017,1.7439413638898655,96.6798841538404
1462.0,542.0,132.0,534.0,496.0,92.0,622.0,540.441077,130.451571,532.343839,1.5589230000000498,1.5484289999999987,1.6561609999999973,2.7514982365778726,107.05138952858108
1463.0,408.0,177.0,534.0,343.0,149.0,573.0,409.317206,178.583435,534.587948,-1.3172059999999988,-1.5834350000000086,-0.587947999999983,2.1419572582955535,80.8084154033477
1464.0,420.0,233.0,534.0,354.0,214.0,575.0,418.979519,231.736742,533.920791,1.020481000000018,1.2632580000000075,0.07920899999999165,1.625877089944395,79.98749902328488
1465.0,429.0,242.0,534.0,365.0,226.0,578.0,428.41777199999996,241.46783399999998,533.510985,0.5822280000000433,0.5321660000000179,0.48901499999999487,0.9280763792733141,79.29691040639604
1466.0,331.0,302.0,534.0,251.0,298.0,541.0,330.85989,301.523051,535.091719,0.14010999999999285,0.4769489999999905,-1.0917190000000119,1.1995672284878471,80.40522371090077
1467.0,472.0,113.0,535.0,415.0,71.0,599.0,471.32015,113.98114900000002,535.315662,0.6798499999999876,-0.9811490000000163,-0.3156619999999748,1.2347031549911092,95.44108130150245
1468.0,456.0,186.0,535.0,397.0,159.0,591.0,456.055008,186.255383,534.63983,-0.05500799999998662,-0.2553829999999948,0.3601700000000392,0.44493683332920875,85.70880934886448
1469.0,370.0,194.0,535.0,298.0,168.0,557.0,370.358607,194.58981999999997,534.035649,-0.35860700000000634,-0.5898199999999747,0.9643509999999651,1.1859424370726883,79.64923100695951
1470.0,384.0,246.0,535.0,313.0,230.0,561.0,383.622236,245.239505,533.853731,0.3777640000000133,0.7604949999999917,1.1462689999999611,1.4265310739980075,77.28518616138541
1471.0,551.0,261.0,535.0,506.0,251.0,627.0,550.965511,260.566006,535.189802,0.03448900000000776,0.4339939999999842,-0.18980199999998604,0.4749369246131338,102.90286682109493
1472.0,557.0,261.0,535.0,512.0,253.0,628.0,555.906573,262.15853300000003,534.427162,1.0934270000000197,-1.158533000000034,0.572838000000047,1.692904217805064,103.62432146943111
1473.0,390.0,269.0,535.0,320.0,259.0,565.0,390.36752099999995,268.904954,535.42735,-0.3675209999999538,0.09504600000002483,-0.42735000000004675,0.5716060269600126,76.81145747868608
1474.0,387.0,272.0,535.0,316.0,263.0,563.0,386.77534099999997,272.227636,534.951918,0.22465900000003103,-0.22763600000001816,0.04808200000002216,0.3234218506857945,76.8505042273634
1475.0,518.0,105.0,536.0,469.0,60.0,619.0,518.386392,104.428767,536.715841,-0.38639200000000073,0.5712330000000065,-0.7158409999999549,0.9939991223506907,106.37198879404295
1476.0,455.0,140.0,536.0,397.0,102.0,593.0,456.054552,139.544893,535.635075,-1.054552000000001,0.45510699999999815,0.3649249999999711,1.2051442062168243,89.76079322287654
1477.0,546.0,208.0,536.0,500.0,187.0,627.0,545.718165,208.17972400000002,536.12153,0.28183500000000095,-0.17972400000002153,-0.12153000000000702,0.3556701059985362,104.10571550111935
1478.0,360.0,306.0,536.0,284.0,304.0,553.0,359.681013,306.108422,535.899457,0.3189869999999928,-0.10842200000001867,0.10054300000001604,0.35159199521889384,77.90378681424929
1479.0,516.0,111.0,537.0,466.0,68.0,619.0,516.128159,110.99802600000001,537.573985,-0.12815899999998237,0.0019739999999899283,-0.5739849999999933,0.5881219313900713,105.22832318344715
1480.0,500.0,126.0,537.0,448.0,85.0,612.0,500.474509,125.106965,536.978978,-0.47450900000001184,0.8930349999999976,0.021022000000016305,1.0114901021710532,100.0499875062461
1481.0,420.0,207.0,537.0,353.0,184.0,578.0,418.70877599999994,207.13443,536.217843,1.2912240000000565,-0.13443000000000893,0.7821569999999838,1.5156188227008542,81.84741901856161
1482.0,423.0,239.0,537.0,359.0,223.0,580.0,424.24801799999995,239.02014200000002,536.595184,-1.248017999999945,-0.0201420000000212,0.4048159999999825,1.3121854374835324,78.74642849044012
1483.0,383.0,249.0,537.0,312.0,235.0,565.0,383.931401,249.292258,537.27115,-0.9314009999999939,-0.2922580000000039,-0.2711500000000342,1.0131361625492448,77.59510293826537
1484.0,555.0,258.0,537.0,509.0,249.0,630.0,554.059004,258.875002,536.721866,0.940996000000041,-0.875001999999995,0.27813400000002275,1.3147092811629806,104.14413089560064
1485.0,433.0,285.0,537.0,369.0,280.0,582.0,433.060136,285.62656200000004,536.109467,-0.06013599999999997,-0.6265620000000354,0.8905330000000049,1.090525241536872,78.39642849007855
1486.0,353.0,286.0,537.0,276.0,280.0,552.0,352.984745,286.507761,536.966135,0.015255000000024665,-0.5077610000000163,0.033864999999991596,0.5091176547430042,78.67655305108377
1487.0,479.0,113.0,538.0,423.0,70.0,605.0,479.088758,113.04513500000002,537.889419,-0.08875799999998435,-0.045135000000016134,0.11058100000002469,0.14880627792537565,97.3344748791506
1488.0,343.0,135.0,538.0,265.0,95.0,551.0,342.48626,135.055219,537.233574,0.5137399999999843,-0.05521899999999391,0.766426000000024,0.924330427410577,88.61715409558128
1489.0,547.0,206.0,538.0,501.0,185.0,629.0,546.997296,206.51194099999998,537.396264,0.0027039999999942665,-0.5119409999999789,0.6037360000000263,0.7915731531532698,104.10571550111935
1490.0,354.0,224.0,538.0,278.0,204.0,555.0,354.625067,224.21191,538.032377,-0.6250670000000014,-0.21190999999998894,-0.03237699999999677,0.6608047160228178,80.40522371090077
1491.0,511.0,246.0,538.0,459.0,233.0,615.0,511.155258,246.23021700000004,537.902924,-0.15525800000000345,-0.23021700000003875,0.09707600000001548,0.29415754865211585,93.81897462667133
1492.0,556.0,257.0,538.0,510.0,246.0,631.0,555.068851,256.400194,537.209671,0.9311490000000049,0.599806000000001,0.7903290000000425,1.3606710205182138,104.33599570617994
1493.0,484.0,266.0,538.0,428.0,258.0,604.0,484.43171299999995,267.012485,537.656533,-0.43171299999994517,-1.0124850000000265,0.3434670000000324,1.1530271331079025,86.92525524840292
1494.0,540.0,278.0,538.0,492.0,272.0,626.0,540.0177209999999,277.856603,538.257171,-0.017720999999937703,0.1433969999999931,-0.2571709999999712,0.29498077342596585,100.41912168506553
1495.0,544.0,115.0,539.0,496.0,73.0,630.0,542.348677,114.793151,538.374482,1.6513230000000476,0.2068490000000054,0.6255180000000564,1.7778995830626176,111.12605455067681
1496.0,304.0,131.0,539.0,220.0,89.0,538.0,304.079705,130.548999,538.767466,-0.07970499999998992,0.4510009999999909,0.23253399999998692,0.5136407793214866,93.92017887546851
1497.0,525.0,153.0,539.0,475.0,120.0,623.0,524.637786,153.49066900000003,538.853373,0.3622139999999945,-0.49066900000002533,0.14662699999996676,0.6272595367836277,103.1746092796091
1498.0,425.0,214.0,539.0,359.0,193.0,583.0,424.75438199999996,214.412237,538.63234,0.24561800000003586,-0.4122370000000046,0.36766000000000076,0.6045175114858311,82.05485969764375
1499.0,387.0,226.0,539.0,316.0,206.0,569.0,387.815477,225.46900599999998,539.055651,-0.8154769999999871,0.5309940000000211,-0.05565100000001166,0.974707340367355,79.63039620647382
1500.0,441.0,236.0,539.0,377.0,219.0,591.0,441.06102799999996,235.51084300000002,540.42617,-0.06102799999996478,0.4891569999999774,-1.4261699999999564,1.5089598590860027,84.19619943916709
1501.0,499.0,272.0,539.0,444.0,265.0,610.0,498.49026499999997,272.584207,538.229578,0.5097350000000347,-0.5842069999999921,0.7704220000000532,1.0930131047513145,90.08329478876757
1502.0,423.0,152.0,540.0,357.0,117.0,586.0,423.286276,152.138758,540.738166,-0.28627599999998665,-0.13875799999999572,-0.7381659999999783,0.8038014520364835,87.73254812211943
1503.0,516.0,166.0,540.0,464.0,135.0,621.0,515.706353,165.862162,540.30509,0.29364699999996446,0.13783799999998791,-0.3050899999999501,0.44531762030369443,101.1236866416568
1504.0,403.0,251.0,540.0,333.0,237.0,576.0,403.130548,250.68054,540.38129,-0.13054799999997613,0.3194599999999923,-0.38129000000003543,0.5142757392722467,79.94998436522674
1505.0,293.0,128.0,541.0,207.0,86.0,536.0,293.42961,128.188598,540.562449,-0.42961000000002514,-0.18859800000001314,0.4375509999999849,0.6415487785858636,95.83840566286565
1506.0,354.0,144.0,541.0,277.0,106.0,559.0,353.99322399999994,143.901483,540.439675,0.006776000000058957,0.09851699999998687,0.5603250000000344,0.5689601208257365,87.73254812211943
1507.0,383.0,169.0,541.0,309.0,136.0,568.0,381.47605999999996,168.185992,539.411311,1.5239400000000387,0.8140080000000012,1.5886890000000449,2.3471120310682365,85.4049178911847
1508.0,386.0,259.0,541.0,313.0,247.0,570.0,386.11888,259.05521,541.014548,-0.1188799999999901,-0.05520999999998821,-0.01454799999999068,0.1318796527292822,79.46068210127572
1509.0,510.0,264.0,541.0,457.0,255.0,619.0,510.842628,264.212583,541.746958,-0.8426279999999906,-0.21258299999999508,-0.7469579999999496,1.1459318182321787,94.73119866232032
1510.0,501.0,176.0,542.0,446.0,147.0,617.0,500.787467,175.839696,541.992414,0.21253300000000763,0.16030399999999645,0.00758599999994658,0.2663178475074498,97.42176348229383
1511.0,432.0,192.0,542.0,367.0,165.0,589.0,432.27631799999995,191.361603,540.941308,-0.27631799999994655,0.6383969999999977,1.058691999999951,1.2667798220673012,84.63450832845902
1512.0,548.0,256.0,542.0,500.0,246.0,633.0,547.818077,256.432054,541.362875,0.1819229999999834,-0.4320539999999937,0.6371249999999691,0.791008787858864,103.36827366266692
1513.0,525.0,266.0,542.0,472.0,257.0,625.0,524.078393,265.69459800000004,542.530864,0.9216069999999945,0.3054019999999582,-0.5308639999999514,1.106547075613556,98.88882646689666
1514.0,433.0,283.0,542.0,367.0,276.0,589.0,433.290414,282.277263,542.029885,-0.2904139999999984,0.7227369999999951,-0.02988500000003569,0.7794755774172749,81.32650244538985
1515.0,382.0,140.0,543.0,309.0,102.0,574.0,382.726324,140.265742,543.740605,-0.7263239999999769,-0.2657419999999888,-0.7406049999999595,1.070822641507407,87.94316346368261
1516.0,378.0,142.0,543.0,305.0,104.0,571.0,378.85572399999995,141.96233900000001,542.468437,-0.8557239999999524,0.037660999999985734,0.5315630000000056,1.008087862274873,86.93100712634129
1517.0,501.0,174.0,543.0,446.0,145.0,618.0,501.029343,174.18954100000002,542.749922,-0.02934299999998302,-0.18954100000001972,0.25007800000003044,0.3151599727345173,97.42176348229383
1518.0,514.0,175.0,543.0,461.0,146.0,623.0,513.995824,174.864531,542.746899,0.0041760000000294895,0.1354690000000005,0.2531010000000151,0.28710521614559364,100.2496882788171
1519.0,546.0,192.0,543.0,498.0,167.0,635.0,546.062415,191.71343000000002,542.662158,-0.06241499999998723,0.28656999999998334,0.3378420000000233,0.4473870964712825,106.7379969832674
1520.0,395.0,216.0,544.0,323.0,194.0,577.0,395.22677799999997,215.50485500000002,543.335671,-0.2267779999999675,0.4951449999999795,0.6643289999999524,0.859028435239429,82.20097323024831
1521.0,487.0,260.0,544.0,428.0,250.0,612.0,486.43980899999997,260.363725,543.795053,0.5601910000000316,-0.3637249999999881,0.20494699999994737,0.6986509177801209,90.58145505565695
1522.0,510.0,265.0,544.0,454.0,257.0,623.0,509.57017099999996,265.819342,545.654748,0.42982900000004065,-0.819342000000006,-1.6547480000000405,1.8958547480514374,97.16480844420988
1523.0,499.0,109.0,545.0,443.0,67.0,622.0,499.026006,110.2715,545.873152,-0.02600599999999531,-1.2715000000000032,-0.8731520000000046,1.542654522937659,104.06248123122954
1524.0,344.0,171.0,545.0,264.0,140.0,560.0,344.461605,171.81019700000002,544.928883,-0.46160500000002,-0.8101970000000165,0.07111699999995835,0.9351769792520768,87.0976463516667
1525.0,376.0,175.0,545.0,300.0,144.0,572.0,375.595777,174.740669,544.937319,0.4042230000000018,0.2593310000000031,0.06268099999999777,0.48433223003533715,86.4060183089118
1526.0,525.0,262.0,545.0,472.0,252.0,629.0,525.073305,261.551158,545.590317,-0.07330500000000484,0.4488420000000133,-0.5903170000000273,0.7451891870377917,99.82484660644363
1527.0,493.0,93.0,546.0,436.0,46.0,621.0,493.13425299999994,93.122426,546.709355,-0.13425299999994422,-0.12242600000000436,-0.7093549999999595,0.7322544021785931,105.27582818482124
1528.0,531.0,126.0,546.0,480.0,87.0,634.0,531.0834609999999,126.30133900000001,545.778604,-0.08346099999994294,-0.3013390000000129,0.22139600000002702,0.3831280729181956,108.93117092916977
1529.0,454.0,163.0,546.0,389.0,131.0,604.0,452.964268,163.209992,546.5469879999999,1.0357319999999959,-0.20999199999999973,-0.5469879999999421,1.189971969431183,92.80624978954812
1530.0,546.0,218.0,546.0,497.0,199.0,637.0,546.097956,217.904873,544.790122,-0.09795599999995375,0.09512699999999086,1.2098780000000033,1.2175587455843753,105.08567932882197
1531.0,488.0,277.0,546.0,429.0,271.0,615.0,488.189216,277.522287,546.07247,-0.18921599999998762,-0.5222870000000057,-0.07246999999995296,0.5602127327408709,90.98351499035417
1532.0,330.0,139.0,547.0,247.0,99.0,558.0,330.355914,138.347888,547.3907839999999,-0.3559139999999843,0.6521119999999883,-0.3907839999999396,0.8394265724861981,92.79008567729636
1533.0,531.0,167.0,547.0,481.0,135.0,635.0,532.5592439999999,165.598591,546.766566,-1.5592439999999215,1.401409000000001,0.23343399999998837,2.1094265735438036,106.15083607772479
1534.0,295.0,179.0,547.0,205.0,148.0,543.0,294.262864,178.89725900000002,547.130129,0.7371360000000209,0.10274099999998043,-0.13012900000001082,0.7555519520311159,95.2732911156112
1535.0,434.0,270.0,547.0,366.0,261.0,595.0,433.93715499999996,269.924746,546.8054079999999,0.06284500000003845,0.07525399999997262,0.19459200000005694,0.21789608763129015,83.71977066380438
1536.0,422.0,81.0,548.0,352.0,31.0,596.0,421.21652499999993,81.607213,548.965464,0.7834750000000668,-0.6072130000000016,-0.9654639999999972,1.383712917584461,98.50888284819801
1537.0,420.0,129.0,548.0,352.0,90.0,595.0,421.49540099999996,129.94378799999998,548.7669549999999,-1.4954009999999585,-0.9437879999999836,-0.766954999999939,1.9274801975039202,91.40021881811882
1538.0,530.0,129.0,548.0,477.0,90.0,636.0,529.299844,128.751228,548.141957,0.7001559999999927,0.24877200000000244,-0.14195700000004763,0.7564771788818249,109.88175462741756
1539.0,540.0,230.0,548.0,488.0,214.0,638.0,539.501181,230.22907500000002,548.053413,0.4988190000000259,-0.229075000000023,-0.05341299999997773,0.5514967805482042,105.16653460107925
1540.0,545.0,231.0,548.0,494.0,217.0,641.0,544.971675,232.61659200000003,548.854824,0.02832499999999527,-1.6165920000000256,-0.8548240000000078,1.828905703163806,106.98598038995577
1541.0,498.0,313.0,548.0,440.0,314.0,621.0,498.69112899999993,312.608134,548.298047,-0.6911289999999326,0.39186599999999316,-0.29804699999999684,0.8485577592632687,93.24162160752032
1542.0,315.0,123.0,549.0,229.0,80.0,554.0,315.153812,122.93456200000001,548.774091,-0.15381200000001627,0.06543799999998612,0.22590900000000147,0.2810251580713084,96.28083921528727
1543.0,294.0,130.0,549.0,205.0,87.0,547.0,294.74616000000003,128.886459,549.64039,-0.7461600000000317,1.113540999999998,-0.6403900000000249,1.4855395169368852,98.8635423197045
1544.0,491.0,213.0,549.0,433.0,193.0,621.0,492.1459239999999,213.541025,548.930672,-1.1459239999999227,-0.5410249999999905,0.06932800000004136,1.269116320903966,94.59386872308374
1545.0,353.0,239.0,549.0,271.0,222.0,568.0,352.73169,238.83768600000002,550.130761,0.2683099999999854,0.16231399999998075,-1.1307610000000068,1.173437910507838,85.871997764114
1546.0,293.0,132.0,550.0,203.0,91.0,547.0,293.22849,132.17388499999998,550.19941,-0.22849000000002206,-0.1738849999999843,-0.19940999999994347,0.34958263890671415,98.94442884771229
1547.0,520.0,138.0,550.0,466.0,102.0,635.0,520.601151,138.653506,550.341375,-0.6011509999999589,-0.653505999999993,-0.3413749999999709,0.9513093647504589,106.94391053257777
1548.0,498.0,216.0,550.0,439.0,196.0,625.0,497.87656599999997,215.91650700000002,550.509205,0.12343400000003157,0.08349299999997584,-0.5092049999999517,0.5305626875591183,97.49871794028884
1549.0,362.0,233.0,550.0,279.0,214.0,572.0,359.91605,232.192322,551.081625,2.0839500000000157,0.8076780000000099,-1.081625000000031,2.482962745352646,87.94316346368261
1550.0,505.0,296.0,550.0,445.0,294.0,626.0,503.694684,296.138794,550.688037,1.3053160000000048,-0.1387940000000185,-0.6880370000000084,1.4820622617356631,96.85040010242601
1551.0,486.0,72.0,551.0,427.0,20.0,624.0,486.683198,71.841098,551.124803,-0.6831980000000044,0.15890199999999766,-0.12480300000004263,0.7124500976328209,107.30330842988953
1552.0,501.0,78.0,551.0,444.0,28.0,630.0,501.527993,78.226287,551.447759,-0.5279929999999808,-0.22628699999999924,-0.4477590000000191,0.7283340830271481,109.4988584415381
1553.0,422.0,146.0,551.0,351.0,110.0,597.0,421.42131,146.306511,550.777235,0.5786899999999946,-0.3065110000000004,0.22276499999998123,0.6917046728525011,91.94019795497506
1554.0,432.0,269.0,551.0,362.0,260.0,599.0,431.86018299999995,269.079918,550.943673,0.13981700000005048,-0.07991800000002058,0.05632700000001023,0.17061187280496792,85.35221145348257
1555.0,531.0,284.0,551.0,477.0,280.0,637.0,531.295832,284.360593,550.782409,-0.2958320000000185,-0.3605929999999944,0.21759099999997034,0.5146743894483132,101.62676812730001
1556.0,533.0,285.0,551.0,479.0,281.0,637.0,532.859182,285.168467,550.272424,0.14081799999996747,-0.16846700000002102,0.7275759999999991,0.7599853123508353,101.62676812730001
1557.0,287.0,142.0,552.0,195.0,103.0,547.0,287.121266,142.047349,552.396262,-0.12126599999999144,-0.04734899999999698,-0.3962619999999788,0.41709824166613413,100.0499875062461
1558.0,514.0,168.0,552.0,458.0,138.0,633.0,514.192895,168.20848,551.219351,-0.19289500000002135,-0.20848000000000866,0.7806490000000395,0.830713700757411,102.9417310909429
1559.0,326.0,235.0,552.0,240.0,218.0,560.0,326.523645,235.83110900000003,551.931333,-0.5236449999999877,-0.8311090000000263,0.06866700000000492,0.9847138735668507,88.02840450672726
1560.0,461.0,236.0,553.0,396.0,223.0,613.0,461.585861,238.416046,552.624058,-0.5858610000000226,-2.4160459999999944,0.3759420000000091,2.5143276979743523,89.40917178902845
1561.0,538.0,287.0,553.0,483.0,283.0,643.0,537.5467699999999,286.712005,553.915186,0.45323000000007596,0.28799500000002354,-0.9151859999999488,1.0610956448506366,105.55093557141026
1562.0,420.0,91.0,554.0,348.0,43.0,601.0,419.51846900000004,91.39813000000001,554.008342,0.4815309999999613,-0.398130000000009,-0.00834199999997054,0.6248593360308937,98.4733466477097
1563.0,350.0,132.0,554.0,266.0,91.0,574.0,349.210227,131.496581,554.808256,0.7897730000000251,0.503419000000008,-0.8082560000000285,1.2371135124256358,95.58765610684259
1564.0,387.0,144.0,554.0,310.0,107.0,587.0,386.931035,144.19899400000003,553.63233,0.0689649999999915,-0.19899400000002743,0.3676699999999755,0.4237169009621775,91.58056562393574
1565.0,326.0,192.0,554.0,239.0,165.0,563.0,326.042774,192.390417,554.002824,-0.04277400000000853,-0.39041700000001356,-0.002824000000032356,0.39276331796771896,91.53687781435414
1566.0,429.0,231.0,554.0,358.0,214.0,603.0,429.37209099999995,231.37739,554.640623,-0.3720909999999549,-0.37738999999999123,-0.640623000000005,0.8314281403163873,87.92610533851708
1567.0,414.0,252.0,554.0,340.0,239.0,594.0,413.27123300000005,252.062879,552.569828,0.728766999999948,-0.06287900000000946,1.4301719999999705,1.6063769976297098,85.11756575466664
1568.0,315.0,187.0,555.0,225.0,159.0,560.0,314.328016,187.590464,555.25116,0.671984000000009,-0.5904639999999972,-0.25116000000002714,0.9291348541261502,94.38749917229505
1569.0,332.0,188.0,555.0,245.0,159.0,566.0,331.431044,187.406394,554.715972,0.5689560000000142,0.5936059999999941,0.2840280000000348,0.8699143164450329,92.36341266973628
1570.0,545.0,198.0,555.0,493.0,175.0,649.0,545.89204,198.125385,554.919802,-0.8920399999999518,-0.1253849999999943,0.08019799999999577,0.9043718698792614,109.85900054160332
1571.0,351.0,233.0,555.0,266.0,215.0,573.0,350.082943,233.07205600000003,555.247202,0.9170569999999998,-0.07205600000003187,-0.2472020000000157,0.9525200455575787,88.72992730753249
1572.0,538.0,207.0,556.0,483.0,184.0,648.0,537.943046,205.56489,556.829903,0.05695400000001882,1.4351100000000088,-0.8299029999999448,1.658771671938286,109.62663909835054
1573.0,476.0,138.0,557.0,412.0,101.0,626.0,476.286905,138.24478299999998,557.371854,-0.2869049999999902,-0.24478299999998399,-0.3718539999999848,0.5296306198002295,101.1236866416568
1574.0,301.0,184.0,557.0,209.0,154.0,557.0,301.06818,183.620757,557.029095,-0.06817999999998392,0.37924300000000244,-0.029094999999983884,0.38641982929709845,96.76776322722355
1575.0,334.0,188.0,557.0,247.0,158.0,569.0,333.75656599999996,186.54004300000003,556.517739,0.24343400000003612,1.4599569999999744,0.48226099999999406,1.5566985020632405,92.80624978954812
1576.0,318.0,211.0,557.0,228.0,188.0,563.0,317.704725,211.29032,557.087241,0.29527500000000373,-0.29032000000000835,-0.08724099999994905,0.42318319922463626,93.08598175880189
1577.0,486.0,236.0,557.0,423.0,221.0,628.0,486.45169799999996,236.44639,557.244082,-0.45169799999996485,-0.44639000000000806,-0.24408200000004854,0.6803463368226503,96.09890738192604
1578.0,535.0,286.0,557.0,479.0,282.0,646.0,535.20965,285.879212,557.276329,-0.20965000000001055,0.12078800000000456,-0.27632900000003247,0.36728814258702047,105.22832318344715
1579.0,485.0,251.0,558.0,420.0,238.0,629.0,484.53583699999996,250.375154,558.967611,0.46416300000004185,0.6248459999999909,-0.9676110000000335,1.2418336690580154,97.13392816107047
1580.0,491.0,268.0,558.0,428.0,260.0,630.0,491.21383299999997,268.337695,557.881319,-0.21383299999996552,-0.3376949999999965,0.11868100000003778,0.4169504103307633,96.00520819205592
1581.0,361.0,292.0,558.0,277.0,288.0,579.0,360.85893599999997,292.72970300000003,557.766989,0.1410640000000285,-0.7297030000000291,0.23301100000003316,0.7788835897783866,86.67756341753038
1582.0,405.0,78.0,559.0,329.0,27.0,601.0,404.60726,78.399437,558.789454,0.3927400000000034,-0.39943700000000604,0.2105460000000221,0.5984348274332109,100.70253224224304
1583.0,464.0,152.0,559.0,398.0,118.0,623.0,464.782275,152.28321,558.845751,-0.7822750000000269,-0.28320999999999685,0.15424900000004982,0.8461411429105996,98.02040603874276
1584.0,341.0,174.0,559.0,255.0,143.0,575.0,341.39727,174.137189,558.954198,-0.3972699999999918,-0.13718900000000644,0.04580199999998058,0.42277901772083426,92.80624978954812
1585.0,318.0,196.0,559.0,227.0,169.0,566.0,317.534478,195.69766800000002,559.49217,0.4655220000000213,0.3023319999999785,-0.49216999999998734,0.7418535432334299,95.17877914745492
1586.0,286.0,145.0,560.0,191.0,107.0,553.0,285.61027,145.273751,558.137806,0.3897299999999859,-0.2737510000000043,1.862194000000045,1.9221330798196983,102.55730105653132
1587.0,329.0,151.0,560.0,240.0,113.0,573.0,328.946289,149.67335400000002,561.004184,0.05371100000002116,1.3266459999999825,-1.0041840000000093,1.6647101809903653,97.64220398987315
1588.0,291.0,153.0,560.0,196.0,117.0,557.0,290.62775700000003,153.388246,560.044884,0.372242999999969,-0.3882460000000094,-0.04488400000002457,0.5397354731912536,101.6366075781753
1589.0,533.0,193.0,560.0,476.0,168.0,649.0,532.617269,192.487046,559.2693849999999,0.38273100000003524,0.5129540000000077,0.7306150000000571,0.9712894021362111,108.60478810807561
1590.0,492.0,112.0,561.0,429.0,69.0,638.0,492.32714799999997,111.79536200000001,561.9652619999999,-0.3271479999999656,0.20463799999998855,-0.9652619999999388,1.0395351141697209,108.38357809188622
1591.0,453.0,155.0,561.0,381.0,122.0,621.0,451.087704,155.67860100000001,561.748967,1.9122960000000262,-0.6786010000000147,-0.7489669999999933,2.162944029767324,99.36297097007517
1592.0,443.0,249.0,561.0,371.0,235.0,616.0,443.04826199999997,248.34848600000004,561.570508,-0.04826199999996561,0.6515139999999633,-0.570508000000018,0.8673402394124058,91.67878707749138
1593.0,469.0,254.0,561.0,402.0,242.0,626.0,469.804011,253.78817300000003,561.353601,-0.8040110000000027,0.21182699999997112,-0.35360100000002603,0.9035142684269079,94.11694852681954
1594.0,435.0,274.0,561.0,362.0,266.0,612.0,435.296923,273.837823,561.105101,-0.2969229999999925,0.16217699999998558,-0.10510099999999056,0.3542751296083157,89.40917178902845
1595.0,405.0,282.0,561.0,327.0,277.0,601.0,405.337046,283.17562300000003,561.760996,-0.33704599999998663,-1.17562300000003,-0.7609959999999774,1.4404181185548268,87.80091115700337
1596.0,502.0,296.0,561.0,439.0,295.0,637.0,501.90280599999994,296.859027,560.805562,0.09719400000005862,-0.859027000000026,0.194437999999991,0.8861039421021963,98.72183142547549
1597.0,356.0,299.0,561.0,269.0,295.0,581.0,355.226328,298.48379700000004,561.46905,0.7736719999999764,0.5162029999999618,-0.4690500000000384,1.0416533988294572,89.35882720806042
1598.0,297.0,118.0,562.0,203.0,74.0,562.0,296.975398,118.06934000000001,561.689521,0.024602000000015778,-0.06934000000001106,0.3104789999999866,0.3190775821724146,103.78824596263297
1599.0,292.0,138.0,562.0,197.0,98.0,560.0,292.011724,137.784408,561.930021,-0.011724000000015167,0.21559199999998668,0.06997899999998936,0.22696788997784054,103.0970416646375
1600.0,342.0,263.0,562.0,254.0,252.0,577.0,342.136283,263.396252,561.837301,-0.13628299999999172,-0.39625200000000405,0.16269899999997506,0.4495104761782453,89.94442728707543
1601.0,323.0,293.0,562.0,232.0,287.0,569.0,323.278505,292.28267800000003,561.681282,-0.27850499999999556,0.7173219999999674,0.31871799999998984,0.8328847760842698,91.46584061823299
1602.0,374.0,299.0,562.0,290.0,296.0,590.0,373.89604299999996,299.077089,563.015139,0.10395700000003671,-0.07708900000000085,-1.0151389999999765,1.023355735358414,88.5945822271317
1603.0,362.0,232.0,563.0,277.0,214.0,587.0,362.264056,232.022983,563.258247,-0.2640559999999823,-0.022983000000010634,-0.258246999999983,0.3700612144415872,90.13878188659973
1604.0,401.0,291.0,563.0,320.0,287.0,600.0,399.728509,291.417409,562.901216,1.271491000000026,-0.41740900000002057,0.0987840000000233,1.3418934067272585,89.1403387922662
1605.0,527.0,301.0,563.0,467.0,301.0,651.0,527.35869,301.448293,564.467024,-0.35869000000002416,-0.4482929999999783,-1.4670240000000376,1.5753680670005685,106.50821564555478
1606.0,502.0,315.0,563.0,438.0,317.0,638.0,501.586839,314.871905,562.058334,0.41316100000000233,0.12809499999997342,0.9416660000000547,1.0362650223287952,98.6154146165801
1607.0,446.0,80.0,564.0,374.0,29.0,621.0,444.79830699999997,79.54517200000001,562.656188,1.2016930000000343,0.454827999999992,1.3438119999999572,1.8592378188862662,105.04284840006957
1608.0,194.0,136.0,564.0,100.0,55.0,550.0,213.638017,103.227699,578.947012,-19.63801699999999,32.772301,-14.947011999999972,41.02546273054129,124.87193439680512
1609.0,373.0,154.0,564.0,290.0,119.0,593.0,373.059415,154.067364,563.610666,-0.05941500000000133,-0.06736399999999776,0.38933399999996254,0.3995610269745671,94.63086177352503
1610.0,319.0,191.0,564.0,227.0,163.0,571.0,318.780402,190.72313300000002,563.318938,0.21959800000001906,0.27686699999998154,0.6810619999999972,0.7672835624050566,96.42095207992918
1611.0,525.0,204.0,564.0,465.0,182.0,651.0,524.717292,203.99133899999998,563.819783,0.2827079999999569,0.008661000000017793,0.18021699999997054,0.33537589846911375,107.9490620616965
1612.0,414.0,220.0,564.0,337.0,200.0,609.0,414.485828,219.95579299999997,564.623873,-0.48582800000002635,0.04420700000002853,-0.6238730000000032,0.7919599892431638,91.40021881811882
1613.0,335.0,224.0,564.0,246.0,204.0,577.0,335.48089899999997,224.12611600000002,563.445733,-0.4808989999999653,-0.12611600000002454,0.5542669999999816,0.7445676604217728,92.14119599831554
1614.0,354.0,227.0,564.0,268.0,208.0,585.0,354.694981,227.18303000000003,563.984225,-0.6949809999999843,-0.18303000000003067,0.015774999999962347,0.7188514602377797,90.54280755532159
1615.0,456.0,70.0,565.0,385.0,17.0,629.0,455.31803599999995,69.558649,565.896624,0.6819640000000504,0.4413509999999974,-0.8966239999999743,1.2098761093074861,109.2977584399607
1616.0,455.0,177.0,565.0,384.0,148.0,626.0,454.957301,176.89720699999998,565.109871,0.042699000000027354,0.10279300000001967,-0.10987099999999828,0.15640090182286676,97.99489782636645
1617.0,455.0,183.0,565.0,383.0,154.0,624.0,453.714714,181.84123,563.874365,1.285285999999985,1.158770000000004,1.1256349999999884,2.0644035864919785,97.49871794028884
1618.0,409.0,83.0,566.0,332.0,32.0,611.0,409.585741,82.357608,565.830021,-0.5857409999999845,0.642392000000001,0.1699790000000121,0.8858063339048707,102.73752965688828
1619.0,289.0,164.0,566.0,191.0,130.0,563.0,288.421878,163.991781,566.134587,0.5781220000000076,0.008218999999996868,-0.13458700000001045,0.593638155288229,103.77379245262264
1620.0,467.0,239.0,566.0,396.0,223.0,630.0,466.008377,238.211451,565.8351319999999,0.9916230000000041,0.7885489999999891,0.16486800000006951,1.2776177663738142,96.91749068150702
1621.0,428.0,250.0,566.0,351.0,236.0,614.0,426.994962,249.303476,565.223991,1.0050380000000132,0.6965240000000108,0.7760090000000446,1.44825309669999,91.80958555619343
1622.0,423.0,270.0,567.0,345.0,262.0,614.0,422.569856,270.63259400000004,567.038349,0.4301439999999843,-0.6325940000000401,-0.03834900000003927,0.765943650259626,91.4166286842826
1623.0,337.0,105.0,568.0,247.0,59.0,584.0,336.754322,105.27257800000001,567.203676,0.24567799999999806,-0.27257800000001,0.7963240000000269,0.8768057702502005,102.33279044372826
1624.0,492.0,114.0,568.0,427.0,72.0,644.0,492.3612299999999,114.191518,567.177207,-0.3612299999999209,-0.19151800000000208,0.822793000000047,0.9187788515595148,108.4665847162157
1625.0,418.0,262.0,568.0,339.0,252.0,614.0,417.815854,262.475552,568.499655,0.18414599999999837,-0.4755519999999933,-0.49965499999996155,0.7139429760456746,91.96194865269004
1626.0,498.0,263.0,568.0,432.0,254.0,644.0,497.90951699999994,263.232473,567.662601,0.09048300000006293,-0.23247300000002724,0.3373990000000049,0.4196057128055186,101.05938848023968
1627.0,356.0,179.0,569.0,268.0,150.0,592.0,355.986129,179.59330500000002,568.855273,0.013870999999994638,-0.5933050000000151,0.14472699999998895,0.6108593391240037,95.46727187890099
1628.0,423.0,276.0,569.0,345.0,268.0,617.0,423.405116,275.510849,569.428557,-0.4051160000000209,0.48915099999999256,-0.4285569999999552,0.766191083546377,91.93475947648963
1629.0,509.0,135.0,570.0,445.0,98.0,654.0,509.188172,135.266054,570.525281,-0.18817200000000867,-0.2660539999999969,-0.5252809999999499,0.6181533478522534,111.89727431890377
1630.0,346.0,145.0,570.0,255.0,108.0,587.0,344.199286,145.325669,567.936417,1.8007140000000277,-0.32566900000000487,2.063582999999994,2.7580801303163907,99.69453345093702
1631.0,509.0,202.0,570.0,444.0,179.0,653.0,508.8909329999999,201.627542,570.802422,0.1090670000000955,0.3724579999999946,-0.8024219999999787,0.8913482138519057,107.9027339783381
1632.0,419.0,286.0,570.0,340.0,281.0,615.0,419.118053,286.210664,569.301284,-0.11805299999997487,-0.2106640000000084,0.6987159999999903,0.7392698291970152,91.05492847726585
1633.0,499.0,303.0,570.0,431.0,302.0,647.0,498.351382,302.516841,570.724599,0.648617999999999,0.48315900000000056,-0.724599000000012,1.0859059075288322,102.73266277090262
1634.0,454.0,103.0,571.0,381.0,57.0,634.0,453.875788,102.283246,571.214098,0.12421199999999999,0.7167539999999946,-0.21409800000003543,0.7582894375263363,106.8363234110946
1635.0,450.0,115.0,571.0,376.0,72.0,631.0,449.34684899999996,114.633216,570.329317,0.6531510000000367,0.36678399999999556,0.6706830000000537,1.0054612960955367,104.52272480183436
1636.0,495.0,171.0,571.0,428.0,142.0,648.0,494.81844899999993,171.47198500000002,570.7122889999999,0.18155100000006996,-0.47198500000001786,0.28771100000005845,0.5818145970556908,106.10843510296436
1637.0,411.0,172.0,571.0,331.0,142.0,617.0,411.374482,172.387591,571.831419,-0.3744820000000004,-0.38759099999998625,-0.8314189999999826,0.9908184017093953,97.03607576566563
1638.0,404.0,198.0,571.0,323.0,173.0,612.0,404.14010199999996,197.88337,570.328994,-0.1401019999999562,0.11662999999998647,0.671006000000034,0.695327390040138,94.16474924301556
1639.0,480.0,204.0,571.0,410.0,181.0,643.0,479.88608700000003,203.57617399999998,571.88728,0.11391299999996818,0.4238260000000196,-0.8872800000000325,0.9898840579810683,103.01941564578979
1640.0,505.0,148.0,572.0,440.0,114.0,655.0,505.70896099999993,148.386944,572.758795,-0.7089609999999311,-0.38694399999999973,-0.7587949999999637,1.1082063033036074,110.77003204838391
1641.0,518.0,183.0,572.0,454.0,156.0,658.0,517.752615,182.673057,571.863511,0.2473850000000084,0.326943,0.1364889999999832,0.43211145621818403,110.54863183232979
1642.0,359.0,276.0,572.0,269.0,269.0,594.0,358.370716,277.031782,571.316654,0.6292839999999842,-1.031782000000021,0.6833460000000287,1.3883566558691116,92.91393867445294
1643.0,400.0,300.0,572.0,318.0,298.0,610.0,400.876271,300.317905,571.300105,-0.8762709999999743,-0.3179049999999961,0.6998949999999695,1.1656618143745252,90.39911503991618
1644.0,414.0,162.0,573.0,333.0,130.0,619.0,413.33936,162.523615,572.748187,0.6606400000000008,-0.5236150000000066,0.2518129999999701,0.8797884204705089,98.49365461794989
1645.0,348.0,286.0,573.0,256.0,280.0,591.0,347.588377,286.150256,572.471813,0.41162300000002006,-0.15025600000001305,0.5281870000000026,0.6862884718790074,93.93614852653903
1646.0,467.0,303.0,573.0,394.0,304.0,638.0,467.275363,304.47021700000005,573.366267,-0.2753630000000271,-1.4702170000000478,-0.36626699999999346,1.5399721829134287,97.74968030638259
1647.0,436.0,146.0,574.0,359.0,110.0,630.0,436.22304999999994,145.86461200000002,574.343093,-0.2230499999999438,0.13538799999997764,-0.34309299999995346,0.43103830420617717,101.78899744078434
1648.0,511.0,258.0,574.0,445.0,247.0,656.0,511.06973200000004,257.281924,573.540768,-0.06973200000004454,0.7180759999999964,0.4592320000000427,0.8552132619551922,105.8347768930421
1649.0,415.0,283.0,574.0,334.0,278.0,620.0,415.728743,283.726867,574.716849,-0.7287430000000086,-0.726867000000027,-0.7168490000000247,1.2543023895931504,93.28451104015072
1650.0,520.0,318.0,574.0,455.0,321.0,660.0,520.557458,317.788294,574.776014,-0.5574579999999969,0.2117059999999924,-0.776014000000032,0.9786606053152661,107.8424777163433
1651.0,414.0,172.0,575.0,333.0,142.0,621.0,413.96928799999995,172.328265,574.420115,0.03071200000005092,-0.3282649999999876,0.5798849999999902,0.6670590306666897,97.86214794290998
1652.0,514.0,218.0,575.0,447.0,199.0,660.0,513.22601,217.90771800000005,575.658728,0.7739900000000262,0.09228199999995468,-0.6587279999999964,1.020538615441879,109.88630487917955
1653.0,485.0,301.0,575.0,415.0,301.0,647.0,485.90853400000003,301.78726900000004,574.873128,-0.9085340000000315,-0.7872690000000375,0.1268720000000485,1.2088519396109387,100.41912168506553
1654.0,511.0,317.0,575.0,444.0,320.0,657.0,511.219701,317.066862,575.293697,-0.21970099999998638,-0.06686200000001463,-0.2936969999999519,0.3728229931937779,105.93394168065305
1655.0,504.0,134.0,576.0,438.0,96.0,658.0,504.7707429999999,133.618945,575.4334269999999,-0.7707429999999249,0.3810550000000035,0.5665730000000622,1.0296857041849992,111.91067866830225
1656.0,433.0,147.0,576.0,355.0,111.0,631.0,433.38390599999997,146.694009,576.169606,-0.38390599999996766,0.3059910000000059,-0.16960600000004433,0.5194039893502878,102.00490184299969
1657.0,316.0,148.0,576.0,220.0,111.0,585.0,316.507653,148.002674,575.507954,-0.5076530000000048,-0.002674000000013166,0.49204599999995935,0.7069851376096706,103.27632836231156
1658.0,512.0,217.0,576.0,446.0,198.0,660.0,512.439767,217.09425100000004,575.908817,-0.4397669999999607,-0.0942510000000425,0.0911830000000009,0.45890369880724824,108.50345616615168
1659.0,484.0,256.0,576.0,413.0,243.0,648.0,484.08458,254.28094000000004,575.601236,-0.08458000000001675,1.7190599999999563,0.3987640000000283,1.766729687217565,101.95096860746347
1660.0,353.0,271.0,576.0,261.0,261.0,598.0,353.121364,270.475906,576.425854,-0.12136400000002823,0.524093999999991,-0.42585399999995843,0.6861161495315221,95.12097560475291
1661.0,414.0,312.0,576.0,331.0,312.0,620.0,413.708046,311.591686,575.829975,0.2919539999999756,0.4083140000000185,0.17002500000000964,0.52996788708091,93.94147114027967
1662.0,501.0,316.0,576.0,432.0,319.0,654.0,501.104837,316.351023,576.071276,-0.10483699999997498,-0.35102299999999786,-0.07127600000001166,0.37321335891684654,104.18253212511203
1663.0,431.0,148.0,577.0,351.0,113.0,632.0,430.55389800000006,148.342466,578.005926,0.4461019999999394,-0.3424660000000017,-1.005926000000045,1.1524656493952596,103.19883720275146
1664.0,414.0,176.0,577.0,332.0,147.0,624.0,414.018305,176.393053,577.060412,-0.018304999999998017,-0.393053000000009,-0.0604120000000421,0.398089617520995,98.8635423197045
1665.0,516.0,244.0,577.0,451.0,232.0,659.0,516.375778,244.92636100000004,574.165653,-0.3757779999999684,-0.9263610000000426,2.8343469999999797,3.005474459052005,105.32331175955302
1666.0,444.0,266.0,577.0,366.0,257.0,634.0,444.046383,266.179141,577.073938,-0.046382999999991625,-0.17914100000001554,-0.07393799999999828,0.19927294952904304,97.02576977277738
1667.0,376.0,185.0,578.0,286.0,157.0,610.0,374.720671,185.009421,578.23399,1.2793290000000184,-0.009421000000003232,-0.23398999999994885,1.3005855471986543,99.53893710503444
1668.0,473.0,190.0,578.0,398.0,166.0,648.0,471.72450299999997,191.297215,578.744537,1.2754970000000299,-1.2972149999999942,-0.7445370000000366,1.9657046313225992,105.3612832116238
1669.0,413.0,182.0,579.0,330.0,152.0,627.0,413.290215,180.463434,579.960605,-0.29021499999998923,1.5365659999999934,-0.9606049999999868,1.8352170946800674,100.46392387319938
1670.0,373.0,186.0,579.0,284.0,158.0,610.0,373.175593,185.83966700000002,578.763589,-0.17559299999999212,0.16033299999998007,0.2364109999999755,0.3353054330889663,98.31581764904364
1671.0,429.0,145.0,580.0,348.0,109.0,634.0,428.70632900000004,145.05893500000002,580.30063,0.2936709999999607,-0.0589350000000195,-0.30062999999995554,0.42437529071089014,103.79306335203717
1672.0,440.0,200.0,580.0,361.0,176.0,637.0,440.20127599999995,199.82714100000004,579.910417,-0.20127599999995027,0.1728589999999599,0.08958299999994779,0.2800310267558878,100.32945728947207
1673.0,495.0,225.0,580.0,425.0,206.0,658.0,495.673312,223.788254,579.890845,-0.6733120000000099,1.211746000000005,0.10915499999998701,1.3905366704567783,106.51291001564083
1674.0,491.0,262.0,580.0,419.0,253.0,655.0,490.6596179999999,262.353737,579.579784,0.34038200000009056,-0.3537370000000237,0.42021599999998216,0.6461975377151041,104.35516278555652
1675.0,360.0,299.0,580.0,268.0,297.0,604.0,360.450897,299.850705,579.6223659999999,-0.45089699999999766,-0.8507050000000049,0.3776340000000573,1.034221707174071,95.09994742374992
1676.0,490.0,136.0,581.0,419.0,98.0,659.0,490.28412999999995,135.351297,581.168187,-0.2841299999999478,0.6487030000000118,-0.16818699999998898,0.7278958071578527,112.11155159036913
1677.0,454.0,283.0,581.0,374.0,275.0,646.0,453.549463,280.73305700000003,584.49676,0.4505369999999971,2.2669429999999693,-3.4967599999999948,4.191580209326529,103.38762014864255
1678.0,406.0,292.0,581.0,320.0,288.0,623.0,405.721049,291.95966400000003,580.784829,0.2789510000000064,0.04033599999996795,0.21517100000005485,0.3545972539910942,95.79144011862438
1679.0,482.0,138.0,582.0,409.0,102.0,657.0,482.029308,138.707537,582.252131,-0.029308000000014545,-0.7075370000000021,-0.252130999999963,0.7516898339035757,110.67971810589327
1680.0,333.0,200.0,582.0,235.0,175.0,598.0,332.13088600000003,200.182164,582.339748,0.8691139999999677,-0.18216400000000021,-0.33974799999998595,0.9507741957983159,102.39628899525607
1681.0,364.0,253.0,582.0,270.0,242.0,609.0,362.803371,254.731044,582.448799,1.196628999999973,-1.7310439999999971,-0.44879900000000816,2.151709747149446,98.41747812253675
1682.0,407.0,77.0,583.0,324.0,25.0,632.0,408.768041,76.41619700000001,584.160102,-1.7680409999999824,0.583802999999989,-1.1601020000000517,2.1937710844329326,109.5171219490359
1683.0,318.0,217.0,583.0,219.0,195.0,592.0,318.319006,216.72506200000004,582.031492,-0.3190060000000017,0.27493799999996327,0.9685080000000426,1.0561077018676,101.81355508968342
1684.0,333.0,272.0,583.0,235.0,262.0,598.0,332.925718,271.440384,583.192957,0.07428199999998242,0.5596160000000054,-0.1929569999999785,0.5965905520782199,99.64436762808022
1685.0,423.0,112.0,584.0,340.0,68.0,636.0,422.63519299999996,111.49814900000001,583.531955,0.3648070000000416,0.5018509999999878,0.46804499999996096,0.7771773899663973,107.37318100903968
1686.0,494.0,220.0,584.0,421.0,201.0,662.0,493.559796,219.66718600000002,583.989882,0.44020399999999427,0.33281399999998484,0.010118000000034044,0.5519484524264794,108.5080642164443
1687.0,486.0,130.0,585.0,413.0,92.0,662.0,486.347116,130.43439,585.000087,-0.3471160000000282,-0.4343900000000076,-8.700000000771979e-05,0.5560433410490824,112.70314991161516
1688.0,488.0,167.0,585.0,414.0,137.0,662.0,487.535343,167.286497,585.181506,0.46465699999998833,-0.2864969999999971,-0.18150600000001305,0.57526610076902,110.92790451459904
1689.0,413.0,306.0,585.0,326.0,306.0,630.0,412.369175,306.584941,584.841833,0.6308250000000157,-0.5849410000000148,0.15816700000004857,0.8747073533445643,97.94896630388705
1690.0,446.0,75.0,586.0,365.0,24.0,649.0,445.042808,75.163229,586.705633,0.9571920000000205,-0.16322900000000118,-0.7056330000000344,1.2003241903727877,114.59057552870567
1691.0,417.0,140.0,586.0,332.0,103.0,637.0,416.998245,140.197958,586.73149,0.0017550000000028376,-0.19795799999999986,-0.731490000000008,0.7578047702997202,105.80642702596096
1692.0,493.0,140.0,586.0,420.0,103.0,665.0,492.667805,139.368794,585.620058,0.3321950000000129,0.6312059999999917,0.3799420000000282,0.8081648692098782,113.74972527439353
1693.0,372.0,154.0,586.0,281.0,118.0,618.0,372.56001599999996,152.997766,585.367973,-0.5600159999999619,1.0022339999999872,0.6320269999999937,1.3105529519027164,102.96115772464877
1694.0,436.0,112.0,587.0,353.0,69.0,644.0,434.82790399999993,112.14822000000001,586.38009,1.1720960000000673,-0.14822000000000912,0.6199100000000044,1.3341913692256318,109.48515881159419
1695.0,315.0,161.0,587.0,214.0,127.0,598.0,315.373111,160.984737,587.326828,-0.3731109999999944,0.015263000000004467,-0.3268279999999777,0.49624723583510405,107.1354283138869
1696.0,496.0,166.0,587.0,424.0,135.0,668.0,496.849029,165.520237,587.2256639999999,-0.8490289999999732,0.4797629999999913,-0.22566399999993791,1.0009730365528924,112.72089424769483
1697.0,406.0,292.0,587.0,318.0,289.0,631.0,406.25715499999995,292.69363,587.531404,-0.2571549999999547,-0.6936299999999846,-0.5314039999999522,0.9108465744245321,98.43271813782245
1698.0,357.0,297.0,587.0,261.0,293.0,611.0,356.79564,296.529371,586.842264,0.2043600000000083,0.470628999999974,0.15773599999999988,0.5367823683179048,99.03534722511958
1699.0,495.0,242.0,588.0,421.0,228.0,667.0,495.10720799999996,241.721631,588.140281,-0.10720799999995734,0.27836899999999787,-0.14028099999995902,0.32963861179476256,109.14669028422254
1700.0,492.0,141.0,589.0,418.0,104.0,668.0,491.903171,140.162935,588.4810229999999,0.09682900000001382,0.8370649999999955,0.5189770000000635,0.9896417513398781,114.39405578962571
1701.0,296.0,171.0,589.0,191.0,139.0,594.0,296.56869,170.99023599999998,590.313632,-0.5686900000000037,0.009764000000018314,-1.3136319999999841,1.4314791941275162,109.88175462741756
1702.0,485.0,252.0,589.0,410.0,241.0,665.0,486.157503,252.45500400000003,589.572384,-1.1575030000000197,-0.45500400000003083,-0.5723840000000564,1.369111127148245,107.34057946554975
1703.0,496.0,130.0,590.0,422.0,93.0,672.0,495.951695,131.082763,590.44205,0.048305000000027576,-1.082763,-0.4420499999999947,1.1705200936737472,116.48605066702193
1704.0,328.0,173.0,590.0,227.0,142.0,606.0,327.69372599999997,173.101648,590.312261,0.30627400000003036,-0.1016480000000115,-0.312261000000035,0.4490467805263086,106.85504199615477
1705.0,317.0,183.0,590.0,215.0,155.0,601.0,317.18647,183.876719,589.672894,-0.1864699999999857,-0.8767190000000085,0.32710599999995793,0.9541517704731161,106.34378214075329
1706.0,407.0,210.0,591.0,318.0,188.0,636.0,406.635159,209.90839500000004,590.426507,0.3648410000000126,0.09160499999995864,0.5734929999999849,0.6858532294558248,102.12737145349429
1707.0,360.0,259.0,592.0,262.0,250.0,619.0,359.261083,261.207918,592.377643,0.7389170000000149,-2.2079180000000065,-0.3776430000000346,2.3587103389484003,102.04900783447137
1708.0,387.0,315.0,592.0,294.0,317.0,628.0,387.081951,315.79764700000004,591.712138,-0.08195100000000366,-0.7976470000000404,0.28786200000001827,0.8519514270509062,99.74467404327912
1709.0,372.0,126.0,593.0,278.0,86.0,627.0,372.277675,126.69631,592.827935,-0.2776749999999879,-0.6963099999999969,0.17206499999997504,0.7691276785748776,107.66615066955816
1710.0,422.0,148.0,593.0,336.0,114.0,646.0,422.548501,149.076931,592.7938809999999,-0.5485009999999875,-1.0769310000000019,0.2061190000000579,1.2260174419326235,106.58799181896617
1711.0,323.0,153.0,593.0,221.0,117.0,609.0,323.583128,152.62260100000003,593.957828,-0.5831279999999879,0.3773989999999685,-0.9578279999999495,1.1831748590841784,109.34349546269316
1712.0,426.0,216.0,593.0,339.0,195.0,646.0,425.619838,215.40401200000002,592.8085599999999,0.38016199999998435,0.5959879999999771,0.1914400000000569,0.7323756658901104,104.01442207694085
1713.0,431.0,289.0,593.0,344.0,285.0,648.0,430.847909,289.067377,593.945954,0.15209099999998443,-0.06737700000002178,-0.9459540000000288,0.9604687931036868,103.00485425454472
1714.0,367.0,301.0,593.0,271.0,298.0,622.0,367.474018,300.436356,592.840681,-0.47401800000000094,0.5636440000000107,0.15931899999998222,0.7535052533466553,100.32945728947207
1715.0,483.0,191.0,594.0,404.0,166.0,671.0,482.370549,190.986852,595.0589669999999,0.6294510000000173,0.013148000000001048,-1.0589669999999387,1.23198723142486,113.11498574459532
1716.0,329.0,245.0,594.0,225.0,230.0,609.0,327.723924,245.15400899999997,594.026435,1.276075999999989,-0.15400899999997364,-0.026434999999992215,1.2856078480944193,106.1414151026827
1717.0,471.0,294.0,594.0,389.0,292.0,663.0,469.78389599999997,294.368587,593.9761129999999,1.2161040000000298,-0.3685869999999909,0.023887000000058833,1.2709586555644006,107.18675291284833
1718.0,416.0,146.0,595.0,327.0,111.0,646.0,415.52713,146.67008800000002,595.103524,0.47287000000000035,-0.6700880000000211,-0.10352399999999307,0.8266445325652539,108.38357809188622
1719.0,250.0,156.0,595.0,75.0,195.0,510.0,185.083462,218.51732399999997,555.732512,64.916538,-62.517323999999974,39.26748799999996,98.30823119076325,198.42126902124178
1720.0,296.0,251.0,596.0,187.0,237.0,598.0,295.396182,251.232348,595.42279,0.6038179999999898,-0.23234800000000178,0.5772100000000364,0.8670369970929905,109.9136024339117
1721.0,392.0,267.0,596.0,298.0,257.0,636.0,391.72340299999996,266.535395,596.30111,0.27659700000003795,0.46460500000000593,-0.3011099999999942,0.6188949333562386,102.64501936285072
1722.0,454.0,292.0,597.0,370.0,289.0,661.0,454.471159,292.041744,597.330472,-0.4711590000000001,-0.04174399999999423,-0.3304719999999861,0.5770139578909599,105.64563407921787
1723.0,329.0,241.0,598.0,224.0,224.0,614.0,328.19274099999996,240.185067,598.113099,0.8072590000000446,0.8149329999999964,-0.11309900000003381,1.1526379619685765,107.56393447619885
1724.0,371.0,263.0,598.0,274.0,252.0,629.0,371.20611899999994,262.658572,597.049725,-0.2061189999999442,0.3414280000000076,0.9502750000000333,1.0305729944890103,102.42558274181309
1725.0,448.0,270.0,598.0,363.0,262.0,660.0,448.52459,269.97831,598.107833,-0.5245899999999892,0.021689999999978227,-0.10783300000002782,0.5359972761954988,105.51303237041384
1726.0,336.0,305.0,598.0,232.0,304.0,617.0,335.920921,305.62901800000003,599.149857,0.0790789999999788,-0.6290180000000305,-1.1498569999999972,1.3130454116343535,105.72606112023658
1727.0,353.0,154.0,599.0,254.0,118.0,626.0,353.659311,153.05249700000002,598.602141,-0.6593110000000024,0.9475029999999833,0.3978590000000395,1.2209605700476174,108.74741376235114
1728.0,437.0,210.0,601.0,349.0,189.0,661.0,437.238312,210.253197,601.807588,-0.23831200000000763,-0.2531970000000001,-0.8075880000000097,0.8792608872780703,108.55873986004075
1729.0,455.0,291.0,601.0,370.0,289.0,666.0,455.77189899999996,291.98156900000004,601.216082,-0.7718989999999621,-0.9815690000000359,-0.21608200000002853,1.267279447748611,107.02336193560731
1730.0,331.0,242.0,602.0,224.0,226.0,620.0,329.771901,241.75097699999998,602.795445,1.228098999999986,0.24902300000002242,-0.7954449999999724,1.4842413403334827,109.67679791095289
1731.0,336.0,303.0,602.0,231.0,300.0,621.0,336.147862,302.310231,602.479013,-0.14786199999997507,0.6897690000000125,-0.479013000000009,0.8527003568511148,106.74736530706507
1732.0,414.0,162.0,603.0,322.0,130.0,655.0,414.15651099999997,162.151878,603.583435,-0.15651099999996632,-0.15187800000001062,-0.5834350000000086,0.6228635638966231,110.41738993473808
1733.0,457.0,293.0,603.0,371.0,291.0,668.0,457.08757399999996,293.590026,602.530044,-0.08757399999996096,-0.590026000000023,0.4699560000000247,0.7593803579814555,107.81929326423912
1734.0,412.0,87.0,604.0,321.0,39.0,656.0,412.808176,87.61097600000001,603.728016,-0.8081760000000031,-0.610976000000008,0.2719839999999749,1.0490068711919867,115.27792503337315
1735.0,412.0,159.0,605.0,320.0,126.0,656.0,412.825901,158.87478900000002,604.841121,-0.8259009999999876,0.12521099999997887,0.15887899999995625,0.8503133498675417,110.24518130059019
1736.0,363.0,163.0,605.0,262.0,130.0,638.0,363.107575,162.692053,605.966121,-0.10757499999999709,0.30794700000001285,-0.9661210000000438,1.0197026635618305,111.26095451684746
1737.0,302.0,247.0,605.0,191.0,232.0,611.0,301.840854,246.95822099999998,604.436757,0.1591460000000211,0.04177900000001955,0.5632430000000568,0.5867841265798456,112.1695145750395
1738.0,463.0,288.0,605.0,376.0,284.0,673.0,462.209897,287.768466,605.047525,0.7901029999999878,0.23153400000001056,-0.047524999999950523,0.8246995631076695,110.4943437466371
1739.0,395.0,275.0,606.0,298.0,267.0,648.0,394.936539,274.58157500000004,605.724644,0.06346100000001798,0.4184249999999565,0.27535599999998794,0.5049036600005582,106.00471687618433
1740.0,411.0,165.0,607.0,318.0,135.0,658.0,411.874207,166.23344500000002,607.00342,-0.8742070000000126,-1.2334450000000174,-0.0034200000000055297,1.51183204863307,110.22703842524301
1741.0,406.0,191.0,608.0,310.0,165.0,656.0,405.411135,190.874059,607.822554,0.5888649999999984,0.12594100000001163,0.17744600000003175,0.6277819737950527,110.43550153822818
1742.0,457.0,224.0,608.0,369.0,206.0,676.0,456.837984,223.88483200000002,608.433217,0.16201599999999416,0.11516799999998284,-0.4332170000000133,0.4766443344560026,112.6587768440613
1743.0,410.0,162.0,610.0,314.0,130.0,661.0,409.500543,162.124412,610.325335,0.4994570000000067,-0.12441200000000663,-0.3253349999999955,0.608915842147341,113.3181362359971
1744.0,297.0,247.0,610.0,182.0,232.0,616.0,296.147631,246.94838300000004,610.661431,0.8523690000000101,0.05161699999996472,-0.6614309999999932,1.0801334151904591,116.1292383510716
1745.0,415.0,255.0,611.0,322.0,244.0,660.0,416.498755,255.46454300000005,608.587043,-1.498755000000017,-0.4645430000000488,2.412957000000006,2.878268269762762,105.69295151522641
1746.0,306.0,80.0,612.0,194.0,28.0,624.0,305.690355,79.696747,611.759027,0.30964499999998907,0.303252999999998,0.24097300000005362,0.49589353168096256,124.06449935416659
1747.0,328.0,166.0,612.0,219.0,135.0,632.0,328.176766,167.100062,612.527952,-0.17676599999998643,-1.1000620000000083,-0.5279520000000275,1.2329298183205897,115.07388930595855
1748.0,421.0,194.0,613.0,326.0,169.0,669.0,421.263315,193.904356,613.806032,-0.2633149999999773,0.09564399999999296,-0.8060319999999592,0.8533288633258113,113.07519621915321
1749.0,327.0,201.0,613.0,217.0,176.0,632.0,326.997128,200.69270799999998,613.449831,0.0028720000000248547,0.3072920000000181,-0.4498310000000174,0.5447793591987741,114.39405578962571
1750.0,403.0,213.0,613.0,306.0,193.0,661.0,403.85925499999996,213.76993599999997,613.022344,-0.8592549999999619,-0.7699359999999729,-0.022343999999975495,1.1539583413004526,110.05907504608605
1751.0,330.0,284.0,613.0,220.0,279.0,631.0,330.009309,285.051144,612.903142,-0.009308999999973366,-1.051144000000022,0.09685799999999745,1.0556381190450852,111.57508682497182
1752.0,339.0,171.0,614.0,230.0,138.0,638.0,338.313239,169.42350900000002,614.361249,0.68676099999999,1.5764909999999759,-0.36124900000004345,1.7571184889480111,116.3872845288522
1753.0,350.0,185.0,614.0,245.0,158.0,643.0,351.453304,185.660639,614.544559,-1.4533040000000028,-0.6606390000000033,-0.5445590000000493,1.6867367634631274,112.22744762311936
1754.0,404.0,188.0,614.0,308.0,163.0,664.0,405.919833,189.150845,614.539708,-1.9198329999999828,-1.150845000000004,-0.5397080000000187,2.302495968981914,111.09005356016353
1755.0,315.0,251.0,614.0,203.0,237.0,627.0,315.374186,250.79384500000003,613.800992,-0.3741860000000088,0.206154999999967,0.19900800000004892,0.4712952691095174,113.61778029868388
1756.0,352.0,94.0,616.0,245.0,46.0,647.0,351.470664,93.877779,616.554663,0.5293360000000007,0.12222099999999614,-0.554663000000005,0.7763926952940795,121.30127781684742
1757.0,416.0,166.0,616.0,321.0,136.0,670.0,417.33644,166.891306,615.559003,-1.3364399999999819,-0.8913059999999859,0.4409970000000385,1.6658261053438201,113.3181362359971
1758.0,413.0,167.0,616.0,314.0,137.0,669.0,411.645679,167.761552,616.61096,1.3543210000000272,-0.7615519999999947,-0.6109599999999773,1.669556510377842,116.23252556836232
1759.0,331.0,254.0,618.0,219.0,241.0,638.0,330.70606999999995,253.84821200000005,618.230226,0.29393000000004577,0.15178799999995363,-0.23022600000001603,0.40303654042781306,114.51200810395389
1760.0,325.0,288.0,618.0,212.0,283.0,635.0,324.86958899999996,288.323988,618.130026,0.1304110000000378,-0.32398799999998573,-0.1300260000000435,0.37266877215700794,114.38094246857735
1761.0,332.0,137.0,619.0,222.0,98.0,642.0,332.771535,136.657713,619.156625,-0.7715349999999717,0.3422869999999989,-0.1566249999999627,0.8584626009436543,118.95377253370319
1762.0,384.0,229.0,619.0,277.0,212.0,656.0,380.195996,229.55444800000004,616.860051,3.8040040000000204,-0.5544480000000362,2.1399490000000014,4.399686436477173,114.4858069806035
1763.0,421.0,257.0,619.0,323.0,246.0,671.0,420.155762,256.96468500000003,616.895103,0.8442380000000185,0.03531499999996868,2.104897000000051,2.268165851625106,111.48542505637228
1764.0,409.0,303.0,620.0,308.0,302.0,670.0,408.75062499999996,302.927975,620.565613,0.2493750000000432,0.07202499999999645,-0.5656129999999848,0.6223291388156301,112.70314991161516
1765.0,324.0,235.0,621.0,207.0,215.0,641.0,321.923694,232.583663,623.425362,2.076305999999988,2.4163369999999986,-2.42536199999995,4.004011979783365,120.37026210821342
1766.0,414.0,210.0,623.0,314.0,189.0,677.0,414.201935,210.256392,623.3379,-0.20193499999999176,-0.2563920000000053,-0.33789999999999054,0.4697776196127195,115.57248807566617
1767.0,358.0,140.0,624.0,250.0,101.0,657.0,358.460159,138.777764,623.565788,-0.460158999999976,1.2222360000000094,0.43421200000000226,1.3762802061793242,119.47384651043926
1768.0,356.0,151.0,94.0,452.0,108.0,43.0,355.76885300000004,150.770888,93.98253700000001,0.23114699999996446,0.22911199999998644,0.017462999999992235,0.3259236114827784,116.90166808048549
1769.0,280.0,145.0,100.0,362.0,100.0,21.0,280.0328789999999,144.986548,100.19803700000001,-0.03287899999992305,0.013452000000000908,-0.19803700000001356,0.20119800772870575,122.43365550370535
1770.0,280.0,177.0,110.0,359.0,140.0,31.0,280.668478,177.645377,109.141225,-0.6684779999999932,-0.6453769999999963,0.8587749999999943,1.2652544444648184,117.69027147559818
1771.0,281.0,89.0,111.0,359.0,32.0,35.0,280.722382,89.138757,111.190557,0.27761800000001813,-0.13875699999999824,-0.1905569999999983,0.364193944515843,122.9186723000212
1772.0,370.0,113.0,111.0,462.0,62.0,69.0,369.88351500000005,112.725288,111.13762700000001,0.11648499999995465,0.27471199999999385,-0.13762700000000905,0.32859797518850986,113.26517558367179
1773.0,281.0,163.0,111.0,358.0,122.0,34.0,280.507367,162.87178500000002,111.555961,0.4926330000000121,0.1282149999999831,-0.5559609999999964,0.753803019651025,116.35720862928949
1774.0,291.0,178.0,112.0,371.0,141.0,38.0,291.823934,178.31307600000002,111.472134,-0.8239340000000084,-0.31307600000002367,0.527866000000003,1.0273881117124295,115.08692367076287
1775.0,395.0,96.0,113.0,491.0,42.0,80.0,395.098526,96.04950600000001,111.952845,-0.09852599999999256,-0.049506000000008044,1.0471550000000036,1.0529443531056173,114.9826073804208
1776.0,315.0,172.0,113.0,397.0,133.0,49.0,314.817256,171.48279300000002,113.18472400000002,0.18274400000001378,0.5172069999999849,-0.18472400000001699,0.5788103372962474,111.09005356016353
1777.0,327.0,181.0,114.0,411.0,145.0,54.0,327.10712600000005,181.17303600000002,113.549474,-0.10712600000005068,-0.17303600000002461,0.45052599999999643,0.4943592963098966,109.32520294973159
1778.0,430.0,242.0,117.0,529.0,220.0,98.0,430.93746400000003,241.413022,117.81063900000002,-0.937464000000034,0.5869779999999878,-0.8106390000000232,1.371319624340397,103.17945531936094
1779.0,316.0,174.0,118.0,397.0,136.0,55.0,316.405552,173.86776300000002,117.87687700000001,-0.40555200000000013,0.13223699999997507,0.12312299999999254,0.4439800918982649,109.42577392917995
1780.0,433.0,240.0,118.0,530.0,219.0,99.0,431.96558300000004,240.57633400000003,118.31805800000001,1.0344169999999622,-0.5763340000000312,-0.3180580000000077,1.226107785151437,101.04949282406122
1781.0,276.0,262.0,119.0,349.0,243.0,39.0,275.91960000000006,261.968207,118.96728200000001,0.08039999999994052,0.0317929999999933,0.03271799999998848,0.09244145375852358,109.95453605922768
1782.0,299.0,200.0,121.0,375.0,168.0,52.0,298.821106,200.236834,121.577047,0.17889400000001388,-0.23683399999998755,-0.5770469999999932,0.648904189384682,107.5220907534819
1783.0,247.0,165.0,122.0,314.0,126.0,35.0,246.61135099999998,166.382082,123.807735,0.3886490000000151,-1.382081999999997,-1.8077349999999939,2.308485332452858,116.52896635600952
1784.0,266.0,225.0,122.0,337.0,197.0,38.0,265.91391200000004,224.37059799999997,120.85779000000001,0.08608799999996108,0.6294020000000273,1.1422099999999915,1.3069819070851778,113.49449325848369
1785.0,385.0,233.0,122.0,475.0,210.0,86.0,385.76055,233.66886399999999,122.42148900000001,-0.7605500000000234,-0.668863999999985,-0.4214890000000082,1.097027041652585,99.62429422585637
1786.0,448.0,136.0,123.0,547.0,92.0,113.0,447.65820199999996,136.292143,123.53404499999999,0.3417980000000398,-0.29214300000001003,-0.5340449999999919,0.698124249169175,108.79797792238604
1787.0,274.0,95.0,126.0,346.0,40.0,48.0,274.075003,95.60749100000001,124.750247,-0.07500299999998106,-0.6074910000000102,1.2497529999999983,1.391600993855281,119.55333537798099
1788.0,295.0,223.0,127.0,368.0,196.0,56.0,294.677757,223.16152500000004,126.779403,0.3222430000000145,-0.1615250000000401,0.22059699999999793,0.4226037305597543,105.35179163165665
1789.0,234.0,170.0,128.0,298.0,129.0,35.0,234.20504699999998,168.92874999999998,127.995492,-0.2050469999999791,1.0712500000000205,0.004508000000001289,1.0907067235389334,120.10828447696687
1790.0,258.0,170.0,136.0,323.0,131.0,52.0,258.07351,170.22244999999998,134.72878,-0.07350999999999885,-0.22244999999998072,1.2712199999999996,1.292628334441107,113.14592347937243
1791.0,348.0,88.0,140.0,426.0,32.0,94.0,348.13728299999997,88.053961,139.627723,-0.13728299999996807,-0.053961000000001036,0.37227699999999686,0.40043548336653306,106.47065323364932
1792.0,259.0,205.0,151.0,319.0,174.0,70.0,260.040594,205.247772,150.17826100000002,-1.0405939999999987,-0.24777199999999766,0.8217389999999796,1.3488816927147327,105.46089322587781
1793.0,233.0,146.0,155.0,286.0,102.0,66.0,232.697679,146.50816100000003,154.940237,0.3023210000000063,-0.5081610000000296,0.059763000000003785,0.5943039669487613,112.5433249908674
1794.0,208.0,216.0,156.0,257.0,187.0,57.0,208.596804,216.398773,156.316718,-0.5968039999999917,-0.3987730000000056,-0.3167180000000087,0.7845414020107544,114.20595431062253
1795.0,193.0,78.0,157.0,240.0,18.0,54.0,193.06155699999997,78.10881900000001,156.746201,-0.061556999999965,-0.1088190000000111,0.25379899999998656,0.28292184682521654,128.1327436684316
1796.0,321.0,180.0,157.0,387.0,144.0,102.0,320.934526,179.910528,157.07902700000002,0.0654739999999947,0.08947200000000066,-0.07902700000002483,0.1361519378819242,93.15041599477696
1797.0,529.0,101.0,158.0,628.0,50.0,186.0,529.210961,100.560035,158.800481,-0.2109609999999975,0.4399650000000008,-0.8004809999999907,0.9374665733278092,114.8303095876694
1798.0,217.0,215.0,160.0,265.0,186.0,65.0,216.885708,215.438689,160.44471900000002,0.11429200000000606,-0.43868900000001076,-0.4447190000000205,0.6350477847737358,110.3177229641729
1799.0,193.0,217.0,164.0,237.0,186.0,60.0,193.825972,215.65546799999998,163.836197,-0.8259720000000073,1.3445320000000152,0.16380300000000148,1.586451217849781,117.10251918724892
1800.0,267.0,138.0,167.0,321.0,92.0,93.0,266.82905999999997,137.796861,166.72810099999998,0.17094000000003007,0.20313899999999308,0.271899000000019,0.38001974043728015,102.50853622991599
1801.0,225.0,196.0,167.0,270.0,163.0,76.0,223.422743,196.439959,167.46802,1.577257000000003,-0.43995899999998755,-0.46801999999999566,1.7030403066662851,106.74736530706507
1802.0,528.0,93.0,168.0,623.0,41.0,196.0,527.8446819999999,93.09611000000001,167.782918,0.15531800000007934,-0.09611000000001013,0.21708200000000488,0.2836995029040917,111.86152153444007
1803.0,538.0,149.0,168.0,634.0,110.0,199.0,537.803687,149.513622,167.932111,0.19631300000003193,-0.513621999999998,0.06788900000000808,0.554035440359199,108.15729286552988
1804.0,280.0,158.0,170.0,334.0,117.0,101.0,279.241035,158.104372,169.811604,0.7589649999999892,-0.10437200000001212,0.18839600000001155,0.7889324675946545,96.73675619949223
1805.0,519.0,94.0,172.0,611.0,42.0,198.0,519.04883,93.95821600000001,172.465721,-0.048829999999952634,0.041783999999992716,-0.46572100000000205,0.47013436525848296,108.83014288330233
1806.0,527.0,108.0,172.0,620.0,59.0,201.0,526.9785489999999,107.795794,172.62474199999997,0.021451000000070053,0.20420599999999922,-0.6247419999999693,0.6576190404793373,109.04586191139946
1807.0,539.0,155.0,172.0,633.0,116.0,204.0,538.382136,154.3734,172.13645899999997,0.6178640000000541,0.6265999999999963,-0.13645899999997368,0.8905080242070001,106.68176976409794
1808.0,266.0,190.0,172.0,318.0,156.0,98.0,266.383183,190.17330500000003,172.021047,-0.38318299999997407,-0.17330500000002758,-0.02104700000001003,0.4210781527495699,96.6229786334493
1809.0,228.0,83.0,174.0,274.0,25.0,88.0,228.39217899999997,83.242887,174.400534,-0.3921789999999703,-0.24288699999999608,-0.4005339999999933,0.6109222110596155,113.47246362003426
1810.0,500.0,86.0,174.0,588.0,33.0,192.0,499.532257,86.787525,173.69233400000002,0.4677429999999845,-0.7875250000000023,0.30766599999998334,0.9662491952027586,104.29285689825551
1811.0,236.0,128.0,174.0,282.0,80.0,90.0,235.631811,128.222373,174.414995,0.368189000000001,-0.2223730000000046,-0.41499500000000467,0.5976903386160819,107.12609392673663
1812.0,521.0,92.0,175.0,613.0,40.0,202.0,521.625364,92.26077000000001,175.034803,-0.6253639999999905,-0.26077000000000794,-0.0348030000000108,0.6784485051976996,109.07336980216573
1813.0,536.0,124.0,175.0,629.0,79.0,207.0,535.7161199999999,124.05444700000001,175.14454999999998,0.2838800000000674,-0.05444700000001035,-0.14454999999998108,0.32318266152291325,108.15729286552988
1814.0,534.0,159.0,177.0,626.0,121.0,207.0,533.768511,158.471746,176.336132,0.2314890000000105,0.528254000000004,0.6638680000000079,0.8794089873665265,103.96153134693621
1815.0,187.0,268.0,177.0,223.0,249.0,72.0,186.643818,267.19013,177.418046,0.3561819999999898,0.8098699999999894,-0.4180460000000039,0.9785282275642225,112.61438629233834
1816.0,523.0,111.0,178.0,614.0,62.0,205.0,523.383907,110.238392,177.32202700000002,-0.383907000000022,0.7616079999999954,0.6779729999999802,1.0895314217781802,106.82228231974825
1817.0,532.0,129.0,179.0,622.0,86.0,210.0,531.120767,129.790913,179.363837,0.8792329999999993,-0.7909129999999891,-0.36383699999998953,1.2373242923449672,104.45094542415593
1818.0,546.0,164.0,179.0,639.0,128.0,215.0,546.016038,164.036177,179.243109,-0.016037999999980457,-0.03617700000000923,-0.24310900000000402,0.24630870600529328,106.02358228243375
1819.0,540.0,170.0,181.0,632.0,136.0,214.0,540.389229,170.63984299999998,180.36371499999998,-0.38922900000000027,-0.6398429999999848,0.6362850000000151,0.9827293016466946,103.4842983258813
1820.0,549.0,177.0,181.0,642.0,144.0,218.0,549.2739789999999,177.088253,180.951699,-0.27397899999994024,-0.0882530000000088,0.04830100000000925,0.29186652951472475,105.3897528225586
1821.0,541.0,168.0,183.0,632.0,133.0,217.0,541.142265,168.14655800000003,182.66565999999997,-0.14226499999995212,-0.14655800000002728,0.33434000000002584,0.39179307445258865,103.25696102442683
1822.0,536.0,247.0,183.0,624.0,230.0,214.0,535.0311569999999,247.67622699999998,183.36474099999998,0.9688430000001063,-0.676226999999983,-0.3647409999999809,1.2365175741812848,94.83670175622937
1823.0,449.0,303.0,183.0,524.0,296.0,179.0,448.81825299999997,302.714712,182.802333,0.18174700000002986,0.28528799999998,0.1976669999999956,0.3917824113484393,75.43208866258443
1824.0,424.0,266.0,189.0,494.0,251.0,176.0,424.313479,266.06090700000004,187.826532,-0.31347899999997253,-0.0609070000000429,1.173468000000014,1.216143862013874,72.75987905432498
1825.0,413.0,270.0,190.0,480.0,257.0,175.0,413.22864899999996,271.065604,190.746796,-0.2286489999999617,-1.0656040000000075,-0.7467959999999891,1.321172401934351,69.87846592477543
1826.0,164.0,89.0,192.0,192.0,32.0,84.0,163.69276499999998,89.483073,192.672167,0.3072350000000199,-0.4830730000000045,-0.6721670000000017,0.8829277119011607,125.28766898621747
1827.0,505.0,110.0,194.0,586.0,62.0,217.0,504.74668700000007,110.250576,193.924579,0.2533129999999346,-0.25057599999999525,0.07542100000000573,0.3642034252803856,96.92264957170744
1828.0,519.0,176.0,197.0,601.0,143.0,225.0,519.224492,176.414261,197.037482,-0.22449200000005476,-0.4142610000000104,-0.03748200000001134,0.472666620895779,92.72000862812729
1829.0,204.0,180.0,200.0,231.0,144.0,104.0,200.22613,180.75896600000002,199.17704700000002,3.773869999999988,-0.7589660000000151,0.8229529999999841,3.9364166200066917,106.02358228243375
1830.0,148.0,141.0,202.0,170.0,95.0,88.0,148.212571,141.15875900000003,202.116208,-0.21257099999999696,-0.15875900000003185,-0.11620800000000031,0.2896465939485719,124.88394612599332
1831.0,180.0,173.0,202.0,206.0,134.0,99.0,179.406355,172.76836600000001,201.690767,0.5936450000000093,0.23163399999998546,0.3092330000000061,0.7083034266965028,113.16359838746733
1832.0,265.0,94.0,203.0,306.0,40.0,135.0,265.623599,94.784166,202.75570100000002,-0.6235990000000129,-0.784165999999999,0.24429899999998383,1.031248772003151,96.0260381354974
1833.0,189.0,119.0,204.0,217.0,68.0,106.0,189.17259199999998,118.564638,203.624503,-0.17259199999998032,0.4353619999999978,0.37549699999999575,0.600271660597923,113.96929411029973
1834.0,188.0,138.0,205.0,215.0,93.0,108.0,188.36707399999997,139.028254,205.943714,-0.3670739999999739,-1.028254000000004,-0.9437139999999999,1.443137458382946,110.28599185753374
1835.0,197.0,185.0,205.0,224.0,148.0,110.0,196.38381299999998,184.002147,205.698279,0.6161870000000249,0.9978529999999921,-0.6982790000000136,1.3649141329838423,105.46563421323555
1836.0,258.0,88.0,206.0,296.0,32.0,135.0,257.779441,88.287616,205.276205,0.2205589999999802,-0.28761599999999987,0.7237949999999955,0.8094741737461331,98.08669634563088
1837.0,527.0,127.0,207.0,606.0,83.0,240.0,526.4640870000001,127.062171,206.806412,0.5359129999999368,-0.062171000000006416,0.19358800000000542,0.5731878318264748,96.26006440887103
1838.0,145.0,219.0,207.0,164.0,190.0,91.0,145.19829299999998,218.96691200000004,206.938615,-0.1982929999999783,0.03308799999996381,0.061385000000001355,0.2101976398963346,121.07022755409358
1839.0,568.0,285.0,207.0,653.0,277.0,253.0,568.142424,285.540485,206.596444,-0.14242400000000544,-0.5404849999999897,0.4035560000000089,0.6893954424979887,96.97937925146768
1840.0,160.0,330.0,207.0,181.0,326.0,95.0,160.69219999999999,330.21585100000004,206.962623,-0.6921999999999855,-0.2158510000000433,0.03737699999999222,0.7260368684371326,114.02192771568107
1841.0,144.0,218.0,208.0,163.0,189.0,92.0,144.672198,218.14141,207.96582600000002,-0.6721980000000087,-0.14141000000000759,0.03417399999997883,0.6877607153509224,121.07022755409358
1842.0,215.0,174.0,209.0,244.0,135.0,121.0,214.66881299999997,173.110122,208.92121,0.3311870000000283,0.8898780000000102,0.07878999999999792,0.9527725583543202,100.52860289489753
1843.0,570.0,150.0,210.0,655.0,111.0,261.0,570.261246,149.46905900000002,210.665666,-0.2612460000000283,0.5309409999999843,-0.6656659999999874,0.8906509089160475,106.52229813517918
1844.0,247.0,91.0,211.0,281.0,35.0,138.0,246.93068799999998,90.792586,211.53543200000001,0.06931200000002491,0.207414,-0.5354320000000143,0.5783702511056553,98.08669634563088
1845.0,188.0,176.0,211.0,213.0,139.0,113.0,188.533856,176.656025,210.800238,-0.5338559999999859,-0.6560249999999996,0.19976199999999267,0.8690660999055144,107.69401097554126
1846.0,295.0,80.0,212.0,335.0,24.0,158.0,293.99693,81.240204,212.935611,1.0030699999999797,-1.2402040000000056,-0.9356109999999944,1.849222358137864,87.47571091451616
1847.0,235.0,104.0,212.0,265.0,50.0,134.0,233.593424,103.216114,212.73238500000002,1.4065760000000012,0.7838859999999954,-0.732385000000022,1.768988720426738,99.498743710662
1848.0,212.0,188.0,212.0,238.0,152.0,124.0,210.94192700000002,187.031595,212.97867100000002,1.058072999999979,0.96840499999999,-0.9786710000000198,1.7364111389860912,98.56977224281286
1849.0,469.0,313.0,212.0,537.0,308.0,220.0,469.696344,311.97728800000004,211.403371,-0.6963440000000105,1.0227119999999559,0.5966290000000072,1.3736087379311959,68.65129277733959
1850.0,266.0,112.0,213.0,302.0,61.0,147.0,265.828803,111.862378,213.326696,0.17119700000000648,0.13762199999999325,-0.3266959999999983,0.3936730929451482,90.84602357836033
1851.0,179.0,162.0,213.0,202.0,122.0,112.0,179.57021899999998,162.805563,212.71525300000002,-0.5702189999999803,-0.8055630000000065,0.28474699999998165,1.027210936925312,111.04053313993049
1852.0,233.0,105.0,214.0,264.0,51.0,135.0,233.085601,104.028732,213.77921,-0.08560099999999693,0.9712679999999949,0.22078999999999382,0.9997186019700678,100.58826969383657
1853.0,227.0,110.0,214.0,256.0,58.0,133.0,226.412401,109.830966,214.372783,0.5875990000000115,0.16903399999999635,-0.3727829999999983,0.716109099960342,100.52860289489753
1854.0,579.0,129.0,214.0,662.0,86.0,269.0,577.5537790000001,128.857128,214.818195,1.4462209999999232,0.1428720000000112,-0.8181950000000029,1.6677561714020985,108.45736489515131
1855.0,179.0,164.0,218.0,199.0,124.0,118.0,178.818058,164.38825200000002,218.177287,0.18194199999999228,-0.3882520000000227,-0.17728700000000686,0.4639754166300379,109.54451150103323
1856.0,510.0,138.0,219.0,582.0,96.0,247.0,509.753323,137.759938,218.61126099999998,0.24667699999997694,0.24006199999999467,0.38873900000001527,0.519227615111136,87.93179174792243
1857.0,279.0,79.0,220.0,315.0,23.0,161.0,279.226098,80.49689900000001,220.45508999999998,-0.22609799999997904,-1.4968990000000133,-0.45508999999998423,1.5808016415429913,88.95504482602435
1858.0,136.0,99.0,220.0,149.0,43.0,105.0,135.840768,98.48049700000001,220.275134,0.15923200000000293,0.5195029999999861,-0.2751340000000084,0.6090459053215866,128.56904759700134
1859.0,406.0,165.0,220.0,461.0,128.0,208.0,405.869956,165.115976,220.064743,0.13004399999999805,-0.1159759999999892,-0.06474299999999289,0.18588579978308206,67.36467917239716
1860.0,225.0,127.0,224.0,250.0,79.0,143.0,224.543095,126.944434,223.90932600000002,0.4569050000000061,0.055565999999998894,0.0906739999999786,0.46911782491928566,97.41663102366043
1861.0,241.0,139.0,224.0,269.0,94.0,150.0,241.26620400000002,139.03982200000002,224.55826100000002,-0.2662040000000161,-0.03982200000001512,-0.5582610000000159,0.6197626202192478,91.02197536858887
1862.0,242.0,139.0,225.0,270.0,94.0,151.0,242.303459,139.022194,225.075487,-0.3034590000000037,-0.022194000000013148,-0.07548700000000963,0.3134935812516809,91.02197536858887
1863.0,173.0,121.0,226.0,189.0,70.0,124.0,172.114532,120.14273200000001,224.909401,0.885468000000003,0.8572679999999906,1.0905989999999974,1.6457120591552412,115.15641536623133
1864.0,245.0,130.0,227.0,272.0,84.0,155.0,244.806905,130.772268,227.56611299999997,0.19309499999999957,-0.7722679999999968,-0.566112999999973,0.9768149628348065,89.60468737739114
1865.0,573.0,140.0,227.0,652.0,100.0,281.0,573.032389,140.235478,226.87991700000003,-0.03238899999996647,-0.23547800000000052,0.12008299999996552,0.2663059569254691,103.7159582706538
1866.0,575.0,75.0,228.0,654.0,21.0,284.0,574.645303,75.48244700000001,227.916738,0.3546969999999874,-0.4824470000000076,0.08326199999999062,0.6045640001372864,110.87380213558116
1867.0,556.0,315.0,230.0,630.0,314.0,275.0,556.330251,315.709574,230.033595,-0.33025099999997565,-0.7095739999999751,-0.03359499999999116,0.7833834364485555,86.61408661412992
1868.0,217.0,113.0,232.0,240.0,61.0,148.0,217.90831699999998,112.19710900000001,230.21737000000002,-0.9083169999999825,0.8028909999999883,1.7826299999999833,2.15579299731442,101.43470806385751
1869.0,555.0,312.0,232.0,627.0,309.0,278.0,554.7336939999999,311.594948,233.095614,0.26630600000009963,0.40505200000001196,-1.0956140000000119,1.1980634563060877,85.492689745966
1870.0,138.0,172.0,234.0,146.0,132.0,121.0,138.484919,171.201056,234.36159700000002,-0.4849189999999908,0.7989440000000059,-0.3615970000000175,1.002102959832977,120.13742131409347
1871.0,208.0,199.0,235.0,226.0,167.0,149.0,208.257383,199.083736,235.672578,-0.25738300000000436,-0.0837359999999876,-0.6725779999999872,0.7249957878974078,93.50935782048768
1872.0,517.0,270.0,235.0,583.0,258.0,267.0,517.2134219999999,270.201365,235.48253899999997,-0.21342199999992317,-0.2013650000000098,-0.4825389999999743,0.564748350887319,74.32361670424818
1873.0,559.0,183.0,236.0,632.0,152.0,285.0,559.005913,182.890318,235.696289,-0.005912999999964086,0.10968199999999229,0.30371099999999274,0.3229635834176873,93.22553298319082
1874.0,161.0,193.0,236.0,171.0,159.0,131.0,160.76074599999998,193.055501,235.90020600000003,0.23925400000001673,-0.05550099999999247,0.0997939999999744,0.26510692173725314,110.81967334368028
1875.0,248.0,141.0,237.0,273.0,96.0,167.0,248.81541999999996,140.45097500000003,236.749365,-0.8154199999999605,0.5490249999999719,0.2506349999999884,1.014473326534463,86.89073598491383
1876.0,536.0,241.0,237.0,604.0,222.0,277.0,535.805253,240.47740199999998,237.44289099999997,0.19474700000000666,0.5225980000000163,-0.4428909999999746,0.7121709777111092,81.14801291467339
1877.0,572.0,276.0,239.0,645.0,266.0,292.0,571.970844,276.106204,238.875493,0.02915599999994356,-0.10620399999999108,0.12450699999999415,0.16622681793559474,90.76342875850384
1878.0,220.0,110.0,240.0,238.0,58.0,160.0,219.448471,109.606695,240.033205,0.551528999999988,0.393304999999998,-0.03320500000000948,0.6782150344035333,97.09788875150684
1879.0,407.0,243.0,240.0,454.0,224.0,230.0,407.030519,243.52011700000003,239.92217100000002,-0.030519000000026608,-0.5201170000000275,0.07782899999997994,0.5267926122213817,51.67204273105525
1880.0,598.0,142.0,243.0,674.0,102.0,309.0,597.431159,141.413572,242.941235,0.5688410000000204,0.5864280000000122,0.05876499999999396,0.8191039053075236,108.31435731240803
1881.0,534.0,215.0,244.0,600.0,192.0,284.0,534.243781,215.843729,243.62811900000003,-0.24378100000001268,-0.8437289999999962,0.3718809999999735,0.9537312407397485,80.52949770115296
1882.0,239.0,282.0,244.0,260.0,267.0,168.0,240.53543299999998,280.570909,242.582132,-1.5354329999999834,1.429091000000028,1.4178679999999986,2.531838314188729,80.26207074328447
1883.0,248.0,92.0,245.0,269.0,36.0,177.0,247.760312,91.20939700000001,244.971749,0.239688000000001,0.7906029999999902,0.028251000000011572,0.8266205658910173,90.55937278934744
1884.0,594.0,273.0,245.0,668.0,262.0,308.0,593.970129,272.508765,245.29260899999997,0.02987099999995735,0.4912350000000174,-0.29260899999997037,0.5725592796794033,97.80593029055038
1885.0,145.0,144.0,246.0,149.0,99.0,136.0,144.416972,143.97477200000003,244.915108,0.583028000000013,0.025227999999970052,1.0848919999999964,1.2318882873182966,118.91593669479293
1886.0,182.0,87.0,248.0,192.0,30.0,156.0,182.405149,86.97843300000001,248.60533700000002,-0.40514899999999443,0.021566999999990344,-0.60533700000002,0.7287274739290535,108.6876257906115
1887.0,216.0,298.0,248.0,229.0,287.0,165.0,215.84739199999999,297.16159700000003,248.503682,0.15260800000001495,0.8384029999999711,-0.5036819999999977,0.9899011815312445,84.72897969408106
1888.0,196.0,191.0,249.0,206.0,157.0,160.0,195.485511,190.872611,249.32076999999998,0.5144889999999975,0.12738899999999376,-0.3207699999999818,0.6195323085537866,95.79665964948882
1889.0,581.0,144.0,250.0,653.0,105.0,310.0,581.399468,143.97617,249.20559399999996,-0.3994679999999562,0.023830000000003793,0.7944060000000377,0.8895074169224364,101.51354589413178
1890.0,190.0,208.0,250.0,200.0,178.0,158.0,190.494429,208.130499,249.53184900000002,-0.4944289999999967,-0.13049899999998615,0.46815099999997756,0.6932931442347977,97.28309205612247
1891.0,498.0,86.0,251.0,556.0,34.0,281.0,497.827141,86.71444600000001,251.18267099999997,0.17285900000001675,-0.7144460000000095,-0.18267099999997072,0.7574179922856392,83.47454701883683
1892.0,566.0,166.0,252.0,634.0,133.0,306.0,565.849651,167.064257,251.30972599999998,0.15034900000000562,-1.0642569999999978,0.6902740000000165,1.2773903001534104,92.89241088485109
1893.0,193.0,169.0,252.0,200.0,128.0,162.0,191.078221,167.12935900000002,252.149987,1.9217789999999866,1.8706409999999778,-0.14998700000001008,2.6860804857432825,99.1463564635635
1894.0,594.0,205.0,252.0,667.0,180.0,318.0,595.0453500000001,205.231088,252.51955099999998,-1.0453500000000986,-0.23108799999999974,-0.5195509999999786,1.1899964402657612,101.5381701627521
1895.0,150.0,184.0,253.0,153.0,148.0,147.0,150.834692,183.953955,252.904409,-0.8346919999999898,0.04604499999999234,0.09559100000001308,0.8414086499258162,111.9866063420086
1896.0,208.0,99.0,254.0,218.0,44.0,172.0,206.90020299999998,98.10729500000001,254.419291,1.0997970000000237,0.8927049999999923,-0.419290999999987,1.477254413063311,99.24212815130478
1897.0,237.0,115.0,254.0,253.0,64.0,183.0,237.14329599999996,114.16035500000001,254.067413,-0.1432959999999639,0.8396449999999902,-0.06741299999998773,0.8544483496443607,88.87069258197553
1898.0,224.0,161.0,254.0,241.0,121.0,179.0,227.298172,160.96203100000002,254.63667600000002,-3.298171999999994,0.037968999999975495,-0.6366760000000227,3.359276189229011,86.68333173107735
1899.0,139.0,139.0,257.0,137.0,92.0,148.0,138.149512,138.16404799999998,257.290675,0.8504880000000128,0.8359520000000202,-0.29067500000002156,1.2274516446985064,118.71815362445628
1900.0,163.0,152.0,258.0,166.0,110.0,160.0,163.97183900000002,152.60051099999998,259.255681,-0.971839000000017,-0.6005109999999831,-1.2556809999999814,1.6975921997944519,106.66302077102448
1901.0,159.0,168.0,258.0,160.0,128.0,156.0,158.433053,167.42528900000002,257.883095,0.566946999999999,0.5747109999999793,0.11690499999997428,0.8157134382581722,109.5673308974897
1902.0,154.0,268.0,258.0,154.0,251.0,152.0,153.853547,268.251367,257.54024400000003,0.14645300000000816,-0.2513670000000161,0.4597559999999703,0.5440674861025819,107.35455276791944
1903.0,155.0,147.0,260.0,157.0,105.0,158.0,156.4119,148.579618,259.991466,-1.4119000000000028,-1.5796180000000106,0.008533999999997377,2.118661715583694,110.32678731840241
1904.0,158.0,150.0,260.0,158.0,106.0,159.0,157.458291,149.38105000000002,260.518499,0.5417089999999973,0.6189499999999839,-0.5184990000000198,0.9723111416527107,110.16805344563369
1905.0,442.0,124.0,261.0,489.0,79.0,269.0,443.05031599999995,124.091297,259.711554,-1.0503159999999525,-0.0912969999999973,1.2884460000000217,1.664809880130748,65.55913361233506
1906.0,583.0,154.0,261.0,650.0,118.0,324.0,582.828987,154.472239,260.992481,0.1710130000000163,-0.47223900000000185,0.007519000000002052,0.5023063354677177,98.76234100101111
1907.0,139.0,158.0,262.0,136.0,116.0,153.0,138.892409,157.766906,261.671549,0.10759100000001354,0.23309399999999414,0.32845099999997274,0.41687971348817426,116.8503316212667
1908.0,590.0,109.0,263.0,658.0,62.0,331.0,590.355263,108.47589,263.803975,-0.3552630000000363,0.5241099999999932,-0.8039749999999799,1.0233664504438214,107.03737664946763
1909.0,599.0,139.0,263.0,668.0,99.0,332.0,598.724513,138.713145,262.344996,0.27548699999999826,0.28685500000000275,0.6550040000000195,0.7662957119872368,105.46089322587781
1910.0,212.0,150.0,263.0,221.0,107.0,183.0,212.66871999999998,149.55891100000002,262.805786,-0.6687199999999791,0.44108899999997675,0.19421399999998812,0.8242966833106554,91.26883367283708
1911.0,580.0,127.0,264.0,647.0,85.0,326.0,580.7164740000001,127.435968,263.002782,-0.716474000000062,-0.4359680000000026,0.9972179999999753,1.3030145161217668,100.48382954485761
1912.0,158.0,141.0,264.0,160.0,97.0,163.0,159.97087299999998,141.950184,263.018932,-1.9708729999999832,-0.9501840000000072,0.9810679999999934,2.39784996123797,110.18620603324175
1913.0,453.0,144.0,264.0,499.0,104.0,277.0,453.13097,144.41558700000002,263.574745,-0.1309699999999907,-0.41558700000001636,0.42525499999999283,0.6088575453207467,62.32976816898969
1914.0,240.0,174.0,264.0,253.0,138.0,194.0,240.680988,174.63841000000002,263.341473,-0.6809880000000135,-0.6384100000000217,0.6585269999999923,1.1423527449842434,79.78095010715278
1915.0,513.0,236.0,264.0,568.0,217.0,300.0,513.767125,236.306645,264.623918,-0.7671249999999645,-0.30664500000000317,-0.6239180000000033,1.0352707821502312,68.42514157822401
1916.0,516.0,243.0,265.0,570.0,225.0,301.0,515.654575,242.83590400000003,264.959704,0.34542499999997744,0.16409599999997226,0.0402960000000121,0.38453828867484224,67.34983296193094
1917.0,164.0,166.0,267.0,163.0,126.0,168.0,163.867878,165.62597,266.409257,0.13212200000000962,0.37403000000000475,0.5907429999999749,0.7115700638960133,106.78014796768171
1918.0,602.0,141.0,268.0,670.0,102.0,339.0,602.127171,141.07489400000003,267.294479,-0.12717099999997572,-0.07489400000002888,0.7055209999999761,0.7207922418547278,105.76388797694608
1919.0,206.0,173.0,268.0,211.0,135.0,187.0,206.19404999999998,172.500381,268.78783,-0.19404999999997585,0.4996189999999956,-0.7878299999999854,0.9528644481566951,89.61026726887941
1920.0,201.0,197.0,268.0,205.0,165.0,184.0,201.025044,197.141844,268.31005,-0.025044000000008282,-0.14184399999999187,-0.3100499999999897,0.3418741358628812,89.97777503361594
1921.0,236.0,227.0,269.0,245.0,202.0,197.0,235.82927999999998,227.066889,268.379655,0.17072000000001708,-0.0668890000000033,0.6203449999999862,0.6468750851176671,76.74633541739958
1922.0,457.0,74.0,270.0,501.0,19.0,288.0,456.77025199999997,74.651916,270.7697,0.22974800000002915,-0.6519159999999999,-0.7697000000000003,1.0345127860785548,72.69800547470336
1923.0,178.0,82.0,271.0,180.0,24.0,181.0,179.52874899999998,81.830314,271.093297,-1.5287489999999764,0.16968599999999867,-0.09329700000000685,1.5409643648721825,107.08874824182044
1924.0,136.0,156.0,271.0,128.0,113.0,163.0,135.249625,155.23412000000002,271.492516,0.7503749999999911,0.7658799999999815,-0.49251600000002327,1.1799181434663089,116.52038448271615
1925.0,172.0,97.0,273.0,172.0,44.0,179.0,172.974317,98.280328,271.814361,-0.9743170000000134,-1.2803279999999972,1.1856389999999806,1.998567797797706,107.91200118615167
1926.0,149.0,167.0,273.0,144.0,128.0,169.0,149.38126499999998,167.35832200000002,272.144017,-0.38126499999998487,-0.35832200000001535,0.8559829999999806,1.003227069111458,111.18453129819814
1927.0,461.0,247.0,273.0,504.0,230.0,290.0,461.549565,247.432727,273.61353299999996,-0.5495649999999728,-0.43272699999999986,-0.6135329999999612,0.9304284431609571,49.26459174701441
1928.0,143.0,131.0,274.0,136.0,83.0,171.0,143.273585,130.521296,275.336114,-0.2735849999999971,0.47870399999999336,-1.3361140000000091,1.4454089016043234,113.85077953180645
1929.0,138.0,297.0,274.0,129.0,285.0,164.0,137.858272,296.094812,273.696546,0.14172800000000052,0.9051880000000097,0.3034539999999879,0.9651613706753965,111.01801655587259
1930.0,156.0,134.0,275.0,151.0,87.0,176.0,156.267474,133.653466,275.362512,-0.2674739999999929,0.34653399999999124,-0.36251199999998107,0.5683688098198003,109.70414759707128
1931.0,556.0,192.0,275.0,613.0,163.0,328.0,555.52774,191.48874,274.158436,0.4722600000000057,0.5112599999999929,0.8415640000000053,1.0920834497857785,83.06021911842033
1932.0,276.0,100.0,276.0,290.0,48.0,224.0,276.41614699999997,100.355019,276.156351,-0.41614699999996674,-0.35501899999999864,-0.15635099999997237,0.5689133951410906,74.85986908885161
1933.0,129.0,277.0,277.0,118.0,261.0,166.0,129.61112699999998,276.474825,277.874278,-0.611126999999982,0.5251749999999902,-0.8742780000000039,1.1889688860680814,112.68540278137182
1934.0,388.0,303.0,277.0,417.0,297.0,265.0,388.04966799999994,303.097213,277.453504,-0.04966799999994009,-0.09721300000001065,-0.45350400000000946,0.46645809630555746,31.953090617340916
1935.0,473.0,97.0,278.0,517.0,47.0,302.0,473.10184399999997,97.327618,277.765668,-0.1018439999999714,-0.3276180000000011,0.23433199999999488,0.41547231012907765,70.79548008171143
1936.0,132.0,286.0,278.0,121.0,272.0,166.0,132.04294399999998,285.467706,277.202467,-0.04294399999997722,0.532293999999979,0.7975329999999872,0.9598124690068134,113.4063490286148
1937.0,371.0,316.0,278.0,396.0,314.0,259.0,370.324845,317.210896,278.415307,0.6751550000000179,-1.210895999999991,-0.4153069999999843,1.4472675292046007,31.464265445104548
1938.0,473.0,95.0,279.0,516.0,43.0,305.0,473.068637,94.02086600000001,280.317702,-0.06863700000002382,0.9791339999999877,-1.317701999999997,1.6430925075993048,72.3118247591637
1939.0,152.0,181.0,279.0,145.0,145.0,177.0,152.394868,181.18046900000002,278.267816,-0.39486800000000244,-0.18046900000001642,0.7321840000000179,0.8512245339750459,108.39280418920806
1940.0,144.0,205.0,279.0,135.0,173.0,175.0,144.35931,204.19414900000004,279.587128,-0.3593099999999936,0.8058509999999615,-0.587128000000007,1.059820172805246,109.1833320612629
1941.0,522.0,324.0,279.0,571.0,324.0,318.0,521.758662,323.71265600000004,278.881775,0.24133800000004157,0.28734399999996185,0.11822499999999536,0.39343075020262086,62.625873247404705
1942.0,161.0,69.0,281.0,155.0,8.0,185.0,160.99549,68.81703900000001,280.542273,0.00451000000001045,0.1829609999999917,0.4577269999999771,0.4929595055884166,113.89907813498755
1943.0,154.0,129.0,281.0,146.0,82.0,181.0,153.63699899999997,129.525956,280.498567,0.36300100000002544,-0.5259560000000079,0.50143300000002,0.8123019718220846,110.78357278947091
1944.0,606.0,74.0,282.0,668.0,20.0,361.0,605.547061,73.65839,284.106781,0.45293900000001486,0.34161000000000286,-2.1067810000000122,2.1818288914995296,114.02192771568107
1945.0,155.0,129.0,282.0,146.0,81.0,183.0,154.148159,128.682826,282.043004,0.8518410000000074,0.3171739999999943,-0.04300399999999627,0.9099899887213093,110.39021695784459
1946.0,173.0,201.0,282.0,167.0,170.0,189.0,172.841398,201.389503,282.120743,0.1586020000000019,-0.3895029999999906,-0.12074300000000449,0.43754548730617066,98.21405194777374
1947.0,352.0,319.0,282.0,374.0,316.0,255.0,352.206171,319.020202,281.044145,-0.20617099999998345,-0.0202019999999834,0.9558549999999855,0.9780456957984963,34.95711658589707
1948.0,127.0,303.0,283.0,112.0,293.0,171.0,126.54157699999999,302.65812800000003,283.633088,0.45842300000001046,0.34187199999996665,-0.6330879999999866,0.853128669695826,113.44161493913951
1949.0,181.0,81.0,285.0,176.0,22.0,197.0,180.564417,80.022006,284.547219,0.43558300000000827,0.9779939999999954,0.45278100000001587,1.1624179316777647,106.06601717798213
1950.0,184.0,190.0,285.0,179.0,157.0,197.0,184.12909799999997,190.578327,285.091476,-0.12909799999997063,-0.5783270000000016,-0.09147600000000011,0.5995800789794423,94.11694852681954
1951.0,108.0,187.0,286.0,91.0,153.0,169.0,108.42299399999999,188.13125100000002,286.16368,-0.42299399999998855,-1.1312510000000202,-0.16367999999999938,1.2187878779496601,123.02032352420473
1952.0,131.0,132.0,288.0,117.0,84.0,180.0,130.85902000000002,131.33830799999998,287.278043,0.14097999999998478,0.6616920000000164,0.7219569999999749,0.9894107201324337,119.01260437449471
1953.0,171.0,143.0,288.0,164.0,98.0,195.0,171.413173,142.36175200000002,286.857059,-0.41317300000000046,0.638247999999976,1.1429410000000075,1.3727296044429096,103.5519193448388
1954.0,613.0,293.0,288.0,673.0,288.0,364.0,612.661488,293.1024,287.766943,0.338512000000037,-0.10239999999998872,0.23305699999997387,0.42354657287364583,96.95875411740809
1955.0,130.0,180.0,289.0,111.0,141.0,180.0,126.71713,178.058286,289.39641800000004,3.2828700000000026,1.9417139999999904,-0.3964180000000397,3.83466242652727,117.31581308587518
1956.0,479.0,241.0,290.0,517.0,223.0,316.0,478.351852,241.313688,290.371408,0.648147999999992,-0.3136880000000133,-0.371407999999974,0.8102097837671295,49.4368283772331
1957.0,161.0,124.0,291.0,148.0,75.0,197.0,159.289629,123.58879000000002,292.344078,1.7103710000000092,0.41120999999998276,-1.3440780000000245,2.2138221003109266,106.7988763985839
1958.0,137.0,134.0,291.0,123.0,87.0,188.0,137.63025399999998,133.66565,291.965064,-0.6302539999999794,0.3343500000000006,-0.9650639999999839,1.2001493869981117,114.07892005098927
1959.0,162.0,148.0,292.0,151.0,103.0,196.0,161.61660999999998,146.51772599999998,291.061864,0.3833900000000199,1.482274000000018,0.9381359999999859,1.7956122236362846,106.5926826756884
1960.0,158.0,180.0,293.0,147.0,144.0,197.0,159.14290599999998,180.109523,293.280657,-1.1429059999999822,-0.10952299999999582,-0.28065700000001925,1.1819465994764606,103.11643903859365
1961.0,167.0,281.0,295.0,154.0,268.0,200.0,166.495963,281.597707,295.008819,0.504037000000011,-0.597707000000014,-0.008819000000016786,0.7819109476014695,96.76259607927021
1962.0,248.0,151.0,296.0,252.0,107.0,232.0,249.50628899999998,148.795813,292.827988,-1.5062889999999811,2.2041869999999903,3.172011999999995,4.1459627362813904,77.76888838089432
1963.0,618.0,242.0,296.0,677.0,226.0,377.0,618.585408,242.14185300000003,296.221911,-0.5854080000000295,-0.14185300000002599,-0.22191099999997732,0.6419262356330607,101.47906187977893
1964.0,104.0,195.0,299.0,81.0,161.0,182.0,104.10693599999999,194.58320600000002,298.943682,-0.10693599999999037,0.4167939999999817,0.05631799999997611,0.43396343585143204,123.99193522161028
1965.0,139.0,130.0,301.0,121.0,83.0,198.0,138.64097599999997,130.280246,300.216848,0.35902400000003354,-0.2802460000000053,0.7831519999999728,0.9059597718419866,114.63856244737195
1966.0,229.0,170.0,301.0,223.0,137.0,233.0,227.504414,173.51777500000003,301.436304,1.495586000000003,-3.5177750000000287,-0.4363040000000069,3.847321095832426,75.82216034906945
1967.0,471.0,213.0,302.0,504.0,189.0,327.0,470.800465,213.40597200000002,301.96496,0.19953500000002578,-0.40597200000001976,0.035039999999980864,0.4537127754527362,47.853944456021594
1968.0,597.0,159.0,303.0,650.0,125.0,379.0,597.2010789999999,159.543734,303.80284,-0.20107899999993606,-0.5437340000000006,-0.8028400000000033,0.9902683942229906,98.69650449737316
1969.0,596.0,152.0,304.0,649.0,115.0,379.0,596.3326119999999,151.358727,303.96466599999997,-0.3326119999999264,0.6412730000000124,0.03533400000003439,0.7232636411634207,99.0101004948485
1970.0,388.0,155.0,304.0,407.0,116.0,298.0,387.20986600000003,154.506128,303.922423,0.7901339999999664,0.4938720000000103,0.07757700000001932,0.9350077439620273,43.79497688091638
1971.0,600.0,156.0,304.0,654.0,120.0,380.0,600.523975,155.414027,303.491343,-0.5239749999999503,0.5859729999999956,0.5086570000000279,0.9362938112595699,99.93998198919189
1972.0,182.0,165.0,304.0,169.0,125.0,218.0,181.528784,164.171602,303.69617400000004,0.4712159999999983,0.8283979999999929,0.3038259999999582,1.0002989569803424,95.73400649716902
1973.0,148.0,129.0,305.0,129.0,81.0,207.0,147.180892,128.489067,305.112164,0.819108,0.5109329999999943,-0.11216400000000704,0.971890533470203,110.76551810017412
1974.0,103.0,287.0,305.0,77.0,273.0,186.0,103.062332,286.29215800000003,304.190138,-0.062331999999997834,0.707841999999971,0.8098620000000096,1.077405232135047,122.60913505934214
1975.0,608.0,98.0,307.0,661.0,48.0,389.0,607.6472640000001,96.294241,307.960065,0.3527359999999362,1.7057590000000005,-0.960064999999986,1.9889095645609254,109.69503179269333
1976.0,464.0,226.0,307.0,494.0,204.0,331.0,464.207027,225.699662,307.81951300000003,-0.2070269999999823,0.30033800000001065,-0.819513000000029,0.897031019609716,44.27188724235731
1977.0,151.0,86.0,308.0,133.0,30.0,212.0,151.124124,86.63446,307.458033,-0.1241239999999948,-0.6344600000000042,0.5419669999999996,0.8436080180184419,112.58774356030055
1978.0,156.0,121.0,308.0,138.0,73.0,213.0,155.66265499999997,121.81404,307.35737600000004,0.33734500000002754,-0.8140400000000056,0.6426239999999552,1.0906091765618746,107.9490620616965
1979.0,428.0,207.0,308.0,453.0,181.0,316.0,428.233292,207.27112,306.592858,-0.23329200000000583,-0.27111999999999625,1.4071420000000217,1.4518883634178152,36.945906403822335
1980.0,498.0,158.0,309.0,534.0,121.0,346.0,498.435239,157.31343700000002,308.266522,-0.43523900000002413,0.6865629999999783,0.733477999999991,1.0948934727058965,63.51377803280167
1981.0,600.0,108.0,310.0,650.0,62.0,388.0,598.966843,107.83463900000001,310.179097,1.0331569999999601,0.1653609999999901,-0.17909700000001294,1.061524084690931,103.440804327886
1982.0,470.0,148.0,310.0,500.0,108.0,338.0,469.813649,146.952099,310.758519,0.18635100000000193,1.047900999999996,-0.7585189999999784,1.3069714129861294,57.30619512757761
1983.0,103.0,69.0,311.0,76.0,8.0,198.0,102.98596099999999,69.10243100000001,311.176643,0.014039000000011015,-0.10243100000000993,-0.17664300000001276,0.20467523721986217,131.2211873136347
1984.0,600.0,131.0,311.0,651.0,90.0,389.0,600.259906,130.75069100000002,310.970919,-0.25990600000000086,0.24930899999998246,0.02908100000001923,0.36131954123461524,101.81355508968342
1985.0,461.0,279.0,311.0,489.0,269.0,333.0,461.43562799999995,278.942457,311.310692,-0.4356279999999515,0.05754300000000967,-0.3106920000000173,0.5381565479458273,36.98648401781386
1986.0,499.0,164.0,312.0,533.0,129.0,351.0,499.03195999999997,163.811335,312.49048400000004,-0.03195999999996957,0.1886649999999861,-0.49048400000003767,0.5264888204710806,62.465990746965666
1987.0,273.0,162.0,313.0,271.0,123.0,264.0,272.742234,161.409386,312.91478,0.2577660000000037,0.590613999999988,0.08521999999999252,0.6500235812276247,62.65780079128216
1988.0,437.0,262.0,313.0,460.0,248.0,326.0,436.886633,261.98863900000003,313.201875,0.11336699999998245,0.011360999999965316,-0.20187499999997272,0.2318073869292871,29.899832775452108
1989.0,151.0,306.0,313.0,129.0,298.0,214.0,150.98443999999998,306.140842,312.680137,0.015560000000022,-0.14084200000002056,0.319862999999998,0.3498441386289117,101.73003489628813
1990.0,481.0,86.0,314.0,512.0,34.0,347.0,480.804201,86.166228,313.908147,0.19579900000002226,-0.16622800000000382,0.09185300000001462,0.2727745772501768,68.9492567037528
1991.0,476.0,231.0,315.0,504.0,210.0,344.0,475.414837,230.401637,315.381981,0.5851630000000227,0.5983630000000062,-0.38198099999999613,0.9199801632095287,45.45327270945405
1992.0,545.0,321.0,315.0,584.0,322.0,369.0,545.110329,321.388042,315.11673499999995,-0.1103289999999788,-0.38804199999998445,-0.11673499999994874,0.41997159693242503,66.61831579978588
1993.0,184.0,87.0,316.0,166.0,32.0,236.0,183.03047899999999,87.799171,317.552007,0.9695210000000145,-0.7991710000000012,-1.5520070000000032,1.9968402501780256,98.73702446397704
1994.0,135.0,172.0,317.0,111.0,133.0,215.0,135.74922199999997,171.08458100000001,316.51723200000004,-0.7492219999999747,0.9154189999999858,0.48276799999996456,1.27765037966922,111.80787092150534
1995.0,435.0,248.0,320.0,454.0,231.0,333.0,433.88971499999997,248.013932,320.03438600000004,1.110285000000033,-0.013932000000011158,-0.03438600000004044,1.1109047118655482,28.61817604250837
1996.0,509.0,252.0,320.0,541.0,237.0,362.0,509.097132,252.09268600000001,320.018814,-0.09713199999998778,-0.0926860000000147,-0.018814000000020314,0.13557022761654242,54.89080068645383
1997.0,431.0,197.0,321.0,451.0,169.0,334.0,431.25211,197.23695600000002,320.983162,-0.25211000000001604,-0.2369560000000206,0.016838000000007014,0.3463973387311428,36.78314831549904
1998.0,622.0,269.0,321.0,672.0,259.0,406.0,622.545653,268.849783,320.38156,-0.5456530000000157,0.15021699999999782,0.618440000000021,0.8383140086495289,99.12113800799504
1999.0,367.0,75.0,323.0,377.0,20.0,315.0,367.442116,75.839563,323.988905,-0.4421159999999986,-0.8395629999999983,-0.9889049999999884,1.3704983354422482,56.471231613982
2000.0,617.0,77.0,323.0,666.0,26.0,410.0,616.794915,77.99422100000001,322.764393,0.2050850000000537,-0.9942210000000102,0.2356070000000159,1.0421352659396235,112.12047092302102
2001.0,519.0,301.0,323.0,551.0,299.0,369.0,519.25567,302.734231,323.467742,-0.25567000000000917,-1.7342310000000225,-0.467741999999987,1.8143061728454408,56.07138307550475
2002.0,179.0,95.0,325.0,159.0,42.0,242.0,179.242978,95.95671200000001,324.13208099999997,-0.2429779999999937,-0.9567120000000102,0.867919000000029,1.3143894209818743,100.48880534666536
2003.0,140.0,158.0,325.0,112.0,117.0,226.0,139.24178099999997,157.841643,324.648766,0.7582190000000253,0.1583569999999952,0.35123399999997673,0.8504929830198603,110.75197515168747
2004.0,620.0,102.0,326.0,667.0,55.0,413.0,618.61741,101.705263,325.120266,1.3825900000000502,0.2947369999999978,0.8797339999999849,1.6650396145512907,109.48515881159419
2005.0,612.0,155.0,327.0,658.0,120.0,412.0,611.957139,155.00653499999999,327.319663,0.04286100000001625,-0.0065349999999853026,-0.31966299999999137,0.32258984037783284,102.79105019407089
2006.0,460.0,195.0,327.0,482.0,167.0,352.0,460.00681899999995,195.208823,326.894968,-0.0068189999999503925,-0.20882299999999532,0.10503199999999424,0.23384880823728,43.508619835614184
2007.0,116.0,214.0,328.0,84.0,184.0,219.0,116.27386099999998,212.95951200000002,327.14306899999997,-0.27386099999998237,1.040487999999982,0.8569310000000314,1.3754802304017337,117.49468073066116
2008.0,131.0,232.0,329.0,101.0,207.0,226.0,131.515844,231.618566,328.39025200000003,-0.5158439999999871,0.38143400000001293,0.6097479999999678,0.8850873133177072,110.1544370418187
2009.0,147.0,116.0,331.0,119.0,66.0,237.0,147.077222,115.898047,330.877679,-0.07722200000000612,0.10195299999999463,0.12232099999999946,0.1769747963242216,110.09087155618307
2010.0,462.0,198.0,332.0,482.0,171.0,359.0,461.86439899999993,198.40081800000002,332.37405,0.13560100000006514,-0.4008180000000152,-0.3740500000000111,0.5647619877656765,43.104524124504614
2011.0,430.0,259.0,332.0,444.0,244.0,345.0,429.35918899999996,258.573222,332.086301,0.640811000000042,0.426778000000013,-0.08630099999999175,0.774742577638575,24.289915602982237
2012.0,549.0,309.0,332.0,583.0,307.0,391.0,549.919438,308.842965,332.32621,-0.9194380000000137,0.15703500000000759,-0.3262100000000032,0.9881493769511924,68.1248853210044
2013.0,497.0,213.0,335.0,521.0,189.0,375.0,496.498388,212.73321099999998,334.84858399999996,0.5016120000000228,0.26678900000001704,0.15141600000004019,0.5879776986596041,52.459508194416
2014.0,545.0,320.0,335.0,576.0,321.0,392.0,544.867741,320.33692099999996,335.05990199999997,0.13225899999997637,-0.33692099999996117,-0.05990199999996548,0.36687389240168544,64.89221833163049
2015.0,430.0,125.0,336.0,445.0,82.0,353.0,430.737448,125.783629,336.454647,-0.7374479999999721,-0.7836290000000048,-0.45464700000002267,1.1681643107688178,48.61069841094653
2016.0,495.0,208.0,336.0,518.0,183.0,376.0,494.37239900000003,207.823595,336.346552,0.6276009999999701,0.17640499999998838,-0.3465519999999742,0.7383088973660961,52.478567053607705
2017.0,147.0,308.0,340.0,114.0,300.0,244.0,147.150547,307.501807,339.911851,-0.15054699999998888,0.49819300000001476,0.08814899999998715,0.5278550091256207,101.82828683622247
2018.0,132.0,89.0,342.0,99.0,34.0,246.0,133.584062,89.69167200000001,342.755873,-1.5840619999999888,-0.6916720000000112,-0.7558730000000082,1.8865329489720004,115.45561917897284
2019.0,515.0,284.0,342.0,540.0,276.0,390.0,515.9604730000001,283.70463900000004,342.420599,-0.9604730000000927,0.29536099999995713,-0.4205989999999815,1.0893346698104935,54.70831746635972
2020.0,105.0,156.0,344.0,66.0,115.0,235.0,105.81791899999999,156.352486,343.578466,-0.8179189999999892,-0.35248599999999897,0.4215340000000083,0.9853571859549148,122.81286577553672
2021.0,526.0,254.0,345.0,551.0,240.0,397.0,526.0007899999999,254.07271100000003,344.648545,-0.000789999999938118,-0.07271100000002662,0.3514549999999872,0.35889849629943393,59.371710435189584
2022.0,460.0,209.0,347.0,475.0,185.0,374.0,460.454774,209.72628400000002,345.98744999999997,-0.45477399999998624,-0.726284000000021,1.012550000000033,1.326486088216565,39.11521443121589
2023.0,435.0,230.0,347.0,445.0,209.0,365.0,435.019496,229.659829,347.0256,-0.019496000000003733,0.340170999999998,-0.02559999999999718,0.34168957147826245,29.410882339705484
2024.0,428.0,230.0,352.0,435.0,208.0,368.0,428.01973399999997,228.860594,351.946119,-0.019733999999971275,1.1394060000000081,0.053880999999989854,1.1408499575987265,28.089143810376278
2025.0,499.0,172.0,353.0,517.0,139.0,397.0,498.656416,171.537813,352.494502,0.3435840000000212,0.4621870000000001,0.5054979999999887,0.766286510405216,57.87054518492115
2026.0,599.0,193.0,353.0,633.0,166.0,437.0,599.4534199999999,192.522245,353.696235,-0.4534199999999373,0.47775500000000193,-0.6962350000000015,0.9584272072776039,94.5568612000208
2027.0,157.0,79.0,356.0,121.0,21.0,271.0,157.065348,78.619971,356.33871999999997,-0.06534800000000018,0.3800289999999933,-0.3387199999999666,0.5132481274636784,109.01834707974616
2028.0,420.0,126.0,356.0,424.0,83.0,372.0,419.37014899999997,126.491477,356.687588,0.6298510000000306,-0.4914770000000033,-0.6875880000000052,1.0540584336145928,46.05431575867782
2029.0,473.0,249.0,357.0,486.0,234.0,389.0,473.35283499999997,249.618176,355.265967,-0.3528349999999705,-0.6181760000000054,1.7340330000000108,1.8744344611882335,37.656340767525464
2030.0,173.0,81.0,359.0,140.0,22.0,280.0,174.180849,79.224449,358.40460099999996,-1.180848999999995,1.775550999999993,0.5953990000000431,2.2139299184037,103.9759587597056
2031.0,198.0,291.0,360.0,165.0,281.0,287.0,197.795784,291.136919,359.887068,0.2042160000000024,-0.1369189999999776,0.1129320000000007,0.27056353013847784,80.73413156775763
2032.0,428.0,140.0,361.0,433.0,99.0,380.0,428.591472,139.44982,360.72241199999996,-0.5914720000000102,0.5501800000000117,0.277588000000037,0.8541617276183975,45.46427168667722
2033.0,491.0,152.0,361.0,505.0,115.0,404.0,490.93290399999995,151.863244,360.81774,0.06709600000004912,0.13675599999999122,0.1822599999999852,0.23753480661157597,58.42944463196617
2034.0,116.0,230.0,361.0,71.0,205.0,257.0,116.24895,229.775151,360.25829999999996,-0.24894999999999357,0.22484900000000607,0.7417000000000371,0.8140344374171492,116.04309544302927
2035.0,173.0,140.0,362.0,137.0,98.0,283.0,173.324308,141.453683,362.260987,-0.32430800000000204,-1.4536830000000123,-0.2609870000000001,1.5121124817691431,96.44169222903547
2036.0,145.0,100.0,363.0,104.0,47.0,274.0,144.872509,99.974507,363.3433,0.12749099999999203,0.025492999999997323,-0.3432999999999993,0.36709499878096585,111.40466776576285
2037.0,146.0,117.0,363.0,105.0,68.0,274.0,145.84147199999998,117.169174,363.289351,0.1585280000000182,-0.16917399999999816,-0.28935100000001057,0.3707761727255559,109.55820370926132
2038.0,444.0,150.0,363.0,450.0,111.0,390.0,444.513403,149.063109,364.193084,-0.5134029999999825,0.9368910000000028,-1.193083999999999,1.6014983038848292,47.81213235152768
2039.0,576.0,152.0,363.0,602.0,117.0,440.0,575.695883,152.525583,363.603834,0.3041170000000193,-0.5255830000000117,-0.6038340000000062,0.8563528122999489,88.48728722251576
2040.0,458.0,179.0,363.0,466.0,148.0,393.0,458.065591,179.242736,362.728973,-0.06559099999998352,-0.24273600000000783,0.2710270000000037,0.369700662301278,43.87482193696061
2041.0,393.0,222.0,363.0,390.0,199.0,368.0,392.967695,221.74073900000002,363.553176,0.03230500000000802,0.25926099999998087,-0.5531760000000077,0.6117708444523972,23.727621035409346
2042.0,166.0,82.0,364.0,129.0,21.0,284.0,166.664128,78.418772,364.362138,-0.6641280000000052,3.581227999999996,-0.36213800000001584,3.6602464287820826,107.19141756689292
2043.0,162.0,152.0,364.0,122.0,115.0,281.0,161.302719,155.485668,364.771902,0.6972810000000038,-3.485668000000004,-0.7719020000000114,3.6375699164124735,99.2874614440313
2044.0,481.0,253.0,364.0,492.0,239.0,402.0,481.443081,253.523463,363.858212,-0.4430810000000065,-0.5234629999999925,0.14178800000001957,0.7003128742740657,41.96427051671457
2045.0,490.0,259.0,364.0,502.0,246.0,405.0,490.058547,259.164848,363.659267,-0.058546999999975924,-0.16484800000000632,0.3407330000000002,0.38301643776997274,44.654227123532216
2046.0,158.0,131.0,365.0,120.0,85.0,280.0,159.21427699999998,130.93708900000001,364.220362,-1.2142769999999814,0.0629109999999855,0.7796379999999772,1.4443897803896002,103.85085459446157
2047.0,168.0,70.0,366.0,131.0,16.0,285.0,168.43281,74.300251,364.570433,-0.43280999999998926,-4.300251000000003,1.42956700000002,4.552268112335879,104.14413089560064
2048.0,100.0,135.0,366.0,52.0,90.0,258.0,100.69342499999999,135.677483,364.845641,-0.6934249999999906,-0.6774829999999952,1.1543589999999995,1.5074369462086894,126.46343345014795
2049.0,459.0,265.0,366.0,465.0,253.0,396.0,459.02820799999995,265.213524,366.34997,-0.028207999999949607,-0.2135240000000067,-0.3499699999999848,0.4109345333991649,32.863353450309965
2050.0,136.0,99.0,367.0,92.0,46.0,275.0,135.79823699999997,99.21052800000001,367.229367,0.20176300000002811,-0.2105280000000107,-0.22936700000002475,0.3709980695933972,114.9304137293519
2051.0,151.0,185.0,368.0,109.0,150.0,280.0,151.25994,184.237512,367.716673,-0.2599400000000003,0.7624879999999905,0.2833269999999857,0.8539501991761449,103.60019305001319
2052.0,600.0,191.0,368.0,628.0,164.0,455.0,600.232277,190.69546,368.964297,-0.23227699999995366,0.3045400000000029,-0.9642969999999877,1.037576946803444,95.29952780575567
2053.0,458.0,265.0,368.0,464.0,253.0,397.0,458.51124899999996,265.207082,367.386988,-0.5112489999999639,-0.20708200000001398,0.6130120000000261,0.8246467163998173,31.953090617340916
2054.0,448.0,272.0,369.0,453.0,262.0,396.0,449.785148,272.65218,369.556985,-1.7851479999999924,-0.6521799999999871,-0.5569849999999974,1.9804859061677145,29.223278392404914
2055.0,456.0,131.0,370.0,462.0,88.0,401.0,456.490187,130.025228,369.397113,-0.4901869999999917,0.9747720000000015,0.6028870000000097,1.246569886417126,53.34791467339656
2056.0,179.0,179.0,370.0,139.0,149.0,295.0,178.466234,183.070137,371.566816,0.5337660000000142,-4.070136999999988,-1.566816000000017,4.393840429439942,90.13878188659973
2057.0,406.0,239.0,370.0,402.0,220.0,380.0,405.60661100000004,238.729463,369.96583499999997,0.39338899999995647,0.27053699999999026,0.03416500000002998,0.4786568926851075,21.840329667841555
2058.0,492.0,125.0,371.0,501.0,82.0,416.0,490.64476399999995,124.71221600000001,370.859157,1.3552360000000476,0.2877839999999878,0.14084300000001804,1.3925950585152624,62.8887907341205
2059.0,145.0,149.0,371.0,101.0,106.0,282.0,145.161396,148.21954599999998,370.918577,-0.16139599999999632,0.7804540000000202,0.08142299999997249,0.8011159840254255,108.1942697188719
2060.0,453.0,133.0,372.0,458.0,91.0,402.0,453.669315,132.492745,371.24324,-0.6693149999999832,0.5072549999999865,0.7567599999999857,1.1304759625263785,51.85556864985669
2061.0,152.0,177.0,372.0,107.0,140.0,285.0,150.91510599999998,175.99792300000001,372.024005,1.0848940000000198,1.0020769999999857,-0.024004999999988286,1.4770678878067907,104.70434565957613
2062.0,153.0,185.0,373.0,109.0,152.0,287.0,153.099248,185.79138700000001,373.17614100000003,-0.09924799999998868,-0.7913870000000145,-0.17614100000002963,0.8168042612242122,102.08329931972223
2063.0,413.0,254.0,373.0,408.0,239.0,387.0,412.26387300000005,254.17380000000003,374.032646,0.7361269999999536,-0.17380000000002838,-1.0326459999999997,1.2800184223068591,21.118712081942874
2064.0,435.0,298.0,373.0,434.0,292.0,394.0,434.773899,297.354317,373.23497499999996,0.2261010000000283,0.6456830000000195,-0.23497499999996307,0.7233543041380349,21.863211109075447
2065.0,517.0,167.0,374.0,530.0,133.0,429.0,517.028727,166.165624,373.924916,-0.0287270000000035,0.8343759999999918,0.07508400000000393,0.8382399161105293,65.95452979136459
2066.0,531.0,205.0,374.0,547.0,181.0,433.0,531.718666,205.337283,373.085908,-0.7186659999999847,-0.33728300000001354,0.9140919999999824,1.2107042686424108,65.67343450741707
2067.0,516.0,165.0,375.0,528.0,132.0,431.0,515.985673,165.33368000000002,375.989145,0.014326999999980217,-0.3336800000000153,-0.9891450000000077,1.0440093085571722,66.09841147864296
2068.0,473.0,166.0,375.0,478.0,132.0,413.0,472.44765900000004,165.82996,374.995749,0.5523409999999558,0.1700400000000002,0.004251000000010663,0.5779379316863977,51.234753829797995
2069.0,513.0,157.0,377.0,525.0,122.0,431.0,513.562992,157.159859,376.67076299999997,-0.5629920000000084,-0.15985900000001152,0.32923700000003464,0.6714997350066759,65.45991139621256
2070.0,514.0,158.0,379.0,524.0,123.0,434.0,513.575465,157.948407,379.271832,0.42453499999999167,0.05159299999999689,-0.2718320000000176,0.5067390256315396,65.95452979136459
2071.0,188.0,249.0,379.0,147.0,231.0,307.0,188.55401799999999,250.04389299999997,379.61728600000004,-0.554017999999985,-1.0438929999999687,-0.6172860000000355,1.3333006208537375,84.78797084492588
2072.0,511.0,147.0,380.0,520.0,110.0,434.0,510.34826899999996,147.322999,380.183925,0.6517310000000407,-0.32299900000001003,-0.1839249999999879,0.7502733208551767,66.07571414672717
2073.0,613.0,279.0,380.0,637.0,273.0,471.0,612.384432,279.730103,380.128148,0.615568000000053,-0.7301029999999855,-0.12814800000001014,0.9635332184917377,94.30270409696638
2074.0,542.0,156.0,381.0,557.0,121.0,448.0,542.843796,155.95722800000001,381.55535799999996,-0.8437959999999975,0.042771999999985155,-0.5553579999999556,1.0110606518720553,77.06490770772389
2075.0,620.0,163.0,381.0,646.0,130.0,477.0,619.632835,162.481976,381.04941499999995,0.36716499999999996,0.5180239999999969,-0.04941499999995358,0.636867995762067,104.7902667235846
2076.0,442.0,285.0,381.0,440.0,278.0,409.0,443.210857,285.67339400000003,383.195131,-1.2108569999999759,-0.6733940000000302,-2.1951310000000035,2.5958109062190946,28.930952282978865
2077.0,429.0,305.0,382.0,424.0,301.0,402.0,429.16623699999997,304.68550700000003,382.139174,-0.16623699999996688,0.3144929999999704,-0.13917400000002544,0.38198166120113336,21.0
2078.0,522.0,162.0,384.0,532.0,129.0,443.0,522.1884689999999,162.709708,384.24560399999996,-0.18846899999994093,-0.7097080000000062,-0.24560399999995752,0.7742915045646347,68.33739825307956
2079.0,447.0,271.0,384.0,444.0,260.0,412.0,446.935281,270.871837,384.310387,0.06471900000002506,0.12816299999997227,-0.31038699999999153,0.3419859548270819,30.23243291566195
2080.0,147.0,242.0,385.0,96.0,220.0,298.0,146.47973299999998,241.427791,385.77000699999996,0.5202670000000182,0.5722089999999866,-0.7700069999999641,1.0913348116040964,103.21821544669332
2081.0,528.0,297.0,385.0,537.0,293.0,445.0,528.092604,296.983513,386.10871599999996,-0.0926040000000512,0.01648699999998371,-1.1087159999999585,1.1126987420865169,60.802960454241045
2082.0,446.0,163.0,387.0,443.0,129.0,417.0,446.262098,163.520395,387.17117599999995,-0.2620979999999804,-0.5203950000000077,-0.17117599999994582,0.6072952664108121,45.44227107000705
2083.0,513.0,289.0,387.0,520.0,283.0,442.0,514.009981,288.924099,388.097512,-1.0099810000000389,0.07590099999998756,-1.0975119999999947,1.493437368056011,55.767373974394744
2084.0,188.0,293.0,387.0,143.0,284.0,314.0,187.750834,293.3922,386.616495,0.24916600000000244,-0.39220000000000255,0.38350500000001375,0.6024787303971931,86.22644605919926
2085.0,422.0,103.0,388.0,415.0,54.0,410.0,421.996866,102.331744,388.272885,0.003133999999988646,0.6682559999999995,-0.27288499999997384,0.7218324782918715,54.16641025580336
2086.0,458.0,134.0,388.0,456.0,92.0,423.0,457.58734499999997,133.070256,388.092401,0.4126550000000293,0.9297439999999995,-0.09240099999999529,1.0213941449616903,54.70831746635972
2087.0,447.0,162.0,388.0,443.0,128.0,418.0,446.51311,162.6893,387.938491,0.4868900000000167,-0.6893000000000029,0.061509000000000924,0.8461558480451579,45.51922670696417
2088.0,519.0,166.0,388.0,527.0,133.0,446.0,519.119922,165.977808,387.91567799999996,-0.1199219999999741,0.022191999999989775,0.08432200000004286,0.14826992490724666,67.20863039818622
2089.0,572.0,192.0,389.0,588.0,166.0,468.0,572.548193,192.400845,389.48233700000003,-0.5481929999999693,-0.4008450000000039,-0.48233700000002955,0.8329713445509382,84.69356528095862
2090.0,567.0,230.0,389.0,581.0,213.0,464.0,566.497244,230.98395600000003,388.65405,0.5027559999999767,-0.9839560000000347,0.3459500000000162,1.1578490436892264,78.16648898345122
2091.0,445.0,156.0,390.0,441.0,120.0,419.0,445.14595599999996,156.135971,389.156949,-0.14595599999995557,-0.13597100000001205,0.8430510000000027,0.8663291841892404,46.400431032480725
2092.0,566.0,179.0,391.0,582.0,151.0,467.0,567.4883629999999,180.160538,390.117486,-1.4883629999999357,-1.1605380000000025,0.8825140000000147,2.0834835803069915,82.55906976220118
2093.0,568.0,181.0,391.0,583.0,152.0,468.0,568.534754,180.96197,390.644519,-0.5347540000000208,0.038029999999992015,0.3554809999999975,0.643253342608509,83.63611660042568
2094.0,571.0,144.0,392.0,585.0,107.0,472.0,570.71844,144.044944,392.7919,0.28156000000001313,-0.04494399999998677,-0.7918999999999983,0.8416659709979984,89.2468486838611
2095.0,569.0,302.0,392.0,582.0,301.0,468.0,569.118911,303.007503,392.365658,-0.11891100000002552,-1.0075029999999856,-0.36565799999999626,1.0783820723166602,77.110310594628
2096.0,210.0,314.0,392.0,166.0,309.0,328.0,209.494767,313.571571,391.76377,0.505233000000004,0.4284289999999942,0.23622999999997774,0.7032897022066998,77.82673062643708
2097.0,225.0,324.0,392.0,184.0,322.0,334.0,225.16234899999998,324.046467,391.875865,-0.16234899999997765,-0.04646700000000692,0.12413500000002387,0.209585014051576,71.05631569396206
2098.0,417.0,93.0,393.0,407.0,43.0,414.0,416.72010600000004,93.31868800000001,393.352664,0.2798939999999561,-0.31868800000000874,-0.3526640000000043,0.5516109040582718,55.14526271584895
2099.0,568.0,229.0,394.0,581.0,210.0,471.0,568.290872,228.44253100000003,394.064483,-0.29087200000003577,0.5574689999999691,-0.06448299999999563,0.6320888099262523,80.36790404135223
2100.0,564.0,236.0,394.0,577.0,219.0,469.0,564.744372,235.86051300000003,393.638086,-0.7443719999999985,0.13948699999997416,0.36191400000001295,0.8393616866101287,77.99358948016176
2101.0,227.0,326.0,394.0,186.0,325.0,338.0,227.784563,326.444321,394.49398199999996,-0.7845629999999915,-0.4443210000000022,-0.49398199999995995,1.0280945814145452,69.4118145563131
2102.0,567.0,166.0,395.0,580.0,134.0,473.0,567.3397249999999,166.17549400000001,395.133291,-0.33972499999993033,-0.1754940000000147,-0.13329099999998562,0.4049416134974942,85.30533394811839
2103.0,193.0,302.0,395.0,145.0,296.0,326.0,192.536456,303.065314,395.539851,0.46354400000001306,-1.0653140000000008,-0.5398509999999987,1.281095648549714,84.26743143112884
2104.0,460.0,207.0,396.0,456.0,182.0,432.0,460.750917,206.677341,395.96912899999995,-0.7509170000000154,0.3226589999999874,0.03087100000004739,0.817886416203997,44.01136216933077
2105.0,440.0,269.0,396.0,433.0,259.0,423.0,441.23959599999995,269.981915,395.70777799999996,-1.239595999999949,-0.981915000000015,0.29222200000003795,1.6081508037882908,29.631064780058107
2106.0,419.0,161.0,397.0,407.0,123.0,416.0,417.97128200000003,158.819418,395.691468,1.0287179999999694,2.180581999999987,1.3085320000000138,2.7432561997144775,44.14748010928823
2107.0,492.0,273.0,397.0,491.0,263.0,444.0,491.81145399999997,272.68102600000003,396.9926,0.18854600000003074,0.3189739999999688,0.007400000000018281,0.3706059454352991,48.062459362791664
2108.0,542.0,286.0,397.0,549.0,280.0,463.0,541.981784,286.051987,396.850669,0.01821600000005219,-0.0519869999999969,0.14933100000001787,0.1591672654348466,66.64082832618455
2109.0,557.0,167.0,399.0,566.0,134.0,473.0,556.4602269999999,166.25379600000002,398.771835,0.539773000000082,0.7462039999999774,0.22816499999998996,0.948806918382265,81.52300288875527
2110.0,550.0,314.0,399.0,558.0,316.0,468.0,550.605383,315.427635,398.750267,-0.6053829999999607,-1.4276350000000093,0.249732999999992,1.5706676418653869,69.49100661236676
2111.0,469.0,208.0,400.0,464.0,184.0,441.0,469.32737699999996,208.162402,400.903673,-0.32737699999995584,-0.16240199999998595,-0.9036730000000261,0.9747692037923714,47.77028364998475
2112.0,561.0,236.0,400.0,570.0,220.0,475.0,560.874647,236.64651400000002,400.129897,0.12535300000001826,-0.6465140000000247,-0.12989700000002813,0.6712428453354596,77.21398836998384
2113.0,381.0,147.0,401.0,362.0,108.0,408.0,380.78324299999997,146.881483,401.02270699999997,0.21675700000002962,0.1185169999999971,-0.022706999999968502,0.24808362337528594,43.94314508543966
2114.0,479.0,269.0,401.0,474.0,258.0,444.0,478.554955,268.680807,401.361797,0.44504499999999325,0.3191929999999843,-0.3617970000000241,0.656388827207625,44.66542286825459
2115.0,602.0,78.0,402.0,618.0,27.0,496.0,601.875643,78.046735,402.08169999999996,0.1243570000000318,-0.046734999999998195,-0.08169999999995525,0.15596061577847284,108.13417591122614
2116.0,471.0,277.0,403.0,465.0,268.0,444.0,471.652352,276.921744,403.79893100000004,-0.6523520000000076,0.07825600000001032,-0.7989310000000387,1.0343973492817318,42.40283009422838
2117.0,535.0,305.0,403.0,538.0,303.0,467.0,534.684327,304.90375,403.043574,0.315672999999947,0.09624999999999773,-0.04357399999997824,0.33288466306660064,64.10148204214939
2118.0,550.0,170.0,404.0,557.0,140.0,476.0,550.301524,171.182388,403.501107,-0.30152399999997215,-1.182388000000003,0.4988930000000096,1.3182762724744006,78.31347265956222
2119.0,614.0,117.0,405.0,630.0,76.0,503.0,613.469627,118.029314,404.88334499999996,0.5303730000000542,-1.0293139999999994,0.11665500000003703,1.1637831493667816,107.42904635153381
2120.0,557.0,173.0,405.0,563.0,142.0,481.0,556.2831779999999,172.726775,405.846955,0.7168220000000929,0.2732249999999965,-0.8469549999999799,1.1427241365850715,82.29823813423954
2121.0,472.0,133.0,406.0,466.0,92.0,449.0,472.122263,132.701416,405.698613,-0.12226299999997536,0.2985840000000053,0.301386999999977,0.44151417870096005,59.715994507334464
2122.0,483.0,321.0,406.0,477.0,321.0,451.0,483.28288000000003,320.180563,406.639804,-0.2828800000000342,0.8194369999999935,-0.6398040000000265,1.0774262154714087,45.39823785126467
2123.0,440.0,160.0,407.0,428.0,125.0,438.0,440.03205699999995,160.075315,407.34995000000004,-0.03205699999995204,-0.07531499999998914,-0.3499500000000353,0.3593953296497048,48.27007354458868
2124.0,568.0,168.0,407.0,576.0,135.0,487.0,567.882505,166.848436,407.06239,0.1174949999999626,1.1515640000000076,-0.062389999999993506,1.1592226849147698,86.90799733051038
2125.0,477.0,171.0,407.0,471.0,138.0,452.0,477.20849799999996,170.314106,407.18162099999995,-0.2084979999999632,0.6858939999999905,-0.18162099999995007,0.7395324082695454,56.124860801609124
2126.0,391.0,231.0,407.0,370.0,210.0,417.0,390.273303,230.27254399999998,406.937951,0.7266970000000015,0.7274560000000179,0.0620490000000018,1.0301120522283138,31.336879231984796
2127.0,410.0,245.0,407.0,392.0,228.0,424.0,409.355141,244.808333,406.83661900000004,0.6448589999999967,0.19166699999999537,0.16338099999995848,0.6922952548811674,30.033314835362415
2128.0,417.0,86.0,408.0,403.0,34.0,430.0,417.691822,85.77696,406.737937,-0.6918220000000019,0.22303999999999746,1.262063000000012,1.4564228566089696,58.172158288995945
2129.0,613.0,108.0,408.0,628.0,63.0,507.0,612.837237,107.34458000000001,408.38413399999996,0.16276300000004085,0.6554199999999923,-0.38413399999996045,0.7769337812999078,109.77704678119193
2130.0,450.0,171.0,408.0,440.0,138.0,442.0,450.51670099999996,170.607839,407.467177,-0.516700999999955,0.3921609999999873,0.5328230000000076,0.8394465573524926,48.425200051213004
2131.0,468.0,271.0,408.0,460.0,261.0,447.0,468.483309,271.180184,407.361128,-0.48330900000001975,-0.180183999999997,0.6388719999999921,0.821103705825889,41.048751503547585
2132.0,462.0,279.0,408.0,452.0,271.0,445.0,461.837517,279.43959800000005,407.98412199999996,0.16248300000000881,-0.43959800000004634,0.015878000000043357,0.4689341507899003,39.153543900903784
2133.0,558.0,306.0,408.0,563.0,304.0,482.0,558.023358,305.40246,408.212811,-0.023358000000030188,0.5975399999999809,-0.21281099999998787,0.6347347237113891,74.19568720619817
2134.0,610.0,156.0,409.0,623.0,123.0,506.0,609.239714,156.52818000000002,409.494912,0.760285999999951,-0.5281800000000203,-0.49491199999999935,1.0497365392992406,103.2811696293182
2135.0,578.0,166.0,409.0,587.0,135.0,493.0,577.99157,166.714703,408.866266,0.008429999999975735,-0.7147029999999859,0.13373400000000402,0.7271562595927924,89.98888820293314
2136.0,438.0,266.0,409.0,424.0,254.0,436.0,437.58187699999996,265.78049699999997,408.100393,0.4181230000000369,0.21950300000003153,0.8996070000000032,1.0160222264237384,32.69556544854363
2137.0,548.0,111.0,410.0,551.0,67.0,484.0,547.053138,111.328286,410.561548,0.9468620000000101,-0.32828600000000563,-0.5615480000000161,1.148762595641084,86.14522621712709
2138.0,388.0,236.0,410.0,365.0,217.0,419.0,386.97201599999994,236.009859,409.860324,1.0279840000000604,-0.009859000000005835,0.13967600000000857,1.0374765968989983,31.160872901765767
2139.0,447.0,277.0,410.0,433.0,268.0,443.0,446.52477999999996,277.112755,411.338481,0.4752200000000357,-0.11275499999999283,-1.3384810000000016,1.4248084523142177,36.959437225152655
2140.0,446.0,305.0,410.0,433.0,300.0,442.0,446.55698399999994,303.33471000000003,410.875183,-0.5569839999999431,1.6652899999999704,-0.8751829999999927,1.9619804392105507,34.899856733230294
2141.0,426.0,261.0,412.0,410.0,248.0,437.0,426.907711,260.932404,412.457217,-0.9077110000000062,0.06759599999998045,-0.4572170000000142,1.0186048614777083,32.4037034920393
2142.0,587.0,98.0,413.0,596.0,51.0,502.0,586.559441,97.755011,412.69751199999996,0.4405590000000075,0.2449890000000039,0.3024880000000394,0.5878867516333671,101.04949282406122
2143.0,416.0,315.0,413.0,397.0,315.0,433.0,416.37684,315.930273,413.384446,-0.3768400000000156,-0.9302729999999997,-0.3844460000000254,1.0748092700777336,27.586228448267445
2144.0,583.0,90.0,414.0,592.0,41.0,503.0,583.6198009999999,89.574748,414.41614799999996,-0.6198009999999385,0.4252520000000004,-0.4161479999999642,0.8591691923066692,101.99509792141973
2145.0,479.0,76.0,415.0,469.0,26.0,465.0,478.012976,78.434117,416.70561499999997,0.9870240000000194,-2.4341170000000005,-1.7056149999999661,3.131814885092975,71.4142842854285
2146.0,485.0,205.0,415.0,477.0,181.0,464.0,485.385764,205.355708,415.36941,-0.38576399999999467,-0.3557079999999928,-0.3694100000000162,0.6417209619920505,55.14526271584895
2147.0,431.0,139.0,416.0,415.0,99.0,445.0,431.513166,138.768219,415.91346999999996,-0.5131660000000124,0.23178100000001223,0.08653000000003885,0.5696922120031352,51.93264869039514
2148.0,563.0,167.0,416.0,567.0,136.0,496.0,563.23901,167.609518,416.405359,-0.2390100000000075,-0.6095180000000084,-0.4053589999999758,0.7700349935587306,85.8894638474359
2149.0,485.0,176.0,416.0,475.0,145.0,466.0,484.02295000000004,175.85666400000002,417.090394,0.9770499999999629,0.1433359999999766,-1.0903940000000034,1.4710985645536903,59.67411499134277
2150.0,445.0,112.0,417.0,431.0,67.0,452.0,445.47556199999997,112.384566,416.881164,-0.47556199999996807,-0.3845660000000066,0.11883599999998751,0.6230346853073043,58.70264048575669
2151.0,495.0,205.0,417.0,486.0,181.0,469.0,493.68046699999996,205.24519600000002,416.915956,1.3195330000000354,-0.24519600000002129,0.08404400000000578,1.344749720372198,57.97413216254298
2152.0,436.0,265.0,417.0,418.0,253.0,446.0,435.5115789999999,264.874645,417.421182,0.4884210000000735,0.1253550000000132,-0.4211819999999875,0.6570108266916647,36.180105030251084
2153.0,407.0,307.0,417.0,385.0,305.0,434.0,407.22034399999995,307.794754,417.18225,-0.22034399999995458,-0.7947540000000117,-0.18225000000001046,0.8446303696600084,27.874719729532707
2154.0,601.0,242.0,418.0,609.0,228.0,511.0,600.620236,242.54760699999997,418.048801,0.37976400000002286,-0.5476069999999709,-0.04880100000002585,0.6681883415220502,94.38749917229505
2155.0,490.0,209.0,419.0,484.0,186.0,472.0,492.95237699999996,209.31557700000002,419.816149,-2.952376999999956,-0.31557700000001887,-0.8161489999999958,3.0793210263398563,58.08614292583042
2156.0,465.0,92.0,420.0,453.0,43.0,464.0,465.474428,92.45966000000001,420.253548,-0.47442799999998897,-0.4596600000000137,-0.2535480000000234,0.7075703718274345,66.94027188471824
2157.0,457.0,214.0,420.0,442.0,188.0,458.0,456.690083,211.35709300000002,419.87168699999995,0.30991699999998445,2.6429069999999797,0.1283130000000483,2.664107764995045,48.425200051213004
2158.0,455.0,242.0,420.0,440.0,225.0,457.0,455.213753,241.68553400000002,419.977216,-0.21375299999999697,0.3144659999999817,0.02278400000000147,0.3809177349782854,43.393547907494266
2159.0,571.0,114.0,421.0,573.0,69.0,507.0,570.151168,112.56655500000001,422.737256,0.8488320000000158,1.4334449999999919,-1.7372560000000021,2.4069355499857097,97.082439194738
2160.0,587.0,125.0,421.0,593.0,82.0,512.0,587.112816,123.04230000000001,421.55243699999994,-0.11281599999995251,1.9576999999999884,-0.5524369999999408,2.037278424473415,100.8265837961398
2161.0,440.0,151.0,421.0,423.0,114.0,454.0,440.20839399999994,150.90106,420.975505,-0.20839399999994157,0.09893999999999892,0.02449500000000171,0.23198531820133686,52.41183072551463
2162.0,587.0,159.0,422.0,592.0,125.0,512.0,586.728557,158.267473,422.23403399999995,0.27144299999997656,0.7325270000000046,-0.23403399999995145,0.8155053777468125,96.33794683301072
2163.0,458.0,287.0,422.0,442.0,280.0,460.0,458.050891,286.68654300000003,422.328175,-0.0508909999999787,0.31345699999997123,-0.32817499999998745,0.4566661968604328,41.82104733265297
2164.0,109.0,223.0,423.0,39.0,199.0,328.0,109.79721799999999,224.18528199999997,423.69179199999996,-0.7972179999999867,-1.1852819999999724,-0.691791999999964,1.5871440168780726,120.42009799032718
2165.0,450.0,247.0,423.0,433.0,232.0,459.0,450.358252,247.434035,423.419381,-0.35825199999999313,-0.4340349999999944,-0.4193809999999871,0.7018627357895413,42.5440947723653
2166.0,453.0,255.0,423.0,436.0,242.0,460.0,453.04108099999996,255.595821,423.514885,-0.04108099999996284,-0.5958210000000008,-0.5148849999999925,0.7885409791678492,42.74342054632502
2167.0,489.0,259.0,423.0,478.0,246.0,474.0,489.35819100000003,258.468665,423.518189,-0.35819100000003345,0.5313350000000128,-0.5181890000000067,0.8240980004993608,53.76802023508026
2168.0,458.0,268.0,423.0,442.0,256.0,462.0,458.351923,267.005033,423.647051,-0.3519229999999993,0.9949669999999742,-0.6470509999999763,1.2379354286952602,43.829214001622255
2169.0,554.0,96.0,424.0,555.0,48.0,504.0,555.190942,95.503074,424.878071,-1.19094199999995,0.496926000000002,-0.8780709999999772,1.5608609732711118,93.30058949438637
2170.0,523.0,196.0,424.0,518.0,170.0,490.0,523.910503,195.80382500000002,424.810969,-0.9105029999999488,0.19617499999998245,-0.810969,1.2349781628008245,71.11258679024411
2171.0,475.0,266.0,424.0,461.0,255.0,469.0,474.928856,265.995461,424.139074,0.07114400000000387,0.004539000000022497,-0.1390739999999937,0.15628067293494421,48.394214530251446
2172.0,457.0,176.0,425.0,441.0,146.0,465.0,457.3503,176.87792100000001,425.159543,-0.3503000000000043,-0.8779210000000148,-0.1595429999999851,0.9585975908012832,52.49761899362675
2173.0,497.0,179.0,425.0,488.0,150.0,480.0,497.813093,179.710765,424.640489,-0.8130929999999807,-0.7107650000000092,0.3595109999999977,1.138224613595656,62.82515419798029
2174.0,504.0,272.0,425.0,494.0,263.0,482.0,504.0283989999999,272.20691700000003,425.743548,-0.028398999999922125,-0.20691700000003266,-0.7435479999999757,0.7723242689401731,58.56620185738529
2175.0,498.0,196.0,426.0,488.0,171.0,482.0,498.5252449999999,196.886955,426.40067999999997,-0.5252449999999271,-0.8869550000000004,-0.40067999999996573,1.1059457240072392,62.13694553162394
2176.0,452.0,224.0,426.0,435.0,203.0,463.0,452.688114,223.62196900000004,425.72367399999996,-0.6881139999999846,0.3780309999999645,0.27632600000004004,0.832324679577011,45.81484475582123
2177.0,452.0,177.0,427.0,434.0,146.0,465.0,451.910551,176.91707200000002,426.978815,0.08944900000000189,0.08292799999998124,0.021185000000002674,0.12380218499686238,52.23983154643591
2178.0,450.0,210.0,427.0,431.0,186.0,464.0,449.68452199999996,209.708286,427.37366099999997,0.31547800000004145,0.29171400000001313,-0.37366099999997004,0.5694259997585388,48.02082881417188
2179.0,368.0,135.0,428.0,336.0,93.0,435.0,367.465417,134.41605600000003,428.615192,0.5345829999999978,0.583943999999974,-0.6151919999999791,1.0026119767332433,53.2634959423431
2180.0,430.0,147.0,428.0,409.0,109.0,458.0,430.32380800000004,146.835922,427.673502,-0.3238080000000423,0.1640779999999893,0.32649800000001505,0.4882357575516501,52.773099207835045
2181.0,441.0,99.0,429.0,422.0,51.0,466.0,441.977495,99.161453,429.94302400000004,-0.9774949999999762,-0.16145299999999452,-0.9430240000000367,1.3677930438520371,63.51377803280167
2182.0,497.0,143.0,429.0,485.0,106.0,484.0,496.12037999999995,143.640764,428.097157,0.8796200000000454,-0.6407639999999901,0.9028430000000185,1.4140139075500993,67.36467917239716
2183.0,490.0,245.0,429.0,477.0,229.0,480.0,489.98666000000003,244.478028,428.274098,0.013339999999971042,0.5219720000000052,0.7259020000000191,0.8941847896201502,55.00909015790027
2184.0,563.0,145.0,430.0,563.0,111.0,511.0,563.804402,146.97486500000002,428.85659799999996,-0.8044019999999819,-1.9748650000000225,1.1434020000000373,2.4196120514316224,87.84645695758026
2185.0,446.0,73.0,431.0,426.0,20.0,469.0,445.583151,73.71211600000001,430.930789,0.41684900000001335,-0.7121160000000089,0.06921099999999569,0.828047371095412,68.21290200541243
2186.0,602.0,81.0,431.0,607.0,32.0,530.0,602.218178,81.794368,431.411739,-0.21817799999996623,-0.7943680000000057,-0.4117390000000114,0.9209512273888362,110.57576588023255
2187.0,593.0,104.0,431.0,597.0,58.0,524.0,593.1237560000001,103.21806800000002,429.60294899999997,-0.12375600000007125,0.7819319999999834,1.3970510000000331,1.6057660778460492,103.83159442096611
2188.0,588.0,197.0,431.0,590.0,173.0,523.0,588.474499,197.46115400000002,431.772904,-0.4744990000000371,-0.4611540000000218,-0.7729039999999827,1.0174443011452905,95.09994742374992
2189.0,495.0,141.0,432.0,482.0,103.0,488.0,494.802243,141.152223,431.955912,0.19775700000002416,-0.15222299999999223,0.044087999999987915,0.25342340957773835,68.9129886160802
2190.0,455.0,176.0,432.0,436.0,145.0,472.0,455.276665,176.00258100000002,431.88906999999995,-0.27666499999997995,-0.0025810000000205946,0.11093000000005304,0.2980866462725239,54.055527006958314
2191.0,595.0,252.0,432.0,597.0,240.0,525.0,595.046656,252.27495299999998,432.164945,-0.04665599999998449,-0.27495299999998224,-0.1649449999999888,0.324010474475726,93.7923237797209
2192.0,596.0,140.0,433.0,599.0,102.0,529.0,596.380694,139.18534699999998,433.40027499999997,-0.3806939999999486,0.8146530000000212,-0.4002749999999651,0.9842801977434918,103.29085148259743
2193.0,523.0,185.0,433.0,514.0,157.0,499.0,523.024639,185.07010200000002,432.71716000000004,-0.024638999999979205,-0.07010200000001987,0.2828399999999647,0.29243774777716675,72.2564875980005
2194.0,386.0,181.0,434.0,355.0,151.0,447.0,385.88211399999994,181.670849,433.57143799999994,0.11788600000005545,-0.670849000000004,0.4285620000000563,0.8047365268465615,45.05552130427524
2195.0,462.0,191.0,434.0,443.0,164.0,477.0,462.190738,191.465395,434.141741,-0.1907380000000103,-0.4653950000000009,-0.14174100000002454,0.5225552619101751,54.2125446737192
2196.0,522.0,210.0,434.0,512.0,188.0,498.0,521.4934930000001,210.48418300000003,432.763847,0.5065069999999423,-0.48418300000003,1.2361530000000016,1.4209351702125521,68.41052550594829
2197.0,441.0,92.0,435.0,420.0,43.0,471.0,441.65093299999995,92.559984,434.26996999999994,-0.6509329999999522,-0.559984,0.7300300000000561,1.1270490901664487,64.32728814430156
2198.0,399.0,143.0,435.0,370.0,104.0,454.0,398.930363,143.006889,434.651923,0.06963700000000017,-0.006889000000001033,0.3480769999999893,0.35504136099754996,52.182372502598994
2199.0,491.0,145.0,435.0,476.0,107.0,490.0,490.696441,144.437951,435.10875999999996,0.303559000000007,0.5620490000000018,-0.10875999999996111,0.6479783040210512,68.51277253184256
2200.0,588.0,152.0,435.0,590.0,117.0,527.0,589.003475,151.545654,434.33220000000006,-1.0034749999999804,0.4543459999999868,0.6677999999999429,1.288157289829496,98.45303448853164
2201.0,578.0,143.0,436.0,577.0,107.0,525.0,578.289428,143.45183300000002,436.058534,-0.28942800000004354,-0.4518330000000219,-0.058534000000008746,0.5397664830545206,96.01041610158765
2202.0,339.0,262.0,436.0,299.0,248.0,430.0,338.827798,261.637472,435.865819,0.17220200000002706,0.3625279999999975,0.13418100000001232,0.4231839084239981,42.80186911806539
2203.0,514.0,285.0,436.0,502.0,280.0,498.0,514.562935,285.893633,436.26505099999997,-0.5629350000000386,-0.8936330000000225,-0.2650509999999713,1.0889112845016662,63.34824385884742
2204.0,366.0,187.0,437.0,331.0,158.0,443.0,366.254906,187.586641,436.769103,-0.2549060000000054,-0.586640999999986,0.23089700000002722,0.680028055543298,45.8475735453906
2205.0,492.0,188.0,437.0,476.0,161.0,492.0,491.710081,188.643121,437.192582,0.2899189999999976,-0.6431210000000078,-0.1925820000000158,0.7312629307752546,63.324560795950255
2206.0,472.0,204.0,437.0,453.0,180.0,484.0,471.92902,204.43018,437.139547,0.07098000000002003,-0.4301800000000071,-0.1395469999999932,0.45778418278595767,56.089214649520635
2207.0,518.0,290.0,437.0,506.0,285.0,500.0,518.237339,289.942491,436.828746,-0.23733900000001995,0.057508999999981825,0.17125399999997626,0.29827004294430787,64.32728814430156
2208.0,525.0,92.0,439.0,514.0,44.0,510.0,524.8538990000001,92.383937,440.15731100000005,0.14610099999993054,-0.3839370000000031,-1.1573110000000497,1.2280561358875648,86.4060183089118
2209.0,435.0,98.0,439.0,410.0,49.0,474.0,434.715123,97.494169,439.259138,0.2848769999999945,0.5058310000000006,-0.2591380000000072,0.635745553452009,65.19969325081216
2210.0,534.0,200.0,439.0,524.0,176.0,509.0,533.570773,200.455962,438.07575299999996,0.42922699999996894,-0.45596199999999953,0.9242470000000367,1.1164092797814074,74.67261881037788
2211.0,488.0,258.0,439.0,472.0,244.0,490.0,488.83964499999996,256.671543,437.491903,-0.8396449999999618,1.3284570000000144,1.5080970000000207,2.1781088788862313,55.25395913416522
2212.0,397.0,151.0,440.0,366.0,114.0,459.0,397.21403499999997,151.159686,439.67518700000005,-0.2140349999999671,-0.15968599999999356,0.32481299999994917,0.42049266912747824,51.87484939737175
2213.0,594.0,155.0,440.0,592.0,122.0,535.0,592.684553,155.533488,440.07841899999994,1.3154469999999492,-0.5334880000000055,-0.07841899999993984,1.4216749964439352,100.58826969383657
2214.0,466.0,190.0,440.0,445.0,163.0,485.0,465.817,190.53886900000003,439.829118,0.18299999999999272,-0.5388690000000338,0.17088200000000597,0.5941964802024965,56.52433104425032
2215.0,478.0,206.0,440.0,459.0,182.0,491.0,478.43097,205.95049699999998,441.03963899999997,-0.4309700000000021,0.04950300000001562,-1.0396389999999656,1.1265145086637507,59.481089431852205
2216.0,410.0,215.0,442.0,380.0,192.0,466.0,410.627177,214.88381900000002,442.241443,-0.6271770000000174,0.11618099999998321,-0.24144300000000385,0.6820144693032691,44.77722635447622
2217.0,595.0,235.0,442.0,594.0,219.0,537.0,595.645255,234.94705199999999,442.0641499999999,-0.6452550000000201,0.05294800000001487,-0.06414999999992688,0.6505941347945109,96.34313675607619
2218.0,502.0,271.0,442.0,486.0,261.0,500.0,502.475935,270.396911,441.791298,-0.47593499999999267,0.6030890000000113,0.2087020000000166,0.7961073991303018,60.991802727907626
2219.0,501.0,272.0,442.0,485.0,263.0,499.0,501.45695199999994,272.052659,441.293686,-0.4569519999999443,-0.05265900000000556,0.7063140000000203,0.8428864497552315,59.88321968631947
2220.0,537.0,314.0,442.0,525.0,315.0,513.0,536.658376,314.251569,442.287518,0.34162400000002435,-0.2515690000000177,-0.2875179999999773,0.5125041653108904,72.01388754955533
2221.0,586.0,160.0,443.0,583.0,128.0,537.0,586.2657019999999,160.474115,444.030569,-0.2657019999999193,-0.47411500000001183,-1.030569000000014,1.165098729631956,99.34284070832683
2222.0,531.0,209.0,443.0,518.0,187.0,514.0,530.309367,209.439005,443.62861599999997,0.690633000000048,-0.43900500000000875,-0.6286159999999654,1.0319192827784693,75.45859791965393
2223.0,486.0,173.0,444.0,467.0,143.0,498.0,486.112558,173.87816800000002,444.01785199999995,-0.11255799999997862,-0.8781680000000165,-0.01785199999994802,0.8855320623738151,64.6297145282261
2224.0,451.0,193.0,444.0,427.0,166.0,483.0,451.33618599999994,193.120793,442.98242300000004,-0.33618599999994103,-0.12079299999999193,1.0175769999999602,1.0784595154079162,53.16013544000805
2225.0,536.0,203.0,446.0,524.0,180.0,519.0,536.208797,203.611852,445.886201,-0.20879700000000412,-0.611851999999999,0.11379899999997178,0.6564367978061513,77.47257579298626
2226.0,465.0,272.0,446.0,446.0,264.0,486.0,467.77699099999995,273.246301,441.336851,-2.7769909999999527,-1.2463010000000168,4.663148999999976,5.568653678662604,45.0
2227.0,515.0,290.0,447.0,499.0,285.0,510.0,515.39907,289.861292,446.41923799999995,-0.39907000000005155,0.13870800000000827,0.5807620000000497,0.7181791383826888,65.19202405202648
2228.0,459.0,85.0,448.0,434.0,33.0,494.0,458.42247499999996,84.014277,448.40716199999997,0.5775250000000369,0.985722999999993,-0.40716199999997116,1.2128338107910768,73.79024325749306
2229.0,337.0,166.0,448.0,293.0,132.0,445.0,337.00759999999997,166.479545,447.94441299999994,-0.007599999999968077,-0.47954500000000166,0.05558700000005956,0.4828157843256657,55.68662316930342
2230.0,432.0,76.0,449.0,404.0,22.0,486.0,432.92758499999997,75.268687,449.879189,-0.927584999999965,0.7313130000000001,-0.8791889999999967,1.4724829146427911,71.19691004531025
2231.0,351.0,130.0,449.0,310.0,88.0,452.0,351.63747099999995,130.261579,448.534527,-0.6374709999999482,-0.2615790000000118,0.4654729999999745,0.8315395136798469,58.770741019660456
2232.0,491.0,264.0,449.0,468.0,252.0,504.0,489.44637700000004,263.077905,449.489651,1.5536229999999591,0.922095000000013,-0.48965099999998074,1.8718337845425481,60.81118318204309
2233.0,526.0,192.0,450.0,511.0,166.0,520.0,526.23865,192.20568600000001,449.904673,-0.2386500000000069,-0.20568600000001425,0.0953269999999975,0.32916225486074296,76.16429609731846
2234.0,509.0,131.0,451.0,490.0,91.0,516.0,508.1936109999999,130.941779,451.51847599999996,0.8063890000000811,0.05822100000000319,-0.5184759999999642,0.9604531569723189,78.65112840894274
2235.0,335.0,167.0,451.0,288.0,133.0,448.0,333.911645,167.290465,451.585066,1.0883549999999786,-0.29046500000001174,-0.5850659999999834,1.2693260993952424,58.08614292583042
2236.0,445.0,227.0,451.0,416.0,207.0,487.0,444.203177,226.71563600000002,449.351854,0.7968230000000176,0.2843639999999823,1.648145999999997,1.8526130235807499,50.368641037852115
2237.0,438.0,268.0,452.0,407.0,259.0,488.0,437.944434,269.345058,452.97800399999994,0.055565999999998894,-1.3450579999999945,-0.9780039999999417,1.6639592626431305,48.35286961494633
2238.0,515.0,185.0,453.0,497.0,157.0,520.0,515.276928,184.91244799999998,453.45495399999993,-0.27692799999999806,0.0875520000000165,-0.4549539999999297,0.5397569934738575,74.81310045707235
2239.0,345.0,214.0,453.0,300.0,190.0,453.0,345.058421,213.84959400000002,452.910923,-0.058421000000009826,0.1504059999999754,0.08907699999997476,0.18430868130934377,51.0
2240.0,374.0,149.0,454.0,333.0,112.0,467.0,373.632416,149.609855,454.449117,0.3675840000000221,-0.6098550000000103,-0.4491170000000011,0.8418712477392429,56.73623181001713
2241.0,411.0,177.0,454.0,376.0,146.0,481.0,411.000713,177.048906,454.48673499999995,-0.0007130000000188375,-0.048905999999988126,-0.4867349999999533,0.4891863299704453,53.99073994677235
2242.0,505.0,217.0,454.0,484.0,195.0,516.0,504.48111299999994,216.157577,454.09777999999994,0.5188870000000634,0.8424229999999966,-0.09777999999994336,0.994223897368218,69.05794668247819
2243.0,464.0,263.0,454.0,437.0,251.0,499.0,464.046184,262.492403,453.65101000000004,-0.04618399999998246,0.5075969999999757,0.34898999999995794,0.6177229932299302,53.83307533477908
2244.0,424.0,325.0,454.0,391.0,327.0,482.0,424.571082,325.20283600000005,453.140484,-0.5710819999999899,-0.20283600000004753,0.8595159999999851,1.0516866681079409,43.32435804486894
2245.0,465.0,112.0,455.0,439.0,68.0,503.0,464.96910199999996,112.545097,454.445025,0.030898000000036063,-0.5450969999999984,0.5549750000000131,0.7785131189890219,70.11419257183242
2246.0,473.0,190.0,455.0,448.0,163.0,506.0,473.611429,190.26935500000002,455.36899199999993,-0.6114289999999869,-0.26935500000001866,-0.3689919999999347,0.7632513571097963,62.8887907341205
2247.0,577.0,133.0,456.0,568.0,94.0,548.0,577.1601009999999,132.577585,456.143913,-0.16010099999994054,0.4224150000000009,-0.14391299999999774,0.47410728110310757,100.32945728947207
2248.0,533.0,196.0,456.0,517.0,171.0,529.0,533.2883039999999,196.159113,455.38842999999997,-0.2883039999999255,-0.15911299999999073,0.6115700000000288,0.6945890929787116,78.80355321938218
2249.0,477.0,216.0,457.0,451.0,195.0,509.0,477.015546,216.42639100000002,457.23449400000004,-0.015545999999972082,-0.4263910000000237,-0.23449400000004061,0.48686589430051314,61.814237842102365
2250.0,462.0,268.0,457.0,434.0,257.0,503.0,462.810271,267.375402,457.598028,-0.8102710000000002,0.6245979999999918,-0.5980279999999993,1.1850313260960612,54.96362433464518
2251.0,403.0,166.0,458.0,367.0,132.0,482.0,404.13899399999997,165.62036799999998,457.46562299999994,-1.1389939999999683,0.37963200000001507,0.5343770000000632,1.3141486086394518,55.02726596879042
2252.0,565.0,200.0,458.0,553.0,176.0,544.0,565.212056,199.87254000000001,457.73803899999996,-0.2120559999999614,0.12745999999998503,0.2619610000000421,0.3603295217672316,90.08884503644167
2253.0,513.0,283.0,458.0,491.0,276.0,523.0,512.481914,282.378041,458.51272900000004,0.5180860000000393,0.6219590000000039,-0.5127290000000357,0.9581947236955974,68.97825744392213
2254.0,472.0,86.0,459.0,447.0,36.0,512.0,473.23493799999994,86.182118,459.04613100000006,-1.2349379999999428,-0.18211800000000267,-0.04613100000005943,1.2491464681649087,77.03246069028303
2255.0,569.0,241.0,459.0,557.0,226.0,547.0,569.557728,240.767063,459.520171,-0.5577279999999973,0.23293699999999262,-0.5201710000000048,0.7974321520944578,90.07219326740079
2256.0,604.0,263.0,459.0,597.0,253.0,559.0,604.010456,262.513543,458.71458399999995,-0.010455999999976484,0.48645699999997305,0.28541600000005474,0.564102857501187,100.74224535913422
2257.0,440.0,227.0,460.0,408.0,207.0,498.0,440.84794899999997,226.627995,459.97936400000003,-0.8479489999999714,0.3720050000000015,0.02063599999996768,0.9261917032245276,53.55371135598354
2258.0,198.0,290.0,460.0,127.0,281.0,403.0,198.442886,289.953393,459.909268,-0.44288599999998723,0.046606999999994514,0.0907320000000027,0.45448049162641585,91.49316914393118
2259.0,591.0,90.0,461.0,583.0,42.0,560.0,591.46341,89.75815,461.060973,-0.46340999999995347,0.24184999999999945,-0.06097299999998995,0.5262679520253494,110.31319050775387
2260.0,573.0,241.0,462.0,560.0,226.0,551.0,572.929641,240.70214400000003,461.848971,0.07035900000005313,0.2978559999999675,0.15102899999999408,0.34128923870814665,91.18662182579197
2261.0,521.0,163.0,463.0,501.0,130.0,533.0,521.5206079999999,162.61900100000003,462.25316699999996,-0.5206079999999247,0.38099899999997433,0.7468330000000378,0.9868902966155654,79.93122043357026
2262.0,491.0,132.0,464.0,465.0,92.0,524.0,490.856256,131.804384,464.242659,0.14374400000002652,0.19561600000000112,-0.2426590000000033,0.3432365762459031,76.6550715869472
2263.0,552.0,140.0,464.0,535.0,102.0,547.0,551.32851,139.326669,464.02181499999995,0.6714899999999489,0.6733309999999904,-0.02181499999994685,0.951183131623935,92.85472524325297
2264.0,560.0,291.0,464.0,544.0,287.0,547.0,560.012633,290.802432,463.49704599999995,-0.012633000000050743,0.19756799999998975,0.5029540000000452,0.5405140455427987,84.62269199216011
2265.0,565.0,310.0,464.0,550.0,311.0,551.0,565.935131,310.378174,465.281526,-0.9351309999999557,-0.37817400000000134,-1.2815259999999853,1.6308876264515837,88.28929719960398
2266.0,444.0,71.0,465.0,411.0,17.0,508.0,444.04491,70.869466,465.107566,-0.04491000000001577,0.13053399999999726,-0.10756600000001981,0.1750042216976635,76.51143705355429
2267.0,384.0,252.0,465.0,340.0,238.0,482.0,384.125521,252.59173900000002,465.52235699999994,-0.125520999999992,-0.5917390000000182,-0.5223569999999427,0.7992292543513154,49.20365840057018
2268.0,463.0,121.0,466.0,432.0,79.0,515.0,462.751625,121.449488,465.697638,0.24837500000001,-0.44948800000000233,0.30236200000001645,0.5959466266479047,71.596089278675
2269.0,437.0,141.0,466.0,402.0,103.0,505.0,437.056199,141.395068,465.958666,-0.05619899999999234,-0.3950680000000091,0.0413340000000062,0.4011801986402206,64.73020933072904
2270.0,470.0,192.0,466.0,440.0,165.0,516.0,470.01432499999993,191.83186899999998,465.23899400000005,-0.014324999999928423,0.16813100000001668,0.7610059999999521,0.779489172998529,64.25729530566937
2271.0,507.0,303.0,468.0,481.0,301.0,531.0,507.0204279999999,302.814191,467.57384,-0.020427999999924396,0.1858090000000061,0.42615999999998166,0.4653543093869268,68.18357573492314
2272.0,471.0,131.0,470.0,440.0,91.0,523.0,471.159297,131.137184,469.95313,-0.15929699999998093,-0.13718399999999065,0.046870000000012624,0.21538751348439988,73.28028384224504
2273.0,479.0,140.0,470.0,449.0,102.0,526.0,479.0342,140.060402,470.053309,-0.034199999999998454,-0.0604020000000105,-0.05330900000001293,0.08752080372689994,74.02702209328699
2274.0,533.0,176.0,472.0,510.0,147.0,548.0,532.572103,176.312159,471.737652,0.42789700000002995,-0.3121590000000083,0.2623479999999745,0.5910715328909162,84.53401682163222
2275.0,456.0,244.0,472.0,421.0,230.0,517.0,456.1032799999999,245.16500100000002,471.591595,-0.10327999999992699,-1.165001000000018,0.4084050000000161,1.2388255455979424,58.70264048575669
2276.0,582.0,117.0,473.0,568.0,75.0,571.0,582.969921,116.73864,473.83138599999995,-0.9699209999999994,0.26135999999999626,-0.8313859999999522,1.3039395986152569,107.53604047016051
2277.0,444.0,179.0,473.0,407.0,149.0,515.0,443.96347000000003,178.923513,472.881528,0.03652999999997064,0.07648699999998598,0.11847199999999702,0.1456719494377521,63.50590523722971
2278.0,411.0,213.0,473.0,367.0,191.0,502.0,409.88097799999997,213.704208,473.586676,1.1190220000000295,-0.7042079999999942,-0.5866760000000113,1.4464812037230455,57.105166141076936
2279.0,468.0,116.0,474.0,435.0,73.0,527.0,468.149906,116.373929,474.184572,-0.14990599999998722,-0.37392900000000395,-0.18457200000000284,0.4431269897681704,75.80897044545586
2280.0,451.0,154.0,474.0,415.0,119.0,519.0,450.946838,154.258829,473.61663799999997,0.053161999999986165,-0.25882899999999154,0.38336200000003373,0.4656018390524462,67.42403132415029
2281.0,466.0,192.0,474.0,432.0,165.0,525.0,466.13880099999994,191.76829800000002,474.31226000000004,-0.138800999999944,0.2317019999999843,-0.3122600000000375,0.4128654042239439,66.9776081985614
2282.0,499.0,239.0,474.0,469.0,224.0,537.0,498.55256,239.74147700000003,474.600185,0.44743999999997186,-0.7414770000000317,-0.6001850000000104,1.0536663273323459,71.37226352022192
2283.0,435.0,164.0,476.0,396.0,131.0,516.0,435.510993,164.229921,476.34097999999994,-0.5109929999999849,-0.22992099999999027,-0.340979999999945,0.6559305395313917,64.88451279003334
2284.0,494.0,294.0,476.0,463.0,290.0,537.0,494.49289400000004,293.832995,476.806823,-0.49289400000003525,0.1670050000000174,-0.8068230000000085,0.9601033895315932,68.54195795277518
2285.0,403.0,79.0,477.0,356.0,28.0,505.0,400.62407699999994,80.222846,477.178357,2.375923000000057,-1.222846000000004,-0.17835700000000543,2.678091421347353,74.79304780526061
2286.0,323.0,130.0,478.0,266.0,88.0,474.0,323.168019,130.24290100000002,477.066635,-0.16801900000001524,-0.24290100000001758,0.9333649999999807,0.9789798278754153,70.9154426059656
2287.0,396.0,84.0,479.0,351.0,32.0,504.0,396.51493800000003,83.539086,477.73994300000004,-0.5149380000000292,0.4609140000000025,1.2600569999999607,1.4371313448982084,73.17103251970687
2288.0,563.0,103.0,479.0,542.0,57.0,570.0,562.340543,102.15301300000002,479.635034,0.6594569999999749,0.8469869999999844,-0.6350340000000188,1.247212369315653,104.10571550111935
2289.0,482.0,115.0,479.0,451.0,71.0,540.0,483.94727,114.489866,480.10920799999997,-1.9472700000000032,0.5101339999999936,-1.1092079999999669,2.298355833660213,81.35109095765097
2290.0,365.0,175.0,479.0,312.0,143.0,491.0,363.83993699999996,174.82932800000003,478.86187800000005,1.1600630000000365,0.17067199999996774,0.138121999999953,1.1806577753257124,63.06346010171025
2291.0,404.0,310.0,479.0,358.0,309.0,504.0,404.48535899999996,310.379555,478.63721,-0.4853589999999599,-0.3795549999999821,0.36279000000001815,0.7150188396161046,52.364109846344185
2292.0,342.0,155.0,480.0,286.0,119.0,485.0,341.855003,155.38951600000001,480.72107400000004,0.14499699999998938,-0.38951600000001463,-0.7210740000000442,0.8322827390623165,66.76076692189807
2293.0,373.0,186.0,480.0,322.0,157.0,495.0,372.779503,186.19209800000002,479.50870399999997,0.22049700000002304,-0.19209800000001565,0.49129600000003393,0.5717449853116768,60.55575942881073
2294.0,506.0,187.0,480.0,475.0,161.0,548.0,505.501262,187.97475400000002,480.97131,0.498738000000003,-0.9747540000000186,-0.9713100000000168,1.4636693852301728,79.12648102879339
2295.0,465.0,246.0,480.0,428.0,231.0,531.0,465.19423699999993,245.77642000000003,480.661838,-0.19423699999993005,0.22357999999996991,-0.6618379999999888,0.7250831447585474,64.7688196588451
2296.0,463.0,93.0,481.0,428.0,45.0,534.0,464.27538499999997,93.395155,481.16910199999995,-1.2753849999999716,-0.3951550000000026,-0.16910199999995257,1.345863982226255,79.61155694998057
2297.0,441.0,152.0,481.0,401.0,116.0,523.0,441.080524,151.83181100000002,480.334249,-0.08052400000002535,0.16818899999998393,0.6657510000000002,0.6913725828364898,68.26419266350405
2298.0,501.0,161.0,481.0,470.0,128.0,547.0,501.05409099999997,160.985774,481.170037,-0.054090999999971245,0.014226000000007843,-0.17003699999997934,0.17899943219460246,80.03749121505496
2299.0,512.0,165.0,481.0,483.0,133.0,551.0,512.242754,164.96022499999998,480.94891199999995,-0.2427539999999908,0.0397750000000201,0.05108800000004976,0.25124000255732015,82.24962005991274
2300.0,450.0,234.0,481.0,410.0,216.0,525.0,449.508383,233.663404,480.530129,0.4916170000000193,0.3365959999999859,0.4698710000000119,0.758790418064185,62.12889826803627
2301.0,537.0,263.0,481.0,510.0,252.0,559.0,536.393011,262.181074,481.31572900000003,0.6069889999999987,0.8189259999999763,-0.315729000000033,1.0671270969467415,83.2706430862642
2302.0,132.0,318.0,481.0,42.0,315.0,402.0,132.439267,318.288873,481.556744,-0.43926700000000096,-0.2888730000000237,-0.5567439999999806,0.7657460342398078,119.7914855071094
2303.0,345.0,148.0,482.0,289.0,111.0,488.0,344.89367999999996,148.784152,482.194296,0.10632000000003927,-0.784152000000006,-0.19429600000000846,0.8148308027560206,67.38694235532579
2304.0,490.0,239.0,482.0,456.0,223.0,543.0,490.001921,238.922916,482.631758,-0.0019209999999816318,0.07708400000001348,-0.6317579999999907,0.6364462301412354,71.64495795239188
2305.0,384.0,71.0,483.0,335.0,17.0,506.0,384.464482,71.31860400000001,483.30541800000003,-0.4644819999999754,-0.31860400000000766,-0.3054180000000315,0.6407278610018463,76.4591394144611
2306.0,528.0,77.0,483.0,501.0,25.0,563.0,528.365768,76.256651,484.53709200000003,-0.36576800000000276,0.7433489999999949,-1.5370920000000297,1.7461402526970982,99.16148445843275
2307.0,466.0,108.0,483.0,430.0,63.0,537.0,466.77449099999995,108.09094400000001,483.157202,-0.774490999999955,-0.09094400000000746,-0.15720199999998385,0.795499584551071,78.9746794865291
2308.0,583.0,149.0,483.0,564.0,114.0,581.0,582.8192769999999,148.584002,483.02466300000003,0.18072300000005725,0.41599800000000187,-0.024663000000032298,0.45422835920054994,105.78279633286313
2309.0,424.0,128.0,484.0,380.0,87.0,521.0,423.97603699999996,128.220594,483.95341800000006,0.023963000000037482,-0.2205940000000055,0.046581999999943946,0.2267285181202378,70.61161377563892
2310.0,447.0,129.0,484.0,407.0,89.0,529.0,447.057382,129.611423,483.172816,-0.05738200000001825,-0.611423000000002,0.8271839999999884,1.0302252902685827,72.2841614740048
2311.0,366.0,165.0,484.0,313.0,131.0,497.0,366.06829999999997,164.92280499999998,483.14703,-0.06829999999996517,0.07719500000001744,0.8529700000000275,0.8591750572060649,64.29618962271404
2312.0,380.0,174.0,484.0,327.0,141.0,503.0,378.60004599999996,172.962893,484.26928799999996,1.3999540000000366,1.0371069999999918,-0.26928799999996045,1.7629458750934652,65.26101439603893
2313.0,466.0,311.0,484.0,427.0,311.0,534.0,465.928454,311.270708,484.03765999999996,0.0715460000000121,-0.27070800000001327,-0.03765999999995984,0.28252420600721256,63.41135544995076
2314.0,448.0,66.0,485.0,407.0,11.0,532.0,447.125218,65.68863800000001,484.739236,0.874781999999982,0.31136199999998837,0.26076399999999467,0.9644623923533558,83.15647900193947
2315.0,471.0,166.0,485.0,433.0,133.0,540.0,470.52577599999995,165.37225999999998,485.39536999999996,0.4742240000000493,0.6277400000000171,-0.39536999999995714,0.8804904012401465,74.55199527846321
2316.0,584.0,177.0,485.0,565.0,149.0,583.0,584.43644,177.221439,484.66225599999996,-0.43643999999994776,-0.22143900000000372,0.33774400000004334,0.5946310737398318,103.67738422626219
2317.0,559.0,241.0,485.0,535.0,226.0,572.0,558.965074,240.58923400000003,484.665933,0.03492600000004131,0.4107659999999669,0.33406700000000455,0.5306121867437448,91.48770409186143
2318.0,581.0,291.0,485.0,560.0,287.0,581.0,581.291377,290.303754,485.760858,-0.2913770000000113,0.6962459999999737,-0.7608579999999847,1.0717107561319643,98.35141076771599
2319.0,541.0,225.0,486.0,514.0,207.0,567.0,541.1715029999999,225.204722,486.05180599999994,-0.17150299999991603,-0.20472200000000385,-0.05180599999994229,0.27204455136790884,87.25823743349392
2320.0,407.0,281.0,486.0,358.0,273.0,514.0,406.75794299999995,280.773045,486.055378,0.24205700000004526,0.22695499999997537,-0.0553780000000188,0.33640286288617227,57.0
2321.0,478.0,295.0,486.0,439.0,292.0,542.0,477.161338,295.54517200000004,486.94955100000004,0.8386619999999994,-0.5451720000000364,-0.9495510000000422,1.3792075846039706,68.30812543175226
2322.0,511.0,302.0,486.0,479.0,301.0,555.0,511.70976600000006,302.536537,486.74456,-0.7097660000000587,-0.5365370000000098,-0.7445599999999786,1.1601764179317997,76.06576102294646
2323.0,419.0,172.0,487.0,373.0,140.0,522.0,419.280644,171.65789,487.06958299999997,-0.28064399999999523,0.34210999999999103,-0.06958299999996598,0.44793091066032326,66.06814663663572
2324.0,410.0,248.0,487.0,363.0,233.0,517.0,411.05848199999997,247.946575,486.694984,-1.0584819999999695,0.053425000000004275,0.30501600000002327,1.1028477389036757,57.7408001330082
2325.0,349.0,157.0,488.0,292.0,122.0,497.0,349.66682899999995,157.668718,488.51658299999997,-0.6668289999999502,-0.6687180000000126,-0.5165829999999687,1.076430524768746,67.49074010558782
2326.0,347.0,290.0,488.0,287.0,283.0,492.0,345.95144999999997,289.625518,487.50937999999996,1.0485500000000343,0.3744820000000004,0.49062000000003536,1.2167176563295639,60.53924347066124
2327.0,582.0,314.0,489.0,561.0,317.0,585.0,583.383156,314.821821,488.90365999999995,-1.3831559999999854,-0.8218209999999999,0.09634000000005472,1.6117666307431018,98.31581764904364
2328.0,475.0,315.0,490.0,435.0,315.0,545.0,475.043482,314.369819,490.546062,-0.043481999999983145,0.6301809999999932,-0.5460620000000063,0.834986517812711,68.00735254367721
2329.0,482.0,318.0,490.0,443.0,319.0,547.0,481.81717799999996,317.577245,490.06036600000004,0.18282200000004423,0.4227549999999951,-0.06036600000004455,0.464531729449149,69.0724257573165
2330.0,373.0,180.0,491.0,316.0,151.0,509.0,371.704117,181.142806,491.88894600000003,1.2958830000000034,-1.1428060000000073,-0.8889460000000327,1.9430757304441544,66.43794096749237
2331.0,413.0,185.0,491.0,364.0,157.0,523.0,412.702141,185.620212,490.352488,0.29785900000001675,-0.6202120000000093,0.6475120000000061,0.9448040532136964,64.87680633323437
2332.0,409.0,188.0,491.0,362.0,159.0,522.0,410.906051,187.281553,490.114772,-1.9060509999999908,0.7184469999999976,0.8852279999999837,2.220996424669327,63.33245613427605
2333.0,180.0,241.0,491.0,95.0,224.0,433.0,180.85915,243.084899,490.980601,-0.8591499999999996,-2.084899000000007,0.01939900000002126,2.2550651617862467,104.29765098025938
2334.0,458.0,130.0,492.0,417.0,90.0,544.0,458.739808,130.194028,492.240493,-0.7398079999999823,-0.19402800000000298,-0.24049300000001494,0.8017478560601095,77.36278174936577
2335.0,447.0,150.0,492.0,404.0,114.0,538.0,447.295793,149.99638700000003,491.191777,-0.2957930000000033,0.003612999999972999,0.8082229999999981,0.8606572897193161,72.53275122315436
2336.0,489.0,205.0,492.0,451.0,182.0,554.0,488.603438,205.237036,492.077493,0.3965620000000172,-0.23703599999998914,-0.07749300000000403,0.4684577357553284,76.26925986267338
2337.0,410.0,244.0,492.0,360.0,229.0,523.0,410.251505,244.61490400000002,492.09817599999997,-0.25150500000000875,-0.6149040000000241,-0.09817599999996673,0.6715655003177482,60.71243694664216
2338.0,388.0,278.0,493.0,333.0,270.0,515.0,387.563008,278.443655,493.300479,0.4369919999999752,-0.44365499999997837,-0.3004789999999957,0.6914328575718373,59.77457653551382
2339.0,483.0,147.0,494.0,444.0,111.0,555.0,482.775181,147.110892,493.97758999999996,0.22481900000002497,-0.11089200000000687,0.022410000000036234,0.2516800081949585,80.85790004693419
2340.0,449.0,76.0,495.0,405.0,24.0,544.0,448.811548,76.20318400000001,494.71198300000003,0.18845199999998385,-0.20318400000000736,0.288016999999968,0.39968948753873734,83.91066678319271
2341.0,378.0,289.0,495.0,320.0,282.0,512.0,376.789805,288.381189,494.46544500000005,1.2101949999999988,0.6188109999999938,0.5345549999999548,1.4605642881335081,60.844062980705026
2342.0,429.0,294.0,495.0,382.0,290.0,532.0,430.246487,294.346203,493.97278900000003,-1.246487000000002,-0.3462030000000027,1.0272109999999657,1.6518924895098155,59.94997914928745
2343.0,491.0,313.0,495.0,450.0,314.0,557.0,489.812727,313.322444,495.96327899999994,1.1872730000000047,-0.3224440000000186,-0.9632789999999432,1.5625279970310657,74.3370701601832
2344.0,402.0,133.0,496.0,350.0,94.0,527.0,402.28766700000006,134.049594,496.481679,-0.28766700000005585,-1.0495940000000132,-0.48167899999998554,1.1901321467660833,72.01388754955533
2345.0,499.0,245.0,496.0,461.0,231.0,561.0,498.64320799999996,245.23080100000004,495.39892999999995,0.3567920000000413,-0.23080100000004222,0.6010700000000497,0.7361078574265518,76.58328799418317
2346.0,381.0,289.0,496.0,324.0,282.0,515.0,380.678677,288.322712,495.75722699999994,0.3213230000000067,0.6772879999999759,0.24277300000005653,0.7879760369465554,60.489668539346454
2347.0,482.0,294.0,496.0,442.0,290.0,554.0,482.596163,293.745853,495.47571300000004,-0.59616299999999,0.254146999999989,0.5242869999999584,0.8335933532286225,70.5691150575094
2348.0,432.0,71.0,497.0,385.0,18.0,540.0,432.174,71.448824,496.742573,-0.17399999999997817,-0.4488240000000019,0.25742700000000696,0.5458824445839944,82.86736390159881
2349.0,470.0,113.0,497.0,428.0,69.0,555.0,469.95775699999996,112.79986,497.72403199999997,0.042243000000041775,0.20014000000000465,-0.7240319999999656,0.7523714692045117,84.04760555780278
2350.0,480.0,126.0,497.0,439.0,85.0,557.0,479.172406,125.819227,496.576332,0.8275939999999764,0.18077300000000207,0.4236680000000206,0.9471458602501407,83.43860018001261
2351.0,468.0,155.0,497.0,426.0,120.0,552.0,468.08903499999997,154.619211,496.41261499999996,-0.08903499999996711,0.38078899999999294,0.5873850000000402,0.7056547540908628,77.54998388136518
2352.0,368.0,156.0,497.0,309.0,121.0,514.0,367.291028,156.549982,497.299618,0.708972000000017,-0.549982,-0.2996180000000095,0.9459875490893259,70.67531393633848
2353.0,403.0,178.0,497.0,350.0,148.0,526.0,402.520863,178.290869,496.23413500000004,0.47913699999998016,-0.2908689999999865,0.7658649999999625,0.9490659819817143,67.45368781616021
2354.0,478.0,198.0,497.0,437.0,174.0,556.0,478.171148,198.738788,497.191825,-0.1711480000000165,-0.7387879999999996,-0.19182499999999436,0.7822379289404233,75.7495874576225
2355.0,507.0,233.0,497.0,470.0,217.0,567.0,507.070155,233.641414,497.58529999999996,-0.07015499999999975,-0.6414139999999975,-0.5852999999999611,0.8711542535171088,80.77747210701756
2356.0,419.0,292.0,497.0,368.0,288.0,532.0,419.34871699999997,292.786385,497.591719,-0.3487169999999651,-0.7863849999999957,-0.5917190000000119,1.0440959195758706,61.98386886924694
2357.0,425.0,204.0,498.0,375.0,179.0,536.0,424.83323399999995,203.42155400000001,497.81197199999997,0.16676600000005237,0.5784459999999854,0.18802800000003117,0.630686294805914,67.59437846448475
2358.0,484.0,219.0,498.0,443.0,199.0,559.0,483.842634,219.145625,498.20899,0.15736600000002454,-0.14562499999999545,-0.2089899999999716,0.29941195480640803,76.17086057016817
2359.0,403.0,242.0,498.0,349.0,227.0,528.0,402.985796,242.97813200000002,498.823028,0.014204000000006545,-0.9781320000000164,-0.8230280000000221,1.2784048857165982,63.56886030125127
2360.0,390.0,184.0,499.0,335.0,155.0,524.0,390.407914,184.132254,498.64698,-0.4079140000000052,-0.132253999999989,0.353020000000015,0.5554350297847732,67.01492371106603
2361.0,459.0,228.0,499.0,413.0,210.0,550.0,458.288588,228.43139000000002,499.119649,0.7114119999999957,-0.4313900000000217,-0.11964899999998124,0.8405475888044699,71.0
2362.0,386.0,271.0,499.0,329.0,261.0,522.0,386.193392,271.010242,499.69165399999997,-0.1933920000000171,-0.010242000000005191,-0.6916539999999713,0.7182552609928918,62.27358990776106
2363.0,386.0,278.0,499.0,328.0,270.0,521.0,385.238361,278.39941,499.262691,0.7616390000000024,-0.39940999999998894,-0.262691000000018,0.8992379417606912,62.545983084447556
2364.0,352.0,190.0,500.0,291.0,162.0,511.0,352.89723399999997,190.268221,500.04846699999996,-0.897233999999969,-0.26822100000001114,-0.048466999999959626,0.9377208570176662,68.01470429252781
2365.0,481.0,211.0,500.0,439.0,189.0,560.0,480.902994,210.96536200000003,499.92762600000003,0.09700600000002169,0.034637999999972635,0.07237399999996796,0.12588864506379308,76.47221717722064
2366.0,459.0,229.0,500.0,414.0,210.0,551.0,459.325843,228.41376200000002,499.63687500000003,-0.3258430000000203,0.5862379999999803,0.36312499999996817,0.7626981178146219,70.61869440877535
2367.0,535.0,308.0,500.0,501.0,308.0,579.0,535.113624,307.858071,499.74642500000004,-0.11362399999995887,0.14192900000000463,0.25357499999995525,0.3120168826233114,86.00581375697809
2368.0,352.0,147.0,501.0,290.0,109.0,512.0,351.896067,146.85159900000002,500.56571399999996,0.10393299999998362,0.14840099999997847,0.4342860000000428,0.47056270048318466,73.54590403278758
2369.0,462.0,229.0,501.0,416.0,212.0,554.0,461.678773,230.004591,501.46806300000003,0.3212270000000217,-1.004591000000005,-0.4680630000000292,1.1538946376420383,72.20803279414278
2370.0,495.0,275.0,501.0,455.0,268.0,565.0,495.35918999999996,275.521439,500.42965300000003,-0.3591899999999555,-0.5214389999999867,0.5703469999999697,0.8521806071660629,75.79577824654879
2371.0,372.0,123.0,502.0,313.0,81.0,522.0,372.11519999999996,123.66893,502.08473000000004,-0.11519999999995889,-0.6689300000000031,-0.08473000000003594,0.6840449969117535,75.13321502504735
2372.0,535.0,135.0,502.0,502.0,98.0,585.0,535.533059,135.777668,502.089791,-0.5330589999999802,-0.7776680000000056,-0.08979099999999107,0.9470912518791343,96.6798841538404
2373.0,393.0,286.0,502.0,336.0,280.0,527.0,393.10746500000005,286.473056,501.94432500000005,-0.10746500000004744,-0.4730559999999855,0.05567499999995107,0.4882933656993417,62.52999280345393
2374.0,425.0,292.0,502.0,373.0,287.0,539.0,425.04615199999995,291.855115,501.72228600000005,-0.04615199999994957,0.14488499999998794,0.2777139999999463,0.31661764973696904,64.01562309311689
2375.0,352.0,148.0,503.0,289.0,110.0,514.0,351.648392,147.65218199999998,502.38966100000005,0.3516079999999988,0.34781800000001795,0.6103389999999536,0.7855693742178058,74.39085965358916
2376.0,316.0,152.0,503.0,249.0,114.0,502.0,317.47888,151.296562,503.49926500000004,-1.4788800000000037,0.7034380000000056,-0.4992650000000367,1.7120679351208747,77.03246069028303
2377.0,463.0,222.0,503.0,417.0,203.0,556.0,462.89395199999996,222.603388,502.67414799999995,0.10604800000004388,-0.6033879999999954,0.32585200000005443,0.6939040155180248,72.70488291717415
2378.0,377.0,131.0,504.0,317.0,89.0,525.0,376.07716,130.162933,503.454968,0.9228400000000079,0.8370669999999905,0.545031999999992,1.3599171699456516,76.19055059520177
2379.0,339.0,188.0,504.0,275.0,162.0,512.0,340.72366999999997,190.345674,504.983925,-1.72366999999997,-2.3456740000000025,-0.9839249999999993,3.072675249485521,69.54135460285484
2380.0,464.0,96.0,505.0,418.0,49.0,562.0,463.8250029999999,96.39034500000001,505.56670599999995,0.1749970000000758,-0.3903450000000106,-0.5667059999999537,0.7100344072437492,87.02873088813831
2381.0,499.0,215.0,505.0,457.0,194.0,574.0,498.578672,214.79149800000005,506.17824099999996,0.4213280000000168,0.2085019999999531,-1.1782409999999572,1.2685591124062348,83.46256645946133
2382.0,456.0,226.0,505.0,408.0,208.0,556.0,455.945669,226.74902500000002,505.06224699999996,0.05433099999999058,-0.7490250000000174,-0.06224699999995664,0.7535681768725505,72.3118247591637
2383.0,412.0,273.0,505.0,357.0,264.0,538.0,412.142164,273.118258,504.87793899999997,-0.14216399999997975,-0.11825800000002573,0.12206100000003062,0.2215726634334836,64.7688196588451
2384.0,345.0,135.0,506.0,279.0,96.0,512.0,343.22912199999996,136.265342,503.29707900000005,1.7708780000000388,-1.265342000000004,2.7029209999999466,3.4702854637751144,76.89603370785778
2385.0,409.0,172.0,506.0,354.0,140.0,540.0,409.19827499999997,171.547527,505.995803,-0.1982749999999669,0.4524729999999977,0.0041969999999764696,0.4940267261626486,72.14568594171102
2386.0,362.0,140.0,507.0,299.0,101.0,524.0,361.938718,140.10436199999998,507.473658,0.06128200000000561,-0.10436199999998053,-0.47365800000000036,0.48887504695166945,76.01973427998811
2387.0,522.0,190.0,507.0,484.0,164.0,585.0,522.148109,189.936302,507.41518099999996,-0.14810899999997673,0.06369799999998804,-0.4151809999999614,0.44538631977863835,90.57593499379402
2388.0,542.0,244.0,507.0,507.0,230.0,591.0,542.185434,243.793413,506.747567,-0.18543399999998655,0.20658700000001318,0.25243299999999635,0.3752151068573847,92.07062506576133
2389.0,414.0,284.0,507.0,359.0,277.0,541.0,414.59558999999996,283.718747,506.817004,-0.5955899999999588,0.2812529999999924,0.18299600000000282,0.6836067832642883,65.0384501660364
2390.0,334.0,178.0,508.0,266.0,146.0,513.0,333.843679,177.279016,507.94319899999994,0.15632099999999127,0.7209839999999872,0.05680100000006405,0.7399192772850198,75.31932023060219
2391.0,334.0,201.0,508.0,266.0,175.0,513.0,334.108623,201.03175599999997,508.22760199999993,-0.10862300000002278,-0.03175599999997303,-0.22760199999993347,0.2541851098490487,72.97259759663213
2392.0,503.0,257.0,509.0,460.0,245.0,576.0,501.89622499999996,256.522709,507.452954,1.1037750000000415,0.4772909999999797,1.547046000000023,1.9594584138026874,80.51086883148137
2393.0,486.0,281.0,509.0,441.0,275.0,571.0,486.104532,281.26095100000003,508.799578,-0.10453200000000606,-0.26095100000003413,0.2004220000000032,0.3452409904820405,76.84399781375251
2394.0,561.0,186.0,510.0,528.0,161.0,604.0,561.256221,187.004365,510.715654,-0.25622099999998227,-1.004365000000007,-0.7156539999999723,1.2595867980341668,102.71319292087068
2395.0,579.0,213.0,510.0,549.0,191.0,608.0,578.89014,211.410572,508.660536,0.10986000000002605,1.589427999999998,1.3394640000000209,2.0814692873256755,104.82366145102927
2396.0,500.0,271.0,510.0,457.0,263.0,578.0,500.249648,271.258498,509.96341199999995,-0.24964799999997922,-0.2584979999999746,0.03658800000005158,0.3612257211937991,80.85171612278863
2397.0,529.0,282.0,510.0,489.0,276.0,591.0,528.617764,281.570847,511.87681699999996,0.38223600000003444,0.42915299999998524,-1.87681699999996,1.962834355872615,90.53728513711906
2398.0,344.0,197.0,511.0,278.0,174.0,518.0,344.725511,200.08540500000004,508.984653,-0.7255109999999831,-3.085405000000037,2.0153470000000198,3.7560236628055588,70.24243731534378
2399.0,435.0,222.0,511.0,382.0,202.0,555.0,435.42592299999995,221.992118,510.98357899999996,-0.42592299999995475,0.00788199999999506,0.016421000000036656,0.4263122999562206,71.72865536171719
2400.0,506.0,258.0,511.0,462.0,245.0,580.0,504.491031,256.463383,510.04165,1.5089689999999791,1.5366169999999784,0.9583499999999958,2.3572471169035,82.86132994346639
2401.0,478.0,318.0,511.0,430.0,320.0,570.0,477.70732699999996,318.192209,511.322627,0.29267300000003615,-0.1922089999999912,-0.3226270000000113,0.4761196968610153,76.08547824650904
2402.0,512.0,111.0,512.0,471.0,68.0,587.0,511.68895799999996,111.355181,511.406601,0.3110420000000431,-0.35518100000000175,0.5933989999999767,0.7583027375171478,95.68176419778223
2403.0,360.0,149.0,512.0,295.0,111.0,528.0,359.962242,148.26919400000003,511.71979999999996,0.03775799999999663,0.7308059999999728,0.2802000000000362,0.783591166489248,76.97402159170326
2404.0,418.0,150.0,512.0,361.0,113.0,552.0,417.513128,149.249336,513.237206,0.4868720000000053,0.7506640000000004,-1.2372060000000147,1.526833151236913,78.85429601486528
2405.0,378.0,190.0,515.0,315.0,161.0,538.0,378.562662,188.989984,514.78345,-0.5626619999999889,1.0100160000000074,0.2165499999999838,1.1762715456050084,73.06846104852626
2406.0,416.0,231.0,515.0,357.0,212.0,552.0,415.30916399999995,230.35864800000002,515.2476829999999,0.6908360000000471,0.6413519999999835,-0.24768299999993815,0.9746453895079036,72.18725649309579
2407.0,417.0,232.0,515.0,358.0,213.0,552.0,416.09540699999997,231.17211500000002,514.997594,0.904593000000034,0.8278849999999807,0.0024059999999508364,1.2262495087501684,72.18725649309579
2408.0,542.0,308.0,515.0,503.0,309.0,600.0,542.140082,308.41321,515.556002,-0.1400820000000067,-0.4132099999999923,-0.556002000000035,0.7067557533038089,93.52539762011173
2409.0,388.0,144.0,517.0,326.0,108.0,546.0,388.707815,145.42200100000002,517.621799,-0.7078149999999823,-1.422001000000023,-0.62179900000001,1.705790993828685,77.33692520394123
2410.0,491.0,258.0,517.0,443.0,247.0,583.0,490.524714,258.171665,517.330654,0.4752859999999828,-0.1716650000000186,-0.33065399999998135,0.6039020795931884,82.34682750416071
2411.0,386.0,275.0,517.0,323.0,267.0,544.0,387.30882199999996,275.69339,518.406556,-1.3088219999999637,-0.6933900000000222,-1.4065560000000232,2.042597488718715,69.00724599634447
2412.0,539.0,302.0,517.0,499.0,301.0,600.0,538.958566,301.883102,516.51713,0.0414339999999811,0.11689799999999195,0.4828700000000481,0.4985432334913824,92.14119599831554
2413.0,172.0,159.0,518.0,75.0,122.0,462.0,171.92943,159.303624,517.714745,0.07057000000000357,-0.30362400000001344,0.2852550000000065,0.42253765903291074,117.957619508025
2414.0,421.0,215.0,519.0,362.0,193.0,558.0,420.58200299999993,214.69633299999998,518.424602,0.4179970000000708,0.30366700000001856,0.5753979999999501,0.7733162336987457,74.06753674856482
2415.0,555.0,68.0,520.0,518.0,15.0,615.0,555.012923,67.34515,520.431134,-0.012923000000000684,0.6548499999999962,-0.43113400000004276,0.7841377764047794,114.90430801323335
2416.0,458.0,117.0,520.0,407.0,75.0,576.0,459.156434,117.578938,519.560252,-1.1564339999999902,-0.5789379999999937,0.4397480000000087,1.365974782967818,86.6083136886985
2417.0,404.0,212.0,520.0,342.0,189.0,553.0,403.702579,211.592128,519.697684,0.2974209999999857,0.40787199999999757,0.3023160000000189,0.5883993401432406,73.90534486760751
2418.0,330.0,150.0,521.0,257.0,113.0,527.0,330.1903,150.13188300000002,520.83834,-0.19029999999997926,-0.13188300000001618,0.16165999999998348,0.2823847929492504,82.06095295571457
2419.0,566.0,261.0,521.0,528.0,251.0,616.0,565.200237,260.575345,520.923748,0.7997629999999845,0.4246549999999729,0.07625199999995402,0.9087172787495268,102.80564186852781
2420.0,364.0,236.0,522.0,297.0,219.0,538.0,365.104624,236.596138,520.030384,-1.1046240000000012,-0.5961379999999963,1.9696159999999736,2.3355859829764123,70.95068710026705
2421.0,370.0,239.0,522.0,303.0,222.0,541.0,370.575118,238.983655,520.8317949999999,-0.5751179999999749,0.016345000000001164,1.1682050000000572,1.302202286503178,71.68681887209112
2422.0,198.0,265.0,522.0,103.0,251.0,475.0,198.248894,264.649305,521.805346,-0.24889400000000705,0.35069499999997333,0.1946540000000141,0.47204383904145,106.91117808723277
2423.0,552.0,64.0,523.0,514.0,11.0,617.0,552.388247,64.06721200000001,522.985734,-0.38824699999997847,-0.06721200000001204,0.01426600000002054,0.39427998263795416,114.4071676076285
2424.0,551.0,83.0,523.0,513.0,34.0,616.0,551.56112,82.92322,522.694069,-0.5611199999999599,0.0767799999999994,0.30593099999998685,0.6436960459416748,111.77656283854859
2425.0,456.0,112.0,523.0,403.0,68.0,579.0,456.764498,111.831785,522.862553,-0.7644980000000032,0.16821500000000356,0.1374469999999519,0.7947610685218501,88.77499647986475
2426.0,500.0,124.0,523.0,453.0,84.0,596.0,500.18854,124.4525,523.235739,-0.18853999999998905,-0.45250000000000057,-0.23573899999996684,0.5439452708875965,95.5928867646542
2427.0,483.0,223.0,523.0,433.0,204.0,588.0,483.66153599999996,222.94783999999999,523.393523,-0.6615359999999555,0.05216000000001486,-0.3935229999999592,0.7714991227635392,84.17838202293983
2428.0,499.0,305.0,524.0,451.0,303.0,591.0,499.33437,303.898001,522.017654,-0.3343699999999785,1.101998999999978,1.9823460000000068,2.292575136525947,82.44392033376384
2429.0,357.0,184.0,525.0,286.0,154.0,541.0,356.743051,183.382656,524.583151,0.2569490000000201,0.6173440000000028,0.4168489999999565,0.7879717582109003,78.7210264160726
2430.0,467.0,190.0,525.0,414.0,164.0,583.0,467.23032300000006,190.351882,524.053657,-0.23032300000005534,-0.35188199999998915,0.9463429999999562,1.0355842311960601,82.75868534480233
2431.0,525.0,279.0,525.0,480.0,273.0,603.0,524.718169,279.019584,523.511924,0.28183100000001104,-0.019584000000008928,1.4880759999999782,1.5146558775487393,90.24965373894794
2432.0,450.0,284.0,525.0,394.0,279.0,576.0,450.917787,284.739887,524.939528,-0.9177869999999757,-0.7398870000000102,0.0604720000000043,1.1804332310308665,75.90783885739337
2433.0,519.0,286.0,525.0,473.0,282.0,604.0,519.6207919999999,286.41824,526.196581,-0.6207919999999376,-0.4182400000000257,-1.1965810000000374,1.4114225074105322,91.50409826887537
2434.0,461.0,284.0,527.0,405.0,278.0,582.0,461.017716,283.787094,526.733597,-0.01771600000000717,0.2129059999999754,0.2664029999999684,0.3414870127852199,78.7210264160726
2435.0,432.0,178.0,529.0,372.0,150.0,575.0,432.382741,179.216228,528.615015,-0.38274100000001,-1.216228000000001,0.3849850000000288,1.3318838805579232,80.62257748298549
2436.0,509.0,123.0,530.0,460.0,82.0,607.0,508.47164499999997,122.64284400000001,529.945195,0.5283550000000332,0.35715599999998915,0.05480499999998756,0.6400960884008166,100.05498488331304
2437.0,367.0,151.0,530.0,297.0,115.0,553.0,368.0567,151.233373,530.667286,-1.056699999999978,-0.23337300000000027,-0.66728599999999,1.2713569337227608,82.00609733428362
2438.0,349.0,167.0,530.0,275.0,135.0,546.0,349.32203,167.821864,531.141284,-0.32202999999998383,-0.821864000000005,-1.1412840000000415,1.4428073066255565,82.19489035213807
2439.0,445.0,281.0,530.0,385.0,275.0,580.0,444.927872,281.465844,530.347852,0.07212800000002062,-0.46584400000000414,-0.34785199999998895,0.5858447700748033,78.33262411026456
2440.0,495.0,121.0,531.0,444.0,79.0,604.0,495.230081,120.31125700000001,531.742744,-0.23008099999998421,0.6887429999999881,-0.7427440000000161,1.0387361725414208,98.45811292118086
2441.0,555.0,148.0,531.0,514.0,115.0,625.0,555.419575,149.153172,530.222638,-0.4195750000000089,-1.153172000000012,0.7773620000000392,1.452632273238171,107.73114684249862
2442.0,352.0,149.0,532.0,278.0,111.0,548.0,351.95438299999995,148.12357500000002,531.680472,0.04561700000004976,0.8764249999999834,0.31952799999999115,0.9339699321166446,84.71127433818948
2443.0,307.0,176.0,532.0,225.0,145.0,532.0,306.915968,176.460604,533.354446,0.08403199999997923,-0.46060399999998936,-1.3544460000000527,1.433088060363399,87.66413177577246
2444.0,403.0,214.0,532.0,336.0,192.0,566.0,402.449269,213.92641099999997,531.389067,0.5507309999999848,0.07358900000002677,0.6109330000000455,0.8258081531270097,78.28793010419933
2445.0,513.0,310.0,532.0,463.0,311.0,608.0,513.155258,310.17877,532.188432,-0.15525800000000345,-0.17876999999998588,-0.18843200000003435,0.3026059782753952,90.97801932335085
2446.0,537.0,167.0,534.0,492.0,137.0,623.0,538.0039169999999,167.31960800000002,534.60186,-1.0039169999998876,-0.31960800000001655,-0.6018599999999878,1.2133565329913423,104.14413089560064
2447.0,522.0,238.0,534.0,474.0,223.0,614.0,522.460355,237.967757,533.129292,-0.4603550000000496,0.032242999999994026,0.870708000000036,0.9854434323380048,94.49338601193207
2448.0,387.0,253.0,534.0,317.0,239.0,562.0,387.073036,252.576638,533.679532,-0.07303600000000188,0.42336199999999735,0.3204680000000053,0.5359751667418944,76.68115805072325
2449.0,479.0,119.0,535.0,424.0,77.0,601.0,478.88922499999995,118.821102,534.589684,0.11077500000004648,0.17889800000000378,0.41031599999996615,0.461123426953114,95.62949335848225
2450.0,466.0,127.0,535.0,409.0,87.0,597.0,466.283388,127.143737,535.477706,-0.2833880000000022,-0.14373700000000156,-0.47770600000001195,0.57373522303325,93.23625904121208
2451.0,432.0,170.0,535.0,370.0,139.0,582.0,432.549067,170.133509,534.466784,-0.5490669999999795,-0.13350900000000365,0.5332160000000385,0.7769289068029452,83.74962686484042
2452.0,439.0,172.0,535.0,376.0,142.0,584.0,437.75941299999994,172.533061,534.491073,1.2405870000000618,-0.5330610000000036,0.5089269999999715,1.4429888515228133,85.26429498916883
2453.0,469.0,263.0,536.0,412.0,254.0,597.0,470.140421,263.909978,536.335787,-1.1404210000000035,-0.9099780000000237,-0.33578699999998207,1.4971215472011747,83.97023282092292
2454.0,389.0,268.0,536.0,318.0,258.0,566.0,389.064319,268.085045,536.714457,-0.06431900000001178,-0.08504499999997961,-0.7144570000000385,0.7223699818202949,77.72387020729218
2455.0,312.0,124.0,537.0,229.0,82.0,539.0,311.269864,124.753207,537.136875,0.7301360000000159,-0.7532070000000033,-0.13687500000003183,1.057900812444171,93.04300081145277
2456.0,345.0,243.0,537.0,268.0,227.0,550.0,345.76338499999997,243.16639500000002,536.971288,-0.7633849999999711,-0.16639500000002272,0.02871200000004137,0.7818365130856744,79.71198153351854
2457.0,518.0,83.0,538.0,469.0,34.0,621.0,518.669152,83.109137,538.015103,-0.6691520000000537,-0.10913700000000404,-0.015102999999953681,0.6781617686673818,108.1249277456406
2458.0,319.0,148.0,538.0,237.0,110.0,542.0,318.52297200000004,147.606038,537.663669,0.4770279999999616,0.3939619999999877,0.33633099999997285,0.7041876964197368,90.46546302318913
2459.0,379.0,156.0,538.0,306.0,121.0,567.0,378.747551,155.92890599999998,539.266772,0.2524490000000128,0.07109400000001642,-1.2667719999999463,1.2936367938570983,85.99418584997477
2460.0,555.0,257.0,538.0,509.0,247.0,632.0,554.561028,257.212812,538.256496,0.4389720000000352,-0.21281199999998535,-0.2564959999999701,0.5511583820863195,105.1284928076114
2461.0,365.0,234.0,539.0,289.0,216.0,560.0,364.583616,233.91893199999998,539.176815,0.41638399999999365,0.08106800000001613,-0.17681500000003325,0.45957719732925073,80.876448982383
2462.0,498.0,155.0,540.0,443.0,122.0,613.0,497.187154,155.428115,539.418439,0.8128459999999791,-0.42811499999999114,0.5815609999999651,1.0872967716598434,97.17509969122749
2463.0,427.0,243.0,540.0,361.0,228.0,585.0,427.14865199999997,243.044081,540.010037,-0.14865199999997003,-0.04408100000000559,-0.010037000000011176,0.15537468594977694,81.2773031048644
2464.0,174.0,108.0,541.0,68.0,62.0,490.0,173.225665,109.862195,540.705013,0.7743350000000078,-1.8621949999999998,0.2949869999999919,2.0382301735621047,126.3051859584554
2465.0,426.0,224.0,541.0,359.0,205.0,586.0,425.644458,224.20485200000002,541.0813899999999,0.355542000000014,-0.2048520000000167,-0.08138999999994212,0.4183285643701699,82.915619758885
2466.0,519.0,286.0,541.0,466.0,282.0,621.0,518.603559,286.252796,541.226927,0.3964409999999816,-0.25279599999998936,-0.22692700000004606,0.522079637053583,96.04686356149273
2467.0,389.0,229.0,542.0,317.0,210.0,572.0,389.409572,228.703548,541.166349,-0.4095720000000256,0.29645199999998795,0.8336510000000317,0.9749907698481389,80.2807573457052
2468.0,315.0,123.0,543.0,232.0,80.0,547.0,315.664097,123.00202800000001,542.554549,-0.6640970000000266,-0.0020280000000099108,0.4454510000000482,0.7996596348410231,93.56281312572854
2469.0,503.0,169.0,543.0,450.0,137.0,620.0,504.584979,167.590619,543.186126,-1.5849789999999757,1.4093809999999962,-0.18612599999994472,2.1291209738946004,98.80283396745257
2470.0,514.0,264.0,543.0,461.0,255.0,623.0,514.9916479999999,264.142071,543.8158619999999,-0.991647999999941,-0.14207099999998718,-0.8158619999999246,1.2919677735875443,96.38464608017192
2471.0,355.0,174.0,544.0,276.0,142.0,562.0,354.325457,173.35713099999998,543.383989,0.6745430000000283,0.6428690000000188,0.6160109999999577,1.1170310479709193,87.11486669908874
2472.0,380.0,224.0,544.0,305.0,204.0,572.0,380.029472,223.85630400000002,544.226259,-0.02947199999999839,0.14369599999997718,-0.2262590000000273,0.26964842718066373,82.516664983505
2473.0,542.0,312.0,544.0,492.0,315.0,633.0,542.231605,312.991938,544.118726,-0.231604999999945,-0.9919380000000046,-0.11872600000003786,1.0255134006657314,102.12737145349429
2474.0,544.0,260.0,547.0,493.0,250.0,638.0,543.715612,259.68727,547.106985,0.2843880000000354,0.31272999999998774,-0.10698500000000877,0.43603024857114486,104.7950380504726
2475.0,540.0,288.0,547.0,490.0,284.0,637.0,541.434767,287.564124,547.442989,-1.4347669999999653,0.4358760000000075,-0.4429890000000114,1.5635803419670884,103.03397497913006
2476.0,509.0,294.0,547.0,454.0,292.0,624.0,510.150079,294.474407,546.775115,-1.1500790000000052,-0.47440699999998515,0.22488499999997202,1.264245613445024,94.64671151181112
2477.0,290.0,109.0,548.0,200.0,62.0,544.0,289.85178099999996,108.474029,548.363329,0.14821900000004007,0.5259709999999984,-0.36332900000002155,0.6562182007861607,101.61200716450787
2478.0,375.0,229.0,549.0,298.0,210.0,575.0,375.424983,228.77371,548.435739,-0.42498299999999745,0.22629000000000588,0.5642609999999877,0.7417601974425337,83.46256645946133
2479.0,294.0,131.0,551.0,204.0,88.0,548.0,294.238337,129.699077,550.687215,-0.23833700000000135,1.3009230000000116,0.31278499999996257,1.3590583628832897,99.7897790357309
2480.0,520.0,197.0,551.0,465.0,173.0,633.0,519.952404,196.836429,549.743324,0.04759599999999864,0.16357099999999036,1.2566759999999704,1.2681701069781302,101.61200716450787
2481.0,498.0,256.0,551.0,438.0,245.0,624.0,497.286975,256.068075,550.472522,0.713025000000016,-0.06807500000002165,0.5274779999999737,0.8895346517893488,95.13148795220224
2482.0,499.0,264.0,551.0,439.0,255.0,626.0,498.67573799999997,264.229012,551.8649399999999,0.3242620000000329,-0.22901200000001154,-0.8649399999999332,0.9516898362323258,96.46761114488116
2483.0,528.0,282.0,551.0,473.0,278.0,636.0,527.908984,282.75688,551.025257,0.09101599999996779,-0.7568800000000238,-0.02525700000001052,0.762751048970128,101.32127121192272
2484.0,516.0,203.0,552.0,460.0,181.0,634.0,516.4001049999999,203.40483899999998,551.898382,-0.40010499999993954,-0.4048389999999813,0.1016180000000304,0.5781910107135381,101.70545708072896
2485.0,437.0,261.0,552.0,368.0,251.0,603.0,437.48119299999996,261.62668,552.404522,-0.481192999999962,-0.6266800000000217,-0.4045220000000427,0.8876443962156383,86.38286867197685
2486.0,496.0,267.0,554.0,437.0,257.0,627.0,497.399944,265.866283,553.181468,-1.399944000000005,1.13371699999999,0.8185320000000047,1.9786743224313088,94.39279633531363
2487.0,449.0,126.0,555.0,381.0,86.0,612.0,448.41747599999997,126.300756,554.4018169999999,0.5825240000000349,-0.3007560000000069,0.5981830000000627,0.8874746664559614,97.32933781753577
2488.0,425.0,149.0,555.0,354.0,114.0,603.0,425.3500629999999,149.493762,554.699507,-0.3500629999999205,-0.4937620000000038,0.3004929999999604,0.6757522176522429,92.57429448826494
2489.0,349.0,232.0,556.0,265.0,214.0,573.0,349.2967,232.25858900000003,555.497291,-0.2966999999999871,-0.25858900000002905,0.5027089999999816,0.6384477266010029,87.5728268357257
2490.0,362.0,246.0,556.0,279.0,231.0,578.0,361.63224999999994,246.044132,555.911076,0.36775000000005775,-0.04413199999999051,0.08892400000001999,0.3809136039839549,87.16650732936361
2491.0,357.0,315.0,556.0,273.0,316.0,575.0,356.96572399999997,315.73389499999996,555.972681,0.034276000000033946,-0.7338949999999613,0.027319000000034066,0.7352027223575464,86.1278120005379
2492.0,296.0,113.0,557.0,204.0,68.0,556.0,296.136801,113.221597,556.708051,-0.1368009999999913,-0.2215970000000027,0.2919490000000451,0.3912211172866633,102.42070103255493
2493.0,476.0,71.0,560.0,412.0,18.0,630.0,476.569209,70.214663,559.6663609999999,-0.5692090000000007,0.7853369999999984,0.33363900000006197,1.0257036957967147,108.65081684000356
2494.0,526.0,281.0,561.0,467.0,276.0,647.0,526.089698,281.01993300000004,561.1133609999999,-0.0896979999999985,-0.019933000000037282,-0.11336099999994076,0.1459238569048522,104.41264291262816
2495.0,527.0,282.0,561.0,468.0,277.0,648.0,527.136089,281.821365,561.640394,-0.13608899999996993,0.17863499999998567,-0.6403940000000148,0.6786274046794792,105.23782589924595
2496.0,353.0,174.0,563.0,266.0,143.0,584.0,352.28677899999997,173.967351,563.08944,0.7132210000000327,0.032648999999992157,-0.08943999999996777,0.7195482371891688,94.71536306217698
2497.0,373.0,220.0,563.0,290.0,199.0,591.0,373.269999,219.61623400000002,562.8409819999999,-0.26999899999998433,0.38376599999998007,0.15901800000006006,0.4954417494327616,90.07774419910837
2498.0,349.0,226.0,563.0,261.0,206.0,581.0,348.196368,225.632201,562.675395,0.8036319999999932,0.3677989999999909,0.3246050000000196,0.9415247749528396,92.02173656261873
2499.0,402.0,292.0,563.0,323.0,288.0,601.0,402.329114,292.207655,562.908457,-0.3291140000000041,-0.20765499999998838,0.09154300000000148,0.3997708654592005,87.75534171775527
2500.0,419.0,166.0,565.0,344.0,134.0,614.0,420.623341,165.79850700000003,566.042949,-1.6233409999999822,0.20149299999997083,-1.0429490000000214,1.9399943422420012,95.13148795220224
2501.0,455.0,279.0,565.0,383.0,274.0,624.0,454.811034,280.12843000000004,565.051205,0.18896599999999353,-1.1284300000000371,-0.05120499999998174,1.1452878965924156,93.22016949137134
2502.0,325.0,167.0,567.0,233.0,134.0,577.0,324.738988,166.86462500000002,566.137891,0.2610119999999938,0.13537499999998204,0.8621090000000322,0.9108707826305812,98.2496819333274
2503.0,309.0,192.0,567.0,214.0,166.0,571.0,308.70541899999995,193.253022,566.727007,0.2945810000000506,-1.2530219999999872,0.27299300000004223,1.315814301523593,98.57484466130292
2504.0,425.0,195.0,568.0,348.0,169.0,618.0,425.092121,194.39509499999997,568.455098,-0.0921210000000201,0.6049050000000307,-0.4550980000000209,0.7625683754720358,95.42012366372201
2505.0,419.0,264.0,568.0,341.0,254.0,615.0,419.648488,264.09045100000003,568.776599,-0.6484879999999862,-0.09045100000003004,-0.7765990000000329,1.015787416906726,91.61331780914826
2506.0,459.0,296.0,568.0,388.0,294.0,631.0,460.700325,296.39742,569.387719,-1.7003250000000207,-0.397420000000011,-1.3877189999999473,2.2304286101523028,94.94208761134337
2507.0,402.0,238.0,570.0,322.0,221.0,611.0,403.541375,237.21587800000003,570.282504,-1.5413750000000164,0.784121999999968,-0.2825040000000172,1.752282143812751,91.48770409186143
2508.0,411.0,171.0,572.0,331.0,141.0,618.0,411.625494,171.556496,572.598734,-0.6254940000000033,-0.5564960000000099,-0.5987340000000358,1.029277875409774,97.03607576566563
2509.0,441.0,144.0,573.0,365.0,108.0,630.0,440.86742,144.192934,572.764103,0.13258000000001857,-0.19293400000000815,0.23589700000002267,0.3323377489317438,101.59232254457027
2510.0,287.0,170.0,574.0,186.0,137.0,572.0,286.941627,169.64485100000002,574.496814,0.05837300000001733,0.35514899999998306,-0.4968139999999721,0.6134837976067194,106.27323275406654
2511.0,365.0,184.0,575.0,276.0,155.0,603.0,365.11029299999996,183.51147600000002,575.373482,-0.11029299999995601,0.48852399999998397,-0.37348199999996723,0.6247471878679809,97.70363350459388
2512.0,513.0,219.0,575.0,446.0,201.0,659.0,512.207027,219.563466,575.161116,0.7929729999999608,-0.5634660000000054,-0.1611159999999927,0.9860316817125815,108.94494022211403
2513.0,439.0,236.0,575.0,362.0,220.0,629.0,439.29918299999997,235.95646799999997,573.865053,-0.2991829999999709,0.04353200000002744,1.134947000000011,1.174525519229791,95.39916142189091
2514.0,446.0,118.0,576.0,370.0,76.0,636.0,446.02149099999997,117.882839,575.813531,-0.021490999999969063,0.11716099999999585,0.18646899999998823,0.22126737437542235,105.54619841567009
2515.0,498.0,133.0,578.0,428.0,95.0,657.0,496.730389,132.86785,577.245458,1.2696109999999976,0.13214999999999577,0.7545420000000149,1.4828045534004188,112.18288639538564
2516.0,483.0,297.0,578.0,410.0,295.0,650.0,482.748627,296.86476899999997,578.445132,0.25137300000000096,0.13523100000003296,-0.44513199999994413,0.5287894722041653,102.55242561733974
2517.0,395.0,138.0,579.0,308.0,99.0,619.0,393.62846899999994,137.27258,578.94157,1.3715310000000613,0.7274199999999951,0.05843000000004395,1.5535929985878432,103.39245620450265
2518.0,403.0,172.0,579.0,319.0,141.0,623.0,403.60094999999995,171.56343700000002,579.6030959999999,-0.6009499999999548,0.4365629999999783,-0.6030959999999368,0.9567930500818087,99.76472322419383
2519.0,322.0,229.0,579.0,225.0,210.0,590.0,322.598392,229.00147400000003,579.064977,-0.5983919999999898,-0.0014740000000301734,-0.06497699999999895,0.6019112632847036,99.45350672550465
2520.0,378.0,248.0,579.0,290.0,235.0,612.0,379.062003,248.84965900000003,579.513596,-1.0620030000000042,-0.849659000000031,-0.5135960000000068,1.4538059153497995,94.87887014504336
2521.0,385.0,147.0,580.0,298.0,111.0,616.0,385.186587,147.193335,579.326848,-0.18658699999997452,-0.1933349999999905,0.6731519999999591,0.7247942783286384,100.80178569846865
2522.0,431.0,149.0,581.0,351.0,114.0,636.0,431.60362599999996,149.113386,581.124221,-0.6036259999999629,-0.11338599999999133,-0.12422100000003411,0.6266191743898056,103.19883720275146
2523.0,454.0,152.0,582.0,374.0,119.0,644.0,451.60395099999994,152.983767,581.412624,2.396049000000062,-0.9837670000000003,0.5873759999999493,2.6559101803461345,106.45656391223605
2524.0,411.0,164.0,582.0,328.0,131.0,629.0,412.064441,163.25029,581.828694,-1.064440999999988,0.7497099999999932,0.17130599999995866,1.3131814315687493,100.93066927351666
2525.0,419.0,137.0,583.0,334.0,100.0,634.0,417.744607,137.765697,583.850911,1.2553930000000264,-0.7656969999999887,-0.8509109999999964,1.698927017319768,105.80642702596096
2526.0,411.0,162.0,583.0,326.0,129.0,630.0,410.752103,161.61132100000003,583.105994,0.24789700000002313,0.3886789999999678,-0.10599400000000969,0.47303172799082777,102.58167477673582
2527.0,487.0,168.0,584.0,414.0,138.0,660.0,487.024183,168.129627,583.637069,-0.024182999999993626,-0.12962699999999927,0.3629310000000032,0.3861436097865687,109.5673308974897
2528.0,493.0,245.0,584.0,420.0,232.0,660.0,492.54560899999996,245.08770900000002,582.999551,0.45439100000004373,-0.08770900000001802,1.0004490000000033,1.1022986215917396,106.17909398747005
2529.0,491.0,309.0,584.0,417.0,310.0,658.0,490.40659999999997,309.015238,582.989941,0.593400000000031,-0.015238000000010743,1.0100589999999556,1.1715694346153571,104.65658125507444
2530.0,357.0,156.0,585.0,263.0,121.0,611.0,356.778462,155.639865,584.635668,0.22153800000000956,0.36013500000001386,0.36433199999999033,0.5581344908648875,103.61949623502326
2531.0,464.0,285.0,585.0,384.0,281.0,650.0,462.415941,285.543347,585.06513,1.5840590000000248,-0.5433469999999829,-0.06512999999995372,1.6759208796330614,103.15522284402279
2532.0,375.0,192.0,586.0,283.0,163.0,618.0,374.52535,189.84428,585.289496,0.4746499999999969,2.1557200000000023,0.7105040000000145,2.3188870767926644,101.63168797181321
2533.0,500.0,220.0,586.0,427.0,202.0,667.0,499.53231399999993,220.392513,586.325923,0.46768600000007154,-0.3925130000000081,-0.32592299999998886,0.6921144787490477,110.51696702316798
2534.0,499.0,221.0,586.0,426.0,203.0,667.0,498.76434299999994,221.21716600000002,586.595626,0.23565700000006018,-0.21716600000002018,-0.5956260000000384,0.6763620517748485,110.51696702316798
2535.0,416.0,219.0,587.0,331.0,200.0,634.0,416.326886,219.68847599999998,585.611299,-0.3268860000000018,-0.6884759999999801,1.388700999999969,1.584090946559852,98.96969233053117
2536.0,346.0,255.0,587.0,249.0,241.0,608.0,346.21484,254.041472,587.119686,-0.21483999999998105,0.9585280000000012,-0.11968600000000151,0.9895740957502851,100.22973610660661
2537.0,321.0,262.0,587.0,220.0,250.0,598.0,321.15948099999997,261.695559,586.973713,-0.15948099999997112,0.3044409999999971,0.02628700000002482,0.3446875660812126,102.30347012687302
2538.0,489.0,234.0,588.0,414.0,218.0,665.0,489.055803,233.59425199999998,588.307239,-0.055803000000025804,0.4057480000000169,-0.3072389999999814,0.5119972826431847,108.67382389517726
2539.0,394.0,182.0,589.0,304.0,153.0,629.0,393.61486499999995,181.403842,588.281952,0.38513500000004797,0.5961580000000026,0.7180479999999534,1.009616887484046,102.66937225872184
2540.0,432.0,115.0,590.0,348.0,72.0,647.0,431.750221,114.59726,590.040357,0.24977899999998954,0.4027399999999943,-0.04035699999997178,0.47562353168234633,110.24518130059019
2541.0,439.0,145.0,590.0,356.0,110.0,650.0,439.09468899999996,145.640691,590.665221,-0.09468899999995983,-0.6406910000000039,-0.6652209999999741,0.9284233641194963,108.23123393919151
2542.0,416.0,224.0,590.0,330.0,206.0,640.0,417.165483,224.53621900000002,590.592769,-1.1654829999999947,-0.5362190000000169,-0.5927689999999757,1.4132432651921527,101.09401564880089
2543.0,323.0,182.0,591.0,221.0,152.0,605.0,322.862296,181.337841,591.192585,0.13770399999998517,0.6621590000000026,-0.19258500000000822,0.7032111454762379,107.23805294763608
2544.0,427.0,214.0,591.0,341.0,193.0,644.0,426.63548399999996,213.778776,590.71491,0.36451600000003737,0.22122400000000653,0.2850899999999683,0.5129213200209288,103.17945531936094
2545.0,323.0,236.0,592.0,222.0,218.0,605.0,324.24237899999997,235.39020800000003,591.5799509999999,-1.2423789999999713,0.6097919999999704,0.42004900000006273,1.44630322730261,103.41179816636011
2546.0,490.0,244.0,592.0,412.0,235.0,671.0,489.217789,247.457248,593.656482,0.782211000000018,-3.4572479999999928,-1.6564819999999827,3.912588708048537,111.3822247937255
2547.0,429.0,121.0,593.0,344.0,79.0,650.0,429.486189,120.316947,593.479956,-0.4861890000000244,0.683053000000001,-0.4799560000000156,0.9660739653184118,110.62549434917794
2548.0,410.0,181.0,593.0,322.0,152.0,640.0,410.455283,180.351723,592.1423589999999,-0.45528300000000854,0.6482770000000073,0.8576410000000578,1.1675160657134944,103.89417693018218
2549.0,418.0,166.0,595.0,331.0,136.0,646.0,418.863958,167.124216,594.309115,-0.8639580000000251,-1.12421599999999,0.6908849999999802,1.577214989671666,105.21406750050109
2550.0,351.0,258.0,595.0,252.0,247.0,620.0,351.722753,258.794633,595.724304,-0.7227530000000115,-0.7946329999999762,-0.724303999999961,1.2955422756953638,102.69858811103491
2551.0,462.0,290.0,595.0,380.0,287.0,661.0,462.223957,290.347694,594.711898,-0.22395699999998442,-0.34769399999998996,0.28810199999998076,0.5040343419738132,105.30432089900205
2552.0,336.0,294.0,595.0,233.0,289.0,612.0,335.260248,293.3977,594.857246,0.73975200000001,0.6023000000000138,0.14275399999996807,0.9645605299928162,104.513157066467
2553.0,431.0,126.0,596.0,345.0,86.0,654.0,431.36784,125.996634,596.397197,-0.36784000000000106,0.003365999999999758,-0.3971970000000056,0.5413714550703659,111.17553687749837
2554.0,301.0,190.0,597.0,194.0,162.0,603.0,301.45147099999997,189.70352200000002,596.753603,-0.45147099999996954,0.29647799999997915,0.24639700000000175,0.5936638357976347,110.76551810017412
2555.0,339.0,164.0,606.0,234.0,131.0,629.0,339.016383,163.77603200000001,606.258918,-0.01638300000001891,0.22396799999998507,-0.2589179999999942,0.342736923072188,112.44109569014347
2556.0,443.0,266.0,606.0,354.0,257.0,666.0,443.04583499999995,265.861137,605.060594,-0.04583499999995411,0.13886300000001484,0.9394059999999627,0.9507194185615069,107.71258050942797
2557.0,442.0,214.0,607.0,353.0,193.0,670.0,442.7246159999999,213.39875,607.80133,-0.7246159999999122,0.6012499999999932,-0.8013300000000072,1.2364059522890838,111.04503590885997
2558.0,387.0,307.0,607.0,289.0,307.0,646.0,387.78772,307.418382,606.901744,-0.7877199999999789,-0.41838200000000825,0.09825599999999213,0.8973296706673485,105.47511554864494
2559.0,451.0,222.0,608.0,364.0,203.0,674.0,452.40474499999993,221.479687,608.149032,-1.4047449999999344,0.5203129999999874,-0.1490320000000338,1.505405151451865,110.84223021935277
2560.0,317.0,197.0,609.0,207.0,170.0,623.0,316.82991,195.942593,608.995851,0.17009000000001606,1.057407000000012,0.004148999999983971,1.0710076498092955,114.12712210513327
2561.0,374.0,310.0,609.0,272.0,310.0,643.0,373.823865,310.006748,609.018031,0.17613499999998794,-0.0067480000000159635,-0.018030999999950836,0.1771840587919641,107.5174404457249
2562.0,340.0,299.0,613.0,231.0,295.0,635.0,339.744254,298.046441,613.3096859999999,0.2557459999999878,0.9535589999999843,-0.3096859999999424,1.0346913557157653,111.26994203287786
2563.0,402.0,210.0,614.0,304.0,187.0,663.0,402.770521,208.842692,615.037538,-0.7705209999999738,1.1573080000000004,-1.0375380000000405,1.7348053261818874,111.95534824205586
2564.0,312.0,277.0,616.0,197.0,269.0,627.0,311.003896,277.037323,615.674192,0.9961040000000025,-0.03732300000001487,0.32580800000005183,1.0486977820177936,115.80155439371269
2565.0,337.0,245.0,619.0,227.0,232.0,642.0,337.88129399999997,246.38378799999998,619.171283,-0.8812939999999685,-1.3837879999999814,-0.17128300000001673,1.649510900075807,113.12824580978881
2566.0,324.0,240.0,621.0,210.0,226.0,638.0,323.575067,241.61264900000003,620.422185,0.42493300000001,-1.612649000000033,0.5778149999999869,1.7649575139121905,116.1077086157504
2567.0,291.0,270.0,115.0,366.0,252.0,38.0,288.952495,269.256701,113.860191,2.047505000000001,0.7432989999999791,1.1398089999999996,2.4584415154538397,108.98623766329398
2568.0,257.0,266.0,119.0,324.0,246.0,32.0,254.69829699999997,264.649457,120.054249,2.301703000000032,1.350543000000016,-1.0542489999999987,2.8693630040584246,111.61541112229978
2569.0,272.0,139.0,128.0,340.0,94.0,50.0,270.42600100000004,139.84621900000002,128.39344499999999,1.573998999999958,-0.8462190000000192,-0.3934449999999856,1.8298520202428634,112.84059553192725
2570.0,302.0,175.0,141.0,372.0,134.0,74.0,301.90241699999996,172.140803,139.119981,0.09758300000004283,2.8591969999999947,1.8800190000000043,3.423302698719322,105.21406750050109
2571.0,229.0,276.0,152.0,282.0,260.0,60.0,229.471851,276.014223,152.86659500000002,-0.4718509999999867,-0.014223000000015418,-0.866595000000018,0.9868295465555432,107.37318100903968
2572.0,208.0,207.0,171.0,254.0,178.0,74.0,210.605775,208.83941700000003,170.219217,-2.605774999999994,-1.8394170000000258,0.7807830000000138,3.2837692281284148,111.20251795710384
2573.0,527.0,119.0,174.0,618.0,72.0,204.0,526.323547,118.418655,175.603391,0.6764530000000377,0.5813449999999989,-1.6033909999999878,1.8347788338421094,106.72394295564608
2574.0,234.0,207.0,175.0,276.0,176.0,88.0,231.32592899999997,206.909761,175.361599,2.6740710000000263,0.09023899999999685,-0.36159900000001244,2.6999171518702476,101.45935146648632
2575.0,418.0,262.0,175.0,490.0,246.0,156.0,415.95641099999995,262.228679,173.274641,2.043589000000054,-0.22867899999999963,1.7253589999999974,2.684290178956666,76.16429609731846
2576.0,419.0,263.0,177.0,492.0,246.0,162.0,419.071513,262.145283,177.41758099999998,-0.07151299999998173,0.8547169999999937,-0.4175809999999842,0.9539544804753387,76.43951857514541
2577.0,511.0,88.0,179.0,598.0,36.0,202.0,509.93221500000004,89.068425,178.894015,1.067784999999958,-1.0684250000000048,0.10598500000000399,1.514242255081703,103.93267051317406
2578.0,429.0,272.0,182.0,501.0,259.0,172.0,428.78572399999996,272.62237600000003,182.977228,0.21427600000004077,-0.6223760000000311,-0.9772279999999967,1.17823624691148,73.84443106964804
2579.0,267.0,103.0,191.0,311.0,51.0,121.0,265.967558,103.934351,190.68439,1.0324420000000032,-0.9343510000000066,0.3156099999999924,1.4277807768229036,97.67292357659824
2580.0,422.0,267.0,191.0,490.0,252.0,180.0,422.254779,266.854199,191.984411,-0.254778999999985,0.14580100000000584,-0.9844109999999944,1.027246458919661,70.49822692805827
2581.0,547.0,81.0,197.0,636.0,32.0,240.0,549.311361,85.122321,198.509375,-2.3113610000000335,-4.1223209999999995,-1.5093750000000057,4.96126324538289,110.32225523438143
2582.0,238.0,93.0,208.0,272.0,38.0,132.0,238.40324500000003,93.372313,209.241185,-0.4032450000000267,-0.37231300000000545,-1.2411850000000015,1.3571159509117228,99.78476837674175
2583.0,186.0,175.0,208.0,212.0,140.0,104.0,185.424553,177.58899300000002,204.075843,0.5754469999999969,-2.5889930000000163,3.924157000000008,4.73635220021771,112.76967677527502
2584.0,548.0,304.0,211.0,630.0,300.0,256.0,551.2595349999999,304.471399,215.130979,-3.2595349999999144,-0.47139900000001944,-4.130978999999996,5.283159370288429,93.62157870918435
2585.0,495.0,76.0,214.0,568.0,20.0,238.0,495.838157,75.697995,214.510375,-0.8381570000000238,0.3020049999999941,-0.5103750000000105,1.0267408715440556,95.08417323613851
2586.0,538.0,186.0,218.0,614.0,156.0,254.0,536.9899429999999,186.640317,216.32286299999998,1.0100570000000744,-0.6403170000000102,1.677137000000016,2.0598566747488083,89.28605714219886
2587.0,567.0,169.0,219.0,648.0,134.0,268.0,566.852661,168.262345,218.150353,0.14733899999998812,0.7376549999999895,0.8496470000000045,1.1347879557675031,100.93066927351666
2588.0,220.0,171.0,227.0,244.0,134.0,142.0,220.12278499999996,172.038327,225.230965,-0.12278499999996484,-1.0383270000000095,1.7690350000000024,2.05491701690823,95.7601169589929
2589.0,148.0,154.0,228.0,162.0,112.0,118.0,149.955467,154.76647300000002,227.675755,-1.9554669999999987,-0.7664730000000191,0.32424499999999057,2.125198077319622,118.5748708622531
2590.0,196.0,171.0,232.0,212.0,132.0,140.0,194.71679299999997,170.603253,231.973779,1.2832070000000328,0.39674700000000485,0.0262209999999925,1.3433971593311815,101.19782606360673
2591.0,571.0,152.0,234.0,647.0,114.0,288.0,571.095794,151.646038,233.756549,-0.0957939999999553,0.35396199999999567,0.2434509999999932,0.4401522205794094,100.67770358922576
2592.0,165.0,162.0,240.0,174.0,120.0,138.0,164.55679899999998,161.01113700000002,240.177899,0.44320100000001617,0.9888629999999807,-0.17789899999999648,1.098146262285209,110.6752004741803
2593.0,547.0,175.0,240.0,618.0,142.0,288.0,548.8154989999999,174.741915,241.568129,-1.8154989999999316,0.2580849999999941,-1.568128999999999,2.4128143415660364,91.83681179135085
2594.0,516.0,321.0,246.0,576.0,320.0,276.0,514.681437,320.913921,244.903943,1.3185630000000401,0.08607899999998381,1.0960570000000018,1.7167873853389963,67.08949247087803
2595.0,528.0,171.0,250.0,592.0,138.0,290.0,529.094469,171.587023,249.84044099999997,-1.0944690000000037,-0.5870229999999879,0.15955900000002998,1.2521651125035402,82.37111144084436
2596.0,494.0,102.0,261.0,548.0,52.0,292.0,494.63636099999997,101.36988500000001,261.986707,-0.6363609999999653,0.6301149999999893,-0.986707000000024,1.3325130165949561,79.85612061701971
2597.0,585.0,141.0,261.0,650.0,100.0,326.0,583.184835,139.705089,262.370199,1.815164999999979,1.2949110000000132,-1.3701990000000137,2.6170716029079135,100.65286881157436
2598.0,515.0,239.0,265.0,568.0,218.0,300.0,513.776261,237.12570499999998,264.63372499999997,1.2237390000000232,1.8742950000000178,0.3662750000000301,2.268187880835965,66.89544080129826
2599.0,132.0,111.0,269.0,126.0,60.0,162.0,132.951055,111.847161,270.715415,-0.9510549999999967,-0.8471609999999998,-1.7154150000000072,2.136547681464427,118.68445559549912
2600.0,464.0,212.0,288.0,502.0,186.0,308.0,464.276031,211.188643,287.690013,-0.27603099999998904,0.8113569999999868,0.30998699999997825,0.9113644905190014,50.19960159204453
2601.0,150.0,77.0,297.0,135.0,19.0,199.0,149.195918,77.770069,296.727778,0.804081999999994,-0.7700690000000066,0.2722219999999993,1.1461496170958658,114.8607853011636
2602.0,470.0,225.0,306.0,501.0,203.0,331.0,469.63764,224.841451,305.99043400000005,0.3623600000000238,0.1585489999999936,0.009565999999949781,0.3956438592434037,45.4972526643093
2603.0,483.0,279.0,306.0,516.0,268.0,336.0,483.18882499999995,277.936281,306.615059,-0.18882499999995161,1.0637189999999919,-0.6150589999999738,1.2431615201038568,45.93473631142341
2604.0,192.0,113.0,310.0,178.0,63.0,231.0,191.338239,113.18309,310.85166200000003,0.6617610000000127,-0.18309000000000708,-0.851662000000033,1.093973368718396,94.53570753953238
2605.0,426.0,226.0,311.0,448.0,202.0,322.0,426.10050099999995,224.42713500000002,312.761017,-0.10050099999995155,1.5728649999999789,-1.7610169999999812,2.363299734167221,34.36568055487916
2606.0,492.0,270.0,313.0,524.0,258.0,348.0,492.43609699999996,269.55651700000004,313.763285,-0.4360969999999611,0.4434829999999579,-0.7632849999999962,0.9846124902330474,48.91829923454004
2607.0,125.0,232.0,327.0,92.0,206.0,222.0,123.47215299999999,230.897983,327.611021,1.5278470000000084,1.1020169999999894,-0.6110209999999938,1.980430404265445,113.09288218097548
2608.0,425.0,124.0,329.0,440.0,78.0,340.0,423.43344499999995,122.691809,327.612313,1.5665550000000508,1.3081909999999937,1.387687000000028,2.4680221778734523,49.61854492022111
2609.0,451.0,126.0,344.0,468.0,84.0,370.0,453.051697,127.088515,343.707727,-2.05169699999999,-1.088515000000001,0.2922730000000229,2.340886368784904,52.23983154643591
2610.0,443.0,193.0,344.0,454.0,166.0,366.0,441.88075899999995,194.377877,345.041957,1.119241000000045,-1.3778770000000122,-1.041957000000025,2.05837796166282,36.52396473549935
2611.0,472.0,272.0,345.0,486.0,260.0,380.0,471.249039,271.02205100000003,348.52685099999997,0.750961000000018,0.9779489999999669,-3.526850999999965,3.736175135927479,39.56008088970496
2612.0,158.0,283.0,346.0,126.0,268.0,254.0,158.784959,281.104421,344.250495,-0.7849589999999864,1.895578999999998,1.7495049999999992,2.6963212200972952,98.55455342093535
2613.0,404.0,135.0,348.0,408.0,92.0,356.0,402.856293,134.14506500000002,348.500235,1.1437070000000062,0.8549349999999833,-0.5002349999999751,1.5130150730574237,43.9203825119955
2614.0,116.0,224.0,355.0,72.0,196.0,252.0,115.643093,222.458193,356.024531,0.35690700000000675,1.5418070000000057,-1.0245310000000245,1.8852626347167316,115.45128842936315
2615.0,543.0,310.0,357.0,566.0,308.0,418.0,543.741751,309.432161,357.736543,-0.741751000000022,0.5678389999999922,-0.7365429999999833,1.1895928995967482,65.22269543648132
2616.0,422.0,186.0,369.0,420.0,156.0,384.0,420.05042499999996,186.160809,367.768547,1.9495750000000385,-0.16080900000000042,1.2314529999999877,2.311531679712636,33.60059523282288
2617.0,446.0,275.0,378.0,446.0,264.0,403.0,446.184707,274.245206,376.835725,-0.18470700000000306,0.754794000000004,1.164274999999975,1.3997738867081173,27.313000567495326
2618.0,280.0,257.0,380.0,256.0,238.0,338.0,281.38722099999995,254.79459100000003,375.44805299999996,-1.387220999999954,2.2054089999999746,4.551947000000041,5.2448481818763,51.97114584074513
2619.0,486.0,279.0,383.0,489.0,269.0,425.0,485.369244,277.835237,382.805916,0.6307560000000194,1.1647629999999936,0.19408399999997528,1.3387287166416502,43.278170016764804
2620.0,465.0,122.0,386.0,466.0,80.0,422.0,464.988635,123.197641,384.598635,0.01136500000001206,-1.1976410000000044,1.4013649999999984,1.843447040555005,55.326304774492215
2621.0,410.0,171.0,387.0,400.0,140.0,402.0,409.044773,172.951079,386.79775099999995,0.9552269999999794,-1.951078999999993,0.20224900000005164,2.181759048055251,35.86084215408221
2622.0,617.0,112.0,388.0,638.0,66.0,486.0,615.172607,109.99856500000001,389.49503300000003,1.8273930000000291,2.0014349999999865,-1.495033000000035,3.0951948091781167,110.27692415006868
2623.0,586.0,142.0,388.0,604.0,106.0,472.0,585.474337,143.119617,387.844069,0.5256630000000087,-1.1196170000000052,0.1559310000000096,1.2466668733142081,93.14504817756014
2624.0,432.0,276.0,390.0,424.0,266.0,412.0,431.447957,275.898057,389.567149,0.552043000000026,0.10194300000000567,0.43285100000002785,0.7088750505547885,25.45584412271571
2625.0,447.0,313.0,390.0,440.0,314.0,416.0,445.36078899999995,315.075309,388.98803699999996,1.6392110000000457,-2.0753090000000043,1.011963000000037,2.8316054212003556,26.94438717061496
2626.0,521.0,183.0,393.0,528.0,156.0,452.0,521.668045,184.738385,392.544075,-0.6680450000000064,-1.7383849999999939,0.45592499999997926,1.9173247340695756,65.26101439603893
2627.0,570.0,303.0,393.0,582.0,300.0,468.0,569.109775,302.188443,392.35585100000003,0.8902249999999867,0.8115569999999934,0.6441489999999703,1.3660355958301114,76.01315675591957
2628.0,535.0,243.0,398.0,544.0,228.0,462.0,537.361029,243.50086700000003,396.863063,-2.3610290000000305,-0.5008670000000279,1.136936999999989,2.667948918645023,66.34756966159348
2629.0,611.0,275.0,406.0,624.0,268.0,500.0,609.7806529999999,275.358497,405.99429899999996,1.2193470000000843,-0.35849699999999984,0.005701000000044587,1.2709680195894806,95.15250916292223
2630.0,456.0,304.0,407.0,444.0,302.0,442.0,455.123433,304.911307,408.035941,0.8765670000000227,-0.9113070000000221,-1.0359409999999798,1.6346326526834822,37.05401462729781
2631.0,410.0,247.0,408.0,392.0,228.0,424.0,409.355141,244.808333,406.83661900000004,0.6448589999999967,2.1916669999999954,1.1633809999999585,2.5637282851212757,30.675723300355934
2632.0,613.0,276.0,408.0,626.0,268.0,504.0,612.375459,275.299171,408.582995,0.624541000000022,0.7008289999999988,-0.5829949999999826,1.1050320891028484,97.205966895042
2633.0,612.0,156.0,409.0,626.0,122.0,506.0,611.561899,155.692341,408.705417,0.43810099999996055,0.307659000000001,0.2945829999999887,0.6110365704038992,103.73523991392703
2634.0,581.0,240.0,414.0,588.0,224.0,500.0,581.402817,239.521205,414.919047,-0.4028170000000273,0.478794999999991,-0.9190469999999777,1.111824435656535,87.75534171775527
2635.0,444.0,111.0,416.0,430.0,66.0,452.0,444.68931899999995,111.571099,417.131253,-0.6893189999999549,-0.5710990000000038,-1.1312530000000152,1.4425838282647483,59.30430001273095
2636.0,589.0,103.0,418.0,598.0,56.0,512.0,590.760815,101.718775,419.997975,-1.7608149999999796,1.2812250000000063,-1.9979749999999967,2.955319113983282,105.47985589675405
2637.0,406.0,307.0,418.0,383.0,303.0,434.0,405.647858,306.16782,417.68242799999996,0.35214200000001483,0.8321799999999939,0.31757200000004104,0.9577993087009545,28.30194339616981
2638.0,440.0,267.0,419.0,421.0,255.0,450.0,438.90176399999996,266.447846,419.769596,1.0982360000000426,0.5521539999999732,-0.7695959999999786,1.450266994255896,38.28837943815329
2639.0,450.0,287.0,421.0,434.0,280.0,458.0,451.313739,286.755357,422.853099,-1.3137389999999982,0.2446429999999964,-1.853098999999986,2.284674213399132,40.91454509095757
2640.0,479.0,134.0,426.0,464.0,94.0,472.0,476.569725,134.073917,424.11182499999995,2.4302749999999946,-0.07391699999999446,1.8881750000000466,3.0784582389792376,62.77738446287803
2641.0,482.0,261.0,426.0,470.0,249.0,474.0,483.168743,260.970589,425.626778,-1.1687430000000063,0.02941099999998187,0.3732219999999984,1.227240753990028,50.91168824543142
2642.0,490.0,244.0,427.0,476.0,228.0,480.0,489.200417,243.664561,428.524187,0.7995829999999842,0.33543900000000804,-1.5241869999999835,1.7535673091098984,57.105166141076936
2643.0,579.0,135.0,431.0,578.0,96.0,520.0,577.665299,134.496755,431.805151,1.3347009999999955,0.5032449999999926,-0.8051510000000235,1.6379714351071626,97.17509969122749
2644.0,484.0,275.0,432.0,468.0,266.0,480.0,483.330729,274.83358499999997,430.97602099999995,0.6692709999999806,0.16641500000002907,1.023979000000054,1.2345649501371299,51.39066063011839
2645.0,502.0,78.0,438.0,488.0,26.0,500.0,501.88318899999996,77.906625,438.966861,0.11681100000004108,0.09337499999999466,-0.9668609999999944,0.9783577534148732,82.12186067059123
2646.0,467.0,143.0,439.0,446.0,106.0,486.0,466.33350299999995,143.834821,439.78734499999996,0.6664970000000494,-0.8348210000000051,-0.7873449999999593,1.3270480406055427,63.39558344238185
2647.0,387.0,201.0,442.0,352.0,174.0,456.0,386.10225299999996,200.41769300000004,441.570785,0.897747000000038,0.5823069999999575,0.42921499999999924,1.1529339245954289,46.36809247747852
2648.0,389.0,204.0,442.0,354.0,180.0,456.0,387.7112829999999,205.32086700000002,441.109835,1.2887170000000765,-1.320867000000021,0.8901650000000245,2.04887160774005,44.68780594300866
2649.0,429.0,76.0,447.0,402.0,22.0,484.0,430.853075,75.303943,448.844737,-1.8530749999999898,0.6960569999999962,-1.8447370000000092,2.7058153858020306,70.80960386840192
2650.0,592.0,151.0,450.0,586.0,118.0,546.0,590.846995,152.158421,450.14690900000005,1.1530050000000074,-1.1584210000000041,-0.14690900000005058,1.6410185853752666,101.69070754006975
2651.0,437.0,218.0,452.0,408.0,198.0,488.0,438.164245,219.37680500000005,452.11988099999996,-1.164244999999994,-1.3768050000000471,-0.11988099999996393,1.807050049724995,50.368641037852115
2652.0,528.0,298.0,457.0,508.0,294.0,526.0,526.637625,296.989935,456.602389,1.3623750000000427,1.0100649999999973,0.3976109999999835,1.7419504735126936,71.95137246779939
2653.0,158.0,103.0,460.0,82.0,54.0,390.0,158.01727499999998,104.43491300000001,459.27581299999997,-0.01727499999998372,-1.4349130000000088,0.724187000000029,1.6073955811072353,114.35471131527551
2654.0,416.0,92.0,466.0,378.0,44.0,496.0,415.525275,93.313075,464.623459,0.4747249999999781,-1.3130749999999978,1.3765409999999747,1.9607128565730638,68.17624219623724
2655.0,460.0,122.0,475.0,426.0,80.0,526.0,460.959747,122.16972100000001,475.815163,-0.959746999999993,-0.16972100000000978,-0.8151629999999841,1.2705944429356537,74.30343195303969
2656.0,407.0,118.0,477.0,362.0,76.0,508.0,406.505691,119.468063,478.42108299999995,0.494308999999987,-1.4680630000000008,-1.4210829999999532,2.1021482469937407,68.92024376045111
2657.0,428.0,255.0,480.0,382.0,240.0,516.0,425.62731899999994,253.585763,481.048487,2.372681000000057,1.4142370000000142,-1.0484870000000228,2.9544891959693063,60.30754513325841
2658.0,528.0,163.0,483.0,498.0,132.0,560.0,526.231555,163.948955,484.034763,1.7684450000000425,-0.9489550000000122,-1.034762999999998,2.2580185509023547,88.26097665446491
2659.0,463.0,217.0,485.0,424.0,194.0,534.0,462.528221,215.457467,483.669929,0.47177900000002637,1.5425329999999917,1.3300709999999754,2.09071096662617,66.71581521648372
2660.0,574.0,171.0,486.0,554.0,140.0,580.0,575.025595,169.947527,485.10148300000003,-1.025594999999953,1.052472999999992,0.8985169999999698,1.7224625740615767,100.98019607824101
2661.0,463.0,274.0,486.0,424.0,266.0,538.0,464.226605,274.381647,487.484521,-1.2266050000000064,-0.38164699999998675,-1.4845209999999724,1.9631650104040983,65.49045732013177
2662.0,396.0,206.0,489.0,344.0,182.0,514.0,395.047069,206.316887,488.80148499999996,0.9529309999999782,-0.31688700000000836,0.19851500000004307,1.023671366579617,62.489999199871974
2663.0,488.0,216.0,492.0,448.0,196.0,554.0,486.400021,216.72065500000002,492.99447899999996,1.599979000000019,-0.720655000000022,-0.9944789999999557,2.016994028475792,76.44605941446557
2664.0,375.0,187.0,494.0,318.0,158.0,512.0,374.10272699999996,186.828935,493.76916900000003,0.8972730000000411,0.1710649999999987,0.23083099999996648,0.942149150249077,66.43794096749237
2665.0,441.0,167.0,495.0,396.0,134.0,538.0,441.261657,166.422331,493.467085,-0.2616570000000138,0.577668999999986,1.5329150000000027,1.6589135771446923,70.44856279584417
2666.0,501.0,233.0,498.0,464.0,214.0,564.0,501.599661,231.253897,496.78388900000004,-0.599661000000026,1.746103000000005,1.2161109999999553,2.210745341700609,78.01281945936834
2667.0,548.0,266.0,498.0,516.0,258.0,580.0,546.573577,266.809141,496.13475700000004,1.4264229999999998,-0.809141000000011,1.865242999999964,2.4836511795859906,88.38551917593742
2668.0,461.0,274.0,498.0,414.0,264.0,546.0,458.518447,272.703177,496.280843,2.4815530000000194,1.2968230000000176,1.7191569999999956,3.285628703275391,67.91906948714772
2669.0,466.0,147.0,499.0,424.0,112.0,554.0,466.98202899999995,148.05384700000002,498.408195,-0.9820289999999545,-1.0538470000000189,0.5918050000000221,1.5573078097392874,77.54998388136518
2670.0,532.0,267.0,499.0,494.0,256.0,574.0,527.898063,265.366277,497.170123,4.101937000000021,1.633722999999975,1.8298770000000104,4.779475685452027,84.7938677028003
2671.0,549.0,120.0,501.0,518.0,80.0,590.0,549.103063,120.88492500000001,501.640539,-0.10306300000002011,-0.8849250000000097,-0.6405389999999898,1.0972713648478247,102.38163897887159
2672.0,427.0,97.0,502.0,376.0,50.0,542.0,425.992685,97.685011,500.949705,1.0073150000000055,-0.6850110000000029,1.0502950000000055,1.608428788094464,80.06247560499239
2673.0,499.0,131.0,502.0,460.0,90.0,570.0,498.919257,129.64061900000002,501.270137,0.08074299999998402,1.3593809999999849,0.729863000000023,1.545035965270385,88.46468221838589
2674.0,343.0,181.0,502.0,280.0,152.0,510.0,343.997549,182.151179,502.03213099999994,-0.9975489999999922,-1.1511790000000133,-0.03213099999993574,1.5235975513904618,69.81403870282824
2675.0,350.0,165.0,503.0,286.0,132.0,512.0,348.99776699999995,165.712351,501.83085900000003,1.0022330000000466,-0.7123510000000124,1.1691409999999678,1.6967043382307465,72.56721022610694
2676.0,498.0,287.0,504.0,456.0,280.0,570.0,497.546669,285.284391,504.173051,0.4533309999999915,1.7156089999999722,-0.17305099999998674,1.7829105095441253,78.54298186343577
2677.0,426.0,146.0,508.0,372.0,110.0,548.0,424.99330499999996,146.778773,507.24044100000003,1.006695000000036,-0.778773000000001,0.7595589999999675,1.4821781549581092,76.23647421018367
2678.0,347.0,135.0,510.0,280.0,96.0,522.0,346.607709,136.13939900000003,510.808403,0.39229100000000017,-1.1393990000000258,-0.8084029999999984,1.4510815691376748,78.44743462982075
2679.0,533.0,248.0,510.0,494.0,234.0,590.0,531.859439,247.15439700000002,509.388321,1.140561000000048,0.8456029999999828,0.611678999999981,1.5459867487695542,90.09439494219383
2680.0,425.0,222.0,511.0,373.0,204.0,551.0,427.40963999999997,223.72871500000002,510.23376900000005,-2.4096399999999676,-1.7287150000000224,0.7662309999999479,3.0629937032559895,68.0294054067798
2681.0,338.0,144.0,512.0,268.0,108.0,520.0,336.871761,146.059305,512.490595,1.1282390000000078,-2.059304999999995,-0.4905949999999848,2.3988213310230053,79.12016177940993
2682.0,538.0,266.0,512.0,500.0,254.0,596.0,538.265689,263.429829,512.687817,-0.2656889999999521,2.570171000000016,-0.6878169999999955,2.6738477592134995,92.97311439335567
2683.0,520.0,133.0,513.0,480.0,96.0,592.0,520.239469,134.17834900000003,513.227743,-0.2394689999999855,-1.1783490000000256,-0.22774300000003223,1.2238131564136203,95.96874491208062
2684.0,538.0,253.0,514.0,500.0,240.0,596.0,538.137785,251.962989,512.550519,-0.13778500000000804,1.0370110000000068,1.4494809999999916,1.7875602618393014,91.30717386930777
2685.0,295.0,121.0,524.0,216.0,76.0,516.0,295.12925299999995,120.18836100000001,522.582875,-0.12925299999994877,0.8116389999999853,1.4171250000000555,1.6382025118876848,91.26883367283708
2686.0,424.0,213.0,526.0,362.0,192.0,570.0,423.694643,213.73285300000003,527.740259,0.305357000000015,-0.7328530000000342,-1.7402590000000373,1.912803650179283,78.87331614684399
2687.0,313.0,141.0,529.0,234.0,102.0,532.0,313.517083,141.19068700000003,530.593681,-0.5170830000000137,-0.19068700000002536,-1.5936809999999468,1.6862845224394531,88.15327560561774
2688.0,488.0,219.0,534.0,434.0,200.0,600.0,487.523875,219.521587,532.419863,0.47612500000002456,-0.5215870000000109,1.580137000000036,1.7307746684543164,87.36704184073076
2689.0,363.0,212.0,535.0,294.0,190.0,556.0,367.191023,212.643547,534.513865,-4.191022999999973,-0.6435470000000123,0.4861349999999902,4.2679214807635315,75.40557008603542
2690.0,540.0,306.0,536.0,492.0,308.0,624.0,539.826321,307.366833,537.055979,0.1736789999999928,-1.3668329999999855,-1.0559789999999794,1.7359402332369955,100.25966287595426
2691.0,348.0,146.0,538.0,272.0,108.0,554.0,348.825221,145.627743,537.873159,-0.8252209999999991,0.3722569999999905,0.12684100000001308,0.9141409148326065,86.46386528486914
2692.0,356.0,190.0,538.0,281.0,161.0,556.0,356.823688,188.96351600000003,537.60811,-0.8236880000000042,1.036483999999973,0.3918899999999894,1.380702276271008,82.40145629781065
2693.0,549.0,263.0,538.0,504.0,252.0,628.0,549.680581,261.38421700000004,536.496523,-0.680580999999961,1.6157829999999649,1.5034769999999753,2.309629470321757,101.22252713699653
2694.0,546.0,288.0,547.0,498.0,286.0,637.0,547.669895,289.1575,545.383435,-1.6698949999999968,-1.1575000000000273,1.616565000000037,2.5964664373432926,102.0196059588548
2695.0,507.0,78.0,549.0,450.0,28.0,630.0,506.19063500000004,78.192729,549.888383,0.809364999999957,-0.19272899999999993,-0.8883829999999762,1.2171444143382855,110.95043938624129
2696.0,506.0,121.0,549.0,452.0,82.0,632.0,508.75848899999994,122.38671300000001,551.452413,-2.7584889999999405,-1.3867130000000145,-2.4524129999999786,3.942913140060101,106.42368157510809
2697.0,389.0,221.0,549.0,312.0,202.0,582.0,388.05242899999996,222.05868300000003,550.158593,0.947571000000039,-1.0586830000000305,-1.1585929999999962,1.833313457698691,85.901105930017
2698.0,423.0,189.0,551.0,350.0,162.0,596.0,420.859127,188.91525900000002,550.769973,2.140872999999999,0.08474099999997975,0.23002699999995002,2.154862097661697,89.90550594930212
2699.0,420.0,84.0,559.0,346.0,34.0,606.0,419.182771,83.977601,558.325481,0.8172289999999975,0.022398999999992952,0.6745190000000321,1.0598777453098254,100.92076099594176
2700.0,314.0,208.0,561.0,222.0,184.0,568.0,314.306279,207.987463,562.4929989999999,-0.30627900000001773,0.012537000000008902,-1.4929989999999407,1.524142387118354,95.33624704172071
2701.0,494.0,143.0,562.0,430.0,108.0,636.0,492.94026299999996,143.757179,560.533595,1.059737000000041,-0.7571790000000078,1.4664050000000088,1.9613021621451205,103.90861369491944
2702.0,370.0,178.0,562.0,288.0,148.0,588.0,370.469405,177.89146499999998,560.529251,-0.46940499999999474,0.10853500000001759,1.4707489999999552,1.5476509688075237,91.10433579144299
2703.0,369.0,258.0,562.0,286.0,246.0,589.0,370.07066699999996,258.158496,562.787251,-1.0706669999999576,-0.15849600000001374,-0.7872509999999693,1.3383620376810847,88.10221336606703
2704.0,506.0,154.0,564.0,442.0,118.0,646.0,504.958387,151.760313,565.284133,1.041612999999984,2.2396870000000035,-1.284132999999997,2.783909671923099,110.07270324653611
2705.0,357.0,197.0,567.0,270.0,170.0,590.0,357.202767,195.987389,566.977377,-0.20276699999999437,1.0126109999999926,0.02262299999995321,1.0329604511979056,93.95211546314431
2706.0,473.0,302.0,568.0,402.0,302.0,634.0,472.433355,302.835493,568.158997,0.5666449999999941,-0.8354929999999854,-0.1589969999999994,1.0219663179787135,96.93812459502195
2707.0,495.0,240.0,572.0,428.0,224.0,648.0,495.56760099999997,238.634905,571.516463,-0.5676009999999678,1.3650949999999966,0.4835369999999557,1.5554624021797865,102.57192598367256
2708.0,509.0,205.0,575.0,442.0,182.0,658.0,508.66486699999996,204.035733,575.237245,0.33513300000004165,0.9642670000000066,-0.2372450000000299,1.0480506500179536,109.11920087683927
2709.0,418.0,157.0,576.0,340.0,124.0,626.0,420.545329,157.485859,576.309927,-2.545328999999981,-0.4858590000000049,-0.30992700000001605,2.6097535192908388,98.35141076771599
2710.0,424.0,162.0,576.0,344.0,126.0,626.0,423.672029,159.101607,575.289957,0.3279709999999909,2.8983929999999987,0.7100430000000415,3.002067291240995,100.9752444909147
2711.0,339.0,270.0,578.0,246.0,264.0,592.0,339.93127899999996,273.089191,575.690983,-0.9312789999999609,-3.089191000000028,2.30901700000004,3.967611512813633,94.23905772024676
2712.0,366.0,207.0,580.0,278.0,186.0,608.0,368.24846299999996,208.83097500000002,579.043317,-2.2484629999999584,-1.8309750000000236,0.9566829999999982,3.0534075514878283,94.70480452437458
2713.0,424.0,288.0,580.0,344.0,284.0,628.0,425.63581300000004,288.48901700000005,578.393707,-1.6358130000000415,-0.48901700000004666,1.6062930000000506,2.34418407961221,93.38094023943002
2714.0,343.0,250.0,582.0,246.0,234.0,602.0,342.258679,248.397041,583.167993,0.7413210000000277,1.6029589999999985,-1.167993000000024,2.117366767655309,100.32447358446493
2715.0,414.0,169.0,585.0,328.0,140.0,634.0,413.447405,170.561655,585.802567,0.5525949999999966,-1.5616550000000018,-0.8025669999999536,1.8407176216190597,103.14068062602651
2716.0,433.0,151.0,588.0,348.0,114.0,644.0,431.35348899999997,149.033885,588.120885,1.6465110000000323,1.966115000000002,-0.12088500000004387,2.567337112568415,108.30512453249847
2717.0,346.0,323.0,597.0,243.0,326.0,617.0,344.67009,323.58681500000006,596.506755,1.329909999999984,-0.5868150000000583,0.4932450000000017,1.5350254337795277,104.96666137398103
2718.0,330.0,198.0,598.0,226.0,172.0,614.0,329.271883,197.582761,597.083343,0.7281169999999975,0.41723899999999503,0.9166569999999865,1.2427802719945982,108.38819123871383
2719.0,421.0,127.0,599.0,332.0,88.0,652.0,420.763425,127.73153300000001,598.241215,0.2365750000000162,-0.7315330000000131,0.7587849999999889,1.0802143013953343,110.68423555321688
2720.0,342.0,149.0,603.0,238.0,112.0,628.0,341.691079,148.203555,604.255879,0.308920999999998,0.7964450000000056,-1.25587900000005,1.5188775081971333,113.18127053536729
2721.0,340.0,170.0,606.0,232.0,139.0,631.0,338.055553,170.315628,608.41141,1.9444470000000251,-0.3156280000000038,-2.4114100000000462,3.113742660897545,115.10864433221339
2722.0,390.0,94.0,96.0,492.0,40.0,60.0,390.65440099999995,94.646493,96.130895,-0.6544009999999503,-0.6464930000000066,-0.13089499999999532,0.9291541147059201,120.8966500776593
2723.0,376.0,78.0,102.0,474.0,20.0,60.0,376.48375500000003,78.36596700000001,100.612883,-0.4837550000000306,-0.3659670000000119,1.3871170000000035,1.5139499056451795,121.37545056559007
2724.0,296.0,152.0,108.0,378.0,110.0,38.0,296.980467,152.883065,109.34884500000001,-0.980466999999976,-0.8830649999999878,-1.3488450000000114,1.886929295532549,115.70652531296582
2725.0,374.0,128.0,116.0,464.0,82.0,76.0,373.441485,129.011057,116.253829,0.5585149999999999,-1.0110569999999939,-0.2538289999999961,1.1826260709602954,108.70142593360954
2726.0,288.0,152.0,116.0,366.0,110.0,42.0,288.69577499999997,152.902041,115.576085,-0.6957749999999692,-0.902040999999997,0.4239149999999938,1.215518302425326,115.4296322440646
2727.0,308.0,152.0,120.0,388.0,108.0,54.0,308.89563300000003,150.99645500000003,119.16422299999999,-0.8956330000000321,1.0035449999999742,0.8357770000000073,1.5835985070222243,112.6587768440613
2728.0,296.0,262.0,120.0,372.0,244.0,48.0,296.14352899999994,262.550313,119.99357900000001,-0.14352899999994406,-0.5503130000000169,0.006420999999988908,0.5687584733883113,106.22617379911601
2729.0,428.0,238.0,122.0,526.0,214.0,100.0,429.071623,236.49137100000002,120.08572900000001,-1.0716229999999882,1.508628999999985,1.9142709999999852,2.662474558603494,103.26664514740469
2730.0,252.0,86.0,130.0,318.0,28.0,44.0,251.16578299999998,85.98351500000001,128.801163,0.8342170000000237,0.01648499999998876,1.1988369999999975,1.4606162777687484,122.94714311442947
2731.0,230.0,160.0,130.0,294.0,118.0,36.0,231.256271,159.929427,129.704321,-1.2562709999999981,0.070572999999996,0.2956790000000069,1.2925259938627924,121.2270596855339
2732.0,236.0,84.0,132.0,300.0,26.0,42.0,236.63928900000002,84.470139,131.90543300000002,-0.6392890000000193,-0.4701390000000032,0.09456699999998364,0.7991645777504309,124.73972903610141
2733.0,394.0,214.0,132.0,480.0,186.0,100.0,393.06889299999995,213.81496900000002,131.766349,0.9311070000000541,0.18503099999998085,0.23365100000000893,0.9776448773512281,95.93747964169165
2734.0,296.0,226.0,132.0,368.0,200.0,62.0,296.27518899999995,226.36555500000003,131.48136300000002,-0.27518899999995483,-0.36555500000002894,0.518636999999984,0.6916240174509412,103.73041983911952
2735.0,270.0,210.0,140.0,332.0,180.0,62.0,268.11661699999996,210.185703,140.641479,1.8833830000000376,-0.18570299999998952,-0.6414790000000039,1.998277367218861,104.05767631462851
2736.0,264.0,204.0,142.0,326.0,172.0,62.0,263.380887,203.66678100000001,142.122399,0.6191130000000271,0.3332189999999855,-0.12239900000000148,0.7136647139455784,106.15083607772479
2737.0,456.0,228.0,144.0,550.0,202.0,136.0,456.97788699999995,226.09515900000002,141.706933,-0.9778869999999529,1.9048409999999762,2.2930670000000077,3.137329833877664,97.85703858180054
2738.0,274.0,140.0,148.0,336.0,94.0,74.0,273.561125,139.579751,148.083957,0.4388749999999959,0.42024900000001253,-0.08395699999999806,0.6134079111610858,106.9392350823588
2739.0,244.0,274.0,148.0,300.0,258.0,60.0,243.441505,274.275429,148.168853,0.5584949999999935,-0.27542899999997417,-0.1688530000000128,0.6452047230724391,105.52724766618336
2740.0,212.0,110.0,152.0,264.0,56.0,56.0,212.579589,109.074797,152.435607,-0.5795889999999986,0.9252029999999962,-0.4356070000000045,1.1754477693964098,121.8031198286809
2741.0,410.0,218.0,152.0,490.0,192.0,128.0,408.178923,218.33641899999998,150.985647,1.8210770000000025,-0.33641899999997804,1.0143529999999998,2.111495013515067,87.47571091451616
2742.0,458.0,246.0,152.0,548.0,226.0,148.0,458.764713,245.61936500000002,151.787557,-0.764712999999972,0.38063499999998385,0.2124430000000075,0.8802278136044941,92.28217596047462
2743.0,344.0,140.0,154.0,416.0,96.0,108.0,344.592989,140.361241,153.734039,-0.5929889999999887,-0.3612410000000068,0.26596100000000433,0.7435497748792571,96.1041102138717
2744.0,274.0,284.0,154.0,334.0,270.0,78.0,274.655439,283.697357,153.438269,-0.6554390000000012,0.3026429999999891,0.5617310000000089,0.9147320834708953,97.83659846908007
2745.0,190.0,86.0,156.0,236.0,28.0,52.0,189.524193,86.345861,156.329611,0.4758070000000032,-0.3458609999999993,-0.3296109999999999,0.6742815019641296,127.65578717786359
2746.0,258.0,182.0,156.0,314.0,144.0,78.0,257.962163,180.60765700000002,157.400507,0.037837000000024545,1.3923429999999826,-1.4005070000000046,1.9752140454307645,103.26664514740469
2747.0,448.0,210.0,156.0,534.0,178.0,148.0,447.44668700000005,206.382787,154.95536499999997,0.553312999999946,3.6172129999999925,1.044635000000028,3.8054759816037396,92.10863151735563
2748.0,408.0,278.0,158.0,488.0,266.0,136.0,409.381957,278.861765,158.44813299999998,-1.3819569999999999,-0.8617649999999912,-0.44813299999998435,1.6891617005967696,83.83316766053875
2749.0,276.0,194.0,162.0,332.0,160.0,90.0,275.218041,193.46752300000003,162.204755,0.7819589999999721,0.5324769999999717,-0.2047550000000058,0.9679443389136219,97.34474818910365
2750.0,212.0,214.0,162.0,256.0,182.0,64.0,209.595053,212.22482100000002,161.967433,2.404946999999993,1.77517899999998,0.032567000000000235,2.989329550976087,112.08925015361643
2751.0,538.0,96.0,164.0,636.0,46.0,196.0,537.992753,97.11870100000002,164.453305,0.007247000000006665,-1.1187010000000157,-0.4533050000000003,1.2070749228755586,114.57748469922004
2752.0,526.0,122.0,164.0,622.0,76.0,190.0,525.826447,121.841013,163.72332699999998,0.17355299999996987,0.15898699999999621,0.2766730000000166,0.363242975027732,109.5810202544218
2753.0,222.0,98.0,166.0,270.0,42.0,76.0,222.317287,97.33369900000001,166.281373,-0.3172869999999932,0.66630099999999,-0.2813730000000021,0.7898093618709414,116.36150566231085
2754.0,334.0,114.0,166.0,400.0,64.0,118.0,334.468405,114.12045900000001,165.34977099999998,-0.4684050000000184,-0.12045900000001097,0.6502290000000244,0.8103772992545211,95.70788891204319
2755.0,324.0,176.0,166.0,388.0,140.0,114.0,324.796865,176.48427500000003,166.105367,-0.7968650000000252,-0.4842750000000251,-0.1053670000000011,0.9384126536545981,89.97777503361594
2756.0,274.0,202.0,166.0,330.0,170.0,92.0,274.27548299999995,201.645239,164.37686100000002,-0.2754829999999515,0.35476099999999633,1.6231389999999806,1.6841396805879576,98.16312953446422
2757.0,430.0,210.0,166.0,510.0,182.0,154.0,430.393551,209.721049,165.894829,-0.3935510000000022,0.2789510000000064,0.10517100000001278,0.49371751968408817,85.60373823613078
2758.0,316.0,76.0,168.0,376.0,18.0,116.0,314.877285,76.602001,169.581909,1.1227150000000279,-0.6020010000000013,-1.581908999999996,2.0310909038019576,98.32598842625484
2759.0,178.0,146.0,168.0,218.0,102.0,60.0,178.29351499999999,146.96069500000002,167.950433,-0.2935149999999851,-0.9606950000000154,0.04956699999999614,1.005754853698962,123.28828005937953
2760.0,280.0,158.0,170.0,334.0,118.0,100.0,278.990023,158.93546700000002,169.044289,1.0099769999999921,-0.9354670000000169,0.955711000000008,1.6758685999024598,97.03607576566563
2761.0,426.0,188.0,170.0,504.0,156.0,158.0,426.53396499999997,188.410907,170.307711,-0.5339649999999665,-0.4109070000000088,-0.30771100000001184,0.7407086089650766,85.15867542417507
2762.0,270.0,216.0,170.0,322.0,188.0,98.0,269.78396299999997,216.36085300000002,171.295287,0.21603700000002846,-0.3608530000000201,-1.2952870000000019,1.3618572925776884,93.12357381458253
2763.0,506.0,108.0,172.0,596.0,58.0,192.0,505.97751300000004,107.219281,171.858341,0.022486999999955515,0.7807190000000048,0.1416590000000042,0.7937852949072606,104.88088481701516
2764.0,544.0,170.0,172.0,638.0,132.0,208.0,543.454439,167.402255,174.102379,0.5455610000000206,2.5977450000000033,-2.1023790000000133,3.3861354593972015,107.59182125050212
2765.0,542.0,180.0,174.0,636.0,148.0,208.0,542.046401,180.51840099999998,174.779083,-0.04640099999994618,-0.518400999999983,-0.7790830000000142,0.9369434190446078,104.95713410721541
2766.0,330.0,288.0,174.0,390.0,276.0,122.0,329.674759,287.768969,173.136303,0.32524100000000544,0.23103099999997312,0.8636970000000019,0.9513829611943838,80.29943959953893
2767.0,536.0,122.0,176.0,630.0,78.0,208.0,536.744239,123.217759,175.651969,-0.7442389999999932,-1.217759000000001,0.34803099999999176,1.4689977018916627,108.60939185908371
2768.0,552.0,174.0,176.0,646.0,140.0,212.0,550.784975,173.861851,175.21015500000001,1.2150249999999687,0.13814899999999852,0.7898449999999855,1.4557561680621178,106.2449998823474
2769.0,410.0,254.0,178.0,484.0,236.0,158.0,411.72270499999996,254.04756700000002,176.29019100000002,-1.7227049999999622,-0.047567000000015014,1.7098089999999786,2.427637113119421,78.74007874011811
2770.0,220.0,104.0,180.0,260.0,50.0,92.0,218.78167299999998,103.749549,181.392741,1.2183270000000164,0.2504509999999982,-1.392741000000001,1.8672905171426972,110.72488428533127
2771.0,554.0,104.0,180.0,648.0,54.0,220.0,553.634677,103.315225,180.06393699999998,0.3653229999999894,0.6847750000000019,-0.06393699999998148,0.7787590352111444,113.73653766490345
2772.0,172.0,214.0,180.0,204.0,184.0,70.0,170.76464900000002,214.081567,180.16437100000002,1.23535099999998,-0.08156700000000683,-0.16437100000001692,1.248904757910289,118.4229707446997
2773.0,192.0,248.0,180.0,226.0,224.0,76.0,189.78733099999997,246.648711,179.50167100000002,2.2126690000000337,1.3512890000000084,0.49832899999998403,2.6401170158391003,112.01785571952357
2774.0,420.0,200.0,184.0,492.0,170.0,170.0,420.45836099999997,199.80044300000003,182.889225,-0.45836099999996804,0.19955699999997023,1.1107749999999896,1.218088216507711,79.2464510246358
2775.0,422.0,260.0,184.0,496.0,242.0,170.0,424.224581,258.750391,182.555745,-2.2245810000000006,1.2496090000000208,1.4442549999999983,2.9319201529828622,77.43384273042376
2776.0,318.0,206.0,186.0,372.0,176.0,134.0,317.89500899999996,205.81922300000002,186.159195,0.10499100000004091,0.18077699999997776,-0.15919500000001108,0.26276697249655273,80.7465169527454
2777.0,324.0,300.0,188.0,376.0,294.0,136.0,322.601781,302.421861,187.83108099999998,1.3982189999999832,-2.4218609999999785,0.1689190000000167,2.801599668732643,73.78346698278686
2778.0,304.0,134.0,192.0,350.0,90.0,140.0,301.57384700000006,135.430899,195.69623700000002,2.4261529999999425,-1.4308990000000108,-3.696237000000025,4.647134416796972,82.19489035213807
2779.0,298.0,138.0,192.0,348.0,92.0,134.0,298.477017,137.15241500000002,191.572911,-0.47701699999998937,0.8475849999999809,0.42708899999999517,1.0622384687229858,89.33084573650918
2780.0,532.0,266.0,192.0,616.0,254.0,222.0,531.114749,267.282131,191.896253,0.8852510000000393,-1.2821309999999926,0.10374699999999848,1.561503337867406,90.0
2781.0,206.0,284.0,192.0,240.0,270.0,96.0,206.290045,284.006469,191.856689,-0.2900449999999921,-0.006468999999981406,0.1433110000000113,0.3235830538007181,102.80077820717118
2782.0,186.0,304.0,192.0,216.0,294.0,88.0,185.77755699999997,303.894421,192.112585,0.2224430000000268,0.10557899999997744,-0.11258499999999572,0.2707456291706409,108.70142593360954
2783.0,248.0,150.0,194.0,286.0,108.0,118.0,246.28019099999997,150.79670099999998,195.409423,1.7198090000000263,-0.7967009999999846,-1.4094230000000039,2.361979820576602,94.78396488858229
2784.0,184.0,178.0,196.0,216.0,142.0,94.0,185.949773,179.325091,195.284653,-1.9497729999999933,-1.3250909999999863,0.7153470000000084,2.4635750932778464,112.8007092176286
2785.0,190.0,292.0,196.0,218.0,278.0,94.0,188.74648299999998,290.706065,196.098613,1.2535170000000164,1.2939349999999763,-0.09861300000000028,1.8042442122071447,106.69582934679312
2786.0,560.0,294.0,196.0,648.0,288.0,236.0,559.934869,294.782705,194.792727,0.0651309999999512,-0.7827050000000213,1.2072729999999865,1.4402698569070291,96.85040010242601
2787.0,528.0,262.0,198.0,610.0,248.0,228.0,527.958179,262.329119,198.05951900000002,0.0418210000000272,-0.3291189999999915,-0.05951900000002297,0.33706204705217024,88.43076387773658
2788.0,162.0,310.0,198.0,186.0,302.0,86.0,162.017139,310.638761,198.43367700000002,-0.017138999999986027,-0.6387609999999881,-0.4336770000000172,0.77225973659838,114.82160075525859
2789.0,260.0,182.0,200.0,298.0,148.0,128.0,258.572395,183.371635,200.454171,1.4276050000000282,-1.3716349999999977,-0.4541710000000023,2.0311843605372397,88.2269800004511
2790.0,188.0,212.0,200.0,214.0,182.0,100.0,186.321887,212.02646700000003,200.85945700000002,1.6781129999999962,-0.02646700000002511,-0.8594570000000203,1.8855848105314763,107.59182125050212
2791.0,388.0,218.0,200.0,450.0,192.0,174.0,389.06145100000003,218.006529,197.129099,-1.0614510000000337,-0.006529000000000451,2.8709010000000035,3.0608484779621303,72.0832851637604
2792.0,160.0,120.0,202.0,184.0,70.0,94.0,160.424557,120.531747,202.895221,-0.42455699999999297,-0.5317469999999958,-0.8952209999999923,1.1244661653864805,121.40840168620952
2793.0,528.0,264.0,202.0,608.0,250.0,234.0,527.983125,263.906215,203.26165699999999,0.016875000000027285,0.09378500000002532,-1.2616569999999854,1.2652504801417659,87.29261137118078
2794.0,268.0,80.0,210.0,306.0,22.0,144.0,267.800483,79.932771,209.573273,0.19951700000001438,0.06722899999999754,0.42672699999999963,0.47583894781638575,95.72878355019456
2795.0,256.0,86.0,210.0,292.0,30.0,140.0,255.953481,86.611693,210.181785,0.04651899999998932,-0.6116930000000025,-0.18178499999999076,0.6398266404542708,96.60227740586657
2796.0,568.0,98.0,210.0,652.0,48.0,260.0,567.094209,97.89709300000001,210.050391,0.905791000000022,0.10290699999998765,-0.05039099999999053,0.9130095504489734,109.79981785048643
2797.0,230.0,104.0,210.0,264.0,50.0,128.0,231.255429,103.293917,208.32954900000001,-1.2554289999999924,0.7060830000000067,1.6704509999999857,2.205688491226933,103.9038016628843
2798.0,238.0,86.0,212.0,270.0,30.0,136.0,237.816535,86.78287900000001,212.79100900000003,0.18346500000001242,-0.7828790000000083,-0.7910090000000309,1.1279424510794276,99.67948635501689
2799.0,496.0,90.0,212.0,570.0,40.0,236.0,497.05479499999996,92.09207900000001,212.632479,-1.054794999999956,-2.0920790000000125,-0.6324789999999894,2.4268120486982396,92.47702417357513
2800.0,494.0,150.0,212.0,566.0,112.0,234.0,494.083863,151.110841,212.82392300000004,-0.08386300000000801,-1.1108409999999935,-0.8239230000000362,1.3855864606653192,84.33267456923205
2801.0,190.0,176.0,214.0,214.0,140.0,112.0,189.05995099999998,177.481527,209.773027,0.9400490000000161,-1.4815269999999998,4.226972999999987,4.576670745952664,110.79711187571633
2802.0,560.0,100.0,216.0,642.0,50.0,264.0,560.3820029999999,99.543003,215.77745299999998,-0.3820029999999406,0.4569970000000012,0.22254700000002003,0.6358456709194178,107.36852425175638
2803.0,196.0,164.0,216.0,220.0,124.0,122.0,196.177897,164.22265900000002,215.82795900000002,-0.17789700000000153,-0.22265900000002148,0.1720409999999788,0.3329001029903758,104.93807697875924
2804.0,494.0,130.0,218.0,564.0,88.0,238.0,493.350977,131.416447,216.216835,0.6490229999999997,-1.4164470000000051,1.7831649999999968,2.367959116108849,84.04760555780278
2805.0,190.0,264.0,220.0,208.0,244.0,124.0,188.469229,262.552905,221.677795,1.5307709999999872,1.4470949999999903,-1.6777950000000033,2.6930168687720735,99.69954864491613
2806.0,552.0,306.0,222.0,628.0,304.0,264.0,551.823049,307.662545,221.906975,0.17695100000003094,-1.6625450000000228,0.09302500000001146,1.6745211805322406,86.85620300243386
2807.0,556.0,290.0,224.0,632.0,284.0,266.0,555.269053,291.234903,222.225495,0.7309470000000147,-1.2349029999999743,1.7745050000000049,2.28213429299044,87.04022058795577
2808.0,198.0,286.0,226.0,220.0,276.0,132.0,200.168049,288.59942900000004,225.089843,-2.1680489999999963,-2.5994290000000433,0.9101569999999981,3.5051181659241117,97.05668446840743
2809.0,568.0,86.0,228.0,646.0,34.0,280.0,567.506623,86.223111,227.014909,0.4933770000000095,-0.22311100000000295,0.9850910000000113,1.1241012680052598,107.20074626605917
2810.0,502.0,100.0,230.0,570.0,50.0,260.0,503.389707,99.99383900000001,231.381477,-1.3897069999999871,0.006160999999991645,-1.3814769999999896,1.9595413252337741,89.57678270623477
2811.0,544.0,104.0,230.0,618.0,56.0,274.0,544.3877309999999,104.47124500000001,229.84501899999998,-0.387730999999917,-0.47124500000001035,0.15498100000002069,0.6296239264409762,98.56977224281286
2812.0,228.0,136.0,230.0,252.0,90.0,152.0,228.53913699999998,135.834593,230.491509,-0.5391369999999824,0.16540699999998765,-0.49150900000000775,0.748070369349692,93.68030742904295
2813.0,208.0,186.0,230.0,228.0,152.0,142.0,207.853521,186.87089500000002,229.565827,0.14647899999999936,-0.8708950000000186,0.43417299999998704,0.984083529175761,96.43650760992955
2814.0,554.0,316.0,230.0,628.0,314.0,274.0,554.5158889999999,315.732795,229.77626499999997,-0.5158889999999019,0.2672049999999899,0.22373500000003332,0.6225731463618619,86.11620056644394
2815.0,154.0,208.0,232.0,166.0,178.0,124.0,155.227759,208.729851,231.946165,-1.2277589999999918,-0.7298509999999965,0.053834999999992306,1.4293260130239616,112.72976536833562
2816.0,174.0,210.0,232.0,188.0,180.0,132.0,174.423569,210.148645,232.465043,-0.4235689999999863,-0.1486449999999877,-0.46504300000000853,0.6463520910734278,105.33755265810954
2817.0,228.0,244.0,232.0,250.0,222.0,152.0,228.19087499999998,243.961699,232.305825,-0.19087499999997704,0.038300999999989926,-0.3058249999999987,0.36253160255485267,85.83705493549974
2818.0,510.0,266.0,232.0,576.0,252.0,260.0,509.897821,265.41040100000004,231.803115,0.10217899999997826,0.5895989999999642,0.19688500000000886,0.6299454199110879,73.0479294709987
2819.0,466.0,110.0,234.0,526.0,60.0,250.0,466.686879,108.550881,235.143751,-0.6868789999999763,1.449118999999996,-1.1437510000000088,1.9697499807851189,79.724525711979
2820.0,228.0,110.0,236.0,248.0,56.0,162.0,227.721565,107.888575,238.968875,0.27843500000000176,2.111424999999997,-2.968874999999997,3.6537460701963087,93.76566535784833
2821.0,228.0,162.0,236.0,246.0,118.0,162.0,226.733783,158.68148100000002,240.096701,1.2662170000000117,3.3185189999999807,-4.096700999999996,5.422069063360487,87.95453370918409
2822.0,532.0,258.0,236.0,600.0,242.0,274.0,532.099101,256.917079,236.34724899999998,-0.09910100000001876,1.082920999999999,-0.3472489999999766,1.1415431522474238,79.52358140828417
2823.0,246.0,98.0,238.0,270.0,44.0,168.0,246.269175,97.864599,237.796211,-0.26917499999998995,0.13540100000000166,0.20378900000000044,0.3637561930015697,91.60785992479029
2824.0,288.0,130.0,238.0,318.0,84.0,184.0,288.098119,130.165975,238.147435,-0.09811899999999696,-0.1659750000000031,-0.14743500000000154,0.2427181864034932,77.01947805587882
2825.0,434.0,252.0,238.0,486.0,236.0,238.0,434.088759,253.073581,237.940159,-0.08875899999998182,-1.0735809999999901,0.059841000000005806,1.0789046616466982,54.405882034941776
2826.0,382.0,294.0,238.0,432.0,280.0,210.0,385.242821,289.751223,230.646635,-3.242820999999992,4.248777000000018,7.353364999999997,9.090652938980513,58.9915248150105
2827.0,582.0,234.0,240.0,656.0,214.0,298.0,581.604837,233.381351,240.169405,0.395163000000025,0.6186490000000049,-0.1694050000000118,0.7533780165328889,96.12491872558333
2828.0,560.0,260.0,240.0,628.0,244.0,290.0,558.038737,258.206035,241.52372699999998,1.9612630000000308,1.7939650000000142,-1.5237269999999796,3.063756998673868,85.90692637965812
2829.0,188.0,276.0,240.0,200.0,260.0,144.0,187.601509,275.461909,239.456315,0.39849100000000703,0.5380910000000085,0.5436850000000106,0.8625139886326635,98.0612053770501
2830.0,296.0,90.0,242.0,326.0,32.0,192.0,295.921087,87.433831,241.775279,0.07891300000000001,2.566169000000002,0.22472099999998818,2.57719811539024,82.24354077980836
2831.0,286.0,182.0,242.0,314.0,146.0,186.0,286.076419,180.945997,241.34929699999998,-0.07641899999998714,1.0540029999999945,0.6507030000000213,1.2410385093859957,72.22188034107116
2832.0,536.0,242.0,242.0,602.0,224.0,280.0,535.049755,242.090603,240.313663,0.9502449999999953,-0.09060299999998733,1.6863370000000089,1.9377582256832298,78.2559901860554
2833.0,260.0,86.0,244.0,282.0,30.0,182.0,259.10862699999996,86.162153,245.419869,0.8913730000000442,-0.16215300000000354,-1.4198690000000056,1.6843002694588325,86.39444426582071
2834.0,254.0,82.0,246.0,276.0,26.0,178.0,253.368849,82.967611,243.831529,0.6311509999999885,-0.9676110000000051,2.168471000000011,2.4570081623720834,90.79647570252934
2835.0,290.0,94.0,248.0,318.0,40.0,196.0,290.817911,93.982915,247.041391,-0.817910999999981,0.017084999999994466,0.9586089999999956,1.2602386742307825,80.02499609497022
2836.0,494.0,108.0,248.0,552.0,60.0,276.0,493.65550899999994,108.09255300000001,248.59162700000002,0.34449100000006183,-0.09255300000000943,-0.5916270000000168,0.6908419602333549,80.32434251209281
2837.0,234.0,158.0,248.0,252.0,118.0,172.0,233.99790499999997,158.52757300000002,246.30854499999998,0.002095000000025493,-0.527573000000018,1.691455000000019,1.771823263302264,87.74964387392122
2838.0,196.0,222.0,248.0,206.0,194.0,158.0,195.303247,221.20190100000002,248.129385,0.6967530000000011,0.7980989999999792,-0.1293850000000134,1.0673177760325048,94.78396488858229
2839.0,594.0,280.0,248.0,666.0,270.0,310.0,593.009299,279.048361,247.44510099999997,0.9907009999999445,0.9516390000000001,0.5548990000000344,1.4815593669924025,95.5405672999695
2840.0,434.0,306.0,248.0,482.0,300.0,248.0,434.16651499999995,305.395443,247.37861099999998,-0.16651499999994712,0.6045569999999998,0.621389000000022,0.882802753051331,48.373546489791295
2841.0,266.0,152.0,250.0,288.0,112.0,188.0,266.081309,153.21930500000002,249.327399,-0.0813089999999761,-1.2193050000000198,0.672600999999986,1.394886354405629,76.99350621968063
2842.0,196.0,192.0,250.0,206.0,158.0,160.0,195.49464700000001,191.69167099999999,249.330577,0.5053529999999853,0.30832900000001473,0.6694229999999948,0.8936305611263456,96.72641831474998
2843.0,474.0,218.0,250.0,528.0,194.0,266.0,473.627685,218.101175,248.372049,0.3723150000000146,-0.101175000000012,1.627950999999996,1.6730449181809195,61.220911460055866
2844.0,548.0,180.0,252.0,614.0,150.0,300.0,548.901935,181.172347,252.011633,-0.9019349999999804,-1.172347000000002,-0.011632999999989124,1.4791955784557258,86.94826047713663
2845.0,586.0,128.0,254.0,656.0,86.0,318.0,585.638389,128.300971,254.456549,0.361611000000039,-0.3009710000000041,-0.45654899999999543,0.6555784068767263,103.73041983911952
2846.0,584.0,138.0,254.0,656.0,96.0,316.0,585.2094529999999,136.51564100000002,253.000375,-1.2094529999999395,1.4843589999999836,0.9996250000000089,2.159941744750266,103.88455130576442
2847.0,262.0,164.0,256.0,278.0,136.0,198.0,261.13098299999996,172.812325,259.932947,0.8690170000000421,-8.812324999999987,-3.932947000000013,9.689186475485078,66.36264009214823
2848.0,600.0,114.0,258.0,672.0,68.0,328.0,600.509133,113.34805300000001,257.892907,-0.5091330000000198,0.6519469999999927,0.10709300000002031,0.8340984433189017,110.45361017187261
2849.0,152.0,154.0,260.0,152.0,110.0,156.0,152.05174899999997,152.726953,259.785737,-0.05174899999997251,1.2730469999999912,0.21426300000001675,1.2919888762597693,112.92475370794483
2850.0,524.0,244.0,266.0,580.0,226.0,304.0,524.2152249999999,243.562929,264.701917,-0.2152249999999185,0.4370710000000031,1.2980830000000196,1.386496424284974,70.02856560004639
2851.0,268.0,256.0,266.0,284.0,238.0,206.0,268.80668099999997,256.226607,265.590861,-0.8066809999999691,-0.22660700000000134,0.40913899999998193,0.932458947906521,64.65291950097846
2852.0,196.0,208.0,270.0,200.0,180.0,184.0,197.276549,209.455709,269.756635,-1.2765489999999886,-1.455709000000013,0.24336499999998296,1.9513822191736299,90.5317623820502
2853.0,526.0,318.0,270.0,578.0,316.0,308.0,524.5238429999999,317.241375,269.212827,1.4761570000000575,0.758624999999995,0.7871729999999957,1.8368975777661518,64.43601477434805
2854.0,372.0,294.0,276.0,400.0,284.0,258.0,372.899045,292.628759,276.304391,-0.899045000000001,1.3712409999999977,-0.3043910000000096,1.6677043122169473,34.75629439396553
2855.0,222.0,152.0,278.0,228.0,112.0,204.0,223.617257,153.362325,277.355111,-1.617256999999995,-1.3623249999999985,0.6448889999999778,2.2107309723245274,84.33267456923205
2856.0,352.0,318.0,280.0,374.0,316.0,254.0,351.94602299999997,319.032237,280.267023,0.053977000000031694,-1.0322370000000092,-0.2670229999999947,1.0675804528123487,34.11744421846396
2857.0,134.0,144.0,282.0,122.0,100.0,174.0,133.32984299999998,144.487513,281.47274300000004,0.6701570000000174,-0.48751300000000697,0.5272569999999632,0.982231782150726,117.23480711802276
2858.0,148.0,164.0,284.0,138.0,124.0,182.0,148.06400299999999,163.959185,283.766751,-0.06400299999998538,0.04081500000000915,0.2332490000000007,0.24529032641952925,110.01818031580054
2859.0,186.0,192.0,284.0,180.0,158.0,198.0,185.17548899999997,191.379759,285.618509,0.8245110000000295,0.6202409999999929,-1.6185090000000173,1.9193979968425245,92.67146270562476
2860.0,190.0,216.0,284.0,186.0,188.0,198.0,190.11221099999997,215.918001,284.353343,-0.11221099999997364,0.08199899999999616,-0.3533429999999953,0.37969253373089934,90.5317623820502
2861.0,464.0,314.0,284.0,504.0,312.0,304.0,465.940789,314.427157,285.297415,-1.9407889999999952,-0.42715700000002244,-1.2974150000000009,2.373270049403355,44.76605857119878
2862.0,214.0,140.0,286.0,214.0,96.0,210.0,214.152471,140.26345700000002,285.499475,-0.15247099999999136,-0.2634570000000167,0.5005249999999819,0.5858176101099967,87.8179936004006
2863.0,478.0,168.0,288.0,518.0,136.0,316.0,478.334127,170.049875,289.258303,-0.3341270000000236,-2.049874999999986,-1.2583030000000122,2.4283646364504214,58.378078077305695
2864.0,190.0,136.0,290.0,186.0,92.0,206.0,191.31633899999997,137.191961,289.628847,-1.3163389999999708,-1.191960999999992,0.3711529999999925,1.8141868530696883,94.91048414163738
2865.0,488.0,248.0,290.0,528.0,232.0,320.0,488.022845,248.57556499999998,290.709303,-0.02284500000001799,-0.5755649999999832,-0.7093029999999771,0.9137328433732417,52.49761899362675
2866.0,134.0,124.0,292.0,120.0,74.0,188.0,135.180165,123.034649,292.617261,-1.1801649999999881,0.9653509999999983,-0.617260999999985,1.6449021619983817,116.24112869376312
2867.0,470.0,306.0,292.0,508.0,304.0,316.0,472.097905,307.70788500000003,293.50483899999995,-2.0979050000000257,-1.707885000000033,-1.5048389999999472,3.0955802328757462,44.98888751680797
2868.0,532.0,316.0,294.0,576.0,316.0,340.0,531.294365,316.867441,294.600523,0.7056350000000293,-0.8674409999999853,-0.6005230000000097,1.2692527389117692,63.655321851358195
2869.0,482.0,128.0,296.0,520.0,86.0,326.0,482.03302099999996,128.965339,296.01938099999995,-0.03302099999996244,-0.9653390000000002,-0.01938099999995302,0.9660980253178225,64.09368143584827
2870.0,424.0,144.0,296.0,452.0,104.0,304.0,423.630937,144.35351300000002,296.772151,0.3690629999999828,-0.35351300000002084,-0.772151000000008,0.9259568596533072,49.47726750741192
2871.0,192.0,188.0,296.0,184.0,154.0,212.0,191.889445,187.91265700000002,295.419405,0.11055500000000507,0.08734299999997575,0.5805950000000166,0.5974460324573394,90.97252332435328
2872.0,142.0,138.0,298.0,124.0,92.0,196.0,140.534225,137.659077,297.971179,1.4657750000000078,0.34092300000000364,0.028820999999993546,1.5051762330687477,113.33137253205751
2873.0,588.0,158.0,298.0,642.0,122.0,366.0,587.574891,157.287753,295.750001,0.4251090000000204,0.7122469999999907,2.2499990000000025,2.398021882904953,94.0
2874.0,154.0,138.0,300.0,140.0,92.0,206.0,155.569417,137.449239,301.584063,-1.5694169999999872,0.5507609999999943,-1.5840630000000147,2.296881143415784,105.5840897105241
2875.0,450.0,184.0,300.0,482.0,154.0,318.0,451.04301899999996,184.970233,300.345329,-1.0430189999999584,-0.9702330000000075,-0.34532899999999245,1.4657737979957626,47.41307836451879
2876.0,462.0,304.0,302.0,490.0,298.0,324.0,460.136347,302.79791900000004,304.341101,1.8636529999999993,1.2020809999999642,-2.3411009999999806,3.2247410945951644,36.11094017053558
2877.0,144.0,84.0,304.0,126.0,26.0,206.0,144.086943,83.469581,304.57534499999997,-0.08694299999999089,0.5304189999999949,-0.5753449999999702,0.7873533322689114,115.29093633065871
2878.0,604.0,150.0,304.0,658.0,114.0,382.0,604.097883,150.453225,303.947161,-0.09788300000002437,-0.4532250000000033,0.052839000000005854,0.4666754142174284,101.46920715172658
2879.0,178.0,220.0,304.0,164.0,192.0,216.0,177.735065,219.100657,304.098479,0.26493500000000836,0.8993429999999876,-0.09847899999999754,0.9427123099413636,93.40235543068493
2880.0,158.0,130.0,306.0,140.0,82.0,214.0,157.559241,129.162359,307.702969,0.4407590000000141,0.8376409999999908,-1.702968999999996,1.9483363046258166,105.31856436545269
2881.0,190.0,176.0,306.0,178.0,140.0,224.0,190.220675,176.334955,306.166947,-0.22067499999999995,-0.3349550000000079,-0.1669469999999933,0.4344693412186907,90.35485598461214
2882.0,434.0,178.0,306.0,462.0,146.0,318.0,435.427791,178.529613,305.464793,-1.4277910000000134,-0.5296130000000119,0.535207000000014,1.6141634372947076,44.181444068749045
2883.0,500.0,250.0,306.0,536.0,234.0,342.0,499.98122900000004,249.90417100000002,305.746433,0.01877099999995835,0.09582899999998062,0.25356699999997545,0.2717200235002608,53.36665625650534
2884.0,208.0,124.0,308.0,198.0,76.0,234.0,207.77959099999998,123.682905,308.112599,0.22040900000001784,0.3170949999999948,-0.11259899999998879,0.4022535283959633,88.76936408468859
2885.0,140.0,230.0,308.0,118.0,206.0,206.0,139.514567,230.94512500000002,308.41977299999996,0.48543300000000045,-0.9451250000000186,-0.41977299999996376,1.1424166642005031,107.07007051459338
2886.0,186.0,170.0,310.0,172.0,132.0,228.0,186.52553699999999,169.76789300000002,310.756355,-0.5255369999999857,0.23210699999998496,-0.756354999999985,0.9498082352996079,91.45490692138941
2887.0,498.0,274.0,310.0,532.0,264.0,346.0,498.187473,274.450203,310.188715,-0.18747300000001133,-0.4502029999999877,-0.18871500000000196,0.5229170279910513,50.51732376126036
2888.0,480.0,232.0,312.0,510.0,212.0,342.0,479.575455,232.03026899999998,312.28797499999996,0.42454500000002326,-0.030268999999975676,-0.28797499999996035,0.5138913017467754,46.9041575982343
2889.0,494.0,272.0,312.0,530.0,262.0,346.0,496.61498700000004,272.82326900000004,310.688893,-2.614987000000042,-0.8232690000000389,1.3111069999999927,3.0389028319410385,50.51732376126036
2890.0,254.0,148.0,314.0,250.0,106.0,258.0,254.70678699999996,147.675029,313.543145,-0.706786999999963,0.324971000000005,0.45685500000001866,0.9021477180789008,70.11419257183242
2891.0,446.0,166.0,314.0,472.0,132.0,332.0,446.713029,166.83835299999998,313.608243,-0.7130290000000059,-0.8383529999999837,0.39175699999998415,1.1682121615952166,46.4327470649756
2892.0,216.0,188.0,316.0,204.0,154.0,246.0,216.27661700000002,187.39160700000002,316.643633,-0.2766170000000159,0.6083929999999782,-0.6436330000000225,0.9278590657136521,78.74007874011811
2893.0,482.0,190.0,316.0,512.0,160.0,348.0,482.215485,189.355753,315.920951,-0.21548500000000104,0.6442470000000071,0.0790489999999977,0.6839128063101387,53.14132102234569
2894.0,612.0,88.0,318.0,662.0,38.0,402.0,611.714935,87.94159300000001,317.70468500000004,0.28506500000003143,0.05840699999998833,0.2953149999999596,0.4145894126711302,109.79981785048643
2895.0,480.0,114.0,318.0,510.0,68.0,350.0,480.341055,113.989349,317.092743,-0.341054999999983,0.010650999999995747,0.9072570000000155,0.9693024403533793,63.56099432828282
2896.0,436.0,266.0,318.0,458.0,254.0,332.0,436.94812299999995,266.841975,318.443241,-0.9481229999999528,-0.8419749999999908,-0.44324100000000044,1.3432504263296905,28.705400188814647
2897.0,490.0,282.0,318.0,520.0,274.0,352.0,490.514437,282.635709,318.068269,-0.5144369999999867,-0.6357090000000198,-0.06826899999998659,0.8206290367827657,46.04345773288535
2898.0,434.0,246.0,320.0,454.0,230.0,334.0,434.14072699999997,247.182837,320.801701,-0.14072699999996985,-1.1828370000000064,-0.80170099999998,1.4358384137844253,29.189039038652847
2899.0,132.0,168.0,322.0,106.0,128.0,220.0,133.11874699999998,166.95707099999998,321.653287,-1.1187469999999848,1.042929000000015,0.3467130000000225,1.5682811142837285,112.60550608207397
2900.0,456.0,186.0,322.0,480.0,156.0,346.0,456.79122099999995,186.282559,322.64415099999997,-0.7912209999999504,-0.282558999999992,-0.6441509999999653,1.0586787851482018,45.2990066116245
2901.0,420.0,208.0,322.0,438.0,180.0,332.0,420.72991899999994,206.343395,322.915443,-0.7299189999999385,1.6566050000000132,-0.915442999999982,2.028585161839384,34.75629439396553
2902.0,288.0,218.0,324.0,282.0,192.0,282.0,286.603459,217.64637300000004,324.720803,1.3965410000000134,0.3536269999999604,-0.7208029999999894,1.6108804377169008,49.759421218498915
2903.0,432.0,158.0,328.0,452.0,120.0,342.0,433.662737,157.001143,326.459699,-1.6627369999999928,0.9988569999999868,1.5403009999999995,2.4768804590086595,45.16635916254486
2904.0,424.0,162.0,328.0,440.0,126.0,340.0,423.87197299999997,162.006689,328.08304899999996,0.12802700000003142,-0.006688999999994394,-0.08304899999995996,0.15275075073793032,41.182520563948
2905.0,120.0,216.0,330.0,86.0,188.0,224.0,119.165359,216.16439100000002,330.548115,0.8346410000000049,-0.16439100000002327,-0.5481149999999957,1.0119684051327942,114.78675881825394
2906.0,462.0,184.0,332.0,482.0,154.0,358.0,461.448939,184.488833,331.430209,0.5510610000000042,-0.48883299999999963,0.5697910000000093,0.9312828309869214,44.45222154178574
2907.0,436.0,180.0,334.0,452.0,148.0,350.0,435.999729,179.83854300000002,332.951271,0.0002709999999979118,0.16145699999998442,1.0487289999999803,1.0610847995004704,39.191835884530846
2908.0,118.0,226.0,336.0,82.0,200.0,230.0,117.727451,225.94327300000003,336.368115,0.27254899999999793,0.056726999999966665,-0.36811499999998887,0.4615295907685518,114.92606318846913
2909.0,136.0,108.0,338.0,106.0,58.0,240.0,137.682187,109.382171,336.509237,-1.682186999999999,-1.3821709999999996,1.4907630000000154,2.6386595268012587,114.03508232118746
2910.0,500.0,306.0,338.0,524.0,302.0,378.0,500.642521,305.234107,337.50845300000003,-0.6425209999999879,0.7658930000000055,0.49154699999996865,1.1140214432850752,46.8187996428785
2911.0,446.0,144.0,340.0,460.0,106.0,364.0,445.474945,145.224789,341.339917,0.5250550000000089,-1.224788999999987,-1.339917000000014,1.8897535327219301,47.07440918375928
2912.0,496.0,222.0,340.0,518.0,200.0,380.0,495.568303,221.699475,339.621759,0.43169699999998556,0.30052499999999327,0.3782410000000027,0.6478763998749958,50.67543783727971
2913.0,432.0,234.0,340.0,444.0,214.0,356.0,431.946737,233.869037,340.34043299999996,0.05326300000001538,0.13096300000000838,-0.3404329999999618,0.36862295374403614,28.284271247461902
2914.0,524.0,298.0,340.0,552.0,296.0,390.0,525.468477,300.018723,339.49798699999997,-1.4684770000000071,-2.0187230000000227,0.5020130000000336,2.546307974779788,57.3410847473258
2915.0,148.0,308.0,340.0,114.0,300.0,244.0,147.150547,307.501807,339.911851,0.8494530000000111,0.49819300000001476,0.08814899999998715,0.9887046630106644,102.15674231297707
2916.0,190.0,78.0,344.0,164.0,20.0,270.0,190.211665,77.57244700000001,344.376263,-0.21166500000001065,0.42755299999998897,-0.37626299999999446,0.6075997738668036,97.54998718605759
2917.0,610.0,88.0,344.0,652.0,40.0,432.0,611.766577,89.27459300000001,343.63691900000003,-1.7665769999999839,-1.27459300000001,0.36308099999996557,2.208440496173475,108.6830253535482
2918.0,198.0,130.0,344.0,172.0,82.0,272.0,197.515249,128.28535300000001,344.459373,0.4847509999999886,1.7146469999999852,-0.4593730000000278,1.8401145126700575,90.35485598461214
2919.0,154.0,178.0,344.0,122.0,142.0,254.0,154.525395,177.925233,344.054397,-0.5253950000000032,0.07476700000000847,-0.05439699999999448,0.5334688781203679,102.07840124139877
2920.0,240.0,110.0,348.0,220.0,60.0,292.0,239.81835299999997,109.756869,347.311051,0.18164700000002654,0.24313100000000532,0.6889489999999796,0.7528340058545337,77.69169839822013
2921.0,160.0,254.0,348.0,128.0,234.0,258.0,161.06914099999997,253.19705500000003,346.505753,-1.0691409999999735,0.8029449999999656,1.494246999999973,2.0051327257602694,97.59098319004681
2922.0,446.0,124.0,350.0,458.0,80.0,376.0,446.804971,123.795995,350.93019100000004,-0.8049710000000232,0.2040049999999951,-0.9301910000000362,1.2469369059207056,52.49761899362675
2923.0,410.0,156.0,350.0,414.0,118.0,360.0,408.79706300000004,155.358927,350.304329,1.202936999999963,0.6410730000000058,-0.30432899999999563,1.3966560627222853,39.496835316262995
2924.0,492.0,230.0,350.0,512.0,212.0,390.0,493.61677299999997,231.44140300000004,349.07003899999995,-1.6167729999999665,-1.4414030000000366,0.9299610000000484,2.35720703449211,48.2078831727758
2925.0,526.0,240.0,350.0,548.0,222.0,404.0,525.326057,239.26216499999998,350.691561,0.6739430000000084,0.7378350000000182,-0.6915609999999788,1.2152597546183321,61.02458520956943
2926.0,188.0,98.0,352.0,158.0,42.0,276.0,187.310903,95.553115,350.814125,0.6890970000000038,2.4468849999999946,1.18587500000001,2.8050669143995486,99.05553997631834
2927.0,464.0,190.0,352.0,478.0,162.0,382.0,464.657151,190.774845,351.19917699999996,-0.6571509999999989,-0.7748449999999991,0.8008230000000367,1.2936574848680218,43.3589667773576
2928.0,186.0,198.0,352.0,154.0,168.0,276.0,185.35361099999997,198.77704699999998,353.089391,0.6463890000000276,-0.7770469999999818,-1.0893909999999778,1.4860664623128264,87.74964387392122
2929.0,488.0,256.0,352.0,504.0,242.0,390.0,487.673997,256.057947,351.44341699999995,0.32600300000001425,-0.05794700000001285,0.556583000000046,0.6476267804121923,43.54308211415448
2930.0,550.0,212.0,354.0,576.0,192.0,414.0,549.412453,214.413411,350.891483,0.5875469999999723,-2.4134109999999964,3.108517000000006,3.9790252664966816,68.38128398911503
2931.0,578.0,290.0,354.0,608.0,284.0,428.0,578.7624609999999,289.419465,354.356763,-0.7624609999999166,0.5805349999999976,-0.35676300000000083,1.0225690690192377,80.0749648766704
2932.0,472.0,250.0,356.0,484.0,234.0,390.0,472.058769,249.617327,356.562881,-0.05876899999998386,0.38267300000001114,-0.5628810000000044,0.6831745314712863,39.44616584663204
2933.0,172.0,86.0,358.0,138.0,24.0,280.0,172.644907,80.873755,358.944007,-0.6449069999999892,5.126244999999997,-0.9440069999999992,5.252184503111344,105.28057750601485
2934.0,178.0,130.0,358.0,144.0,84.0,280.0,177.855709,129.983797,357.973051,0.14429100000000972,0.016202999999990197,0.026949000000001888,0.14767761675691612,96.72641831474998
2935.0,236.0,182.0,358.0,210.0,146.0,300.0,234.91416299999997,180.15567900000002,356.97038899999995,1.0858370000000264,1.8443209999999794,1.0296110000000454,2.3750075269209305,73.0479294709987
2936.0,420.0,204.0,358.0,424.0,178.0,372.0,420.238069,204.30217699999997,357.61925299999996,-0.23806899999999587,-0.30217699999997194,0.38074700000004214,0.541254160352614,29.79932885150268
2937.0,160.0,156.0,360.0,120.0,120.0,276.0,158.49344499999998,159.652329,361.45511899999997,1.50655500000002,-3.652329000000009,-1.4551189999999679,4.210295286132201,99.75971130671941
2938.0,428.0,184.0,360.0,432.0,154.0,378.0,427.79654899999997,184.527783,359.967449,0.20345100000002958,-0.5277829999999994,0.03255100000001221,0.566574595345584,35.21363372331802
2939.0,598.0,198.0,360.0,628.0,172.0,444.0,597.4437369999999,197.38032500000003,360.494411,0.5562630000000581,0.6196749999999724,-0.4944110000000137,0.9684357839914034,92.90855719469548
2940.0,468.0,240.0,360.0,476.0,226.0,388.0,465.248529,243.13366100000002,357.009349,2.751470999999981,-3.133661000000018,2.990651000000014,5.131707058139922,32.31098884280702
2941.0,396.0,246.0,360.0,394.0,230.0,364.0,395.318747,247.15736700000002,359.709121,0.6812530000000265,-1.157367000000022,0.2908790000000181,1.3741232169420243,16.61324772583615
2942.0,146.0,116.0,362.0,104.0,68.0,274.0,145.06436499999998,117.174767,363.54924700000004,0.9356350000000191,-1.1747670000000028,-1.5492470000000367,2.1576970650494838,108.6830253535482
2943.0,418.0,186.0,362.0,422.0,162.0,374.0,419.05797499999994,191.18433299999998,359.536377,-1.0579749999999422,-5.184332999999981,2.463622999999984,5.836613576522144,27.129319932501073
2944.0,432.0,208.0,362.0,436.0,182.0,382.0,432.201377,207.39095099999997,362.310949,-0.2013769999999795,0.6090490000000273,-0.3109489999999937,0.7128693156049158,33.04542328371661
2945.0,160.0,146.0,364.0,122.0,102.0,280.0,160.923803,144.849923,363.867289,-0.9238029999999924,1.1500770000000102,0.13271099999997205,1.481114883545163,102.15674231297707
2946.0,446.0,152.0,364.0,452.0,116.0,386.0,445.072705,153.195363,360.613839,0.9272950000000151,-1.1953629999999862,3.3861610000000155,3.708753838786702,42.61455150532503
2947.0,434.0,208.0,364.0,438.0,182.0,384.0,434.275887,207.35569500000003,363.34540100000004,-0.27588700000001154,0.6443049999999744,0.654598999999962,0.9590320227160944,33.04542328371661
2948.0,194.0,82.0,366.0,160.0,24.0,296.0,193.903629,80.558149,365.660247,0.09637100000000487,1.4418509999999998,0.3397529999999733,1.4844708743693769,97.05668446840743
2949.0,156.0,136.0,366.0,112.0,86.0,282.0,153.526853,131.77682299999998,367.863581,2.4731470000000115,4.223177000000021,-1.8635810000000106,5.236851554178262,107.20074626605917
2950.0,234.0,98.0,368.0,204.0,46.0,316.0,233.500289,98.090677,369.983017,0.4997109999999907,-0.09067699999999945,-1.983017000000018,2.0470197420003213,79.42291860665912
2951.0,150.0,124.0,368.0,106.0,80.0,282.0,148.809395,126.89602100000002,369.36411499999997,1.190605000000005,-2.896021000000019,-1.3641149999999698,3.415448379304105,106.15083607772479
2952.0,156.0,176.0,370.0,112.0,134.0,284.0,154.485677,171.067633,369.888561,1.5143229999999903,4.932366999999999,0.1114390000000185,5.160798099300046,105.33755265810954
2953.0,494.0,224.0,370.0,506.0,204.0,414.0,495.124595,224.633641,369.201887,-1.1245949999999993,-0.6336410000000114,0.7981130000000007,1.5176294645515467,49.79959839195493
2954.0,466.0,252.0,370.0,472.0,238.0,404.0,466.412101,252.792193,370.600569,-0.41210100000000693,-0.7921929999999975,-0.6005690000000072,1.0761413044814376,37.255872020394314
2955.0,460.0,212.0,372.0,464.0,188.0,404.0,459.738445,211.883937,372.189387,0.2615549999999871,0.11606299999999692,-0.18938700000001063,0.343145849112293,40.19950248448356
2956.0,148.0,140.0,374.0,104.0,96.0,286.0,148.441949,139.96402700000002,373.149307,-0.44194899999999393,0.03597299999998427,0.8506929999999784,0.959318276474996,107.77754868245984
2957.0,144.0,190.0,374.0,100.0,160.0,284.0,145.397929,192.430309,373.262295,-1.3979290000000049,-2.430308999999994,0.7377050000000054,2.899106067660684,104.57533169921098
2958.0,268.0,214.0,376.0,240.0,188.0,336.0,267.976413,213.955149,377.56179499999996,0.023587000000020453,0.0448509999999942,-1.561794999999961,1.5626169014812552,55.31726674375732
2959.0,178.0,240.0,376.0,136.0,220.0,300.0,178.084309,241.180001,376.928411,-0.08430899999999042,-1.1800010000000043,-0.9284109999999828,1.5038142679210675,89.10667763978185
2960.0,454.0,124.0,378.0,456.0,80.0,410.0,454.095789,123.397991,377.87213099999997,-0.09578900000002477,0.6020089999999954,0.12786900000003243,0.6228489782949053,54.4426303552648
2961.0,150.0,134.0,378.0,104.0,88.0,292.0,149.929749,133.339337,377.733583,0.07025100000001316,0.6606629999999996,0.2664169999999899,0.7158133977923268,107.83320453366856
2962.0,102.0,266.0,378.0,48.0,250.0,272.0,102.68882899999998,266.580965,378.33405300000004,-0.6888289999999841,-0.580964999999992,-0.3340530000000399,0.96103960858801,120.03332870498926
2963.0,142.0,128.0,380.0,94.0,84.0,292.0,142.122135,130.11902700000002,380.293315,-0.1221349999999859,-2.119027000000017,-0.2933150000000069,2.1427146506660826,109.47145746723207
2964.0,542.0,218.0,380.0,558.0,196.0,444.0,543.265511,217.42927500000002,378.922499,-1.2655109999999468,0.5707249999999817,1.0775009999999838,1.757342744528457,69.54135460285484
2965.0,172.0,298.0,380.0,126.0,290.0,300.0,170.952759,298.570131,380.213861,1.0472410000000139,-0.5701310000000035,-0.21386100000000852,1.211403977442305,92.62828941527529
2966.0,184.0,316.0,380.0,140.0,312.0,304.0,183.073841,316.463009,379.899559,0.9261590000000126,-0.46300899999999956,0.10044099999998934,1.0403058309184954,87.90904390334364
2967.0,576.0,218.0,382.0,592.0,198.0,462.0,574.3880849999999,218.66060299999998,384.093845,1.6119150000000673,-0.6606029999999805,-2.0938449999999875,2.723757179863715,84.0
2968.0,182.0,250.0,382.0,140.0,226.0,306.0,182.808441,245.999779,380.610401,-0.8084409999999878,4.0002210000000105,1.3895989999999756,4.3111866440833895,90.08884503644167
2969.0,172.0,288.0,382.0,126.0,276.0,302.0,171.345151,287.079221,381.630807,0.6548490000000129,0.9207789999999818,0.36919299999999566,1.1886818964260288,93.05912099305473
2970.0,182.0,294.0,382.0,138.0,282.0,306.0,181.765843,291.878325,381.679385,0.23415700000001038,2.121674999999982,0.3206149999999752,2.1585013978450216,88.63407922464135
2971.0,546.0,198.0,386.0,558.0,172.0,452.0,545.127431,197.67555500000003,384.90410699999995,0.8725689999999986,0.3244449999999688,1.0958930000000464,1.4379230456582435,71.9444229944198
2972.0,478.0,248.0,386.0,480.0,232.0,426.0,478.29739699999993,247.56831899999997,385.559243,-0.29739699999993263,0.43168100000002596,0.44075700000001916,0.6848796933907438,43.12771730569565
2973.0,618.0,114.0,388.0,642.0,70.0,486.0,618.317579,113.252433,388.49467699999997,-0.31757900000002337,0.7475670000000036,-0.4946769999999674,0.9510090299565973,110.07270324653611
2974.0,144.0,222.0,388.0,94.0,196.0,300.0,145.226551,221.75746700000002,387.608675,-1.2265510000000006,0.24253299999998035,0.3913249999999948,1.3101087234710667,104.49880382090505
2975.0,450.0,234.0,388.0,446.0,214.0,418.0,449.630127,233.11168100000003,388.002205,0.36987299999998413,0.8883189999999672,-0.0022050000000035652,0.9622481716869771,36.27671429443411
2976.0,154.0,280.0,388.0,106.0,268.0,304.0,156.250219,280.614531,388.30451500000004,-2.250218999999987,-0.6145309999999995,-0.3045150000000376,2.3524164774008374,97.48846085563153
2977.0,448.0,168.0,390.0,444.0,136.0,420.0,447.883601,169.212117,389.311295,0.11639900000000125,-1.2121170000000063,0.6887050000000272,1.398960659173464,44.04543109109048
2978.0,402.0,228.0,390.0,390.0,206.0,402.0,401.876679,227.06496900000002,390.043973,0.12332099999997581,0.9350309999999808,-0.043972999999994045,0.9441528820752271,27.784887978899608
2979.0,474.0,252.0,390.0,472.0,236.0,430.0,473.157677,250.841163,390.78612699999996,0.8423230000000217,1.1588370000000054,-0.7861269999999649,1.6341379651140213,43.12771730569565
2980.0,490.0,280.0,390.0,494.0,272.0,434.0,491.62351899999993,280.156137,388.529955,-1.6235189999999307,-0.15613700000000108,1.4700450000000274,2.1957288102484007,44.8998886412873
2981.0,210.0,292.0,392.0,166.0,282.0,330.0,209.768391,291.432881,393.053225,0.23160899999999174,0.567118999999991,-1.0532249999999976,1.2184209410819322,76.68115805072325
2982.0,402.0,140.0,394.0,390.0,100.0,408.0,402.46915099999995,140.17239899999998,393.66716299999996,-0.4691509999999539,-0.17239899999998443,0.33283700000004046,0.6005035758186443,44.04543109109048
2983.0,374.0,156.0,394.0,354.0,116.0,400.0,372.55829099999994,153.574987,396.963355,1.4417090000000599,2.425013000000007,-2.9633549999999786,4.091538310571598,45.12205669071391
2984.0,476.0,300.0,394.0,474.0,296.0,434.0,476.300643,299.92543700000004,393.96324300000003,-0.30064299999997957,0.07456299999995508,0.036756999999965956,0.311924560538247,40.24922359499622
2985.0,240.0,86.0,396.0,200.0,30.0,350.0,239.09071699999998,84.598899,397.28783699999997,0.9092830000000163,1.401100999999997,-1.2878369999999677,2.109123923542412,82.7768083462995
2986.0,618.0,150.0,396.0,638.0,116.0,496.0,618.2308869999999,150.83121500000001,397.756603,-0.23088699999993878,-0.8312150000000145,-1.7566029999999841,1.9570082479649746,107.49883720301351
2987.0,518.0,240.0,396.0,522.0,224.0,454.0,518.146947,240.44395300000002,396.324571,-0.14694699999995464,-0.4439530000000218,-0.3245709999999917,0.5692398624999839,60.29925372672534
2988.0,488.0,266.0,396.0,486.0,254.0,442.0,487.32339899999994,265.36152100000004,396.649573,0.676601000000062,0.6384789999999612,-0.6495729999999753,1.134631847328023,47.58150901348127
2989.0,492.0,270.0,396.0,492.0,262.0,444.0,492.579425,271.856373,396.722897,-0.5794250000000147,-1.8563730000000191,-0.722896999999989,2.0747130207243294,48.662100242385755
2990.0,374.0,122.0,398.0,354.0,78.0,402.0,372.73141899999996,122.426637,398.144933,1.2685810000000401,-0.4266369999999995,-0.14493299999998044,1.3462252626581837,48.49742261192856
2991.0,520.0,206.0,398.0,524.0,182.0,458.0,520.358041,205.984107,398.501373,-0.3580409999999574,0.015893000000005486,-0.501373000000001,0.6162960573125311,64.74565622495459
2992.0,134.0,218.0,398.0,78.0,190.0,308.0,134.819207,216.836315,397.92514500000004,-0.8192070000000058,1.1636849999999868,0.07485499999995682,1.4250846147155516,109.63576058932597
2993.0,486.0,256.0,398.0,484.0,242.0,444.0,486.179849,255.51991700000002,398.605925,-0.17984899999999016,0.48008299999997917,-0.6059250000000134,0.7937067816990054,48.12483766206386
2994.0,104.0,128.0,400.0,40.0,82.0,302.0,102.741565,128.662579,402.079305,1.2584350000000057,-0.6625789999999938,-2.0793049999999766,2.5191623336916797,125.76167937809991
2995.0,550.0,168.0,400.0,558.0,136.0,472.0,550.001495,167.948695,400.09349499999996,-0.0014949999999771535,0.05130500000001348,-0.09349499999996169,0.10665717545010346,79.19595949289332
2996.0,586.0,176.0,400.0,600.0,146.0,486.0,586.373421,175.73589900000002,400.155641,-0.37342100000000755,0.2641009999999824,-0.1556410000000028,0.48313217893553434,92.15204826806618
2997.0,138.0,214.0,402.0,78.0,186.0,314.0,136.343551,213.487865,402.548649,1.6564490000000092,0.5121350000000007,-0.5486490000000117,1.8185492220523052,110.12719918348964
2998.0,138.0,232.0,402.0,80.0,210.0,314.0,138.117029,233.134119,402.264225,-0.11702900000000227,-1.1341189999999983,-0.26422500000001037,1.1703574426759553,107.66615066955816
2999.0,576.0,170.0,404.0,586.0,140.0,486.0,575.439107,170.89984099999998,403.735343,0.5608929999999646,-0.8998409999999808,0.2646569999999997,1.0928669225385703,87.88629017087932
3000.0,460.0,274.0,404.0,450.0,264.0,442.0,459.438907,273.753469,406.10389899999996,0.561093000000028,0.2465310000000045,-2.1038989999999558,2.191345224014429,40.54626986542659
3001.0,552.0,286.0,408.0,558.0,282.0,482.0,553.936831,287.411105,409.29653699999994,-1.9368309999999838,-1.4111050000000205,-1.2965369999999439,2.7246173742297923,74.35052118176442
3002.0,540.0,298.0,408.0,542.0,296.0,476.0,540.070135,299.039643,408.929439,-0.07013500000005024,-1.0396430000000123,-0.9294390000000021,1.3962927130064944,68.05879810869422
3003.0,192.0,322.0,408.0,138.0,322.0,342.0,191.496611,324.207465,410.048057,0.5033889999999985,-2.2074650000000133,-2.0480569999999716,3.053005025674694,85.27602242131137
3004.0,536.0,310.0,410.0,538.0,310.0,476.0,537.089611,310.528855,410.106321,-1.0896109999999908,-0.5288550000000214,-0.1063209999999799,1.2158305381043026,66.03029607687671
3005.0,424.0,314.0,410.0,408.0,314.0,432.0,424.655733,315.061725,409.738661,-0.6557329999999979,-1.061725000000024,0.26133900000002086,1.2749681626750762,27.202941017470888
3006.0,396.0,322.0,410.0,376.0,320.0,422.0,397.24164499999995,320.275411,410.34295499999996,-1.2416449999999486,1.7245889999999804,-0.3429549999999608,2.152558398039593,23.40939982143925
3007.0,564.0,168.0,412.0,570.0,138.0,490.0,564.027715,169.303069,410.98255299999994,-0.027714999999943757,-1.3030689999999936,1.017447000000061,1.6534676706228955,83.78544026261365
3008.0,590.0,192.0,412.0,598.0,166.0,496.0,587.603407,192.00793500000003,408.642793,2.3965930000000526,-0.007935000000031778,3.3572070000000167,4.124870884370002,88.29496021857646
3009.0,392.0,308.0,412.0,372.0,302.0,422.0,393.96876899999995,305.554703,411.206013,-1.968768999999952,2.4452969999999823,0.7939870000000155,3.2382007580968093,23.15167380558045
3010.0,494.0,174.0,414.0,488.0,144.0,466.0,494.116205,174.964895,413.70193900000004,-0.11620499999997946,-0.9648950000000127,0.2980609999999615,1.0165462718297662,60.332412515993425
3011.0,208.0,314.0,414.0,156.0,312.0,354.0,208.514953,315.771771,414.59732299999996,-0.5149529999999913,-1.771771000000001,-0.5973229999999603,1.9393668644634896,79.42291860665912
3012.0,612.0,110.0,416.0,628.0,66.0,512.0,614.165385,109.741585,412.299165,-2.1653850000000148,0.2584149999999994,3.7008349999999837,4.295561687099249,106.80823938254952
3013.0,488.0,208.0,416.0,476.0,184.0,464.0,484.636065,207.81848100000002,415.658727,3.3639350000000263,0.18151899999998022,0.34127300000000105,3.3860707452909447,54.99090833947008
3014.0,446.0,214.0,416.0,432.0,190.0,450.0,446.85610099999997,213.147423,416.273285,-0.8561009999999669,0.8525769999999966,-0.2732849999999871,1.2387417625780326,43.9089968002003
3015.0,460.0,216.0,416.0,448.0,192.0,456.0,460.868973,214.62384500000002,416.79729499999996,-0.8689729999999827,1.376154999999983,-0.7972949999999628,1.8123454350037311,48.16637831516918
3016.0,440.0,218.0,416.0,428.0,192.0,448.0,443.245649,214.83198499999997,415.778239,-3.2456490000000144,3.1680150000000253,0.22176100000001497,4.540895772041818,42.941821107167776
3017.0,590.0,104.0,418.0,598.0,58.0,510.0,590.2587910000001,103.380965,418.463345,-0.2587910000000875,0.6190349999999967,-0.4633450000000039,0.8153929739279365,103.16976301223144
3018.0,466.0,128.0,418.0,452.0,86.0,462.0,464.569873,127.708903,419.380901,1.4301270000000272,0.2910969999999935,-1.3809009999999944,2.0092009036776433,62.41794613730894
3019.0,512.0,194.0,418.0,506.0,164.0,476.0,510.888331,191.125071,416.991171,1.1116690000000062,2.8749290000000087,1.0088289999999915,3.2432638917983603,65.57438524302
3020.0,542.0,262.0,418.0,542.0,252.0,488.0,542.789927,262.856583,417.823395,-0.7899270000000342,-0.8565830000000005,0.17660499999999502,1.17851959137006,70.71067811865476
3021.0,462.0,282.0,418.0,446.0,272.0,456.0,460.04563899999994,280.159831,418.10164699999996,1.9543610000000626,1.840169000000003,-0.10164699999995719,2.686276415317539,42.42640687119285
3022.0,460.0,206.0,420.0,446.0,180.0,458.0,459.725423,204.782241,418.753647,0.27457700000002205,1.217759000000001,1.2463529999999992,1.7640083082624674,48.12483766206386
3023.0,214.0,322.0,420.0,162.0,322.0,362.0,215.35013899999998,323.832533,419.35299299999997,-1.3501389999999844,-1.8325330000000122,0.6470070000000305,2.3663623081555034,77.89736837660179
3024.0,608.0,70.0,422.0,616.0,16.0,522.0,606.984781,68.73535100000001,422.698787,1.0152190000000019,1.2646489999999915,-0.6987869999999816,1.765873716473224,113.92980294900892
3025.0,500.0,228.0,422.0,492.0,210.0,476.0,500.429089,228.880133,421.080837,-0.4290889999999763,-0.8801330000000007,0.9191630000000259,1.3429862576285092,57.48043145279966
3026.0,556.0,124.0,424.0,554.0,82.0,500.0,553.683867,123.404847,422.362917,2.316133000000036,0.5951529999999963,1.6370830000000183,2.898054505351344,86.85620300243386
3027.0,588.0,130.0,424.0,594.0,90.0,516.0,589.003603,129.541047,424.47948499999995,-1.0036029999999982,0.45895300000000816,-0.4794849999999542,1.2032301122574018,100.4987562112089
3028.0,500.0,86.0,426.0,492.0,36.0,484.0,500.92060899999996,86.267413,425.59139500000003,-0.9206089999999563,-0.2674130000000048,0.4086049999999659,1.042107810869343,76.99350621968063
3029.0,506.0,178.0,426.0,492.0,150.0,484.0,501.962113,179.64025300000003,426.709393,4.037887000000012,-1.6402530000000297,-0.7093929999999773,4.415676591104376,65.90902821313632
3030.0,484.0,214.0,426.0,472.0,192.0,478.0,485.24279700000005,214.22484300000002,427.656475,-1.2427970000000528,-0.22484300000002122,-1.6564750000000004,2.0830286084168748,57.723478758647246
3031.0,474.0,222.0,426.0,460.0,202.0,472.0,474.44798499999996,222.55476900000002,426.210565,-0.4479849999999601,-0.5547690000000216,-0.21056499999997413,0.7435030751859587,52.076866265166146
3032.0,394.0,306.0,426.0,366.0,302.0,438.0,393.46849499999996,305.395701,425.199341,0.5315050000000383,0.6042990000000259,0.800658999999996,1.135222304532053,30.72458299147443
3033.0,530.0,174.0,428.0,526.0,144.0,496.0,531.450711,174.39131100000003,427.139551,-1.4507109999999557,-0.39131100000003016,0.8604490000000169,1.7314904521373844,74.43117626371358
3034.0,462.0,282.0,428.0,446.0,276.0,468.0,463.203959,283.291651,427.466339,-1.2039589999999976,-1.2916510000000017,0.5336609999999951,1.844633742075373,43.497126341863094
3035.0,534.0,94.0,430.0,528.0,46.0,502.0,533.670485,94.040035,430.321405,0.3295150000000149,-0.04003500000000315,-0.32140500000002703,0.4620434075658124,86.74099376880577
3036.0,438.0,106.0,430.0,418.0,60.0,464.0,438.43099499999994,106.579435,429.51662699999997,-0.43099499999993895,-0.5794350000000037,0.4833730000000287,0.8689942844340113,60.597029630172464
3037.0,610.0,128.0,430.0,616.0,88.0,530.0,609.723757,127.611391,429.62186699999995,0.2762430000000222,0.3886090000000024,0.378133000000048,0.6085324277465011,107.8702924812944
3038.0,510.0,170.0,430.0,502.0,138.0,492.0,511.7047349999999,169.659323,430.209725,-1.7047349999999142,0.34067699999999945,-0.20972499999999172,1.7510473477832356,70.22819946431775
3039.0,448.0,232.0,430.0,428.0,212.0,466.0,448.11103299999996,230.996555,429.962575,-0.11103299999996352,1.0034449999999993,0.03742499999998472,1.0102627508420716,45.78209256903839
3040.0,516.0,234.0,430.0,506.0,220.0,490.0,515.042019,236.823941,428.420071,0.957981000000018,-2.8239409999999907,1.5799289999999928,3.374691987853552,62.41794613730894
3041.0,546.0,162.0,432.0,540.0,128.0,506.0,544.785513,161.08769900000001,431.115315,1.2144869999999628,0.9123009999999852,0.8846849999999904,1.7578223280510648,81.65782265037441
3042.0,402.0,102.0,434.0,374.0,54.0,456.0,402.10228699999993,102.00744700000001,434.676233,-0.10228699999993296,-0.007447000000013304,-0.6762330000000247,0.6839657582562302,59.76621118993574
3043.0,442.0,204.0,434.0,420.0,180.0,468.0,442.12212099999994,204.80730899999998,433.28216299999997,-0.12212099999993598,-0.8073089999999752,0.7178370000000314,1.087175845340113,47.07440918375928
3044.0,518.0,282.0,434.0,510.0,278.0,498.0,520.761519,284.210769,434.16626899999994,-2.761519000000021,-2.2107690000000275,-0.16626899999994293,3.541346091401294,64.62197768561404
3045.0,396.0,82.0,436.0,364.0,30.0,456.0,394.11195299999997,82.40593700000001,437.03982499999995,1.8880470000000287,-0.40593700000000865,-1.0398249999999507,2.1933404552880096,64.24951361683604
3046.0,504.0,228.0,436.0,490.0,208.0,494.0,503.53926699999994,227.036569,435.569211,0.46073300000006157,0.9634310000000141,0.4307890000000043,1.1515438991072324,62.928530890209096
3047.0,368.0,246.0,436.0,334.0,228.0,444.0,369.485895,244.89202700000004,437.453027,-1.4858950000000277,1.1079729999999586,-1.45302700000002,2.3551593539467874,39.293765408777
3048.0,366.0,148.0,438.0,330.0,110.0,446.0,365.819715,148.241249,438.889629,0.18028500000002623,-0.24124900000001048,-0.8896290000000135,0.9392249564758374,52.952809179494906
3049.0,542.0,152.0,438.0,534.0,116.0,512.0,541.574127,151.220327,437.219739,0.42587300000002415,0.7796730000000025,0.7802609999999959,1.1823979986362536,82.68010643437755
3050.0,596.0,158.0,438.0,596.0,126.0,532.0,595.049081,158.823461,436.74669700000004,0.950918999999999,-0.8234610000000089,1.2533029999999599,1.7756979959697292,99.29753269845128
3051.0,506.0,240.0,438.0,492.0,224.0,496.0,505.759953,240.106273,436.760575,0.24004700000000412,-0.1062729999999874,1.239424999999983,1.2669217984402024,61.773780845922005
3052.0,354.0,112.0,440.0,312.0,64.0,446.0,351.41153299999996,110.665163,443.116635,2.588467000000037,1.3348369999999932,-3.116634999999974,4.265602530696339,64.06246951218786
3053.0,504.0,112.0,440.0,488.0,66.0,502.0,502.76892499999997,110.64495500000001,440.91338499999995,1.2310750000000326,1.3550449999999898,-0.9133849999999484,2.0459630411801086,78.8416133777081
3054.0,480.0,136.0,442.0,460.0,98.0,496.0,479.741393,137.083689,443.84156499999995,0.2586069999999836,-1.0836889999999926,-1.841564999999946,2.1523524521775648,68.99275324264136
3055.0,500.0,220.0,442.0,484.0,200.0,500.0,500.364425,220.44543699999997,441.71286299999997,-0.3644249999999829,-0.4454369999999699,0.28713700000002973,0.643169774136641,63.40346993658943
3056.0,510.0,236.0,442.0,496.0,220.0,504.0,510.91302099999996,236.71138100000002,441.898739,-0.9130209999999579,-0.7113810000000171,0.10126100000002225,1.1618623256319796,65.54387843269576
3057.0,472.0,96.0,444.0,452.0,48.0,494.0,472.547441,96.199503,443.87613899999997,-0.5474409999999921,-0.1995030000000071,0.12386100000003353,0.5956799835574488,72.13875518748573
3058.0,572.0,240.0,444.0,566.0,226.0,528.0,571.608879,240.94539100000003,442.415789,0.3911209999999983,-0.9453910000000292,1.584210999999982,1.8858590276165919,85.36978388165218
3059.0,466.0,246.0,444.0,444.0,230.0,492.0,467.47304099999997,245.33723700000002,446.18593699999997,-1.4730409999999665,0.662762999999984,-2.185936999999967,2.717981815579114,55.17245689653489
3060.0,434.0,154.0,446.0,406.0,118.0,480.0,433.797967,153.959471,445.63813700000003,0.2020329999999717,0.040528999999992266,0.3618629999999712,0.41641897615138423,56.88585061331157
3061.0,494.0,228.0,446.0,476.0,210.0,504.0,495.27952100000005,228.63264099999998,446.99858900000004,-1.2795210000000452,-0.6326409999999782,-0.9985890000000381,1.7420070652104613,63.340350488452465
3062.0,472.0,230.0,446.0,450.0,212.0,494.0,472.49153099999995,230.53652900000003,446.004279,-0.4915309999999522,-0.53652900000003,-0.004278999999996813,0.7276567883576606,55.78530272392541
3063.0,260.0,320.0,446.0,204.0,316.0,410.0,260.420921,318.105587,445.680375,-0.4209210000000212,1.894412999999986,0.3196249999999736,1.9667575456662034,66.69332800213226
3064.0,324.0,206.0,448.0,278.0,182.0,440.0,324.507055,207.576615,448.447593,-0.5070549999999798,-1.5766150000000039,-0.4475929999999835,1.715563792139184,52.49761899362675
3065.0,556.0,246.0,448.0,546.0,230.0,528.0,556.1032829999999,244.33349100000004,447.65293699999995,-0.10328299999991941,1.6665089999999623,0.3470630000000483,1.705395071864256,82.19489035213807
3066.0,444.0,258.0,448.0,416.0,246.0,484.0,443.779037,258.695081,447.402961,0.22096299999998337,-0.695081000000016,0.5970389999999952,0.9425591819355479,47.15930449020638
3067.0,578.0,104.0,450.0,572.0,60.0,540.0,577.876721,104.803453,448.55391499999996,0.12327900000002501,-0.8034530000000046,1.4460850000000391,1.658884041238304,100.35935432235502
3068.0,486.0,164.0,450.0,464.0,132.0,504.0,485.24162900000005,164.81307700000002,449.352395,0.7583709999999542,-0.8130770000000211,0.6476049999999987,1.2867062670224945,66.51315659326356
3069.0,446.0,232.0,450.0,418.0,216.0,490.0,446.6200589999999,234.03988499999997,451.25169099999994,-0.6200589999999124,-2.0398849999999698,-1.251690999999937,2.472313559439136,51.38093031466052
3070.0,454.0,234.0,450.0,428.0,216.0,490.0,454.3911289999999,233.98395499999998,448.652731,-0.39112899999992123,0.016045000000019627,1.347268999999983,1.4029872041565072,50.99019513592785
3071.0,404.0,200.0,452.0,370.0,174.0,476.0,405.293139,200.076319,452.43509700000004,-1.2931389999999965,-0.07631900000001224,-0.4350970000000416,1.3665073956956943,49.07137658554119
3072.0,518.0,204.0,452.0,504.0,182.0,518.0,520.4247809999999,205.37386700000002,450.32661299999995,-2.424780999999939,-1.3738670000000184,1.673387000000048,3.250737990582895,70.96477999684069
3073.0,422.0,252.0,452.0,390.0,238.0,482.0,422.980871,252.31208900000001,452.527557,-0.9808709999999792,-0.3120890000000145,-0.5275570000000016,1.156643355062817,46.04345773288535
3074.0,496.0,262.0,454.0,474.0,252.0,512.0,496.190203,262.948067,454.147251,-0.1902029999999968,-0.9480669999999805,-0.14725099999998292,0.9781058606812233,62.83311228962003
3075.0,532.0,138.0,456.0,516.0,100.0,530.0,532.1226889999999,137.999411,455.729151,-0.122688999999923,0.0005889999999908468,0.27084899999999834,0.2973417536152301,84.71127433818948
3076.0,490.0,208.0,456.0,466.0,186.0,512.0,489.370371,208.93485099999998,455.579157,0.6296290000000226,-0.9348509999999806,0.42084299999999075,1.2031159131567433,64.77653896280658
3077.0,338.0,214.0,456.0,290.0,190.0,454.0,337.54749899999996,213.893489,456.287005,0.4525010000000407,0.10651100000001179,-0.28700500000002194,0.5463273909910172,53.70288632839021
3078.0,550.0,238.0,456.0,536.0,224.0,536.0,550.3585810000001,239.378781,456.410031,-0.358581000000072,-1.3787810000000036,-0.4100310000000036,1.4824786003457402,82.41359111214607
3079.0,430.0,276.0,456.0,396.0,266.0,488.0,429.460209,275.14000100000004,455.90550899999994,0.5397909999999797,0.8599989999999593,0.09449100000006183,1.0197554377216724,47.74934554525329
3080.0,486.0,288.0,456.0,460.0,282.0,510.0,485.064489,287.622239,456.525761,0.9355110000000195,0.3777610000000209,-0.5257609999999886,1.1376769459574365,60.23288138550239
3081.0,484.0,154.0,458.0,458.0,120.0,514.0,483.070835,154.897565,458.56530699999996,0.9291650000000118,-0.897564999999986,-0.5653069999999616,1.4101569170482247,70.48404074682438
3082.0,486.0,176.0,458.0,462.0,146.0,516.0,486.937095,176.146683,459.33494899999994,-0.9370949999999993,-0.1466829999999959,-1.3349489999999378,1.6376055001479544,69.57010852370435
3083.0,396.0,190.0,458.0,358.0,162.0,478.0,396.378519,190.290645,456.990409,-0.37851899999998295,-0.29064500000001203,1.0095910000000003,1.1167027969280792,51.264022471905186
3084.0,550.0,240.0,458.0,536.0,226.0,538.0,550.897149,240.99283100000002,457.983889,-0.8971490000000131,-0.9928310000000238,0.016111000000023523,1.3382261718719566,82.41359111214607
3085.0,366.0,250.0,458.0,322.0,234.0,466.0,365.93868299999997,249.60873300000003,457.727305,0.06131700000003093,0.3912669999999707,0.2726949999999988,0.48084530028168126,47.49736834815167
3086.0,432.0,94.0,460.0,398.0,44.0,498.0,431.587711,93.17714500000001,460.979783,0.412288999999987,0.8228549999999899,-0.9797829999999976,1.3442645936105615,71.4142842854285
3087.0,444.0,104.0,460.0,412.0,56.0,502.0,443.617433,102.879423,460.567411,0.38256699999999455,1.1205769999999973,-0.5674109999999928,1.3130139242745986,71.35825109964509
3088.0,438.0,190.0,460.0,406.0,162.0,498.0,438.882615,189.781481,460.05784099999994,-0.882614999999987,0.21851899999998636,-0.05784099999993941,0.9111011869528896,57.02630971753301
3089.0,528.0,246.0,460.0,510.0,232.0,532.0,529.186295,246.124819,460.137295,-1.1862949999999728,-0.12481900000000223,-0.13729499999999462,1.2007187542513587,75.52483035399682
3090.0,488.0,148.0,462.0,462.0,110.0,520.0,487.64879099999996,146.61238300000002,462.09038499999997,0.35120900000003985,1.3876169999999775,-0.0903849999999693,1.4342238837067802,74.05403432629447
3091.0,484.0,252.0,462.0,458.0,240.0,518.0,485.207747,253.13662500000004,462.850635,-1.2077469999999835,-1.1366250000000377,-0.8506350000000111,1.863906947746873,62.89674077406555
3092.0,378.0,142.0,464.0,334.0,102.0,482.0,378.22038299999997,141.233137,465.747981,-0.2203829999999698,0.7668630000000007,-1.7479809999999816,1.9214799254269932,62.12889826803627
3093.0,394.0,202.0,464.0,352.0,176.0,486.0,393.92496499999993,201.69476300000002,464.90405899999996,0.0750350000000708,0.3052369999999769,-0.9040589999999611,0.9571429114165377,54.0740233383831
3094.0,374.0,242.0,464.0,332.0,228.0,476.0,376.256417,244.51809300000002,462.840723,-2.256416999999999,-2.5180930000000217,1.1592769999999746,3.574371720633858,45.86937976471886
3095.0,548.0,246.0,464.0,530.0,232.0,544.0,547.850211,245.868539,464.26483900000005,0.14978900000005524,0.1314610000000016,-0.2648390000000518,0.3314489930035154,83.18653737234169
3096.0,504.0,302.0,464.0,480.0,300.0,528.0,505.4537409999999,302.036829,465.492563,-1.4537409999999227,-0.03682900000001155,-1.4925630000000183,2.0838578596657764,68.38128398911503
3097.0,588.0,312.0,464.0,576.0,312.0,558.0,587.970085,310.967571,463.973891,0.029914999999959946,1.0324289999999792,0.026109000000019478,1.03319225081635,94.76286192385707
3098.0,416.0,92.0,466.0,378.0,42.0,498.0,416.02729899999997,91.650885,466.158089,-0.027298999999970874,0.3491149999999976,-0.15808900000001813,0.3842117261966408,70.48404074682438
3099.0,486.0,136.0,466.0,454.0,94.0,524.0,482.326351,133.504027,467.121129,3.6736490000000117,2.4959729999999922,-1.1211289999999963,4.580666810254926,78.43468620451031
3100.0,578.0,136.0,466.0,566.0,100.0,556.0,577.7418869999999,137.40685100000002,462.939523,0.25811300000009396,-1.4068510000000174,3.0604769999999917,3.3782201711106765,97.67292357659824
3101.0,532.0,84.0,468.0,512.0,34.0,546.0,532.573653,83.771263,468.555425,-0.5736530000000357,0.2287369999999953,-0.5554250000000138,0.830599368048793,94.78396488858229
3102.0,432.0,96.0,468.0,394.0,48.0,504.0,430.07671500000004,96.403547,466.721327,1.9232849999999644,-0.4035470000000032,1.2786730000000261,2.3445426021642115,71.02112361825881
3103.0,576.0,154.0,470.0,560.0,120.0,564.0,575.3431489999999,153.725329,470.912015,0.6568510000000742,0.2746710000000121,-0.9120149999999967,1.1570085369897227,101.23240587875011
3104.0,442.0,168.0,470.0,408.0,138.0,510.0,443.339341,169.968435,468.628145,-1.3393409999999903,-1.9684349999999995,1.3718549999999823,2.7478276518972082,60.4648658313239
3105.0,512.0,108.0,472.0,486.0,64.0,542.0,511.602359,108.536621,472.49844299999995,0.39764100000002145,-0.5366209999999967,-0.498442999999952,0.8333821972966339,86.6717947200818
3106.0,560.0,114.0,472.0,544.0,70.0,560.0,561.412045,112.909957,471.47151299999996,-1.4120450000000346,1.0900429999999943,0.528487000000041,1.8604739538738855,99.67948635501689
3107.0,486.0,228.0,472.0,456.0,210.0,528.0,485.980933,228.45566100000002,470.847437,0.01906700000000683,-0.4556610000000205,1.1525629999999865,1.2395127939553459,66.03029607687671
3108.0,570.0,258.0,472.0,550.0,250.0,562.0,568.239463,260.28312900000003,473.23164099999997,1.7605369999999994,-2.283129000000031,-1.2316409999999678,3.135140844027754,92.5418824100742
3109.0,430.0,136.0,474.0,390.0,98.0,512.0,429.50627099999997,137.28263900000002,474.46823700000004,0.4937290000000303,-1.2826390000000174,-0.46823700000004465,1.4519562727338302,66.9925368977769
3110.0,478.0,148.0,474.0,448.0,110.0,528.0,478.85047699999996,146.594405,471.94590500000004,-0.8504769999999553,1.4055950000000053,2.054094999999961,2.630268940731875,72.52585745787498
3111.0,578.0,164.0,474.0,564.0,134.0,566.0,579.099777,165.14572700000002,471.56397300000003,-1.0997770000000173,-1.1457270000000221,2.4360269999999673,2.9079936989249013,97.77525249264254
3112.0,328.0,194.0,474.0,270.0,166.0,470.0,325.948463,194.155349,473.68350899999996,2.051536999999996,-0.15534900000000107,0.3164910000000418,2.0816108971781953,64.52906321960671
3113.0,450.0,274.0,474.0,412.0,266.0,516.0,449.178065,274.713533,473.50658899999996,0.8219349999999963,-0.713532999999984,0.49341100000003735,1.1950568610886296,57.201398584300364
3114.0,568.0,94.0,476.0,550.0,48.0,568.0,567.954879,94.760799,475.913359,0.04512099999999464,-0.7607990000000058,0.08664099999998598,0.7670447743926073,104.4222198576529
3115.0,430.0,118.0,476.0,390.0,74.0,514.0,429.807303,117.60112900000001,475.787113,0.19269700000000967,0.39887099999998554,0.21288700000002336,0.49147846668903217,70.5691150575094
3116.0,420.0,128.0,476.0,378.0,86.0,510.0,419.55105899999995,127.545105,475.91506100000004,0.44894100000004755,0.4548949999999934,0.08493899999996302,0.6447418989231508,68.43975452907469
3117.0,422.0,164.0,476.0,380.0,130.0,510.0,421.507257,163.572559,475.826777,0.4927430000000186,0.4274409999999875,0.17322300000000723,0.674913090893198,63.84355879804947
3118.0,334.0,204.0,476.0,278.0,178.0,476.0,333.83583899999996,203.867115,476.38475700000004,0.16416100000003553,0.13288499999998749,-0.384757000000036,0.4389136659925686,61.741396161732524
3119.0,488.0,216.0,478.0,458.0,190.0,536.0,489.433611,211.966995,476.348481,-1.4336109999999849,4.033005000000003,1.6515190000000075,4.587797384007603,70.28513356322232
3120.0,516.0,284.0,478.0,488.0,278.0,546.0,516.1522689999999,283.75613500000003,477.185837,-0.15226899999993293,0.24386499999997113,0.8141630000000077,0.8634334816041003,73.78346698278686
3121.0,428.0,166.0,480.0,386.0,132.0,518.0,428.269355,165.08084100000002,480.50399100000004,-0.26935500000001866,0.9191589999999792,-0.5039910000000418,1.0823180269158479,66.06057825965497
3122.0,452.0,198.0,480.0,414.0,172.0,526.0,452.47497500000003,197.59035699999998,479.83615899999995,-0.474975000000029,0.40964300000001685,0.16384100000004764,0.64826885730772,65.08456038109192
3123.0,466.0,220.0,480.0,430.0,200.0,532.0,466.72538299999997,220.36233900000002,480.61515099999997,-0.7253829999999653,-0.36233900000001995,-0.6151509999999689,1.0177822951942748,66.332495807108
3124.0,516.0,232.0,480.0,488.0,214.0,550.0,516.608157,231.28815500000002,479.66667699999994,-0.6081570000000056,0.7118449999999825,0.333323000000064,0.9938221485774125,77.5112895003044
3125.0,588.0,282.0,480.0,568.0,274.0,580.0,587.129317,279.623265,482.77707699999996,0.8706829999999854,2.3767349999999965,-2.777076999999963,3.7575410590761016,102.29369482035537
3126.0,464.0,296.0,480.0,426.0,292.0,534.0,464.977763,295.714161,484.111223,-0.9777629999999817,0.28583900000000995,-4.111222999999995,4.235549429981774,66.15134163416491
3127.0,140.0,312.0,480.0,52.0,306.0,404.0,140.648409,310.837333,480.423765,-0.6484089999999867,1.162666999999999,-0.42376500000000306,1.3970703487637919,116.43023662262307
3128.0,290.0,314.0,480.0,224.0,310.0,460.0,288.915645,312.477617,479.279713,1.0843550000000164,1.5223829999999907,0.7202869999999848,2.003069925659857,69.07966415668217
3129.0,396.0,126.0,482.0,348.0,84.0,508.0,395.69928100000004,126.09884500000001,482.13808299999994,0.3007189999999582,-0.0988450000000114,-0.13808299999993778,0.34535368229535346,68.87670143089025
3130.0,424.0,128.0,482.0,382.0,86.0,520.0,425.26096699999994,127.402383,482.646697,-1.2609669999999369,0.5976169999999996,-0.6466970000000174,1.537985976394734,70.51241025521678
3131.0,492.0,170.0,482.0,458.0,136.0,542.0,490.50115500000004,167.665545,480.481635,1.4988449999999602,2.3344549999999913,1.518365000000017,3.1625383403644123,76.88953114696434
3132.0,254.0,308.0,482.0,184.0,302.0,448.0,254.636501,306.293277,480.27163299999995,-0.6365010000000098,1.7067230000000109,1.7283670000000484,2.511033533909736,78.05126520435142
3133.0,474.0,316.0,482.0,438.0,318.0,534.0,474.54058299999997,316.942605,481.24745299999995,-0.5405829999999696,-0.9426050000000146,0.7525470000000496,1.3217644090847163,63.2771680782255
3134.0,568.0,80.0,484.0,546.0,28.0,582.0,568.305803,78.23348100000001,487.63651100000004,-0.30580299999996896,1.7665189999999882,-3.6365110000000413,4.054419453545876,113.10172412478954
3135.0,584.0,150.0,484.0,564.0,112.0,584.0,583.581449,146.90977700000002,485.336415,0.41855099999997947,3.0902229999999804,-1.3364149999999881,3.392737564497854,108.83014288330233
3136.0,486.0,192.0,484.0,452.0,166.0,546.0,487.15318499999995,192.222763,485.443709,-1.1531849999999508,-0.22276299999998628,-1.4437090000000126,1.8611165130305294,75.33923280734945
3137.0,350.0,226.0,486.0,296.0,208.0,496.0,353.30080499999997,228.09754100000004,487.543279,-3.3008049999999685,-2.097541000000035,-1.543278999999984,4.2043670113998,57.79273310719956
3138.0,342.0,154.0,488.0,282.0,116.0,494.0,341.060499,152.846393,488.725335,0.939501000000007,1.1536069999999938,-0.7253349999999728,1.6551683001057504,71.27411872482185
3139.0,482.0,224.0,488.0,444.0,204.0,546.0,481.28349699999995,223.39178700000002,487.895543,0.7165030000000456,0.6082129999999779,0.10445700000002489,0.9456272348166818,72.16647421067486
3140.0,456.0,246.0,488.0,414.0,230.0,536.0,455.606343,244.975487,488.17618500000003,0.3936570000000188,1.024513000000013,-0.17618500000003223,1.1115906958242556,65.75712889109438
3141.0,574.0,310.0,488.0,548.0,312.0,572.0,569.853161,310.955685,482.13068699999997,4.146839,-0.9556850000000168,5.869313000000034,7.249720174125028,87.95453370918409
3142.0,492.0,314.0,488.0,456.0,316.0,548.0,492.152309,315.035321,487.42941899999994,-0.15230900000000247,-1.0353210000000104,0.5705810000000611,1.191910349851486,70.0
3143.0,444.0,162.0,490.0,402.0,130.0,534.0,444.847163,163.16067300000003,488.759993,-0.8471630000000232,-1.1606730000000312,1.2400069999999914,1.8980158907519953,68.73136110975832
3144.0,320.0,176.0,490.0,258.0,142.0,486.0,320.566283,174.372465,489.000845,-0.5662829999999985,1.6275349999999946,0.9991549999999734,1.991948123405559,70.8237248385031
3145.0,556.0,300.0,490.0,528.0,298.0,574.0,554.703413,299.576635,488.745553,1.296587000000045,0.4233649999999898,1.2544470000000274,1.8531090220500188,88.56635930193812
3146.0,510.0,322.0,490.0,474.0,324.0,558.0,508.814803,321.366777,490.60096699999997,1.1851970000000165,0.6332229999999868,-0.6009669999999687,1.4720138014390303,76.96752561957543
3147.0,476.0,148.0,492.0,436.0,112.0,552.0,475.787017,148.01080100000001,493.73519899999997,0.21298300000000836,-0.010801000000014938,-1.735198999999966,1.7482545551180142,80.59776671843954
3148.0,446.0,152.0,492.0,402.0,116.0,538.0,445.759851,151.645693,491.731183,0.24014899999997397,0.3543070000000057,0.26881700000001274,0.5054380000939763,73.13002119512889
3149.0,364.0,176.0,492.0,310.0,144.0,506.0,366.197079,175.479049,491.048307,-2.197078999999974,0.5209509999999966,0.9516929999999775,2.4503603087894725,64.31174076325411
3150.0,516.0,190.0,492.0,482.0,164.0,564.0,515.1307869999999,190.200223,491.615411,0.8692130000000589,-0.20022299999999404,0.3845890000000054,0.9713543061206369,83.7615663654877
3151.0,386.0,192.0,492.0,334.0,164.0,518.0,388.152143,191.581597,494.332407,-2.1521430000000237,0.41840300000001207,-2.3324069999999892,3.2010784083660093,64.52906321960671
3152.0,454.0,228.0,492.0,410.0,210.0,538.0,452.83549100000005,228.59258900000003,490.57387300000005,1.1645089999999527,-0.5925890000000322,1.4261269999999513,1.9341874661290692,66.15134163416491
3153.0,536.0,132.0,494.0,506.0,94.0,576.0,536.263611,132.58737100000002,494.016881,-0.26361099999996895,-0.5873710000000187,-0.016881000000012136,0.644034485973388,95.2260468569393
3154.0,446.0,164.0,494.0,404.0,128.0,536.0,446.903401,161.487297,489.77483099999995,-0.9034009999999739,2.5127029999999877,4.225169000000051,4.998185952080147,69.45502141674135
3155.0,416.0,216.0,494.0,368.0,194.0,528.0,417.44934099999995,215.84288500000002,493.561373,-1.4493409999999471,0.15711499999997613,0.43862699999999677,1.52238894591193,62.80127387243033
3156.0,402.0,218.0,494.0,352.0,196.0,522.0,403.473013,217.64270299999998,493.076591,-1.4730129999999804,0.35729700000001685,0.9234089999999924,1.7748556633312298,61.38403701289123
3157.0,434.0,250.0,494.0,386.0,236.0,534.0,433.381867,250.07052099999999,493.95787099999995,0.6181330000000003,-0.07052099999998518,0.04212900000004538,0.6235675342503023,64.03124237432849
3158.0,536.0,252.0,494.0,504.0,240.0,574.0,535.5229569999999,252.20538700000003,494.41425100000004,0.47704300000009425,-0.20538700000003018,-0.4142510000000357,0.6643476007476296,86.99425268372619
3159.0,472.0,290.0,494.0,428.0,284.0,546.0,469.58066499999995,289.006075,492.838439,2.4193350000000464,0.9939249999999902,1.161561000000006,2.861868743421197,68.38128398911503
3160.0,350.0,152.0,496.0,290.0,114.0,506.0,350.380859,151.01910900000001,495.95201699999996,-0.38085899999998674,0.9808909999999855,0.04798300000004474,1.0533295306080457,71.72168430816443
3161.0,348.0,192.0,496.0,284.0,162.0,502.0,345.116153,190.415687,494.873641,2.883847000000003,1.5843130000000087,1.1263589999999795,3.4778306166716915,70.9365914038728
3162.0,474.0,248.0,496.0,432.0,234.0,554.0,474.313477,247.93442299999998,497.525481,-0.3134769999999776,0.06557700000001887,-1.5254810000000134,1.5587368135188922,72.9657453878188
3163.0,480.0,280.0,496.0,440.0,274.0,554.0,480.89577299999996,280.652079,495.83859299999995,-0.8957729999999628,-0.6520790000000147,0.1614070000000538,1.1196733940837258,70.71067811865476
3164.0,484.0,290.0,496.0,442.0,288.0,556.0,483.098187,292.083663,497.01034300000003,0.9018130000000042,-2.0836630000000014,-1.0103430000000344,2.4850978174283367,73.2666363360568
3165.0,462.0,302.0,496.0,418.0,300.0,546.0,461.9557709999999,302.166965,495.59431099999995,0.04422900000008667,-0.1669650000000047,0.40568900000005215,0.4409275228277903,66.63332499583073
3166.0,550.0,122.0,498.0,520.0,80.0,586.0,549.616685,120.921879,498.012259,0.3833150000000387,1.0781209999999959,-0.01225899999997182,1.1443013427183508,102.0196059588548
3167.0,466.0,146.0,498.0,424.0,110.0,552.0,466.44346099999996,146.439797,496.834337,-0.4434609999999566,-0.43979699999999866,1.165662999999995,1.3224406562484945,77.30459236035075
3168.0,458.0,156.0,498.0,414.0,122.0,550.0,458.261727,156.34851700000002,497.99673699999994,-0.2617270000000076,-0.3485170000000153,0.003263000000060856,0.4358620985896973,76.13146524269712
3169.0,502.0,186.0,498.0,464.0,156.0,564.0,501.069773,183.74841700000002,496.21508300000005,0.9302270000000021,2.2515829999999823,1.7849169999999503,3.0200789682236366,81.8535277187245
3170.0,466.0,232.0,498.0,422.0,216.0,552.0,465.85766299999995,233.271343,498.39367100000004,0.14233700000005456,-1.2713430000000017,-0.3936710000000403,1.3384878413564507,71.47027354082255
3171.0,546.0,260.0,498.0,514.0,250.0,582.0,545.4665709999999,260.243777,498.13033700000005,0.5334290000000692,-0.24377700000002278,-0.1303370000000541,0.6008006802085856,90.44335243676011
3172.0,486.0,278.0,498.0,444.0,270.0,560.0,485.528545,277.28125700000004,499.422513,0.47145499999999174,0.7187429999999608,-1.4225129999999808,1.6620483002135893,75.31268153505093
3173.0,554.0,126.0,500.0,524.0,86.0,590.0,553.820521,125.765727,500.140005,0.17947900000001482,0.23427300000000173,-0.14000499999997373,0.32664652148002243,102.95630140987001
3174.0,512.0,184.0,500.0,472.0,158.0,574.0,509.906381,185.22144300000002,501.926749,2.0936189999999897,-1.221443000000022,-1.9267489999999725,3.096372914945954,88.04544281222056
3175.0,332.0,198.0,500.0,268.0,172.0,504.0,333.294097,198.67170500000003,500.68429100000003,-1.294097000000022,-0.6717050000000313,-0.6842910000000302,1.6106299466715315,69.19537556802477
3176.0,350.0,164.0,502.0,286.0,130.0,512.0,348.979495,164.074231,501.811245,1.0205050000000142,-0.0742309999999975,0.18875500000001466,1.040465831448123,73.15736463268753
3177.0,500.0,288.0,502.0,460.0,284.0,568.0,500.17134500000003,288.562329,501.61845100000005,-0.17134500000003072,-0.562328999999977,0.38154899999994996,0.700822839715535,77.27871634544663
3178.0,386.0,140.0,504.0,330.0,102.0,528.0,387.078763,140.70189900000003,502.535177,-1.0787629999999808,-0.7018990000000258,1.464823000000024,1.9498969813041573,71.80529228406496
3179.0,356.0,166.0,504.0,294.0,130.0,516.0,356.236943,163.98134700000003,502.84056499999997,-0.23694299999999657,2.018652999999972,1.1594350000000304,2.3399554352343883,72.69112738154499
3180.0,416.0,216.0,504.0,360.0,194.0,540.0,414.35426099999995,215.74320900000004,504.966005,1.6457390000000487,0.25679099999996424,-0.9660049999999956,1.9255036052490613,70.11419257183242
3181.0,454.0,228.0,504.0,408.0,210.0,556.0,455.96394100000003,228.38714499999998,505.081861,-1.963941000000034,-0.3871449999999754,-1.0818610000000035,2.2753832041717987,71.72168430816443
3182.0,498.0,288.0,504.0,456.0,282.0,570.0,497.564941,286.922511,504.19266500000003,0.43505900000002384,1.0774890000000141,-0.19266500000003361,1.1778704006923106,78.46018098373213
3183.0,552.0,158.0,506.0,520.0,124.0,596.0,552.620149,156.840169,506.21498699999995,-0.6201489999999694,1.159830999999997,-0.21498699999995097,1.3326710550360632,101.39033484509261
3184.0,498.0,216.0,506.0,456.0,194.0,574.0,497.801565,214.79709100000002,506.438137,0.19843500000001768,1.202908999999977,-0.43813699999998335,1.2955039723115236,82.89752710425083
3185.0,458.0,228.0,506.0,410.0,210.0,558.0,458.038451,228.35188900000003,506.116313,-0.03845100000000912,-0.3518890000000283,-0.116312999999991,0.3726030886761656,73.02054505411473
3186.0,470.0,246.0,506.0,426.0,230.0,562.0,471.69547499999993,244.595461,505.262605,-1.6954749999999308,1.4045389999999998,0.7373949999999923,2.321877831448234,72.99315036357864
3187.0,444.0,304.0,506.0,394.0,302.0,550.0,444.364067,303.891177,504.959917,-0.36406699999997727,0.10882299999997258,1.0400829999999814,1.1073210341662163,66.63332499583073
3188.0,320.0,134.0,508.0,250.0,94.0,510.0,320.154451,134.813489,509.26020500000004,-0.15445099999999456,-0.8134890000000041,-1.2602050000000418,1.507891278092393,80.64738061462381
3189.0,300.0,168.0,508.0,226.0,134.0,500.0,299.26784299999997,167.830471,508.11876900000004,0.7321570000000293,0.16952900000001137,-0.11876900000004298,0.76085480208188,81.82909018191513
3190.0,500.0,232.0,508.0,458.0,216.0,576.0,500.07706699999994,232.781155,507.68834300000003,-0.07706699999994271,-0.7811550000000125,0.3116569999999683,0.8445546413127992,81.51073548925933
3191.0,474.0,260.0,508.0,426.0,248.0,566.0,472.900515,259.290401,508.54761899999994,1.0994850000000156,0.7095990000000256,-0.5476189999999406,1.418550166609206,76.23647421018367
3192.0,498.0,136.0,510.0,456.0,98.0,580.0,498.485397,136.095121,510.159397,-0.48539699999997765,-0.095121000000006,-0.15939700000001267,0.5196784158101849,90.04443347592343
3193.0,370.0,222.0,510.0,308.0,202.0,528.0,370.896009,222.73094500000002,509.23358899999994,-0.8960089999999923,-0.7309450000000197,0.7664110000000619,1.387262967871308,67.58698099486321
3194.0,502.0,264.0,510.0,458.0,254.0,578.0,500.944531,263.881365,509.61525299999994,1.0554690000000164,0.11863499999998339,0.38474700000006123,1.1296545167417684,81.60882305241266
3195.0,470.0,184.0,512.0,422.0,156.0,570.0,469.99216699999994,183.911113,511.793447,0.00783300000006193,0.08888699999999972,0.20655299999998533,0.22500310323858838,80.32434251209281
3196.0,478.0,204.0,512.0,432.0,182.0,574.0,479.041365,205.10260300000004,512.557957,-1.0413649999999848,-1.1026030000000446,-0.5579569999999876,1.6160106598296475,80.2745289615579
3197.0,568.0,242.0,512.0,534.0,228.0,608.0,567.571567,241.799687,512.921835,0.4284330000000409,0.2003129999999942,-0.9218349999999873,1.0360790996265725,102.80077820717118
3198.0,514.0,288.0,512.0,472.0,284.0,586.0,514.179293,288.27858299999997,512.487895,-0.17929300000002968,-0.27858299999996916,-0.4878949999999804,0.5897423155607663,85.18215775618742
3199.0,554.0,300.0,512.0,518.0,298.0,600.0,553.696191,299.319655,511.54968499999995,0.3038090000000011,0.6803449999999884,0.450315000000046,0.8706048625702859,95.09994742374992
3200.0,510.0,138.0,514.0,468.0,102.0,590.0,510.448705,139.183895,514.851093,-0.4487050000000181,-1.1838950000000068,-0.8510929999999917,1.5255500131752542,94.0
3201.0,492.0,152.0,514.0,448.0,116.0,580.0,492.43298899999996,150.882945,512.415091,-0.43298899999996365,1.1170549999999935,1.5849090000000388,1.9867631679259299,87.10912696153027
3202.0,472.0,194.0,514.0,422.0,166.0,572.0,470.603823,192.077643,513.445761,1.3961770000000229,1.9223570000000052,0.5542390000000523,2.439661353528219,81.53526844255803
3203.0,476.0,204.0,514.0,428.0,180.0,574.0,475.91466499999996,203.486855,513.577927,0.08533500000004324,0.5131450000000086,0.42207299999995485,0.6698846696103578,80.49844718999243
3204.0,330.0,212.0,514.0,258.0,188.0,516.0,328.790979,211.688175,512.765627,1.209021000000007,0.3118249999999989,1.234373000000005,1.7557457994240022,75.92101158440923
3205.0,440.0,156.0,516.0,384.0,120.0,562.0,438.05202099999997,154.733767,515.099467,1.947979000000032,1.2662329999999997,0.9005329999999958,2.4917720358851283,80.91971329657564
3206.0,476.0,190.0,516.0,428.0,164.0,576.0,476.28878499999996,190.35782500000002,514.975259,-0.28878499999996166,-0.3578250000000196,1.024740999999949,1.1231783580228418,81.11719916269298
3207.0,528.0,200.0,516.0,488.0,176.0,600.0,529.268389,199.56212499999998,518.150111,-1.2683889999999565,0.43787500000001955,-2.150111000000038,2.53446690317058,96.08329719571451
3208.0,540.0,172.0,518.0,500.0,142.0,604.0,539.323641,171.598829,517.806409,0.6763590000000477,0.40117100000000505,0.19359099999996943,0.809862422515736,99.4786409235671
3209.0,472.0,204.0,518.0,422.0,182.0,578.0,472.310887,205.110393,518.265405,-0.3108869999999797,-1.1103929999999878,-0.265404999999987,1.1832426442800958,81.14185110040317
3210.0,452.0,210.0,520.0,398.0,188.0,572.0,452.15424700000005,210.231195,519.899019,-0.15424700000005487,-0.2311950000000138,0.10098100000004706,0.2957032759288149,78.12809993849844
3211.0,370.0,188.0,522.0,300.0,158.0,544.0,368.439537,186.544489,523.315201,1.560463000000027,1.4555110000000013,-1.3152010000000018,2.5066532899248535,79.27168473042566
3212.0,516.0,194.0,522.0,472.0,170.0,600.0,516.779861,194.737253,522.249605,-0.7798609999999826,-0.7372530000000097,-0.2496049999999741,1.1018293068143423,92.71461589199407
3213.0,568.0,284.0,522.0,530.0,280.0,618.0,567.5396910000001,284.292829,522.242603,0.46030899999993835,-0.29282899999998335,-0.242603000000031,0.5970673448874495,103.32473082471591
3214.0,424.0,214.0,526.0,364.0,192.0,568.0,424.728561,213.74573700000002,525.666223,-0.7285610000000133,0.25426299999998037,0.3337770000000546,0.8407484104171984,76.47221717722064
3215.0,506.0,304.0,526.0,456.0,304.0,598.0,505.050077,304.604851,526.167835,0.9499230000000125,-0.6048509999999965,-0.1678349999999682,1.1385811457050432,87.65842800324451
3216.0,338.0,148.0,528.0,262.0,110.0,538.0,336.910055,147.51435300000003,528.057781,1.0899450000000002,0.48564699999997174,-0.05778099999997721,1.1946429406291112,85.55699854482975
3217.0,504.0,196.0,528.0,454.0,172.0,602.0,503.330503,196.451977,528.501591,0.6694969999999785,-0.4519769999999994,-0.5015909999999622,0.9508432956165451,92.47702417357513
3218.0,462.0,198.0,528.0,406.0,174.0,586.0,461.88527100000005,198.55112099999997,528.562261,0.11472899999995434,-0.5511209999999664,-0.562261000000035,0.7956346725746634,84.11896337925236
3219.0,384.0,252.0,528.0,316.0,236.0,552.0,383.667041,250.24540100000002,526.138787,0.33295900000001666,1.7545989999999847,1.8612130000000207,2.579455984864063,73.86474125047755
3220.0,478.0,114.0,530.0,424.0,70.0,594.0,477.004237,113.17192700000001,529.081181,0.9957630000000108,0.8280729999999892,0.918818999999985,1.587915992821716,94.59386872308374
3221.0,314.0,186.0,530.0,232.0,156.0,530.0,311.935917,185.455183,530.088807,2.0640829999999823,0.5448169999999948,-0.08880699999997432,2.1366213697393643,87.31551981177229
3222.0,544.0,206.0,530.0,500.0,184.0,620.0,543.8697209999999,205.80678899999998,530.652255,0.13027900000008685,0.19321100000001934,-0.6522549999999683,0.6926324374348842,102.56705123966468
3223.0,438.0,286.0,530.0,376.0,280.0,574.0,436.418701,285.683691,528.073219,1.5812990000000013,0.31630899999998974,1.9267810000000054,2.5125769506311677,76.26270385975047
3224.0,540.0,180.0,532.0,496.0,152.0,620.0,540.468941,179.61924100000002,531.378015,-0.4689409999999725,0.3807589999999834,0.6219849999999951,0.8670342656359987,102.29369482035537
3225.0,400.0,214.0,532.0,334.0,192.0,566.0,400.895055,213.93759699999998,531.908859,-0.8950550000000135,0.06240300000001753,0.09114099999999326,0.9018449253142278,77.43384273042376
3226.0,472.0,228.0,532.0,416.0,210.0,594.0,472.06642100000005,227.88507100000004,532.533329,-0.06642100000004802,0.11492899999996098,-0.5333289999999806,0.5496000787144929,85.46344247688599
3227.0,504.0,148.0,534.0,452.0,110.0,608.0,502.770745,145.60923300000002,533.076081,1.2292550000000233,2.3907669999999825,0.9239189999999553,2.8426151730184817,98.10198774744578
3228.0,546.0,202.0,534.0,500.0,180.0,624.0,544.8737689999999,202.48240900000002,533.721515,1.1262310000000753,-0.4824090000000183,0.27848500000004606,1.2564507964370164,103.440804327886
3229.0,556.0,260.0,534.0,512.0,252.0,628.0,555.897437,261.339473,534.4173549999999,0.10256300000003193,-1.3394729999999981,-0.41735499999992953,1.406731062685026,104.09610943738484
3230.0,430.0,152.0,536.0,366.0,116.0,584.0,429.75080699999995,151.293431,536.835051,0.24919300000004796,0.7065690000000018,-0.8350510000000213,1.1218944137533897,87.72684879784524
3231.0,454.0,198.0,536.0,394.0,172.0,592.0,454.102603,196.90790700000002,536.324131,-0.10260299999998779,1.092092999999977,-0.32413099999996575,1.1437899288850752,86.09297300012354
3232.0,346.0,242.0,536.0,270.0,226.0,548.0,346.788167,242.36021900000003,534.887445,-0.7881669999999872,-0.36021900000002915,1.112555000000043,1.4102281999290387,78.587530817554
3233.0,410.0,310.0,536.0,342.0,310.0,572.0,409.750847,310.469723,535.649649,0.24915299999997842,-0.4697229999999877,0.35035100000004604,0.6367595600687986,76.94153624668537
3234.0,356.0,190.0,538.0,280.0,162.0,556.0,356.05571699999996,189.78816899999998,537.877813,-0.055716999999958716,0.21183100000001787,0.12218700000005356,0.2508115221017887,82.96987405076617
3235.0,356.0,218.0,538.0,280.0,198.0,558.0,356.904909,219.25025900000003,539.785109,-0.9049089999999751,-1.2502590000000282,-1.785109000000034,2.3597927890480443,81.09253973085318
3236.0,526.0,128.0,540.0,476.0,90.0,626.0,525.9212570000001,128.877171,540.630633,0.07874299999991763,-0.8771710000000041,-0.6306329999999889,1.083202383665666,106.4894360957931
3237.0,520.0,150.0,540.0,470.0,114.0,624.0,520.957583,148.592239,540.871133,-0.9575829999999996,1.4077609999999936,-0.8711329999999862,1.9124928597772481,104.17293314484334
3238.0,390.0,262.0,540.0,316.0,250.0,570.0,388.477609,261.495611,540.264281,1.5223910000000274,0.5043890000000033,-0.26428099999998267,1.6254005866748902,80.7465169527454
3239.0,382.0,270.0,542.0,308.0,260.0,568.0,381.831817,269.755025,540.8872749999999,0.16818299999999908,0.24497500000001082,1.1127250000000686,1.1517183673707552,79.06958960308319
3240.0,308.0,126.0,544.0,222.0,84.0,546.0,307.669423,126.34623300000001,544.415615,0.33057700000000523,-0.3462330000000122,-0.4156150000000025,0.6339513163035582,95.72878355019456
3241.0,540.0,250.0,544.0,490.0,238.0,632.0,539.713771,249.947539,543.106257,0.2862290000000485,0.052460999999993874,0.8937429999999722,0.9399232665547637,101.92153844992725
3242.0,492.0,256.0,546.0,436.0,244.0,616.0,493.64244099999996,255.35648100000003,544.765531,-1.6424409999999625,0.6435189999999693,1.23446899999999,2.1530543081406033,90.44335243676011
3243.0,404.0,212.0,548.0,332.0,190.0,584.0,404.005233,212.09403300000002,546.397233,-0.005232999999975618,-0.09403300000002446,1.6027669999999716,1.6055315772873835,83.45058418010026
3244.0,508.0,206.0,550.0,452.0,186.0,630.0,509.18833700000005,207.59302300000002,550.918097,-1.1883370000000468,-1.5930230000000165,-0.9180969999999888,2.189239412560249,99.67948635501689
3245.0,542.0,312.0,550.0,492.0,320.0,640.0,544.0983209999999,317.002993,549.607615,-2.0983209999999417,-5.002993000000004,0.3923849999999902,5.439380108552332,103.26664514740469
3246.0,498.0,118.0,552.0,440.0,78.0,628.0,498.356069,119.225729,551.423449,-0.35606899999999087,-1.2257290000000012,0.5765509999999949,1.400574085795889,103.63397126425292
3247.0,450.0,138.0,552.0,384.0,100.0,610.0,450.35640499999994,137.774887,552.205183,-0.35640499999993835,0.22511299999999324,-0.20518300000003364,0.4688288070105833,95.72878355019456
3248.0,490.0,300.0,552.0,430.0,296.0,624.0,491.536055,297.884879,553.051847,-1.5360549999999762,2.115120999999988,-1.0518469999999525,2.817726728956301,93.8083151964686
3249.0,382.0,138.0,554.0,302.0,102.0,584.0,379.888055,140.18454300000002,553.331097,2.1119449999999915,-2.184543000000019,0.6689030000000002,3.1112651808039518,92.71461589199407
3250.0,438.0,280.0,556.0,368.0,274.0,606.0,438.47176499999995,280.42895500000003,554.961449,-0.47176499999994803,-0.4289550000000304,1.038550999999984,1.218668448287287,86.23224454924039
3251.0,362.0,200.0,558.0,278.0,174.0,582.0,361.374983,199.31516500000004,558.720461,0.6250170000000139,0.6848349999999641,-0.7204610000000002,1.1741845170308491,91.14823092084673
3252.0,330.0,202.0,558.0,240.0,176.0,570.0,328.74141299999997,201.31023900000002,559.290659,1.258587000000034,0.6897609999999759,-1.290659000000005,1.9301844802948411,94.44575162494075
3253.0,320.0,248.0,558.0,230.0,232.0,566.0,320.441367,247.28166900000002,559.330323,-0.44136700000001383,0.7183309999999778,-1.3303230000000212,1.5749804883169305,91.76055797563569
3254.0,402.0,280.0,558.0,324.0,274.0,596.0,401.677577,280.795397,558.6256529999999,0.3224230000000148,-0.7953969999999799,-0.625652999999943,1.0620991737812935,86.97125962063559
3255.0,462.0,286.0,558.0,394.0,280.0,618.0,461.853139,285.053477,557.588459,0.14686100000000124,0.9465230000000133,0.41154100000005656,1.0425161569640407,90.8845421400141
3256.0,378.0,290.0,558.0,296.0,284.0,586.0,377.408461,289.262951,558.229591,0.5915390000000116,0.7370490000000132,-0.22959100000002763,0.9725593268294976,86.85620300243386
3257.0,500.0,218.0,560.0,438.0,200.0,636.0,499.99763099999996,219.06595500000003,559.356671,0.0023690000000442524,-1.0659550000000309,0.6433289999999943,1.2450453310731535,99.71960689854328
3258.0,372.0,136.0,562.0,288.0,94.0,586.0,369.455765,133.686295,558.445429,2.5442350000000147,2.313704999999999,3.55457100000001,4.945840429723865,96.93296652842108
3259.0,370.0,178.0,562.0,288.0,146.0,588.0,370.45113299999997,176.253345,560.509637,-0.45113299999997025,1.746655000000004,1.490363000000002,2.339980030787227,91.78235124467012
3260.0,496.0,244.0,562.0,432.0,230.0,638.0,496.12936499999995,243.647243,562.764501,-0.12936499999995021,0.3527569999999969,-0.7645009999999957,0.8518418769202288,100.33942395688746
3261.0,512.0,126.0,564.0,448.0,88.0,646.0,509.346949,127.154955,563.4305469999999,2.653051000000005,-1.154955000000001,0.5694530000000668,2.94904685955227,110.74294559925703
3262.0,310.0,174.0,566.0,214.0,142.0,570.0,308.226007,173.607617,565.714517,1.7739930000000186,0.39238299999999526,0.28548299999999927,1.8391617998498833,101.27191120937731
3263.0,350.0,220.0,566.0,262.0,198.0,584.0,349.680831,219.038023,564.668409,0.31916899999998805,0.9619769999999903,1.331591000000003,1.6734405248980264,92.47702417357513
3264.0,338.0,288.0,566.0,246.0,282.0,580.0,336.973951,287.976691,566.542045,1.0260490000000004,0.02330899999998337,-0.5420450000000301,1.1606604335063002,93.25234581499814
3265.0,488.0,138.0,568.0,420.0,102.0,642.0,486.67526499999997,138.826539,567.736445,1.3247350000000324,-0.8265389999999968,0.26355499999999665,1.5835247951235494,106.75204916066015
3266.0,342.0,254.0,568.0,252.0,242.0,584.0,342.311745,255.13259300000004,567.698877,-0.3117449999999735,-1.1325930000000426,0.3011229999999614,1.2126940709853649,92.19544457292888
3267.0,350.0,218.0,572.0,258.0,196.0,592.0,348.635315,217.32599500000003,571.905355,1.3646850000000086,0.6740049999999655,0.09464500000001408,1.5249936279456973,96.68505572217457
3268.0,438.0,292.0,572.0,360.0,290.0,626.0,437.604045,293.337959,572.739969,0.39595500000001493,-1.337959000000012,-0.7399689999999737,1.5793887326010039,94.88940931421166
3269.0,458.0,110.0,574.0,384.0,66.0,638.0,457.329925,109.589867,573.631161,0.6700749999999971,0.41013300000000186,0.36883899999997993,0.8679007957335809,107.27534665523109
3270.0,422.0,280.0,574.0,342.0,274.0,622.0,422.429351,280.381813,574.152697,-0.42935099999999693,-0.3818130000000224,-0.1526969999999892,0.5945080503904141,93.48796714016194
3271.0,468.0,284.0,574.0,394.0,280.0,640.0,467.576395,284.788707,574.685143,0.4236050000000091,-0.7887069999999881,-0.6851430000000391,1.127351257737819,99.23708984044222
3272.0,498.0,184.0,576.0,432.0,158.0,656.0,500.15423699999997,184.45829300000003,576.046593,-2.1542369999999664,-0.45829300000002604,-0.04659300000002986,2.202939044473742,106.92053123698928
3273.0,424.0,140.0,578.0,346.0,106.0,628.0,425.563819,142.68515100000002,576.1282689999999,-1.5638190000000236,-2.685151000000019,1.871731000000068,3.627525698588975,98.69143833180262
3274.0,342.0,148.0,578.0,248.0,112.0,598.0,341.657709,148.508675,578.343259,0.3422909999999888,-0.5086750000000109,-0.3432589999999891,0.7026664396333412,102.62553288534
3275.0,362.0,270.0,578.0,270.0,260.0,602.0,361.146783,269.558369,577.185471,0.8532169999999724,0.4416309999999726,0.8145289999999932,1.259553365717752,95.60334722173695
3276.0,476.0,270.0,578.0,404.0,262.0,646.0,476.74390500000004,269.917487,576.572389,-0.7439050000000407,0.08251300000000583,1.4276109999999562,1.6119169369154653,99.35793878699377
3277.0,396.0,292.0,578.0,310.0,288.0,616.0,396.128943,292.09983900000003,577.943935,-0.12894299999999248,-0.09983900000003132,0.056064999999989595,0.17244537510470714,94.10632284814874
3278.0,502.0,316.0,578.0,432.0,320.0,656.0,501.63426899999996,317.146013,577.635327,0.36573100000003933,-1.1460129999999822,0.3646730000000389,1.2570168485183546,104.88088481701516
3279.0,396.0,178.0,582.0,308.0,148.0,624.0,395.376873,177.346345,583.307723,0.6231270000000109,0.6536549999999863,-1.30772300000001,1.589242449056475,102.0196059588548
3280.0,464.0,286.0,584.0,384.0,280.0,650.0,462.406805,284.724287,585.055323,1.5931949999999802,1.275712999999996,-1.055323000000044,2.297698979571306,103.88455130576442
3281.0,426.0,152.0,586.0,342.0,116.0,640.0,425.668527,150.75370300000003,586.591387,0.3314730000000168,1.24629699999997,-0.5913870000000543,1.4187561967114013,106.15083607772479
3282.0,434.0,278.0,586.0,350.0,272.0,640.0,433.31059899999997,278.482319,586.042111,0.6894010000000321,-0.48231900000001815,-0.04211099999997714,0.8424242950455904,100.0399920031984
3283.0,466.0,294.0,592.0,384.0,290.0,660.0,465.099645,292.79453700000005,592.924613,0.9003549999999905,1.205462999999952,-0.9246130000000221,1.7659811352794537,106.60206376989143
3284.0,374.0,142.0,594.0,280.0,106.0,628.0,374.27475699999997,143.054289,593.281405,-0.2747569999999655,-1.0542890000000114,0.7185950000000503,1.3051419381029319,106.2449998823474
3285.0,356.0,144.0,594.0,260.0,106.0,622.0,357.17172899999997,143.238359,593.816593,-1.1717289999999707,0.7616409999999973,0.18340699999998833,1.4094977793423171,106.97663296253066
3286.0,344.0,266.0,596.0,242.0,256.0,618.0,343.51361099999997,266.246173,596.857283,0.48638900000003105,-0.24617299999999886,-0.8572830000000522,1.015927924283568,104.82366145102927
3287.0,354.0,152.0,598.0,256.0,116.0,626.0,355.195253,151.403191,598.062735,-1.1952529999999797,0.5968090000000075,-0.06273499999997512,1.3374402404275705,108.09255293497328
3288.0,406.0,166.0,598.0,316.0,136.0,646.0,407.20735299999996,167.20811100000003,598.207555,-1.207352999999955,-1.2081110000000308,-0.20755499999995664,1.7205558790562276,106.3202708800161
3289.0,420.0,128.0,600.0,330.0,88.0,652.0,419.209211,127.742719,598.761007,0.790789000000018,0.2572810000000061,1.2389930000000504,1.4921944945385492,111.37324633860683
3290.0,422.0,228.0,610.0,338.0,210.0,660.0,428.621843,227.527015,604.095269,-6.621843000000013,0.4729849999999942,5.90473099999997,8.884726653602508,99.39818911831343
3291.0,346.0,286.0,616.0,238.0,282.0,640.0,346.365975,287.299335,615.248533,-0.3659749999999917,-1.299334999999985,0.7514670000000478,1.544963363623561,110.70682002478438
3292.0,284.0,98.0,102.0,368.0,44.0,24.0,284.964349,99.049525,100.420835,-0.964349000000027,-1.0495250000000027,1.5791650000000033,2.127259696569995,126.71227249165726
3293.0,308.0,176.0,106.0,392.0,138.0,38.0,308.115773,175.73844300000002,105.984897,-0.11577299999999013,0.26155699999998205,0.015102999999996314,0.28643245693703817,114.56002793295748
3294.0,312.0,282.0,106.0,396.0,268.0,38.0,312.411881,282.193871,106.220223,-0.41188099999999395,-0.19387100000000146,-0.22022300000000428,0.5056976295485252,108.97706180660222
3295.0,432.0,98.0,108.0,534.0,46.0,90.0,431.152151,98.96489700000001,108.58776499999999,0.8478489999999965,-0.9648970000000077,-0.5877649999999903,1.412565694980236,115.89650555560335
3296.0,432.0,176.0,108.0,534.0,142.0,86.0,430.988615,177.642797,106.420749,1.0113850000000184,-1.6427970000000016,1.5792509999999993,2.4931336350936024,109.74515934655159
3297.0,426.0,190.0,110.0,526.0,160.0,86.0,424.936207,192.43062100000003,108.676443,1.0637929999999756,-2.4306210000000306,1.3235569999999939,2.9650256533020216,107.12609392673663
3298.0,254.0,180.0,120.0,322.0,142.0,34.0,252.71423499999997,179.45433300000002,121.10835700000001,1.2857650000000262,0.5456669999999804,-1.1083570000000122,1.7830870280395943,116.0344776348823
3299.0,256.0,182.0,120.0,328.0,146.0,34.0,257.413421,182.69701500000002,119.588209,-1.413421000000028,-0.6970150000000217,0.4117909999999938,1.628852559671103,117.79643458101778
3300.0,282.0,186.0,122.0,356.0,150.0,46.0,282.330737,185.672231,121.675813,-0.33073699999999917,0.3277689999999893,0.3241869999999949,0.5673770276447481,112.01785571952357
3301.0,430.0,192.0,122.0,528.0,160.0,104.0,431.173085,192.202805,122.144847,-1.1730850000000146,-0.20280500000001211,-0.14484699999999862,1.1992659999595747,104.65180361560904
3302.0,440.0,200.0,122.0,538.0,170.0,108.0,440.076107,200.289335,122.75244500000001,-0.07610699999997905,-0.2893349999999941,-0.7524450000000087,0.8097410053214587,103.440804327886
3303.0,482.0,248.0,128.0,586.0,228.0,128.0,483.110091,247.28565100000003,126.388683,-1.1100910000000113,0.7143489999999701,1.6113169999999997,2.0830120010626394,105.90561835898981
3304.0,262.0,162.0,130.0,328.0,124.0,48.0,260.85450099999997,164.509205,130.252163,1.1454990000000294,-2.5092050000000086,-0.2521629999999959,2.7698129665367492,111.91067866830225
3305.0,236.0,84.0,134.0,300.0,26.0,44.0,237.15958500000002,84.44606900000001,133.459677,-1.1595850000000212,-0.4460690000000085,0.5403230000000008,1.3548298303901702,124.73972903610141
3306.0,270.0,174.0,134.0,336.0,136.0,54.0,268.74187700000004,174.22097100000002,132.95341100000002,1.258122999999955,-0.22097100000002,1.0465889999999831,1.6513782731073037,110.45361017187261
3307.0,328.0,222.0,136.0,404.0,196.0,80.0,328.89716100000004,222.671337,136.074075,-0.8971610000000396,-0.6713369999999941,-0.07407499999999345,1.1229774410534978,97.91833331914918
3308.0,236.0,174.0,144.0,294.0,136.0,54.0,236.10338299999998,174.455877,143.869043,-0.10338299999997957,-0.45587699999998677,0.1309569999999951,0.48544991468428794,113.61337949379025
3309.0,230.0,126.0,146.0,286.0,76.0,56.0,229.85866299999998,125.33295100000001,146.914035,0.14133700000002136,0.6670489999999916,-0.9140350000000126,1.140346656589573,117.2006825918689
3310.0,452.0,232.0,146.0,542.0,210.0,140.0,451.87471100000005,232.64424300000002,146.973045,0.12528899999995247,-0.6442430000000172,-0.9730450000000133,1.1736962761272764,92.84395510748128
3311.0,250.0,104.0,148.0,310.0,50.0,66.0,250.87317499999995,103.782809,148.192769,-0.8731749999999465,0.2171909999999997,-0.1927689999999984,0.9201991080559174,115.06519890914021
3312.0,274.0,142.0,148.0,336.0,96.0,74.0,273.579397,141.217871,148.10357100000002,0.42060300000002826,0.7821289999999976,-0.10357100000001651,0.8940691294810617,106.9392350823588
3313.0,228.0,276.0,150.0,282.0,260.0,56.0,228.43125899999998,276.062363,149.758107,-0.43125899999998296,-0.06236300000000483,0.24189300000000458,0.49838307786178704,109.5810202544218
3314.0,440.0,198.0,152.0,528.0,168.0,140.0,440.61150100000003,198.322025,150.199695,-0.6115010000000325,-0.32202499999999645,1.8003050000000087,1.9284013240638134,93.74433316206373
3315.0,448.0,246.0,152.0,532.0,228.0,144.0,445.30868100000004,247.39511300000004,152.85701899999998,2.6913189999999645,-1.3951130000000376,-0.8570189999999798,3.1502412302696565,86.27861844049197
3316.0,224.0,210.0,156.0,274.0,180.0,64.0,223.56470699999997,210.48602699999998,157.269691,0.4352930000000299,-0.48602699999997867,-1.2696909999999946,1.4275214450434683,108.92199043352082
3317.0,442.0,238.0,160.0,524.0,218.0,150.0,440.561353,239.17704700000002,159.500849,1.4386470000000031,-1.177047000000016,0.4991510000000119,1.9246549175421181,84.99411744350311
3318.0,218.0,214.0,162.0,270.0,188.0,72.0,222.61055100000002,216.96459900000002,164.60470700000002,-4.610551000000015,-2.964599000000021,-2.604707000000019,6.068815890291233,107.144761887831
3319.0,328.0,180.0,164.0,392.0,144.0,112.0,327.421541,179.762213,163.550767,0.5784590000000094,0.2377869999999973,0.44923299999999244,0.7700439989630481,89.97777503361594
3320.0,202.0,110.0,166.0,246.0,58.0,68.0,201.731711,110.669171,166.458813,0.26828900000001,-0.6691710000000057,-0.45881299999999214,0.8545631537405564,119.34822998268554
3321.0,268.0,138.0,166.0,322.0,92.0,92.0,267.34601899999996,137.80330300000003,165.691083,0.6539810000000443,0.19669699999997192,0.3089170000000081,0.7495402397863986,102.50853622991599
3322.0,416.0,272.0,166.0,492.0,258.0,148.0,415.539073,272.142493,166.655557,0.4609270000000265,-0.14249300000000176,-0.6555569999999875,0.8139489754444124,79.3473376995095
3323.0,204.0,108.0,168.0,248.0,54.0,74.0,204.810269,107.30953500000001,170.562525,-0.8102690000000052,0.690464999999989,-2.5625249999999937,2.774853535632279,116.99572641767733
3324.0,428.0,212.0,168.0,508.0,184.0,156.0,429.37790499999994,211.34628499999997,167.98847899999998,-1.3779049999999415,0.6537150000000338,0.011521000000016102,1.5251551474164466,85.60373823613078
3325.0,198.0,272.0,168.0,238.0,254.0,66.0,196.78521500000002,271.273745,168.905909,1.2147849999999778,0.7262549999999806,-0.9059090000000083,1.6804225770712953,111.03152705425607
3326.0,240.0,300.0,170.0,288.0,290.0,84.0,240.65212499999998,300.263625,170.25235700000002,-0.6521249999999839,-0.26362499999999045,-0.2523570000000177,0.747294594988471,98.99494936611666
3327.0,282.0,156.0,172.0,334.0,116.0,102.0,279.492047,157.273277,170.578919,2.5079529999999863,-1.2732770000000073,1.4210809999999867,3.1512749447642476,95.93747964169165
3328.0,538.0,174.0,172.0,632.0,142.0,202.0,537.322269,175.698623,171.097093,0.6777309999999943,-1.6986229999999978,0.902906999999999,2.0395784993814243,103.73041983911952
3329.0,230.0,210.0,172.0,274.0,180.0,84.0,228.76766699999996,210.24532699999997,172.812131,1.2323330000000396,-0.24532699999997476,-0.8121309999999937,1.4961238989398822,102.85912696499032
3330.0,226.0,100.0,176.0,270.0,46.0,90.0,225.995903,100.441449,177.200309,0.004097000000001572,-0.44144900000000575,-1.2003090000000043,1.2789197396596144,110.67068265805538
3331.0,224.0,102.0,176.0,268.0,48.0,88.0,223.939665,102.114825,176.185471,0.06033500000000913,-0.11482499999999618,-0.18547100000000682,0.22632848846533385,112.2319027727856
3332.0,414.0,252.0,176.0,486.0,234.0,158.0,413.258647,252.398261,175.750785,0.7413530000000037,-0.3982609999999909,0.24921499999999241,0.8776811556339776,76.36753236814714
3333.0,180.0,278.0,178.0,216.0,262.0,70.0,180.802541,277.901131,177.810565,-0.8025409999999908,0.09886899999997922,0.18943500000000313,0.8305015081665911,114.96086290559931
3334.0,522.0,110.0,180.0,614.0,60.0,206.0,523.625783,108.588237,178.07953500000002,-1.6257829999999558,1.4117629999999934,1.9204649999999788,2.8852089954599056,107.88883167408942
3335.0,550.0,184.0,180.0,644.0,152.0,216.0,550.380985,183.653617,178.956119,-0.3809850000000097,0.346383000000003,1.043880999999999,1.1639666211172068,105.62196741208714
3336.0,314.0,174.0,182.0,368.0,140.0,132.0,313.937389,176.379505,185.291483,0.06261100000000397,-2.3795049999999947,-3.2914829999999995,4.061997602366965,81.06787279804497
3337.0,306.0,260.0,182.0,360.0,242.0,124.0,306.571221,260.064649,182.153989,-0.57122099999998,-0.06464899999997442,-0.1539889999999957,0.5951348890486698,81.26499861564018
3338.0,202.0,310.0,184.0,238.0,302.0,84.0,201.906407,310.371995,183.364841,0.09359299999999848,-0.3719950000000267,0.6351589999999874,0.7420019440372131,106.58330075579383
3339.0,416.0,202.0,186.0,484.0,174.0,172.0,414.798345,203.097357,186.561865,1.2016550000000166,-1.0973569999999881,-0.5618650000000116,1.7215863041680564,74.85986908885161
3340.0,538.0,80.0,188.0,628.0,26.0,224.0,538.8773209999999,80.445265,188.09574899999998,-0.8773209999999381,-0.44526500000000624,-0.09574899999998365,0.9884942732595338,110.95945205344158
3341.0,412.0,268.0,188.0,480.0,254.0,172.0,412.42079699999994,268.64452900000003,188.386009,-0.42079699999993636,-0.6445290000000341,-0.3860090000000014,0.8610985397333986,71.2460525222275
3342.0,192.0,300.0,190.0,222.0,288.0,88.0,190.385383,298.946503,190.494367,1.6146170000000097,1.053496999999993,-0.4943670000000111,1.9902870939608255,106.99532700076205
3343.0,266.0,102.0,192.0,312.0,48.0,124.0,267.49770099999995,101.435473,192.726439,-1.4977009999999495,0.5645269999999982,-0.7264389999999992,1.7577009529071908,98.26494797230598
3344.0,490.0,138.0,192.0,570.0,96.0,208.0,490.282267,138.29641900000001,191.422255,-0.2822669999999903,-0.2964190000000144,0.5777449999999931,0.7080453148457343,91.76055797563569
3345.0,414.0,216.0,194.0,478.0,190.0,180.0,412.363063,216.13959499999999,194.49512900000002,1.636936999999989,-0.1395949999999857,-0.4951290000000199,1.71586777830781,70.48404074682438
3346.0,516.0,112.0,200.0,596.0,64.0,228.0,515.397657,111.70038100000001,199.893575,0.602343000000019,0.29961899999999275,0.10642500000000155,0.6811129975525492,97.40636529508737
3347.0,528.0,264.0,200.0,610.0,250.0,230.0,528.4967469999999,263.943169,199.633377,-0.4967469999999139,0.05683099999998831,0.36662300000000414,0.6199998134668397,88.43076387773658
3348.0,414.0,268.0,200.0,478.0,254.0,186.0,414.508655,268.487225,199.785509,-0.5086549999999761,-0.48722500000002356,0.21449100000000954,0.7362910421368731,66.9925368977769
3349.0,158.0,198.0,202.0,182.0,166.0,90.0,158.70680699999997,199.22083300000003,201.247997,-0.7068069999999693,-1.2208330000000274,0.752003000000002,1.59859871798617,118.92854997854805
3350.0,174.0,236.0,204.0,198.0,210.0,98.0,173.62368700000002,235.07370500000002,203.738145,0.3763129999999819,0.9262949999999819,0.26185499999999706,1.0335385537167694,111.74972035759194
3351.0,568.0,18.0,206.0,470.0,18.0,636.0,523.202303,69.818059,549.255125,44.79769699999997,-51.818059000000005,-343.255125,350.02289315671476,441.0260763265592
3352.0,498.0,86.0,206.0,574.0,32.0,228.0,498.00895099999997,85.613507,205.29746300000002,-0.008950999999967735,0.38649300000000153,0.7025369999999782,0.8018822830185052,95.79144011862438
3353.0,184.0,242.0,206.0,208.0,218.0,104.0,183.02873300000002,241.498045,205.88037300000002,0.9712669999999832,0.5019550000000095,0.11962699999997994,1.0998313627292924,107.49883720301351
3354.0,280.0,266.0,206.0,320.0,248.0,140.0,279.704125,265.010169,205.04262300000002,0.29587500000002365,0.989830999999981,0.9573769999999797,1.4085020924070144,79.2464510246358
3355.0,272.0,122.0,208.0,310.0,74.0,142.0,270.86368699999997,122.525589,207.489409,1.1363130000000297,-0.5255889999999965,0.5105910000000051,1.3520925264829582,90.0222194794152
3356.0,170.0,228.0,208.0,188.0,198.0,102.0,166.783577,225.25277499999999,209.327909,3.216422999999992,2.7472250000000145,-1.3279090000000053,4.433504756717313,111.62437009900661
3357.0,538.0,230.0,208.0,618.0,208.0,244.0,537.971963,229.32941499999998,208.02202299999996,0.02803700000004028,0.6705850000000169,-0.022022999999961712,0.6715320752749069,90.44335243676011
3358.0,286.0,164.0,210.0,326.0,126.0,150.0,285.853655,164.93094100000002,210.05801300000002,0.14634499999999662,-0.9309410000000184,-0.058013000000016746,0.9441575677158105,81.51073548925933
3359.0,188.0,176.0,210.0,212.0,138.0,112.0,187.487465,175.85459300000002,210.27320500000002,0.512535000000014,0.14540699999997742,-0.27320500000001857,0.5987288984999954,107.81465577554843
3360.0,168.0,118.0,212.0,190.0,68.0,108.0,168.710999,118.691579,212.195939,-0.7109989999999868,-0.6915790000000044,-0.19593900000000986,1.0110356981645066,117.4734012447073
3361.0,172.0,120.0,212.0,194.0,70.0,108.0,171.837699,120.30732700000002,211.175969,0.16230100000001357,-0.307327000000015,0.8240309999999909,0.8943257731335928,117.4734012447073
3362.0,526.0,226.0,212.0,602.0,204.0,244.0,525.501707,226.14266300000003,212.14113100000003,0.49829299999998966,-0.1426630000000273,-0.14113100000002987,0.5371839578570882,85.34635317340748
3363.0,246.0,102.0,214.0,278.0,48.0,140.0,245.23843099999996,101.433075,213.99685499999998,0.761569000000037,0.5669249999999977,0.003145000000017717,0.9494215019742569,97.03607576566563
3364.0,518.0,184.0,218.0,592.0,154.0,248.0,518.314429,185.197453,217.358229,-0.3144290000000183,-1.1974529999999959,0.6417710000000056,1.3944996592652896,85.29947244854449
3365.0,142.0,212.0,218.0,156.0,180.0,104.0,142.272001,210.664601,219.022299,-0.27200099999998884,1.3353989999999953,-1.0222990000000038,1.7036344322075052,119.23086848631104
3366.0,252.0,124.0,222.0,282.0,76.0,150.0,251.20414699999998,124.224033,221.003087,0.7958530000000223,-0.2240330000000057,0.9969130000000064,1.29514798855847,91.58602513484249
3367.0,232.0,138.0,222.0,262.0,96.0,142.0,233.763543,140.813373,220.180171,-1.7635429999999985,-2.813373000000013,1.8198289999999986,3.786413757002668,95.20504188329524
3368.0,580.0,170.0,222.0,662.0,136.0,278.0,580.351911,169.70181300000002,222.302643,-0.3519109999999728,0.29818699999998444,-0.3026429999999891,0.5516789141692521,104.95713410721541
3369.0,538.0,188.0,222.0,614.0,158.0,260.0,538.5691029999999,188.206227,221.005209,-0.5691029999999273,-0.2062270000000126,0.9947909999999922,1.1644814012335736,90.11104260855048
3370.0,262.0,118.0,224.0,296.0,68.0,158.0,264.091741,117.496971,223.503063,-2.091741000000013,0.503028999999998,0.4969370000000026,2.2080228639873853,89.50977600240098
3371.0,156.0,200.0,224.0,168.0,156.0,116.0,154.499797,190.795625,224.99364300000002,1.500202999999999,9.204374999999999,-0.99364300000002,9.378616880611075,117.23480711802276
3372.0,566.0,140.0,226.0,644.0,100.0,278.0,566.035089,140.316327,226.627719,-0.03508899999997084,-0.31632700000000114,-0.6277190000000132,0.7037934013693331,101.92153844992725
3373.0,576.0,150.0,228.0,652.0,106.0,280.0,572.827057,145.161873,226.161637,3.172943000000032,4.838126999999986,1.8383629999999869,6.070800496569379,102.05880657738459
3374.0,554.0,160.0,228.0,628.0,124.0,274.0,552.780049,160.11139500000002,227.912935,1.2199510000000373,-0.1113950000000159,0.08706499999999551,1.2281162822188678,94.27618999514141
3375.0,578.0,160.0,228.0,658.0,124.0,284.0,578.694739,159.82325500000002,227.887275,-0.6947390000000269,0.1767449999999826,0.11272500000001173,0.7256776135247895,104.0768946500615
3376.0,220.0,170.0,228.0,242.0,132.0,144.0,219.07059499999997,170.387323,227.28538700000001,0.9294050000000311,-0.3873230000000092,0.7146129999999857,1.2347001660820511,94.78396488858229
3377.0,202.0,246.0,228.0,222.0,224.0,138.0,202.80807899999996,245.924913,228.72281900000002,-0.8080789999999638,0.07508699999999635,-0.7228190000000154,1.0867828829030035,94.78396488858229
3378.0,500.0,92.0,230.0,566.0,40.0,258.0,499.66962299999994,91.849681,230.76874700000002,0.33037700000005543,0.1503189999999961,-0.7687470000000189,0.8501274692062741,88.56635930193812
3379.0,504.0,102.0,230.0,570.0,52.0,258.0,502.887683,101.656029,229.84684699999997,1.1123170000000187,0.34397099999999625,0.15315300000003162,1.1743172479100563,87.40709353364863
3380.0,228.0,138.0,230.0,252.0,92.0,152.0,228.55740899999998,137.472713,230.511123,-0.5574089999999785,0.5272870000000012,-0.5111229999999978,0.9219452775403619,93.68030742904295
3381.0,152.0,210.0,230.0,164.0,180.0,120.0,152.65122499999998,210.427297,229.377083,-0.6512249999999824,-0.42729700000001003,0.622917000000001,0.997347640355652,114.64728518373211
3382.0,230.0,140.0,232.0,254.0,94.0,154.0,230.650191,139.075577,231.565189,-0.6501910000000066,0.9244229999999902,0.4348109999999963,1.2109363423115962,93.68030742904295
3383.0,198.0,192.0,232.0,216.0,158.0,140.0,198.06275699999998,191.876441,231.189177,-0.06275699999997641,0.1235590000000002,0.8108229999999992,0.822580819651781,99.71960689854328
3384.0,172.0,208.0,232.0,188.0,180.0,130.0,173.90327299999998,210.17271499999998,230.910799,-1.9032729999999844,-2.1727149999999824,1.0892010000000028,3.086988403307481,106.97663296253066
3385.0,154.0,210.0,232.0,164.0,178.0,124.0,153.673545,208.741037,232.465957,0.32645500000000993,1.2589629999999943,-0.46595700000000306,1.381548634049122,113.08403954581743
3386.0,190.0,232.0,232.0,208.0,212.0,134.0,190.77835700000003,236.22263500000003,229.13519100000002,-0.7783570000000282,-4.222635000000025,2.8648089999999797,5.161745496356358,101.62676812730001
3387.0,476.0,260.0,232.0,538.0,244.0,248.0,477.172891,259.214875,232.275243,-1.1728909999999928,0.7851249999999936,-0.275242999999989,1.4380032241114646,66.0
3388.0,586.0,172.0,234.0,664.0,138.0,292.0,585.566469,171.160257,232.682173,0.4335310000000163,0.8397429999999986,1.317826999999994,1.6216613197394196,102.975725294848
3389.0,154.0,208.0,234.0,166.0,178.0,126.0,155.748055,208.705781,233.50040900000002,-1.7480549999999937,-0.7057810000000018,0.499590999999981,1.9502344141838337,112.72976536833562
3390.0,226.0,170.0,236.0,248.0,132.0,158.0,227.375309,170.18527500000002,236.605719,-1.3753089999999872,-0.1852750000000185,-0.6057189999999935,1.5141655055068992,89.50977600240098
3391.0,270.0,172.0,236.0,296.0,134.0,176.0,269.377381,171.338301,238.138521,0.622618999999986,0.6616989999999987,-2.1385209999999972,2.323525780619395,75.63068160475615
3392.0,166.0,278.0,236.0,176.0,262.0,132.0,165.84743699999999,277.37868100000003,236.387969,0.15256300000001488,0.6213189999999713,-0.38796899999999823,0.7482196961394211,105.69768209379049
3393.0,288.0,184.0,238.0,318.0,150.0,182.0,288.180799,184.248005,237.240453,-0.18079899999997906,-0.24800500000000625,0.7595469999999978,0.8192108419906271,72.05553413860729
3394.0,590.0,280.0,240.0,666.0,270.0,300.0,590.407819,279.16871100000003,239.67388099999997,-0.4078190000000177,0.8312889999999697,0.326119000000034,0.9816880056530111,97.34474818910365
3395.0,230.0,150.0,242.0,248.0,108.0,164.0,228.71693299999998,150.455625,241.033083,1.2830670000000168,-0.4556249999999977,0.9669169999999951,1.6699651349663058,90.39911503991618
3396.0,410.0,240.0,242.0,456.0,220.0,232.0,409.068485,240.208621,240.917395,0.9315149999999903,-0.20862099999999373,1.082605000000001,1.4433559861970924,51.146847410177685
3397.0,192.0,156.0,244.0,204.0,114.0,152.0,191.457265,155.76049700000002,243.201885,0.5427349999999933,0.23950299999998492,0.7981149999999957,0.994439802330427,101.84301645179212
3398.0,190.0,190.0,244.0,200.0,156.0,152.0,188.732549,190.183389,244.653363,1.267450999999994,-0.18338900000000535,-0.653363000000013,1.4376879955299773,98.5900603509299
3399.0,256.0,82.0,246.0,276.0,24.0,180.0,253.87087300000002,81.30542100000001,245.36615899999998,2.1291269999999827,0.6945789999999903,0.6338410000000181,2.3275257641218356,90.11104260855048
3400.0,196.0,222.0,246.0,208.0,194.0,158.0,196.857461,221.190715,247.60959300000002,-0.8574610000000007,0.8092849999999885,-1.609593000000018,1.9952371296151845,93.12357381458253
3401.0,204.0,234.0,246.0,214.0,208.0,158.0,201.64800699999998,232.62399699999997,246.18751500000002,2.3519930000000215,1.3760030000000256,-0.18751500000001897,2.7313764301690786,92.30384607371461
3402.0,232.0,144.0,248.0,248.0,100.0,174.0,231.24532499999998,143.78279500000002,248.725847,0.7546750000000202,0.21720499999997855,-0.7258469999999875,1.0693765637318797,87.56711711595854
3403.0,196.0,98.0,250.0,208.0,44.0,164.0,197.04794900000002,98.259505,250.801275,-1.047949000000017,-0.2595050000000043,-0.801275000000004,1.3444633045386714,102.25458424931374
3404.0,248.0,92.0,252.0,264.0,36.0,184.0,245.695813,91.15311700000001,251.71108300000003,2.304187000000013,0.8468829999999912,0.28891699999996945,2.4718336472236615,89.53211714239757
3405.0,464.0,158.0,252.0,516.0,120.0,268.0,464.146633,157.533781,252.319327,-0.14663300000000845,0.4662189999999953,-0.31932699999998704,0.5838074387835339,66.36264009214823
3406.0,144.0,300.0,252.0,146.0,292.0,140.0,144.889491,302.021991,250.696035,-0.8894909999999925,-2.021991000000014,1.3039650000000051,2.5651445503883514,112.30316113093166
3407.0,456.0,104.0,256.0,506.0,54.0,270.0,456.29288299999996,103.507681,255.82526899999996,-0.2928829999999607,0.49231899999999484,0.17473100000003683,0.5989068139627273,72.0832851637604
3408.0,242.0,246.0,256.0,258.0,226.0,184.0,242.769011,246.80807500000003,255.133789,-0.7690110000000061,-0.8080750000000307,0.8662109999999927,1.4123330415546633,76.4198926981712
3409.0,446.0,108.0,258.0,492.0,62.0,268.0,444.966177,110.162533,257.988025,1.033822999999984,-2.1625329999999963,0.01197500000000673,2.396973586012777,65.81793068761733
3410.0,178.0,142.0,258.0,184.0,98.0,164.0,178.890725,142.622977,257.568357,-0.8907250000000033,-0.6229769999999917,0.4316430000000082,1.1695328330589965,103.96153134693621
3411.0,246.0,170.0,260.0,260.0,132.0,192.0,245.545625,169.708969,259.909115,0.45437499999999886,0.2910310000000038,0.09088500000001432,0.547188968100604,79.14543574963751
3412.0,446.0,114.0,264.0,492.0,68.0,276.0,447.1021769999999,114.980613,264.263843,-1.1021769999999265,-0.9806130000000053,-0.2638430000000085,1.4986691174995408,66.15134163416491
3413.0,272.0,258.0,264.0,286.0,238.0,206.0,270.36089499999997,256.215421,265.07106899999997,1.6391050000000291,1.784579000000008,-1.0710689999999659,2.6492595590139993,62.928530890209096
3414.0,210.0,102.0,266.0,216.0,48.0,184.0,208.50430899999998,101.25030100000001,264.303775,1.495691000000022,0.7496989999999926,1.6962250000000267,2.3825027615319034,98.3666610188635
3415.0,148.0,156.0,266.0,144.0,114.0,160.0,146.912029,155.999797,265.012621,1.0879710000000102,0.00020299999999906504,0.9873789999999758,1.469216875648716,114.08768557561329
3416.0,352.0,248.0,268.0,380.0,230.0,240.0,352.18089699999996,248.72800900000004,266.984537,-0.180896999999959,-0.7280090000000428,1.015463000000011,1.2624919536611194,43.497126341863094
3417.0,136.0,294.0,270.0,128.0,282.0,160.0,136.013165,293.691365,270.818533,-0.013164999999986549,0.3086349999999811,-0.8185330000000022,0.8748857939977032,110.9414259868693
3418.0,184.0,188.0,272.0,184.0,152.0,182.0,184.066733,186.635587,272.086131,-0.06673299999999927,1.3644130000000132,-0.08613100000002305,1.3687566171599097,96.93296652842108
3419.0,508.0,240.0,272.0,560.0,222.0,308.0,509.6771329999999,240.350409,272.969097,-1.6771329999999125,-0.3504090000000133,-0.9690969999999766,1.9684284499007503,65.75712889109438
3420.0,214.0,108.0,274.0,220.0,56.0,198.0,215.32789699999998,107.611919,274.222355,-1.3278969999999788,0.3880809999999997,-0.2223549999999932,1.401199147585717,92.28217596047462
3421.0,144.0,132.0,274.0,136.0,84.0,172.0,143.542869,131.32832100000002,276.123043,0.45713100000000395,0.6716789999999833,-2.1230429999999956,2.273198849650193,113.01327355669333
3422.0,150.0,178.0,274.0,144.0,140.0,172.0,150.27134099999998,177.150937,274.593067,-0.2713409999999783,0.849063000000001,-0.5930670000000191,1.0706364381707791,109.01376059929315
3423.0,456.0,188.0,274.0,496.0,158.0,290.0,454.674917,188.505151,274.98659699999996,1.3250830000000065,-0.5051510000000121,-0.9865969999999606,1.727540485806035,52.49761899362675
3424.0,540.0,198.0,274.0,594.0,172.0,320.0,538.763747,199.06282700000003,272.967747,1.2362530000000334,-1.062827000000027,1.0322530000000256,1.9296292306936047,75.55130707009641
3425.0,154.0,190.0,278.0,148.0,154.0,176.0,154.548265,188.547265,276.799269,-0.5482649999999865,1.45273499999999,1.2007310000000189,1.9628521148601596,108.33282051160673
3426.0,150.0,166.0,284.0,140.0,126.0,182.0,149.63648899999998,165.586119,283.266573,0.3635110000000168,0.4138810000000035,0.733427000000006,0.9172529060248454,110.01818031580054
3427.0,500.0,226.0,284.0,544.0,204.0,316.0,499.160157,225.60053700000003,283.16788299999996,0.8398429999999735,0.3994629999999688,0.8321170000000393,1.2479285455133222,58.68560300448484
3428.0,470.0,310.0,284.0,510.0,306.0,306.0,471.06891099999996,309.455169,285.23344099999997,-1.0689109999999573,0.5448309999999879,-1.2334409999999707,1.7206941171988772,45.8257569495584
3429.0,146.0,162.0,286.0,136.0,122.0,184.0,147.011813,162.308181,285.821173,-1.0118129999999894,-0.3081809999999905,0.1788270000000125,1.0727162586905157,110.01818031580054
3430.0,124.0,182.0,286.0,108.0,146.0,176.0,123.390897,182.218505,287.116653,0.6091030000000046,-0.2185049999999933,-1.1166529999999852,1.2906063776546937,116.84177335182824
3431.0,124.0,184.0,288.0,108.0,148.0,178.0,123.929465,183.832555,288.690511,0.07053500000000668,0.16744499999998652,-0.690511000000015,0.7140157248765724,116.84177335182824
3432.0,464.0,202.0,288.0,502.0,176.0,308.0,464.184671,202.998043,287.591943,-0.18467099999998027,-0.9980429999999956,0.40805699999998524,1.0939395428171392,50.19960159204453
3433.0,488.0,324.0,290.0,524.0,322.0,320.0,485.73665700000004,322.313337,292.631517,2.2633429999999635,1.68666300000001,-2.631516999999974,3.8590718226675613,46.9041575982343
3434.0,202.0,142.0,292.0,198.0,98.0,214.0,202.777623,141.942925,292.785913,-0.7776230000000055,0.057074999999997544,-0.7859129999999936,1.1070746719724909,89.64373932405988
3435.0,216.0,192.0,292.0,214.0,160.0,216.0,216.29806299999998,192.611087,290.789855,-0.29806299999998487,-0.6110869999999977,1.2101450000000114,1.3880633251271413,82.48636250920512
3436.0,124.0,270.0,292.0,106.0,254.0,182.0,124.38425899999999,270.615961,293.358333,-0.3842589999999859,-0.6159610000000271,-1.358333000000016,1.5401725460126428,112.60550608207397
3437.0,112.0,152.0,294.0,92.0,110.0,180.0,111.66888099999998,152.77369299999998,294.03042500000004,0.33111900000001526,-0.7736929999999802,-0.03042500000003656,0.8421201404995499,123.12595177297108
3438.0,496.0,274.0,294.0,536.0,264.0,328.0,496.613237,274.644461,295.160935,-0.6132370000000265,-0.6444609999999784,-1.160934999999995,1.4625866377466303,53.44155686354955
3439.0,112.0,192.0,300.0,90.0,158.0,186.0,112.114083,192.027549,299.683685,-0.11408299999999372,-0.027548999999993384,0.3163149999999746,0.33738562138150185,120.97933707869291
3440.0,186.0,324.0,300.0,174.0,320.0,212.0,185.634951,323.932547,299.64632700000004,0.36504899999999907,0.06745300000000043,0.35367299999995794,0.5127331377422076,88.90444308357148
3441.0,194.0,178.0,302.0,182.0,142.0,222.0,192.827079,177.97477300000003,303.592733,1.1729210000000023,0.025226999999972577,-1.5927330000000097,1.9781755440453295,88.54377448471462
3442.0,152.0,180.0,302.0,136.0,144.0,204.0,152.415765,180.086801,301.579367,-0.4157649999999933,-0.08680100000000834,0.42063300000000936,0.5977684079265178,105.62196741208714
3443.0,506.0,300.0,304.0,544.0,296.0,342.0,506.76451699999996,300.641147,304.275299,-0.7645169999999553,-0.6411469999999895,-0.27529900000001817,1.0350580941661816,53.88877434122992
3444.0,598.0,152.0,306.0,648.0,116.0,380.0,595.824789,152.171345,305.011491,2.1752109999999902,-0.1713450000000023,0.9885090000000218,2.3954231456314776,96.29122493768578
3445.0,314.0,240.0,308.0,320.0,220.0,274.0,314.30814899999996,240.463799,308.902375,-0.3081489999999576,-0.4637989999999945,-0.9023750000000064,1.0603518091779633,39.89987468652001
3446.0,474.0,116.0,310.0,506.0,70.0,338.0,474.129123,115.794261,308.82647699999995,-0.12912299999999277,0.20573899999999412,1.1735230000000456,1.198397895850582,62.6418390534633
3447.0,132.0,162.0,314.0,108.0,120.0,210.0,131.998393,160.513755,313.283819,0.0016070000000070195,1.4862449999999967,0.716181000000006,1.6498005962039772,114.69960767151734
3448.0,444.0,194.0,314.0,468.0,164.0,330.0,443.376657,193.094715,313.40740700000003,0.6233429999999771,0.9052849999999921,0.5925929999999653,1.2487048852803115,41.617304093369626
3449.0,490.0,234.0,314.0,522.0,214.0,348.0,490.479899,233.529063,313.85156900000004,-0.479898999999989,0.47093699999999217,0.14843099999995957,0.6885611591797566,50.79370039680118
3450.0,474.0,246.0,314.0,502.0,230.0,342.0,473.52304699999996,246.81809299999998,314.543669,0.47695300000003726,-0.8180929999999762,-0.5436690000000226,1.0919415288462204,42.708313008125245
3451.0,488.0,268.0,314.0,520.0,256.0,348.0,489.309397,267.94076900000005,314.783255,-1.30939699999999,0.05923099999995429,-0.7832549999999969,1.5269306500280109,48.2078831727758
3452.0,132.0,180.0,320.0,106.0,144.0,218.0,132.74462699999998,180.08610099999999,320.255955,-0.7446269999999799,-0.0861009999999851,-0.25595499999997173,0.7920831480059105,111.24747188138704
3453.0,506.0,264.0,322.0,538.0,250.0,362.0,506.88457900000003,262.757245,320.925993,-0.8845790000000306,1.2427549999999883,1.0740069999999946,1.8655859758571873,53.103672189407014
3454.0,508.0,312.0,322.0,538.0,310.0,362.0,507.43273899999997,311.900845,321.514413,0.5672610000000304,0.09915499999999611,0.48558700000000954,0.7532672106995253,50.039984012787215
3455.0,134.0,230.0,324.0,104.0,206.0,222.0,132.797437,230.830867,324.49226899999996,1.2025629999999978,-0.830867000000012,-0.49226899999996476,1.5423444845490841,108.9954127475097
3456.0,122.0,160.0,326.0,92.0,120.0,222.0,122.68645699999999,160.458823,326.76761899999997,-0.6864569999999901,-0.4588229999999953,-0.7676189999999679,1.127377792640485,115.39497389401325
3457.0,434.0,178.0,328.0,452.0,150.0,352.0,436.538297,181.452593,334.525129,-2.538297,-3.4525930000000074,-6.525128999999993,7.806449804520551,41.036569057366385
3458.0,110.0,276.0,332.0,74.0,262.0,220.0,109.47554699999999,276.890087,331.284097,0.5244530000000083,-0.8900869999999941,0.7159030000000257,1.256910069251987,118.4736257569591
3459.0,116.0,226.0,334.0,82.0,200.0,228.0,117.207155,225.96734300000003,334.813871,-1.2071550000000002,0.03265699999997196,-0.813871000000006,1.4562539882572025,114.3153532995459
3460.0,460.0,256.0,334.0,478.0,242.0,360.0,459.664775,256.564415,334.88705300000004,0.3352249999999799,-0.5644149999999968,-0.8870530000000372,1.1035411717099861,34.583232931581165
3461.0,502.0,290.0,334.0,526.0,284.0,376.0,501.511991,290.503911,335.257891,0.4880089999999768,-0.5039110000000164,-1.2578909999999723,1.4402669363291392,48.744230427815765
3462.0,126.0,214.0,338.0,92.0,184.0,236.0,126.91323299999999,212.710173,338.27497500000004,-0.9132329999999911,1.2898270000000025,-0.2749750000000404,1.604138227473871,111.62437009900661
3463.0,456.0,128.0,342.0,472.0,86.0,370.0,456.17839699999996,128.70426300000003,342.68775700000003,-0.17839699999996128,-0.7042630000000258,-0.6877570000000333,1.0004106925793368,52.952809179494906
3464.0,430.0,232.0,342.0,438.0,208.0,360.0,428.26987099999997,228.94009499999999,344.949455,1.7301290000000336,3.0599050000000148,-2.9494550000000004,4.5886435645723465,31.04834939252005
3465.0,532.0,242.0,342.0,560.0,224.0,398.0,533.1087249999999,240.90537899999998,342.929691,-1.1087249999999358,1.0946210000000178,-0.9296909999999912,1.8143295220953883,65.14598989960932
3466.0,116.0,216.0,344.0,74.0,188.0,234.0,112.441555,216.111157,341.438087,3.558445000000006,-0.11115699999999151,2.561913000000004,4.386146932815072,121.02892216325814
3467.0,184.0,102.0,348.0,158.0,50.0,270.0,185.823103,102.177805,346.229849,-1.8231030000000032,-0.17780500000000643,1.7701509999999985,2.5473032268332343,97.28309205612247
3468.0,448.0,228.0,350.0,458.0,208.0,372.0,446.933787,228.68381499999998,349.076999,1.0662130000000047,-0.6838149999999814,0.9230009999999993,1.5672727782983356,31.368774282716245
3469.0,550.0,318.0,350.0,576.0,318.0,412.0,550.043293,317.639041,350.572921,-0.043292999999948734,0.3609589999999798,-0.572921000000008,0.6785308804844405,67.23094525588644
3470.0,426.0,150.0,354.0,432.0,112.0,370.0,425.33165299999996,150.223543,353.338579,0.6683470000000398,-0.2235430000000065,0.6614210000000185,0.9665075915372214,41.66533331199932
3471.0,498.0,162.0,354.0,516.0,128.0,398.0,498.038961,162.521711,353.42364299999997,-0.038960999999972046,-0.5217110000000105,0.57635700000003,0.778387897189469,58.44655678480983
3472.0,434.0,180.0,356.0,442.0,148.0,376.0,434.992507,179.58156300000002,355.755403,-0.9925069999999891,0.4184369999999831,0.24459699999999884,1.104530380038034,38.57460304397182
3473.0,460.0,178.0,358.0,470.0,148.0,390.0,460.393575,179.25646899999998,359.358023,-0.39357499999999845,-1.2564689999999814,-1.3580230000000029,1.891518463329121,44.98888751680797
3474.0,422.0,244.0,358.0,428.0,224.0,370.0,423.24645699999996,241.980635,355.476547,-1.246456999999964,2.0193649999999934,2.5234530000000177,3.4640013134066465,24.08318915758459
3475.0,176.0,148.0,360.0,140.0,106.0,282.0,175.468569,148.001419,360.78263300000003,0.5314309999999978,-0.0014189999999985048,-0.7826330000000326,0.9460102187667153,95.62426470305536
3476.0,104.0,162.0,360.0,58.0,122.0,254.0,104.607827,161.90198500000002,360.491601,-0.6078270000000003,0.09801499999997532,-0.49160100000000284,0.7878655629959964,122.27837094106218
3477.0,248.0,168.0,360.0,224.0,132.0,310.0,248.267237,168.490187,360.965767,-0.2672369999999944,-0.4901869999999917,-0.965767000000028,1.1155289361675218,66.12110101926616
3478.0,432.0,210.0,360.0,438.0,186.0,380.0,433.271839,210.68007500000004,360.276141,-1.271839,-0.6800750000000448,-0.27614099999999553,1.4684448574689681,31.811947441173732
3479.0,412.0,244.0,360.0,412.0,224.0,372.0,411.33304100000004,242.04605299999997,361.189127,0.666958999999963,1.9539470000000279,-1.189126999999985,2.3825965266110467,23.323807579381203
3480.0,398.0,246.0,360.0,398.0,228.0,366.0,398.929199,245.472805,360.204167,-0.9291989999999828,0.5271950000000061,-0.204166999999984,1.0876716018702373,18.973665961010276
3481.0,158.0,84.0,362.0,118.0,32.0,278.0,156.65555899999998,87.56216500000001,362.66613900000004,1.3444410000000175,-3.5621650000000074,-0.6661390000000438,3.8652661301684206,106.58330075579383
3482.0,436.0,192.0,362.0,442.0,164.0,382.0,436.699571,192.614313,360.575047,-0.6995709999999917,-0.6143130000000099,1.4249530000000163,1.7021372148622587,34.92849839314596
3483.0,520.0,284.0,362.0,540.0,278.0,412.0,521.702001,285.077989,359.536897,-1.7020009999999957,-1.0779890000000023,2.4631029999999896,3.1820974335697105,54.18486873657626
3484.0,562.0,306.0,364.0,584.0,304.0,432.0,561.335205,305.886757,363.898895,0.6647950000000264,0.1132430000000113,0.10110500000001821,0.681908051058969,71.49825172687791
3485.0,194.0,190.0,366.0,160.0,158.0,294.0,194.60755699999999,190.336259,365.420141,-0.6075569999999857,-0.3362590000000125,0.579858999999999,0.9046723623561128,85.81375181169973
3486.0,430.0,218.0,366.0,432.0,194.0,386.0,430.24317299999996,217.19390299999998,366.576705,-0.24317299999995612,0.8060970000000225,-0.576705000000004,1.0205460001210231,31.304951684997057
3487.0,460.0,266.0,366.0,468.0,252.0,394.0,460.830097,264.401755,364.00623099999996,-0.8300970000000234,1.59824500000002,1.993769000000043,2.68673834505619,32.31098884280702
3488.0,146.0,140.0,368.0,104.0,94.0,278.0,146.342493,138.422187,366.91271700000004,-0.3424929999999904,1.577812999999992,1.0872829999999567,1.9465301539166748,109.45318634009702
3489.0,430.0,144.0,368.0,432.0,106.0,388.0,429.959501,145.092553,367.26793299999997,0.040499000000011165,-1.0925530000000094,0.7320670000000291,1.3157637779248461,42.988370520409354
3490.0,146.0,146.0,368.0,104.0,104.0,278.0,146.433853,146.612787,367.010787,-0.43385299999999916,-0.6127869999999973,0.9892130000000066,1.2418851365351826,107.83320453366856
3491.0,180.0,224.0,370.0,142.0,198.0,292.0,180.46477499999997,223.22340300000002,368.936305,-0.4647749999999746,0.7765969999999811,1.0636949999999956,1.3966265621342513,90.57593499379402
3492.0,546.0,284.0,370.0,564.0,278.0,434.0,546.075825,284.678987,370.396077,-0.07582500000000891,-0.6789870000000064,-0.39607699999999113,0.7897149908182084,66.75327707311455
3493.0,142.0,112.0,372.0,102.0,62.0,282.0,145.536519,112.175313,370.227173,-3.5365189999999984,-0.17531300000000272,1.7728270000000066,3.959875863869853,110.45361017187261
3494.0,428.0,130.0,372.0,428.0,88.0,390.0,427.20692099999997,130.347775,369.68523500000003,0.7930790000000343,-0.3477750000000128,2.3147649999999658,2.4714487160552014,45.69463863518345
3495.0,494.0,224.0,372.0,504.0,204.0,416.0,494.09067699999997,224.62075700000003,371.27592300000003,-0.09067699999997103,-0.620757000000026,0.7240769999999657,0.9580444004882954,49.35585071701227
3496.0,436.0,248.0,372.0,436.0,232.0,394.0,435.779953,248.19953099999998,372.126763,0.2200470000000223,-0.19953099999997903,-0.12676299999998264,0.32295844986468003,27.202941017470888
3497.0,196.0,264.0,372.0,160.0,248.0,300.0,196.99068499999998,263.979449,370.965503,-0.9906849999999849,0.020551000000011754,1.0344969999999876,1.4325024104115653,82.07313811473277
3498.0,610.0,98.0,374.0,638.0,48.0,466.0,609.805199,95.49618500000001,373.776067,0.19480099999998401,2.503814999999989,0.22393299999998817,2.521345468656553,108.38819123871383
3499.0,144.0,124.0,374.0,98.0,76.0,286.0,143.596587,123.61638500000001,374.512543,0.40341300000000047,0.3836149999999918,-0.5125429999999938,0.7567052554614563,110.2905254316979
3500.0,396.0,174.0,374.0,388.0,140.0,382.0,394.516529,173.258895,374.374063,1.4834710000000086,0.7411050000000046,-0.3740629999999783,1.699954692583016,35.832945734337834
3501.0,432.0,312.0,374.0,430.0,310.0,394.0,431.82991899999996,312.119769,374.45108500000003,0.17008100000003878,-0.11976900000001933,-0.4510850000000346,0.4967392043588356,20.199009876724155
3502.0,472.0,242.0,376.0,474.0,224.0,414.0,470.43989100000005,241.19381699999997,377.714699,1.5601089999999544,0.8061830000000327,-1.714698999999996,2.454396826507665,42.09513035969837
3503.0,442.0,302.0,376.0,442.0,296.0,400.0,442.58818699999995,300.513603,375.85776699999997,-0.5881869999999481,1.4863970000000108,0.14223300000003292,1.604858316134786,24.73863375370596
3504.0,440.0,256.0,380.0,436.0,240.0,406.0,438.974817,254.607591,381.53068299999995,1.0251830000000268,1.3924089999999865,-1.5306829999999536,2.309284186335427,30.789608636681304
3505.0,486.0,280.0,382.0,490.0,270.0,424.0,485.895339,278.66073900000004,381.778705,0.10466100000002143,1.339260999999965,0.2212949999999978,1.3614497523107159,43.3589667773576
3506.0,612.0,280.0,382.0,638.0,274.0,476.0,614.471415,280.48339500000003,383.763669,-2.471414999999979,-0.48339500000003,-1.763668999999993,3.0744253397685397,97.71386800244886
3507.0,182.0,306.0,382.0,138.0,298.0,306.0,181.912019,304.98328499999997,381.836297,0.08798100000001341,1.0167150000000333,0.16370299999999816,1.0335611833825173,88.18163074019441
3508.0,184.0,324.0,382.0,140.0,318.0,306.0,183.64895299999998,321.353299,381.512645,0.35104700000002254,2.6467010000000073,0.48735499999997955,2.713996145103201,88.02272433866155
3509.0,462.0,244.0,384.0,460.0,226.0,418.0,460.619257,242.862099,384.48134500000003,1.3807429999999954,1.1379009999999994,-0.481345000000033,1.8528256601404833,38.52272056851645
3510.0,180.0,252.0,384.0,136.0,232.0,308.0,180.275125,250.912441,383.26307099999997,-0.27512500000000273,1.0875589999999988,0.7369290000000319,1.3422155919028231,90.06664199358161
3511.0,398.0,256.0,384.0,388.0,242.0,392.0,398.04988099999997,256.682665,383.14559699999995,-0.049880999999970754,-0.6826649999999859,0.8544030000000475,1.0947712559229252,18.973665961010276
3512.0,602.0,112.0,386.0,626.0,68.0,478.0,603.784411,111.800081,386.416423,-1.7844109999999773,0.19991899999999418,-0.41642300000000887,1.8432304083892834,104.76640682967036
3513.0,444.0,122.0,386.0,442.0,78.0,416.0,444.75890699999997,121.765963,386.15379299999995,-0.7589069999999651,0.23403700000000072,-0.15379299999995055,0.8089285746386589,53.291650377896914
3514.0,412.0,170.0,386.0,400.0,136.0,404.0,409.528525,169.65076900000003,388.312767,2.471474999999998,0.34923099999997476,-2.312767000000008,3.402799165874326,40.29888335921977
3515.0,544.0,198.0,386.0,556.0,172.0,452.0,543.573217,197.68674099999998,385.423899,0.42678300000000036,0.3132590000000164,0.5761009999999942,0.7824112041446006,71.9444229944198
3516.0,450.0,234.0,386.0,446.0,214.0,416.0,449.109831,233.13575100000003,386.44796099999996,0.8901690000000144,0.8642489999999725,-0.44796099999996386,1.3190891706336405,36.27671429443411
3517.0,458.0,170.0,388.0,456.0,136.0,422.0,457.729181,169.12093099999998,387.746787,0.27081900000001724,0.8790690000000154,0.25321300000001656,0.954055585849716,48.12483766206386
3518.0,570.0,180.0,388.0,588.0,152.0,466.0,571.899993,180.958075,387.790795,-1.899992999999995,-0.958075000000008,0.2092049999999972,2.1381412108883255,84.80566018845676
3519.0,520.0,308.0,388.0,526.0,306.0,444.0,519.403047,307.704851,388.317941,0.596952999999985,0.2951489999999808,-0.3179410000000189,0.7379378672293371,56.356011214421486
3520.0,216.0,314.0,388.0,176.0,310.0,326.0,216.75467699999996,314.358771,387.620373,-0.7546769999999583,-0.3587709999999902,0.3796270000000277,0.9178075309665698,73.89181280764467
3521.0,386.0,108.0,390.0,372.0,60.0,398.0,385.514305,107.631023,390.181791,0.4856950000000211,0.368977000000001,-0.1817909999999756,0.6364680881513325,50.635955604688654
3522.0,584.0,140.0,390.0,596.0,98.0,476.0,580.2249850000001,136.563741,392.953269,3.7750149999999394,3.436259000000007,-2.9532689999999775,5.897492005222767,96.45724441429995
3523.0,514.0,184.0,390.0,518.0,154.0,448.0,512.838111,183.20433500000001,392.01493300000004,1.1618889999999737,0.7956649999999854,-2.014933000000042,2.4582562590248975,65.4217089351845
3524.0,434.0,220.0,392.0,428.0,198.0,416.0,434.97572899999994,220.131465,390.969177,-0.9757289999999443,-0.1314649999999915,1.030822999999998,1.4254564830239067,33.1058907144937
3525.0,440.0,288.0,392.0,434.0,282.0,416.0,440.40579499999996,288.898947,390.233589,-0.40579499999995505,-0.898947000000021,1.766411000000005,2.0231122340975105,25.45584412271571
3526.0,400.0,140.0,394.0,388.0,100.0,410.0,401.435233,140.159515,395.741199,-1.4352329999999824,-0.15951499999999896,-1.7411989999999946,2.2621036132580072,44.721359549995796
3527.0,398.0,172.0,394.0,384.0,138.0,408.0,398.15367699999996,171.330237,395.599205,-0.1536769999999592,0.669762999999989,-1.5992049999999836,1.740590626345816,39.344631145812
3528.0,460.0,198.0,394.0,456.0,172.0,430.0,460.139261,198.510811,394.316815,-0.13926099999997632,-0.5108109999999897,-0.3168150000000196,0.6170034425082208,44.58699361921591
3529.0,484.0,254.0,394.0,484.0,242.0,442.0,485.65955299999996,255.54398700000002,397.05168100000003,-1.6595529999999599,-1.5439870000000155,-3.0516810000000305,3.8014167019335177,49.47726750741192
3530.0,588.0,182.0,396.0,604.0,154.0,484.0,589.034641,182.290077,397.640269,-1.034640999999965,-0.2900769999999966,-1.6402689999999893,1.9608949633192725,93.72299611087985
3531.0,458.0,198.0,396.0,454.0,172.0,432.0,459.105343,198.497927,396.390851,-1.1053430000000048,-0.4979270000000042,-0.39085099999999784,1.2737656570888591,44.58699361921591
3532.0,466.0,226.0,396.0,462.0,206.0,434.0,466.153119,226.277153,396.199365,-0.15311900000000378,-0.27715299999999843,-0.19936500000000024,0.3741732443601498,43.12771730569565
3533.0,480.0,294.0,398.0,478.0,290.0,442.0,481.43543900000003,294.892425,399.081793,-1.4354390000000308,-0.8924250000000029,-1.0817930000000047,2.0067843925531967,44.22668877499196
3534.0,476.0,130.0,400.0,474.0,90.0,444.0,477.02010700000005,131.07872700000001,399.714221,-1.0201070000000527,-1.0787270000000149,0.2857789999999909,1.511932494795695,59.49789912257407
3535.0,574.0,156.0,400.0,584.0,120.0,480.0,572.141285,154.602037,399.396263,1.858714999999961,1.3979630000000043,0.6037370000000237,2.40283590071459,88.29496021857646
3536.0,458.0,174.0,400.0,452.0,144.0,436.0,458.335913,175.52729300000001,399.74453500000004,-0.335913000000005,-1.5272930000000144,0.2554649999999583,1.58452637013179,47.24404724407086
3537.0,460.0,178.0,400.0,452.0,146.0,438.0,458.874481,177.141343,401.318393,1.125518999999997,0.8586569999999938,-1.3183930000000146,1.9344882955084068,50.3189825016365
3538.0,516.0,198.0,400.0,518.0,172.0,458.0,515.604039,197.827065,399.962679,0.39596100000005663,0.1729349999999954,0.03732100000001992,0.43368708164648473,63.592452382338585
3539.0,486.0,222.0,400.0,484.0,204.0,446.0,486.35297699999995,224.37156699999997,399.787503,-0.352976999999953,-2.3715669999999704,0.21249699999998484,2.4070890662845903,49.4368283772331
3540.0,578.0,162.0,402.0,588.0,128.0,484.0,576.363393,161.084005,401.543623,1.6366070000000263,0.9159950000000094,0.45637699999997494,1.9302355500308972,89.33084573650918
3541.0,382.0,216.0,402.0,362.0,192.0,408.0,381.550667,215.682523,401.846495,0.4493330000000242,0.3174769999999967,0.15350499999999556,0.5711878635291705,31.811947441173732
3542.0,442.0,316.0,402.0,432.0,316.0,428.0,442.283981,316.61375300000003,400.412283,-0.28398099999998294,-0.6137530000000311,1.5877169999999978,1.725741355319221,27.85677655436824
3543.0,192.0,318.0,404.0,140.0,316.0,336.0,191.43512099999998,319.354129,404.806691,0.564879000000019,-1.3541290000000004,-0.8066910000000007,1.6743667467920593,85.62709851443059
3544.0,432.0,138.0,406.0,420.0,98.0,436.0,433.048233,138.02950900000002,407.610085,-1.048232999999982,-0.02950900000001866,-1.6100850000000264,1.9214673847336177,51.419840528729765
3545.0,606.0,154.0,406.0,620.0,116.0,506.0,606.844441,150.811539,410.20595099999997,-0.8444409999999607,3.1884609999999896,-4.2059509999999705,5.345033953624862,107.88883167408942
3546.0,476.0,176.0,406.0,470.0,146.0,450.0,475.98418300000003,176.896249,405.965729,0.015816999999969994,-0.8962490000000116,0.034270999999989726,0.8970434487420434,53.59104402789705
3547.0,536.0,272.0,406.0,540.0,264.0,472.0,537.182977,272.889049,406.026919,-1.1829770000000508,-0.889049,-0.026919000000020787,1.4800565325321602,66.60330322138685
3548.0,562.0,290.0,406.0,568.0,286.0,482.0,561.7444449999999,290.631415,406.736805,0.25555500000007214,-0.6314150000000041,-0.7368050000000039,1.0034315463822372,76.34133873596926
3549.0,374.0,132.0,408.0,352.0,90.0,414.0,374.408613,132.122123,408.10787300000004,-0.40861300000000256,-0.12212299999998777,-0.10787300000004052,0.4399036201567428,47.791212581394085
3550.0,372.0,136.0,408.0,344.0,102.0,414.0,368.30138900000003,141.995587,410.304725,3.6986109999999712,-5.995587,-2.304725000000019,7.412053975081056,44.45222154178574
3551.0,454.0,168.0,408.0,444.0,134.0,444.0,454.108881,167.285157,407.942609,-0.10888099999999667,0.7148430000000019,0.05739099999999553,0.7253615055205243,50.51732376126036
3552.0,382.0,232.0,408.0,362.0,214.0,416.0,383.83284299999997,233.60556300000002,408.279225,-1.8328429999999685,-1.6055630000000178,-0.2792249999999967,2.452572651368954,28.071337695236398
3553.0,420.0,262.0,408.0,404.0,250.0,430.0,420.442305,262.688327,408.596353,-0.4423049999999762,-0.6883270000000152,-0.5963530000000219,1.012454775564334,29.732137494637012
3554.0,550.0,286.0,408.0,554.0,280.0,478.0,549.769539,285.843497,407.20801900000004,0.23046099999999115,0.15650299999998651,0.7919809999999643,0.8395471195179787,70.37044834303673
3555.0,444.0,182.0,410.0,432.0,152.0,442.0,444.42774899999995,182.119423,409.68364299999996,-0.42774899999994886,-0.11942300000001183,0.3163570000000391,0.545263983203534,45.47526800360829
3556.0,488.0,210.0,410.0,480.0,184.0,458.0,486.18360499999994,207.86831899999999,409.956411,1.8163950000000568,2.1316810000000146,0.04358899999999721,2.800938179022748,55.17245689653489
3557.0,368.0,142.0,412.0,342.0,102.0,416.0,367.267471,141.98270300000001,412.378761,0.7325289999999995,0.01729699999998502,-0.37876099999999724,0.824838055118092,47.8748368143433
3558.0,520.0,158.0,412.0,518.0,122.0,474.0,519.309607,156.68150500000002,411.90628100000004,0.6903929999999718,1.3184949999999844,0.09371899999996458,1.4912594711970528,71.72168430816443
3559.0,450.0,226.0,412.0,436.0,206.0,446.0,449.070113,226.27815099999998,412.28212499999995,0.9298870000000079,-0.27815099999997983,-0.2821249999999509,1.0107681866753504,41.8568990729127
3560.0,488.0,316.0,412.0,480.0,316.0,460.0,487.90985299999994,315.960169,412.80517899999995,0.0901470000000586,0.0398309999999924,-0.8051789999999528,0.8111881484655296,48.662100242385755
3561.0,522.0,290.0,414.0,518.0,284.0,474.0,520.789639,289.36922500000003,413.495015,1.2103610000000344,0.6307749999999714,0.5049849999999765,1.455287154197076,60.43177971895251
3562.0,208.0,312.0,414.0,158.0,312.0,354.0,210.069167,315.760585,414.077531,-2.069166999999993,-3.760584999999992,-0.07753100000002178,4.292955004664609,78.10249675906654
3563.0,594.0,138.0,416.0,602.0,100.0,508.0,593.230635,137.783183,416.28141100000005,0.7693649999999934,0.21681699999999182,-0.28141100000004826,0.8474221295405339,99.85990186255943
3564.0,486.0,210.0,416.0,476.0,186.0,464.0,484.654337,209.45660100000003,415.678341,1.3456630000000018,0.5433989999999653,0.321659000000011,1.4864574985686523,54.589376255824725
3565.0,450.0,224.0,416.0,436.0,204.0,448.0,449.572137,224.61596100000003,413.816755,0.4278630000000021,-0.6159610000000271,2.1832449999999994,2.3084699327292597,40.24922359499622
3566.0,512.0,172.0,418.0,506.0,140.0,478.0,511.18936299999996,171.443561,418.310047,0.8106370000000425,0.5564390000000117,-0.3100469999999973,1.0309635535260595,68.26419266350405
3567.0,544.0,218.0,418.0,544.0,198.0,486.0,543.330501,218.64022700000004,415.219781,0.6694989999999734,-0.6402270000000385,2.7802189999999882,2.9304841256166103,70.8801805866774
3568.0,496.0,228.0,418.0,486.0,206.0,468.0,493.64871899999997,225.73373099999998,416.384009,2.3512810000000286,2.2662690000000225,1.6159910000000082,3.6436141993086015,55.53377350765928
3569.0,398.0,136.0,420.0,374.0,94.0,436.0,397.264767,135.010547,419.526073,0.7352329999999938,0.9894529999999975,0.4739270000000033,1.320678463830992,50.950956811427986
3570.0,424.0,138.0,420.0,406.0,96.0,446.0,424.751943,136.349341,419.000235,-0.7519429999999829,1.6506589999999903,0.9997650000000249,2.07114061926152,52.57375771237966
3571.0,552.0,292.0,420.0,548.0,288.0,494.0,549.342353,292.23697500000003,421.279803,2.657646999999997,-0.23697500000002947,-1.2798030000000153,2.959246601086675,74.21590126111789
3572.0,424.0,312.0,420.0,402.0,310.0,444.0,423.078323,311.674623,420.584273,0.9216769999999883,0.32537700000000314,-0.584272999999996,1.1387421231283998,32.61901286060018
3573.0,150.0,82.0,422.0,88.0,26.0,344.0,150.457301,82.021285,421.694229,-0.45730100000000107,-0.021285000000005994,0.3057709999999929,0.550520808205282,114.29785649783639
3574.0,464.0,246.0,422.0,450.0,230.0,462.0,464.331243,245.66472900000002,421.312901,-0.3312429999999722,0.33527099999997745,0.6870989999999892,0.8332068196378086,45.2990066116245
3575.0,444.0,260.0,422.0,426.0,248.0,454.0,443.763939,260.638321,421.509955,0.23606100000000652,-0.638321000000019,0.49004500000000917,0.8386433072451221,38.62641583165593
3576.0,468.0,270.0,424.0,452.0,260.0,466.0,467.200129,270.177203,424.195807,0.799870999999996,-0.17720300000001998,-0.19580700000000206,0.8423389466829856,46.04345773288535
3577.0,524.0,272.0,424.0,518.0,264.0,490.0,524.769287,272.795465,425.732827,-0.769286999999963,-0.7954649999999788,-1.7328269999999861,2.056029296124659,66.75327707311455
3578.0,438.0,206.0,426.0,418.0,182.0,458.0,437.984699,206.57696499999997,426.050349,0.015301000000022213,-0.5769649999999729,-0.05034899999998288,0.5793597790897878,44.721359549995796
3579.0,504.0,260.0,426.0,494.0,248.0,484.0,504.411655,259.896947,427.15068699999995,-0.4116549999999961,0.10305299999998851,-1.150686999999948,1.2264421436834576,60.06662967072483
3580.0,600.0,262.0,426.0,606.0,252.0,520.0,600.849511,262.113511,426.057955,-0.8495110000000068,-0.11351100000001679,-0.05795499999999265,0.8590183166074019,94.72064188971694
3581.0,214.0,328.0,426.0,158.0,328.0,368.0,213.85741499999997,328.69705500000003,425.114151,0.14258500000002527,-0.6970550000000344,0.8858490000000074,1.1361974326898774,80.62257748298549
3582.0,416.0,128.0,428.0,394.0,84.0,452.0,416.877915,126.515527,426.664035,-0.8779149999999731,1.4844729999999942,1.3359649999999874,2.18155846040827,54.735728733616035
3583.0,608.0,130.0,428.0,614.0,90.0,528.0,607.667519,129.28476700000002,428.607029,0.3324810000000298,0.7152329999999836,-0.6070290000000114,0.995281903025977,107.8702924812944
3584.0,530.0,172.0,428.0,522.0,142.0,494.0,527.803715,172.799633,426.605277,2.196284999999989,-0.799633,1.394722999999999,2.721825303476134,72.93833011524188
3585.0,524.0,282.0,428.0,516.0,276.0,492.0,523.845001,282.611301,427.92454699999996,0.15499899999997524,-0.6113010000000259,0.07545300000003863,0.6351431002624761,64.77653896280658
3586.0,518.0,296.0,428.0,510.0,294.0,488.0,518.306215,297.436079,426.551961,-0.30621499999995194,-1.4360790000000065,1.4480389999999943,2.0622578563281007,60.56401571890688
3587.0,440.0,108.0,430.0,420.0,62.0,466.0,440.523777,108.182299,430.570693,-0.5237769999999955,-0.18229900000000043,-0.5706930000000057,0.795779976739175,61.741396161732524
3588.0,562.0,134.0,430.0,560.0,96.0,512.0,561.596189,134.693709,430.266303,0.4038110000000188,-0.6937090000000126,-0.2663029999999935,0.8457025412111691,90.39911503991618
3589.0,512.0,182.0,430.0,502.0,152.0,492.0,511.832639,181.12616300000002,430.34702300000004,0.16736100000002807,0.8738369999999804,-0.3470230000000356,0.9550004028370878,69.59885056522126
3590.0,610.0,246.0,430.0,616.0,234.0,528.0,610.537317,247.21822100000003,429.499445,-0.53731700000003,-1.2182210000000282,0.5005550000000198,1.4224370887160953,98.91410415102591
3591.0,606.0,254.0,430.0,610.0,242.0,526.0,605.427467,253.828329,429.583033,0.5725330000000213,0.17167100000000346,0.41696699999999964,0.7287842255558399,96.82974749528164
3592.0,528.0,288.0,430.0,518.0,282.0,500.0,527.535215,287.41819499999997,433.680573,0.4647850000000062,0.5818050000000312,-3.680572999999981,3.755148434160613,70.96477999684069
3593.0,516.0,294.0,430.0,504.0,286.0,494.0,515.1313729999999,290.844947,432.695613,0.8686270000000604,3.1550530000000094,-2.6956129999999803,4.239717177325282,65.60487786742691
3594.0,552.0,100.0,432.0,548.0,54.0,512.0,551.8871929999999,100.36030500000001,432.973161,0.11280700000008892,-0.360305000000011,-0.9731610000000046,1.0438330537950198,92.36882591004391
3595.0,558.0,116.0,432.0,554.0,74.0,514.0,557.252851,116.68387700000001,433.164169,0.7471490000000358,-0.6838770000000096,-1.1641690000000153,1.5431165995773302,92.21713506718802
3596.0,474.0,140.0,432.0,458.0,102.0,480.0,474.061355,140.56367500000002,431.966633,-0.06135499999999183,-0.5636750000000177,0.03336699999999837,0.5679852976433623,63.2771680782255
3597.0,408.0,180.0,432.0,384.0,150.0,454.0,410.230117,180.605347,431.46450100000004,-2.230117000000007,-0.6053469999999948,0.5354989999999589,2.3720510119090994,44.27188724235731
3598.0,456.0,186.0,432.0,436.0,160.0,470.0,454.893409,188.31255099999998,430.481931,1.1065909999999803,-2.312550999999985,1.5180690000000254,2.979424316481787,50.19960159204453
3599.0,480.0,206.0,432.0,464.0,182.0,482.0,479.975173,206.030847,432.746061,0.02482700000001614,-0.030846999999994296,-0.7460609999999974,0.7471110580489333,57.723478758647246
3600.0,590.0,82.0,434.0,592.0,34.0,528.0,590.0595490000001,83.54045300000001,433.77554899999996,-0.059549000000060914,-1.5404530000000136,0.2244510000000446,1.5578574325049994,105.56514576317318
3601.0,472.0,130.0,436.0,454.0,90.0,484.0,471.883887,130.70918700000001,435.997021,0.11611299999998437,-0.7091870000000142,0.0029789999999820793,0.7186357242574408,65.02307282803544
3602.0,452.0,142.0,436.0,432.0,104.0,476.0,452.834253,142.395353,435.63505499999997,-0.8342529999999897,-0.39535300000000007,0.36494500000003427,0.9927068628971031,58.68560300448484
3603.0,494.0,222.0,436.0,480.0,202.0,490.0,494.6727889999999,222.22627899999998,435.00084100000004,-0.6727889999999093,-0.2262789999999768,0.9991589999999633,1.225628790312464,59.262129560116215
3604.0,388.0,154.0,438.0,358.0,116.0,454.0,389.71471099999997,152.902725,437.88835900000004,-1.7147109999999657,1.0972749999999962,0.11164099999996324,2.0388011065395433,50.99019513592785
3605.0,460.0,166.0,438.0,440.0,132.0,482.0,460.867805,165.21207900000002,438.49321499999996,-0.8678049999999757,0.787920999999983,-0.49321499999996377,1.2716784406802277,59.09314681077663
3606.0,528.0,188.0,438.0,518.0,162.0,506.0,527.999783,189.058785,437.166465,0.00021700000002056186,-1.0587850000000003,0.8335349999999835,1.347518578550579,73.48469228349535
3607.0,410.0,210.0,438.0,382.0,186.0,460.0,410.56568699999997,210.030483,437.00007700000003,-0.5656869999999685,-0.030483000000003813,0.999922999999967,1.149250625924084,42.941821107167776
3608.0,428.0,210.0,438.0,402.0,186.0,468.0,428.189011,209.822343,438.019133,-0.1890109999999936,0.1776570000000106,-0.019133000000010725,0.26010236342448284,46.389654018972806
3609.0,550.0,154.0,440.0,544.0,118.0,520.0,551.444653,152.706237,440.85736899999995,-1.4446530000000166,1.2937630000000127,-0.8573689999999488,2.1203600148887434,87.93179174792243
3610.0,496.0,172.0,440.0,480.0,142.0,498.0,496.2058129999999,172.986399,440.62939700000004,-0.20581299999992098,-0.9863990000000058,-0.62939700000004,1.1880583158157807,67.23094525588644
3611.0,578.0,176.0,442.0,574.0,146.0,530.0,577.615151,175.351777,441.106305,0.3848490000000311,0.6482230000000015,0.8936949999999797,1.1691845720650738,93.05912099305473
3612.0,450.0,206.0,442.0,426.0,182.0,482.0,450.44510699999995,206.243381,442.622109,-0.4451069999999504,-0.2433809999999994,-0.6221090000000231,0.8027291949910532,52.459508194416
3613.0,514.0,180.0,444.0,500.0,152.0,508.0,514.440793,180.94478900000001,443.30076699999995,-0.4407929999999851,-0.9447890000000143,0.6992330000000493,1.2553292443256003,71.2460525222275
3614.0,522.0,136.0,446.0,508.0,98.0,516.0,522.245489,136.574525,446.908997,-0.2454890000000205,-0.5745249999999942,-0.9089969999999994,1.1030047011481874,80.87026647662292
3615.0,450.0,230.0,446.0,428.0,212.0,488.0,453.83428899999996,230.731785,447.059259,-3.8342889999999556,-0.7317850000000021,-1.0592589999999973,4.044664516474346,50.714889332423866
3616.0,444.0,244.0,446.0,416.0,228.0,484.0,443.614589,243.952001,447.22643500000004,0.3854109999999764,0.047999000000004344,-1.2264350000000377,1.2864635059522966,49.839743177508446
3617.0,442.0,258.0,446.0,414.0,246.0,480.0,441.184231,258.754407,444.814265,0.8157689999999889,-0.7544070000000147,1.1857350000000224,1.6249850686191112,45.65084884205331
3618.0,582.0,238.0,448.0,572.0,228.0,540.0,579.411569,242.405533,450.20149100000003,2.588431000000014,-4.405532999999991,-2.2014910000000327,5.563745022817916,93.08061022576076
3619.0,432.0,248.0,448.0,400.0,232.0,482.0,430.69712499999997,247.34179899999998,449.86975499999994,1.3028750000000286,0.6582010000000196,-1.869754999999941,2.3720656782751357,49.35585071701227
3620.0,596.0,264.0,448.0,592.0,254.0,544.0,596.2318369999999,263.541093,448.367041,-0.23183699999992768,0.4589070000000106,-0.367040999999972,0.6317144330304284,96.60227740586657
3621.0,526.0,196.0,450.0,512.0,170.0,520.0,527.0523009999999,195.476333,449.68400499999996,-1.052300999999943,0.523666999999989,0.31599500000004355,1.2171348986512942,75.97367965289031
3622.0,208.0,254.0,450.0,142.0,238.0,396.0,207.885607,254.73416300000002,450.149273,0.11439300000000685,-0.7341630000000237,-0.14927299999999377,0.7578677309049611,86.76404785393545
3623.0,524.0,138.0,452.0,508.0,100.0,522.0,523.8246489999999,138.14043500000002,451.59134300000005,0.17535100000009152,-0.14043500000002496,0.4086569999999483,0.46633733077569167,81.24038404635961
3624.0,462.0,262.0,452.0,436.0,250.0,498.0,462.99979299999995,261.690971,453.12397699999997,-0.9997929999999542,0.30902900000000955,-1.123976999999968,1.535711321251114,54.18486873657626
3625.0,470.0,266.0,452.0,444.0,254.0,502.0,470.29378499999996,264.874327,454.19252499999993,-0.2937849999999571,1.1256730000000061,-2.1925249999999323,2.482058662638474,57.619441163551734
3626.0,414.0,142.0,454.0,380.0,104.0,482.0,413.985577,142.613979,453.81237899999996,0.014423000000022057,-0.6139790000000005,0.18762100000003556,0.6421681049468391,58.172158288995945
3627.0,396.0,190.0,456.0,358.0,164.0,476.0,395.876495,191.952835,455.455779,0.12350500000002285,-1.9528349999999932,0.5442209999999932,2.0310082518520134,50.19960159204453
3628.0,604.0,270.0,456.0,600.0,262.0,558.0,606.163853,269.880339,457.246037,-2.1638530000000173,0.11966100000000779,-1.2460370000000012,2.499837347888674,102.39140588936164
3629.0,540.0,140.0,458.0,524.0,102.0,536.0,539.918705,139.520577,458.33232899999996,0.0812949999999546,0.47942299999999705,-0.3323289999999588,0.5889803512808915,88.2269800004511
3630.0,400.0,292.0,458.0,362.0,288.0,480.0,401.15837899999997,293.445763,458.74075100000005,-1.158378999999968,-1.4457629999999995,-0.7407510000000457,1.9951903678123029,44.090815370097204
3631.0,158.0,102.0,460.0,82.0,52.0,392.0,158.519299,102.77272300000001,460.81044299999996,-0.5192989999999895,-0.7727230000000134,-0.8104429999999638,1.2343379368628962,113.57816691600547
3632.0,406.0,180.0,460.0,368.0,150.0,486.0,406.12114099999997,180.30971499999998,460.49074099999996,-0.12114099999996597,-0.30971499999998287,-0.49074099999995724,0.5928113124653908,54.954526656136345
3633.0,412.0,196.0,460.0,376.0,168.0,486.0,412.50244499999997,195.00805100000002,458.58809899999994,-0.5024449999999661,0.9919489999999769,1.4119010000000571,1.7971861980404482,52.49761899362675
3634.0,432.0,96.0,462.0,398.0,48.0,500.0,432.14455100000004,96.429315,462.573255,-0.1445510000000354,-0.42931500000000256,-0.5732550000000174,0.7306351044475158,70.02856560004639
3635.0,480.0,180.0,462.0,454.0,152.0,516.0,480.77505499999995,181.10578700000002,461.47295899999995,-0.7750549999999521,-1.1057870000000207,0.5270410000000538,1.4495679901525933,66.15134163416491
3636.0,372.0,250.0,462.0,328.0,234.0,474.0,372.68250900000004,249.47889500000002,462.384905,-0.6825090000000387,0.5211049999999773,-0.3849050000000034,0.9410211555172561,48.33218389437829
3637.0,440.0,134.0,464.0,406.0,94.0,504.0,439.82225500000004,134.013191,464.05369699999994,0.17774499999995896,-0.01319100000000617,-0.05369699999994282,0.18614686490773738,66.0
3638.0,396.0,190.0,464.0,356.0,162.0,488.0,397.42578499999996,190.18148100000002,465.281421,-1.425784999999962,-0.18148100000001932,-1.281421000000023,1.9255747190973809,54.405882034941776
3639.0,588.0,294.0,464.0,576.0,288.0,564.0,589.311709,291.237921,468.401255,-1.3117089999999507,2.7620790000000284,-4.401254999999992,5.359170316191393,100.89598604503551
3640.0,508.0,304.0,464.0,482.0,302.0,528.0,507.02622699999995,303.663763,464.992385,0.9737730000000511,0.3362369999999828,-0.992385000000013,1.4304255184815158,69.10861017268398
3641.0,412.0,102.0,466.0,374.0,54.0,496.0,412.50820699999997,101.526047,465.761113,-0.5082069999999703,0.4739529999999945,0.23888699999997698,0.7348284152283128,68.17624219623724
3642.0,578.0,90.0,470.0,564.0,44.0,566.0,578.277537,91.430327,470.68134299999997,-0.2775370000000521,-1.4303270000000055,-0.6813429999999698,1.6084434702366768,107.36852425175638
3643.0,538.0,146.0,470.0,518.0,110.0,548.0,538.450927,145.962195,469.295625,-0.45092699999997876,0.03780499999999165,0.7043750000000273,0.8372027938194059,88.20430828479978
3644.0,354.0,158.0,470.0,304.0,122.0,478.0,354.04930099999996,157.830267,470.632513,-0.049300999999957185,0.1697330000000079,-0.6325130000000172,0.6567439189356992,62.12889826803627
3645.0,430.0,160.0,470.0,394.0,126.0,506.0,431.309619,160.26615700000002,469.040517,-1.3096189999999979,-0.26615700000002107,0.9594829999999774,1.6451592935332926,61.220911460055866
3646.0,442.0,170.0,470.0,408.0,140.0,508.0,442.83731700000004,171.630625,467.093515,-0.8373170000000414,-1.630625000000009,2.906484999999975,3.4362323414371962,59.16079783099616
3647.0,334.0,244.0,470.0,280.0,226.0,468.0,333.747397,243.267089,470.11872500000004,0.2526030000000219,0.7329110000000014,-0.11872500000004038,0.7842591632585638,56.95612346359257
3648.0,412.0,248.0,470.0,370.0,234.0,498.0,411.564555,248.955149,470.12020099999995,0.4354450000000156,-0.9551490000000058,-0.12020099999995182,1.0565842326227537,52.38320341483518
3649.0,576.0,154.0,472.0,562.0,122.0,566.0,577.435931,155.328193,471.96608100000003,-1.4359309999999823,-1.3281929999999988,0.033918999999968946,1.9563090197029058,100.2796090937734
3650.0,450.0,168.0,472.0,414.0,136.0,516.0,449.544599,168.224547,471.71188700000005,0.45540099999999484,-0.22454700000000116,0.288112999999953,0.5837983614048337,65.23802572120036
3651.0,570.0,256.0,472.0,554.0,246.0,562.0,571.311347,256.98451700000004,472.152829,-1.3113469999999552,-0.9845170000000394,-0.152828999999997,1.6468944656349291,91.9565114605812
3652.0,580.0,164.0,474.0,564.0,134.0,568.0,579.6200729999999,165.121657,473.11821699999996,0.3799270000000661,-1.121656999999999,0.8817830000000413,1.4764823771610418,99.9599919967984
3653.0,490.0,152.0,476.0,460.0,118.0,536.0,490.330033,152.98348900000002,475.12258499999996,-0.33003300000001445,-0.98348900000002,0.8774150000000418,1.3586866733854137,75.20638270785267
3654.0,370.0,240.0,476.0,324.0,226.0,492.0,374.183657,242.73215700000003,477.33422899999994,-4.183656999999982,-2.7321570000000293,-1.3342289999999366,5.171830893478521,50.67543783727971
3655.0,566.0,264.0,476.0,546.0,254.0,564.0,565.687875,263.55767099999997,475.864697,0.3121250000000373,0.4423290000000293,0.1353030000000217,0.5580177969160617,90.79647570252934
3656.0,446.0,286.0,476.0,406.0,282.0,516.0,444.66159899999997,287.852051,475.22287700000004,1.338401000000033,-1.8520510000000172,0.7771229999999605,2.41357210385998,56.7097875150313
3657.0,472.0,320.0,476.0,436.0,322.0,526.0,470.941729,320.326311,475.58949699999994,1.0582709999999906,-0.3263109999999756,0.41050300000006246,1.1810711626193469,61.644140029689765
3658.0,484.0,144.0,478.0,452.0,106.0,536.0,484.003545,143.19951300000002,477.084069,-0.003544999999974152,0.8004869999999755,0.9159310000000005,1.2164380793755847,76.36753236814714
3659.0,430.0,146.0,478.0,390.0,110.0,518.0,431.176791,147.039149,479.248653,-1.1767909999999802,-1.039149000000009,-1.2486529999999902,2.0059416781878148,67.05221845696084
3660.0,526.0,166.0,478.0,498.0,136.0,552.0,524.186915,167.32147500000002,477.85701500000005,1.813085000000001,-1.3214750000000208,0.1429849999999533,2.248114343861327,84.61678320522472
3661.0,454.0,192.0,478.0,416.0,164.0,524.0,453.435805,191.05076100000002,477.683667,0.5641949999999838,0.9492389999999773,0.316332999999986,1.1486675951009195,65.90902821313632
3662.0,376.0,250.0,478.0,324.0,234.0,494.0,374.777041,249.26056699999998,478.96692900000005,1.222959000000003,0.7394330000000195,-0.9669290000000501,1.7254974842668225,56.7097875150313
3663.0,464.0,272.0,478.0,428.0,262.0,528.0,464.697009,271.203385,478.63448900000003,-0.69700899999998,0.7966149999999743,-0.6344890000000305,1.2340961451309092,62.41794613730894
3664.0,418.0,98.0,480.0,376.0,50.0,516.0,419.22883699999994,97.997921,480.74453300000005,-1.2288369999999418,0.002078999999994835,-0.7445330000000467,1.4367929854014903,73.23933369440222
3665.0,442.0,162.0,480.0,402.0,130.0,522.0,441.725387,163.305093,479.434529,0.274612999999988,-1.3050929999999994,0.5654710000000023,1.4485984572195962,66.24198064671678
3666.0,490.0,168.0,480.0,460.0,134.0,540.0,491.516801,166.04030899999998,478.38798499999996,-1.5168009999999867,1.9596910000000207,1.6120150000000422,2.956292686678228,75.20638270785267
3667.0,500.0,212.0,482.0,468.0,190.0,544.0,499.285865,211.81478499999997,479.966497,0.7141349999999989,0.18521500000002789,2.033502999999996,2.1631985219713403,73.15736463268753
3668.0,448.0,234.0,482.0,408.0,216.0,526.0,448.214317,233.662555,481.827043,-0.2143169999999941,0.33744500000000244,0.1729569999999967,0.4355628868062544,62.12889826803627
3669.0,440.0,288.0,482.0,398.0,282.0,522.0,440.005631,287.824585,481.964777,-0.005630999999993946,0.17541499999998678,0.03522299999997358,0.17900500025137128,58.309518948453004
3670.0,524.0,316.0,482.0,494.0,318.0,554.0,523.261535,316.38869700000004,482.235717,0.7384650000000192,-0.38869700000003604,-0.23571700000002238,0.867166891735995,78.02563681252464
3671.0,198.0,152.0,484.0,118.0,112.0,432.0,197.449231,151.23357500000003,483.127487,0.5507690000000025,0.7664249999999697,0.8725130000000263,1.2853142445157146,103.4601372510205
3672.0,394.0,200.0,484.0,344.0,174.0,508.0,393.41309300000006,199.836617,484.060297,0.5869069999999397,0.16338300000001027,-0.060296999999991385,0.612200587672808,61.25357132445422
3673.0,422.0,204.0,484.0,376.0,178.0,520.0,421.438837,202.78946100000002,485.10831699999994,0.5611630000000218,1.210538999999983,-1.1083169999999427,1.7345533014522374,63.93746945258312
3674.0,452.0,212.0,484.0,412.0,190.0,530.0,452.125801,212.29648300000002,483.64096499999994,-0.12580100000002403,-0.29648300000002337,0.3590350000000626,0.4823216687181542,64.8074069840786
3675.0,502.0,222.0,484.0,470.0,202.0,550.0,502.51059899999996,221.560109,484.227121,-0.5105989999999565,0.4398909999999887,-0.227121000000011,0.7111957391062961,76.02631123499285
3676.0,482.0,242.0,484.0,446.0,226.0,540.0,481.47781499999996,241.472131,482.928773,0.5221850000000359,0.5278690000000097,1.0712270000000217,1.3033994556217576,68.46897107449476
3677.0,464.0,98.0,486.0,426.0,50.0,540.0,464.32773899999995,97.42943100000001,486.400661,-0.3277389999999514,0.5705689999999919,-0.4006610000000137,0.7703837178984054,81.6333265278342
3678.0,474.0,168.0,486.0,434.0,136.0,542.0,471.850587,167.799777,486.71913900000004,2.1494129999999814,0.20022299999999404,-0.719139000000041,2.2753519278606062,75.8946638440411
3679.0,372.0,188.0,486.0,316.0,162.0,506.0,371.024169,190.18857100000002,489.66545699999995,0.9758310000000279,-2.1885710000000245,-3.6654569999999467,4.379231003435509,64.89992295835181
3680.0,466.0,100.0,488.0,428.0,54.0,542.0,466.438793,100.670415,487.474341,-0.43879299999997556,-0.6704150000000055,0.5256590000000188,0.9582864672711421,80.47359815492284
3681.0,468.0,102.0,488.0,430.0,56.0,542.0,468.011279,102.297349,486.974163,-0.011279000000001815,-0.297348999999997,1.025837000000024,1.0681222749344046,80.47359815492284
3682.0,464.0,186.0,488.0,422.0,160.0,540.0,462.224271,187.548403,488.51901499999997,1.7757290000000125,-1.5484030000000075,-0.5190149999999676,2.412497026334962,71.72168430816443
3683.0,468.0,300.0,488.0,428.0,296.0,538.0,467.609113,298.931075,486.739147,0.39088700000002063,1.0689249999999788,1.2608529999999973,1.6985710435548358,64.15605972938177
3684.0,522.0,300.0,488.0,490.0,298.0,560.0,521.5312749999999,299.95765900000004,487.741893,0.4687250000000631,0.04234099999996488,0.2581069999999954,0.536763550695326,78.81624198095213
3685.0,574.0,156.0,490.0,548.0,120.0,584.0,571.220825,153.55174499999998,489.573207,2.7791750000000093,2.4482550000000174,0.4267929999999751,3.728259445169973,103.96153134693621
3686.0,416.0,182.0,490.0,368.0,152.0,524.0,416.02503699999994,181.49050499999998,490.04099099999996,-0.02503699999994069,0.5094950000000154,-0.040990999999962696,0.511754109387516,66.03029607687671
3687.0,456.0,188.0,490.0,414.0,160.0,540.0,456.00741500000004,187.593147,490.59818299999995,-0.007415000000037253,0.40685300000001234,-0.5981829999999491,0.723468898656293,71.04927867332644
3688.0,456.0,230.0,490.0,414.0,212.0,540.0,456.482487,230.18426700000003,491.10814700000003,-0.4824869999999919,-0.18426700000003393,-1.1081470000000309,1.2225947022897952,67.7347768875044
3689.0,490.0,264.0,490.0,452.0,252.0,550.0,488.979473,262.613783,489.39559899999995,1.0205270000000155,1.3862169999999878,0.6044010000000526,1.82438304574973,72.02777242147643
3690.0,362.0,156.0,492.0,304.0,120.0,506.0,361.31517299999996,155.855167,492.37231499999996,0.6848270000000412,0.14483300000000554,-0.37231499999995776,0.79283231331917,69.68500556073738
3691.0,336.0,174.0,492.0,276.0,142.0,496.0,337.155689,174.151441,492.093937,-1.1556889999999953,-0.1514410000000055,-0.09393699999998262,1.1693483660445194,68.11754546370561
3692.0,410.0,174.0,492.0,360.0,144.0,524.0,409.73509299999995,174.98276900000002,492.041703,0.26490700000005063,-0.9827690000000189,-0.04170299999998406,1.0187000374099642,66.51315659326356
3693.0,448.0,242.0,492.0,404.0,226.0,538.0,448.319025,241.731107,492.290161,-0.31902500000001055,0.2688929999999914,-0.2901610000000119,0.5082064560737191,65.63535632568775
3694.0,482.0,294.0,492.0,442.0,290.0,550.0,481.555571,293.793993,492.36722499999996,0.44442900000001373,0.2060069999999996,-0.36722499999996217,0.6122174619487624,70.5691150575094
3695.0,522.0,140.0,494.0,490.0,102.0,568.0,521.8218029999999,139.32561900000002,492.036697,0.17819700000006833,0.6743809999999826,1.9633029999999962,2.0835312749702095,89.12911982062877
3696.0,516.0,190.0,494.0,482.0,164.0,566.0,515.651083,190.176153,493.16965500000003,0.34891700000002857,-0.17615299999999934,0.8303449999999657,0.9177394899005723,83.7615663654877
3697.0,362.0,236.0,494.0,304.0,218.0,506.0,362.21050099999997,236.12304699999999,493.333401,-0.2105009999999652,-0.12304699999998547,0.6665990000000193,0.7097925485738825,61.90315016216864
3698.0,532.0,292.0,494.0,504.0,290.0,566.0,533.898573,293.254667,488.687625,-1.8985730000000558,-1.2546669999999835,5.3123749999999745,5.7792816904735576,77.27871634544663
3699.0,442.0,166.0,496.0,398.0,132.0,542.0,443.83819100000005,164.724885,496.036167,-1.8381910000000516,1.2751149999999996,-0.036166999999977634,2.2374477575119354,72.16647421067486
3700.0,412.0,216.0,496.0,358.0,192.0,528.0,409.65999899999997,214.260695,496.140719,2.3400010000000293,1.7393050000000017,-0.14071899999999005,2.9190046933821705,67.20119046564577
3701.0,414.0,254.0,496.0,362.0,240.0,530.0,413.72725099999997,253.529133,497.126115,0.272749000000033,0.47086699999999837,-1.126115000000027,1.2506969024967949,63.686733312362634
3702.0,382.0,296.0,496.0,326.0,290.0,516.0,382.566127,294.851971,496.09301300000004,-0.5661269999999945,1.1480290000000082,-0.09301300000004176,1.2834024244713815,59.76621118993574
3703.0,548.0,120.0,498.0,520.0,80.0,584.0,549.096389,120.945949,496.45801499999993,-1.0963890000000447,-0.9459489999999988,1.5419850000000679,2.11532647365538,98.89388252060893
3704.0,522.0,190.0,498.0,488.0,164.0,574.0,522.394909,190.046315,497.82725500000004,-0.3949089999999842,-0.04631499999999278,0.1727449999999635,0.4335193565816574,87.2238499494261
3705.0,528.0,192.0,498.0,496.0,166.0,574.0,528.6300369999999,191.639691,495.767701,-0.630036999999902,0.3603090000000009,2.232299000000012,2.347323587035015,86.46386528486914
3706.0,422.0,108.0,500.0,370.0,62.0,538.0,420.399083,107.59542900000001,499.518277,1.6009169999999813,0.40457099999999,0.48172299999998813,1.7200784818312567,79.14543574963751
3707.0,376.0,146.0,500.0,318.0,108.0,522.0,376.24740699999995,145.755585,501.05003899999997,-0.24740699999995286,0.2444150000000036,-1.0500389999999697,1.1061332728902584,72.74613391789285
3708.0,500.0,292.0,500.0,460.0,288.0,566.0,499.687593,291.862639,500.103435,0.31240700000000743,0.1373609999999985,-0.1034349999999904,0.35660198708784874,77.27871634544663
3709.0,350.0,154.0,502.0,288.0,118.0,510.0,349.903781,154.258395,499.61952499999995,0.09621900000001915,-0.25839500000000726,2.3804750000000467,2.396390472692468,72.13875518748573
3710.0,462.0,168.0,502.0,418.0,138.0,554.0,462.5569229999999,169.382965,500.22255299999995,-0.5569229999999266,-1.3829650000000129,1.777447000000052,2.319929580173316,74.43117626371358
3711.0,444.0,226.0,502.0,396.0,206.0,548.0,444.520929,225.27430099999998,501.94440899999995,-0.5209290000000237,0.7256990000000201,0.05559100000004946,0.8950398990676669,69.42621983083913
3712.0,384.0,280.0,502.0,326.0,272.0,524.0,384.482863,280.012611,502.133463,-0.4828630000000089,-0.0126109999999926,-0.1334630000000061,0.5011268167430377,62.545983084447556
3713.0,514.0,292.0,502.0,476.0,288.0,574.0,514.202489,291.676871,502.16207499999996,-0.20248900000001413,0.32312899999999445,-0.1620749999999589,0.4143458113544637,81.51073548925933
3714.0,466.0,320.0,502.0,420.0,320.0,558.0,466.81448099999994,318.392559,504.59612300000003,-0.8144809999999438,1.6074409999999943,-2.596123000000034,3.1602374118048577,72.47068372797375
3715.0,456.0,210.0,504.0,410.0,186.0,552.0,456.258299,208.766659,501.218213,-0.25829900000002226,1.2333409999999958,2.7817870000000084,3.053880696597535,70.68238818828917
3716.0,542.0,284.0,504.0,508.0,280.0,586.0,542.118601,284.800995,503.09241099999997,-0.11860100000001239,-0.8009950000000003,0.90758900000003,1.216296419524064,88.85943956609225
3717.0,502.0,304.0,504.0,462.0,304.0,572.0,502.94887100000005,304.884203,504.403287,-0.9488710000000538,-0.8842030000000136,-0.4032869999999775,1.3582383900549668,78.89233169326408
3718.0,456.0,228.0,506.0,408.0,210.0,558.0,456.484237,228.36307499999998,506.63610500000004,-0.48423700000000736,-0.3630749999999807,-0.6361050000000432,0.8780310352254345,73.02054505411473
3719.0,344.0,182.0,508.0,278.0,152.0,516.0,344.00422299999997,182.090155,507.214655,-0.004222999999967669,-0.09015500000000998,0.7853450000000066,0.790514090183731,72.93833011524188
3720.0,392.0,256.0,508.0,334.0,246.0,526.0,390.982479,258.648237,501.353557,1.017520999999988,-2.6482369999999946,6.646442999999977,7.2265975912498845,61.54673021371647
3721.0,482.0,256.0,508.0,436.0,244.0,570.0,481.67563299999995,255.91009100000002,509.017919,0.32436700000005203,0.08990899999997737,-1.0179190000000062,1.0721271704098552,78.12809993849844
3722.0,496.0,284.0,508.0,454.0,282.0,572.0,496.531023,286.909627,506.266701,-0.5310230000000047,-2.9096270000000004,1.7332989999999882,3.428154041034178,76.57675887630658
3723.0,318.0,176.0,512.0,246.0,144.0,510.0,317.502823,175.788861,510.79013899999995,0.49717700000002196,0.21113900000000285,1.2098610000000463,1.3249635036374152,78.81624198095213
3724.0,412.0,198.0,514.0,354.0,172.0,550.0,412.09210699999994,197.63709700000004,514.080847,-0.09210699999994176,0.36290299999996023,-0.08084699999994882,0.38303854149021627,73.0479294709987
3725.0,546.0,256.0,514.0,508.0,244.0,602.0,545.9520729999999,255.122275,515.173311,0.04792700000007244,0.8777249999999981,-1.1733110000000124,1.4660685098845254,96.60227740586657
3726.0,344.0,214.0,516.0,274.0,190.0,526.0,343.84444299999996,213.11645700000003,516.398125,0.15555700000004435,0.8835429999999747,-0.39812500000005,0.981503809836217,74.67261881037788
3727.0,416.0,288.0,516.0,356.0,284.0,552.0,415.189849,289.336561,516.2136830000001,0.8101510000000189,-1.3365610000000174,-0.21368300000006002,1.577466441484922,70.08566187174092
3728.0,318.0,148.0,518.0,244.0,110.0,520.0,318.239465,147.831657,518.747713,-0.2394649999999956,0.16834299999999303,-0.7477129999999761,0.8029679833237188,83.21057625085888
3729.0,336.0,178.0,520.0,264.0,146.0,528.0,336.191685,177.109677,520.119821,-0.19168500000000677,0.8903229999999951,-0.11982100000000173,0.918572400845461,79.19595949289332
3730.0,458.0,204.0,520.0,406.0,180.0,576.0,459.33860699999997,203.58583099999998,520.849883,-1.3386069999999677,0.41416900000001533,-0.8498829999999771,1.6388123061226039,80.09993757800315
3731.0,544.0,84.0,522.0,512.0,32.0,618.0,551.286037,81.26662300000001,524.488595,-7.286036999999965,2.73337699999999,-2.488595000000032,8.17011567014339,113.77170122662314
3732.0,508.0,124.0,522.0,462.0,84.0,598.0,507.702799,124.378093,522.450919,0.29720099999997274,-0.3780930000000069,-0.45091899999999896,0.659250100956373,97.4268956705488
3733.0,516.0,126.0,522.0,472.0,86.0,600.0,516.012437,125.93621300000001,521.4258169999999,-0.01243699999997716,0.06378699999999071,0.5741830000000618,0.577849096068402,98.08159868191383
3734.0,522.0,174.0,522.0,472.0,148.0,604.0,517.619461,176.669793,525.142339,4.380538999999999,-2.6697929999999985,-3.1423389999999927,6.015913146338711,99.498743710662
3735.0,438.0,182.0,522.0,380.0,154.0,570.0,437.335401,182.507899,522.689465,0.6645990000000097,-0.507899000000009,-0.6894650000000411,1.0839811858270783,80.32434251209281
3736.0,484.0,290.0,522.0,434.0,288.0,584.0,484.16547499999996,291.791427,520.848927,-0.16547499999995807,-1.7914269999999988,1.1510729999999967,2.135781291069611,79.67433714816836
3737.0,382.0,150.0,524.0,316.0,114.0,550.0,382.032153,150.344151,523.388089,-0.03215299999999388,-0.34415100000001075,0.6119109999999637,0.7027864527229893,79.54872720540537
3738.0,450.0,156.0,524.0,396.0,122.0,578.0,451.557945,156.112211,524.4342809999999,-1.557945000000018,-0.11221100000000206,-0.43428099999994174,1.6212291381871367,83.59425817602546
3739.0,362.0,166.0,524.0,294.0,134.0,542.0,363.037335,166.944677,523.084965,-1.0373349999999846,-0.9446770000000129,0.9150349999999889,1.675042562975333,77.27871634544663
3740.0,440.0,196.0,524.0,380.0,170.0,574.0,438.52216899999996,195.56471900000003,525.954865,1.4778310000000374,0.43528099999997494,-1.9548650000000407,2.4889658860151633,82.3164625090267
3741.0,466.0,128.0,526.0,412.0,88.0,590.0,466.802809,128.030263,529.267971,-0.8028090000000248,-0.030262999999990825,-3.2679709999999886,3.3652715487001883,92.80086206496145
3742.0,318.0,164.0,528.0,242.0,130.0,530.0,319.469451,164.10369300000002,527.234865,-1.4694509999999923,-0.10369300000002113,0.7651349999999866,1.6599608573321725,83.28265125462805
3743.0,460.0,182.0,528.0,402.0,152.0,584.0,458.05555499999997,180.578243,527.831847,1.9444450000000302,1.4217570000000137,0.16815299999996114,2.414650027743802,86.02325267042627
3744.0,384.0,280.0,528.0,314.0,272.0,556.0,383.48231499999997,279.694607,530.1201189999999,0.5176850000000286,0.30539299999998093,-2.1201189999999315,2.2036713043997116,75.81556568409947
3745.0,440.0,280.0,528.0,382.0,272.0,576.0,441.52855099999994,279.073583,527.989631,-1.5285509999999363,0.9264170000000149,0.010368999999968764,1.7874070979077015,75.7099729229908
3746.0,444.0,160.0,530.0,386.0,128.0,584.0,445.40257899999995,161.010291,531.754815,-1.402578999999946,-1.0102909999999952,-1.7548150000000078,2.463187252351487,85.46344247688599
3747.0,520.0,218.0,530.0,474.0,198.0,610.0,521.191363,217.539397,529.775629,-1.191363000000024,0.4606029999999919,0.2243710000000192,1.2968590004387748,94.42457307290302
3748.0,466.0,126.0,532.0,410.0,86.0,594.0,466.270915,126.355189,532.876637,-0.27091500000000224,-0.35518899999999576,-0.8766369999999597,0.9838935881054046,92.62828941527529
3749.0,478.0,134.0,532.0,426.0,96.0,596.0,479.31628299999994,134.432231,530.370615,-1.3162829999999417,-0.4322310000000016,1.6293849999999566,2.1387660114361986,90.79647570252934
3750.0,458.0,192.0,534.0,400.0,168.0,592.0,458.728701,193.59810900000002,534.7255269999999,-0.7287010000000009,-1.5981090000000222,-0.7255269999999427,1.900354427734729,85.46344247688599
3751.0,376.0,206.0,534.0,304.0,184.0,560.0,375.94786899999997,207.625117,534.964551,0.052131000000031236,-1.6251169999999888,-0.9645510000000286,1.8905241433134414,79.64923100695951
3752.0,400.0,216.0,534.0,332.0,194.0,568.0,399.879409,215.562833,534.002509,0.12059099999999034,0.4371669999999881,-0.002509000000031847,0.4535013453684426,79.14543574963751
3753.0,348.0,218.0,534.0,272.0,194.0,542.0,346.489141,216.211323,529.391097,1.5108589999999822,1.788677000000007,4.608903000000055,5.169530654867952,80.09993757800315
3754.0,244.0,298.0,534.0,154.0,286.0,502.0,245.22510699999998,292.706217,529.876189,-1.22510699999998,5.293783000000019,4.123811000000046,6.821351975690709,96.27045237246992
3755.0,514.0,310.0,534.0,462.0,312.0,612.0,513.427879,310.955283,535.5666229999999,0.5721210000000383,-0.9552830000000085,-1.566622999999936,1.9220290509924296,93.76566535784833
3756.0,498.0,314.0,534.0,446.0,314.0,602.0,498.410959,312.803241,531.973353,-0.4109589999999912,1.196758999999986,2.0266470000000254,2.389229471267057,85.60373823613078
3757.0,414.0,166.0,536.0,348.0,134.0,576.0,413.846145,166.23346500000002,535.472729,0.1538550000000214,-0.2334650000000238,0.5272710000000416,0.596818209081343,83.54639429682169
3758.0,430.0,202.0,536.0,366.0,178.0,582.0,429.796943,202.099221,535.888841,0.20305700000000115,-0.099221,0.1111590000000433,0.25185963426283714,82.38931969618392
3759.0,550.0,250.0,536.0,506.0,240.0,628.0,551.1251629999999,251.544311,535.8590469999999,-1.1251629999999295,-1.5443109999999933,0.14095300000008137,1.9159217075597959,102.46950765959599
3760.0,520.0,148.0,538.0,470.0,114.0,622.0,520.437287,148.616309,539.316889,-0.43728699999996934,-0.6163090000000011,-1.3168889999999465,1.5183060765770626,103.49879226348489
3761.0,518.0,150.0,538.0,468.0,116.0,620.0,518.381049,150.28968500000002,538.302051,-0.3810489999999618,-0.28968500000001995,-0.30205100000000584,0.5659951821588113,101.88228501560023
3762.0,388.0,228.0,538.0,316.0,206.0,566.0,387.035033,225.505111,536.724285,0.9649670000000015,2.4948890000000006,1.275714999999991,2.963626358810264,80.32434251209281
3763.0,500.0,266.0,538.0,442.0,256.0,612.0,497.374123,265.199783,540.2153509999999,2.6258770000000027,0.8002169999999751,-2.2153509999999415,3.5275143258984385,94.55157322858251
3764.0,508.0,138.0,540.0,454.0,102.0,618.0,506.853351,138.925217,540.249053,1.146649000000025,-0.9252170000000035,-0.24905300000000352,1.4942750158853173,101.46920715172658
3765.0,520.0,140.0,540.0,470.0,104.0,622.0,520.3459270000001,140.42570899999998,539.2188189999999,-0.34592700000007426,-0.42570899999998346,0.7811810000000605,0.9545351731450925,102.56705123966468
3766.0,480.0,134.0,542.0,422.0,96.0,610.0,479.8499269999999,134.286113,542.289907,0.15007300000007717,-0.2861130000000003,-0.28990699999997105,0.4340836586961165,97.11848433743187
3767.0,516.0,136.0,542.0,464.0,98.0,622.0,515.628469,135.54490700000002,540.719353,0.3715310000000045,0.45509299999997666,1.2806470000000445,1.4089718454316595,102.70345661174214
3768.0,344.0,146.0,542.0,266.0,108.0,556.0,344.68287499999997,145.63723099999999,540.986779,-0.6828749999999673,0.36276900000001433,1.0132210000000441,1.2745730296169988,87.88629017087932
3769.0,544.0,214.0,542.0,494.0,194.0,632.0,542.420215,213.886527,541.635165,1.5797850000000153,0.11347299999999905,0.36483499999997093,1.6253311493904947,104.88088481701516
3770.0,508.0,146.0,544.0,454.0,112.0,624.0,508.50559899999996,147.043607,545.009855,-0.505598999999961,-1.0436070000000086,-1.009855000000016,1.537710323915077,102.33279044372826
3771.0,360.0,196.0,544.0,282.0,168.0,562.0,359.225635,194.61913300000003,542.079595,0.7743649999999889,1.3808669999999665,1.9204049999999597,2.488853187501974,84.80566018845676
3772.0,512.0,214.0,544.0,458.0,194.0,622.0,511.84288300000003,214.20822500000003,543.220201,0.15711699999997109,-0.2082250000000272,0.7797990000000254,0.8222711734671488,96.95359714832658
3773.0,424.0,194.0,546.0,358.0,172.0,590.0,425.606455,197.133325,544.126143,-1.6064549999999826,-3.1333250000000135,1.8738570000000436,3.9887044612379086,82.3164625090267
3774.0,400.0,224.0,546.0,326.0,204.0,584.0,399.47049499999997,223.59443100000004,548.0939070000001,0.5295050000000288,0.4055689999999572,-2.0939070000000584,2.1975687209812667,85.55699854482975
3775.0,402.0,128.0,548.0,334.0,86.0,586.0,405.129599,126.87653700000001,546.411757,-3.1295989999999847,1.1234629999999868,1.588243000000034,3.6849796254822063,88.49858755935034
3776.0,360.0,182.0,548.0,282.0,152.0,570.0,361.160643,181.417893,548.1396589999999,-1.1606429999999932,0.5821070000000077,-0.1396589999999378,1.3059270152573519,86.4175908018732
3777.0,446.0,264.0,548.0,378.0,252.0,598.0,443.960659,262.449985,545.929759,2.039340999999979,1.5500149999999735,2.07024100000001,3.293532452031841,85.25256594378845
3778.0,474.0,154.0,550.0,412.0,120.0,616.0,473.859009,153.927273,549.786967,0.14099099999998543,0.07272699999998622,0.2130329999999958,0.26561388837745686,96.72641831474998
3779.0,516.0,270.0,550.0,460.0,264.0,632.0,516.638097,271.410889,551.158119,-0.6380970000000161,-1.4108889999999974,-1.158119000000056,1.933653322054174,99.4786409235671
3780.0,504.0,114.0,552.0,440.0,68.0,632.0,499.305301,110.98698900000001,554.433867,4.694699000000014,3.0130109999999917,-2.433866999999964,6.086225641595201,112.30316113093166
3781.0,502.0,262.0,552.0,442.0,252.0,628.0,501.499947,261.73098300000004,552.6100749999999,0.5000529999999799,0.26901699999996254,-0.610074999999938,0.8334354532433115,97.34474818910365
3782.0,372.0,320.0,552.0,292.0,322.0,576.0,372.04572099999996,320.52995300000003,551.870621,-0.04572099999995771,-0.5299530000000345,0.1293789999999717,0.5474299203469111,83.54639429682169
3783.0,412.0,144.0,554.0,340.0,108.0,596.0,412.594713,144.741949,552.839355,-0.5947130000000129,-0.7419490000000053,1.160645000000045,1.5004228360682625,90.79647570252934
3784.0,482.0,144.0,554.0,420.0,108.0,624.0,482.047417,143.95752900000002,553.807091,-0.047416999999995824,0.04247099999997772,0.192908999999986,0.2031404440553193,100.1998003990028
3785.0,308.0,204.0,554.0,218.0,180.0,556.0,308.03953099999995,204.878015,554.1678909999999,-0.03953099999995402,-0.8780150000000049,-0.1678909999999405,0.894796305349427,93.16651759081692
3786.0,310.0,206.0,554.0,220.0,182.0,556.0,309.612017,206.504949,553.667713,0.38798300000001973,-0.5049490000000105,0.33228699999995115,0.7182749830385251,93.16651759081692
3787.0,370.0,240.0,556.0,290.0,224.0,584.0,371.67736299999996,240.17697900000002,557.646303,-1.677362999999957,-0.1769790000000171,-1.646302999999989,2.3569433103107986,86.2554346113913
3788.0,484.0,236.0,558.0,420.0,222.0,632.0,485.170105,237.23408899999998,561.142065,-1.1701049999999782,-1.2340889999999831,-3.1420650000000023,3.572771170278181,98.83319280484669
3789.0,424.0,270.0,558.0,350.0,260.0,604.0,423.835639,269.086859,557.948035,0.16436099999998532,0.913140999999996,0.0519649999999956,0.9292692749827616,87.7040477971228
3790.0,436.0,272.0,558.0,364.0,262.0,608.0,435.774001,270.598537,557.437593,0.22599900000000162,1.4014629999999784,0.5624070000000074,1.5269170645516241,88.2269800004511
3791.0,430.0,276.0,558.0,356.0,270.0,610.0,430.15052899999995,277.171691,561.149461,-0.15052899999994906,-1.1716910000000098,-3.149460999999974,3.363721654632387,90.64215354899729
3792.0,480.0,122.0,560.0,416.0,80.0,630.0,480.244069,120.974011,559.234811,-0.24406900000002452,1.0259889999999956,0.7651889999999639,1.3029724903477231,103.73041983911952
3793.0,442.0,186.0,560.0,370.0,160.0,616.0,441.585955,186.924579,561.094879,0.41404499999998734,-0.9245789999999943,-1.0948789999999917,1.4916566675703093,94.847245611035
3794.0,502.0,202.0,560.0,440.0,180.0,640.0,502.40971699999994,202.625429,561.749227,-0.4097169999999437,-0.6254289999999969,-1.749227000000019,1.9023208329982133,103.57605900979242
3795.0,352.0,310.0,560.0,266.0,308.0,576.0,351.713035,309.208531,558.490619,0.28696500000000924,0.7914690000000064,1.5093809999999621,1.7282948511023521,87.49857141690943
3796.0,330.0,174.0,562.0,240.0,142.0,572.0,328.951085,173.438129,560.511465,1.0489150000000222,0.5618709999999965,1.4885349999999562,1.905690988615655,96.04165762834376
3797.0,344.0,304.0,562.0,256.0,300.0,578.0,344.38917299999997,302.687911,562.565367,-0.3891729999999711,1.3120890000000145,-0.5653670000000375,1.4807677105268935,89.53211714239757
3798.0,508.0,178.0,564.0,446.0,150.0,644.0,507.83887100000004,177.971931,563.004129,0.1611289999999599,0.02806899999998791,0.9958709999999655,1.0092123027603843,105.01428474260061
3799.0,496.0,180.0,564.0,432.0,152.0,640.0,495.93705299999993,179.736493,563.553799,0.06294700000006515,0.26350700000000415,0.44620099999997365,0.5220091917380257,103.22790320451152
3800.0,442.0,274.0,564.0,368.0,268.0,618.0,441.53872499999994,275.370175,564.228071,0.4612750000000574,-1.3701750000000175,-0.2280709999999999,1.4636155701860722,91.804139340228
3801.0,466.0,304.0,564.0,396.0,302.0,626.0,465.689529,302.965331,563.501397,0.3104710000000068,1.034669000000008,0.4986030000000028,1.1897634777597703,93.53074360871938
3802.0,484.0,146.0,566.0,418.0,110.0,638.0,484.15354699999995,145.438345,565.2262049999999,-0.15354699999994637,0.5616550000000018,0.7737950000000637,0.968396469561452,104.09610943738484
3803.0,358.0,260.0,566.0,270.0,248.0,586.0,356.874783,259.922209,564.633835,1.1252170000000206,0.07779099999999062,1.3661650000000236,1.7716014066361285,91.03845341392834
3804.0,518.0,268.0,566.0,458.0,262.0,650.0,519.748275,269.567325,565.646493,-1.748275000000035,-1.5673249999999825,0.353507000000036,2.3744347391114147,103.40212763768452
3805.0,428.0,104.0,568.0,350.0,58.0,622.0,426.67283100000003,103.420109,569.955217,1.3271689999999694,0.5798910000000035,-1.9552169999999478,2.4332128233121573,105.43244282477761
3806.0,374.0,232.0,568.0,290.0,214.0,594.0,374.187483,231.86602900000003,565.319453,-0.18748299999998608,0.13397099999997408,2.680547000000047,2.6904331107350057,89.7552226892675
3807.0,452.0,146.0,570.0,380.0,110.0,632.0,453.062593,145.72308900000002,570.439521,-1.0625929999999926,0.27691099999998414,-0.4395210000000134,1.1827773649385531,101.6070863670443
3808.0,350.0,178.0,570.0,262.0,146.0,592.0,351.286943,176.350623,570.375421,-1.286943000000008,1.649376999999987,-0.37542099999996026,2.125466466594791,96.18731725128839
3809.0,506.0,314.0,570.0,438.0,316.0,652.0,505.219775,313.88435499999997,572.928235,0.7802249999999731,0.11564500000002909,-2.9282349999999724,3.032603672073686,106.54576481493763
3810.0,360.0,222.0,572.0,270.0,202.0,594.0,358.535711,222.14916900000003,570.399689,1.464289000000008,-0.14916900000002897,1.6003110000000333,2.174255956138361,94.78396488858229
3811.0,414.0,294.0,572.0,332.0,290.0,616.0,413.24356900000004,293.614913,572.245837,0.7564309999999637,0.3850869999999986,-0.24583700000005138,0.883694339632754,93.14504817756014
3812.0,494.0,266.0,576.0,424.0,256.0,654.0,494.312413,264.794987,577.532603,-0.3124129999999923,1.205013000000008,-1.5326029999999946,1.9744695916491086,105.28057750601485
3813.0,402.0,294.0,576.0,318.0,290.0,616.0,402.36407099999997,293.693215,575.884381,-0.36407099999996717,0.30678499999999076,0.11561900000003789,0.48993109967318793,93.12357381458253
3814.0,386.0,262.0,578.0,298.0,252.0,612.0,385.434171,262.72893500000004,577.601147,0.5658290000000079,-0.7289350000000354,0.398853000000031,1.0052822524421117,94.86832980505137
3815.0,490.0,292.0,578.0,420.0,290.0,652.0,490.994313,292.689469,577.351381,-0.9943129999999769,-0.6894689999999741,0.6486190000000533,1.3728555827511455,101.88228501560023
3816.0,408.0,174.0,580.0,322.0,142.0,624.0,406.201555,172.353683,579.610337,1.7984450000000152,1.6463170000000105,0.3896630000000414,2.4691296717837887,101.76443386566841
3817.0,490.0,198.0,580.0,418.0,174.0,656.0,489.420915,197.64155499999998,579.842049,0.5790850000000205,0.35844500000001744,0.1579510000000255,0.6991214298325037,107.40577265678041
3818.0,496.0,220.0,580.0,426.0,202.0,660.0,496.93417099999994,220.482351,581.145965,-0.9341709999999352,-0.4823509999999942,-1.1459650000000465,1.5551764291124592,107.81465577554843
3819.0,294.0,160.0,582.0,192.0,126.0,584.0,294.625549,160.457213,582.155025,-0.6255489999999782,-0.4572129999999959,-0.15502500000002328,0.7901822760572247,107.53604047016051
3820.0,410.0,162.0,582.0,326.0,126.0,622.0,408.643511,159.25042100000002,576.859597,1.3564890000000105,2.749578999999983,5.140402999999992,5.985314535324844,99.75971130671941
3821.0,364.0,170.0,582.0,272.0,140.0,608.0,363.165565,171.187773,580.151571,0.8344349999999849,-1.1877729999999929,1.84842900000001,2.350271524057379,100.1998003990028
3822.0,408.0,298.0,586.0,322.0,296.0,630.0,409.169387,298.416713,585.7833469999999,-1.169386999999972,-0.41671300000001565,0.21665300000006482,1.2601802262164628,96.6229786334493
3823.0,436.0,152.0,588.0,354.0,118.0,646.0,436.572971,152.252497,588.154981,-0.5729709999999955,-0.2524970000000053,-0.15498100000002069,0.6450345821822299,106.03772913449251
3824.0,340.0,210.0,588.0,242.0,186.0,608.0,340.272611,209.03232300000002,588.399573,-0.2726109999999835,0.9676769999999806,-0.39957300000003215,1.0818383039895467,102.85912696499032
3825.0,324.0,150.0,590.0,224.0,114.0,604.0,324.586301,150.208817,589.263109,-0.5863009999999917,-0.20881700000001047,0.7368910000000142,0.9645526154497823,107.20074626605917
3826.0,414.0,152.0,590.0,328.0,116.0,638.0,414.268733,150.856075,588.675687,-0.26873299999999745,1.1439249999999959,1.324312999999961,1.7704764197477711,104.86181383134664
3827.0,442.0,114.0,592.0,360.0,72.0,652.0,442.3762449999999,114.469969,590.807215,-0.3762449999999262,-0.4699690000000061,1.192784999999958,1.336101499591573,109.94544101507802
3828.0,320.0,160.0,592.0,216.0,126.0,604.0,318.47907699999996,160.082281,591.459961,1.5209230000000389,-0.08228099999999472,0.5400389999999788,1.616050449834749,110.07270324653611
3829.0,376.0,142.0,594.0,280.0,104.0,630.0,374.77678099999997,141.39209900000003,594.8160349999999,1.2232190000000287,0.6079009999999698,-0.8160349999999426,1.5911384191788407,109.34349546269316
3830.0,458.0,214.0,594.0,372.0,196.0,660.0,454.915577,215.87001300000003,595.121507,3.0844230000000152,-1.8700130000000286,-1.1215069999999514,3.7773524874106057,109.89085494252923
3831.0,302.0,190.0,598.0,194.0,162.0,604.0,301.711619,189.691487,597.530725,0.2883810000000153,0.3085130000000049,0.46927500000003874,0.6313183808151385,111.73182178770737
3832.0,406.0,224.0,598.0,316.0,204.0,642.0,406.788009,222.95233100000002,595.765943,-0.7880089999999882,1.0476689999999849,2.234057000000007,2.5902855435049976,102.15674231297707
3833.0,296.0,242.0,598.0,188.0,226.0,602.0,297.113385,242.16895499999998,598.163505,-1.1133849999999939,-0.16895499999998265,-0.16350499999998647,1.1379392933170802,109.2520022699813
3834.0,318.0,250.0,598.0,212.0,236.0,610.0,317.936497,250.12904300000002,598.241047,0.06350300000002562,-0.12904300000002422,-0.24104699999998047,0.280692684384542,107.59182125050212
3835.0,324.0,232.0,602.0,218.0,216.0,616.0,323.977307,233.64207500000003,601.148263,0.02269300000000385,-1.642075000000034,0.8517369999999573,1.8499678902735146,108.11105401391663
3836.0,426.0,160.0,604.0,336.0,126.0,660.0,426.300205,158.73716100000001,603.791273,-0.3002050000000054,1.2628389999999854,0.20872699999995348,1.314706181043866,111.31936040060597
3837.0,302.0,236.0,110.0,380.0,212.0,40.0,299.98684899999995,236.391929,111.383611,2.0131510000000503,-0.39192900000000463,-1.383611000000002,2.4740179241798574,107.5174404457249
3838.0,438.0,186.0,112.0,536.0,156.0,96.0,435.27221299999997,188.978101,113.80947499999999,2.727787000000035,-2.9781010000000094,-1.809474999999992,4.425393458122703,103.73041983911952
3839.0,430.0,198.0,116.0,528.0,168.0,96.0,429.164989,198.851565,116.006327,0.8350110000000086,-0.8515649999999937,-0.006326999999998861,1.1926635528408687,104.4222198576529
3840.0,444.0,200.0,118.0,548.0,168.0,104.0,446.78831299999996,198.64342499999998,117.02538299999998,-2.7883129999999596,1.3565750000000207,0.9746170000000234,3.2503635817063414,109.70870521521982
3841.0,446.0,186.0,124.0,548.0,152.0,108.0,447.68272899999994,185.490325,119.97695900000001,-1.682728999999938,0.5096749999999872,4.023040999999992,4.390467444446743,108.70142593360954
3842.0,278.0,138.0,138.0,328.0,96.0,68.0,265.801653,141.334825,145.52000700000002,12.198347000000012,-3.334824999999995,-7.520007000000021,14.712961380805822,95.72878355019456
3843.0,456.0,226.0,140.0,548.0,204.0,136.0,455.441945,227.744465,142.246339,0.5580550000000244,-1.744464999999991,-2.246339000000006,2.8983827252747387,94.678403028357
3844.0,266.0,154.0,152.0,324.0,116.0,72.0,263.916537,157.69025700000003,149.86421900000002,2.0834629999999947,-3.690257000000031,2.13578099999998,4.745563747162093,105.86784214292837
3845.0,256.0,318.0,152.0,312.0,312.0,68.0,255.341317,318.341273,151.796655,0.6586829999999964,-0.34127300000000105,0.203345000000013,0.7692072178828024,101.13357503816425
3846.0,328.0,178.0,164.0,392.0,144.0,112.0,327.421541,179.762213,163.550767,0.5784590000000094,-1.7622130000000027,0.44923299999999244,1.908355250035751,89.19641248391103
3847.0,224.0,220.0,166.0,268.0,188.0,72.0,221.056337,216.97578499999997,165.12449900000001,2.9436629999999866,3.0242150000000265,0.8755009999999857,4.310165916156252,108.60939185908371
3848.0,226.0,208.0,174.0,272.0,180.0,84.0,227.213453,210.25651299999998,173.331923,-1.213452999999987,-2.256512999999984,0.6680770000000109,2.647762447861762,104.88088481701516
3849.0,520.0,102.0,178.0,612.0,52.0,204.0,521.4781849999999,102.07101300000001,176.966627,-1.4781849999999395,-0.07101300000000776,1.0333730000000116,1.8049746528754487,107.88883167408942
3850.0,550.0,102.0,188.0,640.0,52.0,228.0,549.480733,101.62556900000001,188.34046700000002,0.5192670000000135,0.3744309999999871,-0.34046700000001806,0.7250893525207888,110.45361017187261
3851.0,206.0,180.0,192.0,240.0,144.0,100.0,206.179501,180.75676900000002,193.72949500000001,-0.1795009999999877,-0.7567690000000198,-1.7294950000000142,1.896331427622048,104.47966309287182
3852.0,412.0,218.0,196.0,476.0,192.0,180.0,410.82712100000003,217.788901,195.034535,1.1728789999999663,0.21109899999999016,0.9654649999999947,1.5337309420712963,70.90839160494335
3853.0,210.0,176.0,204.0,240.0,136.0,116.0,210.26878099999996,174.011729,206.084991,-0.2687809999999615,1.9882709999999975,-2.0849910000000023,2.8935535705224087,101.21264743103995
3854.0,198.0,184.0,204.0,224.0,148.0,108.0,195.86351699999997,184.026217,204.144035,2.1364830000000268,-0.0262170000000026,-0.14403500000000236,2.1414931757078084,105.77334257741882
3855.0,242.0,106.0,208.0,276.0,52.0,132.0,241.639577,104.816781,208.338899,0.3604229999999973,1.183218999999994,-0.33889899999999784,1.2824837126026134,99.23708984044222
3856.0,258.0,114.0,212.0,292.0,64.0,144.0,257.304697,114.41159300000001,213.623711,0.695303000000024,-0.41159300000001053,-1.623710999999986,1.8136406675466328,90.9945053286186
3857.0,488.0,148.0,216.0,560.0,106.0,236.0,489.88670099999996,146.205969,215.878701,-1.8867009999999595,1.7940309999999897,0.12129899999999338,2.6063195007064675,85.72047596694736
3858.0,242.0,102.0,222.0,272.0,48.0,148.0,242.656973,101.37035300000001,221.773207,-0.6569729999999936,0.6296469999999914,0.22679299999998648,0.9378187096592682,96.39502061828712
3859.0,220.0,170.0,230.0,244.0,132.0,148.0,221.66540099999997,170.32799699999998,229.874083,-1.6654009999999744,-0.3279969999999821,0.12591699999998696,1.7020568773395617,93.50935782048768
3860.0,172.0,208.0,230.0,188.0,180.0,128.0,173.38297699999998,210.19678499999998,229.35655500000001,-1.3829769999999826,-2.196784999999977,0.6434449999999856,2.674417915505883,106.97663296253066
3861.0,196.0,188.0,234.0,212.0,152.0,144.0,195.940105,186.93631299999998,235.27840700000002,0.05989500000001158,1.0636870000000158,-1.2784070000000156,1.664133979775389,98.24459272652109
3862.0,374.0,290.0,234.0,420.0,280.0,212.0,376.43783299999996,289.794269,235.319631,-2.437832999999955,0.20573100000001432,-1.319630999999987,2.7797087898574473,51.96152422706632
3863.0,230.0,150.0,240.0,248.0,108.0,164.0,228.71693299999998,150.455625,241.033083,1.2830670000000168,-0.4556249999999977,-1.0330830000000049,1.709127131609305,88.67919710958145
3864.0,252.0,98.0,248.0,272.0,44.0,180.0,250.94516500000003,97.708993,246.601883,1.0548349999999687,0.29100699999999335,1.3981170000000134,1.775413500276194,89.10667763978185
3865.0,178.0,144.0,256.0,184.0,100.0,164.0,178.908997,144.261097,257.58797100000004,-0.9089969999999994,-0.2610970000000066,-1.5879710000000387,1.848269213685908,102.15674231297707
3866.0,230.0,112.0,258.0,244.0,60.0,180.0,229.33234499999998,110.97055700000001,254.035883,0.6676550000000248,1.0294429999999863,3.9641169999999875,4.149667417873739,94.78396488858229
3867.0,170.0,140.0,260.0,172.0,96.0,164.0,169.54716900000003,141.051973,260.66749500000003,0.4528309999999749,-1.0519730000000038,-0.6674950000000308,1.325614077442989,105.62196741208714
3868.0,158.0,116.0,262.0,160.0,68.0,164.0,159.96607699999998,118.185409,263.51165100000003,-1.9660769999999843,-2.185409000000007,-1.511651000000029,3.305534754470304,109.14210919713803
3869.0,176.0,144.0,268.0,178.0,100.0,174.0,176.84783499999998,144.174305,266.918567,-0.847834999999975,-0.17430500000000393,1.081433000000004,1.3851728245020432,103.80751417888784
3870.0,148.0,140.0,272.0,140.0,92.0,172.0,146.72438499999998,137.858429,275.161915,1.2756150000000162,2.141570999999999,-3.161915000000022,4.026316734124524,111.21151019566275
3871.0,156.0,156.0,276.0,152.0,116.0,176.0,157.30952499999998,157.40061300000002,275.387019,-1.3095249999999794,-1.4006130000000212,0.6129809999999907,2.0130370607008192,107.77754868245984
3872.0,166.0,204.0,282.0,160.0,172.0,188.0,167.159773,203.07880899999998,283.182507,-1.1597730000000013,0.9211910000000216,-1.1825069999999869,1.8952543562960125,99.4786409235671
3873.0,456.0,242.0,284.0,496.0,220.0,300.0,457.842829,239.166521,283.36585099999996,-1.8428289999999947,2.833479000000011,0.6341490000000363,3.439006676481319,48.373546489791295
3874.0,344.0,260.0,284.0,364.0,244.0,256.0,344.03745699999996,260.091777,283.714123,-0.03745699999996077,-0.09177699999997913,0.2858770000000277,0.3025751207667429,37.94733192202055
3875.0,208.0,146.0,290.0,208.0,104.0,212.0,210.083213,146.825425,288.691551,-2.0832130000000006,-0.8254249999999956,1.308448999999996,2.594829786247064,88.58893836140041
3876.0,478.0,302.0,296.0,516.0,296.0,324.0,480.322857,301.014381,297.564191,-2.322856999999999,0.9856189999999856,-1.564190999999994,2.9688049683485356,47.58150901348127
3877.0,432.0,244.0,310.0,456.0,228.0,320.0,432.034597,245.702021,309.382587,-0.03459700000001931,-1.702021000000002,0.6174129999999991,1.8108758238540286,30.528675044947494
3878.0,126.0,248.0,314.0,98.0,228.0,206.0,124.173419,249.076305,313.833447,1.8265810000000045,-1.0763049999999907,0.1665530000000217,2.126633608404373,113.34901852243803
3879.0,134.0,78.0,330.0,104.0,20.0,232.0,133.699621,78.365357,330.439387,0.3003789999999924,-0.36535700000000304,-0.43938700000001063,0.6455805270134835,117.76247280012423
3880.0,432.0,296.0,332.0,452.0,280.0,344.0,435.644793,288.026673,329.583063,-3.644792999999993,7.973326999999983,2.4169370000000185,9.093956450508589,28.284271247461902
3881.0,122.0,154.0,350.0,80.0,114.0,248.0,120.070205,155.29866900000002,350.032701,1.9297949999999986,-1.298669000000018,-0.032700999999974556,2.3263102262998028,117.33712115098103
3882.0,396.0,238.0,352.0,400.0,216.0,356.0,397.77230099999997,235.75324900000004,351.795471,-1.7723009999999704,2.2467509999999606,0.20452899999997953,2.868932380249264,22.715633383201094
3883.0,104.0,150.0,356.0,60.0,108.0,248.0,104.473249,150.496169,355.171779,-0.4732489999999956,-0.49616900000000896,0.828220999999985,1.0752201250920577,123.95160345876934
3884.0,474.0,260.0,356.0,484.0,244.0,392.0,472.6704249999999,257.783857,358.215195,1.3295750000000908,2.216142999999988,-2.2151949999999943,3.4038431757498997,40.64480286580315
3885.0,454.0,174.0,360.0,464.0,144.0,388.0,455.174093,176.03785700000003,359.323927,-1.1740930000000276,-2.037857000000031,0.676072999999974,2.4471269330435548,42.23742416388575
3886.0,462.0,160.0,364.0,472.0,124.0,396.0,463.28941299999997,159.515633,363.265595,-1.2894129999999677,0.4843669999999918,0.7344049999999811,1.560944579183669,49.193495504995376
3887.0,112.0,162.0,364.0,64.0,124.0,260.0,110.849629,163.43433700000003,363.614571,1.150371000000007,-1.4343370000000277,0.3854289999999878,1.8786249176594796,120.68139873236471
3888.0,166.0,172.0,366.0,124.0,140.0,284.0,163.86577699999998,175.914877,366.82865100000004,2.13422300000002,-3.91487699999999,-0.8286510000000362,4.535177198154342,97.52948272189288
3889.0,174.0,240.0,368.0,134.0,220.0,290.0,173.92861499999998,241.311537,369.676983,0.07138500000002068,-1.311536999999987,-1.676983000000007,2.130140160384521,89.91106717195609
3890.0,604.0,306.0,378.0,628.0,306.0,464.0,603.870921,306.893665,377.350989,0.12907900000004702,-0.8936649999999986,0.6490109999999731,1.111986420145037,89.28605714219886
3891.0,474.0,174.0,382.0,476.0,144.0,420.0,472.824113,175.585621,381.073079,1.1758869999999888,-1.5856210000000033,0.926920999999993,2.1808454169543907,48.45616575834287
3892.0,606.0,134.0,384.0,628.0,92.0,476.0,605.037593,131.470405,384.57775499999997,0.9624069999999847,2.5295950000000005,-0.5777549999999678,2.7674679650718517,103.49879226348489
3893.0,468.0,276.0,388.0,468.0,268.0,424.0,468.780713,277.145665,387.476803,-0.7807129999999916,-1.1456650000000081,0.5231969999999819,1.4818219128501868,36.87817782917155
3894.0,170.0,276.0,390.0,118.0,264.0,310.0,167.099847,277.198965,389.809267,2.900152999999989,-1.198964999999987,0.1907330000000229,3.1440075655002664,96.16652224137046
3895.0,526.0,202.0,394.0,532.0,176.0,456.0,525.999785,201.04907300000002,394.809119,0.00021500000002561137,0.9509269999999788,-0.8091190000000097,1.2485734907144934,67.49814812274482
3896.0,404.0,164.0,398.0,392.0,132.0,416.0,406.396901,166.274853,399.678171,-2.396901000000014,-2.2748530000000073,-1.6781710000000203,3.7062580159307807,38.62641583165593
3897.0,464.0,274.0,398.0,456.0,264.0,436.0,462.540661,273.792121,399.881791,1.459339,0.20787899999999127,-1.881791000000021,2.390401925041702,40.099875311526844
3898.0,530.0,288.0,398.0,532.0,280.0,460.0,527.9905210000001,286.183173,398.93753499999997,2.009478999999942,1.8168269999999893,-0.9375349999999685,2.86667718370846,62.545983084447556
3899.0,462.0,218.0,408.0,452.0,196.0,448.0,461.932761,217.973993,409.579963,0.0672389999999723,0.026006999999992786,-1.5799630000000207,1.5816069450211268,46.73328578219169
3900.0,484.0,230.0,408.0,472.0,212.0,452.0,478.66166899999996,230.918953,407.64744299999995,5.338331000000039,-0.9189529999999877,0.3525570000000471,5.42830995062178,49.03060268852505
3901.0,510.0,280.0,408.0,512.0,276.0,464.0,513.452429,282.970653,407.20471499999996,-3.452429000000052,-2.970653000000027,0.7952850000000353,4.6234752597667885,56.178287620752556
3902.0,592.0,190.0,410.0,604.0,164.0,500.0,593.288369,190.288117,410.172291,-1.2883689999999888,-0.28811699999999973,-0.17229099999997288,1.331386598449512,94.44575162494075
3903.0,582.0,188.0,412.0,596.0,168.0,496.0,586.067465,193.657241,409.18219899999997,-4.06746499999997,-5.657240999999999,2.8178010000000313,7.515893142794602,87.47571091451616
3904.0,204.0,300.0,412.0,152.0,292.0,352.0,204.70350899999997,299.437013,413.886523,-0.7035089999999684,0.562987000000021,-1.886523000000011,2.090657385794961,79.79974937304002
3905.0,586.0,88.0,414.0,596.0,40.0,504.0,586.979241,88.721281,414.14387899999997,-0.9792410000000018,-0.7212810000000047,-0.1438789999999699,1.2246878719424805,102.48902380255166
3906.0,450.0,224.0,414.0,436.0,204.0,448.0,449.572137,224.61596100000003,413.816755,0.4278630000000021,-0.6159610000000271,0.18324499999999944,0.7720449665110414,41.8568990729127
3907.0,460.0,254.0,416.0,448.0,240.0,456.0,461.30750099999995,253.93872500000003,417.26803099999995,-1.3075009999999452,0.06127499999996644,-1.2680309999999508,1.822420398148223,44.04543109109048
3908.0,568.0,160.0,420.0,568.0,124.0,500.0,564.9470769999999,157.727065,419.136267,3.052923000000078,2.2729349999999897,0.8637330000000247,3.9028972640134243,87.72684879784524
3909.0,464.0,282.0,420.0,448.0,272.0,460.0,462.64044499999994,280.100505,420.690343,1.3595550000000571,1.8994950000000017,-0.6903429999999844,2.435784167511387,44.22668877499196
3910.0,436.0,256.0,422.0,412.0,240.0,452.0,432.29105699999997,254.18821300000002,423.515799,3.7089430000000334,1.8117869999999812,-1.5157990000000154,4.397326110151398,41.617304093369626
3911.0,556.0,310.0,422.0,556.0,312.0,492.0,555.2581769999999,311.873741,417.881759,0.7418230000000676,-1.8737409999999954,4.118241000000012,4.584879020485839,70.02856560004639
3912.0,590.0,144.0,424.0,580.0,116.0,524.0,580.442825,150.818629,434.58998699999995,9.55717500000003,-6.818628999999987,-10.589986999999951,15.810791254090805,104.32641084595981
3913.0,424.0,170.0,424.0,404.0,136.0,452.0,425.124057,169.05071700000002,424.575039,-1.1240569999999934,0.9492829999999799,-0.5750390000000039,1.5796557235229933,48.373546489791295
3914.0,512.0,282.0,424.0,504.0,276.0,480.0,511.39794100000006,282.822837,421.717835,0.6020589999999402,-0.8228369999999927,2.2821650000000204,2.499562532779488,56.88585061331157
3915.0,570.0,160.0,426.0,572.0,128.0,512.0,571.2138249999999,160.83651300000002,427.461375,-1.2138249999999289,-0.8365130000000249,-1.4613749999999754,2.0757509533705623,91.78235124467012
3916.0,376.0,162.0,426.0,344.0,128.0,432.0,373.221589,163.07451700000001,424.547903,2.7784110000000055,-1.0745170000000144,1.4520969999999807,3.314021750927264,47.07440918375928
3917.0,460.0,212.0,426.0,444.0,188.0,464.0,459.805185,211.27369700000003,424.014627,0.1948150000000055,0.726302999999973,1.9853729999999814,2.1230108057103454,47.70744176750625
3918.0,508.0,180.0,428.0,500.0,152.0,488.0,509.2378329999999,181.18548900000002,427.758327,-1.2378329999999096,-1.1854890000000182,0.2416729999999916,1.7309016563452746,66.69332800213226
3919.0,482.0,262.0,428.0,468.0,248.0,476.0,482.125689,260.138645,427.691007,-0.1256890000000226,1.8613550000000032,0.30899299999998675,1.8910094750674862,51.92301994298868
3920.0,438.0,202.0,434.0,416.0,176.0,468.0,438.977149,201.55344100000002,434.282519,-0.9771489999999972,0.4465589999999793,-0.2825189999999793,1.110878973625374,48.12483766206386
3921.0,494.0,286.0,434.0,480.0,280.0,488.0,494.865101,286.13702900000004,434.211543,-0.8651009999999815,-0.13702900000004092,-0.21154300000000603,0.9010699905617663,56.10704055642215
3922.0,446.0,216.0,436.0,428.0,192.0,472.0,449.489201,214.54314499999998,434.429167,-3.48920099999998,1.4568550000000187,1.5708329999999933,4.094443359397574,46.861498055439924
3923.0,602.0,120.0,438.0,604.0,80.0,536.0,601.8862730000001,121.05381700000001,437.32489499999997,0.11372699999992619,-1.0538170000000093,0.6751050000000305,1.2566745247052014,105.86784214292837
3924.0,402.0,178.0,438.0,372.0,148.0,460.0,402.44744899999995,178.962133,439.226371,-0.44744899999994914,-0.9621329999999944,-1.226370999999972,1.6216955160975426,47.791212581394085
3925.0,494.0,182.0,440.0,476.0,152.0,496.0,492.668449,181.223441,440.212807,1.3315509999999904,0.7765589999999918,-0.21280699999999797,1.5560715810434174,66.03029607687671
3926.0,446.0,192.0,440.0,424.0,164.0,480.0,448.206149,191.535557,441.41113099999995,-2.206148999999982,0.4644429999999886,-1.4111309999999548,2.6597164152613684,53.55371135598354
3927.0,538.0,306.0,440.0,524.0,300.0,512.0,535.484081,301.983297,441.62318700000003,2.5159190000000535,4.016703000000007,-1.62318700000003,5.009839063456972,73.59347797189639
3928.0,466.0,254.0,450.0,440.0,240.0,492.0,464.455973,253.550209,447.32359099999996,1.5440270000000282,0.4497910000000047,2.676409000000035,3.122418366537591,51.34199061197374
3929.0,474.0,268.0,450.0,452.0,260.0,500.0,476.045161,269.768013,450.61795499999994,-2.0451610000000073,-1.7680129999999963,-0.6179549999999381,2.7731609881351895,55.20869496736904
3930.0,468.0,296.0,450.0,444.0,292.0,496.0,469.080065,296.07081700000003,449.902459,-1.0800649999999905,-0.07081700000003366,0.09754099999997834,1.086770306180188,52.03844732503075
3931.0,464.0,270.0,454.0,436.0,260.0,500.0,463.611449,269.857501,454.776291,0.38855100000000675,0.1424989999999866,-0.7762910000000147,0.8797190240542854,54.772255750516614
3932.0,570.0,310.0,454.0,556.0,308.0,540.0,567.708737,308.01982100000004,455.14438699999994,2.291262999999958,1.9801789999999642,-1.1443869999999379,3.2373780460394985,87.1550342780037
3933.0,556.0,240.0,456.0,544.0,228.0,540.0,557.6525730000001,242.562137,457.47857899999997,-1.652573000000075,-2.562137000000007,-1.478578999999968,3.388471541320539,85.6971411425142
3934.0,590.0,144.0,460.0,572.0,104.0,564.0,584.522257,140.553253,467.636351,5.477743000000032,3.446746999999988,-7.636350999999991,10.009974518012477,112.8716084761797
3935.0,498.0,200.0,460.0,476.0,176.0,520.0,499.131265,200.592041,459.099103,-1.1312649999999849,-0.5920409999999947,0.9008969999999863,1.5626542965464034,68.26419266350405
3936.0,362.0,170.0,462.0,320.0,140.0,472.0,365.086573,172.556069,461.987971,-3.086572999999987,-2.556069000000008,0.01202899999998408,4.007563638163586,52.57375771237966
3937.0,372.0,242.0,462.0,332.0,228.0,476.0,376.256417,244.51809300000002,462.840723,-4.256416999999999,-2.5180930000000217,-0.8407230000000254,5.016442284853594,44.63182720884279
3938.0,570.0,250.0,462.0,556.0,240.0,548.0,569.1686729999999,252.227461,460.694487,0.8313270000001012,-2.2274610000000052,1.305513000000019,2.712388482614399,87.7040477971228
3939.0,508.0,306.0,462.0,484.0,304.0,528.0,508.598713,305.290697,464.492207,-0.5987129999999752,0.7093029999999771,-2.4922070000000076,2.6594480128453304,70.25667228100119
3940.0,458.0,170.0,466.0,416.0,136.0,516.0,451.098813,168.21336100000002,471.192095,6.901186999999993,1.7866389999999797,-5.192094999999995,8.819087901496093,73.62064927722385
3941.0,596.0,260.0,466.0,590.0,246.0,564.0,599.807495,256.759099,464.350817,-3.807495000000017,3.240901000000008,1.6491829999999936,5.265003517027806,99.1766101457395
3942.0,504.0,326.0,468.0,476.0,324.0,528.0,502.564577,321.716641,466.767515,1.4354230000000143,4.283359000000019,1.232484999999997,4.68258718947498,66.24198064671678
3943.0,468.0,180.0,470.0,440.0,152.0,524.0,471.97674099999995,181.087809,471.328479,-3.9767409999999472,-1.087808999999993,-1.3284790000000157,4.331587913802813,66.96267617113283
3944.0,478.0,208.0,478.0,444.0,184.0,536.0,478.49929699999996,207.13093700000002,479.928183,-0.4992969999999559,0.8690629999999828,-1.92818299999999,2.173121642629995,71.386273190299
3945.0,552.0,292.0,478.0,528.0,288.0,560.0,550.969981,291.554525,477.76777500000003,1.0300190000000384,0.44547499999998763,0.23222499999997126,1.145999810912312,85.53361912137238
3946.0,400.0,146.0,480.0,352.0,108.0,508.0,399.026973,145.733913,481.33386699999994,0.9730270000000019,0.26608699999999885,-1.333866999999941,1.672359114540548,67.32013071882734
3947.0,476.0,218.0,480.0,440.0,196.0,536.0,475.500501,216.982029,481.08545100000003,0.49949900000001435,1.0179709999999886,-1.0854510000000346,1.5697031825294445,70.11419257183242
3948.0,576.0,158.0,486.0,556.0,128.0,580.0,576.4701769999999,160.107621,484.4640069999999,-0.47017699999992146,-2.1076209999999946,1.5359930000000759,2.6499824880589564,100.67770358922576
3949.0,378.0,252.0,486.0,324.0,236.0,504.0,377.396793,250.77833700000002,486.75776299999995,0.6032069999999976,1.2216629999999782,-0.7577629999999544,1.5590137698515927,59.12698199637793
3950.0,186.0,284.0,486.0,100.0,276.0,428.0,183.919017,285.708229,486.305475,2.0809830000000034,-1.708229000000017,-0.3054750000000013,2.7095851229210486,104.03845442911962
3951.0,524.0,190.0,488.0,492.0,172.0,556.0,520.8937609999999,196.793053,482.877931,3.1062390000000732,-6.793052999999986,5.12206900000001,9.057034869464255,77.27871634544663
3952.0,464.0,196.0,490.0,424.0,168.0,544.0,464.892165,194.041557,491.18616699999995,-0.8921649999999772,1.9584429999999884,-1.186166999999955,2.4573256852445926,72.80109889280519
3953.0,466.0,86.0,492.0,424.0,36.0,548.0,464.72680499999996,85.877497,493.000131,1.2731950000000438,0.1225029999999947,-1.0001310000000103,1.623666994859208,86.02325267042627
3954.0,484.0,204.0,492.0,444.0,180.0,552.0,482.625121,203.66213700000003,492.322907,1.3748790000000213,0.33786299999997027,-0.3229069999999865,1.4521406963717496,76.0
3955.0,330.0,184.0,494.0,264.0,152.0,496.0,327.921765,182.409157,495.31075899999996,2.0782350000000065,1.5908430000000067,-1.3107589999999618,2.927102888856992,73.37574531137656
3956.0,430.0,212.0,494.0,384.0,192.0,532.0,430.905373,214.067137,492.49191099999996,-0.9053729999999973,-2.0671370000000024,1.5080890000000409,2.714238028953822,62.928530890209096
3957.0,400.0,218.0,494.0,348.0,196.0,524.0,400.884881,217.641005,495.67041900000004,-0.8848810000000071,0.35899499999999307,-1.670419000000038,1.9241079568847312,63.93746945258312
3958.0,440.0,178.0,496.0,390.0,150.0,540.0,437.265487,179.536779,496.737617,2.7345129999999926,-1.5367789999999957,-0.7376170000000002,3.222317470501463,72.24956747275377
3959.0,414.0,256.0,496.0,360.0,240.0,528.0,411.65274099999993,253.564389,496.09166300000004,2.347259000000065,2.4356109999999944,-0.09166300000003957,3.383818532659706,64.77653896280658
3960.0,468.0,234.0,498.0,424.0,216.0,552.0,467.41187699999995,233.260157,497.873879,0.5881230000000528,0.7398430000000076,0.12612100000001192,0.9535003064598754,71.9444229944198
3961.0,438.0,244.0,500.0,388.0,228.0,544.0,437.464473,243.386505,501.130843,0.5355270000000019,0.6134950000000003,-1.1308430000000271,1.3935462580779527,68.49817515817483
3962.0,378.0,294.0,500.0,324.0,292.0,516.0,381.03018499999996,296.501277,496.632419,-3.0301849999999604,-2.501277000000016,3.367580999999973,5.1748439161499995,56.356011214421486
3963.0,498.0,182.0,502.0,456.0,156.0,568.0,495.893509,183.745021,501.402739,2.1064910000000054,-1.7450210000000084,0.5972610000000032,2.799843446631089,82.4378553820998
3964.0,328.0,180.0,506.0,260.0,148.0,508.0,327.898569,179.010869,505.636579,0.10143099999999095,0.9891309999999862,0.36342100000001665,1.058651598101558,75.17978451685
3965.0,408.0,218.0,506.0,352.0,196.0,540.0,408.15567699999997,217.42607300000003,507.064787,-0.15567699999996876,0.5739269999999692,-1.064787000000024,1.2195896379631166,69.10861017268398
3966.0,488.0,296.0,506.0,444.0,292.0,568.0,487.810721,295.204297,505.855243,0.1892789999999991,0.7957030000000032,0.1447570000000269,0.8306168750386742,76.13146524269712
3967.0,570.0,316.0,506.0,542.0,320.0,602.0,573.068047,317.180673,507.082179,-3.0680469999999787,-1.180673000000013,-1.0821789999999964,3.460926539985917,100.07996802557443
3968.0,476.0,200.0,508.0,432.0,180.0,572.0,478.502797,203.48855300000002,510.984099,-2.502796999999987,-3.4885530000000244,-2.9840990000000147,5.228655821415213,80.19975062305369
3969.0,420.0,212.0,508.0,364.0,188.0,548.0,419.489057,210.710197,510.084555,0.5109429999999975,1.2898030000000063,-2.084555000000023,2.5040016126358844,72.8834686331544
3970.0,354.0,228.0,508.0,288.0,208.0,520.0,353.327501,227.85344500000002,508.273375,0.6724990000000162,0.146554999999978,-0.27337499999998727,0.7405856896072246,70.0
3971.0,502.0,248.0,508.0,460.0,232.0,576.0,501.77745699999997,245.874929,507.325463,0.22254300000003013,2.1250709999999913,0.6745369999999866,2.2406365850487573,81.51073548925933
3972.0,482.0,254.0,508.0,436.0,244.0,572.0,482.195929,255.88602100000003,510.57216300000005,-0.19592899999997826,-1.886021000000028,-2.572163000000046,3.195541563499266,79.44809626416482
3973.0,428.0,140.0,510.0,376.0,100.0,548.0,428.01037299999996,138.56580100000002,506.10278700000003,-0.010372999999958665,1.4341989999999782,3.897212999999965,4.1527465053984045,75.81556568409947
3974.0,392.0,154.0,510.0,332.0,120.0,540.0,391.919201,155.289373,511.517375,0.08079900000001317,-1.2893730000000119,-1.5173750000000155,1.992846733232408,75.20638270785267
3975.0,378.0,186.0,510.0,316.0,156.0,532.0,377.733201,184.961301,509.811787,0.2667989999999918,1.0386990000000083,0.18821300000001884,1.0888073531947788,72.30490993010088
3976.0,478.0,252.0,510.0,432.0,240.0,568.0,478.010365,252.680293,508.464031,-0.010364999999978863,-0.680293000000006,1.5359690000000228,1.6799127263149944,74.9933330370107
3977.0,532.0,292.0,512.0,492.0,288.0,592.0,531.318865,291.37075300000004,511.991935,0.6811350000000402,0.6292469999999639,0.008064999999987776,0.9273412098354139,89.53211714239757
3978.0,568.0,262.0,514.0,532.0,252.0,608.0,566.236617,261.468313,513.6769949999999,1.7633829999999762,0.5316869999999767,0.32300500000008014,1.8699045164614538,101.15334893121434
3979.0,512.0,146.0,518.0,468.0,112.0,592.0,511.06036100000006,147.35042500000003,516.503407,0.9396389999999428,-1.3504250000000297,1.4965929999999616,2.2240413077537156,92.56349172324907
3980.0,406.0,158.0,518.0,344.0,124.0,556.0,405.443397,158.305937,520.871803,0.5566029999999955,-0.3059370000000001,-2.871803,2.9411998943266324,80.2745289615579
3981.0,398.0,252.0,518.0,332.0,232.0,540.0,392.942433,247.024093,512.615759,5.057567000000006,4.9759070000000065,5.3842409999999745,8.906665233308079,72.38784428341543
3982.0,570.0,308.0,518.0,532.0,304.0,608.0,566.711689,304.059433,514.186959,3.2883110000000215,3.9405669999999873,3.8130409999999983,6.393773469704024,97.77525249264254
3983.0,538.0,200.0,520.0,496.0,180.0,604.0,536.562381,202.74548100000004,519.218659,1.4376190000000406,-2.7454810000000407,0.7813409999999976,3.1960769810508847,96.02083107326243
3984.0,394.0,286.0,520.0,328.0,278.0,546.0,391.81514899999996,284.65101500000003,518.769197,2.1848510000000374,1.3489849999999706,1.2308030000000372,2.847491957360929,71.386273190299
3985.0,432.0,190.0,522.0,376.0,164.0,564.0,432.757445,190.793081,519.164387,-0.7574450000000184,-0.7930810000000008,2.8356129999999666,3.040296282659774,74.67261881037788
3986.0,428.0,214.0,522.0,368.0,192.0,564.0,426.796397,213.771505,521.518151,1.2036029999999869,0.22849500000000944,0.4818490000000111,1.3164530395859106,76.47221717722064
3987.0,420.0,232.0,524.0,360.0,212.0,564.0,420.76226099999997,230.197449,523.793459,-0.7622609999999668,1.802550999999994,0.20654100000001563,1.967966240666474,74.83314773547883
3988.0,472.0,130.0,526.0,420.0,92.0,588.0,472.53591299999994,131.28582899999998,525.673787,-0.5359129999999368,-1.2858289999999784,0.3262130000000525,1.4307249498694399,89.39798655450804
3989.0,370.0,232.0,528.0,296.0,212.0,552.0,367.905637,230.69982100000004,531.1013389999999,2.094362999999987,1.3001789999999573,-3.101338999999939,3.961707384541475,80.32434251209281
3990.0,426.0,190.0,530.0,364.0,164.0,572.0,425.513345,190.763917,528.500115,0.48665499999998474,-0.7639169999999922,1.4998849999999493,1.752157893895074,79.27168473042566
3991.0,518.0,246.0,530.0,468.0,232.0,608.0,516.319049,245.445065,530.114199,1.68095100000005,0.5549350000000004,-0.11419899999998506,1.7738631655872346,93.70165420097983
3992.0,558.0,270.0,530.0,512.0,264.0,620.0,553.925885,271.264473,528.3180629999999,4.074115000000006,-1.2644730000000095,1.6819370000000617,4.585435319893116,101.25216047077711
3993.0,468.0,196.0,534.0,408.0,168.0,596.0,465.986149,193.505225,535.754847,2.0138509999999883,2.494775000000004,-1.7548470000000407,3.654994684570022,90.70832376358854
3994.0,496.0,170.0,536.0,444.0,140.0,608.0,496.827969,170.225777,535.4494589999999,-0.827968999999996,-0.22577699999999368,0.5505410000000666,1.0196093915667233,93.74433316206373
3995.0,376.0,234.0,538.0,300.0,216.0,564.0,374.172385,233.80926899999997,539.426447,1.8276149999999802,0.19073100000002796,-1.4264470000000529,2.3262213880873612,82.3164625090267
3996.0,448.0,268.0,538.0,388.0,256.0,592.0,450.207385,265.742505,538.707295,-2.207384999999988,2.257495000000006,-0.7072950000000446,3.235598620081767,81.60882305241266
3997.0,412.0,140.0,540.0,344.0,100.0,580.0,411.46768499999996,138.35965700000003,539.287363,0.5323150000000396,1.640342999999973,0.7126369999999724,1.8659946169919446,88.45337754998393
3998.0,452.0,250.0,542.0,388.0,236.0,596.0,451.065257,249.31316499999997,541.619643,0.9347430000000259,0.6868350000000305,0.3803570000000036,1.220720377778258,84.8999411071645
3999.0,488.0,308.0,542.0,428.0,308.0,608.0,485.929105,307.917345,541.255371,2.0708950000000073,0.08265499999998838,0.7446290000000317,2.2022511886002185,89.19641248391103
4000.0,528.0,120.0,546.0,484.0,88.0,632.0,533.6807289999999,127.122097,543.194583,-5.680728999999928,-7.122096999999997,2.805417000000034,9.53232984074399,101.76443386566841
4001.0,356.0,284.0,548.0,276.0,272.0,560.0,354.992841,279.85900100000003,543.104655,1.0071590000000015,4.140998999999965,4.89534500000002,6.490504189838176,81.78019320104349
4002.0,468.0,234.0,552.0,412.0,220.0,612.0,473.73201700000004,235.881413,547.659179,-5.732017000000042,-1.881413000000009,4.340821000000005,7.432258117079867,83.2586331859946
4003.0,504.0,260.0,552.0,444.0,252.0,628.0,503.054161,261.719797,552.090283,0.9458389999999781,-1.7197970000000282,-0.09028299999999945,1.9648063912810991,97.15966241192895
4004.0,450.0,266.0,552.0,384.0,256.0,608.0,451.261325,265.572317,552.180831,-1.2613249999999994,0.4276830000000018,-0.18083100000001195,1.3440808586818742,87.13208364316786
4005.0,316.0,208.0,556.0,224.0,184.0,560.0,313.779309,208.07255700000002,555.756231,2.220690999999988,-0.07255700000001752,0.24376900000004298,2.235208348474694,95.16301802696255
4006.0,374.0,242.0,558.0,292.0,224.0,584.0,373.23157699999996,240.165793,557.126511,0.7684230000000412,1.8342069999999921,0.8734889999999496,2.172043337251572,87.88629017087932
4007.0,502.0,306.0,560.0,436.0,304.0,632.0,498.35296900000003,304.307521,557.787903,3.64703099999997,1.6924789999999916,2.2120969999999716,4.588975203442554,97.6933979345585
4008.0,330.0,184.0,562.0,244.0,156.0,576.0,333.228009,184.83445700000001,562.717667,-3.228008999999986,-0.8344570000000147,-0.7176670000000058,3.4104847913191083,91.52048950918041
4009.0,494.0,180.0,564.0,432.0,152.0,640.0,495.93705299999993,179.736493,563.553799,-1.9370529999999349,0.26350700000000415,0.44620099999997365,2.005169717569744,102.0
4010.0,494.0,122.0,566.0,438.0,88.0,648.0,502.09617499999996,127.186815,567.583751,-8.09617499999996,-5.186814999999996,-1.5837510000000066,9.744709677812383,104.95713410721541
4011.0,402.0,212.0,568.0,324.0,192.0,608.0,404.05020099999996,213.48805699999997,567.146943,-2.0502009999999586,-1.4880569999999693,0.8530570000000353,2.6730776309151216,89.91106717195609
4012.0,412.0,254.0,570.0,332.0,240.0,612.0,411.746177,252.71005300000002,568.646999,0.25382300000001123,1.2899469999999837,1.3530009999999493,1.8865314956657433,91.43303560529968
4013.0,488.0,164.0,574.0,420.0,132.0,648.0,488.51023299999997,163.326129,572.693387,-0.5102329999999711,0.6738709999999912,1.3066129999999703,1.5561739525833482,105.47037498748168
4014.0,324.0,236.0,574.0,228.0,216.0,584.0,323.423641,233.97126500000002,573.6813989999999,0.5763590000000249,2.0287349999999833,0.31860100000005787,2.1329467865624303,98.56977224281286
4015.0,368.0,264.0,578.0,276.0,252.0,604.0,366.25663299999997,262.948261,577.101883,1.7433670000000347,1.0517389999999978,0.8981169999999565,2.225330889216037,96.35351576356723
4016.0,460.0,288.0,578.0,384.0,284.0,640.0,459.841869,288.120877,577.323331,0.15813100000002578,-0.12087700000000723,0.6766689999999471,0.7053350961429173,98.16312953446422
4017.0,492.0,252.0,580.0,420.0,240.0,656.0,491.57810499999994,251.688329,579.969519,0.4218950000000632,0.3116709999999898,0.030481000000008862,0.5254172576410557,105.37551897855593
4018.0,328.0,198.0,582.0,232.0,172.0,596.0,329.251861,197.765833,581.535771,-1.2518610000000194,0.23416700000001356,0.46422900000004574,1.3555436959578608,100.43903623591775
4019.0,440.0,10.0,584.0,238.0,316.0,638.0,346.156303,315.171445,614.027727,93.84369700000002,-305.171445,-30.027727000000027,320.68351173517226,370.6157039306349
4020.0,404.0,174.0,586.0,316.0,144.0,628.0,402.597777,173.977221,584.297815,1.4022229999999922,0.022779000000014094,1.7021849999999858,2.205489061136992,102.0196059588548
4021.0,420.0,208.0,586.0,336.0,184.0,636.0,420.58654099999995,206.53148099999999,585.709151,-0.5865409999999542,1.4685190000000148,0.29084899999998015,1.6078468642389356,100.65783625729296
4022.0,418.0,210.0,586.0,336.0,188.0,632.0,419.58249300000006,209.855861,582.639891,-1.5824930000000563,0.14413899999999558,3.360108999999966,3.7169063262679822,96.56086163658648
4023.0,490.0,314.0,588.0,416.0,316.0,664.0,491.245197,313.862981,587.971411,-1.2451970000000188,0.13701900000000933,0.028589000000010856,1.2530391478685132,106.09429767899876
4024.0,438.0,206.0,596.0,352.0,180.0,656.0,438.18666899999994,202.925053,597.054027,-0.18666899999993802,3.0749470000000088,-1.0540270000000191,3.2559357003938314,108.03703068855604
4025.0,428.0,228.0,606.0,328.0,208.0,660.0,420.832501,225.94482500000004,606.674615,7.167499000000021,2.055174999999963,-0.6746150000000171,7.4867811236773285,115.39497389401325
4026.0,312.0,172.0,108.0,412.0,136.0,40.0,324.159937,173.96439300000003,102.321607,-12.159937000000014,-1.9643930000000296,5.678393,13.563445534408558,126.17448236470004
4027.0,304.0,236.0,112.0,384.0,212.0,40.0,303.09527699999995,236.369557,110.344027,0.9047230000000468,-0.36955699999998615,1.655973000000003,1.9228475393819149,110.27239001672177
4028.0,304.0,204.0,116.0,384.0,172.0,48.0,304.811021,203.510877,116.168723,-0.8110209999999825,0.4891230000000064,-0.16872299999999996,0.9620103025950283,109.76338187209795
4029.0,260.0,148.0,124.0,332.0,104.0,40.0,261.699025,148.20191300000002,122.799463,-1.699025000000006,-0.20191300000001888,1.200536999999997,2.090154037042012,119.06300852909773
4030.0,272.0,316.0,132.0,340.0,312.0,52.0,272.937945,318.377229,132.085615,-0.9379450000000134,-2.377229,-0.08561499999999,2.5570077179568744,105.07140429250958
4031.0,432.0,232.0,136.0,524.0,208.0,120.0,432.665553,231.34749700000003,136.08911899999998,-0.6655529999999885,0.6525029999999674,-0.0891189999999824,0.9363029194544569,96.4157663455516
4032.0,452.0,220.0,144.0,544.0,196.0,136.0,452.26042900000004,221.214357,143.20746699999998,-0.26042900000004465,-1.2143570000000068,0.7925330000000201,1.4732938415601524,95.4148835350125
4033.0,448.0,228.0,152.0,532.0,208.0,144.0,445.125961,231.013913,152.66087899999997,2.874038999999982,-3.0139130000000023,-0.6608789999999658,4.216696906078366,86.7179335547152
4034.0,240.0,324.0,152.0,292.0,316.0,64.0,238.795129,321.777513,153.925315,1.2048709999999971,2.222487000000001,-1.9253150000000119,3.1777351118422446,102.52804494381037
4035.0,444.0,232.0,156.0,528.0,212.0,148.0,443.094669,234.264385,156.84817900000002,0.9053309999999897,-2.2643850000000043,-0.848179000000016,2.5819510575971476,86.7179335547152
4036.0,436.0,260.0,160.0,520.0,240.0,148.0,437.133621,257.242809,159.20194299999997,-1.133621000000005,2.7571909999999775,0.7980570000000284,3.086113049998482,87.17797887081348
4037.0,312.0,156.0,168.0,372.0,116.0,112.0,311.62359299999997,156.940393,168.47409100000002,0.3764070000000288,-0.9403930000000003,-0.4740910000000156,1.1183843258822241,91.30169768410661
4038.0,224.0,200.0,168.0,272.0,172.0,68.0,222.97799700000002,203.896593,160.819515,1.0220029999999838,-3.8965929999999958,7.1804850000000044,8.233303831080388,114.40279716860073
4039.0,420.0,208.0,168.0,500.0,168.0,152.0,421.97428099999996,198.334209,166.802247,-1.9742809999999622,9.665791000000013,1.1977530000000058,9.937802240518328,90.86253353280438
4040.0,428.0,272.0,184.0,500.0,256.0,172.0,427.981209,270.170789,183.207703,0.01879100000002154,1.8292109999999866,0.7922969999999907,1.9935146150482412,74.72616676907762
4041.0,236.0,216.0,188.0,276.0,188.0,104.0,235.597929,216.54592100000002,187.91323500000001,0.4020710000000065,-0.5459210000000212,0.08676499999998555,0.6835341926392753,97.15966241192895
4042.0,236.0,244.0,188.0,272.0,216.0,112.0,234.826493,239.40569300000004,195.444391,1.1735070000000007,4.594306999999958,-7.444390999999996,8.82630912953872,88.63407922464135
4043.0,200.0,176.0,192.0,236.0,140.0,96.0,201.99393700000002,177.551041,191.621363,-1.9939370000000167,-1.551040999999998,0.37863699999999767,2.5543842548487214,108.664621657649
4044.0,408.0,204.0,192.0,484.0,172.0,172.0,414.78007299999996,201.45923700000003,186.542251,-6.780072999999959,2.54076299999997,5.457749000000007,9.067077293951915,84.8528137423857
4045.0,196.0,152.0,204.0,224.0,108.0,108.0,195.49807699999997,151.26381700000002,203.751755,0.5019230000000334,0.7361829999999827,0.24824499999999716,0.924941991393518,109.2520022699813
4046.0,200.0,116.0,224.0,224.0,68.0,132.0,201.376189,118.21257700000001,222.010403,-1.3761890000000108,-2.2125770000000102,1.9895970000000034,3.278397377844713,106.50821564555478
4047.0,216.0,164.0,224.0,240.0,124.0,140.0,216.40270099999998,163.894169,224.618235,-0.4027009999999791,0.1058309999999949,-0.6182349999999985,0.7453742759090766,96.08329719571451
4048.0,564.0,136.0,228.0,652.0,92.0,280.0,572.699153,133.69503300000002,226.024339,-8.699153000000024,2.3049669999999765,1.9756610000000023,9.213651402968278,111.28342194594845
4049.0,216.0,172.0,228.0,236.0,136.0,140.0,213.40390499999998,173.74526100000003,225.77550300000001,2.5960950000000196,-1.7452610000000277,2.2244969999999853,3.838493468817569,97.15966241192895
4050.0,396.0,272.0,228.0,448.0,256.0,208.0,396.936973,270.028365,224.698687,-0.9369730000000231,1.971634999999992,3.3013129999999933,3.957768373707962,57.96550698475775
4051.0,232.0,156.0,232.0,252.0,116.0,148.0,227.73608099999998,157.178293,227.63800300000003,4.263919000000016,-1.1782929999999965,4.361996999999974,6.212599895407631,95.16301802696255
4052.0,236.0,132.0,236.0,256.0,88.0,160.0,233.710477,134.077821,235.64928700000002,2.2895230000000026,-2.077821,0.35071299999998473,3.1116322539688075,90.06664199358161
4053.0,188.0,212.0,236.0,200.0,180.0,140.0,185.83003699999998,209.985249,235.563267,2.169963000000024,2.0147509999999897,0.4367330000000038,2.993108204970055,101.90191362285597
4054.0,372.0,300.0,236.0,416.0,292.0,212.0,373.439037,299.645361,236.476899,-1.4390369999999848,0.35463900000002013,-0.47689900000000307,1.5569293381174925,50.75431016179808
4055.0,224.0,168.0,240.0,244.0,128.0,160.0,224.750633,166.90733699999998,239.16031900000002,-0.7506329999999934,1.092663000000016,0.8396809999999846,1.5692120678923545,91.6515138991168
4056.0,172.0,220.0,240.0,184.0,192.0,140.0,173.50595699999997,219.903457,239.839287,-1.5059569999999667,0.09654299999999694,0.160712999999987,1.5175821905474824,104.53707476297583
4057.0,212.0,96.0,244.0,224.0,40.0,164.0,209.445117,94.893777,246.603711,2.5548829999999896,1.106223,-2.603711000000004,3.811885024622197,98.38699100999075
4058.0,208.0,128.0,244.0,224.0,80.0,160.0,208.769965,127.704317,243.88750299999998,-0.7699650000000133,0.2956829999999968,0.11249700000001894,0.8324242384283527,98.0612053770501
4059.0,364.0,308.0,244.0,400.0,304.0,220.0,363.196141,309.467289,246.969895,0.8038589999999886,-1.4672889999999938,-2.969895000000008,3.4087244846756115,43.45112196480086
4060.0,212.0,104.0,248.0,220.0,56.0,172.0,208.56404899999998,107.924829,254.017183,3.435951000000017,-3.9248290000000026,-6.017182999999989,7.963449830891823,90.24411338142782
4061.0,220.0,96.0,256.0,228.0,40.0,176.0,215.675321,94.72698500000001,254.889591,4.324679000000003,1.2730149999999867,1.1104090000000042,4.642889594912527,97.97958971132712
4062.0,596.0,140.0,256.0,668.0,100.0,328.0,597.693057,139.58034500000002,259.246315,-1.6930569999999534,0.41965499999997746,-3.2463149999999814,3.6852562195183527,109.39835464941875
4063.0,164.0,156.0,260.0,164.0,112.0,160.0,162.435897,154.249817,259.795087,1.5641029999999887,1.7501829999999927,0.20491299999997636,2.35617233360952,109.2520022699813
4064.0,376.0,296.0,264.0,412.0,284.0,248.0,379.62284900000003,292.68199300000003,265.414419,-3.6228490000000306,3.318006999999966,-1.4144190000000094,5.112219325929886,41.182520563948
4065.0,172.0,188.0,272.0,172.0,160.0,176.0,173.253649,193.327393,270.620607,-1.2536489999999958,-5.327393000000001,1.3793929999999932,5.644065648103234,100.0
4066.0,208.0,112.0,276.0,212.0,60.0,196.0,208.62728899999996,110.956973,274.78650700000003,-0.627288999999962,1.043026999999995,1.2134929999999713,1.7187094208442777,95.49869109050658
4067.0,176.0,148.0,276.0,176.0,100.0,176.0,175.81391699999998,144.16142100000002,268.99260300000003,0.18608300000002487,3.8385789999999815,7.007396999999969,7.992054075000896,110.92339699089638
4068.0,156.0,280.0,276.0,144.0,260.0,172.0,151.367661,275.438137,275.769907,4.632339000000002,4.561863000000017,0.23009300000001076,6.505543899655061,106.58330075579383
4069.0,148.0,156.0,284.0,136.0,120.0,188.0,148.034133,160.621921,288.910047,-0.03413299999999708,-4.621920999999986,-4.91004700000002,6.743284091163524,103.22790320451152
4070.0,448.0,188.0,308.0,476.0,160.0,324.0,447.99608100000006,189.84594100000004,306.62627899999995,0.003918999999939388,-1.845941000000039,1.373721000000046,2.301004763116163,42.708313008125245
4071.0,152.0,84.0,312.0,128.0,28.0,220.0,149.301501,84.928025,314.954875,2.698498999999998,-0.9280250000000052,-2.9548750000000155,4.1078477965050135,110.34491379306978
4072.0,468.0,248.0,320.0,492.0,232.0,348.0,467.33113699999996,248.439933,321.824975,0.6688630000000444,-0.43993299999999635,-1.824974999999995,1.9928503475883574,40.19950248448356
4073.0,112.0,176.0,336.0,76.0,136.0,228.0,111.95980899999999,173.58106100000003,335.74559899999997,0.04019100000000719,2.418938999999966,0.25440100000002985,2.4326119852954053,120.66482503198685
4074.0,456.0,256.0,336.0,472.0,240.0,360.0,454.983861,254.959853,336.42681500000003,1.0161390000000097,1.0401469999999904,-0.42681500000003325,1.5154587731624467,32.984845004941285
4075.0,148.0,304.0,336.0,120.0,292.0,244.0,151.74010099999998,300.915769,338.274019,-3.7401009999999815,3.0842309999999884,-2.27401900000001,5.354624054396615,96.91233151668574
4076.0,424.0,164.0,340.0,436.0,128.0,352.0,423.90359299999994,163.522761,338.467711,0.09640700000005609,0.4772389999999973,1.5322889999999916,1.6077813757756316,39.7994974842648
4077.0,432.0,180.0,356.0,440.0,148.0,364.0,430.316517,179.737169,346.949731,1.6834830000000238,0.2628310000000056,9.050269000000014,9.209265123679051,33.94112549695428
4078.0,152.0,136.0,360.0,120.0,100.0,272.0,157.270133,143.31926900000002,358.150491,-5.270132999999987,-7.31926900000002,1.8495090000000118,9.206882429635517,100.31948963187563
4079.0,160.0,168.0,360.0,120.0,132.0,276.0,158.60307699999998,169.481049,361.572803,1.3969230000000152,-1.481049000000013,-1.5728030000000217,2.572665793518301,99.75971130671941
4080.0,420.0,180.0,360.0,420.0,152.0,376.0,417.93269699999996,182.980849,361.512343,2.067303000000038,-2.9808490000000063,-1.5123429999999871,3.930188774634007,32.2490309931942
4081.0,472.0,184.0,364.0,480.0,156.0,400.0,470.8392129999999,185.632669,364.608739,1.1607870000000844,-1.6326689999999928,-0.6087390000000141,2.0937042993343615,46.3033476111609
4082.0,144.0,208.0,372.0,100.0,180.0,280.0,144.540057,208.859649,370.34994700000004,-0.5400569999999902,-0.8596489999999903,1.6500529999999571,1.9373520251257466,105.75443253121828
4083.0,172.0,256.0,372.0,124.0,248.0,292.0,166.93364899999997,264.277077,374.104783,5.066351000000026,-8.27707700000002,-2.1047829999999976,9.93015748093753,93.637599285757
4084.0,176.0,208.0,380.0,136.0,176.0,304.0,178.722917,205.09322100000003,379.605391,-2.7229169999999954,2.906778999999972,0.39460900000000265,4.002418944414841,91.6515138991168
4085.0,488.0,256.0,384.0,488.0,244.0,428.0,485.14418099999995,257.32822500000003,385.15200300000004,2.8558190000000536,-1.3282250000000317,-1.152003000000036,3.3536539361412165,45.60701700396552
4086.0,180.0,288.0,384.0,136.0,280.0,308.0,180.713653,290.227321,383.73380699999996,-0.7136529999999937,-2.2273210000000176,0.26619300000004387,2.353957976408902,88.18163074019441
4087.0,408.0,164.0,392.0,408.0,132.0,408.0,416.749429,166.28164500000003,389.302859,-8.74942900000002,-2.281645000000026,2.697140999999988,9.435728975863361,35.77708763999664
4088.0,452.0,288.0,396.0,444.0,284.0,424.0,450.276321,290.384857,393.871219,1.7236790000000042,-2.384857000000011,2.1287810000000036,3.6318481178941227,29.393876913398138
4089.0,476.0,164.0,400.0,472.0,132.0,444.0,475.84960500000005,165.490433,400.64590699999997,0.15039499999994632,-1.490432999999996,-0.6459069999999656,1.631320028738361,54.55272678794342
4090.0,380.0,140.0,408.0,360.0,96.0,416.0,381.20058099999994,136.967669,407.641791,-1.2005809999999428,3.032330999999999,0.358208999999988,3.2809662782178743,48.98979485566356
4091.0,508.0,300.0,412.0,504.0,296.0,468.0,508.458885,299.348457,412.58851100000004,-0.4588850000000093,0.6515430000000038,-0.5885110000000395,0.9906709449635939,56.28498911788115
4092.0,476.0,308.0,412.0,472.0,304.0,456.0,480.542773,306.224333,411.658175,-4.542773000000011,1.7756669999999986,0.3418249999999716,4.889440065594738,44.36214602563767
4093.0,480.0,160.0,416.0,472.0,124.0,464.0,480.979477,158.69725300000002,416.109891,-0.9794769999999744,1.3027469999999823,-0.10989100000000462,1.6335853119500385,60.530983801686226
4094.0,444.0,272.0,416.0,428.0,260.0,448.0,443.866897,270.528065,416.445115,0.13310300000000552,1.4719349999999736,-0.44511499999998705,1.5435143070470425,37.73592452822641
4095.0,484.0,316.0,416.0,472.0,316.0,460.0,481.692997,316.004913,414.884347,2.307003000000009,-0.004912999999987733,1.1156530000000089,2.562609723697126,45.60701700396552
4096.0,424.0,172.0,424.0,404.0,140.0,452.0,425.160601,172.326957,424.614267,-1.1606009999999856,-0.32695699999999306,-0.6142669999999839,1.353225594030405,46.98936049788292
4097.0,528.0,172.0,424.0,520.0,140.0,484.0,523.629749,171.293049,419.33423500000004,4.370251000000053,0.7069510000000037,4.665764999999965,6.431814406108679,68.46897107449476
4098.0,600.0,244.0,424.0,604.0,228.0,516.0,598.035441,242.515397,423.23389099999997,1.9645590000000084,1.4846029999999928,0.7661090000000286,2.5788487997498137,93.46657156438339
4099.0,600.0,264.0,424.0,604.0,252.0,520.0,599.295297,262.124697,426.57774699999993,0.704702999999995,1.875302999999974,-2.577746999999931,3.2646818001187405,96.82974749528164
4100.0,412.0,312.0,424.0,388.0,312.0,444.0,412.217097,313.391045,424.242431,-0.21709700000002385,-1.3910450000000196,-0.2424310000000105,1.4286042451270646,31.240998703626616
4101.0,376.0,164.0,428.0,348.0,132.0,440.0,378.44774500000005,166.232105,429.764523,-2.4477450000000545,-2.23210499999999,-1.764522999999997,3.753303842427257,44.181444068749045
4102.0,448.0,172.0,428.0,428.0,140.0,464.0,446.93294499999996,172.04830500000003,427.702227,1.067055000000039,-0.048305000000027576,0.2977730000000065,1.1088771372785577,52.15361924162119
4103.0,348.0,164.0,436.0,308.0,128.0,436.0,346.28632899999997,163.22772500000002,437.012647,1.7136710000000335,0.7722749999999792,-1.0126470000000154,2.135071642468963,53.81449618829484
4104.0,508.0,272.0,436.0,496.0,272.0,500.0,510.34750099999997,279.350641,439.300215,-2.3475009999999656,-7.350640999999996,-3.30021499999998,8.392502791307647,65.11528238439882
4105.0,432.0,144.0,440.0,404.0,104.0,472.0,430.034665,142.600097,439.80365499999994,1.9653349999999818,1.3999029999999948,0.19634500000006483,2.420913346375483,58.378078077305695
4106.0,444.0,160.0,440.0,416.0,128.0,476.0,440.619805,162.142281,440.02875900000004,3.3801950000000147,-2.142280999999997,-0.028759000000036394,4.001988655789405,55.71355310873648
4107.0,520.0,216.0,440.0,512.0,196.0,512.0,525.208653,216.868173,443.72201099999995,-5.208653000000027,-0.868173000000013,-3.722010999999952,6.4604300411395945,75.15317691222374
4108.0,464.0,160.0,444.0,444.0,124.0,488.0,465.464033,158.565017,442.037907,-1.4640329999999722,1.4349829999999884,1.9620929999999817,2.837671188849549,60.266076693277455
4109.0,584.0,168.0,444.0,580.0,140.0,536.0,583.783865,170.331649,444.15081899999996,0.2161350000000084,-2.3316489999999988,-0.15081899999995585,2.3464969141652383,96.24967532412772
4110.0,496.0,284.0,444.0,476.0,276.0,500.0,494.84190500000005,282.738741,444.537363,1.1580949999999461,1.2612589999999955,-0.5373630000000276,1.794635697815825,60.0
4111.0,464.0,272.0,448.0,436.0,260.0,496.0,462.570857,269.905641,451.66780299999994,1.4291430000000105,2.094358999999997,-3.6678029999999353,4.458875214909983,56.85068161420758
4112.0,416.0,216.0,452.0,384.0,188.0,476.0,416.300541,211.464857,448.933851,-0.3005410000000097,4.535143000000005,3.066148999999996,5.482619502877345,48.82622246293481
4113.0,388.0,256.0,452.0,348.0,240.0,468.0,386.718577,254.35360500000002,452.58309499999996,1.281423000000018,1.646394999999984,-0.5830949999999575,2.166255105009321,45.95650117230423
4114.0,572.0,312.0,452.0,560.0,312.0,536.0,569.813117,311.321829,451.03554299999996,2.186882999999966,0.6781710000000203,0.9644570000000385,2.4844618060616175,84.8528137423857
4115.0,464.0,316.0,452.0,440.0,320.0,496.0,466.227445,319.02686900000003,451.216639,-2.227444999999989,-3.0268690000000333,0.7833610000000135,3.8388932815991605,50.27922035990614
4116.0,532.0,196.0,456.0,512.0,168.0,532.0,530.155805,193.69379299999997,458.98985500000003,1.8441950000000134,2.306207000000029,-2.989855000000034,4.202246880646042,83.42661445845684
4117.0,428.0,232.0,456.0,392.0,216.0,488.0,425.894981,234.20937300000003,456.454743,2.105019000000027,-2.209373000000028,-0.45474300000000767,3.085324170899914,50.75431016179808
4118.0,392.0,260.0,456.0,352.0,244.0,472.0,390.9041409999999,257.559333,454.691227,1.0958590000000754,2.440667000000019,1.3087729999999738,2.9783634966704766,45.95650117230423
4119.0,516.0,308.0,456.0,496.0,308.0,520.0,515.879357,308.59610100000003,455.19570699999997,0.12064299999997274,-0.5961010000000329,0.8042930000000297,1.008354285704722,67.05221845696084
4120.0,476.0,312.0,456.0,448.0,312.0,504.0,474.452397,312.333365,455.275991,1.547602999999981,-0.3333650000000148,0.7240090000000237,1.7408033492945103,55.569775957799216
4121.0,392.0,168.0,460.0,352.0,132.0,480.0,391.962093,165.72833300000002,459.80981899999995,0.03790700000001834,2.2716669999999795,0.19018100000005234,2.2799291024720327,57.41080037762929
4122.0,496.0,180.0,460.0,472.0,152.0,520.0,495.803573,180.956973,459.903319,0.19642700000002833,-0.956973000000005,0.09668099999998958,0.9816965441616969,70.42726744663604
4123.0,492.0,228.0,464.0,476.0,204.0,516.0,498.346481,223.57386100000002,456.265211,-6.346480999999983,4.426138999999978,7.734788999999978,10.940543332266557,59.464274989274024
4124.0,524.0,296.0,464.0,496.0,288.0,532.0,518.818413,292.070481,464.32503099999997,5.181587000000036,3.9295190000000275,-0.3250309999999672,6.511191024758188,73.97296803562772
4125.0,432.0,196.0,468.0,396.0,168.0,504.0,432.72724900000003,194.67956099999998,467.378375,-0.7272490000000289,1.3204390000000217,0.6216249999999945,1.630603538983984,58.1033561853358
4126.0,572.0,324.0,468.0,552.0,324.0,556.0,568.9088529999999,320.954593,468.77483500000005,3.091147000000092,3.0454070000000115,-0.7748350000000528,4.407954497097687,90.24411338142782
4127.0,384.0,156.0,472.0,336.0,120.0,492.0,382.540525,155.84468099999998,473.175935,1.4594749999999976,0.15531900000001997,-1.1759349999999813,1.8806951883840601,63.245553203367585
4128.0,140.0,248.0,472.0,56.0,232.0,396.0,140.999589,250.30080099999998,472.44148700000005,-0.9995889999999861,-2.3008009999999786,-0.4414870000000519,2.5471109480528953,114.40279716860073
4129.0,380.0,172.0,476.0,332.0,140.0,496.0,380.655409,172.20011300000002,477.52014699999995,-0.6554090000000201,-0.20011300000001597,-1.5201469999999517,1.6674690616796721,61.05735008989499
4130.0,496.0,240.0,476.0,464.0,224.0,536.0,494.406877,239.781477,475.12254299999995,1.5931229999999914,0.21852300000000469,0.8774570000000494,1.831863526987494,69.85699678629192
4131.0,556.0,292.0,476.0,532.0,288.0,544.0,549.916041,291.724713,464.29423899999995,6.08395900000005,0.2752869999999916,11.705761000000052,13.195271146709066,72.22188034107116
4132.0,400.0,144.0,480.0,356.0,108.0,508.0,402.135401,145.711541,480.29428299999995,-2.1354010000000017,-1.711541000000011,-0.29428299999995033,2.7524375577969096,63.37191807101944
4133.0,576.0,204.0,480.0,560.0,176.0,568.0,576.895357,199.54454900000002,474.569695,-0.89535699999999,4.455450999999982,5.430304999999976,7.081025361052915,93.72299611087985
4134.0,456.0,224.0,484.0,416.0,204.0,532.0,455.882429,223.716881,484.292923,0.1175709999999981,0.28311899999999923,-0.2929229999999734,0.42400848120171314,65.60487786742691
4135.0,400.0,180.0,488.0,348.0,152.0,516.0,398.401713,181.698645,489.021935,1.5982870000000275,-1.698644999999999,-1.021934999999985,2.5464224540753353,65.36053855347276
4136.0,184.0,284.0,488.0,104.0,272.0,428.0,186.990901,282.409617,485.22666300000003,-2.990901000000008,1.5903829999999743,2.7733369999999695,4.377922451809625,100.71742649611338
4137.0,584.0,304.0,488.0,560.0,304.0,584.0,582.227133,304.19166900000005,488.25894299999993,1.7728670000000193,-0.19166900000004716,-0.2589429999999311,1.8019006305840093,98.95453501482385
4138.0,516.0,184.0,492.0,484.0,160.0,568.0,517.689049,186.86465700000002,494.16487900000004,-1.6890489999999545,-2.8646570000000224,-2.1648790000000417,3.9681037457066513,85.88364221433555
4139.0,528.0,292.0,496.0,496.0,288.0,572.0,529.224333,291.589081,495.40991099999997,-1.2243330000000014,0.4109189999999785,0.5900890000000345,1.4198770183966731,82.55906976220118
4140.0,556.0,292.0,496.0,528.0,288.0,580.0,556.172941,291.313825,493.31021499999997,-0.1729410000000371,0.6861749999999915,2.689785000000029,2.781310494412869,88.63407922464135
4141.0,432.0,264.0,500.0,380.0,252.0,540.0,430.426289,263.13682900000003,500.33689100000004,1.573711000000003,0.8631709999999657,-0.3368910000000369,1.8262327432841015,66.69332800213226
4142.0,500.0,280.0,500.0,456.0,268.0,560.0,494.835557,275.576021,496.28414699999996,5.164443000000006,4.423978999999974,3.7158530000000383,7.749233846665044,75.3657747256671
4143.0,488.0,272.0,508.0,444.0,264.0,572.0,488.595505,272.222477,508.68913499999996,-0.5955050000000028,-0.22247700000002624,-0.6891349999999647,0.9375656077197833,78.07688518377255
4144.0,328.0,176.0,512.0,256.0,144.0,516.0,326.83478099999996,175.66072100000002,512.853911,1.165219000000036,0.33927899999997635,-0.8539110000000392,1.4839169632169904,78.89233169326408
4145.0,432.0,216.0,512.0,380.0,196.0,556.0,434.077041,217.076909,512.221651,-2.0770410000000084,-1.0769090000000006,-0.22165099999995164,2.35009818428146,70.9929573971954
4146.0,344.0,168.0,520.0,276.0,136.0,532.0,346.46620099999996,168.80382100000003,520.011487,-2.4662009999999555,-0.8038210000000277,-0.011486999999988257,2.5939174087874934,76.10519036176179
4147.0,456.0,204.0,524.0,400.0,180.0,580.0,455.71655699999997,203.57124900000002,525.517747,0.28344300000003386,0.428750999999977,-1.5177469999999857,1.6024117168377658,82.75264346230881
4148.0,420.0,232.0,524.0,364.0,216.0,564.0,423.90723299999996,233.45131700000002,522.793103,-3.9072329999999624,-1.4513170000000173,1.2068970000000263,4.339284632216101,70.65408693062278
4149.0,508.0,148.0,528.0,460.0,112.0,604.0,507.965281,147.25074899999998,527.908039,0.0347189999999955,0.7492510000000152,0.09196099999996932,0.7556714203164077,96.82974749528164
4150.0,536.0,288.0,528.0,492.0,284.0,608.0,535.4446889999999,287.901953,524.386659,0.5553110000000743,0.09804700000000821,3.6133409999999913,3.6570776178816633,91.3892772703669
4151.0,220.0,212.0,536.0,128.0,192.0,496.0,222.600653,215.932205,531.048895,-2.600652999999994,-3.9322050000000104,4.951104999999984,6.836598050891898,102.29369482035537
4152.0,364.0,236.0,536.0,292.0,220.0,556.0,365.910889,237.22653300000002,535.327867,-1.9108889999999974,-1.2265330000000176,0.6721330000000307,2.3680461862259095,76.4198926981712
4153.0,528.0,272.0,536.0,480.0,268.0,616.0,528.054413,274.767829,533.565475,-0.05441299999995408,-2.767829000000006,2.434525000000008,3.686563457128477,93.38094023943002
4154.0,516.0,288.0,544.0,460.0,284.0,620.0,513.699041,287.936509,542.028795,2.3009590000000344,0.06349099999999908,1.9712050000000545,3.0305267823907074,94.48809448814173
4155.0,476.0,152.0,548.0,416.0,116.0,612.0,475.890301,150.676801,545.599667,0.10969899999997779,1.3231989999999882,2.400333000000046,2.7430800161663504,94.82615672903758
4156.0,472.0,280.0,548.0,412.0,276.0,612.0,474.24363300000005,281.748773,548.2083709999999,-2.2436330000000453,-1.7487730000000283,-0.2083709999999428,2.8522823348783826,87.8179936004006
4157.0,524.0,272.0,552.0,476.0,268.0,632.0,529.108353,274.597641,547.039011,-5.1083529999999655,-2.59764100000001,4.9609890000000405,7.579869457689301,93.38094023943002
4158.0,480.0,120.0,556.0,424.0,84.0,624.0,484.936581,124.27771700000001,552.532139,-4.93658099999999,-4.27771700000001,3.4678609999999708,7.395590214240563,95.16301802696255
4159.0,504.0,148.0,556.0,452.0,120.0,624.0,507.02447299999994,153.60727300000002,545.608103,-3.0244729999999436,-5.607273000000021,10.391896999999972,12.189358911889759,90.06664199358161
4160.0,316.0,204.0,560.0,224.0,180.0,564.0,314.78335699999997,204.748177,558.8254909999999,1.2166430000000332,-0.7481769999999983,1.1745090000000573,1.8491783050477348,95.16301802696255
4161.0,492.0,108.0,564.0,428.0,64.0,640.0,492.02465699999993,107.68158500000001,563.730367,-0.02465699999993376,0.31841499999998746,0.2696329999999989,0.4179689397108213,108.664621657649
4162.0,504.0,108.0,564.0,444.0,68.0,644.0,505.53550499999994,110.82019700000001,562.719747,-1.5355049999999437,-2.8201970000000074,1.280253000000016,3.4569255803159704,107.70329614269008
4163.0,416.0,264.0,564.0,340.0,252.0,608.0,417.032073,262.542169,563.5770269999999,-1.0320730000000253,1.4578309999999988,0.42297300000007,1.8355794890494685,88.63407922464135
4164.0,496.0,312.0,564.0,424.0,300.0,640.0,491.0723249999999,301.002117,567.084403,4.927675000000079,10.997883000000002,-3.084402999999952,12.439813232268543,105.37551897855593
4165.0,368.0,236.0,568.0,280.0,216.0,592.0,365.91438899999997,233.58414900000002,566.383783,2.0856110000000285,2.415850999999975,1.616217000000006,3.5774665181677126,93.38094023943002
4166.0,404.0,244.0,580.0,324.0,228.0,624.0,408.541465,242.781657,579.933947,-4.5414650000000165,1.2183430000000044,0.0660530000000108,4.702512840033843,92.69304181005174
4167.0,480.0,292.0,580.0,408.0,288.0,652.0,481.650757,291.118465,580.450519,-1.6507569999999987,0.8815349999999853,-0.4505189999999857,1.9248558384032186,101.90191362285597
4168.0,324.0,232.0,584.0,228.0,212.0,596.0,326.508873,230.55060500000002,582.967635,-2.508872999999994,1.4493949999999813,1.032365000000027,3.07586850976744,98.79271228182775
4169.0,416.0,244.0,588.0,332.0,232.0,632.0,416.876049,245.916873,584.110983,-0.8760490000000232,-1.9168730000000096,3.889016999999967,4.423383001145031,95.58242516278817
4170.0,324.0,296.0,592.0,220.0,292.0,604.0,323.10408099999995,296.023869,592.0483389999999,0.895919000000049,-0.023868999999990592,-0.048338999999941734,0.8975395493475937,104.76640682967036
4171.0,416.0,244.0,604.0,328.0,236.0,652.0,419.007125,248.974785,600.732235,-3.0071249999999736,-4.974784999999997,3.267765000000054,6.668551166263566,100.55844071981228
4172.0,276.0,192.0,128.0,348.0,156.0,48.0,276.688993,190.607265,125.36806700000001,-0.6889929999999822,1.3927349999999876,2.6319329999999894,3.0563856842294763,113.49008767288886
4173.0,272.0,132.0,132.0,328.0,92.0,56.0,262.643333,138.20300500000002,136.155315,9.356667000000016,-6.203005000000019,-4.155315000000002,11.970427357790513,102.52804494381037
4174.0,264.0,132.0,140.0,328.0,84.0,64.0,264.651429,131.554245,142.293835,-0.6514290000000074,0.44575499999999124,-2.2938350000000014,2.425847536283146,110.34491379306978
4175.0,272.0,152.0,148.0,328.0,108.0,76.0,267.99246899999997,151.06726500000002,151.854667,4.007531000000029,0.9327349999999797,-3.8546670000000063,5.638151911493272,101.27191120937731
4176.0,448.0,248.0,148.0,536.0,228.0,140.0,447.37651700000004,247.420881,148.708947,0.6234829999999647,0.5791189999999915,-0.7089469999999949,1.1075719914565096,90.598013223249
4177.0,232.0,244.0,200.0,272.0,220.0,116.0,235.903629,242.63379300000003,198.592107,-3.903628999999995,1.3662069999999744,1.4078930000000014,4.368867546165585,96.08329719571451
4178.0,404.0,212.0,208.0,468.0,184.0,192.0,407.658953,211.13674500000002,206.360711,-3.658952999999997,0.863254999999981,1.639288999999991,4.101269885871315,71.66589146867567
4179.0,200.0,228.0,208.0,228.0,204.0,112.0,200.52415299999998,229.82306500000004,206.762131,-0.5241529999999841,-1.8230650000000423,1.2378689999999892,2.2650876413055436,102.83968105745953
4180.0,516.0,112.0,212.0,592.0,72.0,244.0,516.524685,118.082673,213.44556699999998,-0.5246849999999768,-6.082673,-1.4455669999999827,6.274063207016879,91.6515138991168
4181.0,216.0,164.0,212.0,244.0,124.0,128.0,216.389353,164.01621699999998,214.253187,-0.38935299999999984,-0.016216999999983273,-2.253186999999997,2.286637357926916,97.15966241192895
4182.0,196.0,112.0,228.0,220.0,68.0,136.0,199.30835299999998,118.18680900000001,226.158475,-3.3083529999999826,-6.186809000000011,1.84152499999999,7.25348326672882,104.76640682967036
4183.0,532.0,116.0,228.0,612.0,72.0,260.0,536.2291929999999,117.778253,220.681599,-4.229192999999896,-1.7782530000000065,7.318400999999994,8.637548862962111,96.74709297958259
4184.0,376.0,304.0,228.0,428.0,292.0,200.0,379.642545,299.722665,224.032683,-3.642544999999984,4.277334999999994,3.9673170000000084,6.877741850181562,60.266076693277455
4185.0,228.0,120.0,236.0,252.0,72.0,160.0,230.455873,120.99523300000001,236.531959,-2.455872999999997,-0.9952330000000131,-0.5319590000000005,2.7027358905559034,93.03762679690406
4186.0,148.0,192.0,240.0,148.0,152.0,132.0,143.083481,187.43868500000002,242.586287,4.916518999999994,4.561314999999979,-2.5862869999999987,7.187950615645237,115.16944039110375
4187.0,176.0,220.0,244.0,192.0,200.0,152.0,182.917677,226.266773,247.164039,-6.917676999999998,-6.266773000000001,-3.1640390000000025,9.85585316973518,95.49869109050658
4188.0,224.0,136.0,248.0,240.0,92.0,172.0,224.43508499999996,137.299129,249.172315,-0.4350849999999582,-1.2991289999999935,-1.1723149999999976,1.8031521220049465,89.26365441768559
4189.0,160.0,288.0,248.0,160.0,272.0,152.0,158.708045,285.418069,256.186815,1.2919550000000015,2.5819309999999973,-8.186815000000024,8.680982389972426,97.32420048477151
4190.0,212.0,156.0,256.0,220.0,112.0,172.0,209.075665,153.792189,254.566375,2.9243350000000135,2.2078109999999924,1.4336250000000064,3.9346467750702936,95.16301802696255
4191.0,156.0,116.0,260.0,156.0,64.0,160.0,155.78051299999998,114.979681,261.403519,0.2194870000000151,1.0203190000000006,-1.403519000000017,1.7490257254514743,112.71202242884297
4192.0,172.0,112.0,264.0,176.0,60.0,172.0,174.40788499999996,111.44716100000001,265.491835,-2.4078849999999647,0.5528389999999916,-1.4918349999999805,2.8860202356135276,105.75443253121828
4193.0,168.0,168.0,264.0,168.0,128.0,168.0,167.771685,167.23612500000002,265.129391,0.22831500000000915,0.7638749999999845,-1.1293909999999983,1.3824459431496685,104.0
4194.0,168.0,164.0,276.0,164.0,124.0,180.0,167.748489,163.83783699999998,275.455211,0.2515109999999936,0.16216300000002093,0.5447889999999802,0.6215703308644823,104.0768946500615
4195.0,140.0,116.0,292.0,124.0,64.0,192.0,139.237825,114.773537,294.588095,0.7621750000000134,1.2264629999999954,-2.58809500000001,2.9636730504593554,113.84199576606166
4196.0,184.0,184.0,292.0,176.0,148.0,204.0,183.53658899999996,183.139321,291.222755,0.4634110000000362,0.8606790000000046,0.7772449999999935,1.2488506259705487,95.4148835350125
4197.0,592.0,136.0,348.0,632.0,100.0,432.0,596.7725969999999,138.530053,349.42325900000003,-4.772596999999905,-2.5300530000000094,-1.42325900000003,5.586100293433535,99.75971130671941
4198.0,160.0,188.0,372.0,116.0,156.0,288.0,158.835689,189.016441,372.173219,1.1643109999999979,-1.0164409999999862,-0.17321900000001733,1.5552418568065138,100.07996802557443
4199.0,156.0,196.0,372.0,112.0,160.0,288.0,155.763805,192.31505299999998,373.252031,0.23619500000000926,3.6849470000000224,-1.2520309999999881,3.8990003969985874,101.42977866484773
4200.0,176.0,196.0,380.0,136.0,164.0,304.0,178.613285,195.264501,379.487707,-2.6132849999999905,0.7354990000000043,0.5122929999999997,2.7627271649721323,91.6515138991168
4201.0,604.0,144.0,384.0,628.0,108.0,480.0,606.224361,144.52722500000002,387.84315499999997,-2.2243610000000444,-0.5272250000000156,-3.8431549999999675,4.471642697373189,105.29957264870546
4202.0,180.0,240.0,384.0,136.0,216.0,308.0,180.128949,237.807481,383.106159,-0.12894900000000575,2.1925190000000043,0.893841000000009,2.3712273495477056,91.03845341392834
4203.0,528.0,300.0,392.0,532.0,296.0,452.0,526.055513,299.384413,392.877471,1.944486999999981,0.615587000000005,-0.8774710000000141,2.2203451091168143,60.266076693277455
4204.0,452.0,284.0,412.0,440.0,276.0,444.0,452.297765,283.614049,410.37478699999997,-0.2977650000000267,0.3859509999999773,1.6252130000000307,1.6967437829546035,35.09985754956849
4205.0,496.0,232.0,416.0,476.0,216.0,452.0,481.80664099999996,234.172821,406.647087,14.193359000000044,-2.172820999999999,9.352913000000001,17.136206475952964,44.181444068749045
4206.0,380.0,172.0,420.0,352.0,136.0,428.0,378.470941,169.630393,419.43870300000003,1.529059000000018,2.369607000000002,0.5612969999999677,2.875432677379011,46.3033476111609
4207.0,452.0,232.0,420.0,440.0,216.0,456.0,454.87138099999993,234.326029,419.111831,-2.8713809999999285,-2.3260290000000055,0.8881690000000049,3.8005373210327273,41.182520563948
4208.0,440.0,256.0,420.0,416.0,240.0,452.0,435.39948499999997,254.165841,422.476215,4.60051500000003,1.8341589999999997,-2.4762150000000247,5.537194075407814,43.08131845707603
4209.0,584.0,152.0,436.0,584.0,120.0,528.0,584.628389,154.024357,436.698119,-0.6283889999999701,-2.024357000000009,-0.6981190000000197,2.231650540951927,97.40636529508737
4210.0,540.0,308.0,436.0,528.0,308.0,512.0,538.665597,308.513405,440.662059,1.334402999999952,-0.5134049999999775,-4.662058999999999,4.876372645718828,76.94153624668537
4211.0,344.0,160.0,440.0,312.0,128.0,440.0,350.435349,163.157213,439.081551,-6.435348999999974,-3.157213000000013,0.9184490000000096,7.226704590943977,45.254833995939045
4212.0,420.0,176.0,444.0,388.0,144.0,472.0,417.966393,175.451985,444.35427100000004,2.0336070000000177,0.5480149999999924,-0.35427100000003975,2.1357401087480405,53.21653878260028
4213.0,384.0,176.0,452.0,344.0,144.0,468.0,382.733093,175.746217,452.681207,1.2669070000000033,0.25378299999999854,-0.6812069999999721,1.460651270696387,53.665631459994955
4214.0,376.0,160.0,460.0,336.0,128.0,476.0,378.451245,162.589721,460.82043899999996,-2.4512449999999717,-2.5897209999999973,-0.8204389999999648,3.659013126593944,53.665631459994955
4215.0,340.0,172.0,460.0,292.0,128.0,456.0,339.05557699999997,163.076513,456.71342300000003,0.9444230000000289,8.923486999999994,3.2865769999999657,9.556262000333955,65.23802572120036
4216.0,488.0,188.0,460.0,464.0,160.0,516.0,488.619213,187.60233700000003,458.952455,-0.619213000000002,0.3976629999999659,1.0475450000000137,1.2801996437911565,67.05221845696084
4217.0,484.0,260.0,464.0,456.0,248.0,520.0,484.246917,259.676221,465.00312699999995,-0.24691699999999628,0.3237790000000018,-1.0031269999999495,1.0826193346965949,63.74950980203691
4218.0,340.0,220.0,488.0,280.0,192.0,500.0,341.761509,215.033929,494.653191,-1.7615089999999896,4.9660709999999995,-6.6531909999999925,8.487032792242696,67.29041536504289
4219.0,428.0,208.0,496.0,380.0,188.0,536.0,428.800993,210.765129,496.60075500000005,-0.8009930000000054,-2.7651290000000017,-0.6007550000000492,2.940822120209768,65.60487786742691
4220.0,380.0,248.0,496.0,324.0,232.0,516.0,380.48202499999996,247.35767700000002,496.043999,-0.4820249999999646,0.6423229999999762,-0.043998999999985244,0.8042778431331639,61.57921727336261
4221.0,456.0,160.0,508.0,404.0,128.0,560.0,453.146953,161.19845700000002,508.42575899999997,2.8530470000000037,-1.198457000000019,-0.4257589999999709,3.1236912605344087,80.19975062305369
4222.0,480.0,268.0,508.0,444.0,264.0,568.0,487.554913,272.270617,505.580647,-7.554912999999999,-4.270617000000016,2.419353000000001,9.009336764538615,70.08566187174092
4223.0,544.0,208.0,516.0,496.0,176.0,600.0,535.485245,199.517381,516.0709429999999,8.514755000000036,8.482619,-0.07094299999994291,12.019189270430665,101.90191362285597
4224.0,476.0,252.0,516.0,428.0,236.0,572.0,475.905985,249.378285,512.572875,0.09401500000001306,2.6217149999999947,3.4271250000000464,4.315948809598567,75.47184905645283
4225.0,468.0,264.0,516.0,416.0,252.0,572.0,466.72687700000006,262.550361,515.848539,1.2731229999999414,1.4496389999999906,0.15146100000004026,1.9352611808153535,77.35631842325486
4226.0,352.0,176.0,524.0,280.0,148.0,540.0,351.765445,178.513889,525.306563,0.2345550000000003,-2.513889000000006,-1.3065629999999828,2.8428437919300076,78.89233169326408
4227.0,352.0,216.0,528.0,272.0,192.0,544.0,346.99116499999997,214.54913299999998,530.9257269999999,5.008835000000033,1.4508670000000166,-2.925726999999938,5.97940813019508,85.0411665018772
4228.0,488.0,312.0,532.0,428.0,316.0,600.0,483.92100899999997,314.566105,535.116851,4.0789910000000305,-2.566104999999993,-3.116850999999997,5.739148247371485,90.77444574328173
4229.0,524.0,316.0,536.0,472.0,316.0,612.0,521.235493,314.175593,533.006891,2.7645069999999805,1.8244070000000079,2.993109000000004,4.464264927239304,92.0869154657707
4230.0,484.0,276.0,552.0,424.0,276.0,616.0,484.609509,281.63351700000004,548.1981069999999,-0.6095090000000027,-5.63351700000004,3.8018930000000637,6.82366509977006,87.72684879784524
4231.0,376.0,244.0,556.0,296.0,228.0,584.0,376.376549,243.41966100000002,556.126155,-0.37654900000001135,0.5803389999999808,-0.12615500000003976,0.70320522491446,86.2554346113913
4232.0,360.0,220.0,568.0,272.0,200.0,592.0,359.551357,220.523933,568.3060389999999,0.4486430000000041,-0.5239329999999995,-0.30603899999994155,0.7546165910308145,93.38094023943002
4233.0,476.0,268.0,580.0,404.0,260.0,648.0,477.245929,268.25529700000004,578.107019,-1.2459289999999896,-0.2552970000000414,1.8929809999999634,2.280546578697935,99.35793878699377
4234.0,480.0,312.0,580.0,408.0,316.0,652.0,481.906565,314.052145,580.725115,-1.9065650000000005,-2.052144999999996,-0.7251149999999598,2.8934548490472296,101.90191362285597
4235.0,388.0,264.0,604.0,296.0,256.0,648.0,393.281829,265.583101,606.136559,-5.281829000000016,-1.5831009999999992,-2.136559000000034,5.91344322048697,102.29369482035537
4236.0,532.0,124.0,192.0,628.0,92.0,216.0,537.3991129999999,134.59950500000002,182.52603499999998,-5.399112999999943,-10.599505000000022,9.473965000000021,15.207101638807417,104.0
4237.0,192.0,172.0,196.0,228.0,136.0,88.0,193.65935299999998,174.415825,187.444327,-1.6593529999999816,-2.4158250000000123,8.555673000000013,9.04373834717498,119.3984924527944
4238.0,148.0,172.0,260.0,136.0,128.0,168.0,142.904261,167.415101,273.446063,5.095739000000009,4.584899000000007,-13.446062999999981,15.092530105860005,102.68398122394748
4239.0,184.0,164.0,360.0,144.0,116.0,292.0,181.269837,156.04929700000002,367.612339,2.7301630000000046,7.950702999999976,-7.61233900000002,11.34086298531549,92.34717104492157
4240.0,584.0,176.0,428.0,584.0,144.0,520.0,582.766469,173.778077,430.71651099999997,1.2335309999999708,2.221923000000004,-2.7165109999999686,3.7199425478104864,97.40636529508737
4241.0,444.0,312.0,428.0,424.0,312.0,464.0,445.39590899999996,312.948997,430.428615,-1.3959089999999605,-0.9489970000000199,-2.4286149999999793,2.957588216860966,41.182520563948
4242.0,492.0,256.0,476.0,464.0,232.0,528.0,492.398781,246.43023700000003,468.984023,-0.3987809999999854,9.569762999999966,7.015977000000021,11.872797624261041,63.74950980203691
4243.0,548.0,136.0,484.0,536.0,128.0,576.0,559.887445,160.26762100000002,486.553439,-11.887444999999957,-24.26762100000002,-2.5534390000000258,27.143117513550045,93.12357381458253
4244.0,492.0,196.0,484.0,456.0,176.0,544.0,489.832677,200.41506099999998,482.947951,2.1673230000000103,-4.41506099999998,1.052049000000011,5.029598365520938,72.77362159464101
4245.0,504.0,312.0,492.0,472.0,312.0,560.0,507.671253,311.525173,492.557319,-3.671252999999979,0.4748270000000048,-0.5573190000000068,3.743549617368368,75.15317691222374
4246.0,420.0,228.0,504.0,368.0,208.0,544.0,421.73961299999996,227.117165,506.13262299999997,-1.739612999999963,0.882835,-2.132622999999967,2.8902823196225538,68.58571279792899
4247.0,380.0,260.0,504.0,312.0,240.0,528.0,374.351605,253.832853,508.56667100000004,5.648394999999994,6.167147,-4.566671000000042,9.528512592103517,74.83314773547883
4248.0,396.0,260.0,540.0,320.0,240.0,592.0,397.217933,253.01786900000002,556.223311,-1.2179330000000164,6.982130999999981,-16.223310999999967,17.703935548243777,94.23375191511798
4249.0,420.0,168.0,584.0,336.0,136.0,632.0,419.10742100000004,167.26474100000001,582.129927,0.8925789999999552,0.735258999999985,1.8700730000000476,2.1987442083268975,101.90191362285597
4250.0,368.0,228.0,600.0,260.0,204.0,636.0,361.70912899999996,223.33774900000003,605.657387,6.290871000000038,4.662250999999969,-5.6573869999999715,9.66010714192192,116.34431657799189
4251.0,376.0,296.0,232.0,416.0,288.0,208.0,372.36190100000005,296.417261,233.329183,3.6380989999999542,-0.41726099999999633,-1.3291830000000004,3.895715405854317,47.32863826479693
4252.0,232.0,160.0,240.0,256.0,120.0,168.0,236.08401299999997,160.191461,242.18008700000001,-4.08401299999997,-0.19146100000000388,-2.1800870000000145,4.633421934840256,85.79044235810886
4253.0,512.0,176.0,424.0,512.0,152.0,496.0,520.6443009999999,181.022093,430.85655099999997,-8.644300999999928,-5.022093000000012,-6.856550999999968,12.122609021776189,75.8946638440411
4254.0,488.0,200.0,424.0,480.0,176.0,480.0,491.83377299999995,201.05106899999998,426.974639,-3.833772999999951,-1.051068999999984,-2.9746390000000247,4.964981232453023,61.44916598294886
4255.0,504.0,288.0,480.0,472.0,288.0,544.0,503.289621,292.060293,479.88799900000004,0.710378999999989,-4.0602930000000015,0.11200099999996382,4.123489031571563,71.55417527999327
4256.0,480.0,256.0,496.0,440.0,248.0,552.0,480.137941,259.38058900000004,494.029367,-0.13794100000001208,-3.380589000000043,1.9706330000000207,3.915457077671951,69.2820323027551
4257.0,536.0,264.0,496.0,520.0,256.0,576.0,548.623141,265.196789,491.96707100000003,-12.623141000000032,-1.1967890000000239,4.032928999999967,13.305657027574535,81.97560612767678
4258.0,520.0,304.0,496.0,480.0,296.0,568.0,515.8231169999999,298.27918900000003,496.53821500000004,4.176883000000089,5.720810999999969,-0.5382150000000365,7.103781069235977,82.75264346230881
4259.0,376.0,288.0,504.0,320.0,280.0,528.0,380.933901,286.55050900000003,506.879783,-4.933900999999992,1.4494909999999663,-2.879782999999975,5.893857256837043,61.44916598294886
4260.0,368.0,192.0,520.0,304.0,168.0,536.0,369.558141,194.80899699999998,516.156711,-1.5581409999999778,-2.8089969999999767,3.843289000000027,5.008905854516634,70.19971509913698
4261.0,304.0,224.0,584.0,208.0,208.0,592.0,309.889597,227.434365,585.017839,-5.889596999999981,-3.434365000000014,-1.0178389999999808,6.893345487174919,97.65244492586962
4262.0,360.0,296.0,584.0,264.0,288.0,608.0,358.300837,292.453397,583.682175,1.6991629999999986,3.5466030000000046,0.3178249999999707,3.945448069713123,99.27738916792686
4263.0,392.0,280.0,216.0,440.0,280.0,232.0,397.182933,289.441709,245.664151,-5.182932999999991,-9.441709000000003,-29.664151000000004,31.559000584206895,50.59644256269407
4264.0,176.0,224.0,248.0,184.0,192.0,152.0,176.62773299999998,219.75903700000003,249.16475100000002,-0.6277329999999779,4.240962999999965,-1.1647510000000239,4.44257366609252,101.50862032359616
4265.0,456.0,192.0,528.0,456.0,200.0,592.0,502.539045,219.494821,520.485175,-46.53904499999999,-27.494821,7.514824999999973,54.57399093079678,64.4980619863884
4266.0,168.0,304.0,360.0,136.0,312.0,232.0,161.234757,317.351901,324.986359,6.765242999999998,-13.351900999999998,35.01364100000001,38.07882389517475,132.18169313486644
