match_index,source_x,source_y,source_z,reference_x,reference_y,reference_z,predicted_source_x,predicted_source_y,predicted_source_z,residual_x,residual_y,residual_z,residual_l2,raw_delta_l2
0.0,364.0,76.0,57.0,454.0,96.0,9.0,364.702206,76.621418,56.929991,-0.7022059999999897,-0.6214180000000056,0.07000899999999888,0.9402950905120118,103.94229168149026
1.0,440.0,222.0,60.0,485.0,294.0,17.0,440.412687,222.513932,60.929739999999995,-0.41268700000000536,-0.5139320000000112,-0.9297399999999953,1.1396723775686621,95.17352573063583
2.0,392.0,358.0,60.0,376.0,433.0,17.0,391.907893,358.859521,59.862249999999996,0.0921069999999986,-0.8595209999999724,0.13775000000000404,0.8753485656525368,87.92041856133307
3.0,234.0,383.0,60.0,184.0,400.0,16.0,234.120567,383.100145,60.50739,-0.1205669999999941,-0.10014499999999771,-0.5073900000000009,0.5310461699457016,68.7386354243376
4.0,228.0,381.0,61.0,178.0,394.0,15.0,227.88729800000002,379.98679,59.793503,0.11270199999998454,1.013210000000015,1.2064969999999988,1.5795351391827357,69.17369442208505
5.0,207.0,456.0,61.0,125.0,473.0,17.0,207.29191,455.172153,60.775999,-0.29191000000000145,0.8278470000000198,0.22400100000000123,0.9059351806338211,94.59915433025816
6.0,433.0,224.0,62.0,476.0,293.0,18.0,433.168262,224.085534,61.811285,-0.168262000000027,-0.08553399999999556,0.18871500000000196,0.26691106575975654,92.44457799135652
7.0,257.0,421.0,62.0,196.0,452.0,19.0,257.010434,420.421488,62.273078999999996,-0.010433999999975185,0.5785119999999893,-0.27307899999999563,0.6398102396343659,80.8146026408594
8.0,361.0,71.0,63.0,452.0,88.0,16.0,361.12866699999995,70.993321,62.773746,-0.12866699999995035,0.006679000000005431,0.2262539999999973,0.2603664311042921,103.82196299434914
9.0,320.0,390.0,63.0,281.0,442.0,20.0,320.46201799999994,390.571051,62.740429,-0.46201799999994364,-0.5710510000000113,0.2595710000000011,0.7790616028055557,77.93587107359485
10.0,355.0,47.0,64.0,454.0,57.0,17.0,354.620675,46.39276099999999,63.955312,0.37932499999999436,0.607239000000007,0.04468800000000073,0.7173727595120993,110.04544515789829
11.0,435.0,223.0,64.0,478.0,293.0,20.0,434.740386,223.58553600000002,63.439116999999996,0.2596139999999991,-0.5855360000000189,0.560883000000004,0.8513762834264449,93.1933474020544
12.0,270.0,335.0,64.0,244.0,359.0,20.0,270.10290599999996,335.685438,63.945349,-0.10290599999996175,-0.6854379999999765,0.05465099999999978,0.6952709029442838,56.462376853972415
13.0,271.0,336.0,64.0,245.0,360.0,21.0,271.149325,336.212558,64.747226,-0.14932499999997617,-0.21255800000000136,-0.7472259999999977,0.7910913689738942,55.68662316930342
14.0,361.0,42.0,65.0,462.0,54.0,19.0,360.073806,42.002174,65.58590699999999,0.9261940000000095,-0.0021739999999965676,-0.5859069999999917,1.0959594265122263,111.6288493177279
15.0,236.0,370.0,66.0,191.0,386.0,22.0,235.968954,370.46061299999997,65.553873,0.03104600000000346,-0.46061299999996663,0.44612700000000416,0.6419949298974044,64.93843238021688
16.0,251.0,401.0,66.0,197.0,427.0,23.0,251.31471800000003,400.77313300000003,65.846395,-0.3147180000000276,0.22686699999997018,0.15360499999999888,0.4172655644047367,73.76313442364011
17.0,247.0,408.0,66.0,188.0,433.0,24.0,245.892792,407.784568,66.643667,1.1072080000000142,0.21543200000002116,-0.6436669999999935,1.2987023172294072,76.61592523751182
18.0,356.0,102.0,67.0,434.0,122.0,21.0,356.039816,102.142428,66.561857,-0.03981599999997343,-0.14242799999999534,0.4381429999999966,0.4624287377412801,92.73618495495704
19.0,387.0,126.0,67.0,461.0,162.0,22.0,387.442496,126.220517,66.749679,-0.44249600000000555,-0.22051700000000096,0.25032099999999957,0.5541579741788484,93.7923237797209
20.0,340.0,303.0,67.0,338.0,348.0,24.0,340.314397,302.748653,66.833132,-0.3143969999999854,0.25134700000000976,0.1668679999999938,0.4357358344708335,62.27358990776106
21.0,482.0,368.0,67.0,476.0,478.0,27.0,481.415748,367.94140600000003,66.959345,0.5842519999999922,0.05859399999997095,0.040655000000000996,0.5885885535456731,117.2006825918689
22.0,239.0,382.0,67.0,189.0,400.0,24.0,238.078024,381.87976899999995,67.035395,0.9219760000000008,0.1202310000000466,-0.03539499999999407,0.9304558259057828,68.3593446428504
23.0,209.0,444.0,67.0,131.0,460.0,25.0,208.641739,443.589358,67.45495199999999,0.35826099999999883,0.41064199999999573,-0.4549519999999916,0.7099007808060138,90.0222194794152
24.0,310.0,57.0,68.0,399.0,51.0,21.0,310.359014,56.06249900000001,67.61119099999999,-0.35901400000000194,0.9375009999999904,0.38880900000000906,1.0765554401320865,100.8265837961398
25.0,301.0,356.0,68.0,273.0,394.0,26.0,301.803072,355.407553,68.279623,-0.803071999999986,0.5924469999999928,-0.27962300000000084,1.0363913870357904,63.182275995725256
26.0,296.0,45.0,69.0,387.0,34.0,23.0,296.626887,45.98968599999999,69.521512,-0.6268870000000106,-0.9896859999999919,-0.5215120000000013,1.2823573821322192,102.55730105653132
27.0,305.0,52.0,69.0,394.0,45.0,23.0,304.929905,52.718891,69.35016999999999,0.0700949999999807,-0.7188909999999993,-0.35016999999999143,0.8027058040191252,100.42907945411031
28.0,301.0,192.0,69.0,336.0,204.0,25.0,301.278012,191.373134,69.397341,-0.2780119999999897,0.6268660000000068,-0.3973409999999973,0.7925474903001085,57.48912940721924
29.0,236.0,319.0,70.0,211.0,326.0,26.0,235.92399,318.675525,69.442933,0.07600999999999658,0.32447500000000673,0.5570670000000035,0.6491418860418791,51.088159097779204
30.0,260.0,331.0,70.0,235.0,350.0,28.0,260.838968,331.109199,70.659531,-0.8389680000000226,-0.10919899999998961,-0.6595310000000012,1.0727408198563329,52.44044240850758
31.0,295.0,365.0,70.0,261.0,402.0,29.0,294.58891900000003,364.77258800000004,70.708444,0.4110809999999674,0.22741199999995843,-0.7084440000000001,0.8500568848265123,64.85368146836385
32.0,220.0,451.0,70.0,141.0,472.0,28.0,219.56330000000003,450.345685,69.713319,0.43669999999997344,0.6543149999999969,0.2866810000000015,0.8372699713867526,91.90212184710427
33.0,289.0,80.0,71.0,365.0,70.0,25.0,288.923551,79.7029,70.849356,0.07644900000002508,0.29710000000000036,0.15064399999999978,0.3417696217293222,89.39798655450804
34.0,379.0,289.0,71.0,389.0,347.0,29.0,379.72694800000005,288.767427,70.659037,-0.7269480000000499,0.23257300000000214,0.3409630000000021,0.8359422003955028,72.30490993010088
35.0,310.0,79.0,72.0,388.0,76.0,27.0,308.37509,78.40830399999999,72.288215,1.6249099999999999,0.5916960000000131,-0.2882149999999939,1.7531413379248724,90.09994450608724
36.0,387.0,203.0,72.0,431.0,252.0,32.0,387.654726,204.056117,74.027689,-0.6547259999999824,-1.0561170000000004,-2.027688999999995,2.3781446409934697,77.05193054038295
37.0,288.0,369.0,72.0,253.0,404.0,33.0,288.92972499999996,368.445294,74.006738,-0.9297249999999622,0.5547060000000101,-2.0067379999999986,2.280150153543607,63.0158710167526
38.0,222.0,372.0,72.0,174.0,382.0,30.0,221.790697,371.84894499999996,72.252332,0.20930300000000557,0.15105500000004213,-0.25233199999999556,0.3609664763631283,64.5600495662759
39.0,287.0,37.0,73.0,379.0,20.0,27.0,286.80198099999996,37.228487999999984,73.01243,0.1980190000000448,-0.22848799999998448,-0.012429999999994834,0.3026099724150057,104.25449630591478
40.0,345.0,357.0,73.0,320.0,411.0,34.0,342.821144,356.48357599999997,74.36948699999999,2.178855999999996,0.5164240000000291,-1.3694869999999923,2.6248051088949427,71.14773362518304
41.0,362.0,362.0,73.0,340.0,425.0,33.0,361.997353,362.155929,73.270286,0.002647000000024491,-0.15592900000001464,-0.2702859999999987,0.3120502867263608,77.80102827083971
42.0,221.0,372.0,73.0,173.0,382.0,32.0,221.03178200000002,372.128563,73.896841,-0.03178200000002107,-0.12856299999998555,-0.8968409999999949,0.9065662247039586,63.914004725099176
43.0,314.0,81.0,75.0,394.0,81.0,32.0,314.38419799999997,80.784032,76.292041,-0.3841979999999694,0.2159680000000037,-1.2920409999999976,1.3651447637188416,90.82400563727631
44.0,286.0,283.0,75.0,284.0,305.0,33.0,287.241785,283.454481,75.02627,-1.241784999999993,-0.45448099999998703,-0.026269999999996685,1.3226008764876767,47.45524207081869
45.0,235.0,346.0,75.0,199.0,357.0,34.0,234.74329300000002,345.963662,75.69223199999999,0.25670699999997737,0.03633800000000065,-0.69223199999999,0.7391915015183647,55.65968020030299
46.0,305.0,347.0,75.0,280.0,384.0,34.0,304.710985,345.896243,74.9169,0.28901500000000624,1.1037569999999732,0.08310000000000173,1.1439907321626102,60.6217782649107
47.0,251.0,385.0,75.0,203.0,408.0,35.0,251.138601,384.567116,75.875482,-0.1386009999999942,0.4328840000000014,-0.8754820000000052,0.9864418517991868,66.58077800686922
48.0,253.0,393.0,76.0,203.0,418.0,36.0,253.75122,392.348179,76.574567,-0.7512199999999893,0.651820999999984,-0.5745670000000018,1.1486206257637745,68.7386354243376
49.0,257.0,437.0,76.0,188.0,472.0,36.0,256.155303,438.210685,76.007846,0.8446969999999965,-1.2106850000000122,-0.007846000000000686,1.47625632962234,87.0976463516667
50.0,264.0,124.0,77.0,319.0,111.0,33.0,263.927982,123.59787499999999,77.167271,0.07201800000001413,0.4021250000000123,-0.1672709999999995,0.44144161039713026,71.62401831787993
51.0,350.0,194.0,77.0,392.0,226.0,35.0,350.609084,194.01565,77.015929,-0.6090839999999957,-0.015649999999993724,-0.01592899999999986,0.6094932112804823,67.468511173732
52.0,442.0,242.0,77.0,479.0,316.0,37.0,441.65944299999995,241.367242,77.087736,0.34055700000004663,0.6327579999999955,-0.0877360000000067,0.7239194447651115,91.89668111526117
53.0,252.0,373.0,77.0,208.0,395.0,37.0,251.657123,373.18495499999995,77.64314399999999,0.3428769999999872,-0.18495499999994536,-0.6431439999999924,0.7519356314804886,63.40346993658943
54.0,305.0,49.0,78.0,395.0,41.0,33.0,304.75597999999997,49.449273000000005,77.58751699999999,0.24402000000003454,-0.44927300000000514,0.4124830000000088,0.6569126381932598,100.94057657849989
55.0,304.0,54.0,78.0,393.0,45.0,34.0,304.252431,53.087366,78.36995399999999,-0.2524310000000014,0.9126339999999971,-0.3699539999999928,1.0166062117816268,99.68951800465283
56.0,386.0,68.0,78.0,481.0,93.0,35.0,385.13576,67.530215,78.122365,0.8642399999999952,0.4697850000000017,-0.12236500000000206,0.9912527009042618,107.23339032223126
57.0,410.0,202.0,78.0,459.0,259.0,38.0,411.28788299999997,202.278772,78.70461399999999,-1.2878829999999653,-0.2787720000000036,-0.7046139999999923,1.4942681615656883,85.14693182963201
58.0,364.0,284.0,78.0,373.0,335.0,38.0,364.25189700000004,283.688808,78.267724,-0.2518970000000422,0.31119200000000546,-0.2677240000000012,0.4816312901473754,65.43699259593154
59.0,271.0,339.0,78.0,244.0,363.0,37.0,271.29816700000003,338.961755,77.828268,-0.29816700000003493,0.038245000000017626,0.17173200000000577,0.34620531442776,54.644304369257
60.0,447.0,368.0,78.0,437.0,464.0,40.0,447.58488,367.325097,77.997867,-0.5848799999999983,0.674902999999972,0.0021330000000006066,0.8930751499722519,103.73041983911952
61.0,225.0,414.0,78.0,161.0,432.0,37.0,224.770721,414.152342,77.458974,0.22927899999999113,-0.152341999999976,0.5410260000000022,0.6070305408140443,78.10889834071403
62.0,266.0,437.0,78.0,200.0,474.0,39.0,266.02732,436.67607799999996,78.375485,-0.027319999999974698,0.3239220000000387,-0.3754849999999976,0.4966496045594136,85.12343978012167
63.0,371.0,49.0,79.0,472.0,66.0,36.0,371.122053,48.89672300000001,79.316924,-0.12205299999999397,0.1032769999999914,-0.3169240000000002,0.35497027384556706,111.0810514894417
64.0,417.0,205.0,79.0,465.0,264.0,39.0,417.260795,204.615008,79.43054,-0.26079499999997324,0.3849920000000111,-0.4305399999999935,0.6337172584749361,85.93602271457529
65.0,254.0,390.0,79.0,203.0,417.0,37.0,253.499912,391.58093299999996,77.406081,0.5000880000000052,-1.580932999999959,1.5939189999999996,2.3000032471268113,71.37226352022192
66.0,255.0,390.0,80.0,205.0,416.0,40.0,254.82072800000003,390.313689,79.865427,0.179271999999969,-0.31368900000001076,0.13457300000000316,0.385550426058637,69.10861017268398
67.0,222.0,405.0,80.0,160.0,419.0,41.0,220.645263,404.349159,80.89894,1.354737,0.650841000000014,-0.8989399999999961,1.751285091026019,74.57211275000863
68.0,264.0,434.0,80.0,199.0,471.0,41.0,264.48733400000003,434.62433899999996,80.056111,-0.4873340000000326,-0.6243389999999636,-0.056111000000001354,0.7940038153548045,84.35045939412541
69.0,413.0,198.0,81.0,462.0,255.0,40.0,412.595592,198.410426,80.375043,0.40440799999998944,-0.41042600000000107,0.6249569999999949,0.8500391660323575,85.62125904236635
70.0,303.0,432.0,81.0,244.0,483.0,43.0,302.59530100000006,432.27527299999997,81.300438,0.40469899999993686,-0.2752729999999701,-0.30043799999999976,0.574299135445921,86.75252157718529
71.0,228.0,446.0,81.0,152.0,467.0,40.0,226.91724600000003,443.71997400000004,79.546065,1.0827539999999658,2.280025999999964,1.4539350000000013,2.912868306226144,88.87069258197553
72.0,407.0,119.0,82.0,486.0,161.0,41.0,406.779395,119.13418499999999,82.192768,0.22060499999997774,-0.134184999999988,-0.19276800000000094,0.3222292383909122,98.41747812253675
73.0,311.0,84.0,83.0,391.0,84.0,39.0,312.89757299999997,83.964116,82.008926,-1.8975729999999658,0.03588399999999581,0.9910739999999976,2.141097528199233,91.30169768410661
74.0,353.0,162.0,83.0,407.0,189.0,42.0,352.694413,161.433278,83.114312,0.3055870000000027,0.5667219999999986,-0.11431199999999819,0.6539300216361073,72.97944916207575
75.0,277.0,204.0,83.0,303.0,209.0,42.0,277.092201,204.002346,83.451668,-0.09220099999998865,-0.002345999999988635,-0.45166799999999796,0.4609886227891053,48.80573736764972
76.0,349.0,223.0,83.0,379.0,260.0,43.0,349.432445,223.895016,83.23467,-0.4324449999999729,-0.8950159999999983,-0.23466999999999416,1.0213384978453377,62.20128616033595
77.0,250.0,353.0,83.0,214.0,371.0,44.0,250.13397599999996,353.04397800000004,83.635051,-0.13397599999996146,-0.043978000000038264,-0.6350510000000043,0.6505177981123947,56.04462507680822
78.0,355.0,166.0,84.0,408.0,195.0,43.0,355.042617,165.845993,83.855994,-0.04261700000000701,0.1540070000000071,0.14400600000000452,0.21510949019976802,73.01369734508724
79.0,282.0,294.0,84.0,274.0,315.0,44.0,282.174764,293.932994,83.975695,-0.17476399999998193,0.06700599999999213,0.024304999999998245,0.18874054349024363,45.880278987817846
80.0,315.0,415.0,84.0,265.0,466.0,46.0,314.513652,413.636557,83.84678699999999,0.4863480000000209,1.363443000000018,0.15321300000000804,1.4556735261459117,80.90117428072351
81.0,354.0,162.0,85.0,409.0,190.0,45.0,354.535943,161.72027200000002,85.54957999999999,-0.5359429999999747,0.27972799999997733,-0.5495799999999917,0.817019479347311,73.54590403278758
82.0,372.0,46.0,86.0,475.0,62.0,44.0,372.48405599999995,45.087614999999985,85.904203,-0.48405599999995275,0.9123850000000147,0.09579700000000457,1.0372722229819815,112.37882362794157
83.0,391.0,125.0,86.0,466.0,161.0,46.0,391.28438,124.38099,86.40132299999999,-0.28437999999999874,0.619010000000003,-0.40132299999999077,0.7906361456630955,92.30926280715278
84.0,346.0,163.0,86.0,397.0,188.0,45.0,344.69107299999996,163.28449799999999,85.640366,1.3089270000000397,-0.28449799999998504,0.3596339999999998,1.3869266805743898,70.04998215560087
85.0,369.0,171.0,86.0,422.0,206.0,46.0,368.81187299999993,170.785713,86.104164,0.18812700000006544,0.214287000000013,-0.10416399999999726,0.30358001481327723,75.05997601918082
86.0,212.0,173.0,86.0,241.0,146.0,44.0,212.533002,171.175659,86.193733,-0.5330020000000104,1.824341000000004,-0.1937329999999946,1.9104564092315803,57.7408001330082
87.0,343.0,88.0,87.0,426.0,99.0,46.0,344.06172599999996,86.594492,87.370101,-1.0617259999999646,1.4055079999999975,-0.37010100000000534,1.7999137721960243,93.22553298319082
88.0,368.0,171.0,87.0,421.0,206.0,47.0,368.0439089999999,171.055458,86.929198,-0.043908999999928255,-0.05545799999998735,0.07080200000000048,0.10008253218715224,75.05997601918082
89.0,383.0,277.0,87.0,397.0,334.0,49.0,382.739391,276.783364,87.160572,0.2606089999999881,0.21663599999999406,-0.16057200000000194,0.37500876597886595,69.92138442565336
90.0,305.0,296.0,87.0,299.0,327.0,47.0,304.75151999999997,296.791241,86.150677,0.24848000000002912,-0.7912410000000136,0.8493229999999983,1.18707800451783,50.96076922496363
91.0,109.0,336.0,87.0,57.0,297.0,46.0,108.89461499999999,336.35682199999997,87.03765,0.1053850000000125,-0.35682199999996556,-0.037649999999999295,0.3739591694409672,76.8505042273634
92.0,236.0,373.0,87.0,190.0,388.0,49.0,235.956978,372.541294,87.661179,0.043022000000007665,0.4587060000000065,-0.6611790000000042,0.8058658430291062,61.5223536610881
93.0,367.0,87.0,88.0,452.0,108.0,47.0,366.61632599999996,86.841764,87.936691,0.3836740000000418,0.15823600000000226,0.06330900000000383,0.4198242482909167,96.6798841538404
94.0,357.0,123.0,88.0,427.0,146.0,48.0,357.09361599999994,122.878959,88.437659,-0.09361599999994041,0.12104100000000528,-0.43765899999999647,0.46363809099122455,83.83913167489273
95.0,357.0,218.0,88.0,390.0,255.0,49.0,356.73209699999995,217.210067,88.150566,0.26790300000004663,0.7899329999999907,-0.15056599999999776,0.8476062070643475,63.079315151640635
96.0,432.0,283.0,88.0,452.0,360.0,51.0,432.26248599999997,282.715244,88.180763,-0.26248599999996713,0.2847560000000158,-0.1807629999999989,0.4273875780845664,87.7382470761754
97.0,261.0,374.0,88.0,218.0,400.0,49.0,260.837626,374.590306,87.361059,0.1623739999999998,-0.5903059999999982,0.6389410000000026,0.8849136065136535,63.608175575157006
98.0,186.0,438.0,88.0,107.0,445.0,51.0,186.32334600000002,438.426199,89.07530299999999,-0.323346000000015,-0.4261989999999969,-1.075302999999991,1.2010307094849773,87.51571287488893
99.0,294.0,298.0,89.0,288.0,325.0,49.0,295.701761,298.115341,87.874854,-1.7017609999999763,-0.1153410000000008,1.1251460000000009,2.043342254424824,48.63126566315131
100.0,237.0,361.0,89.0,195.0,375.0,50.0,236.46645099999998,361.14926,88.609366,0.533549000000022,-0.1492600000000266,0.3906340000000057,0.6778997012516201,59.0
101.0,317.0,48.0,90.0,409.0,45.0,49.0,316.820374,49.077509000000006,90.573135,0.17962599999998474,-1.0775090000000063,-0.5731349999999935,1.2336023967154088,100.7670581092849
102.0,291.0,250.0,90.0,301.0,267.0,51.0,290.720322,249.683849,90.139799,0.2796779999999899,0.31615099999999074,-0.13979899999999645,0.4446515477157225,43.70354676682432
103.0,178.0,75.0,91.0,238.0,22.0,48.0,177.953891,75.63201099999999,90.981146,0.04610900000000129,-0.6320109999999914,0.01885400000000459,0.6339711486479408,90.87353850269065
104.0,351.0,117.0,91.0,423.0,137.0,51.0,351.669498,116.953995,91.026671,-0.669497999999976,0.046004999999993856,-0.026670999999993228,0.671606562110561,84.75848040166836
105.0,319.0,361.0,91.0,291.0,408.0,56.0,319.705774,361.905713,92.595265,-0.7057740000000194,-0.9057129999999916,-1.5952649999999977,1.965528783220944,64.94613152451807
106.0,181.0,73.0,92.0,243.0,20.0,49.0,181.327291,72.788286,91.796904,-0.32729100000000244,0.21171400000000062,0.20309600000000216,0.43953407341525036,92.2062904578641
107.0,256.0,192.0,92.0,285.0,187.0,52.0,257.46860300000003,191.682154,92.011338,-1.46860300000003,0.31784600000000296,-0.011337999999994963,1.5026474641675238,49.658836071740545
108.0,398.0,351.0,92.0,386.0,427.0,57.0,398.47784099999996,351.99300700000003,92.657894,-0.47784099999995533,-0.9930070000000342,-0.6578939999999989,1.2834404694281787,84.52810183601665
109.0,122.0,368.0,92.0,60.0,338.0,52.0,121.954585,367.498323,91.44422399999999,0.045415000000005534,0.5016769999999724,0.5557760000000087,0.7500861928671815,79.64923100695951
110.0,165.0,84.0,93.0,220.0,27.0,50.0,165.28754,84.215048,92.659963,-0.287540000000007,-0.2150479999999959,0.34003699999999526,0.49452002514862736,90.12768719988325
111.0,351.0,217.0,93.0,383.0,253.0,54.0,350.817537,217.524298,92.310932,0.18246299999998428,-0.5242979999999875,0.689068000000006,0.8848705260076128,61.97580172938467
112.0,250.0,357.0,93.0,213.0,375.0,55.0,250.49793,356.520929,92.606679,-0.49792999999999665,0.47907099999997627,0.39332100000000025,0.7950752901341948,56.00892785976178
113.0,379.0,117.0,94.0,455.0,147.0,56.0,379.182729,116.458646,94.825768,-0.1827289999999948,0.5413539999999983,-0.8257679999999965,1.004164742749411,90.11104260855048
114.0,349.0,129.0,94.0,415.0,149.0,56.0,348.622923,128.407764,95.02404999999999,0.3770769999999857,0.592236000000014,-1.0240499999999884,1.2416154582337406,78.74007874011811
115.0,379.0,356.0,94.0,363.0,424.0,60.0,379.852618,355.668325,95.280293,-0.8526180000000068,0.33167500000001837,-1.2802930000000003,1.5735678966596975,77.69169839822013
116.0,390.0,172.0,95.0,446.0,215.0,57.0,389.902937,171.651459,94.876622,0.09706299999999146,0.34854100000001154,0.12337800000000243,0.38226193314794893,80.18104514160439
117.0,390.0,188.0,95.0,441.0,234.0,58.0,390.973704,187.725953,95.49515099999999,-0.9737039999999979,0.27404699999999593,-0.4951509999999928,1.1262218922690086,78.01281945936834
118.0,225.0,405.0,95.0,166.0,420.0,58.0,225.721531,403.734887,94.784622,-0.7215309999999988,1.2651129999999853,0.21537800000000118,1.4722450779724012,71.23903424387504
119.0,169.0,81.0,96.0,225.0,25.0,54.0,168.688087,81.400942,95.934146,0.3119130000000041,-0.4009420000000006,0.06585400000000163,0.512231350318392,89.64373932405988
120.0,169.0,88.0,96.0,223.0,33.0,54.0,169.216917,88.137638,95.848952,-0.21691699999999514,-0.1376379999999955,0.15104800000000296,0.298014600711102,87.77812939451375
121.0,391.0,171.0,96.0,447.0,214.0,57.0,390.41959299999996,170.614468,94.883102,0.5804070000000365,0.385532000000012,1.1168980000000062,1.3164225579490294,80.65977932030313
122.0,382.0,190.0,96.0,430.0,233.0,59.0,382.175253,189.817299,96.38781399999999,-0.17525299999999788,0.18270100000000866,-0.38781399999999167,0.4631338553873987,74.31016081263719
123.0,298.0,345.0,96.0,272.0,381.0,59.0,297.94003499999997,345.89068699999996,95.484364,0.0599650000000338,-0.8906869999999572,0.5156360000000006,1.030921732087324,57.8013840664737
124.0,403.0,377.0,96.0,382.0,458.0,61.0,403.477052,377.16267600000003,95.584821,-0.4770520000000147,-0.16267600000003313,0.41517899999999486,0.6530051253405447,90.7028114227999
125.0,210.0,412.0,96.0,145.0,424.0,59.0,210.45473500000003,412.31054800000004,95.67268,-0.45473500000002787,-0.3105480000000398,0.3273200000000003,0.6405953191594911,75.7495874576225
126.0,361.0,368.0,97.0,337.0,431.0,62.0,361.49087699999995,367.884576,96.97950399999999,-0.49087699999995493,0.11542400000001862,0.020496000000008507,0.5046811022031243,75.96051605933177
127.0,420.0,393.0,97.0,395.0,483.0,64.0,420.114293,393.24193399999996,97.670004,-0.11429299999997511,-0.2419339999999579,-0.6700040000000058,0.7214570744132888,99.06563480844405
128.0,382.0,186.0,98.0,430.0,228.0,60.0,380.882517,185.941577,97.267484,1.117482999999993,0.05842300000000478,0.7325160000000039,1.3374457717881463,74.24284477308234
129.0,353.0,366.0,99.0,329.0,425.0,64.0,353.730729,365.32058399999994,98.73516,-0.7307289999999966,0.6794160000000602,0.2648400000000066,1.032332891124312,72.6773692424265
130.0,453.0,370.0,99.0,442.0,468.0,66.0,452.746647,369.390911,99.22826599999999,0.25335300000000416,0.6090889999999831,-0.22826599999999075,0.6980562436408526,103.99038417084533
131.0,377.0,125.0,100.0,449.0,156.0,62.0,376.918158,125.07118700000001,99.667621,0.08184199999999464,-0.071187000000009,0.3323790000000031,0.3496305215137867,87.11486669908874
132.0,353.0,221.0,100.0,384.0,257.0,63.0,352.71741899999995,220.461759,99.632492,0.28258100000005015,0.5382409999999993,0.36750800000000083,0.7103643612302268,60.21627686929839
133.0,318.0,367.0,100.0,286.0,413.0,65.0,317.203935,367.179525,99.93814,0.7960649999999987,-0.17952500000001237,0.06185999999999581,0.8183980507369271,66.06814663663572
134.0,361.0,359.0,101.0,339.0,421.0,67.0,360.486578,359.643007,101.186151,0.5134219999999914,-0.6430070000000114,-0.1861509999999953,0.8436304563812309,74.05403432629447
135.0,383.0,189.0,102.0,431.0,232.0,66.0,382.75525200000004,188.849419,102.130619,0.24474799999995867,0.1505809999999883,-0.13061899999999582,0.3156541528730062,73.81734213584231
136.0,319.0,331.0,102.0,301.0,373.0,66.0,318.45389900000004,332.20655800000003,101.15579,0.5461009999999646,-1.2065580000000296,0.8442100000000039,1.5705728361540698,58.172158288995945
137.0,221.0,406.0,102.0,159.0,418.0,68.0,219.852216,404.098483,103.042363,1.1477840000000015,1.9015170000000126,-1.0423629999999946,2.453506803682036,71.72168430816443
138.0,314.0,166.0,103.0,361.0,179.0,66.0,314.565421,165.853152,103.157816,-0.5654210000000148,0.14684800000000564,-0.15781599999999685,0.6051207583623432,61.212743771211564
139.0,318.0,307.0,103.0,309.0,344.0,68.0,317.13774800000004,307.610877,103.099399,0.8622519999999554,-0.6108770000000163,-0.09939900000000534,1.0613808844302521,51.720402163943
140.0,407.0,339.0,103.0,401.0,415.0,69.0,407.11734,338.887975,102.55267699999999,-0.11734000000001288,0.11202500000001692,0.44732300000001146,0.4758320528863278,83.47454701883683
141.0,352.0,363.0,103.0,328.0,421.0,69.0,351.957533,362.521345,102.88624999999999,0.04246699999998782,0.4786550000000034,0.11375000000001023,0.49381486167794153,71.386273190299
142.0,303.0,271.0,104.0,307.0,296.0,68.0,303.086586,270.828909,103.688389,-0.08658600000001115,0.1710909999999899,0.3116109999999992,0.36588342542126445,44.01136216933077
143.0,218.0,82.0,105.0,282.0,44.0,66.0,218.03319899999997,81.471975,105.222242,-0.03319899999996778,0.5280249999999995,-0.22224199999999428,0.5738502250500516,84.02975663418287
144.0,362.0,156.0,105.0,419.0,187.0,67.0,361.72408,157.00740100000002,103.558557,0.27591999999998507,-1.0074010000000158,1.4414430000000067,1.7800973410041494,75.19308478842984
145.0,228.0,332.0,105.0,197.0,339.0,71.0,228.83765400000001,332.860565,106.24062699999999,-0.8376540000000148,-0.8605650000000082,-1.2406269999999893,1.726670697055467,46.54030511288038
146.0,232.0,461.0,105.0,150.0,489.0,72.0,231.38064200000002,461.652272,105.515525,0.619357999999977,-0.6522719999999822,-0.5155249999999967,1.0367396586284063,92.72000862812729
147.0,254.0,336.0,106.0,225.0,353.0,71.0,254.239016,336.463815,105.916429,-0.23901599999999235,-0.46381500000001097,0.08357100000000628,0.5284289115122369,48.52834223420371
148.0,374.0,361.0,106.0,355.0,428.0,74.0,374.804628,360.99399900000003,106.749259,-0.8046279999999797,0.006000999999969281,-0.749258999999995,1.0994777303183358,76.64202502543888
149.0,242.0,368.0,106.0,198.0,385.0,72.0,241.60013800000002,368.35804,106.500749,0.3998619999999846,-0.3580400000000168,-0.500748999999999,0.7340516478048386,58.146367040426526
150.0,229.0,388.0,106.0,175.0,403.0,72.0,228.415265,388.323238,106.41190399999999,0.5847349999999949,-0.32323800000000347,-0.4119039999999927,0.78489663656114,65.55150646628954
151.0,416.0,247.0,107.0,447.0,312.0,74.0,416.08841199999995,246.939971,107.634355,-0.08841199999994842,0.0600289999999859,-0.6343549999999993,0.6432934234157756,79.21489758877429
152.0,207.0,272.0,107.0,194.0,261.0,71.0,206.19876900000003,273.024899,107.196346,0.8012309999999729,-1.024899000000005,-0.19634600000000546,1.315652244051584,39.824615503479755
153.0,225.0,394.0,107.0,169.0,408.0,73.0,225.064021,393.777938,107.204538,-0.06402099999999677,0.222061999999994,-0.20453799999999944,0.3086195290790858,66.9925368977769
154.0,291.0,385.0,108.0,249.0,423.0,75.0,291.14851400000003,384.664709,108.218183,-0.14851400000003423,0.3352909999999838,-0.21818299999999624,0.42670866450776185,65.55150646628954
155.0,173.0,87.0,109.0,228.0,33.0,70.0,173.246766,86.996246,108.932757,-0.24676600000000803,0.0037540000000007012,0.06724300000000483,0.25579126709292604,86.38286867197685
156.0,201.0,289.0,109.0,182.0,277.0,74.0,201.06747199999998,288.60688600000003,109.528855,-0.06747199999998088,0.39311399999996866,-0.528854999999993,0.6624037279521948,41.593268686170845
157.0,396.0,308.0,109.0,400.0,375.0,76.0,395.98938999999996,308.132198,108.77612099999999,0.010610000000042419,-0.1321980000000167,0.22387900000001082,0.2602127782123894,74.79304780526061
158.0,441.0,383.0,109.0,422.0,479.0,78.0,440.178902,383.255136,109.040717,0.8210980000000063,-0.25513599999999315,-0.04071700000000078,0.8607869528454802,102.65476121447071
159.0,397.0,113.0,110.0,477.0,150.0,75.0,397.230017,113.26040599999999,110.23737799999999,-0.23001699999997527,-0.26040599999998904,-0.23737799999999254,0.4207937974934746,94.83670175622937
160.0,315.0,241.0,110.0,333.0,266.0,75.0,315.54155699999995,240.82777800000002,109.64134999999999,-0.5415569999999548,0.17222199999997656,0.35865000000001146,0.671992726175627,46.62617290749907
161.0,223.0,395.0,110.0,167.0,409.0,76.0,223.79749900000002,395.10441999999995,109.662042,-0.7974990000000162,-0.10441999999994778,0.3379580000000004,0.8724240947870566,66.9925368977769
162.0,252.0,370.0,111.0,211.0,391.0,77.0,253.308694,369.691783,110.453623,-1.3086940000000027,0.3082170000000133,0.5463770000000068,1.451277206757559,57.253820833198546
163.0,277.0,100.0,112.0,343.0,88.0,76.0,276.97718999999995,99.911749,112.548177,0.022810000000049513,0.08825099999999964,-0.5481769999999955,0.5557036606231753,76.13146524269712
164.0,330.0,155.0,112.0,383.0,172.0,76.0,329.927698,154.79486500000002,111.31454099999999,0.07230199999997922,0.2051349999999843,0.6854590000000087,0.7191397556177814,66.2872536767062
165.0,229.0,299.0,112.0,211.0,299.0,77.0,229.35585,298.19683499999996,111.56121099999999,-0.3558500000000038,0.8031650000000354,0.4387890000000141,0.9819567333880205,39.35733730830886
166.0,360.0,318.0,112.0,353.0,371.0,79.0,358.455498,317.267325,111.54397499999999,1.5445020000000227,0.732674999999972,0.456025000000011,1.7692534821935604,62.82515419798029
167.0,393.0,82.0,113.0,484.0,112.0,78.0,392.802689,81.940399,113.114372,0.19731100000001334,0.05960100000000068,-0.11437200000000303,0.23572200641010596,102.00980345045274
168.0,415.0,151.0,113.0,483.0,200.0,79.0,414.946141,150.59661599999998,112.879974,0.053858999999988555,0.40338400000001684,0.12002599999999575,0.42429433653186005,90.44888059008801
169.0,181.0,121.0,114.0,224.0,75.0,77.0,181.13705099999999,120.743843,114.18567999999999,-0.13705099999998538,0.25615700000000174,-0.18567999999999074,0.344784639521533,73.03423854604085
170.0,244.0,405.0,115.0,187.0,429.0,83.0,244.60824199999996,405.518471,115.04640699999999,-0.6082419999999615,-0.5184709999999768,-0.046406999999987875,0.8005773654394234,69.63476143421474
171.0,272.0,49.0,116.0,356.0,27.0,80.0,271.232778,49.168645999999995,116.488189,0.7672220000000038,-0.1686459999999954,-0.48818900000000554,0.9248781380922623,94.0
172.0,172.0,94.0,116.0,223.0,41.0,78.0,171.516949,94.591542,115.42004,0.483050999999989,-0.591542000000004,0.5799599999999998,0.9589649670165192,82.78888814327681
173.0,332.0,239.0,116.0,353.0,270.0,83.0,332.1956369999999,238.81779799999998,116.037814,-0.19563699999991968,0.18220200000001796,-0.03781399999999735,0.2700024132650946,49.90991885387112
174.0,423.0,387.0,116.0,400.0,477.0,86.0,422.63629399999996,387.497066,115.742893,0.36370600000003606,-0.497066000000018,0.25710700000000486,0.667428402333199,97.6165969494942
175.0,186.0,125.0,117.0,227.0,82.0,81.0,185.326785,125.443552,117.36263,0.673214999999999,-0.44355199999999684,-0.3626299999999958,0.8840007521654,69.46941773183363
176.0,401.0,189.0,117.0,450.0,240.0,85.0,399.773286,190.31639,117.498711,1.2267140000000154,-1.3163900000000126,-0.4987110000000001,1.8671964362158233,77.6273147803014
177.0,239.0,369.0,117.0,195.0,384.0,85.0,239.126379,368.488886,117.18263999999999,-0.1263789999999858,0.5111140000000205,-0.18263999999999214,0.557284973991776,56.43580423808985
178.0,219.0,457.0,117.0,137.0,478.0,86.0,218.54223199999998,456.620521,117.192871,0.4577680000000157,0.37947900000000345,-0.19287099999999668,0.6251040520633471,90.1443287178955
179.0,404.0,193.0,118.0,454.0,245.0,86.0,404.19217199999997,193.17237,118.235755,-0.19217199999997092,-0.1723700000000008,-0.2357549999999975,0.3496025093001878,78.91767862779544
180.0,216.0,460.0,119.0,133.0,481.0,87.0,216.2243,460.001239,117.998465,-0.2242999999999995,-0.0012389999999982138,1.001535000000004,1.0263451570237023,91.40021881811882
181.0,311.0,207.0,120.0,341.0,225.0,87.0,311.191612,207.005399,119.924177,-0.19161200000002054,-0.005399000000011256,0.07582299999999975,0.20613935838167333,48.093658625644196
182.0,125.0,301.0,120.0,89.0,262.0,86.0,125.008496,301.236673,120.060127,-0.008495999999993842,-0.23667299999999614,-0.06012699999999427,0.24433900031308423,63.0317380372777
183.0,348.0,1.0,121.0,463.0,1.0,85.0,347.64913199999995,1.2066130000000044,120.303765,0.35086800000004814,-0.20661300000000438,0.6962350000000015,0.8065608845078205,120.50311199301038
184.0,181.0,126.0,121.0,222.0,82.0,85.0,181.477916,126.782404,120.668325,-0.47791599999999335,-0.7824039999999997,0.33167500000000416,0.9749707830991634,70.09279563550022
185.0,221.0,175.0,121.0,250.0,153.0,86.0,221.72867599999998,174.69131,120.477379,-0.7286759999999788,0.3086900000000128,0.5226210000000009,0.9483622402420806,50.49752469181039
186.0,440.0,276.0,121.0,463.0,355.0,91.0,439.869804,276.365977,120.95880899999999,0.1301960000000122,-0.3659769999999867,0.04119100000001197,0.3906236826230514,87.57853618324526
187.0,256.0,358.0,121.0,219.0,378.0,90.0,256.257794,357.638609,121.21883299999999,-0.25779399999998986,0.361391000000026,-0.2188329999999894,0.4949233104290087,52.24940191045253
188.0,281.0,373.0,121.0,242.0,405.0,90.0,281.158732,372.64376599999997,120.765923,-0.15873199999998633,0.356234000000029,0.2340769999999992,0.45485223150932874,59.21148537234985
189.0,440.0,274.0,122.0,464.0,353.0,92.0,440.135152,274.56174,121.796803,-0.13515200000000505,-0.5617399999999861,0.20319700000000296,0.612459722359754,87.84645695758026
190.0,249.0,360.0,122.0,210.0,378.0,91.0,249.273726,359.98733,122.08833899999999,-0.27372600000001057,0.01267000000001417,-0.08833899999999062,0.2879066357293706,52.97169055259611
191.0,376.0,53.0,123.0,476.0,72.0,90.0,376.280893,53.053090999999995,123.474104,-0.28089299999999184,-0.05309099999999489,-0.474103999999997,0.5536191240789935,107.00467279516349
192.0,268.0,142.0,123.0,316.0,133.0,89.0,267.831541,142.026997,122.80968999999999,0.16845899999998437,-0.026996999999994387,0.19031000000001086,0.25558788858237896,59.50630218724736
193.0,258.0,152.0,123.0,301.0,141.0,89.0,258.259202,152.142029,122.796763,-0.25920200000001614,-0.14202900000000795,0.20323700000000144,0.3586965177054431,55.910642993977454
194.0,377.0,192.0,123.0,423.0,232.0,91.0,376.765373,191.17522,122.66196599999999,0.23462699999998904,0.8247800000000041,0.3380340000000075,0.9217260236561657,68.84765791223403
195.0,404.0,210.0,123.0,447.0,265.0,92.0,404.01451499999996,210.593092,122.950738,-0.01451499999996031,-0.5930920000000128,0.04926199999999881,0.5953113053966084,76.38717169787084
196.0,411.0,239.0,123.0,444.0,301.0,92.0,411.056328,239.348992,122.53401099999999,-0.056328000000007705,-0.34899200000000974,0.46598900000000754,0.5849051271522713,76.77239087067694
197.0,368.0,254.0,123.0,389.0,303.0,92.0,368.84132700000004,255.19619000000003,122.81567799999999,-0.8413270000000352,-1.1961900000000298,0.18432200000000876,1.4740000802961764,61.66846844214635
198.0,253.0,361.0,123.0,215.0,380.0,91.0,253.679505,360.242208,122.03646599999999,-0.679505000000006,0.7577919999999949,0.9635340000000099,1.4015611044278518,53.1883445878888
199.0,211.0,458.0,123.0,128.0,476.0,93.0,211.091744,457.474242,123.003305,-0.0917440000000056,0.5257579999999962,-0.003304999999997449,0.5337128058469246,90.07219326740079
200.0,380.0,42.0,124.0,485.0,60.0,90.0,380.149726,41.388814999999994,123.568541,-0.14972599999998693,0.6111850000000061,0.4314590000000038,0.7629691002799568,111.8257573191436
201.0,262.0,153.0,124.0,305.0,143.0,90.0,261.897017,152.666652,123.569924,0.10298299999999472,0.33334800000000087,0.4300759999999997,0.5537975741812158,55.72252686302013
202.0,386.0,148.0,126.0,450.0,186.0,94.0,385.795449,148.440821,125.524092,0.20455099999998083,-0.4408209999999997,0.475908000000004,0.6801857761714778,81.01851640211638
203.0,380.0,195.0,126.0,424.0,237.0,94.0,378.87131800000003,194.830562,125.054637,1.1286819999999693,0.16943800000001374,0.9453630000000004,1.4820065771571111,68.73136110975832
204.0,426.0,285.0,126.0,443.0,360.0,98.0,425.69467199999997,285.518123,126.746119,0.30532800000003135,-0.5181230000000028,-0.7461189999999931,0.9583163323631773,81.8413098624405
205.0,424.0,289.0,126.0,439.0,364.0,97.0,423.618999,289.656214,125.900724,0.3810010000000261,-0.6562139999999772,0.09927600000000325,0.7652674695640673,81.79853299418028
206.0,473.0,374.0,126.0,464.0,482.0,98.0,473.77549899999997,374.869329,125.16062199999999,-0.775498999999968,-0.8693289999999934,0.8393780000000106,1.4358575960470301,111.93301568348814
207.0,356.0,3.0,127.0,471.0,5.0,94.0,354.988105,2.3249699999999933,127.586412,1.0118949999999813,0.6750300000000067,-0.5864119999999957,1.350361442603041,119.65784554303157
208.0,269.0,148.0,127.0,315.0,140.0,94.0,268.922272,147.776067,126.828351,0.07772799999997915,0.22393299999998817,0.17164900000000216,0.2926619375217628,57.175169435691224
209.0,275.0,232.0,127.0,290.0,238.0,94.0,275.011933,230.43052899999998,125.787504,-0.011932999999999083,1.5694710000000214,1.2124960000000016,1.9833124227781338,36.742346141747674
210.0,237.0,377.0,127.0,189.0,393.0,97.0,236.91610200000002,377.160665,126.94134299999999,0.08389799999997649,-0.1606649999999945,0.05865700000001084,0.19050658854222222,58.82176467941097
211.0,201.0,191.0,128.0,219.0,164.0,95.0,200.586641,191.38450799999998,127.89255399999999,0.413359000000014,-0.38450799999998253,0.10744600000001014,0.5746796567314701,46.281745861624536
212.0,440.0,270.0,128.0,465.0,349.0,99.0,439.93408,271.26250300000004,127.57572499999999,0.06592000000000553,-1.262503000000038,0.4242750000000086,1.3335173591048988,87.78952101475437
213.0,427.0,282.0,128.0,445.0,356.0,100.0,426.225368,281.909649,128.42210699999998,0.7746319999999969,0.0903509999999983,-0.4221069999999827,0.8867876623374844,81.14185110040317
214.0,175.0,150.0,129.0,206.0,107.0,95.0,175.645123,150.467061,128.651044,-0.6451230000000123,-0.46706100000000106,0.34895599999998694,0.869540081184305,62.976185975335156
215.0,440.0,274.0,129.0,464.0,352.0,100.0,439.947187,273.863605,128.364642,0.052813000000014654,0.13639499999999316,0.6353579999999965,0.651975917621192,86.6083136886985
216.0,218.0,297.0,129.0,199.0,292.0,98.0,218.399224,296.082799,128.921167,-0.3992240000000038,0.9172009999999773,0.07883300000000304,1.003420210313686,36.701498607005135
217.0,250.0,358.0,129.0,212.0,376.0,100.0,250.38847900000002,358.002205,129.476574,-0.388479000000018,-0.0022050000000035652,-0.4765739999999994,0.6148524806341871,51.07837115648854
218.0,318.0,239.0,130.0,337.0,264.0,101.0,318.36416899999995,238.49075,130.949542,-0.3641689999999471,0.5092500000000086,-0.9495420000000081,1.1373586210272404,42.74342054632502
219.0,440.0,266.0,130.0,467.0,345.0,100.0,440.455727,267.644156,128.43223799999998,-0.4557270000000244,-1.6441560000000095,1.567762000000016,2.3170700765210155,88.7130204648675
220.0,200.0,454.0,130.0,117.0,468.0,101.0,200.53413700000002,454.194866,129.716566,-0.5341370000000154,-0.19486599999999044,0.28343399999999974,0.6353030183156795,89.02808545621994
221.0,319.0,237.0,131.0,338.0,263.0,102.0,318.88987399999996,237.463632,131.775497,0.11012600000003658,-0.46363199999998983,-0.7754970000000014,0.9102076490059842,43.3358973600409
222.0,449.0,257.0,131.0,480.0,336.0,103.0,448.24083,257.301368,130.92674699999998,0.7591699999999832,-0.30136800000002495,0.07325300000002244,0.8200779001613157,89.36442245099556
223.0,441.0,280.0,131.0,463.0,359.0,104.0,441.028869,279.602802,131.563828,-0.028868999999986045,0.39719800000000305,-0.5638280000000009,0.6902910139564347,86.3365507765975
224.0,274.0,300.0,131.0,262.0,318.0,102.0,274.156521,299.95544900000004,131.535836,-0.1565209999999979,0.04455099999995582,-0.5358359999999891,0.5600034231484516,36.180105030251084
225.0,196.0,448.0,131.0,116.0,458.0,102.0,197.16260300000002,446.693421,130.66199,-1.1626030000000185,1.3065789999999993,0.33800999999999704,1.7813043476481045,85.67963585356792
226.0,201.0,455.0,131.0,118.0,469.0,103.0,201.58960500000003,454.731859,131.337918,-0.5896050000000344,0.2681410000000142,-0.33791800000000194,0.7305629518597624,88.70738413458037
227.0,388.0,226.0,132.0,424.0,277.0,103.0,389.36703900000003,226.004179,131.948352,-1.3670390000000339,-0.0041789999999934935,0.05164800000000014,1.3680206897068818,68.83313155741209
228.0,257.0,44.0,133.0,342.0,15.0,100.0,257.411292,43.678886000000006,133.099983,-0.4112920000000031,0.32111399999999435,-0.09998300000000881,0.5312926788023723,95.68176419778223
229.0,309.0,143.0,133.0,363.0,150.0,103.0,308.903907,143.162258,133.81640399999998,0.09609299999999621,-0.16225800000000845,-0.8164039999999773,0.8379003606807702,62.16912416947821
230.0,240.0,368.0,133.0,196.0,383.0,103.0,239.80591700000002,367.62960899999996,131.93966999999998,0.1940829999999778,0.37039100000004055,1.0603300000000218,1.1398058662202382,55.326304774492215
231.0,197.0,453.0,133.0,113.0,466.0,106.0,196.950616,453.729481,133.860255,0.049384000000003425,-0.7294810000000211,-0.8602549999999951,1.1289906881112983,89.1852005660132
232.0,369.0,144.0,134.0,432.0,174.0,105.0,368.78447,143.901692,134.782847,0.2155300000000011,0.09830800000000295,-0.7828470000000038,0.8179040708866824,75.56454194925024
233.0,386.0,147.0,134.0,451.0,185.0,105.0,386.411644,147.512433,134.544797,-0.4116440000000239,-0.5124329999999873,-0.5447969999999884,0.8537225154779473,80.68457101577724
234.0,363.0,189.0,134.0,408.0,224.0,104.0,363.14495900000003,188.98469699999998,133.49483800000002,-0.14495900000002848,0.015303000000017164,0.5051619999999843,0.5257717563106571,64.42049363362563
235.0,256.0,199.0,134.0,280.0,194.0,103.0,255.86753600000003,198.92487,133.748085,0.13246399999997038,0.07513000000000147,0.2519149999999968,0.29436778937409364,39.52214569073901
236.0,445.0,258.0,134.0,476.0,336.0,107.0,445.168974,258.380348,134.226883,-0.16897399999999152,-0.38034800000002633,-0.22688299999998662,0.4740176256944578,88.17028978062848
237.0,375.0,39.0,135.0,480.0,54.0,103.0,374.820156,38.15381000000001,134.321745,0.17984400000000278,0.8461899999999929,0.6782550000000072,1.0992775925402094,110.78808600206071
238.0,225.0,412.0,135.0,162.0,429.0,107.0,225.400093,412.252223,134.852782,-0.40009299999999826,-0.25222300000001496,0.1472180000000094,0.4953422956925937,71.00704190430693
239.0,192.0,419.0,135.0,121.0,425.0,107.0,192.501132,419.79849900000005,135.12885699999998,-0.5011320000000126,-0.7984990000000494,-0.12885699999998224,0.9514925437827071,76.55716818169282
240.0,196.0,427.0,135.0,122.0,434.0,107.0,195.62135800000001,426.53269800000004,135.014947,0.37864199999998505,0.467301999999961,-0.014947000000006483,0.6016347198898618,79.42921376924235
241.0,312.0,189.0,136.0,350.0,205.0,106.0,313.14952,189.311758,135.684951,-1.1495199999999954,-0.31175799999999754,0.3150489999999877,1.2320085849396425,50.99019513592785
242.0,398.0,216.0,136.0,438.0,268.0,107.0,397.9382039999999,215.41139199999998,135.256777,0.06179600000007213,0.588608000000022,0.7432230000000004,0.950083444234787,71.72865536171719
243.0,404.0,372.0,136.0,384.0,451.0,110.0,403.6519799999999,371.686876,135.812251,0.3480200000000764,0.31312400000001617,0.1877489999999966,0.504394931355443,85.53946457629952
244.0,223.0,414.0,136.0,158.0,431.0,108.0,222.82180400000001,414.855822,135.670415,0.1781959999999856,-0.8558219999999892,0.3295850000000087,0.9342437488819404,72.78736154031138
245.0,225.0,169.0,137.0,256.0,147.0,105.0,225.000543,168.656951,136.08628399999998,-0.0005429999999932988,0.3430490000000077,0.9137160000000222,0.9759917212282314,49.68903299521938
246.0,391.0,236.0,137.0,421.0,288.0,110.0,389.96326999999997,235.40121499999998,137.56892499999998,1.0367300000000341,0.5987850000000208,-0.5689249999999788,1.3255294130082786,65.82552696332935
247.0,253.0,50.0,138.0,335.0,20.0,106.0,253.32828,49.44282299999999,137.99555099999998,-0.32828000000000657,0.55717700000001,0.004449000000022352,0.6467099514697572,92.99462350050136
248.0,199.0,109.0,138.0,250.0,67.0,106.0,199.51895399999998,108.056536,137.902233,-0.5189539999999795,0.9434640000000059,0.0977670000000046,1.0812011652329045,73.40980860893181
249.0,309.0,148.0,138.0,362.0,155.0,109.0,309.482973,147.366963,138.678618,-0.4829730000000154,0.6330370000000016,-0.6786180000000002,1.0461936493890684,60.81940479813988
250.0,352.0,270.0,138.0,365.0,314.0,111.0,353.22887299999996,270.169014,138.38669,-1.2288729999999646,-0.16901400000000422,-0.3866899999999873,1.2993166428645886,53.23532661682466
251.0,191.0,419.0,138.0,119.0,423.0,112.0,190.47163700000002,418.81336999999996,139.261428,0.5283629999999846,0.1866300000000365,-1.261427999999995,1.3802893956895361,76.6550715869472
252.0,299.0,172.0,139.0,341.0,179.0,109.0,299.414268,171.475131,138.506421,-0.41426799999999275,0.5248689999999954,0.4935790000000111,0.8310990748556998,52.08646657242167
253.0,317.0,241.0,139.0,334.0,267.0,113.0,316.92278899999997,241.720199,140.763802,0.07721100000003389,-0.720199000000008,-1.7638019999999983,1.906736907212427,40.50925820105819
254.0,441.0,269.0,140.0,468.0,346.0,114.0,441.619783,268.299625,139.88729,-0.619782999999984,0.7003750000000082,0.11270999999999276,0.9419976920428149,85.63877626402656
255.0,352.0,330.0,140.0,341.0,384.0,114.0,352.832698,330.833891,140.13580100000001,-0.8326979999999935,-0.8338909999999942,-0.13580100000001494,1.1862554828897456,60.93439094632849
256.0,458.0,349.0,140.0,455.0,446.0,116.0,457.572412,349.409607,140.394607,0.4275880000000143,-0.40960699999999406,-0.3946070000000077,0.7115645273915876,99.9699954986495
257.0,362.0,93.0,141.0,444.0,112.0,112.0,362.029835,92.670961,141.198882,-0.029834999999991396,0.32903899999999453,-0.19888199999999756,0.3856304457249128,89.02808545621994
258.0,283.0,199.0,141.0,312.0,204.0,113.0,283.426012,198.478886,141.644557,-0.42601200000001427,0.5211140000000114,-0.6445569999999918,0.9319333406360208,40.620192023179804
259.0,212.0,391.0,143.0,155.0,400.0,116.0,212.49209000000002,391.62373299999996,142.61610100000001,-0.4920900000000188,-0.6237329999999588,0.38389899999998534,0.8823683276217228,63.7102817447859
260.0,180.0,455.0,143.0,93.0,460.0,117.0,179.947753,454.37281,143.05789399999998,0.05224699999999416,0.6271899999999846,-0.05789399999997613,0.6320195885769502,90.93954035511726
261.0,283.0,98.0,144.0,350.0,87.0,114.0,282.499786,97.6907,143.661353,0.5002140000000281,0.30929999999999325,0.3386470000000088,0.6786474242233812,74.22937423958254
262.0,189.0,115.0,144.0,234.0,70.0,112.0,187.92211099999997,114.60508300000001,142.87191,1.0778890000000274,0.3949169999999924,1.128089999999986,1.6094692234740064,71.2320152740325
263.0,363.0,117.0,144.0,435.0,141.0,115.0,362.614218,117.575879,143.358207,0.38578200000000606,-0.5758790000000005,0.6417930000000069,0.9446494741511341,81.24653838779841
264.0,316.0,243.0,144.0,332.0,268.0,117.0,315.66531599999996,243.056554,144.04078099999998,0.3346840000000384,-0.056554000000005544,-0.040780999999981304,0.34186960194352584,40.124805295477756
265.0,385.0,288.0,144.0,395.0,347.0,119.0,385.203436,288.096765,144.37843299999997,-0.2034360000000106,-0.09676500000000487,-0.3784329999999727,0.44041027100873176,64.85368146836385
266.0,192.0,423.0,144.0,120.0,429.0,117.0,192.856037,423.265577,143.28100999999998,-0.8560369999999864,-0.2655770000000075,0.7189900000000193,1.1490331189300023,77.12976079309465
267.0,191.0,470.0,144.0,101.0,483.0,118.0,192.16111700000002,470.177444,143.55599999999998,-1.1611170000000186,-0.17744399999997995,0.4440000000000168,1.2557129691235378,94.57801012920498
268.0,285.0,123.0,145.0,344.0,117.0,115.0,285.657467,122.573375,144.153012,-0.6574669999999969,0.42662500000000136,0.8469880000000103,1.1539759177981206,66.46051459325304
269.0,372.0,96.0,146.0,454.0,120.0,119.0,371.946164,96.358304,146.78330499999998,0.05383599999998978,-0.35830400000000395,-0.7833049999999844,0.8630450708607154,89.60468737739114
270.0,379.0,102.0,146.0,459.0,130.0,120.0,378.44384799999995,102.84000700000001,147.45459499999998,0.5561520000000542,-0.8400070000000142,-1.4545949999999834,1.7693963437223543,88.656641037206
271.0,365.0,256.0,147.0,384.0,302.0,122.0,364.96737499999995,256.01462100000003,147.43976199999997,0.03262500000005275,-0.014621000000033746,-0.43976199999997334,0.44121285215866163,55.695601262577284
272.0,412.0,282.0,147.0,430.0,349.0,123.0,412.955801,280.594975,147.43768999999998,-0.9558010000000081,1.4050250000000233,-0.43768999999997504,1.754771591497326,73.40980860893181
273.0,199.0,437.0,147.0,122.0,447.0,122.0,199.141734,436.78333999999995,147.150565,-0.1417340000000138,0.21666000000004715,-0.15056500000000028,0.2994994183316963,81.57205403813245
274.0,351.0,24.0,148.0,458.0,28.0,119.0,351.10137199999997,23.823868000000004,147.86865699999998,-0.10137199999996938,0.17613199999999551,0.1313430000000153,0.24197055080525035,110.93241185514718
275.0,215.0,406.0,148.0,153.0,417.0,122.0,215.418427,405.41373799999997,147.339406,-0.4184270000000083,0.5862620000000334,0.6605940000000032,0.9773273350362459,68.1248853210044
276.0,362.0,119.0,149.0,433.0,143.0,122.0,361.64424899999995,119.718972,149.081572,0.3557510000000548,-0.7189719999999937,-0.0815719999999942,0.8063085649855327,79.66178506661774
277.0,202.0,209.0,149.0,214.0,184.0,120.0,202.134941,208.473073,148.166444,-0.13494099999999776,0.5269270000000006,0.8335559999999873,0.9953274546328855,40.124805295477756
278.0,318.0,324.0,149.0,303.0,362.0,124.0,317.66884,323.711139,148.806651,0.3311600000000112,0.28886099999999715,0.19334900000001198,0.48009526004951397,47.89572005931219
279.0,210.0,80.0,151.0,273.0,38.0,122.0,209.984684,79.700997,151.235107,0.015316000000012764,0.299002999999999,-0.2351069999999993,0.38067397509417356,81.08020720249795
280.0,331.0,301.0,151.0,327.0,341.0,127.0,330.876802,301.184331,151.384479,0.12319800000000214,-0.18433099999998603,-0.3844789999999989,0.44382402617027683,46.8187996428785
281.0,308.0,308.0,151.0,297.0,340.0,127.0,307.306055,308.203372,151.563288,0.6939449999999852,-0.20337200000000166,-0.563288,0.9166314441218892,41.48493702538308
282.0,319.0,328.0,151.0,303.0,366.0,126.0,318.728366,326.839361,150.397445,0.2716340000000059,1.1606390000000033,0.6025549999999953,1.3356423347221387,48.218253804964775
283.0,455.0,363.0,151.0,447.0,461.0,130.0,455.388349,363.28359,151.731144,-0.38834900000000516,-0.2835900000000038,-0.7311440000000005,0.8751055837080499,100.54352291420865
284.0,359.0,15.0,152.0,470.0,21.0,124.0,358.64827399999996,15.314936000000003,151.98359699999997,0.35172600000004195,-0.314936000000003,0.01640300000002526,0.47240334628475295,114.63420083029322
285.0,354.0,33.0,152.0,458.0,39.0,125.0,354.019593,32.431415000000015,152.653078,-0.019592999999986205,0.5685849999999846,-0.6530779999999936,0.8661314345744378,107.61505470890214
286.0,389.0,137.0,152.0,458.0,173.0,126.0,388.91648,136.575234,151.859327,0.08352000000002135,0.4247660000000053,0.1406729999999925,0.4551819834802405,82.05485969764375
287.0,286.0,262.0,152.0,290.0,279.0,126.0,285.976138,262.608344,151.517105,0.023862000000008265,-0.6083439999999882,0.4828950000000134,0.7770710381972803,31.32091952673165
288.0,306.0,308.0,152.0,295.0,339.0,128.0,305.500721,307.95587,152.40591999999998,0.49927900000000136,0.04412999999999556,-0.4059199999999805,0.6449790873671681,40.718546143004666
289.0,318.0,329.0,152.0,301.0,367.0,128.0,317.45279500000004,328.15597,152.035474,0.5472049999999626,0.8440299999999752,-0.035473999999993566,1.0065179370487725,48.05205510693585
290.0,235.0,343.0,152.0,199.0,352.0,127.0,234.28306500000002,342.996256,151.96360199999998,0.7169349999999781,0.0037439999999833162,0.03639800000001969,0.7178681119571825,44.74371464239419
291.0,367.0,208.0,153.0,405.0,247.0,128.0,367.01930699999997,207.875002,152.902018,-0.01930699999996932,0.12499800000000505,0.09798200000000179,0.15999291414622221,59.91660871578097
292.0,387.0,128.0,154.0,459.0,162.0,129.0,386.856713,127.796672,154.44462199999998,0.14328699999998662,0.20332799999999907,-0.4446219999999812,0.5094724357970498,83.45657553482529
293.0,206.0,194.0,154.0,224.0,168.0,126.0,205.793653,193.499687,153.220328,0.20634699999999384,0.5003130000000056,0.779672000000005,0.949094626453027,42.23742416388575
294.0,375.0,253.0,154.0,396.0,303.0,130.0,374.62428,253.75226,153.91681499999999,0.37572000000000116,-0.7522600000000068,0.0831850000000145,0.8449735914364506,59.30430001273095
295.0,357.0,31.0,155.0,462.0,38.0,128.0,356.89443500000004,30.644427000000007,155.101306,0.10556499999995594,0.3555729999999926,-0.1013059999999939,0.38449841766902526,108.6416126537157
296.0,288.0,86.0,155.0,361.0,75.0,127.0,288.040282,85.635029,154.397847,-0.0402819999999906,0.36497099999999705,0.6021529999999871,0.7052763329178015,78.95568377260753
297.0,329.0,177.0,156.0,373.0,197.0,131.0,329.164188,177.364575,156.140281,-0.1641880000000242,-0.3645750000000021,-0.14028099999998744,0.42373504567123776,54.415071441651165
298.0,315.0,306.0,156.0,306.0,341.0,132.0,314.60477399999996,306.691008,155.598593,0.3952260000000365,-0.6910080000000107,0.40140700000000606,0.8915285900009312,43.382023926967726
299.0,431.0,327.0,156.0,432.0,410.0,134.0,430.49114299999997,327.58809299999996,155.70641799999999,0.5088570000000345,-0.588092999999958,0.2935820000000149,0.8312515947786173,85.871997764114
300.0,149.0,401.0,156.0,78.0,386.0,132.0,149.161875,400.91217900000004,156.32429,-0.1618750000000091,0.08782099999996262,-0.32428999999999064,0.37293437461031975,76.43297717608546
301.0,371.0,104.0,157.0,450.0,128.0,132.0,371.03860499999996,103.743093,157.362404,-0.038604999999961365,0.2569069999999982,-0.36240399999999795,0.445901571975245,86.2670273047588
302.0,347.0,130.0,158.0,412.0,149.0,133.0,346.98865699999993,129.947601,158.140302,0.011343000000067605,0.0523990000000083,-0.14030199999999127,0.15019643822008547,72.18725649309579
303.0,360.0,230.0,159.0,388.0,270.0,136.0,359.87068899999997,230.245547,159.275424,0.1293110000000297,-0.24554699999998775,-0.2754239999999868,0.3909898255786132,53.97221507405454
304.0,365.0,27.0,160.0,472.0,37.0,134.0,364.458502,27.327826,159.974605,0.54149799999999,-0.3278260000000017,0.025395000000003165,0.6335099654346334,110.56672193747991
305.0,286.0,83.0,160.0,360.0,71.0,134.0,286.28518399999996,82.855536,160.187887,-0.28518399999995836,0.14446399999999926,-0.18788699999998926,0.3708116582862141,79.3473376995095
306.0,362.0,126.0,160.0,431.0,150.0,136.0,362.039408,125.816771,160.481067,-0.03940799999998035,0.1832289999999972,-0.4810669999999959,0.5162860790240169,76.89603370785778
307.0,291.0,181.0,160.0,326.0,187.0,136.0,290.086252,181.856734,160.619319,0.9137479999999982,-0.8567339999999888,-0.6193189999999902,1.3973133428193425,42.86023798347368
308.0,317.0,206.0,160.0,348.0,225.0,135.0,317.065055,205.66019899999998,159.22006399999998,-0.06505499999997255,0.33980100000002267,0.7799360000000206,0.8532274237986283,44.12482294582042
309.0,363.0,278.0,160.0,373.0,326.0,137.0,362.804535,277.67216399999995,159.5041,0.19546500000001288,0.32783600000004753,0.495900000000006,0.6257793693635498,54.15717865620402
310.0,300.0,176.0,161.0,340.0,184.0,136.0,300.183363,175.887169,160.57761,-0.18336299999998573,0.1128309999999999,0.42239000000000715,0.4740950710880686,47.843494855622744
311.0,374.0,132.0,162.0,443.0,160.0,139.0,373.994281,130.499116,162.75239399999998,0.0057189999999991414,1.5008840000000134,-0.7523939999999811,1.6789229343996144,77.93587107359485
312.0,348.0,133.0,162.0,411.0,153.0,137.0,347.289268,133.355441,161.375605,0.7107320000000072,-0.3554410000000132,0.6243949999999927,1.010617334271489,70.66823897621902
313.0,349.0,142.0,162.0,409.0,165.0,138.0,348.868575,143.210486,162.06173,0.1314249999999788,-1.210486000000003,-0.06173000000001139,1.2191634343766233,68.59300255857006
314.0,332.0,177.0,162.0,377.0,198.0,138.0,332.59594,177.171317,161.842331,-0.5959399999999846,-0.17131699999998773,0.1576689999999985,0.6398074019968641,55.154328932550705
315.0,361.0,144.0,163.0,423.0,171.0,139.0,361.317948,144.244865,162.731145,-0.31794800000000123,-0.24486500000000433,0.26885500000000206,0.4830453497902697,71.75653280364095
316.0,354.0,129.0,167.0,420.0,150.0,144.0,353.564657,128.754347,167.09801599999997,0.43534299999998893,0.24565300000000434,-0.09801599999997279,0.509387927138038,72.97944916207575
317.0,365.0,163.0,168.0,420.0,194.0,146.0,365.038463,162.967329,168.20725,-0.03846299999997882,0.032670999999993455,-0.20724999999998772,0.2133057878023774,66.85805860178712
318.0,372.0,61.0,169.0,468.0,79.0,146.0,372.3940319999999,61.124788,169.324903,-0.39403199999992466,-0.12478800000000234,-0.32490300000000616,0.525733032419445,100.34440691936945
319.0,232.0,172.0,169.0,262.0,153.0,146.0,231.595772,172.16522600000002,169.57917099999997,0.40422799999998915,-0.1652260000000183,-0.5791709999999739,0.7253543646390825,42.30839160261236
320.0,455.0,322.0,169.0,462.0,412.0,150.0,454.467031,321.504139,168.62716999999998,0.53296899999998,0.4958609999999908,0.37283000000002176,0.8178852579561425,92.2496612459905
321.0,233.0,393.0,169.0,177.0,409.0,150.0,232.237255,393.236302,170.24760199999997,0.7627449999999953,-0.23630200000002333,-1.2476019999999721,1.481259369804267,61.26173356998641
322.0,292.0,430.0,170.0,232.0,474.0,151.0,291.905224,429.46594999999996,169.978797,0.0947760000000244,0.5340500000000361,0.02120300000001407,0.5428088612808782,76.79192665899195
323.0,374.0,63.0,171.0,469.0,82.0,148.0,373.97021399999994,63.21601900000001,170.92217699999998,0.029786000000058266,-0.21601900000000995,0.07782300000002351,0.2315336551907982,99.57409301620578
324.0,419.0,222.0,171.0,459.0,284.0,152.0,418.828394,222.832269,171.82378899999998,0.17160599999999704,-0.8322689999999966,-0.8237889999999766,1.1835322657696978,76.19055059520177
325.0,336.0,269.0,171.0,345.0,305.0,151.0,335.70736,268.76730299999997,171.385221,0.2926400000000058,0.23269700000003013,-0.38522100000000137,0.5368251877939582,42.15447781671598
326.0,285.0,381.0,172.0,243.0,414.0,153.0,284.849045,379.999964,172.27893799999998,0.1509550000000104,1.0000360000000228,-0.27893799999998237,1.04912621793807,56.69215113223346
327.0,357.0,109.0,173.0,432.0,129.0,151.0,357.48465899999997,109.385495,173.02045199999998,-0.4846589999999651,-0.3854950000000059,-0.020451999999977488,0.6196119960184517,80.67837380611982
328.0,232.0,396.0,173.0,176.0,412.0,153.0,232.26846000000003,395.85715,172.675469,-0.268460000000033,0.1428500000000099,0.32453100000000745,0.4447440433114595,61.57921727336261
329.0,206.0,102.0,174.0,260.0,62.0,150.0,206.38545499999998,102.006633,173.96373799999998,-0.385454999999979,-0.006632999999993672,0.036262000000022,0.38721374763557315,71.35825109964509
330.0,286.0,122.0,174.0,345.0,115.0,152.0,286.248579,121.124566,174.49210599999998,-0.24857900000000654,0.8754339999999985,-0.4921059999999784,1.0345745612728834,63.35613624582863
331.0,358.0,183.0,174.0,405.0,215.0,152.0,358.905059,183.244146,172.95466599999997,-0.9050589999999943,-0.24414600000000064,1.0453340000000253,1.4040876875583814,60.96720429870473
332.0,305.0,200.0,174.0,336.0,213.0,153.0,304.77949700000005,199.630949,174.18178999999998,0.22050299999995104,0.3690510000000131,-0.18178999999997814,0.46676312805317016,39.63584236521283
333.0,424.0,222.0,174.0,465.0,285.0,155.0,423.777976,222.07977499999998,174.236821,0.22202399999997624,-0.07977499999998372,-0.23682099999999195,0.3342796632192617,77.5306391048081
334.0,285.0,116.0,175.0,345.0,109.0,152.0,284.686437,116.461852,174.56434,0.3135629999999878,-0.46185199999999327,0.4356600000000128,0.7081162760966573,64.63745044476924
335.0,309.0,199.0,176.0,340.0,214.0,154.0,308.15695500000004,199.378453,174.96699,0.843044999999961,-0.3784530000000075,1.0330099999999902,1.386023522648126,40.8656334834051
336.0,427.0,224.0,176.0,468.0,289.0,158.0,427.17758999999995,224.438254,176.63041299999998,-0.1775899999999524,-0.4382540000000006,-0.6304129999999759,0.7880516018541891,78.93034904268447
337.0,420.0,226.0,176.0,460.0,288.0,158.0,420.701129,225.740111,176.68692399999998,-0.7011289999999804,0.25988899999998694,-0.6869239999999763,1.015376161202307,75.9473501841901
338.0,471.0,363.0,176.0,464.0,465.0,159.0,469.901419,362.260559,175.35325999999998,1.0985810000000242,0.7394409999999993,0.6467400000000225,1.473745511831022,103.64362016062542
339.0,265.0,366.0,176.0,227.0,390.0,157.0,266.20446499999997,365.546552,175.93471799999998,-1.2044649999999706,0.4534479999999803,0.06528200000002471,1.288647649457723,48.79549159502341
340.0,316.0,189.0,177.0,353.0,205.0,156.0,315.93300899999997,189.025792,176.642024,0.06699100000003,-0.025791999999995596,0.35797600000000784,0.3651025033069609,45.45327270945405
341.0,421.0,221.0,177.0,462.0,283.0,158.0,420.95337,221.334772,176.736001,0.04662999999999329,-0.33477199999998675,0.26399900000001253,0.4288847407929048,76.72027111526653
342.0,197.0,430.0,177.0,122.0,437.0,158.0,196.86392800000002,429.367578,176.772055,0.13607199999998443,0.6324220000000196,0.2279450000000054,0.6858805277109293,77.68526243760782
343.0,324.0,42.0,178.0,419.0,38.0,156.0,323.73624800000005,42.09536700000001,178.285643,0.263751999999954,-0.0953670000000102,-0.2856429999999932,0.4003147582115526,97.59610647971567
344.0,203.0,101.0,178.0,256.0,60.0,155.0,202.801934,101.541248,178.10742699999997,0.1980660000000114,-0.541247999999996,-0.10742699999997285,0.5862764690732473,70.84490101623405
345.0,241.0,376.0,178.0,194.0,391.0,160.0,240.85054000000002,374.929066,178.564551,0.1494599999999764,1.0709340000000225,-0.5645509999999945,1.2198179190178486,52.51666402200353
346.0,362.0,246.0,179.0,385.0,289.0,161.0,362.712658,246.03724899999997,179.550235,-0.7126579999999763,-0.03724899999997433,-0.5502349999999865,0.9011256672573195,51.980765673468106
347.0,288.0,286.0,179.0,283.0,306.0,160.0,287.874352,285.745343,179.093115,0.12564800000001242,0.2546570000000088,-0.0931150000000116,0.2988444591723423,28.035691537752374
348.0,389.0,298.0,179.0,395.0,360.0,161.0,388.96813499999996,298.613978,178.639876,0.03186500000003889,-0.6139779999999746,0.3601240000000132,0.7125122160952616,64.8382603097893
349.0,264.0,366.0,179.0,224.0,390.0,160.0,263.90057299999995,366.35578699999996,178.40982,0.09942700000004834,-0.3557869999999639,0.5901800000000037,0.696263276424937,50.368641037852115
350.0,261.0,389.0,179.0,212.0,415.0,161.0,261.094391,388.912099,178.995028,-0.09439099999997325,0.08790099999998802,0.004972000000009302,0.12907737007699271,58.31809324729333
351.0,194.0,429.0,179.0,118.0,436.0,161.0,193.522666,429.65956600000004,179.26475499999998,0.47733400000001325,-0.6595660000000407,-0.26475499999997965,0.8561368266445823,78.41555968046137
352.0,210.0,332.0,180.0,174.0,329.0,160.0,209.168146,331.94512799999995,179.422149,0.8318539999999928,0.05487200000004577,0.5778510000000097,1.0143489497707405,41.291645644125154
353.0,267.0,363.0,180.0,229.0,388.0,161.0,267.27397299999996,363.512062,179.22557799999998,-0.2739729999999554,-0.5120620000000145,0.7744220000000155,0.9679866376438335,49.29503017546495
354.0,321.0,123.0,181.0,383.0,130.0,161.0,319.761869,122.995072,181.475554,1.2381310000000099,0.004928000000006705,-0.47555399999998826,1.3263273597649312,65.52098900352466
355.0,300.0,262.0,181.0,305.0,284.0,163.0,299.267931,262.96115999999995,181.6941,0.7320690000000241,-0.9611599999999498,-0.6940999999999917,1.3933873748390744,28.861739379323623
356.0,299.0,264.0,181.0,303.0,286.0,162.0,298.22557,265.025269,180.861665,0.7744299999999953,-1.0252689999999802,0.1383350000000121,1.292306047144389,29.34280150224242
357.0,418.0,282.0,181.0,435.0,352.0,164.0,417.992946,282.03176499999995,180.972253,0.007053999999982352,-0.031764999999950305,0.027747000000005073,0.042762953008379526,74.01351227985333
358.0,193.0,427.0,181.0,119.0,432.0,163.0,193.276349,426.310964,180.946302,-0.2763490000000104,0.6890359999999873,0.05369799999999714,0.7443271151187413,76.32168761236873
359.0,245.0,251.0,182.0,247.0,249.0,163.0,245.088682,250.83457099999998,182.437887,-0.0886820000000057,0.16542900000001737,-0.43788699999998926,0.47642027237933243,19.209372712298546
360.0,431.0,221.0,183.0,474.0,287.0,165.0,431.382297,221.393895,182.357462,-0.3822969999999941,-0.39389499999998634,0.6425380000000018,0.8450794925200747,80.80222769206304
361.0,225.0,259.0,183.0,220.0,251.0,164.0,224.639094,259.41522599999996,183.383377,0.36090599999999995,-0.41522599999996146,-0.38337699999999586,0.6705547673687547,21.213203435596427
362.0,227.0,230.0,184.0,235.0,218.0,164.0,227.702508,229.872219,183.69727899999998,-0.7025079999999946,0.1277809999999988,0.30272100000001956,0.7755549483215254,24.657656011875904
363.0,187.0,88.0,185.0,243.0,38.0,164.0,187.054352,87.911823,185.81982699999998,-0.054351999999994405,0.08817700000000173,-0.8198269999999752,0.8263447423212414,77.95511529078769
364.0,216.0,300.0,185.0,196.0,294.0,167.0,217.21328,299.09789,185.457541,-1.2132799999999975,0.9021099999999933,-0.457540999999992,1.579618491022745,27.568097504180443
365.0,284.0,89.0,186.0,354.0,76.0,165.0,283.20541,88.606426,185.564771,0.7945900000000279,0.393574000000001,0.43522899999999254,0.9877742879914615,74.22937423958254
366.0,396.0,146.0,186.0,462.0,186.0,168.0,395.78923100000003,146.052959,186.09853399999997,0.21076899999997067,-0.0529589999999871,-0.09853399999997237,0.23861512147804217,79.2464510246358
367.0,345.0,156.0,186.0,400.0,178.0,168.0,345.531569,155.948071,186.53950399999997,-0.5315689999999904,0.051929000000001224,-0.5395039999999653,0.7591618989503837,61.91122676865643
368.0,330.0,272.0,186.0,337.0,306.0,168.0,329.905446,271.791239,185.348729,0.09455400000001646,0.20876099999998132,0.6512710000000084,0.6904169243855528,39.102429592034305
369.0,429.0,226.0,187.0,470.0,292.0,171.0,429.630324,226.378216,187.236353,-0.6303239999999732,-0.378216000000009,-0.23635300000000825,0.7721518168346021,79.328431221095
370.0,310.0,280.0,187.0,311.0,308.0,170.0,310.24192,280.121895,187.108135,-0.24191999999999325,-0.12189499999999498,-0.10813500000000431,0.29167937131377053,32.77193921634788
371.0,398.0,293.0,187.0,407.0,357.0,171.0,397.60170999999997,293.262887,186.804035,0.39829000000003134,-0.2628869999999779,0.19596500000000106,0.5158941559021712,66.58077800686922
372.0,322.0,304.0,187.0,315.0,340.0,171.0,321.69044499999995,303.96008800000004,187.520126,0.30955500000004577,0.039911999999958425,-0.5201260000000048,0.6065874394059194,40.01249804748511
373.0,403.0,320.0,187.0,403.0,390.0,172.0,403.09448799999996,319.957175,187.24845899999997,-0.09448799999995572,0.04282499999999345,-0.24845899999996846,0.26924679654542855,71.58910531638176
374.0,187.0,464.0,187.0,95.0,474.0,174.0,185.66257,465.29549299999996,189.588305,1.3374300000000119,-1.295492999999965,-2.588304999999991,3.1884704626158755,93.45052166788584
375.0,310.0,279.0,188.0,311.0,307.0,171.0,309.990612,279.354649,187.93964899999997,0.009388000000001284,-0.3546489999999949,0.06035100000002558,0.35986982500065146,32.77193921634788
376.0,193.0,136.0,189.0,232.0,96.0,169.0,193.65315999999999,135.892682,189.28008899999998,-0.6531599999999855,0.10731799999999225,-0.2800889999999754,0.7187384688779123,59.33801479658719
377.0,256.0,193.0,189.0,282.0,185.0,170.0,255.68463199999997,192.072546,188.75014299999998,0.31536800000003495,0.9274540000000115,0.24985700000001998,1.0109680598263495,33.18132004607411
378.0,414.0,319.0,189.0,417.0,394.0,172.0,415.014098,319.42744300000004,187.122477,-1.01409799999999,-0.4274430000000393,1.8775229999999965,2.176280057203576,76.96102909914862
379.0,365.0,131.0,190.0,432.0,157.0,173.0,364.973733,131.362033,190.71181,0.02626700000001847,-0.3620329999999967,-0.711810000000014,0.7990189762940669,73.85120175054702
380.0,352.0,165.0,190.0,405.0,191.0,172.0,352.83747099999994,164.79075,189.633102,-0.8374709999999368,0.20924999999999727,0.36689799999999195,0.9379538265527184,61.71709649683789
381.0,415.0,222.0,190.0,455.0,281.0,173.0,415.1293,221.74773299999998,189.091117,-0.12930000000000064,0.25226700000001756,0.908883000000003,0.9520637777890799,73.28028384224504
382.0,347.0,228.0,190.0,374.0,262.0,174.0,347.25351299999994,228.04197699999997,190.589612,-0.25351299999994126,-0.041976999999974396,-0.5896119999999883,0.6431743311435509,46.2709412050371
383.0,419.0,298.0,191.0,430.0,369.0,177.0,418.651587,296.670497,191.44856,0.34841299999999364,1.3295029999999883,-0.4485599999999863,1.445744071119765,73.1983606373804
384.0,208.0,113.0,192.0,258.0,75.0,172.0,208.415148,112.84612999999999,191.84679899999998,-0.41514799999998786,0.15387000000001194,0.15320100000002412,0.4685022787618018,65.90902821313632
385.0,372.0,258.0,192.0,391.0,306.0,176.0,371.93654,257.837135,191.60434299999997,0.0634600000000205,0.1628650000000107,0.39565700000002835,0.43254669282521224,54.04627646748664
386.0,443.0,259.0,193.0,473.0,335.0,179.0,443.229106,259.093701,193.25779899999998,-0.2291060000000016,-0.09370100000001003,-0.25779899999997724,0.35739300642009053,82.89752710425083
387.0,353.0,156.0,194.0,409.0,181.0,178.0,353.396247,156.03931,194.64810599999998,-0.39624700000001667,-0.0393100000000004,-0.6481059999999843,0.7606565245529633,63.3798075099633
388.0,425.0,291.0,194.0,439.0,365.0,180.0,424.630423,291.252792,193.90510999999998,0.3695769999999925,-0.25279199999999946,0.09489000000002079,0.45770631008649876,76.60287200882223
389.0,188.0,410.0,194.0,119.0,411.0,179.0,187.953636,410.149433,194.310721,0.046364000000011174,-0.14943299999998771,-0.3107210000000009,0.34788989899966616,70.61869440877535
390.0,351.0,90.0,195.0,431.0,105.0,178.0,350.70340100000004,91.261082,195.44077199999998,0.29659899999995787,-1.2610820000000018,-0.4407719999999813,1.3684219866360534,83.15046602394962
391.0,350.0,153.0,195.0,406.0,176.0,179.0,349.772472,152.94320399999998,195.54445299999998,0.2275280000000066,0.05679600000001983,-0.5444529999999759,0.592810126101924,62.617888817813075
392.0,418.0,220.0,195.0,458.0,281.0,180.0,417.523682,221.03722800000003,194.810765,0.476317999999992,-1.0372280000000274,0.1892349999999965,1.15694885208165,74.47147104764348
393.0,331.0,244.0,195.0,350.0,275.0,179.0,332.03508700000003,244.430817,194.66389599999997,-1.0350870000000327,-0.43081699999999046,0.3361040000000344,1.1704590056358584,39.72404813208241
394.0,354.0,271.0,195.0,365.0,315.0,180.0,354.113611,271.62737000000004,194.918426,-0.11361099999999169,-0.6273700000000417,0.08157399999998916,0.6427712607895975,47.77028364998475
395.0,420.0,300.0,195.0,433.0,370.0,180.0,421.27013,296.69761900000003,193.878269,-1.2701299999999947,3.3023809999999685,1.1217310000000111,3.7117692442313546,72.75987905432498
396.0,406.0,313.0,195.0,409.0,383.0,182.0,406.024557,313.05683999999997,195.494128,-0.024557000000015705,-0.056839999999965585,-0.49412799999998924,0.4979922812986023,71.26008700527947
397.0,359.0,157.0,196.0,415.0,184.0,180.0,358.85749400000003,156.83118100000002,196.21758499999999,0.14250599999996894,0.16881899999998495,-0.21758499999998548,0.31008232297565713,64.19501538281614
398.0,178.0,98.0,197.0,229.0,46.0,178.0,178.385712,97.905205,197.27399099999997,-0.38571200000001227,0.09479500000000485,-0.2739909999999668,0.48252555067062736,75.27283706623525
399.0,199.0,412.0,197.0,131.0,417.0,183.0,198.87613000000002,411.733175,197.449679,0.12386999999998238,0.266824999999983,-0.44967900000000327,0.5373551531026659,69.60603422117941
400.0,110.0,106.0,198.0,147.0,31.0,179.0,110.77433999999998,107.567797,198.72988900000001,-0.7743399999999809,-1.5677969999999988,-0.7298890000000142,1.894816038862345,85.76129663198896
401.0,166.0,170.0,198.0,186.0,125.0,180.0,165.560454,170.491848,198.200897,0.4395460000000071,-0.4918480000000045,-0.20089699999999766,0.6895467684131438,52.43090691567332
402.0,253.0,185.0,198.0,282.0,176.0,181.0,253.44095800000002,185.18707799999999,197.87271900000002,-0.4409580000000233,-0.18707799999998542,0.12728099999998221,0.4956234344832885,34.79942528261063
403.0,443.0,316.0,198.0,451.0,401.0,186.0,443.381725,316.16985,198.321848,-0.3817250000000172,-0.16984999999999673,-0.3218479999999886,0.5273984577423455,86.21484790916237
404.0,271.0,404.0,198.0,218.0,436.0,185.0,271.441142,403.909318,198.37625500000001,-0.44114200000001347,0.09068200000001525,-0.37625500000001466,0.5868537418412066,63.26136261573884
405.0,358.0,159.0,199.0,412.0,186.0,184.0,357.08336499999996,159.20452699999998,199.48808400000001,0.916635000000042,-0.20452699999998458,-0.48808400000001484,1.0584313903178066,62.20932405998316
406.0,329.0,243.0,199.0,346.0,272.0,184.0,328.191209,243.188313,198.81962399999998,0.8087909999999852,-0.18831299999999374,0.18037600000002385,0.8497883083603717,36.810324638611924
407.0,341.0,259.0,199.0,355.0,296.0,185.0,341.441943,259.51019399999996,199.30013200000002,-0.44194299999998066,-0.5101939999999558,-0.30013200000001916,0.73870884001002,41.96427051671457
408.0,344.0,253.0,201.0,361.0,288.0,188.0,344.048312,251.763629,201.82151499999998,-0.0483120000000099,1.2363709999999912,-0.8215149999999767,1.485205101731724,41.02438299353203
409.0,279.0,112.0,202.0,340.0,101.0,186.0,279.026182,111.879942,202.55059699999998,-0.0261820000000057,0.12005800000000022,-0.550596999999982,0.5641422488140563,64.01562309311689
410.0,394.0,143.0,202.0,461.0,181.0,187.0,393.882364,142.614823,201.734313,0.11763600000000451,0.38517699999999877,0.265687000000014,0.4824822606003329,78.4729252672538
411.0,227.0,286.0,202.0,213.0,284.0,186.0,227.99086199999996,287.09646299999997,201.053453,-0.9908619999999644,-1.0964629999999715,0.9465470000000096,1.7549899819149637,21.354156504062622
412.0,377.0,315.0,202.0,374.0,374.0,190.0,376.55828099999997,315.23727299999996,202.352844,0.4417190000000346,-0.2372729999999592,-0.3528440000000046,0.6131174763664908,60.28266749240614
413.0,269.0,399.0,202.0,217.0,430.0,189.0,269.138183,399.545968,201.731948,-0.13818300000002637,-0.5459680000000162,0.2680520000000115,0.6237206692238371,61.91930232165088
414.0,406.0,242.0,203.0,437.0,301.0,190.0,406.504039,242.13565,202.88147399999997,-0.5040389999999775,-0.13564999999999827,0.11852600000003122,0.5352612901163172,67.90434448545984
415.0,260.0,426.0,203.0,196.0,457.0,192.0,259.877696,426.01511200000004,203.982059,0.12230399999998554,-0.015112000000044645,-0.9820589999999925,0.9897608400219636,71.95832127002409
416.0,224.0,191.0,204.0,246.0,171.0,188.0,224.230048,190.72598599999998,203.86936299999996,-0.2300480000000107,0.2740140000000224,0.13063700000003564,0.38088289574228257,33.76388603226827
417.0,208.0,186.0,205.0,230.0,159.0,190.0,208.691654,185.578256,205.74172499999997,-0.6916539999999998,0.4217439999999897,-0.741724999999974,1.0983666204309708,37.92097045171708
418.0,221.0,265.0,205.0,213.0,256.0,191.0,220.74611099999998,265.38649599999997,205.48791999999997,0.25388900000001513,-0.38649599999996553,-0.48791999999997415,0.6722385802205612,18.466185312619388
419.0,296.0,59.0,206.0,380.0,48.0,188.0,296.325879,60.31750100000001,204.605254,-0.32587899999998626,-1.3175010000000071,1.3947459999999978,1.946104419644024,86.6083136886985
420.0,293.0,279.0,206.0,292.0,300.0,192.0,293.594895,279.059717,205.33851799999997,-0.5948950000000082,-0.059716999999977816,0.661482000000035,0.89164152967325,25.25866188063018
421.0,208.0,188.0,207.0,229.0,160.0,190.0,208.174998,186.615247,205.73524499999996,-0.174997999999988,1.3847529999999892,1.2647550000000365,1.8835525957716335,38.91015291668744
422.0,333.0,243.0,207.0,352.0,273.0,194.0,333.20413400000007,242.50493,206.96898099999999,-0.20413400000006732,0.49506999999999834,0.031019000000014785,0.5364020630245812,37.815340802378074
423.0,278.0,255.0,207.0,284.0,265.0,194.0,278.284394,253.959274,207.443305,-0.28439400000002024,1.0407260000000065,-0.4433050000000094,1.1664089665880633,17.46424919657298
424.0,404.0,258.0,207.0,428.0,320.0,197.0,404.52104799999995,259.30887,208.43908899999997,-0.5210479999999507,-1.308870000000013,-1.4390889999999672,2.013854226384047,67.23094525588644
425.0,390.0,93.0,208.0,476.0,123.0,193.0,390.491147,93.703079,207.26603999999998,-0.4911470000000122,-0.7030790000000025,0.7339600000000246,1.12882360776609,92.30926280715278
426.0,414.0,244.0,208.0,444.0,305.0,196.0,413.03885199999996,243.48426,207.711255,0.961148000000037,0.5157399999999939,0.2887450000000058,1.128346977010648,69.02897942168927
427.0,299.0,270.0,208.0,302.0,292.0,195.0,299.30931599999997,270.273664,207.83766500000002,-0.30931599999996706,-0.2736639999999966,0.16233499999998457,0.4437578449751314,25.729360660537214
428.0,401.0,320.0,208.0,402.0,391.0,197.0,402.80405699999994,321.240991,207.728854,-1.8040569999999434,-1.2409910000000082,0.27114599999998745,2.206399890012191,71.85401867675878
429.0,366.0,203.0,209.0,407.0,240.0,196.0,367.36616599999996,202.586789,208.699473,-1.3661659999999642,0.4132109999999898,0.3005269999999882,1.4585847071068196,56.73623181001713
430.0,248.0,206.0,209.0,267.0,197.0,195.0,247.37994599999996,205.542879,209.17593499999998,0.6200540000000387,0.4571210000000008,-0.1759349999999813,0.7901770028177498,25.25866188063018
431.0,431.0,335.0,209.0,429.0,417.0,200.0,430.579837,334.45916,209.724172,0.4201630000000023,0.5408400000000029,-0.72417200000001,0.9967296211877219,82.516664983505
432.0,210.0,395.0,209.0,150.0,402.0,197.0,209.86070800000002,395.277044,208.997293,0.13929199999998332,-0.2770439999999894,0.0027069999999866923,0.3101015431257791,61.587336360651285
433.0,382.0,201.0,210.0,425.0,243.0,198.0,382.151569,200.260196,210.202244,-0.15156899999999496,0.7398039999999924,-0.20224400000000742,0.7817837013605428,61.29437168288782
434.0,359.0,213.0,210.0,394.0,249.0,198.0,359.626308,212.97894200000002,210.30233900000002,-0.6263079999999945,0.021057999999982258,-0.3023390000000177,0.695783027350483,51.62363799656123
435.0,217.0,268.0,210.0,207.0,258.0,195.0,216.64094300000002,268.53945799999997,208.77509599999996,0.35905699999997864,-0.5394579999999678,1.2249040000000377,1.3857585187286572,20.615528128088304
436.0,197.0,399.0,210.0,134.0,401.0,198.0,197.177192,398.66775,209.917751,-0.1771919999999909,0.3322499999999877,0.08224899999999025,0.3854243964320201,64.16385275215322
437.0,304.0,243.0,211.0,318.0,262.0,199.0,303.96700999999996,242.841634,211.387791,0.03299000000004071,0.1583660000000009,-0.3877909999999929,0.42017852127042077,26.476404589747453
438.0,220.0,236.0,212.0,223.0,222.0,199.0,219.736495,236.44471399999998,212.39745599999998,0.2635050000000092,-0.4447139999999763,-0.39745599999997694,0.6520557481971656,19.339079605813716
439.0,366.0,298.0,212.0,369.0,350.0,201.0,366.524187,297.99438,211.68379999999996,-0.5241869999999835,0.005620000000021719,0.31620000000003756,0.6121977093790917,53.23532661682466
440.0,203.0,397.0,212.0,142.0,402.0,200.0,203.671751,397.385639,211.50018999999998,-0.6717510000000004,-0.38563900000002604,0.49981000000002496,0.9218334342070945,62.369864518050704
441.0,309.0,283.0,214.0,310.0,310.0,202.0,310.275189,282.251941,213.312816,-1.2751890000000117,0.748059000000012,0.687184000000002,1.6303131917082836,29.563490998188964
442.0,280.0,82.0,215.0,351.0,67.0,201.0,278.856922,82.747399,215.190899,1.1430780000000027,-0.7473990000000015,-0.1908990000000017,1.3790123304329114,73.90534486760751
443.0,357.0,214.0,215.0,391.0,248.0,203.0,357.080157,213.030804,214.42843,-0.0801569999999856,0.9691960000000108,0.5715700000000083,1.1280329321278826,49.558046773455466
444.0,300.0,245.0,215.0,313.0,263.0,202.0,300.369449,244.94773199999997,213.86197199999998,-0.3694489999999746,0.052268000000026404,1.1380280000000198,1.19763610341749,25.729360660537214
445.0,217.0,306.0,215.0,194.0,300.0,203.0,217.54716000000002,304.63577599999996,214.89752499999997,-0.5471600000000194,1.3642240000000356,0.10247500000002674,1.4734287608843273,26.627053911388696
446.0,398.0,134.0,216.0,468.0,173.0,204.0,397.392432,134.746608,215.72278699999998,0.6075680000000148,-0.746608000000009,0.2772130000000175,1.0017032632756275,81.02468759581859
447.0,226.0,215.0,216.0,239.0,201.0,203.0,226.73740200000003,216.006755,215.83923099999998,-0.7374020000000314,-1.0067549999999983,0.16076900000001615,1.2582384555361708,23.108440016582687
448.0,266.0,268.0,216.0,265.0,276.0,205.0,266.484613,267.553754,216.430722,-0.4846130000000244,0.4462459999999737,-0.43072200000000294,0.7870874751696934,13.638181696985855
449.0,352.0,278.0,216.0,359.0,321.0,207.0,351.257998,278.115887,217.00537099999997,0.7420020000000136,-0.11588699999998653,-1.0053709999999683,1.2548974509552377,44.48595283907045
450.0,450.0,351.0,216.0,445.0,444.0,210.0,450.13217399999996,351.382151,217.50492500000001,-0.1321739999999636,-0.38215100000002167,-1.5049250000000143,1.558303118363706,93.32738076256078
451.0,297.0,241.0,218.0,310.0,258.0,205.0,296.763772,241.871372,216.397269,0.23622799999998279,-0.871372000000008,1.6027310000000057,1.8395215379899807,25.03996805109783
452.0,298.0,253.0,218.0,309.0,270.0,208.0,299.13818999999995,251.486291,218.71678500000002,-1.1381899999999519,1.5137090000000057,-0.7167850000000158,2.024986950329787,22.58317958127243
453.0,269.0,201.0,219.0,294.0,200.0,207.0,269.248956,200.976168,218.823425,-0.24895600000002105,0.023831999999998743,0.17657500000001392,0.3061466720136205,27.748873851023216
454.0,199.0,265.0,219.0,186.0,247.0,207.0,197.568331,265.566937,218.85796399999998,1.4316689999999994,-0.5669369999999958,0.1420360000000187,1.5463725013159018,25.238858928247925
455.0,260.0,184.0,220.0,290.0,177.0,207.0,260.152693,184.14191899999997,219.12255799999997,-0.1526929999999993,-0.14191899999997304,0.8774420000000305,0.9018650775886854,33.436506994600975
456.0,383.0,193.0,220.0,429.0,235.0,210.0,383.285353,193.122232,220.11001999999996,-0.2853529999999864,-0.12223199999999679,-0.11001999999996315,0.32934996103382697,63.08724118235002
457.0,290.0,253.0,220.0,298.0,268.0,210.0,290.08843099999996,252.81039099999998,220.440962,-0.0884309999999573,0.18960900000001857,-0.4409620000000132,0.4880769407439888,19.72308292331602
458.0,253.0,356.0,220.0,215.0,373.0,211.0,252.942886,355.98713499999997,220.457739,0.057114000000012766,0.012865000000033433,-0.45773900000000367,0.46146777714376297,42.59107887809371
459.0,232.0,139.0,221.0,274.0,114.0,208.0,231.327043,139.351247,220.78943399999997,0.6729569999999967,-0.35124700000000075,0.21056600000002845,0.7877712988006151,50.57667446560717
460.0,375.0,285.0,221.0,384.0,339.0,213.0,375.424043,285.666467,221.56654399999996,-0.4240429999999833,-0.6664670000000115,-0.5665439999999649,0.9720919873520002,55.326304774492215
461.0,258.0,312.0,221.0,238.0,324.0,211.0,258.056692,311.931248,220.91979299999997,-0.05669199999999819,0.06875200000001769,0.0802070000000299,0.11989154772963365,25.37715508089904
462.0,409.0,322.0,221.0,409.0,394.0,213.0,409.16900300000003,321.911212,220.765424,-0.169003000000032,0.0887880000000223,0.23457600000000411,0.3024420981427961,72.44308110509934
463.0,423.0,325.0,221.0,425.0,402.0,213.0,423.684067,323.970212,220.58016800000001,-0.6840670000000273,1.0297879999999964,0.41983199999998533,1.3056300753494527,77.44029958619737
464.0,250.0,360.0,221.0,210.0,376.0,212.0,249.847941,359.627725,221.268892,0.15205900000000838,0.3722750000000019,-0.2688919999999939,0.48374944213921395,44.01136216933077
465.0,379.0,360.0,221.0,360.0,427.0,213.0,379.687147,360.289867,220.64052800000002,-0.6871469999999817,-0.2898670000000152,0.35947199999998247,0.8278973342643224,70.09992867328754
466.0,198.0,406.0,222.0,132.0,409.0,213.0,197.841757,405.552541,222.124682,0.1582429999999988,0.44745899999998073,-0.12468200000000706,0.49071988430670316,66.6783323126786
467.0,390.0,123.0,223.0,465.0,157.0,213.0,390.977122,123.18117699999999,223.307363,-0.9771220000000085,-0.18117699999999104,-0.3073630000000094,1.0402233039025894,82.95179322956196
468.0,324.0,174.0,223.0,367.0,190.0,213.0,323.421629,174.29356,223.454858,0.5783710000000042,-0.2935600000000136,-0.45485800000000154,0.7922034381426366,46.95742752749558
469.0,351.0,249.0,223.0,370.0,287.0,214.0,351.016346,248.90436,223.089873,-0.01634599999999864,0.09564000000000306,-0.08987300000001142,0.13225489573169907,43.42810150121693
470.0,394.0,316.0,223.0,395.0,382.0,215.0,395.18463499999996,316.243738,222.626668,-1.1846349999999575,-0.24373800000000756,0.3733320000000049,1.26575869662938,66.49060083951716
471.0,443.0,350.0,223.0,438.0,443.0,220.0,444.52321599999993,352.522866,225.750627,-1.523215999999934,-2.522866000000022,-2.7506270000000086,4.031251509114875,93.18261640456336
472.0,455.0,364.0,223.0,444.0,461.0,217.0,453.844573,364.92215699999997,223.042146,1.1554269999999747,-0.9221569999999701,-0.04214600000000246,1.4789054636094514,97.80593029055038
473.0,359.0,24.0,224.0,467.0,29.0,212.0,359.196403,23.18032799999999,224.017762,-0.19640299999997524,0.8196720000000113,-0.01776200000000472,0.8430609791924953,108.77959367454909
474.0,197.0,267.0,224.0,185.0,248.0,213.0,197.105969,266.663166,223.76833399999998,-0.10596899999998755,0.3368340000000103,0.23166600000001836,0.4223218062958776,25.019992006393608
475.0,380.0,292.0,224.0,387.0,348.0,216.0,380.125442,291.91054099999997,223.899941,-0.12544200000002093,0.08945900000003348,0.10005899999998746,0.18371285073725444,57.0
476.0,427.0,309.0,224.0,435.0,386.0,217.0,427.324681,308.97708,223.99510199999997,-0.3246809999999982,0.022919999999999163,0.004898000000025604,0.32552583394409584,77.7303029712351
477.0,94.0,374.0,224.0,23.0,333.0,214.0,93.369257,374.82741799999997,224.46505200000001,0.6307429999999954,-0.827417999999966,-0.46505200000001423,1.13961863861423,82.59539938761722
478.0,231.0,62.0,225.0,303.0,24.0,212.0,230.464486,61.913741,224.98963299999997,0.5355140000000063,0.08625899999999831,0.010367000000030657,0.5425157453622955,82.44392033376384
479.0,354.0,144.0,225.0,414.0,166.0,214.0,353.701721,143.438593,224.30199599999997,0.29827899999997953,0.5614070000000027,0.6980040000000258,0.9441174532366334,64.8459713474939
480.0,456.0,361.0,225.0,448.0,457.0,220.0,455.938344,360.803812,225.52649099999996,0.06165600000002769,0.19618800000000647,-0.5264909999999645,0.5652291276650281,96.46242791885346
481.0,399.0,160.0,226.0,460.0,203.0,216.0,399.095626,160.25763,225.23978899999997,-0.09562599999998156,-0.257630000000006,0.7602110000000266,0.8083553137680485,75.2994023880668
482.0,262.0,343.0,226.0,231.0,362.0,217.0,262.565461,343.340112,225.418074,-0.5654610000000275,-0.34011199999997643,0.5819260000000099,0.879806901848938,37.456641600656084
483.0,254.0,114.0,227.0,310.0,93.0,216.0,253.904406,113.75533999999999,227.39792899999998,0.09559400000000551,0.2446600000000103,-0.39792899999997644,0.47680626828617445,60.81118318204309
484.0,454.0,361.0,227.0,447.0,457.0,221.0,455.17037999999997,361.073557,226.35152499999998,-1.170379999999966,-0.07355699999999388,0.648475000000019,1.3400447015954147,96.44169222903547
485.0,398.0,158.0,228.0,459.0,199.0,219.0,397.304332,157.438645,227.75192899999996,0.6956680000000119,0.5613549999999918,0.24807100000003857,0.9276920950886811,74.04728219185361
486.0,395.0,249.0,228.0,420.0,304.0,221.0,394.356408,249.190894,228.34358499999996,0.6435920000000124,-0.1908939999999859,-0.34358499999996184,0.7541232219770084,60.81940479813988
487.0,427.0,297.0,228.0,439.0,372.0,222.0,426.83297999999996,297.10729100000003,228.238787,0.16702000000003636,-0.107291000000032,-0.23878700000000208,0.31052579675450476,76.19055059520177
488.0,325.0,195.0,229.0,360.0,215.0,219.0,324.54575700000004,195.599877,228.109646,0.45424299999996265,-0.5998769999999922,0.8903540000000021,1.1657269678162037,41.53311931459037
489.0,289.0,248.0,230.0,298.0,262.0,222.0,288.63487699999996,248.266153,230.34689600000002,0.3651230000000396,-0.26615300000000275,-0.3468960000000152,0.5696394116930823,18.466185312619388
490.0,203.0,397.0,230.0,141.0,401.0,224.0,202.85155699999999,397.105344,231.18518799999998,0.14844300000001454,-0.10534400000000232,-1.1851879999999824,1.1990843497973622,62.41794613730894
491.0,348.0,76.0,231.0,433.0,85.0,220.0,347.43034499999993,75.613624,230.08838399999996,0.5696550000000684,0.3863759999999985,0.9116160000000377,1.1422946046695421,86.18004409374598
492.0,358.0,249.0,231.0,378.0,289.0,223.0,357.834605,248.468479,230.39659799999998,0.16539499999998952,0.5315209999999979,0.6034020000000169,0.8209531369511993,45.43126676640219
493.0,288.0,251.0,231.0,297.0,264.0,223.0,288.38762699999995,250.090136,231.147852,-0.3876269999999522,0.9098639999999989,-0.14785200000000032,0.9999837016316621,17.72004514666935
494.0,200.0,149.0,232.0,234.0,113.0,221.0,200.103803,149.097357,231.677008,-0.1038029999999992,-0.09735699999998815,0.3229919999999993,0.35295506841805946,50.724747411889595
495.0,237.0,149.0,233.0,275.0,127.0,222.0,235.615383,149.332144,232.10001799999998,1.3846169999999915,-0.33214399999999955,0.8999820000000227,1.6844736488734446,45.2658811910251
496.0,201.0,409.0,234.0,134.0,414.0,228.0,200.833303,409.066487,234.34549399999997,0.1666969999999992,-0.06648699999999508,-0.34549399999997377,0.38932571840809715,67.45368781616021
497.0,381.0,93.0,235.0,465.0,118.0,226.0,380.940836,93.00188499999999,234.43005899999997,0.059164000000009764,-0.001884999999987258,0.5699410000000285,0.5730066976938695,88.10221336606703
498.0,376.0,134.0,235.0,444.0,163.0,227.0,376.348677,133.439425,234.824518,-0.34867700000000923,0.560575,0.17548199999998815,0.6830914384458368,74.35724578008521
499.0,427.0,232.0,235.0,465.0,297.0,231.0,427.589984,232.155551,236.372453,-0.5899840000000154,-0.15555100000000266,-1.3724530000000073,1.5019668674994262,75.39893898457723
500.0,403.0,313.0,235.0,405.0,380.0,231.0,402.57883499999997,312.248748,235.70675599999998,0.42116500000003043,0.7512520000000222,-0.7067559999999844,1.1141200870036574,67.14908785679818
501.0,322.0,202.0,236.0,353.0,222.0,229.0,321.019655,202.957544,236.25903599999998,0.9803449999999998,-0.9575440000000128,-0.2590359999999805,1.394656402221355,37.54996671103717
502.0,373.0,218.0,236.0,407.0,260.0,229.0,372.871923,218.45497799999998,235.501368,0.12807700000001887,-0.4549779999999828,0.4986319999999864,0.6870535421908366,54.48853090330111
503.0,392.0,95.0,237.0,477.0,125.0,229.0,392.114638,95.35287299999999,236.737503,-0.11463800000001356,-0.3528729999999882,0.2624969999999962,0.45449521469647275,90.49309365912958
504.0,358.0,160.0,237.0,412.0,187.0,229.0,357.750927,160.425931,236.35242,0.24907300000000987,-0.4259309999999914,0.6475800000000049,0.8141341612351148,60.90155991434045
505.0,197.0,407.0,237.0,130.0,410.0,231.0,196.71097,407.027118,236.87431099999998,0.2890299999999968,-0.027117999999973108,0.1256890000000226,0.3163407206557549,67.3349834781297
506.0,243.0,319.0,238.0,218.0,326.0,231.0,243.21812600000004,318.880386,237.39639499999998,-0.21812600000004068,0.11961400000001277,0.6036050000000159,0.6528594465097676,26.888659319497503
507.0,327.0,53.0,239.0,418.0,50.0,231.0,326.762194,52.421142,239.60735899999997,0.23780599999997776,0.5788579999999968,-0.607358999999974,0.8720740981596427,91.40021881811882
508.0,354.0,202.0,239.0,392.0,234.0,232.0,354.474593,202.177583,238.35619199999996,-0.47459300000002713,-0.1775829999999985,0.6438080000000355,0.8193064008062374,50.16971197844373
509.0,451.0,343.0,239.0,449.0,434.0,236.0,450.87192999999996,342.828171,238.909429,0.12807000000003654,0.17182900000000245,0.09057100000001128,0.2326590556630286,91.07140056021979
510.0,390.0,185.0,240.0,440.0,227.0,235.0,389.975865,184.29351300000002,240.63205799999997,0.024135000000001128,0.7064869999999814,-0.6320579999999723,0.9482635154628373,65.49045732013177
511.0,255.0,190.0,240.0,281.0,182.0,233.0,254.69663499999996,190.62306,240.418744,0.3033650000000421,-0.6230600000000095,-0.4187440000000038,0.8096793342805783,28.089143810376278
512.0,414.0,229.0,240.0,450.0,288.0,235.0,413.627772,229.099052,239.842089,0.3722280000000069,-0.09905200000000036,0.1579110000000128,0.416294206792515,69.29646455628166
513.0,380.0,287.0,240.0,389.0,343.0,236.0,380.558663,287.70266200000003,240.33851799999997,-0.5586630000000241,-0.7026620000000321,-0.338517999999965,0.959391823050962,56.859475903318
514.0,412.0,353.0,240.0,400.0,430.0,237.0,411.76591399999995,352.463296,240.04945099999998,0.23408600000004753,0.5367039999999861,-0.049450999999976375,0.5876162356615114,77.98717843338096
515.0,310.0,216.0,241.0,335.0,233.0,234.0,309.942593,216.232914,240.32404400000001,0.057407000000011976,-0.23291399999999385,0.6759559999999851,0.7172593735748445,31.0322412983658
516.0,399.0,316.0,241.0,399.0,382.0,237.0,398.491765,315.42145600000003,240.632882,0.5082350000000133,0.5785439999999653,0.36711800000000494,0.8531070279191099,66.12110101926616
517.0,254.0,333.0,241.0,225.0,347.0,235.0,254.16091,333.420273,240.382563,-0.16091000000000122,-0.4202730000000088,0.6174369999999954,0.7640352554679674,32.7566787083184
518.0,448.0,343.0,241.0,444.0,433.0,239.0,446.753655,343.38003100000003,241.407688,1.2463450000000194,-0.38003100000003087,-0.4076880000000074,1.3652871219381209,90.11104260855048
519.0,289.0,415.0,241.0,233.0,455.0,237.0,288.513668,415.289895,240.676829,0.4863320000000044,-0.28989500000000135,0.3231710000000021,0.6519182621234095,68.93475175845634
520.0,344.0,27.0,243.0,448.0,27.0,235.0,344.12056899999993,26.790737000000007,242.995386,-0.1205689999999322,0.20926299999999287,0.004614000000003671,0.24155574082596484,104.30723848324239
521.0,196.0,403.0,243.0,130.0,405.0,238.0,195.47252799999998,403.210634,242.67083099999996,0.5274720000000173,-0.2106340000000273,0.3291690000000358,0.6564644874637571,66.21933252457322
522.0,226.0,74.0,244.0,292.0,35.0,235.0,224.989397,73.547721,243.766278,1.0106030000000032,0.4522790000000043,0.2337220000000002,1.1315921043971677,77.18808198161165
523.0,411.0,203.0,244.0,457.0,256.0,239.0,410.771635,202.451632,243.466324,0.2283649999999966,0.5483680000000106,0.533676000000014,0.79854123852499,70.35623639735144
524.0,440.0,338.0,244.0,437.0,425.0,243.0,439.267904,339.02167499999996,244.820813,0.7320960000000127,-1.0216749999999593,-0.8208129999999869,1.5011723218238184,87.05745229444749
525.0,438.0,327.0,245.0,440.0,409.0,243.0,437.43323100000003,325.808155,244.99676,0.5667689999999652,1.1918450000000007,0.0032400000000052387,1.3197469837002704,82.04876598706406
526.0,239.0,63.0,246.0,313.0,28.0,238.0,239.511318,62.680195,246.19223699999998,-0.5113179999999886,0.31980500000000234,-0.19223699999997734,0.6329900467763938,82.24962005991274
527.0,263.0,127.0,246.0,314.0,112.0,239.0,262.167368,127.708192,245.99487699999997,0.8326319999999896,-0.7081919999999968,0.005123000000025968,1.0930865479992782,53.61902647381804
528.0,442.0,324.0,246.0,446.0,409.0,244.0,442.10435800000005,324.25879599999996,245.78288099999997,-0.10435800000004747,-0.25879599999996117,0.21711900000002515,0.3535627553080227,85.11756575466664
529.0,261.0,129.0,247.0,313.0,113.0,240.0,261.659761,128.755056,246.80787199999997,-0.6597610000000032,0.24494400000000383,0.19212800000002517,0.7295171750144172,54.85435260760991
530.0,299.0,164.0,247.0,342.0,168.0,241.0,298.52182200000004,163.970186,246.803991,0.47817799999995714,0.029813999999987573,0.19600900000000365,0.5176510430405407,43.60045871318328
531.0,439.0,207.0,247.0,487.0,273.0,244.0,438.55333900000005,207.91586,247.19226599999996,0.4466609999999491,-0.9158600000000092,-0.19226599999996097,1.0369531345615173,81.6639455328972
532.0,250.0,333.0,247.0,221.0,345.0,241.0,250.586438,332.96476099999995,245.345727,-0.5864379999999869,0.03523900000004687,1.6542729999999892,1.7554972154617483,31.953090617340916
533.0,458.0,343.0,247.0,457.0,437.0,246.0,457.959595,343.17928199999994,247.02359,0.04040500000002112,-0.17928199999994376,-0.02359000000001288,0.1852865015293401,94.01063769595439
534.0,302.0,80.0,248.0,378.0,73.0,242.0,301.769424,80.798362,248.567047,0.23057599999998502,-0.7983619999999974,-0.5670470000000023,1.006026577695138,76.55716818169282
535.0,261.0,202.0,248.0,284.0,197.0,242.0,261.01447,201.589086,247.59675699999997,-0.01447000000001708,0.4109139999999911,0.40324300000003177,0.5759033020785858,24.289915602982237
536.0,302.0,219.0,248.0,324.0,233.0,243.0,301.476891,219.180363,247.760468,0.5231089999999767,-0.18036299999999983,0.23953199999999697,0.6029505922328745,26.551836094703507
537.0,411.0,363.0,248.0,395.0,442.0,247.0,411.09562299999993,363.186814,248.12752799999998,-0.09562299999993229,-0.18681400000002668,-0.12752799999998388,0.24557406114855232,80.61017305526642
538.0,239.0,65.0,249.0,311.0,31.0,241.0,238.76551,65.560915,248.62566299999997,0.23448999999999387,-0.5609149999999943,0.37433700000002545,0.7139603538670826,80.02499609497022
539.0,351.0,194.0,250.0,391.0,224.0,246.0,351.220696,194.804487,249.954791,-0.22069599999997536,-0.8044869999999946,0.04520899999999983,0.835433965832118,50.15974481593781
540.0,285.0,207.0,250.0,309.0,212.0,245.0,284.372297,206.77868999999998,249.73562199999998,0.6277029999999968,0.22131000000001677,0.264378000000022,0.7161598279665057,25.019992006393608
541.0,358.0,249.0,250.0,378.0,289.0,247.0,358.051781,248.70543099999998,250.06399799999997,-0.051781000000005406,0.29456900000002406,-0.06399799999996958,0.30585603104403686,44.82186966202994
542.0,278.0,282.0,250.0,273.0,296.0,246.0,278.27886599999994,281.421951,249.743945,-0.2788659999999368,0.5780490000000214,0.2560550000000035,0.6909928041463176,15.394804318340652
543.0,457.0,326.0,250.0,463.0,417.0,249.0,457.44167999999996,326.10728900000004,249.689441,-0.44167999999996255,-0.10728900000003705,0.310559000000012,0.5504898222510407,91.20307012376283
544.0,486.0,345.0,250.0,489.0,450.0,250.0,486.24484799999993,345.005417,249.96709499999997,-0.24484799999993356,-0.005417000000022654,0.03290500000002794,0.24710853084822781,105.04284840006957
545.0,302.0,82.0,251.0,378.0,75.0,245.0,302.31728499999997,82.38221899999999,251.001394,-0.31728499999996984,-0.3822189999999921,-0.0013940000000047803,0.4967525323760059,76.55716818169282
546.0,383.0,163.0,251.0,440.0,199.0,247.0,382.79445699999997,162.652657,250.80284999999998,0.20554300000003423,0.3473429999999951,0.19715000000002192,0.449180595081777,67.53517601961218
547.0,286.0,213.0,251.0,308.0,220.0,247.0,285.696238,213.27526,251.283819,0.3037620000000061,-0.27526000000000295,-0.28381899999999405,0.4985906587622776,23.430749027719962
548.0,471.0,310.0,251.0,485.0,403.0,252.0,470.918115,309.54005800000004,252.194114,0.08188499999999976,0.45994199999995544,-1.1941140000000132,1.282248042145119,94.05317644821997
549.0,236.0,423.0,251.0,168.0,443.0,249.0,234.992127,422.974623,251.01633199999998,1.0078729999999894,0.025376999999991767,-0.016331999999977143,1.0083247048852753,70.90839160494335
550.0,377.0,208.0,252.0,416.0,251.0,249.0,377.70280699999995,209.319519,251.949188,-0.7028069999999502,-1.3195190000000139,0.05081200000000763,1.4958776453821239,58.12916651733448
551.0,383.0,209.0,252.0,422.0,252.0,249.0,382.62524199999996,208.537406,251.903795,0.37475800000004256,0.46259399999999573,0.09620499999999765,0.6030689590959125,58.12916651733448
552.0,355.0,242.0,252.0,377.0,281.0,249.0,355.21001,242.768097,251.804819,-0.21001000000001113,-0.7680970000000116,0.19518099999999095,0.8198614665112752,44.87761134463375
553.0,450.0,344.0,252.0,450.0,436.0,254.0,452.332539,344.300251,253.63034199999998,-2.332538999999997,-0.30025100000000293,-1.6303419999999846,2.861626091313458,92.02173656261873
554.0,360.0,247.0,253.0,382.0,288.0,251.0,360.935672,246.928316,253.331701,-0.9356720000000109,0.07168400000000474,-0.33170100000000957,0.9953121323690511,46.57252408878007
555.0,399.0,256.0,253.0,423.0,313.0,251.0,399.30213,255.70153900000003,252.80280699999997,-0.3021299999999769,0.2984609999999748,0.19719300000002704,0.46823774374774796,61.87891401761993
556.0,459.0,343.0,253.0,458.0,437.0,253.0,458.79995099999996,342.988521,252.75435599999997,0.20004900000003545,0.011479000000008455,0.24564400000002706,0.31700527531577083,94.00531899844816
557.0,323.0,198.0,254.0,355.0,216.0,250.0,321.201568,197.982419,253.52912699999996,1.7984319999999911,0.017581000000006952,0.47087300000004007,1.8591363942201782,36.932370625238775
558.0,243.0,307.0,254.0,222.0,312.0,251.0,242.86216,307.158692,253.932205,0.1378400000000113,-0.15869199999997363,0.06779499999998961,0.22086008803990215,21.79449471770337
559.0,325.0,83.0,256.0,403.0,84.0,253.0,324.158215,82.958474,257.309868,0.8417850000000158,0.041526000000004615,-1.3098679999999945,1.5575880624622842,78.06407624509497
560.0,300.0,377.0,256.0,261.0,415.0,256.0,300.027683,377.116306,256.572762,-0.02768300000002455,-0.11630600000000868,-0.5727620000000115,0.5851066080373871,54.45181356024793
561.0,302.0,174.0,257.0,343.0,181.0,254.0,302.801113,173.94121,257.2951,-0.8011129999999866,0.058789999999987685,-0.2950999999999908,0.8557583262048764,41.701318923986086
562.0,402.0,281.0,257.0,417.0,343.0,257.0,402.505056,280.633579,257.391841,-0.5050560000000246,0.36642100000000255,-0.39184099999999944,0.736807492943731,63.788713735268246
563.0,477.0,314.0,257.0,488.0,411.0,257.0,475.37725500000005,315.02675899999997,256.1785,1.6227449999999521,-1.02675899999997,0.8215000000000146,2.0886353509183473,97.62171889492625
564.0,378.0,164.0,258.0,436.0,199.0,255.0,379.758797,163.771129,257.380886,-1.7587970000000155,0.22887099999999805,0.6191140000000246,1.878576846138077,67.80855403265875
565.0,236.0,225.0,258.0,246.0,214.0,255.0,236.031682,224.803594,258.256511,-0.03168199999998933,0.19640599999999608,-0.25651099999998905,0.32461817429249423,15.165750888103101
566.0,400.0,258.0,258.0,422.0,316.0,258.0,399.36953099999994,258.36187900000004,258.508574,0.6304690000000619,-0.36187900000004447,-0.5085740000000101,0.8871837938545318,62.03224967708329
567.0,432.0,270.0,258.0,455.0,342.0,258.0,431.780242,269.991197,258.012113,0.219758000000013,0.008803000000000338,-0.012112999999999374,0.22026755580885193,75.58438992278762
568.0,399.0,245.0,259.0,427.0,301.0,258.0,399.34924099999995,245.405734,258.661364,-0.3492409999999495,-0.4057339999999954,0.33863600000000815,0.6334537831073128,62.617888817813075
569.0,392.0,277.0,259.0,406.0,336.0,258.0,392.144463,278.062211,258.356738,-0.14446299999997336,-1.0622109999999907,0.6432619999999929,1.2501790941836948,60.64651680022522
570.0,422.0,277.0,259.0,441.0,346.0,259.0,421.952537,276.747754,258.86125799999996,0.04746299999999337,0.25224600000001374,0.13874200000003611,0.29177066927471706,71.56814934033156
571.0,413.0,395.0,259.0,384.0,479.0,260.0,412.29932599999995,394.927158,258.396409,0.7006740000000491,0.07284199999998009,0.6035909999999944,0.9276702574304402,88.87069258197553
572.0,387.0,182.0,260.0,438.0,222.0,259.0,387.33723,181.164614,260.370771,-0.3372299999999768,0.8353859999999997,-0.37077099999999064,0.9741996593804461,64.82283548256741
573.0,442.0,230.0,260.0,482.0,299.0,259.0,441.573291,229.568409,259.199172,0.42670900000001666,0.4315909999999974,0.8008280000000241,1.0048267748950814,79.76214641043707
574.0,390.0,236.0,260.0,419.0,287.0,259.0,389.497188,236.614917,259.693857,0.5028120000000058,-0.6149169999999913,0.30614300000002004,0.851273375997398,58.677082408722406
575.0,395.0,280.0,260.0,409.0,339.0,260.0,395.274671,279.633698,259.94289399999997,-0.2746710000000121,0.3663020000000188,0.057106000000032964,0.4613918168769622,60.63827174318213
576.0,119.0,303.0,260.0,80.0,260.0,257.0,119.04204399999999,303.709566,260.264461,-0.04204399999998998,-0.7095659999999953,-0.26446099999998296,0.7584136251498804,58.12916651733448
577.0,408.0,355.0,260.0,395.0,431.0,261.0,408.35838199999995,354.776727,259.732607,-0.35838199999994913,0.22327300000000605,0.26739300000002686,0.49978746172946414,77.110310594628
578.0,301.0,78.0,261.0,378.0,69.0,258.0,300.87278,77.847854,261.72680299999996,0.12722000000002254,0.1521460000000019,-0.7268029999999612,0.7533763564945146,77.58221445666526
579.0,454.0,352.0,261.0,449.0,445.0,263.0,453.98017999999996,351.643051,260.902825,0.019820000000038362,0.35694899999998597,0.0971749999999929,0.37047051384150687,93.15578350268973
580.0,400.0,190.0,262.0,448.0,238.0,261.0,399.29116999999997,191.019544,261.761507,0.7088300000000345,-1.0195439999999962,0.2384930000000054,1.2644322235236825,67.88961628997471
581.0,331.0,206.0,262.0,362.0,229.0,260.0,330.11579,206.36459200000002,261.528457,0.8842099999999959,-0.364592000000016,0.47154299999999694,1.06635240488921,38.65229618017538
582.0,298.0,388.0,262.0,254.0,426.0,263.0,297.515862,387.55283000000003,262.215571,0.4841379999999731,0.4471699999999714,-0.21557100000001128,0.6934129130503364,58.146367040426526
583.0,264.0,53.0,263.0,344.0,26.0,258.0,263.25898699999993,53.267385000000004,262.43348599999996,0.7410130000000663,-0.2673850000000044,0.5665140000000406,0.9703262938775526,84.581321815162
584.0,393.0,175.0,263.0,446.0,217.0,262.0,392.278696,175.229662,262.844919,0.7213039999999751,-0.22966199999999048,0.15508099999999558,0.7727057727369185,67.63135367564367
585.0,257.0,196.0,263.0,281.0,188.0,260.0,256.50309999999996,195.552345,262.472335,0.4969000000000392,0.44765499999999747,0.5276650000000132,0.8519007930798342,25.475478405713993
586.0,380.0,237.0,263.0,409.0,283.0,264.0,380.730875,236.154526,263.894978,-0.7308750000000259,0.8454739999999958,-0.8949779999999805,1.4317786738127496,54.38749856354859
587.0,204.0,278.0,263.0,188.0,263.0,262.0,203.785764,278.024112,263.725347,0.21423599999999965,-0.024112000000002354,-0.7253469999999993,0.7567078185462331,21.95449840010015
588.0,412.0,240.0,264.0,444.0,300.0,264.0,412.352399,240.270029,263.49575,-0.35239899999999125,-0.27002899999999386,0.5042500000000132,0.6718398459022834,68.0
589.0,388.0,241.0,264.0,416.0,291.0,265.0,388.261871,240.56224699999999,264.579228,-0.2618709999999851,0.43775300000001494,-0.5792280000000005,0.7718219908981642,57.3149195236284
590.0,241.0,221.0,266.0,252.0,212.0,265.0,240.26353600000002,221.78885400000001,266.441985,0.7364639999999838,-0.7888540000000148,-0.4419849999999883,1.1661992097566303,14.247806848775006
591.0,376.0,242.0,266.0,401.0,289.0,267.0,376.10406,242.925835,266.32564099999996,-0.10406000000000404,-0.9258350000000064,-0.3256409999999619,0.9869351507095023,53.24471804789655
592.0,267.0,352.0,267.0,232.0,373.0,268.0,266.66790000000003,352.132072,267.073311,0.33209999999996853,-0.13207199999999375,-0.07331099999998969,0.36483958927859783,40.82891132518721
593.0,243.0,52.0,268.0,322.0,16.0,265.0,243.62447400000002,51.282489999999996,268.41249899999997,-0.6244740000000206,0.7175100000000043,-0.4124989999999684,1.0367949661225242,86.86771552193599
594.0,292.0,384.0,268.0,249.0,418.0,270.0,291.611284,382.704349,268.076003,0.38871599999998807,1.2956510000000208,-0.07600300000001425,1.3548387721297492,54.85435260760991
595.0,396.0,223.0,269.0,432.0,274.0,271.0,396.322304,223.25251,269.61179699999997,-0.32230399999997417,-0.2525100000000009,-0.6117969999999673,0.736163526483718,62.457985878508765
596.0,219.0,405.0,269.0,156.0,416.0,270.0,218.828361,405.318207,268.61706799999996,0.171638999999999,-0.3182069999999726,0.38293200000003935,0.5266427230998377,63.96092557178953
597.0,306.0,185.0,270.0,342.0,194.0,268.0,305.535427,184.44185099999999,268.616802,0.46457299999997304,0.5581490000000144,1.383197999999993,1.5622404058703552,37.16180835212409
598.0,236.0,180.0,271.0,263.0,162.0,270.0,235.83807399999998,180.123677,271.080161,0.16192600000002244,-0.12367699999998649,-0.0801609999999755,0.21895619590685256,32.46536616149585
599.0,199.0,405.0,271.0,133.0,407.0,273.0,198.64099600000003,404.33081100000004,271.31170099999997,0.35900399999997035,0.6691889999999603,-0.3117009999999709,0.8208869003327482,66.06057825965497
600.0,266.0,419.0,271.0,204.0,451.0,273.0,265.26462699999996,420.07313500000004,270.387296,0.7353730000000382,-1.0731350000000361,0.6127040000000079,1.4379841337685697,69.79971346646059
601.0,337.0,120.0,272.0,402.0,131.0,272.0,335.78991199999996,119.930526,272.319619,1.2100880000000416,0.06947399999999959,-0.3196189999999888,1.2535134261670648,65.92419889539804
602.0,425.0,296.0,272.0,437.0,369.0,276.0,424.98652899999996,295.82882,272.537672,0.013471000000038202,0.17117999999999256,-0.5376719999999864,0.564424698099741,74.08778576796583
603.0,457.0,303.0,272.0,470.0,389.0,275.0,455.82604899999995,302.78555100000005,271.29397,1.173951000000045,0.21444899999994504,0.7060299999999984,1.3865885059750351,87.02873088813831
604.0,263.0,52.0,273.0,344.0,24.0,271.0,262.85590999999994,51.84149600000001,273.11073899999997,0.14409000000006245,0.15850399999999354,-0.11073899999996684,0.24114015061164865,85.72630868059116
605.0,395.0,229.0,274.0,428.0,280.0,276.0,394.821639,229.004077,273.659174,0.17836099999999533,-0.004076999999995223,0.34082599999999275,0.38469680337376516,60.778285596090974
606.0,384.0,252.0,274.0,407.0,302.0,277.0,384.241269,251.56788,274.33053,-0.2412689999999884,0.4321199999999976,-0.3305300000000102,0.5951373838543493,55.11805511808268
607.0,320.0,228.0,275.0,342.0,250.0,276.0,320.187811,228.039499,274.49841799999996,-0.1878110000000106,-0.03949900000000639,0.5015820000000417,0.5370452918013958,31.12876483254676
608.0,405.0,252.0,275.0,431.0,310.0,278.0,404.981486,251.55777700000002,274.920277,0.018513999999981934,0.44222299999998427,0.07972300000000132,0.4497329281406751,63.631753079732135
609.0,356.0,263.0,275.0,370.0,305.0,278.0,356.281908,263.524374,275.319571,-0.28190799999998717,-0.524374000000023,-0.3195709999999963,0.675696556437144,44.37341546466758
610.0,276.0,294.0,275.0,266.0,310.0,276.0,276.756243,294.416911,274.198562,-0.7562429999999836,-0.41691100000002734,0.8014380000000187,1.1781430833366666,18.894443627691185
611.0,388.0,77.0,276.0,478.0,102.0,278.0,387.34684100000004,77.70304100000001,277.163116,0.6531589999999596,-0.7030410000000131,-1.1631160000000023,1.5078866523774161,93.42911751697112
612.0,356.0,197.0,276.0,396.0,228.0,278.0,356.436757,196.92953899999998,276.10204,-0.43675700000000006,0.07046100000002298,-0.10203999999998814,0.4540193731218976,50.6458290484024
613.0,387.0,230.0,276.0,419.0,278.0,278.0,387.32590600000003,229.808433,275.372233,-0.3259060000000318,0.19156699999999205,0.6277670000000057,0.7328055967403803,57.723478758647246
614.0,257.0,416.0,276.0,196.0,444.0,280.0,257.289367,416.781389,276.252366,-0.289367000000027,-0.7813889999999901,-0.252365999999995,0.8706265720537122,67.23838189605696
615.0,348.0,206.0,277.0,382.0,235.0,279.0,347.390123,206.017453,276.91506799999996,0.6098769999999831,-0.01745299999998906,0.08493200000003753,0.6160097458336072,44.73253849269008
616.0,254.0,228.0,277.0,265.0,224.0,278.0,253.606626,227.864295,276.878425,0.39337399999999434,0.13570500000000152,0.1215750000000071,0.4335198167627377,11.74734012447073
617.0,401.0,252.0,277.0,426.0,309.0,280.0,400.854162,252.099764,276.599061,0.1458380000000261,-0.0997639999999933,0.40093899999999394,0.4381479883110288,62.313722405261586
618.0,307.0,264.0,277.0,313.0,286.0,279.0,307.054433,263.58169,276.68465,-0.05443300000001727,0.4183100000000195,0.31535000000002356,0.5266800072995301,22.891046284519195
619.0,417.0,343.0,277.0,409.0,420.0,282.0,416.56266600000004,342.797543,276.99618499999997,0.43733399999996436,0.20245699999998124,0.003815000000031432,0.481938189636349,77.57576941287789
620.0,196.0,406.0,277.0,130.0,408.0,279.0,196.62460800000002,405.946784,276.233189,-0.6246080000000234,0.05321600000002036,0.7668110000000183,0.9904373811811928,66.06057825965497
621.0,366.0,196.0,278.0,407.0,231.0,280.0,365.783069,196.42204999999998,277.64372399999996,0.21693099999998822,-0.4220499999999845,0.3562760000000367,0.593395188248951,53.94441583704471
622.0,471.0,326.0,278.0,478.0,421.0,283.0,470.445969,325.653367,277.42005,0.554031000000009,0.3466329999999971,0.5799499999999966,0.8737544209616361,95.38867857350787
623.0,249.0,375.0,278.0,202.0,392.0,282.0,248.43097900000004,374.83171500000003,278.48399,0.5690209999999638,0.16828499999996893,-0.4839900000000057,0.7657356330783842,50.1398045468867
624.0,280.0,394.0,278.0,231.0,426.0,282.0,279.81649400000003,393.717473,277.913453,0.18350599999996575,0.28252700000001596,0.08654699999999593,0.34783090859496046,58.66003750424986
625.0,47.0,217.0,279.0,31.0,132.0,278.0,47.83274,217.179395,279.286819,-0.8327400000000011,-0.17939499999999953,-0.28681899999997995,0.89883458566412,86.49855490122364
626.0,268.0,289.0,279.0,258.0,301.0,282.0,268.25122,289.561054,279.268235,-0.25121999999998934,-0.5610540000000128,-0.2682350000000042,0.6707034326295127,15.905973720586866
627.0,258.0,362.0,279.0,219.0,381.0,282.0,258.776273,361.865582,278.521916,-0.7762730000000033,0.13441799999998238,0.47808400000002393,0.9215379972139094,43.485629810317796
628.0,389.0,229.0,281.0,421.0,279.0,284.0,389.19458299999997,230.125046,280.265926,-0.19458299999996598,-1.1250459999999975,0.734074000000021,1.3573708717520838,59.43904440685432
629.0,459.0,290.0,281.0,479.0,375.0,287.0,459.28275599999995,289.685513,281.24618499999997,-0.2827559999999494,0.31448699999998553,-0.24618499999996857,0.4893465877371036,87.52713864853574
630.0,322.0,414.0,281.0,271.0,466.0,287.0,321.356539,414.456718,281.30690799999996,0.6434610000000021,-0.4567180000000235,-0.30690799999996443,0.846655721358453,73.08214556237385
631.0,273.0,141.0,282.0,321.0,131.0,284.0,272.960447,141.098634,282.603598,0.03955300000001216,-0.09863400000000411,-0.6035979999999768,0.6128814333694355,49.07137658554119
632.0,417.0,384.0,282.0,393.0,468.0,288.0,416.681888,384.31644500000004,281.424107,0.3181119999999851,-0.3164450000000443,0.5758930000000078,0.7300585113660599,87.56711711595854
633.0,353.0,267.0,283.0,367.0,305.0,287.0,354.03231,264.39284699999996,282.711523,-1.0323099999999954,2.6071530000000394,0.2884770000000003,2.8188880220821466,40.69397989875161
634.0,458.0,294.0,283.0,476.0,379.0,289.0,458.011243,293.593351,282.853656,-0.01124299999997902,0.4066490000000158,0.14634399999999914,0.4323267058441014,87.09190547921202
635.0,277.0,126.0,284.0,331.0,116.0,285.0,276.834271,126.853002,283.548068,0.1657289999999989,-0.8530020000000036,0.45193199999999933,0.9794493586036008,54.92722457943783
636.0,383.0,219.0,284.0,418.0,263.0,287.0,382.72497899999996,218.500377,282.933652,0.27502100000003793,0.4996230000000139,1.066348000000005,1.2092798475431754,56.302753041036986
637.0,271.0,145.0,285.0,317.0,135.0,287.0,270.92097,145.276217,285.03610299999997,0.07902999999998883,-0.2762170000000026,-0.03610299999996869,0.2895600086303311,47.11687595755899
638.0,350.0,198.0,285.0,389.0,226.0,289.0,350.57649100000003,197.303008,285.179256,-0.5764910000000327,0.6969919999999945,-0.1792560000000094,0.922102182342626,48.176757881783615
639.0,292.0,214.0,285.0,315.0,222.0,288.0,292.02705199999997,213.415187,284.819303,-0.027051999999969212,0.5848129999999969,0.1806970000000092,0.6126903471428272,24.535688292770594
640.0,438.0,278.0,285.0,458.0,353.0,290.0,437.264776,278.075826,284.086207,0.7352240000000165,-0.07582600000000639,0.9137929999999983,1.1752963708363189,77.78174593052023
641.0,379.0,309.0,285.0,379.0,366.0,291.0,379.274439,308.71813399999996,285.188336,-0.27443899999997257,0.28186600000003637,-0.1883359999999925,0.4361601260695464,57.3149195236284
642.0,347.0,250.0,286.0,364.0,286.0,291.0,346.790684,250.446694,286.23484099999996,0.20931600000000117,-0.4466940000000079,-0.23484099999996033,0.5463506317128122,40.124805295477756
643.0,416.0,379.0,286.0,394.0,462.0,292.0,415.93295500000005,379.433351,284.768682,0.0670449999999505,-0.43335100000001603,1.2313179999999875,1.3070700586999828,86.07554821202127
644.0,274.0,135.0,287.0,324.0,124.0,290.0,273.523281,134.938423,287.58804399999997,0.4767190000000028,0.06157699999999977,-0.588043999999968,0.7595054165876403,51.28352561983234
645.0,349.0,276.0,287.0,357.0,315.0,293.0,348.920044,274.821995,287.56357299999996,0.07995599999998149,1.1780049999999846,-0.5635729999999626,1.3083207818764933,40.26164427839479
646.0,291.0,360.0,287.0,256.0,391.0,293.0,290.228863,360.130111,287.210068,0.7711370000000102,-0.13011099999999942,-0.21006799999997838,0.8097590442310642,47.138094997570704
647.0,322.0,412.0,287.0,273.0,463.0,294.0,322.192837,411.674728,287.06823199999997,-0.19283699999999726,0.325271999999984,-0.06823199999996632,0.3842441780651777,71.07038764492565
648.0,362.0,109.0,288.0,437.0,128.0,289.0,362.35812899999996,108.67148999999999,286.092246,-0.3581289999999626,0.3285100000000085,1.9077540000000113,1.9686798940551564,77.37570678190927
649.0,274.0,134.0,288.0,325.0,122.0,291.0,273.788629,133.134186,288.426038,0.21137099999998554,0.8658140000000003,-0.42603800000000547,0.9878359983727051,52.478567053607705
650.0,470.0,343.0,288.0,471.0,442.0,296.0,470.59201199999995,343.920319,287.85931899999997,-0.5920119999999542,-0.9203190000000063,0.14068100000002914,1.1032934395100724,99.32774033471213
651.0,324.0,187.0,289.0,362.0,204.0,293.0,323.905482,187.262426,288.87210699999997,0.09451799999999366,-0.26242600000000493,0.12789300000002868,0.3068512298313447,41.82104733265297
652.0,420.0,251.0,289.0,448.0,316.0,295.0,419.906682,251.970508,288.684615,0.09331800000001067,-0.9705079999999953,0.31538499999999203,1.0247251950708482,71.02816342831905
653.0,325.0,415.0,289.0,275.0,469.0,296.0,325.32710299999997,415.837444,288.62383,-0.3271029999999655,-0.837444000000005,0.3761700000000019,0.9745833441245481,73.92563831310488
654.0,423.0,243.0,290.0,455.0,308.0,297.0,423.28101499999997,243.95419800000002,290.380964,-0.28101499999996804,-0.9541980000000194,-0.38096400000000585,1.0651745503554915,72.78736154031138
655.0,421.0,249.0,290.0,451.0,312.0,297.0,421.214391,248.102162,290.35504399999996,-0.2143909999999778,0.8978380000000072,-0.35504399999996394,0.989005974229164,70.12845356914696
656.0,354.0,264.0,291.0,367.0,304.0,297.0,353.862443,263.714458,290.91831199999996,0.13755700000001525,0.28554200000002083,0.0816880000000424,0.3273058070933405,42.485291572496
657.0,353.0,265.0,291.0,366.0,305.0,297.0,353.345787,264.751449,290.911832,-0.345786999999973,0.2485510000000204,0.08816799999999603,0.43487911561029324,42.485291572496
658.0,419.0,373.0,291.0,400.0,456.0,299.0,419.096234,373.28051600000003,290.543887,-0.09623399999998128,-0.2805160000000342,0.4561130000000162,0.54404896634497,85.5219270129012
659.0,411.0,386.0,292.0,385.0,468.0,301.0,410.583421,386.52376999999996,292.121754,0.4165790000000129,-0.5237699999999563,-0.12175400000000991,0.6802184301068058,86.49277426467485
660.0,163.0,80.0,295.0,217.0,17.0,297.0,162.58803400000002,79.662105,295.207355,0.4119659999999783,0.33789500000000317,-0.20735500000000684,0.5717386747509626,83.0
661.0,335.0,108.0,295.0,406.0,116.0,299.0,335.23693199999997,107.500824,294.603793,-0.2369319999999675,0.4991760000000056,0.396207000000004,0.6799216414036203,71.56116265125938
662.0,460.0,311.0,296.0,472.0,400.0,305.0,460.51547200000005,311.11030600000004,295.734673,-0.5154720000000452,-0.11030600000003687,0.2653270000000134,0.5901501616953619,90.2551937563706
663.0,396.0,276.0,297.0,411.0,334.0,306.0,395.943166,275.682517,297.687821,0.05683399999998073,0.31748299999998153,-0.6878209999999854,0.7596863082127819,60.58052492344384
664.0,427.0,249.0,299.0,458.0,315.0,308.0,427.53409199999993,248.723018,299.294239,-0.5340919999999301,0.27698200000000384,-0.2942390000000046,0.669738666876066,73.47108274688756
665.0,229.0,262.0,299.0,222.0,254.0,305.0,228.25009999999997,262.618932,298.882117,0.7499000000000251,-0.6189319999999725,0.11788300000000618,0.9794504746606666,12.206555615733702
666.0,235.0,260.0,304.0,231.0,254.0,312.0,235.30656,260.349195,304.56841099999997,-0.3065599999999904,-0.3491950000000088,-0.5684109999999691,0.7341711289242892,10.770329614269007
667.0,311.0,265.0,304.0,317.0,289.0,312.0,311.242173,265.199368,303.668972,-0.24217299999997977,-0.19936799999999266,0.33102800000000343,0.4560426494715045,26.0
668.0,275.0,148.0,307.0,320.0,140.0,315.0,274.807166,148.65864,307.90453099999996,0.19283400000000483,-0.6586399999999912,-0.9045309999999631,1.1354153121730055,46.400431032480725
669.0,467.0,324.0,307.0,475.0,417.0,319.0,467.399266,323.679935,306.985983,-0.39926600000001145,0.3200649999999996,0.014017000000023927,0.5119095811469145,94.11163583744573
670.0,80.0,197.0,309.0,76.0,121.0,316.0,80.27825999999999,197.31202,310.30914299999995,-0.27825999999998885,-0.31201999999998975,-1.309142999999949,1.3742781750609496,76.42643521714199
671.0,76.0,208.0,310.0,66.0,132.0,316.0,75.37205699999998,208.459049,310.23230399999994,0.6279430000000161,-0.45904899999999316,-0.23230399999994233,0.8117903325773147,76.88953114696434
672.0,394.0,81.0,312.0,484.0,108.0,321.0,393.96016799999995,81.231062,312.29495299999996,0.03983200000004672,-0.23106199999999433,-0.29495299999996405,0.37679372112202175,94.39279633531363
673.0,422.0,196.0,312.0,472.0,251.0,322.0,421.876112,195.487416,311.45955899999996,0.1238880000000222,0.5125840000000039,0.5404410000000439,0.7550940789604015,75.0
674.0,284.0,334.0,313.0,258.0,358.0,324.0,283.47162699999996,334.271503,312.999962,0.5283730000000446,-0.2715029999999956,3.800000001774606e-05,0.5940470583901959,37.05401462729781
675.0,245.0,172.0,314.0,276.0,156.0,321.0,244.83859999999999,172.58615,312.87335299999995,0.16140000000001464,-0.5861500000000035,1.1266470000000481,1.280216874247921,35.58089374931439
676.0,210.0,210.0,314.0,220.0,186.0,323.0,209.15468,210.47229800000002,314.46243699999997,0.8453199999999867,-0.4722980000000234,-0.4624369999999658,1.0730700266865012,27.51363298439521
677.0,346.0,113.0,315.0,416.0,127.0,324.0,346.09721399999995,113.697238,314.902649,-0.09721399999995128,-0.6972379999999987,0.0973510000000033,0.7106817907059314,71.95137246779939
678.0,401.0,84.0,318.0,490.0,113.0,328.0,399.987374,83.626536,317.937729,1.0126260000000116,0.37346399999999846,0.062271000000009735,1.0810940997956762,94.13819628609845
679.0,330.0,217.0,318.0,357.0,241.0,328.0,329.970341,217.660744,317.136084,0.029658999999981006,-0.660743999999994,0.8639160000000174,1.088031775672485,37.48332962798263
680.0,28.0,209.0,321.0,10.0,116.0,329.0,27.811253999999998,210.706326,321.38940699999995,0.18874600000000186,-1.70632599999999,-0.38940699999994877,1.7603440806958528,95.06313691436866
681.0,400.0,405.0,321.0,363.0,485.0,337.0,398.240968,405.807405,321.540489,1.7590319999999906,-0.807405000000017,-0.5404889999999796,2.009533470776233,89.58236433584459
682.0,24.0,207.0,322.0,8.0,110.0,329.0,24.695085999999996,206.563356,321.472759,-0.6950859999999963,0.43664400000000114,0.5272410000000036,0.9755949990713358,98.55962662266938
683.0,428.0,236.0,324.0,464.0,300.0,338.0,428.562285,235.803191,324.02572,-0.5622849999999744,0.1968090000000018,-0.025719999999978427,0.5962882877484437,74.75292636412303
684.0,300.0,397.0,324.0,253.0,436.0,338.0,300.021094,396.324367,323.56136499999997,-0.021094000000005053,0.6756330000000048,0.4386350000000334,0.8058074030126777,62.65780079128216
685.0,308.0,150.0,325.0,358.0,154.0,337.0,308.177736,149.88037599999998,325.55319299999996,-0.1777359999999817,0.11962400000001594,-0.5531929999999647,0.5932305473599268,51.57518783291051
686.0,445.0,331.0,325.0,446.0,417.0,341.0,445.064967,331.433429,325.175644,-0.0649670000000242,-0.43342899999998963,-0.17564399999997704,0.47215699069905354,87.48142660016468
687.0,331.0,353.0,325.0,304.0,399.0,339.0,330.024597,354.327365,324.54277399999995,0.9754029999999716,-1.3273649999999861,0.4572260000000483,1.709492459974583,55.14526271584895
688.0,339.0,40.0,326.0,436.0,39.0,337.0,338.843695,40.241675,326.50407599999994,0.15630499999997483,-0.24167500000000075,-0.5040759999999409,0.5804572959537445,97.62684057163789
689.0,435.0,338.0,326.0,431.0,421.0,343.0,434.46929800000004,338.45973100000003,326.84982299999996,0.5307019999999625,-0.4597310000000334,-0.849822999999958,1.102359440697053,84.8174510345601
690.0,338.0,393.0,326.0,299.0,447.0,341.0,338.654766,392.948183,325.631647,-0.6547659999999951,0.0518170000000282,0.36835300000001325,0.7530520890708731,68.27884006044626
691.0,330.0,397.0,326.0,286.0,449.0,343.0,329.09240900000003,397.900503,327.318786,0.9075909999999681,-0.9005030000000147,-1.3187859999999887,1.836797100957517,70.20683727387241
692.0,388.0,213.0,327.0,425.0,258.0,340.0,387.341882,213.31894699999998,326.38710899999995,0.6581180000000018,-0.3189469999999801,0.6128910000000474,0.9541917357711959,59.69087032369355
693.0,434.0,240.0,327.0,469.0,307.0,342.0,434.306045,239.983156,327.19155199999994,-0.30604499999998325,0.016843999999991865,-0.19155199999994466,0.36144077117138884,77.06490770772389
694.0,401.0,252.0,327.0,425.0,308.0,342.0,400.37783,252.19464299999999,327.424109,0.6221699999999828,-0.19464299999998502,-0.4241089999999872,0.7777209333880385,62.74551776820397
695.0,321.0,392.0,327.0,280.0,439.0,343.0,321.82676100000003,391.688545,327.47252999999995,-0.8267610000000332,0.3114550000000236,-0.47252999999994927,1.0019094615013981,64.389440128021
696.0,309.0,149.0,328.0,359.0,153.0,340.0,308.721539,148.87300399999998,328.01809799999995,0.27846099999999296,0.12699600000001965,-0.018097999999952208,0.30658775275767186,51.57518783291051
697.0,427.0,339.0,328.0,422.0,419.0,345.0,426.973565,339.264087,328.56288199999995,0.026434999999992215,-0.2640870000000177,-0.562881999999945,0.6223157548366802,81.93900170248598
698.0,340.0,397.0,329.0,299.0,452.0,345.0,339.99274700000007,396.87327,328.84935199999995,0.007252999999934673,0.1267300000000091,0.15064800000004652,0.19699725585148484,70.44146506142529
699.0,298.0,399.0,329.0,250.0,439.0,344.0,298.52542,399.494578,328.45877499999995,-0.5254199999999969,-0.49457799999998997,0.541225000000054,0.9019967156863961,64.25729530566937
700.0,334.0,399.0,329.0,291.0,452.0,345.0,333.77664300000004,398.952246,328.893824,0.2233569999999645,0.04775399999999763,0.10617600000000493,0.2518772259276034,70.09992867328754
701.0,356.0,135.0,330.0,419.0,155.0,343.0,355.89018000000004,134.864541,330.118905,0.10981999999995651,0.13545899999999733,-0.11890499999998383,0.2110639052656467,67.36467917239716
702.0,351.0,398.0,332.0,310.0,458.0,349.0,350.13822799999997,398.716884,331.99386899999996,0.8617720000000304,-0.7168839999999932,0.006131000000038966,1.1209867254348034,74.63243262818116
703.0,343.0,399.0,332.0,301.0,456.0,350.0,342.633446,399.511367,332.887453,0.3665540000000078,-0.511367000000007,-0.8874529999999936,1.0878560892020606,73.05477397131553
704.0,296.0,389.0,333.0,251.0,426.0,349.0,295.963037,389.18152399999997,332.707098,0.03696300000001429,-0.1815239999999676,0.2929020000000264,0.34656717609866744,60.41522986797286
705.0,283.0,163.0,334.0,324.0,158.0,347.0,282.891212,161.92323,333.88879299999996,0.1087880000000041,1.0767700000000104,0.1112070000000358,1.0879501177411726,43.30127018922193
706.0,419.0,222.0,334.0,458.0,279.0,350.0,418.541298,221.16140000000001,334.14559299999996,0.4587020000000166,0.8385999999999854,-0.14559299999996256,0.9668788995799732,70.8942874990644
707.0,397.0,229.0,335.0,429.0,279.0,351.0,396.01697,228.707561,335.12627899999995,0.9830299999999852,0.29243900000000167,-0.12627899999995407,1.0333513127015228,61.48170459575759
708.0,274.0,335.0,335.0,246.0,354.0,351.0,273.350366,334.54806199999996,335.24065099999996,0.6496339999999918,0.45193800000004103,-0.2406509999999571,0.827154878847369,37.429934544425805
709.0,497.0,361.0,335.0,495.0,471.0,354.0,497.315519,360.792476,334.906322,-0.3155189999999948,0.20752399999997806,0.09367800000001125,0.38909384166417965,111.64676439557037
710.0,356.0,129.0,336.0,421.0,149.0,350.0,355.94540699999993,129.751194,335.916346,0.05459300000006806,-0.7511939999999981,0.0836540000000241,0.7578065802043479,69.4334213473598
711.0,388.0,135.0,336.0,456.0,168.0,351.0,388.096694,135.43080799999998,336.31251499999996,-0.0966940000000136,-0.43080799999998476,-0.31251499999996213,0.540935197343421,77.05841939723393
712.0,437.0,244.0,336.0,471.0,312.0,353.0,437.261395,243.45761,336.134464,-0.26139499999999316,0.5423900000000117,-0.13446399999997993,0.6169236787650509,77.90378681424929
713.0,344.0,403.0,336.0,301.0,461.0,353.0,343.962378,403.426581,335.28568299999995,0.037621999999998934,-0.42658099999999877,0.7143170000000509,0.8328478498105591,74.17546764261078
714.0,358.0,422.0,336.0,311.0,487.0,354.0,358.51083900000003,421.04282800000004,335.73655399999996,-0.5108390000000327,0.9571719999999573,0.2634460000000445,1.116484893055421,82.20705565825844
715.0,325.0,195.0,338.0,360.0,213.0,353.0,325.237609,195.36862100000002,337.94337399999995,-0.2376090000000204,-0.36862100000001874,0.056626000000051135,0.44220581452308977,42.118879377305376
716.0,453.0,329.0,338.0,455.0,417.0,357.0,452.202868,329.25254900000004,338.237213,0.7971319999999764,-0.25254900000004454,-0.237212999999997,0.8691780198520803,90.0499861188218
717.0,323.0,199.0,339.0,356.0,217.0,354.0,323.18003400000003,199.526458,338.736929,-0.18003400000003467,-0.526457999999991,0.2630710000000249,0.6154483064896809,40.47221268969612
718.0,420.0,218.0,339.0,462.0,277.0,355.0,421.17388100000005,218.61703899999998,338.24481,-1.1738810000000512,-0.617038999999977,0.7551900000000273,1.5261211176646934,74.16872656315464
719.0,418.0,222.0,339.0,457.0,281.0,356.0,418.33929300000005,223.03474799999998,339.04392399999995,-0.3392930000000547,-1.0347479999999791,-0.04392399999994723,1.0898405760151295,72.73926037567333
720.0,423.0,224.0,340.0,461.0,284.0,357.0,422.23746500000004,224.33649,339.80504599999995,0.7625349999999571,-0.33648999999999774,0.19495400000005247,0.8559744204361212,73.02739212103907
721.0,489.0,357.0,341.0,487.0,463.0,361.0,489.079902,356.723611,340.78343099999995,-0.07990200000000414,0.27638899999999467,0.21656900000004953,0.3601074015984942,107.88883167408942
722.0,487.0,361.0,342.0,484.0,466.0,362.0,487.538983,359.84445700000003,341.583466,-0.5389829999999733,1.155542999999966,0.41653400000001284,1.3413735021588518,106.92988356862641
723.0,379.0,371.0,342.0,355.0,437.0,361.0,379.74490399999996,370.821621,341.83023299999996,-0.7449039999999627,0.17837900000000673,0.16976700000003575,0.7845520194008546,72.75300681071539
724.0,461.0,294.0,343.0,478.0,380.0,363.0,460.495252,294.581328,343.47164899999996,0.5047480000000064,-0.581327999999985,-0.4716489999999567,0.9028651982931606,89.9166280506559
725.0,273.0,90.0,344.0,341.0,70.0,357.0,273.279507,89.217664,343.04847199999995,-0.2795070000000237,0.7823360000000008,0.951528000000053,1.263162426107235,72.06247289678588
726.0,341.0,106.0,344.0,413.0,115.0,359.0,340.958606,105.496981,343.74541899999997,0.041394000000025244,0.5030189999999948,0.25458100000003014,0.565290246827249,74.09453421137081
727.0,296.0,265.0,344.0,299.0,282.0,362.0,295.88589,264.930881,344.82705699999997,0.11410999999998239,0.0691190000000006,-0.827056999999968,0.8377480584936876,24.939927826679853
728.0,231.0,300.0,344.0,210.0,298.0,361.0,230.88839600000003,300.48352,344.30970899999994,0.11160399999997139,-0.4835199999999986,-0.30970899999994117,0.5849501755679332,27.09243436828813
729.0,359.0,335.0,344.0,345.0,388.0,362.0,359.22632999999996,335.351383,343.29520899999994,-0.22632999999996173,-0.35138299999999845,0.704791000000057,0.8194056597742426,57.697486947006624
730.0,444.0,330.0,346.0,445.0,415.0,367.0,444.002514,330.395761,346.51163099999997,-0.002514000000019223,-0.39576099999999315,-0.5116309999999658,0.6468379777641072,87.56140702387097
731.0,205.0,235.0,347.0,206.0,211.0,362.0,205.138334,233.923528,346.198813,-0.1383339999999862,1.0764719999999954,0.8011870000000272,1.3490103303196124,28.319604517012593
732.0,271.0,346.0,347.0,239.0,367.0,365.0,271.42260200000004,346.607935,346.59570699999995,-0.42260200000004033,-0.6079349999999977,0.4042930000000524,0.8435817947763415,42.2965719651132
733.0,472.0,361.0,347.0,465.0,461.0,369.0,471.53729400000003,360.96554100000003,347.48560699999996,0.46270599999996875,0.03445899999996982,-0.48560699999995904,0.6716386108361618,102.63040485158382
734.0,279.0,142.0,348.0,327.0,133.0,363.0,278.85811,141.873607,347.28469099999995,0.1418899999999894,0.1263930000000073,0.7153090000000475,0.7401181851772505,51.088159097779204
735.0,249.0,255.0,349.0,248.0,252.0,367.0,248.49276200000003,254.92014799999998,349.56911099999996,0.5072379999999725,0.07985200000001669,-0.569110999999964,0.7665207504490232,18.275666882497067
736.0,425.0,337.0,349.0,420.0,415.0,369.0,424.59528700000004,336.912307,348.28955599999995,0.40471299999995836,0.08769300000000158,0.7104440000000523,0.8223219270784653,80.67837380611982
737.0,420.0,355.0,349.0,407.0,434.0,370.0,419.44995,355.065777,348.95255699999996,0.5500499999999988,-0.06577700000002551,0.04744300000004387,0.5559968115717987,82.77076778670111
738.0,270.0,91.0,350.0,337.0,71.0,366.0,270.51325299999996,91.123128,350.43394399999994,-0.5132529999999633,-0.12312799999999413,-0.43394399999993993,0.6832982815205295,71.72865536171719
739.0,352.0,362.0,350.0,326.0,415.0,371.0,351.57416299999994,361.36002099999996,350.45105199999995,0.4258370000000582,0.6399790000000394,-0.4510519999999474,0.8912677362689915,62.65780079128216
740.0,335.0,32.0,351.0,435.0,28.0,367.0,335.474225,32.249427999999995,351.22631399999995,-0.4742249999999899,-0.24942799999999465,-0.22631399999994528,0.5816542825467401,101.35087567455942
741.0,264.0,351.0,351.0,228.0,369.0,370.0,263.44141800000006,351.07012999999995,350.730153,0.5585819999999444,-0.07012999999994918,0.26984700000002704,0.6242991839118047,44.50842616853577
742.0,356.0,140.0,352.0,418.0,160.0,370.0,356.65927500000004,139.276579,352.190094,-0.6592750000000365,0.7234210000000019,-0.19009399999998777,0.9970542601594189,67.58698099486321
743.0,409.0,260.0,352.0,432.0,320.0,372.0,409.21267499999993,259.997157,351.824978,-0.21267499999993333,0.002842999999984386,0.17502200000001267,0.27544770603142804,67.29784543356496
744.0,204.0,237.0,353.0,203.0,213.0,370.0,203.400401,236.336366,352.747212,0.599599000000012,0.6636340000000018,0.25278800000000956,0.9294249941232599,29.427877939124322
745.0,451.0,322.0,354.0,457.0,409.0,374.0,451.827871,322.68369399999995,352.25348199999996,-0.827871000000016,-0.6836939999999458,1.7465180000000373,2.0501543850649595,89.47066558375433
746.0,277.0,87.0,355.0,346.0,69.0,371.0,277.030901,87.27940699999999,354.505366,-0.030900999999971646,-0.27940699999999197,0.4946340000000191,0.5689340360762508,73.08214556237385
747.0,205.0,233.0,355.0,207.0,210.0,374.0,205.763578,233.00501300000002,356.03899299999995,-0.7635779999999954,-0.005013000000019474,-1.038992999999948,1.289411860617811,29.899832775452108
748.0,328.0,37.0,357.0,425.0,30.0,375.0,328.297201,36.48137,357.81362599999994,-0.29720099999997274,0.5186300000000017,-0.8136259999999425,1.0096003066446106,98.90399385262458
749.0,376.0,324.0,357.0,369.0,380.0,379.0,375.94561899999997,323.065344,357.18917999999996,0.054381000000034874,0.9346560000000181,-0.18917999999996482,0.9551587323042303,60.572270883631234
750.0,339.0,346.0,357.0,317.0,392.0,379.0,338.665227,345.90411600000004,357.33378,0.3347729999999842,0.09588399999995545,-0.3337799999999902,0.48236479078076827,55.53377350765928
751.0,444.0,349.0,357.0,437.0,436.0,380.0,443.371544,348.922585,356.956459,0.6284560000000283,0.07741499999997359,0.043541000000004715,0.634701382416985,90.26073343375845
752.0,322.0,138.0,358.0,378.0,144.0,378.0,321.485435,137.31653899999998,359.16087799999997,0.5145650000000046,0.6834610000000225,-1.1608779999999683,1.4420588783506594,59.76621118993574
753.0,453.0,365.0,358.0,442.0,458.0,382.0,453.002561,364.739589,358.302756,-0.0025610000000142463,0.2604109999999764,-0.30275599999998803,0.39935152832808907,96.67471230885562
754.0,260.0,387.0,359.0,211.0,408.0,382.0,260.494708,385.914071,360.188835,-0.4947080000000028,1.0859290000000215,-1.1888349999999832,1.6844306027646285,58.06031346797914
755.0,293.0,435.0,360.0,230.0,477.0,383.0,293.23163700000003,434.607587,360.07199799999995,-0.23163700000003473,0.39241299999997636,-0.07199799999995093,0.4613321735387534,79.13279977354523
756.0,410.0,391.0,361.0,382.0,470.0,384.0,409.524163,389.677083,360.13077799999996,0.4758370000000127,1.322917000000018,0.8692220000000361,1.652899611211196,86.91375035056306
757.0,411.0,392.0,362.0,383.0,472.0,387.0,410.849037,391.00106800000003,362.55956599999996,0.1509629999999902,0.998931999999968,-0.5595659999999612,1.1548892052265833,88.3685464404615
758.0,205.0,211.0,363.0,214.0,184.0,382.0,204.505779,211.059799,362.86889399999995,0.49422100000001024,-0.05979899999999816,0.13110600000004524,0.514800058739334,34.219877264537345
759.0,269.0,303.0,363.0,253.0,315.0,384.0,268.934151,302.747126,362.713934,0.06584900000001426,0.2528740000000198,0.28606600000000526,0.387446908663645,29.0
760.0,277.0,374.0,363.0,236.0,402.0,385.0,278.385038,374.784176,362.580519,-1.3850380000000087,-0.7841760000000022,0.41948100000001887,1.6459728338526864,54.30469592954186
761.0,410.0,219.0,364.0,449.0,273.0,386.0,410.311803,219.19296200000002,363.76895799999994,-0.3118029999999976,-0.19296200000002273,0.23104200000005903,0.4334003345834363,70.14983962918234
762.0,449.0,349.0,364.0,443.0,438.0,388.0,448.62672799999996,348.996575,363.45482699999997,0.3732720000000427,0.003424999999992906,0.5451730000000339,0.6607248417745989,92.37423883312923
763.0,415.0,403.0,364.0,383.0,486.0,388.0,414.503084,401.890607,363.210495,0.4969159999999988,1.1093930000000114,0.7895050000000197,1.4494814536688818,92.13576938409967
764.0,276.0,380.0,365.0,231.0,407.0,388.0,275.828905,379.99875,365.00654399999996,0.1710949999999798,0.0012500000000272848,-0.00654399999996258,0.1712246637052988,57.29746940310715
765.0,269.0,392.0,365.0,219.0,418.0,388.0,269.368676,391.66552299999995,364.94082299999997,-0.36867599999999356,0.33447700000004943,0.059177000000033786,0.5012970913879636,60.868711174132805
766.0,356.0,413.0,365.0,311.0,476.0,390.0,355.972676,412.849947,365.37008299999997,0.027324000000021442,0.15005300000001398,-0.3700829999999655,0.40027981547160213,81.35723692456621
767.0,316.0,107.0,366.0,383.0,106.0,385.0,315.540277,106.555768,365.32689,0.4597229999999968,0.4442319999999995,0.6731100000000083,0.928312651348137,69.6491205974634
768.0,283.0,384.0,366.0,238.0,414.0,387.0,283.08144599999997,383.609606,364.063883,-0.08144599999997126,0.3903940000000148,1.9361170000000243,1.9767624955570917,58.01723881744115
769.0,385.0,99.0,367.0,466.0,124.0,388.0,384.745929,99.004153,367.107216,0.25407100000001037,-0.004153000000002294,-0.10721599999999398,0.27579809844522857,87.33269719870101
770.0,381.0,105.0,367.0,460.0,130.0,387.0,381.63694399999997,105.216226,366.248861,-0.6369439999999713,-0.21622600000000602,0.7511390000000233,1.0082961566588466,85.24083528450434
771.0,276.0,374.0,367.0,234.0,400.0,389.0,276.346494,373.789174,365.89361499999995,-0.34649400000000696,0.2108259999999973,1.1063850000000457,1.178385956525749,54.0740233383831
772.0,407.0,407.0,367.0,372.0,489.0,392.0,406.773208,407.12004800000005,366.513427,0.226791999999989,-0.12004800000005389,0.48657300000002124,0.5500903724816756,92.59589623736032
773.0,358.0,21.0,368.0,465.0,23.0,387.0,357.66380999999996,20.765133000000006,367.509239,0.3361900000000446,0.23486699999999416,0.49076100000002043,0.639556551768526,108.6922260329597
774.0,332.0,32.0,368.0,432.0,27.0,387.0,333.06380899999994,32.44938500000001,367.64453,-1.0638089999999352,-0.4493850000000066,0.35547000000002527,1.2083026887356851,101.91172650877817
775.0,284.0,386.0,368.0,238.0,417.0,392.0,283.907762,385.99032800000003,368.125141,0.09223800000000892,0.009671999999966374,-0.12514099999998507,0.1557615681386049,60.440052945046304
776.0,408.0,407.0,368.0,374.0,489.0,394.0,408.345332,406.62005000000005,368.141259,-0.3453319999999849,0.37994999999995116,-0.14125899999999092,0.5325131902638186,92.49864863877742
777.0,348.0,144.0,369.0,407.0,161.0,391.0,348.562518,143.119623,369.448179,-0.5625180000000114,0.88037700000001,-0.4481789999999819,1.1368177419859413,65.22269543648132
778.0,483.0,384.0,369.0,468.0,488.0,393.0,481.115148,381.40509000000003,366.81127699999996,1.8848520000000235,2.5949099999999703,2.1887230000000386,3.8828769412296733,107.78218776773832
779.0,345.0,148.0,370.0,401.0,165.0,391.0,344.941868,147.787331,369.43337699999995,0.05813200000000052,0.21266900000000533,0.5666230000000496,0.60800415879668,62.177166226839255
780.0,292.0,359.0,370.0,259.0,389.0,394.0,292.953137,358.79343,369.98444399999994,-0.9531370000000265,0.20656999999999925,0.015556000000060521,0.9753887916134019,50.6458290484024
781.0,420.0,380.0,370.0,398.0,463.0,396.0,420.24246,380.19777400000004,369.95980699999996,-0.24245999999999412,-0.19777400000003809,0.040193000000044776,0.31546296759685727,89.71621926942753
782.0,332.0,27.0,371.0,433.0,20.0,392.0,332.063568,26.799044999999992,371.82061899999997,-0.0635679999999752,0.20095500000000754,-0.8206189999999651,0.8472540031241769,103.39729203417274
783.0,382.0,322.0,372.0,377.0,381.0,397.0,382.58496199999996,321.941201,371.88321899999994,-0.5849619999999618,0.058799000000021806,0.11678100000005998,0.5993960842431088,64.27285585688566
784.0,291.0,354.0,372.0,259.0,383.0,396.0,291.409093,354.15046199999995,371.69562799999994,-0.4090929999999844,-0.1504619999999477,0.3043720000000576,0.5316372922181123,49.4064773081425
785.0,345.0,334.0,373.0,329.0,382.0,396.0,345.53964599999995,335.182303,371.318537,-0.5396459999999479,-1.1823029999999903,1.681463000000008,2.1251767007695967,55.57877292636101
786.0,318.0,402.0,373.0,271.0,448.0,399.0,317.68360099999995,401.574352,373.30481,0.3163990000000467,0.4256480000000238,-0.30480999999997493,0.6117137265135012,70.71774883294857
787.0,377.0,117.0,374.0,451.0,141.0,396.0,377.58919499999996,116.19224,373.54173799999995,-0.589194999999961,0.8077600000000018,0.45826200000004746,1.0998322718801266,80.84553172563095
788.0,395.0,325.0,374.0,390.0,389.0,400.0,394.79613399999994,324.809436,374.17306499999995,0.20386600000006183,0.19056399999999485,-0.1730649999999514,0.3283709461523757,69.26037828369117
789.0,311.0,326.0,374.0,292.0,358.0,399.0,310.568744,326.17633,374.27158099999997,0.43125600000001896,-0.1763300000000072,-0.2715809999999692,0.5392867938277389,44.83302354291979
790.0,179.0,179.0,376.0,196.0,136.0,397.0,178.15814400000002,178.583878,375.83895299999995,0.8418559999999786,0.41612200000000144,0.16104700000005323,0.9527933563102665,50.78385570237849
791.0,267.0,236.0,376.0,277.0,238.0,402.0,267.697856,236.849749,378.258071,-0.6978560000000016,-0.8497490000000028,-2.2580709999999726,2.511565448236992,27.92848008753788
792.0,373.0,327.0,376.0,364.0,383.0,402.0,373.04975199999996,326.92314,376.028783,-0.04975199999995539,0.07686000000001059,-0.0287829999999758,0.09597490397492354,62.39390995922599
793.0,285.0,127.0,377.0,340.0,118.0,398.0,285.370639,127.18404100000001,376.07463399999995,-0.37063899999998284,-0.18404100000000767,0.9253660000000536,1.0136797284932206,59.55669567731239
794.0,413.0,350.0,378.0,402.0,425.0,404.0,413.529338,349.70674799999995,376.95085299999994,-0.5293379999999956,0.29325200000005225,1.0491470000000618,1.211158487299311,80.1373820385967
795.0,306.0,405.0,378.0,257.0,447.0,405.0,306.599356,404.49467899999996,378.31152499999996,-0.5993560000000002,0.5053210000000377,-0.31152499999996053,0.8435785401502421,69.95712972957081
796.0,329.0,417.0,378.0,279.0,470.0,404.0,329.672804,416.641359,377.092855,-0.6728039999999851,0.35864099999997734,0.9071450000000141,1.1849897216102716,77.36278174936577
797.0,407.0,349.0,379.0,394.0,421.0,407.0,406.29895300000004,348.706867,379.50190599999996,0.70104699999996,0.29313300000001163,-0.5019059999999627,0.9106610152707281,78.33900688673555
798.0,279.0,439.0,379.0,212.0,475.0,409.0,278.95996299999996,437.98774299999997,381.50248799999997,0.040037000000040734,1.0122570000000337,-2.502487999999971,2.6997617275533643,81.7618492941543
799.0,292.0,123.0,380.0,348.0,117.0,402.0,291.362582,124.36743799999999,379.32010099999997,0.6374180000000251,-1.3674379999999928,0.6798990000000344,1.654826589334683,60.4648658313239
800.0,296.0,258.0,380.0,301.0,274.0,405.0,295.746167,258.61872400000004,380.14967599999994,0.253832999999986,-0.6187240000000429,-0.14967599999994263,0.6853126914343765,30.099833886584822
801.0,312.0,400.0,380.0,265.0,445.0,406.0,312.30379500000004,400.87133800000004,379.11060599999996,-0.30379500000003645,-0.871338000000037,0.8893940000000384,1.2816173373925444,70.07139216541941
802.0,291.0,123.0,381.0,349.0,115.0,404.0,291.636979,122.57307399999999,380.97756999999996,-0.6369789999999966,0.4269260000000088,0.022430000000042583,0.767144810851905,62.90468980926621
803.0,303.0,316.0,381.0,287.0,343.0,407.0,302.85071600000003,315.897889,381.035761,0.149283999999966,0.10211099999997941,-0.035760999999979504,0.18436707433265892,40.755367744629666
804.0,426.0,402.0,383.0,396.0,489.0,413.0,425.61154899999997,401.09045299999997,383.588986,0.38845100000003185,0.9095470000000319,-0.5889859999999771,1.1511187744129863,96.79359482941007
805.0,283.0,170.0,384.0,320.0,166.0,408.0,282.41800500000005,169.781923,383.802692,0.5819949999999494,0.21807699999999386,0.1973080000000209,0.6520783732174735,44.28317965096906
806.0,417.0,219.0,384.0,457.0,275.0,411.0,417.274846,218.915049,384.187283,-0.274846000000025,0.08495099999998956,-0.18728299999997944,0.34326654105229115,73.92563831310488
807.0,294.0,259.0,385.0,299.0,274.0,412.0,294.255484,259.207579,385.897119,-0.255484000000024,-0.20757900000000973,-0.8971189999999751,0.9556064125245141,31.28897569432403
808.0,260.0,393.0,385.0,208.0,416.0,412.0,260.517995,393.206829,384.69345,-0.5179949999999849,-0.20682900000002746,0.30655000000001564,0.6364510647064747,62.94441992742486
809.0,191.0,407.0,385.0,123.0,405.0,411.0,191.598914,406.73776699999996,384.47891899999996,-0.5989140000000077,0.26223300000003746,0.5210810000000379,0.8360559396631713,72.8285658241325
810.0,295.0,409.0,385.0,242.0,447.0,414.0,295.025602,408.481616,385.77018499999997,-0.02560199999999213,0.5183840000000259,-0.7701849999999695,0.9287423582915659,71.37226352022192
811.0,337.0,98.0,386.0,410.0,103.0,411.0,335.973831,97.46456500000001,386.51926399999996,1.0261689999999817,0.5354349999999926,-0.5192639999999642,1.2686010237588166,77.32399368889322
812.0,415.0,221.0,387.0,454.0,277.0,414.0,415.491668,221.278522,386.63830699999994,-0.4916680000000042,-0.2785220000000095,0.36169300000005933,0.6709200794111415,73.38937252763509
813.0,384.0,365.0,387.0,363.0,432.0,417.0,385.165967,365.409938,387.73655599999995,-1.1659670000000233,-0.409938000000011,-0.7365559999999505,1.4387643830971737,76.3544366752843
814.0,361.0,382.0,387.0,329.0,442.0,416.0,361.342046,382.006903,386.98569699999996,-0.3420459999999821,-0.00690300000002253,0.01430300000004081,0.3424145051454293,73.92563831310488
815.0,115.0,143.0,388.0,137.0,70.0,410.0,115.248452,142.754821,387.61468299999996,-0.24845200000000034,0.24517900000000736,0.3853170000000432,0.5199137705755033,79.3536388579629
816.0,426.0,209.0,389.0,471.0,267.0,417.0,426.124466,209.119127,389.122619,-0.12446599999998398,-0.11912699999999177,-0.12261899999998604,0.2114673649667736,78.56844150166147
817.0,303.0,159.0,390.0,348.0,161.0,416.0,302.944976,158.698896,390.26303499999995,0.05502400000000307,0.30110400000000936,-0.2630349999999453,0.4035822972046435,52.009614495783374
818.0,292.0,263.0,390.0,296.0,276.0,415.0,292.472306,261.571052,388.348143,-0.4723060000000032,1.4289479999999912,1.6518570000000068,2.2346357405154427,28.460498941515414
819.0,307.0,426.0,390.0,249.0,472.0,420.0,307.027912,426.149725,390.34714699999995,-0.027912000000014814,-0.14972499999998945,-0.3471469999999499,0.37908797788635146,79.87490219086344
820.0,302.0,169.0,391.0,343.0,173.0,417.0,302.193244,169.33355699999998,390.96583699999996,-0.19324399999999287,-0.3335569999999848,0.034163000000035026,0.38700210122684026,48.7134478352744
821.0,470.0,325.0,392.0,476.0,419.0,423.0,469.638089,326.00109299999997,392.181746,0.3619110000000205,-1.001092999999969,-0.18174599999997554,1.0799066510981141,99.16148445843275
822.0,250.0,337.0,392.0,219.0,346.0,420.0,250.91254000000004,336.028891,392.030831,-0.9125400000000354,0.9711090000000127,-0.03083099999997785,1.3329412935467517,42.731721238442994
823.0,273.0,205.0,393.0,296.0,202.0,420.0,273.25113300000004,204.113611,393.33640399999996,-0.25113300000003846,0.8863890000000083,-0.33640399999995907,0.9807756594787651,35.59494346111537
824.0,396.0,388.0,394.0,368.0,463.0,424.0,397.185442,388.270378,393.071877,-1.1854420000000232,-0.2703779999999938,0.9281230000000278,1.5296369835281518,85.492689745966
825.0,290.0,247.0,395.0,299.0,258.0,423.0,290.189311,246.88227799999999,395.10396799999995,-0.18931099999997514,0.11772200000001476,-0.1039679999999521,0.24598062734488685,31.400636936215164
826.0,274.0,269.0,395.0,270.0,277.0,424.0,272.611766,269.1937,395.855913,1.3882340000000113,-0.19369999999997844,-0.8559129999999868,1.642346002620946,30.347981810987037
827.0,249.0,335.0,396.0,218.0,344.0,424.0,249.651009,334.77401699999996,395.33836799999995,-0.6510089999999877,0.225983000000042,0.6616320000000542,0.9553208559400735,42.731721238442994
828.0,302.0,312.0,398.0,287.0,338.0,428.0,301.73896,312.21962699999995,398.30493099999995,0.26103999999997995,-0.21962699999994584,-0.30493099999995366,0.45755963052911197,42.43819034784589
829.0,310.0,420.0,398.0,255.0,466.0,430.0,310.218338,420.026509,398.58077699999996,-0.21833800000001702,-0.026508999999975913,-0.580776999999955,0.6210282868388153,78.5175139698144
830.0,340.0,99.0,399.0,414.0,106.0,426.0,339.998689,98.904529,398.75303599999995,0.0013109999999869615,0.09547100000000341,0.24696400000004815,0.264778488284121,79.08223567907018
831.0,294.0,242.0,399.0,305.0,254.0,429.0,293.864255,242.273808,400.03561999999994,0.1357449999999858,-0.2738080000000025,-1.0356199999999376,1.0797714157583855,34.132096331752024
832.0,415.0,242.0,399.0,445.0,300.0,429.0,414.622497,241.639202,398.70356599999997,0.37750299999999015,0.3607979999999884,0.2964340000000334,0.6004638441813163,71.86097689288673
833.0,302.0,319.0,399.0,285.0,346.0,429.0,302.276839,318.96619599999997,399.03921199999996,-0.2768389999999954,0.03380400000003192,-0.03921199999996361,0.28163828447318157,43.79497688091638
834.0,390.0,393.0,399.0,358.0,466.0,431.0,390.259726,393.269566,398.82767499999994,-0.25972600000000057,-0.26956599999999753,0.17232500000005757,0.41209140861830496,85.8894638474359
835.0,392.0,399.0,399.0,358.0,473.0,432.0,392.091274,398.719272,399.56287699999996,-0.09127399999999852,0.2807280000000105,-0.5628769999999577,0.635586084011409,87.86922100485471
836.0,261.0,155.0,400.0,300.0,141.0,427.0,260.540751,155.73897499999998,399.78487199999995,0.4592489999999998,-0.7389749999999822,0.21512800000004972,0.8962554050101985,49.457052075512955
837.0,393.0,386.0,400.0,364.0,459.0,433.0,393.117403,386.290247,400.517544,-0.11740300000002435,-0.2902470000000221,-0.5175439999999867,0.6048789774442528,85.19976525789258
838.0,349.0,389.0,401.0,312.0,445.0,432.0,349.05868000000004,388.91405199999997,400.15568299999995,-0.058680000000038035,0.08594800000003033,0.8443170000000464,0.8507065284768233,73.93240155709809
839.0,342.0,87.0,402.0,421.0,93.0,430.0,342.089335,87.02237,402.14852999999994,-0.0893350000000055,-0.022369999999995116,-0.148529999999937,0.17476361184463443,84.02975663418287
840.0,366.0,398.0,405.0,328.0,463.0,438.0,366.231608,398.80348,404.76688699999994,-0.23160799999999426,-0.8034799999999791,0.23311300000005986,0.8680806683903239,82.20705565825844
841.0,313.0,424.0,405.0,258.0,471.0,435.0,313.89640699999995,423.181853,402.60128,-0.8964069999999538,0.8181470000000104,2.3987200000000257,2.6882648049732856,78.3198569968051
842.0,372.0,142.0,406.0,434.0,168.0,435.0,371.762524,141.977324,405.27071299999994,0.23747600000001512,0.022675999999989926,0.7292870000000562,0.7673125698964463,73.21885003194191
843.0,406.0,204.0,407.0,450.0,253.0,438.0,406.352224,203.904106,406.616879,-0.35222399999997833,0.09589399999998705,0.3831210000000169,0.5291872126695761,72.78736154031138
844.0,391.0,379.0,407.0,364.0,450.0,441.0,390.84658199999996,379.37516,407.181695,0.15341800000004469,-0.37515999999999394,-0.18169499999999061,0.4441792221041027,83.22259308625273
845.0,308.0,432.0,407.0,248.0,479.0,440.0,308.254378,432.04688999999996,406.65793299999996,-0.25437799999997424,-0.04688999999996213,0.34206700000004275,0.42885507047604393,83.05419917138447
846.0,392.0,368.0,408.0,370.0,436.0,441.0,391.863662,366.936262,407.31688699999995,0.13633800000002338,1.0637380000000007,0.6831130000000485,1.2715226909721564,78.7210264160726
847.0,403.0,220.0,409.0,440.0,270.0,441.0,403.03531,219.743468,408.926231,-0.0353099999999813,0.2565319999999929,0.07376900000002706,0.2692532794322086,69.94998213009065
848.0,308.0,365.0,409.0,273.0,401.0,443.0,307.399004,364.964427,409.91642499999995,0.6009960000000092,0.03557299999999941,-0.916424999999947,1.0964927774362738,60.63827174318213
849.0,432.0,353.0,410.0,422.0,436.0,445.0,432.304534,353.46241,410.30571899999995,-0.30453399999998965,-0.4624099999999771,-0.30571899999995367,0.6324777246804382,90.6311204829776
850.0,346.0,350.0,411.0,322.0,399.0,445.0,344.970025,350.696207,411.307062,1.029974999999979,-0.6962070000000153,-0.3070619999999735,1.2805622824829574,64.28841264178172
851.0,444.0,390.0,411.0,420.0,483.0,446.0,442.996336,390.51662000000005,410.570479,1.0036640000000148,-0.5166200000000458,0.42952100000002247,1.2077772719906168,102.22524150130437
852.0,382.0,413.0,411.0,341.0,485.0,447.0,382.142072,412.610619,411.80503699999997,-0.14207199999998466,0.3893810000000144,-0.8050369999999702,0.9054758901892191,90.33825324855468
853.0,321.0,393.0,412.0,278.0,439.0,446.0,321.20478199999997,393.225208,411.889573,-0.20478199999996605,-0.22520800000000918,0.1104270000000156,0.3238030776830166,71.56116265125938
854.0,340.0,354.0,413.0,313.0,400.0,448.0,338.264412,353.841793,413.803479,1.735588000000007,0.15820700000000443,-0.8034789999999816,1.919081463626283,63.796551630946325
855.0,445.0,383.0,413.0,426.0,475.0,449.0,445.60270499999996,382.770055,413.091862,-0.6027049999999576,0.22994499999998652,-0.0918619999999919,0.6515877892455791,100.60318086422517
856.0,390.0,367.0,414.0,368.0,436.0,449.0,390.382028,367.53499,413.88380499999994,-0.38202799999999115,-0.5349899999999934,0.11619500000006155,0.6675784380198333,80.43631020876082
857.0,323.0,424.0,414.0,265.0,478.0,450.0,321.293732,426.95067700000004,414.77021899999994,1.7062680000000228,-2.9506770000000415,-0.7702189999999405,3.4944359421964273,87.04022058795577
858.0,417.0,336.0,415.0,411.0,410.0,450.0,417.033354,336.16527299999996,414.77725699999996,-0.03335399999997435,-0.16527299999995648,0.22274300000003677,0.27936015802902225,82.0792300158816
859.0,285.0,427.0,415.0,223.0,464.0,450.0,285.014188,426.985635,415.172243,-0.014187999999990097,0.014364999999997963,-0.17224299999998038,0.17342232733414953,80.23714850367004
860.0,378.0,178.0,416.0,427.0,212.0,449.0,377.905827,178.127886,416.25255999999996,0.09417300000001205,-0.1278859999999895,-0.2525599999999599,0.29834533099242455,68.1615727518079
861.0,286.0,377.0,416.0,242.0,407.0,450.0,284.93708599999997,377.75228400000003,415.752845,1.0629140000000348,-0.7522840000000315,0.24715500000002066,1.325444446997735,63.182275995725256
862.0,395.0,367.0,417.0,374.0,438.0,454.0,395.61006499999996,367.57936099999995,417.923748,-0.6100649999999632,-0.579360999999949,-0.9237479999999891,1.249459419128879,82.77076778670111
863.0,392.0,383.0,417.0,363.0,453.0,453.0,390.95922800000005,382.084865,416.98483699999997,1.0407719999999472,0.9151350000000207,0.01516300000002957,1.385968376543249,83.8868285251028
864.0,339.0,69.0,421.0,424.0,71.0,452.0,338.891598,69.36334199999999,420.42516099999995,0.10840200000001232,-0.36334199999998873,0.5748390000000541,0.6886278229123891,90.49861877399013
865.0,340.0,62.0,422.0,428.0,63.0,455.0,339.943941,62.136520999999995,422.95766199999997,0.056059000000004744,-0.13652099999999479,-0.9576619999999707,0.9689670279044292,93.98936110007345
866.0,337.0,350.0,422.0,313.0,395.0,458.0,337.05311700000004,350.054928,422.05842399999995,-0.053117000000042935,-0.054928000000018073,-0.05842399999994541,0.09618661366843188,62.42595614005443
867.0,413.0,391.0,422.0,384.0,472.0,459.0,412.27757799999995,391.452052,421.556207,0.7224220000000514,-0.4520519999999806,0.44379300000002786,0.9608312982189336,93.65361712181756
868.0,370.0,407.0,422.0,330.0,473.0,459.0,370.579233,406.262259,421.84435399999995,-0.5792329999999879,0.7377410000000282,0.15564600000004702,0.9507882670111375,85.58621384311844
869.0,317.0,420.0,422.0,263.0,469.0,459.0,317.47793399999995,420.565207,422.26496299999997,-0.4779339999999479,-0.5652069999999867,-0.2649629999999661,0.7861839813770802,81.76796438703852
870.0,253.0,364.0,423.0,211.0,379.0,458.0,253.63207900000003,364.127968,422.818066,-0.6320790000000329,-0.12796800000000985,0.18193400000001247,0.6700743627546488,56.69215113223346
871.0,247.0,371.0,423.0,201.0,385.0,457.0,247.41504200000003,371.37952900000005,421.981947,-0.4150420000000281,-0.37952900000004774,1.018053000000009,1.1630709498625085,58.88972745734183
872.0,319.0,433.0,424.0,260.0,484.0,461.0,319.07034799999997,433.021354,423.74000499999994,-0.07034799999996721,-0.021353999999973894,0.2599950000000604,0.2701892567165202,86.31917515824627
873.0,395.0,366.0,426.0,374.0,436.0,465.0,395.18888999999996,366.133726,426.962051,-0.18888999999995804,-0.13372600000002421,-0.962050999999974,0.9894969437936333,82.83718971573094
874.0,415.0,381.0,426.0,392.0,461.0,463.0,415.665951,380.864259,424.922064,-0.6659510000000068,0.1357409999999959,1.0779360000000224,1.2743085864805497,91.09335870413386
875.0,352.0,423.0,426.0,303.0,484.0,465.0,352.518103,421.88635,426.778868,-0.5181029999999964,1.113650000000007,-0.7788679999999886,1.454401045974938,87.42425292789181
876.0,289.0,254.0,427.0,294.0,265.0,462.0,288.479656,254.006518,427.00701499999997,0.5203440000000228,-0.006517999999999802,-0.007014999999967131,0.5204321020892382,37.027017163147235
877.0,325.0,403.0,427.0,278.0,452.0,464.0,324.75230500000004,403.505469,426.483616,0.2476949999999647,-0.505469000000005,0.5163840000000164,0.7638744389243591,77.32399368889322
878.0,307.0,439.0,427.0,244.0,486.0,465.0,307.19505000000004,438.773036,427.082771,-0.19505000000003747,0.2269640000000095,-0.08277099999997972,0.3104966960162629,87.3040663428686
879.0,320.0,423.0,428.0,265.0,473.0,466.0,320.136731,423.22305,427.942014,-0.1367309999999975,-0.22305000000000064,0.05798600000002807,0.26797209753443146,83.48053665376139
880.0,310.0,437.0,429.0,248.0,485.0,467.0,310.06084300000003,436.97617499999996,428.71152399999994,-0.06084300000003395,0.023825000000044838,0.2884760000000597,0.2957835422230938,87.13208364316786
881.0,347.0,285.0,430.0,349.0,324.0,468.0,346.630728,285.622817,430.90781899999996,0.3692720000000236,-0.6228169999999977,-0.9078189999999609,1.161205478041653,54.48853090330111
882.0,435.0,384.0,430.0,413.0,471.0,470.0,434.65013700000003,383.247248,430.42125999999996,0.3498629999999707,0.7527519999999868,-0.4212599999999611,0.9308596456356494,98.2496819333274
883.0,378.0,379.0,431.0,349.0,444.0,470.0,377.891666,378.896843,431.102089,0.10833400000001348,0.10315700000001016,-0.10208899999997811,0.18110711230098211,81.16033513977132
884.0,328.0,85.0,432.0,405.0,84.0,466.0,327.63967799999995,84.54167899999999,431.84692499999994,0.3603220000000533,0.4583210000000122,0.15307500000005803,0.6027620080513265,84.17838202293983
885.0,397.0,347.0,434.0,383.0,413.0,474.0,396.275237,346.009998,434.564192,0.7247629999999958,0.990002000000004,-0.5641919999999914,1.3504436230502155,78.43468620451031
886.0,394.0,365.0,434.0,373.0,434.0,474.0,393.972604,364.928217,434.36696299999994,0.02739600000001019,0.07178299999998217,-0.36696299999994153,0.3749202358821875,82.47423840206105
887.0,439.0,208.0,435.0,485.0,271.0,474.0,438.55986899999994,209.152156,435.706712,0.4401310000000649,-1.1521559999999909,-0.7067119999999818,1.4214853486550645,87.21238444166057
888.0,407.0,348.0,435.0,395.0,420.0,475.0,407.43094099999996,348.34123999999997,435.23268599999994,-0.4309409999999616,-0.3412399999999707,-0.23268599999994422,0.5969067411890412,83.23460818673925
889.0,388.0,349.0,435.0,372.0,413.0,475.0,387.737143,348.878463,435.44481599999995,0.2628569999999968,0.12153699999998935,-0.44481599999994614,0.5307789734663081,77.14920608794364
890.0,401.0,352.0,435.0,386.0,421.0,475.0,400.698181,351.457207,435.270678,0.30181900000002315,0.5427930000000174,-0.2706779999999753,0.6774847077934818,81.15417426109393
891.0,324.0,404.0,435.0,277.0,452.0,475.0,324.074831,403.873944,435.50339999999994,-0.07483100000001741,0.1260560000000055,-0.5033999999999423,0.5243103600892757,78.18567643756751
892.0,358.0,163.0,436.0,410.0,186.0,473.0,358.1445,162.577568,436.327477,-0.14449999999999363,0.4224319999999864,-0.3274769999999876,0.553687845408384,67.83804242458652
893.0,346.0,324.0,436.0,333.0,368.0,474.0,345.70852199999996,324.03324299999997,435.383897,0.29147800000004054,-0.03324299999997038,0.6161030000000096,0.6823836370708442,59.57348403442592
894.0,400.0,357.0,436.0,383.0,427.0,476.0,399.938333,356.90941,436.03459599999996,0.061666999999999916,0.09059000000002015,-0.03459599999996499,0.11491845023755419,82.39538822045807
895.0,277.0,231.0,438.0,289.0,235.0,476.0,276.91056699999996,232.13053,438.86862999999994,0.08943300000004228,-1.1305299999999932,-0.8686299999999392,1.428500759288873,40.049968789001575
896.0,396.0,358.0,438.0,378.0,426.0,478.0,395.811009,357.451397,437.71338,0.18899099999998725,0.5486030000000142,0.28662000000002763,0.6471737588082713,80.91971329657564
897.0,249.0,365.0,438.0,206.0,378.0,475.0,249.64049,364.81804999999997,436.78897499999994,-0.6404899999999998,0.18195000000002892,1.2110250000000633,1.3819966690354806,58.19793810780585
898.0,436.0,210.0,440.0,481.0,272.0,480.0,435.76646800000003,211.02800100000002,440.63375899999994,0.23353199999996832,-1.0280010000000175,-0.6337589999999409,1.2300299675641835,86.42337646724988
899.0,300.0,294.0,441.0,292.0,315.0,479.0,300.097313,293.550053,440.34725799999995,-0.09731299999998555,0.44994700000000876,0.6527420000000461,0.7987454171023864,44.14748010928823
900.0,405.0,329.0,441.0,400.0,397.0,483.0,405.400187,329.247127,442.03758799999997,-0.4001870000000167,-0.24712699999997767,-1.037587999999971,1.13921475009848,80.0812087820857
901.0,52.0,117.0,442.0,73.0,14.0,475.0,51.527813,116.50971,441.91051799999997,0.47218699999999814,0.49029000000000167,0.08948200000003226,0.6865507085372542,110.17713011328621
902.0,436.0,215.0,442.0,479.0,275.0,481.0,435.002562,213.88897500000002,441.428235,0.9974379999999883,1.1110249999999837,0.5717650000000276,1.598804031047574,83.48652585896721
903.0,325.0,401.0,442.0,279.0,449.0,482.0,324.911129,401.091954,441.26472399999994,0.08887099999998327,-0.09195399999998699,0.7352760000000558,0.7463138675738759,77.5886589650833
904.0,291.0,369.0,443.0,252.0,399.0,483.0,290.92297700000006,369.262421,442.83624199999997,0.07702299999994011,-0.26242100000001756,0.16375800000002982,0.31876951914198093,63.41135544995076
905.0,64.0,117.0,444.0,88.0,19.0,479.0,64.52098899999999,116.536717,445.04483799999997,-0.5209889999999859,0.4632830000000041,-1.0448379999999702,1.256084042751092,106.7941945987702
906.0,439.0,211.0,444.0,484.0,273.0,484.0,438.39405999999997,211.064996,443.88294299999995,0.6059400000000323,-0.06499600000000783,0.11705700000004526,0.620556286621166,86.42337646724988
907.0,333.0,341.0,445.0,311.0,382.0,486.0,332.367822,340.748569,445.17134899999996,0.6321780000000103,0.25143100000002505,-0.17134899999996378,0.7015889474941956,62.01612693485461
908.0,389.0,350.0,445.0,373.0,415.0,487.0,389.143458,350.291305,445.248879,-0.14345800000000963,-0.2913050000000226,-0.24887899999998808,0.409120468114234,79.02531240052139
909.0,368.0,382.0,446.0,336.0,444.0,489.0,367.962428,382.462766,446.744381,0.037572000000011485,-0.4627659999999878,-0.7443809999999758,0.8773067303406223,81.95730595865142
910.0,377.0,63.0,58.0,473.0,85.0,11.0,376.61962399999993,63.155287,58.595749,0.3803760000000693,-0.15528700000000129,-0.5957489999999979,0.7236828205409126,109.12836478203089
911.0,273.0,308.0,60.0,257.0,328.0,14.0,272.078714,308.15717500000005,59.329441,0.9212860000000092,-0.15717500000005202,0.6705589999999972,1.150270075635296,52.64978632435273
912.0,261.0,419.0,62.0,201.0,451.0,19.0,260.635142,418.345009,62.257323,0.36485800000002655,0.6549909999999954,-0.2573229999999995,0.7926851181736749,80.45495634204272
913.0,374.0,70.0,64.0,469.0,90.0,17.0,374.86765099999997,68.13960800000001,63.47464,-0.8676509999999666,1.8603919999999903,0.5253599999999992,2.118933642440203,107.86102168995063
914.0,440.0,241.0,65.0,477.0,315.0,23.0,439.718374,240.971645,65.638243,0.28162600000001703,0.028355000000004793,-0.6382430000000028,0.6981914758502953,92.78469701410896
915.0,378.0,276.0,68.0,391.0,332.0,25.0,377.339423,276.55140600000004,67.55060399999999,0.6605769999999893,-0.5514060000000427,0.44939600000000723,0.9707560530746329,71.79136438319027
916.0,205.0,356.0,68.0,160.0,357.0,25.0,204.358345,356.009813,68.533758,0.6416549999999859,-0.009813000000008287,-0.533758000000006,0.8346945768111761,62.24949798994366
917.0,312.0,403.0,68.0,266.0,453.0,26.0,311.725044,403.07667799999996,67.608235,0.27495599999997467,-0.0766779999999585,0.3917650000000066,0.48472686416680566,79.87490219086344
918.0,377.0,294.0,69.0,384.0,353.0,27.0,377.385927,294.709755,68.97564799999999,-0.38592699999998104,-0.7097549999999728,0.02435200000000748,0.8082603721932352,72.75987905432498
919.0,390.0,66.0,71.0,487.0,93.0,26.0,389.71639700000003,65.882126,70.713736,0.28360299999997096,0.11787400000000048,0.28626400000000274,0.41984761423757694,110.28599185753374
920.0,253.0,399.0,71.0,200.0,426.0,29.0,253.43969400000003,399.275636,70.758607,-0.43969400000003134,-0.27563600000002,0.2413930000000022,0.5723430776912041,72.81483365359011
921.0,365.0,176.0,72.0,416.0,211.0,29.0,365.297747,176.062699,72.146248,-0.2977470000000153,-0.06269900000000916,-0.14624799999999993,0.3375987531286368,75.33259586659682
922.0,220.0,452.0,72.0,141.0,474.0,31.0,220.111161,451.92954199999997,72.147666,-0.11116100000000984,0.07045800000003055,-0.14766600000000096,0.19780380492044833,91.68424073961675
923.0,376.0,167.0,73.0,433.0,205.0,32.0,376.97197299999993,167.01178,74.582404,-0.9719729999999345,-0.011779999999987467,-1.5824039999999968,1.8571140784412954,79.8373346248483
924.0,235.0,347.0,75.0,198.0,360.0,34.0,234.747351,348.554891,75.661674,0.252648999999991,-1.5548909999999978,-0.661674000000005,1.70860470014512,56.73623181001713
925.0,287.0,282.0,76.0,284.0,303.0,34.0,286.73012,281.910116,75.869823,0.26988000000000056,0.08988399999998364,0.13017700000000332,0.31282646816565607,47.05316142407437
926.0,361.0,403.0,76.0,322.0,472.0,35.0,360.265996,403.377964,74.443465,0.7340040000000272,-0.37796400000001995,1.5565349999999967,1.7619363959964742,89.23564310296643
927.0,366.0,401.0,77.0,329.0,471.0,38.0,365.471877,400.81136000000004,76.875016,0.5281229999999937,0.18863999999996395,0.12498399999999776,0.5745606608400711,88.26097665446491
928.0,359.0,66.0,78.0,451.0,80.0,35.0,358.440729,65.223828,78.44564199999999,0.5592710000000238,0.7761720000000025,-0.4456419999999923,1.0553785184420912,102.51341375644458
929.0,290.0,277.0,78.0,287.0,298.0,36.0,287.777472,277.26465099999996,77.552291,2.222528000000011,-0.264650999999958,0.44770900000000324,2.2825674603976176,47.05316142407437
930.0,346.0,354.0,78.0,325.0,409.0,39.0,346.23074,353.679343,78.463145,-0.2307400000000257,0.3206569999999829,-0.46314499999999725,0.6087406264362503,70.61869440877535
931.0,245.0,349.0,79.0,210.0,365.0,38.0,245.409488,349.361514,78.812671,-0.4094880000000103,-0.36151399999999967,0.1873290000000054,0.5774642400885186,56.231663678038196
932.0,280.0,302.0,80.0,268.0,324.0,40.0,279.819703,302.44680500000004,80.62279799999999,0.18029699999999593,-0.4468050000000403,-0.6227979999999889,0.7874128936193645,47.20169488482379
933.0,415.0,203.0,81.0,463.0,261.0,41.0,414.94379599999996,202.823141,81.116725,0.05620400000003656,0.17685900000000743,-0.11672500000000241,0.21923211699476722,85.25256594378845
934.0,283.0,284.0,81.0,279.0,303.0,40.0,282.89934900000003,283.26871400000005,80.814468,0.10065099999997074,0.7312859999999546,0.18553199999999492,0.761138594883301,45.36518488885502
935.0,225.0,455.0,81.0,146.0,479.0,41.0,225.388501,454.614507,80.254426,-0.3885009999999909,0.38549299999999675,0.7455740000000048,0.9248883551683401,91.7442096265481
936.0,382.0,126.0,83.0,455.0,160.0,42.0,382.44068400000003,126.42297099999999,83.19661099999999,-0.44068400000003294,-0.42297099999998977,-0.1966109999999901,0.6416874161287695,90.36592278065886
937.0,359.0,227.0,83.0,388.0,267.0,42.0,358.239012,226.986128,82.280891,0.7609879999999976,0.013871999999992113,0.7191090000000031,1.0470973796209218,64.20280367709809
938.0,389.0,178.0,84.0,443.0,222.0,43.0,389.267711,177.732686,83.336376,-0.2677110000000198,0.26731399999999894,0.6636239999999987,0.7638866195274062,80.82697569499925
939.0,280.0,296.0,84.0,269.0,316.0,43.0,278.54100700000004,295.9996,83.171976,1.458992999999964,0.0004000000000132786,0.8280239999999992,1.6775829274956555,46.92547282660026
940.0,279.0,297.0,84.0,269.0,317.0,44.0,278.810413,296.78659200000004,83.979412,0.18958700000001727,0.21340799999995852,0.020588000000003603,0.2861993549555781,45.8257569495584
941.0,255.0,375.0,85.0,210.0,399.0,45.0,254.324969,375.852671,84.13967,0.67503099999999,-0.8526709999999866,0.8603300000000047,1.386680350369894,64.81512169239521
942.0,351.0,115.0,86.0,423.0,134.0,44.0,350.82508399999995,114.553527,85.32646299999999,0.17491600000005292,0.44647299999999746,0.6735370000000103,0.8267924994543855,85.492689745966
943.0,393.0,132.0,86.0,465.0,170.0,46.0,392.85058,131.634933,86.298531,0.14942000000002054,0.36506700000001047,-0.298530999999997,0.4946928429338876,90.70832376358854
944.0,352.0,117.0,88.0,424.0,138.0,47.0,352.67067199999997,117.43175,87.731173,-0.6706719999999677,-0.43174999999999386,0.2688270000000017,0.8417107282273123,85.47514258543241
945.0,251.0,355.0,88.0,215.0,374.0,50.0,251.746354,355.174701,88.51022499999999,-0.7463539999999966,-0.1747010000000273,-0.5102249999999913,0.920811752391332,55.68662316930342
946.0,315.0,38.0,90.0,412.0,32.0,47.0,315.748674,38.1756,89.074015,-0.7486739999999941,-0.17560000000000286,0.9259849999999972,1.2036595608813097,106.27323275406654
947.0,313.0,366.0,91.0,281.0,410.0,53.0,312.429211,366.029052,90.168352,0.5707889999999907,-0.02905199999997876,0.8316480000000013,1.0090998449752087,66.36264009214823
948.0,317.0,94.0,92.0,392.0,97.0,52.0,317.176864,93.93514,92.500035,-0.17686400000002322,0.06485999999999592,-0.5000349999999969,0.5343432373680841,85.05292469985967
949.0,358.0,156.0,92.0,416.0,186.0,54.0,359.015047,156.881549,92.934098,-1.0150469999999814,-0.8815490000000068,-0.9340980000000059,1.6370669275304492,75.55130707009641
950.0,180.0,78.0,93.0,239.0,25.0,50.0,179.53007300000002,77.723242,92.57842,0.4699269999999842,0.27675800000000095,0.42158000000000584,0.689315655047084,90.21640649017229
951.0,387.0,127.0,93.0,461.0,162.0,54.0,387.73206400000004,126.536453,92.972879,-0.7320640000000367,0.4635470000000055,0.027120999999993955,0.8669077632286254,90.67524469225324
952.0,385.0,184.0,93.0,436.0,227.0,56.0,385.24804200000005,183.565734,93.96826899999999,-0.24804200000005494,0.43426600000000803,-0.9682689999999923,1.0897966089509634,76.28237017817419
953.0,313.0,368.0,93.0,281.0,412.0,56.0,312.977072,367.612909,92.602699,0.022927999999978965,0.3870909999999981,0.3973009999999988,0.5551695417311694,65.79513659838392
954.0,379.0,182.0,94.0,430.0,222.0,56.0,379.28417900000005,181.239371,94.06181799999999,-0.2841790000000515,0.7606289999999944,-0.06181799999998816,0.8143314096889664,75.13321502504735
955.0,286.0,249.0,94.0,296.0,264.0,56.0,286.09943100000004,248.70121699999999,94.301086,-0.09943100000003824,0.29878300000001445,-0.30108599999999797,0.4356725654043585,42.05948168962618
956.0,169.0,89.0,95.0,222.0,34.0,52.0,168.682163,89.154883,94.20352199999999,0.31783699999999726,-0.1548829999999981,0.7964780000000076,0.8714277404019278,87.6527238595584
957.0,398.0,103.0,95.0,482.0,139.0,57.0,398.08827299999996,103.235023,95.591462,-0.0882729999999583,-0.2350229999999982,-0.591462000000007,0.642538115991573,98.97474425326898
958.0,380.0,116.0,95.0,456.0,147.0,56.0,379.959742,116.198774,94.820209,0.040257999999994354,-0.19877400000000023,0.17979099999999448,0.27102880533441026,90.87353850269065
959.0,241.0,353.0,95.0,203.0,367.0,58.0,240.672091,352.932316,95.217006,0.32790900000000534,0.06768399999998564,-0.2170059999999978,0.398995037779921,54.85435260760991
960.0,314.0,369.0,95.0,282.0,414.0,58.0,314.292897,368.92702099999997,94.21201199999999,-0.2928969999999822,0.0729790000000321,0.7879880000000128,0.843824433868808,66.46803743153546
961.0,378.0,133.0,96.0,447.0,165.0,57.0,377.66209999999995,132.535637,95.473013,0.3379000000000474,0.46436299999999164,0.5269870000000054,0.7794387108285231,85.47514258543241
962.0,393.0,349.0,97.0,382.0,422.0,63.0,394.122298,349.206138,97.657175,-1.1222980000000007,-0.20613800000000992,-0.6571749999999952,1.3167857291423686,81.2773031048644
963.0,255.0,201.0,98.0,279.0,197.0,60.0,255.482487,201.09156000000002,98.48010199999999,-0.4824869999999919,-0.0915600000000154,-0.48010199999998804,0.6867858976223838,45.12205669071391
964.0,385.0,184.0,99.0,436.0,227.0,61.0,385.293287,183.615099,98.06564399999999,-0.2932870000000207,0.3849010000000135,0.9343560000000082,1.0522296227088637,76.77239087067694
965.0,423.0,196.0,100.0,474.0,257.0,63.0,422.64858899999996,197.073279,99.132182,0.35141100000004144,-1.0732790000000136,0.8678179999999998,1.4242631722705106,87.69834662067467
966.0,369.0,359.0,100.0,350.0,425.0,68.0,370.084198,359.90276400000005,101.896321,-1.0841980000000149,-0.9027640000000474,-1.8963210000000004,2.3635781091263137,75.76938695805846
967.0,403.0,381.0,100.0,381.0,462.0,67.0,403.795761,380.590262,100.45907399999999,-0.7957610000000273,0.4097380000000044,-0.4590739999999869,1.005917360045563,90.18869108707588
968.0,317.0,160.0,102.0,366.0,173.0,64.0,316.870246,159.871332,101.563305,0.12975399999999127,0.12866800000000467,0.4366950000000003,0.4733857599938967,63.35613624582863
969.0,352.0,364.0,102.0,327.0,423.0,68.0,351.69218500000005,364.325582,102.048256,0.3078149999999482,-0.32558199999999715,-0.04825599999999497,0.4506465959984229,72.53964433328854
970.0,326.0,386.0,103.0,290.0,439.0,70.0,327.126514,386.39449599999995,103.700265,-1.126513999999986,-0.3944959999999469,-0.7002650000000017,1.3838467965916346,72.069410986909
971.0,229.0,395.0,103.0,173.0,411.0,68.0,228.90789900000001,395.020442,103.04881,0.09210099999998533,-0.020442000000002736,-0.04881000000000313,0.10622092856399681,67.94850991743675
972.0,326.0,335.0,105.0,308.0,380.0,70.0,325.75168499999995,335.866779,104.310504,0.2483150000000478,-0.8667790000000082,0.6894960000000054,1.135064274868188,59.782940710540494
973.0,230.0,456.0,109.0,151.0,483.0,75.0,230.62266,456.759305,108.040625,-0.6226599999999962,-0.7593049999999835,0.9593749999999943,1.3728255348914367,90.1443287178955
974.0,269.0,244.0,111.0,278.0,252.0,77.0,269.178942,244.260818,111.754591,-0.17894200000000637,-0.26081800000000044,-0.7545910000000049,0.8182015923774592,36.069377593742864
975.0,395.0,80.0,112.0,487.0,111.0,77.0,394.864322,80.373791,112.29025899999999,0.13567799999998442,-0.3737909999999971,-0.29025899999999183,0.49231952880826174,103.19883720275146
976.0,390.0,290.0,117.0,400.0,351.0,85.0,389.82226299999996,289.570199,116.440332,0.177737000000036,0.42980099999999766,0.559668000000002,0.7277002205537751,69.60603422117941
977.0,321.0,247.0,119.0,337.0,274.0,87.0,320.841053,246.123718,119.35650199999999,0.15894700000001194,0.8762820000000033,-0.3565019999999919,0.9592851340123039,44.82186966202994
978.0,182.0,126.0,120.0,223.0,81.0,84.0,181.98552300000003,125.73554,119.85533,0.014476999999970985,0.2644599999999997,0.14467000000000496,0.3017914578463089,70.7248188403477
979.0,399.0,221.0,121.0,437.0,275.0,90.0,398.829857,220.943256,121.246988,0.17014299999999594,0.05674400000000901,-0.24698800000000176,0.30524022364197106,72.94518489934754
980.0,197.0,466.0,121.0,108.0,479.0,89.0,196.296359,464.963547,119.800468,0.7036410000000046,1.0364529999999945,1.199532000000005,1.7344228138242437,95.46727187890099
981.0,258.0,356.0,122.0,221.0,377.0,91.0,257.560512,356.351619,122.03922899999999,0.439487999999983,-0.3516190000000279,-0.03922899999999174,0.5642025680072752,52.640288753007425
982.0,398.0,280.0,123.0,415.0,345.0,93.0,399.98770800000005,281.088389,122.98498099999999,-1.9877080000000547,-1.0883890000000065,0.015019000000009441,2.266230191076412,73.57988855658861
983.0,378.0,45.0,124.0,481.0,63.0,90.0,377.822745,44.75966,123.55466,0.17725500000000238,0.24034000000000333,0.4453400000000016,0.5361999312057061,109.94998863119541
984.0,198.0,445.0,124.0,118.0,457.0,95.0,198.392929,445.327447,124.926586,-0.3929290000000094,-0.3274470000000065,-0.9265860000000004,1.0583838397509724,85.93602271457529
985.0,269.0,147.0,126.0,315.0,139.0,93.0,268.652866,146.989075,126.02091499999999,0.34713399999998273,0.010924999999986085,-0.020914999999988027,0.3479350611910033,57.175169435691224
986.0,258.0,344.0,126.0,225.0,363.0,96.0,257.068811,344.48183,126.28291399999999,0.9311890000000176,-0.4818300000000022,-0.282913999999991,1.0859619855303544,48.47679857416329
987.0,268.0,148.0,127.0,314.0,140.0,94.0,268.145259,148.03593899999998,126.83390999999999,-0.14525900000001002,-0.035938999999984844,0.16609000000001117,0.22355687621275608,57.175169435691224
988.0,259.0,343.0,128.0,228.0,362.0,98.0,259.157591,342.944841,127.917226,-0.1575910000000249,0.05515900000000329,0.08277400000000057,0.18635711319401874,47.138094997570704
989.0,415.0,282.0,129.0,433.0,352.0,100.0,415.859784,281.91963699999997,128.536971,-0.8597839999999906,0.08036300000003394,0.4630290000000059,0.9798380444063165,77.87810988975015
990.0,377.0,297.0,129.0,383.0,354.0,99.0,377.520799,296.457602,127.971368,-0.5207990000000109,0.5423979999999915,1.0286320000000018,1.274170702939369,64.69157595854347
991.0,259.0,342.0,129.0,228.0,361.0,99.0,258.906283,342.177595,128.74874,0.09371700000002647,-0.17759499999999662,0.25126000000000204,0.3216433548419814,47.138094997570704
992.0,426.0,245.0,132.0,459.0,313.0,104.0,425.944395,244.894816,132.139858,0.055605000000014115,0.10518400000000838,-0.1398580000000038,0.1836187627803989,80.60397012554654
993.0,424.0,245.0,134.0,456.0,312.0,106.0,423.371097,244.917059,133.807524,0.6289029999999798,0.08294100000000526,0.1924759999999992,0.6629066325403413,79.3536388579629
994.0,441.0,257.0,135.0,471.0,333.0,107.0,440.502838,257.348351,134.290795,0.497162000000003,-0.34835099999997965,0.7092049999999972,0.9335363975068057,86.37129152675674
995.0,356.0,308.0,135.0,354.0,359.0,107.0,356.36159899999996,307.95846900000004,134.62818399999998,-0.3615989999999556,0.04153099999996357,0.3718160000000239,0.5203131735964241,58.215118311311535
996.0,199.0,104.0,136.0,252.0,61.0,106.0,199.510838,102.874078,137.963349,-0.5108380000000068,1.1259220000000028,-1.9633489999999938,2.320214453047172,74.55199527846321
997.0,369.0,144.0,136.0,432.0,174.0,107.0,368.80256799999995,143.921438,136.421797,0.1974320000000489,0.07856200000000513,-0.421796999999998,0.4722966140859136,75.56454194925024
998.0,354.0,308.0,137.0,351.0,358.0,110.0,353.79735,307.990585,137.11532499999998,0.20265000000000555,0.00941499999998996,-0.11532499999998436,0.23335706620970031,56.90342696182718
999.0,222.0,416.0,137.0,156.0,432.0,110.0,221.546233,416.172431,137.308444,0.45376699999999914,-0.17243100000001732,-0.3084440000000086,0.5751301080503528,73.08214556237385
1000.0,349.0,327.0,138.0,338.0,377.0,111.0,348.65201299999995,326.144055,137.778326,0.347987000000046,0.8559450000000197,0.22167400000000725,0.9501979569911045,57.879184513951124
1001.0,221.0,417.0,138.0,155.0,433.0,110.0,221.029577,417.20942199999996,137.301964,-0.029576999999989084,-0.20942199999996092,0.6980360000000019,0.7293741360296413,73.45747068882783
1002.0,312.0,144.0,140.0,367.0,151.0,110.0,312.335659,142.969,139.518454,-0.335659000000021,1.031000000000006,0.4815460000000087,1.1863871688437273,63.03967004989794
1003.0,197.0,461.0,141.0,110.0,474.0,115.0,196.78387400000003,460.814906,141.155895,0.21612599999997428,0.18509399999999232,-0.1558949999999868,0.3244587612270347,91.72785836374901
1004.0,221.0,167.0,142.0,252.0,143.0,112.0,220.914406,166.657074,141.893001,0.08559399999998618,0.3429260000000056,0.10699900000000184,0.3692876389929696,49.36598018878993
1005.0,353.0,100.0,143.0,431.0,117.0,114.0,353.248549,99.954638,142.84990399999998,-0.24854900000002544,0.04536199999999724,0.1500960000000191,0.2938760379156799,84.9352694703443
1006.0,282.0,192.0,143.0,313.0,196.0,115.0,282.138267,192.02180800000002,143.37426,-0.13826699999998482,-0.021808000000021366,-0.3742599999999925,0.3995796538276081,41.96427051671457
1007.0,360.0,81.0,144.0,446.0,98.0,115.0,359.96601000000004,81.30117,143.81473499999998,0.03398999999996022,-0.30116999999999905,0.18526500000001533,0.3552207894042836,92.33634170791044
1008.0,382.0,103.0,144.0,463.0,132.0,116.0,382.03641799999997,103.315265,144.130381,-0.0364179999999692,-0.3152649999999966,-0.13038099999999986,0.3430998340279336,90.47651629014017
1009.0,353.0,231.0,145.0,380.0,267.0,118.0,352.710632,229.815452,144.605463,0.2893680000000245,1.1845480000000066,0.3945370000000139,1.2816189949033374,52.478567053607705
1010.0,234.0,373.0,145.0,186.0,387.0,119.0,233.221999,373.494773,145.05870399999998,0.7780009999999891,-0.49477300000000923,-0.05870399999997744,0.923867976036614,56.356011214421486
1011.0,199.0,460.0,145.0,112.0,474.0,119.0,198.374096,460.334654,144.422677,0.6259039999999914,-0.33465400000000045,0.5773230000000069,0.9149048930140211,91.87491496594704
1012.0,346.0,310.0,146.0,342.0,357.0,120.0,346.634366,309.651044,145.372145,-0.634366,0.34895599999998694,0.6278550000000109,0.9583279255646288,53.86093203798092
1013.0,403.0,384.0,147.0,379.0,464.0,123.0,403.269193,383.217132,146.33671399999997,-0.2691929999999729,0.7828680000000077,0.6632860000000278,1.0607994600625672,86.90224392960172
1014.0,283.0,265.0,148.0,285.0,282.0,121.0,282.82689899999997,266.189696,147.411408,0.17310100000003104,-1.1896960000000263,0.5885920000000056,1.3385742680483141,31.96873472629156
1015.0,360.0,274.0,150.0,372.0,321.0,127.0,360.635247,273.947711,151.375104,-0.6352469999999926,0.052288999999973385,-1.3751039999999932,1.5156463642109823,53.68426212587819
1016.0,342.0,318.0,150.0,334.0,364.0,126.0,342.295055,317.22909100000004,150.249194,-0.29505499999999074,0.7709089999999605,-0.2491939999999886,0.8622388236109112,52.49761899362675
1017.0,352.0,28.0,151.0,458.0,32.0,123.0,352.178996,26.971835999999996,151.098401,-0.17899599999998372,1.0281640000000039,-0.09840099999999552,1.0482573804715145,109.70870521521982
1018.0,311.0,249.0,151.0,324.0,274.0,124.0,311.074697,249.867355,149.749344,-0.07469700000001467,-0.8673550000000034,1.2506559999999922,1.523819138930204,39.02563260217571
1019.0,349.0,319.0,152.0,342.0,369.0,128.0,349.831042,319.055456,151.783477,-0.8310420000000249,-0.0554559999999924,0.21652299999999514,0.8605744495562476,55.90169943749474
1020.0,199.0,470.0,152.0,109.0,486.0,128.0,199.24878200000003,470.528555,151.670161,-0.24878200000003403,-0.528554999999983,0.32983899999999267,0.6708626069993722,94.50925880568528
1021.0,207.0,193.0,153.0,226.0,168.0,125.0,207.33863,192.97007000000002,152.38973499999997,-0.3386299999999949,0.029929999999978918,0.6102650000000267,0.6985624181309984,42.07136793592526
1022.0,306.0,308.0,153.0,296.0,339.0,129.0,306.286783,307.705871,153.219836,-0.286783000000014,0.2941289999999981,-0.2198359999999866,0.4659229814314819,40.45985664828782
1023.0,359.0,270.0,154.0,372.0,316.0,130.0,359.360609,270.09173499999997,153.893724,-0.36060900000001084,-0.09173499999997148,0.10627600000000825,0.3869738353971807,53.48831648126533
1024.0,379.0,42.0,155.0,484.0,59.0,129.0,379.465267,41.256615,155.545664,-0.465266999999983,0.7433850000000035,-0.5456639999999879,1.032881329296825,109.4988584415381
1025.0,397.0,113.0,155.0,477.0,149.0,130.0,397.467355,113.02630199999999,155.320542,-0.46735499999999774,-0.026301999999986947,-0.320541999999989,0.5673267709116062,91.21951545584969
1026.0,361.0,272.0,155.0,373.0,319.0,131.0,360.927742,272.173093,154.67152299999998,0.07225799999997662,-0.1730929999999944,0.3284770000000208,0.37825856862998936,54.120236510939236
1027.0,403.0,331.0,155.0,398.0,403.0,133.0,402.241153,330.97403499999996,155.16022199999998,0.7588470000000029,0.025965000000041982,-0.1602219999999761,0.7760116235714507,75.45197147855052
1028.0,282.0,290.0,158.0,275.0,309.0,135.0,282.213094,289.908851,158.614595,-0.21309400000001233,0.09114899999997306,-0.6145950000000084,0.6568441269144535,30.643106892089126
1029.0,392.0,385.0,161.0,365.0,461.0,141.0,391.772822,384.70169699999997,161.201207,0.22717799999998078,0.2983030000000326,-0.2012070000000108,0.4255335243456326,83.09632964216891
1030.0,381.0,40.0,162.0,486.0,58.0,137.0,380.831328,40.038736,162.102385,0.16867200000001503,-0.038736000000000104,-0.10238499999999817,0.20108060449731271,109.42577392917995
1031.0,304.0,200.0,162.0,335.0,213.0,138.0,303.866749,199.742726,161.89522399999998,0.13325099999997292,0.25727399999999534,0.1047760000000153,0.30809698189530127,41.30375285612676
1032.0,283.0,289.0,163.0,277.0,308.0,141.0,283.561057,288.671226,163.532366,-0.5610570000000052,0.3287740000000099,-0.5323659999999961,0.8404111245580989,29.68164415931166
1033.0,284.0,283.0,169.0,279.0,302.0,147.0,283.607235,283.548006,168.510332,0.39276499999999714,-0.5480059999999867,0.48966799999999466,0.8332764676174277,29.49576240750525
1034.0,230.0,172.0,173.0,260.0,152.0,150.0,229.81758499999998,171.947343,172.880228,0.1824150000000202,0.05265700000001061,0.11977200000001176,0.2244845737640146,42.76680956068619
1035.0,453.0,279.0,176.0,477.0,362.0,158.0,453.176768,278.829093,175.70153499999998,-0.17676799999998138,0.1709069999999997,0.2984650000000215,0.38670076893899,88.25531145489205
1036.0,204.0,103.0,177.0,258.0,63.0,152.0,205.109884,103.323242,175.601767,-1.1098839999999939,-0.32324199999999337,1.3982330000000047,1.8142170229355128,71.7007670809734
1037.0,282.0,116.0,177.0,343.0,108.0,154.0,282.890152,116.224223,176.226447,-0.8901520000000005,-0.22422299999999495,0.7735529999999926,1.2004294151019406,65.68104749469211
1038.0,351.0,153.0,177.0,409.0,176.0,156.0,351.89538400000004,151.936509,176.67985099999999,-0.8953840000000355,1.063490999999999,0.3201490000000149,1.4266117189824536,65.83312236253116
1039.0,429.0,223.0,177.0,471.0,288.0,159.0,429.257321,222.891392,177.44525,-0.25732099999999036,0.10860800000000381,-0.44524999999998727,0.5256018999252043,79.45438943192504
1040.0,291.0,268.0,177.0,292.0,286.0,159.0,289.65128,267.854242,178.46438899999998,1.3487200000000144,0.14575800000000072,-1.4643889999999828,1.9961778919437487,25.475478405713993
1041.0,444.0,283.0,177.0,465.0,363.0,160.0,444.131067,282.744422,177.395154,-0.13106699999997318,0.25557800000001407,-0.3951539999999909,0.48851341464589587,84.4393273303382
1042.0,175.0,167.0,179.0,198.0,125.0,157.0,174.676483,167.14630499999998,179.286264,0.3235170000000096,-0.14630499999998392,-0.2862639999999885,0.4560871408075379,52.69724850502159
1043.0,189.0,436.0,179.0,111.0,440.0,161.0,189.125003,434.587146,179.255512,-0.12500299999999243,1.4128539999999816,-0.2555120000000102,1.441203857012932,80.14985963805552
1044.0,357.0,155.0,180.0,414.0,181.0,160.0,357.11843,154.56223599999998,179.86976099999998,-0.11842999999998938,0.4377640000000156,0.1302390000000173,0.4718317302990714,65.76473218982953
1045.0,417.0,325.0,180.0,418.0,401.0,164.0,417.541218,324.52842,180.476845,-0.5412180000000149,0.4715800000000172,-0.4768449999999973,0.8617921872174462,77.67238891652555
1046.0,189.0,448.0,180.0,106.0,455.0,161.0,189.145293,447.543291,179.10272199999997,-0.14529300000000944,0.4567089999999894,0.8972780000000284,1.0172516777150304,85.43418519538885
1047.0,356.0,155.0,181.0,412.0,181.0,161.0,355.573453,155.09185300000001,180.700354,0.42654700000002777,-0.09185300000001462,0.29964599999999564,0.5293080786593227,64.89992295835181
1048.0,230.0,232.0,182.0,237.0,220.0,163.0,229.76819899999998,230.89684,182.84260799999998,0.23180100000001858,1.1031600000000026,-0.8426079999999843,1.4073670206683784,23.53720459187964
1049.0,239.0,375.0,182.0,192.0,390.0,164.0,239.072353,374.711183,181.865608,-0.07235299999999256,0.28881699999999455,0.13439199999999119,0.3266671482748049,52.51666402200353
1050.0,424.0,287.0,184.0,439.0,361.0,167.0,423.471358,288.015967,183.300091,0.5286419999999907,-1.0159669999999892,0.699908999999991,1.342208596878278,77.3950902835574
1051.0,303.0,338.0,184.0,280.0,372.0,167.0,302.79021800000004,337.883924,184.05154299999998,0.2097819999999615,0.11607600000002094,-0.05154299999998102,0.2452321474623316,44.429719783046124
1052.0,398.0,148.0,185.0,463.0,189.0,167.0,397.338266,148.114571,185.23738299999997,0.661734000000024,-0.11457100000001219,-0.2373829999999657,0.7122984553444001,78.93034904268447
1053.0,302.0,339.0,185.0,278.0,373.0,168.0,301.505598,339.19066,184.870097,0.4944019999999796,-0.19065999999997985,0.12990300000001298,0.5455816736410558,44.955533585978046
1054.0,414.0,222.0,186.0,454.0,282.0,171.0,414.594546,222.76497799999999,187.44568699999996,-0.5945459999999798,-0.7649779999999851,-1.445686999999964,1.7403123824672537,73.65459931328118
1055.0,294.0,269.0,186.0,297.0,289.0,167.0,294.389808,268.965223,184.956277,-0.38980800000001636,0.0347770000000196,1.043723,1.1146826531896932,27.748873851023216
1056.0,284.0,84.0,187.0,356.0,72.0,166.0,283.727057,84.988079,186.421284,0.27294299999999794,-0.988078999999999,0.5787159999999858,1.1771619260517987,75.95393340703298
1057.0,404.0,319.0,189.0,405.0,389.0,175.0,404.41530399999994,318.689931,189.707805,-0.41530399999993506,0.3100689999999986,-0.7078050000000076,0.8772731132332484,71.39327699440614
1058.0,255.0,194.0,190.0,281.0,188.0,172.0,255.70678799999996,194.68352099999998,190.35853500000002,-0.7067879999999604,-0.6835209999999847,-0.3585350000000176,1.0465646566791447,32.18695387886216
1059.0,398.0,261.0,191.0,420.0,320.0,176.0,398.114915,261.180513,191.274586,-0.11491499999999633,-0.18051300000001902,-0.27458599999999933,0.3481204845883184,64.73020933072904
1060.0,209.0,114.0,192.0,259.0,76.0,172.0,209.45251800000003,113.363377,191.829201,-0.4525180000000262,0.6366230000000002,0.17079899999998815,0.7995209083282436,65.90902821313632
1061.0,211.0,121.0,194.0,258.0,85.0,175.0,211.045865,120.64693899999999,194.18483399999997,-0.04586499999999205,0.35306100000001095,-0.18483399999996664,0.40114744857968954,62.177166226839255
1062.0,357.0,156.0,196.0,414.0,182.0,178.0,357.541669,155.517069,194.608272,-0.5416690000000131,0.48293100000000777,1.3917280000000005,1.5695650615078123,65.18435395092905
1063.0,348.0,268.0,197.0,359.0,307.0,183.0,347.39582399999995,266.999269,197.50651699999997,0.6041760000000522,1.0007309999999734,-0.5065169999999739,1.2739900488724327,42.871902220452036
1064.0,308.0,274.0,197.0,310.0,300.0,182.0,307.490639,274.28329099999996,197.043706,0.5093610000000126,-0.2832909999999629,-0.043705999999986034,0.5844763754318822,30.083217912982647
1065.0,300.0,282.0,198.0,299.0,306.0,183.0,300.514687,281.81447000000003,197.85209600000002,-0.5146869999999808,0.18552999999997155,0.14790399999998272,0.5667448121376715,28.319604517012593
1066.0,224.0,188.0,199.0,247.0,168.0,183.0,224.180745,188.085392,199.802546,-0.1807450000000017,-0.08539200000001301,-0.8025460000000066,0.8270674886640228,34.42382895611701
1067.0,341.0,247.0,199.0,359.0,282.0,184.0,340.895948,247.581167,198.62696699999998,0.10405200000002424,-0.5811669999999935,0.3730330000000208,0.698380640970247,42.118879377305376
1068.0,337.0,242.0,200.0,357.0,274.0,185.0,337.268115,241.89383199999997,199.553872,-0.268115000000023,0.10616800000002513,0.4461279999999874,0.531213224452297,40.607881008493905
1069.0,192.0,414.0,200.0,122.0,416.0,186.0,191.649803,413.324523,199.970174,0.35019700000000853,0.6754770000000008,0.02982600000001412,0.7614438302422628,71.4142842854285
1070.0,232.0,158.0,201.0,269.0,136.0,183.0,232.94360700000001,157.50039999999998,200.065496,-0.9436070000000143,0.49960000000001514,0.934504000000004,1.4189052316716044,46.65833258915282
1071.0,225.0,191.0,204.0,247.0,173.0,190.0,225.545873,192.040098,205.478676,-0.5458730000000003,-1.0400980000000004,-1.4786760000000072,1.8884554256611465,31.68595903550972
1072.0,399.0,251.0,205.0,425.0,309.0,193.0,399.289886,251.50068499999998,205.310295,-0.28988600000002407,-0.5006849999999758,-0.31029499999999643,0.6565076916883666,64.68384651518491
1073.0,405.0,257.0,206.0,429.0,317.0,193.0,404.480794,256.67814899999996,205.19174699999996,0.519205999999997,0.32185100000003786,0.8082530000000361,1.0131317035045737,65.91661399070799
1074.0,384.0,303.0,206.0,388.0,362.0,194.0,384.34837500000003,302.313129,205.697386,-0.34837500000003274,0.6868709999999965,0.3026140000000055,0.8274854344712186,60.340699366182356
1075.0,367.0,210.0,207.0,403.0,248.0,194.0,366.322872,209.823483,206.986447,0.677127999999982,0.17651699999998982,0.013553000000001703,0.6998887507897037,53.9351462406472
1076.0,339.0,239.0,207.0,359.0,271.0,194.0,338.122511,239.131588,206.95414599999998,0.8774890000000255,-0.1315879999999936,0.04585400000001982,0.8884846291191789,39.91240408695021
1077.0,313.0,251.0,207.0,325.0,274.0,194.0,312.48514000000006,250.29859299999998,207.107035,0.5148599999999419,0.7014070000000174,-0.10703499999999622,0.8766465025732799,29.017236257093817
1078.0,274.0,261.0,208.0,277.0,271.0,195.0,274.41649399999994,260.450965,208.22945899999996,-0.4164939999999433,0.5490350000000035,-0.229458999999963,0.7263319598791861,16.673332000533065
1079.0,370.0,286.0,208.0,378.0,338.0,197.0,370.356824,286.290612,208.500337,-0.35682400000001735,-0.2906120000000101,-0.5003370000000018,0.6797910083908288,53.749418601506754
1080.0,211.0,402.0,208.0,149.0,411.0,197.0,211.42690800000003,402.530987,208.894501,-0.4269080000000258,-0.5309869999999819,-0.8945009999999911,1.1244241520147042,63.608175575157006
1081.0,226.0,194.0,209.0,247.0,175.0,194.0,226.102783,193.633828,208.73249799999996,-0.10278299999998808,0.36617200000000594,0.2675020000000359,0.4649769872553061,32.046840717924134
1082.0,247.0,207.0,211.0,266.0,199.0,197.0,247.14174499999996,207.376735,210.79636599999998,-0.1417449999999576,-0.3767349999999965,0.2036340000000223,0.45109612191415965,24.919871588754223
1083.0,306.0,252.0,211.0,317.0,273.0,199.0,306.053924,251.64981500000002,211.260921,-0.053923999999994976,0.350184999999982,-0.2609209999999962,0.4400194316640856,26.570660511172846
1084.0,226.0,241.0,212.0,228.0,230.0,199.0,225.704416,241.362306,212.273349,0.29558399999999097,-0.3623059999999896,-0.27334899999999607,0.5416227603166109,17.146428199482248
1085.0,427.0,283.0,212.0,445.0,356.0,202.0,427.148366,282.916695,212.008557,-0.14836600000001,0.08330499999999574,-0.008556999999996151,0.17036846900175567,75.8485332752058
1086.0,346.0,81.0,213.0,429.0,91.0,199.0,345.694406,81.10849300000001,212.829411,0.30559399999998504,-0.10849300000000994,0.17058900000000676,0.366413742654387,84.76437931112338
1087.0,302.0,244.0,213.0,315.0,263.0,200.0,301.905377,244.40824199999997,212.211904,0.09462300000001278,-0.4082419999999729,0.7880959999999959,0.8925863251859586,26.43860813280457
1088.0,311.0,283.0,213.0,311.0,311.0,201.0,311.30351,282.759315,212.47574299999997,-0.30351000000001704,0.24068499999998494,0.5242570000000342,0.6518381634838811,30.463092423455635
1089.0,226.0,300.0,213.0,206.0,298.0,202.0,226.341553,299.95320100000004,214.03542,-0.34155300000000466,0.04679899999996451,-1.0354199999999878,1.0913034292120476,22.9128784747792
1090.0,443.0,349.0,214.0,438.0,439.0,205.0,443.346053,349.266295,213.50665800000002,-0.3460529999999835,-0.2662950000000137,0.4933419999999842,0.6588262553951385,90.5869747811461
1091.0,386.0,200.0,215.0,430.0,244.0,205.0,386.360334,199.80706600000002,215.898735,-0.360334000000023,0.19293399999997973,-0.8987349999999878,0.9873138913926953,63.02380502635492
1092.0,319.0,284.0,215.0,319.0,318.0,205.0,319.378309,286.159664,215.62489799999997,-0.37830900000000156,-2.1596640000000207,-0.6248979999999733,2.2798604787971253,35.4400902933387
1093.0,233.0,190.0,216.0,256.0,174.0,203.0,232.916984,190.606718,216.06978099999998,0.08301599999998643,-0.6067180000000008,-0.06978099999997767,0.6163341429297874,30.886890422961002
1094.0,298.0,247.0,216.0,309.0,265.0,204.0,297.800209,247.561204,215.49908,0.19979100000000471,-0.5612040000000036,0.5009200000000078,0.7783233387847327,24.269322199023193
1095.0,259.0,186.0,219.0,288.0,178.0,208.0,258.868073,185.44865499999997,219.94111199999998,0.13192700000001878,0.5513450000000262,-0.9411119999999755,1.098670942046793,32.03123475609393
1096.0,404.0,322.0,220.0,403.0,392.0,212.0,403.977162,321.906333,220.003381,0.02283799999997882,0.09366699999998218,-0.0033809999999903084,0.09647026637257529,70.46275611981126
1097.0,232.0,137.0,221.0,276.0,111.0,208.0,232.099998,136.500146,220.814433,-0.09999799999999937,0.49985399999999913,0.18556699999999182,0.5424838548832546,52.73518749374084
1098.0,271.0,194.0,221.0,298.0,192.0,209.0,270.29224999999997,193.739474,220.536451,0.7077500000000327,0.2605259999999987,0.46354900000000043,0.8852465953490283,29.614185789921695
1099.0,221.0,247.0,221.0,219.0,234.0,209.0,219.843217,246.90836,220.46997399999998,1.1567829999999901,0.09164000000001238,0.5300260000000208,1.275724248952336,17.804493814764857
1100.0,452.0,350.0,222.0,447.0,443.0,215.0,451.47108799999995,350.13465299999996,221.60322099999996,0.528912000000048,-0.1346529999999575,0.39677900000003774,0.6747687818757395,93.39700209321497
1101.0,387.0,189.0,223.0,435.0,231.0,214.0,386.942199,188.494016,223.40272199999998,0.05780099999998356,0.5059840000000122,-0.4027219999999829,0.6492655644195191,64.41273166075166
1102.0,230.0,64.0,224.0,301.0,26.0,211.0,229.422125,63.977850000000004,224.157198,0.5778750000000059,0.02214999999999634,-0.15719799999999395,0.5992840305973494,81.57205403813245
1103.0,299.0,250.0,225.0,309.0,268.0,215.0,298.680819,250.001164,224.477188,0.3191810000000146,-0.0011639999999886186,0.5228119999999876,0.612544082496106,22.891046284519195
1104.0,354.0,279.0,225.0,362.0,322.0,216.0,353.930835,278.202247,224.35192999999998,0.06916499999999814,0.7977530000000002,0.6480700000000184,1.0301399764760242,44.654227123532216
1105.0,261.0,344.0,227.0,229.0,362.0,219.0,261.029533,343.879602,227.06814199999997,-0.02953300000001491,0.12039800000002288,-0.06814199999996617,0.1414609792734441,37.57658845611187
1106.0,238.0,403.0,230.0,180.0,422.0,223.0,238.613512,403.279962,229.896093,-0.6135119999999858,-0.2799620000000118,0.10390699999999242,0.6823286306736569,61.43289021363068
1107.0,202.0,113.0,231.0,251.0,72.0,220.0,202.629338,112.80778099999999,231.25662899999998,-0.62933799999999,0.19221900000000858,-0.25662899999997535,0.7063093556268231,64.83054835492293
1108.0,386.0,299.0,231.0,391.0,359.0,224.0,386.169813,299.498346,230.30107599999997,-0.16981299999997646,-0.4983460000000264,0.6989240000000336,0.8750313985572548,60.61352984276695
1109.0,447.0,353.0,232.0,440.0,444.0,228.0,446.409991,352.85922500000004,232.28327000000002,0.5900090000000091,0.14077499999996235,-0.2832700000000159,0.6694550870715743,91.35644476444998
1110.0,392.0,98.0,233.0,476.0,128.0,225.0,392.0825,97.90460999999999,233.42904499999997,-0.08249999999998181,0.09539000000000897,-0.4290449999999737,0.44719695227603706,89.55445270895244
1111.0,244.0,322.0,234.0,217.0,330.0,228.0,243.455394,322.219115,234.895373,0.5446059999999875,-0.21911499999998796,-0.8953730000000064,1.070653953240725,28.792360097775937
1112.0,202.0,391.0,234.0,142.0,394.0,229.0,201.85131600000003,391.45500400000003,235.36127699999997,0.1486839999999745,-0.45500400000003083,-1.3612769999999728,1.4429867090867283,60.28266749240614
1113.0,201.0,398.0,234.0,139.0,401.0,227.0,201.324678,397.65470700000003,233.65473099999997,-0.3246780000000058,0.34529299999996965,0.34526900000003025,0.5863904346883599,62.465990746965666
1114.0,382.0,290.0,236.0,390.0,346.0,232.0,382.080551,289.734655,237.01894199999998,-0.08055100000001403,0.2653450000000248,-1.0189419999999814,1.056001530297176,56.7097875150313
1115.0,450.0,343.0,238.0,447.0,434.0,235.0,449.30885499999994,343.338042,238.101072,0.6911450000000627,-0.3380419999999731,-0.10107199999998784,0.7759957177543354,91.09884741312592
1116.0,405.0,372.0,238.0,385.0,451.0,235.0,405.56011799999993,372.66112899999996,238.241067,-0.5601179999999317,-0.6611289999999599,-0.24106699999998682,0.8994092656037429,81.54753215150045
1117.0,202.0,394.0,238.0,141.0,398.0,233.0,202.151927,394.862844,238.59657999999996,-0.1519270000000006,-0.8628439999999955,-0.5965799999999604,1.0599477713854326,61.335144900782616
1118.0,223.0,72.0,239.0,290.0,33.0,228.0,222.851314,72.444116,238.06514899999996,0.14868599999999788,-0.44411599999999396,0.9348510000000374,1.0456064939799599,78.3007024234138
1119.0,430.0,232.0,241.0,466.0,298.0,235.0,428.66355,232.71229,239.63275499999997,1.3364500000000135,-0.7122899999999959,1.3672450000000254,2.0402976588294903,75.41883053985921
1120.0,288.0,415.0,241.0,232.0,455.0,237.0,287.736655,415.549767,240.682388,0.26334500000001526,-0.5497669999999744,0.3176119999999969,0.6873657875236284,68.93475175845634
1121.0,342.0,18.0,242.0,448.0,15.0,234.0,340.98723599999994,17.455436000000006,242.320379,1.012764000000061,0.544563999999994,-0.32037900000000263,1.1936848719126496,106.34378214075329
1122.0,387.0,94.0,242.0,471.0,122.0,235.0,386.725783,94.639986,241.72382399999998,0.27421700000002147,-0.6399859999999933,0.27617600000002085,0.7490328606015991,88.82004278314665
1123.0,411.0,201.0,242.0,459.0,254.0,237.0,411.78684899999996,200.35790400000002,241.84033399999998,-0.786848999999961,0.6420959999999809,0.15966600000001563,1.0280621837091952,71.6798437498297
1124.0,360.0,192.0,243.0,402.0,224.0,238.0,359.695447,191.86691100000002,243.33784199999997,0.3045529999999985,0.13308899999998403,-0.33784199999996645,0.47392238678286996,53.03772242470448
1125.0,287.0,413.0,245.0,232.0,452.0,242.0,287.000829,413.26777500000003,244.81588,-0.0008290000000101827,-0.26777500000002874,0.18412000000000717,0.3249681711583737,67.49074010558782
1126.0,260.0,130.0,246.0,310.0,114.0,239.0,259.58002999999997,130.301918,245.99303499999996,0.4199700000000348,-0.3019180000000006,0.006965000000036525,0.5172792194250897,52.96225070746144
1127.0,380.0,285.0,247.0,389.0,339.0,244.0,379.58962700000006,284.67317,246.942474,0.41037299999993593,0.32682999999997264,0.05752599999999575,0.5277623411204413,54.8270006474912
1128.0,378.0,211.0,251.0,416.0,253.0,248.0,378.21447199999994,210.86388399999998,251.105635,-0.21447199999994382,0.13611600000001545,-0.10563500000000658,0.2751082649884978,56.71860364994893
1129.0,354.0,191.0,252.0,396.0,220.0,249.0,354.09148,190.42627,252.433577,-0.09147999999999001,0.5737300000000118,-0.43357700000001387,0.7249301471376561,51.12729212465687
1130.0,356.0,243.0,252.0,377.0,283.0,248.0,355.721675,244.31246199999998,250.96126599999997,0.27832499999999527,-1.3124619999999823,1.0387340000000336,1.696758565567011,45.35416188179427
1131.0,354.0,190.0,253.0,396.0,219.0,250.0,353.840172,189.659024,253.26509099999998,0.15982800000000452,0.34097600000001194,-0.265090999999984,0.4605245492272927,51.12729212465687
1132.0,466.0,313.0,253.0,478.0,405.0,253.0,466.00878700000004,312.923273,253.02842399999997,-0.008787000000040734,0.07672700000000532,-0.028423999999972693,0.08229318121205413,92.77930803794561
1133.0,380.0,282.0,254.0,391.0,335.0,252.0,380.174617,281.123934,253.53531199999998,-0.174617000000012,0.8760659999999802,0.46468800000002375,1.0069347895415033,54.16641025580336
1134.0,238.0,224.0,255.0,250.0,214.0,250.0,239.09448899999998,223.714741,254.13689999999997,-1.0944889999999816,0.2852589999999964,0.8631000000000313,1.4227510246708706,16.401219466856727
1135.0,419.0,281.0,256.0,435.0,351.0,255.0,418.55604800000003,282.153089,255.55651699999999,0.4439519999999675,-1.1530890000000227,0.4434830000000147,1.3127775102865058,71.81225522151495
1136.0,372.0,185.0,257.0,419.0,221.0,255.0,372.27743000000004,185.285571,257.210531,-0.27743000000003804,-0.28557100000000446,-0.21053100000000313,0.4503792878253006,59.23681287847955
1137.0,266.0,211.0,257.0,286.0,209.0,254.0,265.801368,210.51324599999998,257.27487099999996,0.19863199999997505,0.486754000000019,-0.2748709999999619,0.5932437901748215,20.322401432901575
1138.0,453.0,357.0,257.0,446.0,451.0,258.0,453.16603799999996,357.036016,256.749893,-0.16603799999995772,-0.03601600000001781,0.25010700000001407,0.30235621566125326,94.26558226627574
1139.0,457.0,347.0,258.0,455.0,441.0,259.0,457.56463399999996,346.935851,257.639727,-0.5646339999999554,0.06414899999998624,0.3602730000000065,0.6728471465986555,94.02659198333204
1140.0,324.0,86.0,260.0,402.0,87.0,254.0,324.171322,85.55957599999999,258.09878499999996,-0.1713219999999751,0.44042400000000725,1.901215000000036,1.9590668706517231,78.2368199762746
1141.0,302.0,182.0,260.0,339.0,191.0,259.0,302.34187599999996,182.801253,261.29432099999997,-0.34187599999995655,-0.8012530000000027,-1.294320999999968,1.5601770477820431,38.09199390948182
1142.0,192.0,423.0,260.0,117.0,427.0,259.0,191.289242,423.892921,259.687215,0.7107579999999984,-0.8929210000000012,0.3127850000000194,1.1833508790844802,75.11324783285569
1143.0,261.0,54.0,261.0,342.0,26.0,257.0,261.695912,53.77725600000001,261.625129,-0.6959120000000212,0.22274399999999162,-0.6251290000000154,0.9616104553929543,85.7962703152066
1144.0,429.0,249.0,261.0,461.0,316.0,261.0,429.700185,248.25649,260.750198,-0.7001849999999763,0.7435099999999863,0.2498019999999883,1.0514119998977283,74.24957912338628
1145.0,422.0,393.0,261.0,396.0,480.0,263.0,421.910986,392.615432,260.77608699999996,0.08901400000002013,0.3845680000000016,0.22391300000003866,0.4538205266281177,90.82400563727631
1146.0,304.0,184.0,265.0,340.0,193.0,263.0,303.675799,184.135111,264.542584,0.3242010000000164,-0.13511099999999487,0.45741600000002336,0.5767067433089634,37.16180835212409
1147.0,395.0,228.0,266.0,429.0,279.0,267.0,395.25685400000003,227.878229,266.290379,-0.25685400000003256,0.12177099999999541,-0.2903789999999731,0.40635220855558296,61.30252849597641
1148.0,389.0,248.0,266.0,414.0,300.0,267.0,389.069156,248.095808,266.120945,-0.06915600000002087,-0.09580800000000522,-0.12094500000000608,0.16908405668484938,57.706152185014034
1149.0,406.0,252.0,275.0,433.0,311.0,278.0,406.795869,251.815152,274.89712,-0.795868999999982,0.18484799999998813,0.1028800000000274,0.8235050349967342,64.95382975621992
1150.0,355.0,268.0,275.0,367.0,309.0,277.0,354.983248,267.402593,274.468617,0.01675199999999677,0.5974069999999756,0.5313830000000053,0.7997147277885885,42.76680956068619
1151.0,376.0,208.0,277.0,415.0,249.0,279.0,376.67655,208.321343,276.56307499999997,-0.6765500000000202,-0.32134300000001303,0.43692500000003065,0.8671128425839756,56.621550667568265
1152.0,205.0,177.0,278.0,229.0,146.0,278.0,205.326312,176.604405,278.017591,-0.3263120000000015,0.39559499999998593,-0.017590999999981705,0.5131124327571777,39.20459156782532
1153.0,280.0,393.0,278.0,231.0,425.0,282.0,279.55613700000004,392.94035399999996,277.92549199999996,0.4438629999999648,0.05964600000004339,0.0745080000000371,0.4540082049357473,58.66003750424986
1154.0,374.0,207.0,279.0,413.0,247.0,282.0,374.628957,207.316468,279.056696,-0.628957000000014,-0.3164679999999862,-0.05669599999998809,0.7063662925770223,55.94640292279746
1155.0,398.0,299.0,282.0,404.0,362.0,287.0,397.62214,299.07336599999996,281.819617,0.3778599999999983,-0.07336599999996452,0.18038300000000618,0.42508678672124794,63.48228099241551
1156.0,352.0,419.0,283.0,305.0,483.0,290.0,352.228197,418.861712,283.371664,-0.22819700000002285,0.13828799999998864,-0.37166400000000976,0.45752767200357897,79.71198153351854
1157.0,329.0,422.0,283.0,278.0,476.0,291.0,329.435396,420.44829599999997,284.425505,-0.43539600000002565,1.5517040000000293,-1.425504999999987,2.1516085809126797,74.70609078247904
1158.0,437.0,279.0,285.0,456.0,356.0,292.0,436.509919,280.94667300000003,285.700158,0.4900809999999751,-1.9466730000000325,-0.7001579999999876,2.1260142004356615,79.61783719745218
1159.0,328.0,129.0,286.0,390.0,138.0,289.0,328.44208799999996,128.656664,286.23312899999996,-0.4420879999999556,0.34333599999999365,-0.23312899999996262,0.6063584247628946,62.72160712226688
1160.0,439.0,218.0,287.0,483.0,284.0,292.0,438.74356600000004,217.97756099999998,286.416873,0.2564339999999561,0.02243900000001986,0.5831269999999904,0.6374158793173944,79.47955712005447
1161.0,416.0,387.0,287.0,391.0,471.0,295.0,415.972276,387.236657,287.135433,0.027723999999977877,-0.2366569999999797,-0.1354329999999777,0.2740752694315617,88.0056816347672
1162.0,355.0,263.0,290.0,369.0,303.0,296.0,355.14706299999995,262.407722,290.099758,-0.147062999999946,0.5922780000000216,-0.09975800000000845,0.6183626879243374,42.80186911806539
1163.0,67.0,201.0,293.0,58.0,122.0,296.0,66.371403,202.56937499999998,294.007666,0.6285969999999992,-1.5693749999999795,-1.007665999999972,1.9681114924185261,79.56758133813042
1164.0,328.0,417.0,293.0,278.0,472.0,301.0,328.484458,417.43854999999996,292.668411,-0.4844580000000178,-0.4385499999999638,0.3315890000000081,0.7327870913061931,74.75961476626267
1165.0,50.0,222.0,298.0,32.0,138.0,300.0,50.370973,221.799443,297.23747599999996,-0.37097299999999933,0.20055700000000343,0.7625240000000417,0.8713707176363367,85.93020423576334
1166.0,273.0,213.0,302.0,293.0,214.0,309.0,273.039939,213.122752,302.246888,-0.039939000000003944,-0.12275199999999131,-0.24688800000001265,0.2785980290113418,21.213203435596427
1167.0,397.0,272.0,304.0,414.0,330.0,314.0,397.305169,271.87340900000004,304.2751,-0.30516899999997804,0.12659099999996215,-0.275100000000009,0.42992256261096834,61.26173356998641
1168.0,273.0,149.0,309.0,318.0,140.0,317.0,273.271238,149.19813,309.554599,-0.27123799999998255,-0.19812999999999192,-0.5545989999999961,0.6483869217874332,46.58325879540846
1169.0,327.0,222.0,317.0,351.0,245.0,328.0,326.349691,222.328452,317.12128199999995,0.6503089999999929,-0.32845199999999863,-0.12128199999995104,0.738574190795331,35.014282800023196
1170.0,361.0,138.0,320.0,424.0,161.0,331.0,361.22879900000004,138.109419,320.18517599999996,-0.22879900000003772,-0.1094190000000026,-0.18517599999995582,0.31402492088686446,67.96322535018479
1171.0,363.0,132.0,321.0,428.0,155.0,333.0,362.792807,132.426963,321.874124,0.20719300000001795,-0.42696300000000065,-0.8741239999999948,0.9946452181526833,69.98571282769076
1172.0,433.0,240.0,321.0,468.0,307.0,334.0,433.45663999999994,240.16404400000002,320.641311,-0.4566399999999362,-0.1640440000000183,0.3586890000000267,0.6033973170780318,76.70071707617863
1173.0,429.0,235.0,325.0,465.0,299.0,339.0,429.08799,234.776073,324.85167499999994,-0.08798999999999069,0.22392700000000332,0.14832500000005666,0.28264084463151584,74.75292636412303
1174.0,333.0,352.0,325.0,309.0,397.0,339.0,333.388948,351.47376699999995,324.53905699999996,-0.3889480000000276,0.5262330000000475,0.46094300000004296,0.8004187443095714,52.88667128870941
1175.0,359.0,138.0,326.0,421.0,160.0,337.0,358.691697,138.171154,325.130742,0.30830300000002353,-0.17115400000000136,0.8692580000000021,0.9380585813737959,66.70082458260917
1176.0,441.0,334.0,327.0,441.0,418.0,343.0,441.45835700000003,333.529654,326.83034999999995,-0.458357000000035,0.47034600000000637,0.16965000000004693,0.6783049621409636,85.5102333057278
1177.0,336.0,398.0,329.0,294.0,452.0,345.0,336.107682,398.17262999999997,328.877147,-0.10768200000001116,-0.17262999999996964,0.12285300000002053,0.2376749663574121,70.25667228100119
1178.0,359.0,131.0,331.0,423.0,151.0,347.0,357.993,130.756069,333.42272499999996,1.007000000000005,0.24393100000000345,-2.422724999999957,2.6349853431064476,68.93475175845634
1179.0,391.0,404.0,331.0,356.0,479.0,347.0,391.330225,403.062525,329.846386,-0.33022499999998445,0.9374750000000063,1.1536140000000046,1.522738712729801,84.29709366283039
1180.0,211.0,192.0,332.0,230.0,164.0,344.0,211.38698499999998,190.98429299999998,331.88068,-0.3869849999999815,1.0157070000000203,0.11932000000001608,1.093460270185447,35.90264614203248
1181.0,420.0,219.0,332.0,460.0,277.0,348.0,419.556512,219.06767200000002,332.51960299999996,0.4434880000000021,-0.06767200000001594,-0.519602999999961,0.686475333378384,72.24956747275377
1182.0,426.0,222.0,332.0,468.0,282.0,347.0,427.06535199999996,220.864418,331.59546099999994,-1.0653519999999617,1.1355819999999994,0.4045390000000566,1.6087800238531564,74.75961476626267
1183.0,323.0,198.0,339.0,357.0,215.0,354.0,323.43633300000005,197.712348,338.75544799999994,-0.4363330000000474,0.28765200000000846,0.2445520000000556,0.5770059277833057,40.8656334834051
1184.0,206.0,234.0,341.0,206.0,210.0,355.0,204.81463399999998,233.07729799999998,340.47452699999997,1.1853660000000161,0.9227020000000152,0.5254730000000336,1.5914123942237919,27.784887978899608
1185.0,290.0,126.0,343.0,346.0,119.0,357.0,289.92206500000003,125.997135,342.43076599999995,0.07793499999996811,0.0028649999999998954,0.5692340000000513,0.5745514939551141,58.146367040426526
1186.0,447.0,330.0,343.0,449.0,416.0,363.0,447.334727,330.0939,343.19945599999994,-0.3347269999999867,-0.09390000000001919,-0.199455999999941,0.4008017845082169,88.31760866327846
1187.0,323.0,189.0,347.0,361.0,204.0,363.0,323.76189899999997,188.21340800000002,346.24091599999997,-0.7618989999999712,0.7865919999999846,0.7590840000000298,1.3324509670982183,43.87482193696061
1188.0,271.0,91.0,348.0,338.0,71.0,364.0,271.27216799999997,90.84351,348.78943499999997,-0.2721679999999651,0.15649000000000513,-0.789434999999969,0.8495717506773243,71.72865536171719
1189.0,394.0,142.0,349.0,460.0,177.0,367.0,393.692743,141.543359,349.293528,0.3072569999999928,0.4566409999999905,-0.2935279999999807,0.6237680287686886,76.84399781375251
1190.0,206.0,230.0,349.0,208.0,207.0,365.0,205.678079,230.324927,348.69427599999995,0.32192100000000323,-0.3249270000000024,0.30572400000005473,0.5501616578298029,28.089143810376278
1191.0,276.0,87.0,350.0,346.0,69.0,366.0,276.985656,87.230042,350.407991,-0.9856560000000059,-0.23004199999999742,-0.40799099999998134,1.0912807742194468,74.02702209328699
1192.0,409.0,267.0,350.0,430.0,329.0,371.0,409.99281299999996,267.501099,350.90826999999996,-0.9928129999999555,-0.5010990000000106,-0.908269999999959,1.435873341792321,68.74590896918885
1193.0,248.0,255.0,351.0,248.0,252.0,369.0,248.51086000000004,254.93989399999998,351.208061,-0.5108600000000365,0.06010600000001887,-0.2080609999999865,0.5548693995500508,18.24828759089466
1194.0,390.0,134.0,352.0,459.0,167.0,370.0,390.339307,134.06166000000002,351.87790199999995,-0.33930700000001934,-0.06166000000001759,0.12209800000005089,0.3658402895431662,78.57480512225277
1195.0,450.0,300.0,354.0,464.0,382.0,376.0,450.25542099999996,299.90212299999996,354.178572,-0.2554209999999557,0.09787700000003952,-0.1785719999999742,0.3266615275081776,86.04649905719582
1196.0,308.0,64.0,363.0,390.0,54.0,381.0,307.404608,64.286984,362.636105,0.5953920000000039,-0.2869840000000039,0.3638950000000136,0.7545005108977838,84.545845551393
1197.0,361.0,132.0,363.0,425.0,153.0,383.0,360.39350400000006,132.145991,362.888629,0.606495999999936,-0.1459910000000093,0.11137100000001965,0.6336830988261636,70.26378868236469
1198.0,415.0,389.0,363.0,389.0,471.0,388.0,415.259807,388.67458999999997,363.35772599999996,-0.25980700000002344,0.3254100000000335,-0.3577259999999569,0.5489619626394922,89.58236433584459
1199.0,264.0,393.0,363.0,212.0,417.0,386.0,263.65112999999997,392.68776199999996,363.35282499999994,0.34887000000003354,0.3122380000000362,-0.3528249999999389,0.5862493719988132,61.71709649683789
1200.0,454.0,375.0,365.0,439.0,470.0,391.0,453.877247,374.93349,365.55024,0.12275299999998879,0.06650999999999385,-0.5502399999999739,0.5676759081632473,99.62931295557549
1201.0,275.0,380.0,365.0,230.0,407.0,388.0,275.051892,380.258622,365.01210299999997,-0.051892000000009375,-0.25862200000000257,-0.012102999999967778,0.264054163301777,57.29746940310715
1202.0,346.0,25.0,366.0,450.0,23.0,385.0,345.99051699999995,24.643467000000015,365.953674,0.00948300000004565,0.35653299999998467,0.04632600000002185,0.3596551204334396,105.74024777727732
1203.0,278.0,370.0,366.0,238.0,396.0,389.0,278.413118,369.64121,365.91953499999994,-0.4131179999999972,0.35878999999999905,0.08046500000006063,0.5530563825226202,52.96225070746144
1204.0,384.0,100.0,367.0,465.0,125.0,387.0,384.220224,100.031271,366.281261,-0.22022399999997333,-0.031271000000003824,0.7187390000000278,0.7523710758249738,87.0976463516667
1205.0,241.0,254.0,367.0,240.0,248.0,387.0,241.41620999999998,254.088108,366.05123899999995,-0.4162099999999782,-0.0881080000000054,0.9487610000000473,1.0397794087618164,20.904544960366874
1206.0,234.0,314.0,368.0,208.0,314.0,391.0,233.77155199999999,313.733358,368.712453,0.22844800000001442,0.2666419999999903,-0.7124529999999822,0.7942768548037744,34.713109915419565
1207.0,284.0,361.0,368.0,248.0,389.0,392.0,284.387896,361.632276,368.406643,-0.387896000000012,-0.6322759999999903,-0.4066429999999741,0.8459283518365938,51.536394906900505
1208.0,311.0,61.0,369.0,395.0,51.0,388.0,310.57194499999997,60.72537799999999,368.380752,0.42805500000002894,0.2746220000000079,0.6192480000000273,0.8013216653835481,86.70063436907483
1209.0,335.0,26.0,371.0,435.0,20.0,392.0,333.617594,26.27930099999999,371.80950099999995,1.3824060000000031,-0.2793009999999896,-0.8095009999999547,1.626144909421645,102.35721762533407
1210.0,255.0,244.0,372.0,260.0,241.0,394.0,255.197314,243.519946,371.760657,-0.19731400000000576,0.48005399999999554,0.2393430000000194,0.5715502857675843,22.759613353482084
1211.0,366.0,335.0,372.0,353.0,389.0,397.0,366.0195059999999,334.395081,371.92032299999994,-0.01950599999992164,0.6049189999999953,0.07967700000006062,0.6104554897173101,60.909769331364245
1212.0,318.0,400.0,374.0,272.0,446.0,400.0,317.94894899999997,399.77011500000003,374.14280399999996,0.05105100000002949,0.22988499999996748,-0.14280399999995552,0.27540207014831125,70.05711955254797
1213.0,367.0,323.0,375.0,359.0,377.0,401.0,367.59349599999996,323.54991299999995,375.30933699999997,-0.5934959999999592,-0.5499129999999468,-0.3093369999999709,0.8662165948271108,60.4648658313239
1214.0,268.0,237.0,376.0,277.0,238.0,400.0,267.679758,236.830003,376.61912099999995,0.32024200000000747,0.16999699999999507,-0.6191209999999501,0.7174710664646633,25.65151067676132
1215.0,331.0,426.0,377.0,277.0,481.0,404.0,330.982705,425.709412,376.971544,0.01729499999999007,0.29058800000001384,0.028456000000005588,0.29248973777725606,81.67006795638167
1216.0,282.0,385.0,378.0,237.0,417.0,406.0,283.257435,386.388422,379.60335,-1.2574349999999868,-1.3884219999999914,-1.6033499999999776,2.4656823907001626,61.91122676865643
1217.0,328.0,336.0,386.0,309.0,376.0,414.0,328.600126,335.894743,386.25250099999994,-0.6001259999999888,0.1052569999999946,-0.25250099999993836,0.6595354478160779,52.392747589718944
1218.0,292.0,262.0,387.0,293.0,278.0,416.0,290.67103000000003,263.914779,389.160217,1.3289699999999698,-1.91477900000001,-2.1602169999999887,3.177904555966071,33.13608305156178
1219.0,413.0,350.0,387.0,400.0,425.0,416.0,412.08389999999997,350.344968,386.79567099999997,0.9161000000000286,-0.3449679999999944,0.20432900000002974,0.999996235625445,81.4555093287127
1220.0,425.0,209.0,388.0,470.0,267.0,416.0,425.33840399999997,209.369126,388.308703,-0.3384039999999686,-0.3691259999999943,-0.30870299999997997,0.5882761369467252,78.56844150166147
1221.0,301.0,402.0,389.0,251.0,442.0,418.0,300.75313,402.296665,389.058249,0.24687000000000126,-0.2966650000000186,-0.05824899999998934,0.39031764644454703,70.2922470831599
1222.0,313.0,436.0,389.0,254.0,486.0,418.0,314.53987700000005,435.710285,388.51185599999997,-1.5398770000000468,0.28971500000000106,0.4881440000000339,1.641170472891277,82.59539938761722
1223.0,321.0,384.0,390.0,282.0,428.0,419.0,321.204584,383.37084000000004,389.87394099999995,-0.2045840000000112,0.6291599999999562,0.12605900000005477,0.6734892650495353,65.55913361233506
1224.0,254.0,331.0,394.0,226.0,341.0,421.0,255.05889499999995,330.334065,392.871588,-1.05889499999995,0.6659349999999904,1.1284120000000257,1.684648831951021,40.162171256046406
1225.0,291.0,426.0,395.0,231.0,465.0,425.0,291.264424,425.436953,394.628857,-0.26442400000001953,0.5630469999999832,0.37114300000001776,0.7243542658354436,77.59510293826537
1226.0,318.0,426.0,397.0,262.0,475.0,428.0,317.982544,425.18173,396.794563,0.017455999999981486,0.8182699999999841,0.20543700000001763,0.843845285467058,80.61017305526642
1227.0,293.0,429.0,397.0,232.0,470.0,428.0,293.370369,429.092295,397.021528,-0.3703689999999824,-0.0922949999999787,-0.021527999999989333,0.3823022599592926,79.76841480184999
1228.0,249.0,334.0,398.0,217.0,342.0,431.0,248.416625,333.548762,401.10432999999995,0.5833749999999895,0.45123799999998937,-3.1043299999999476,3.190737668967578,46.65833258915282
1229.0,390.0,394.0,398.0,358.0,467.0,430.0,390.511034,394.036812,397.996161,-0.5110339999999951,-0.036811999999997624,0.0038390000000276814,0.5123725309001206,85.8894638474359
1230.0,432.0,201.0,401.0,480.0,259.0,432.0,431.170462,200.711422,401.46102499999995,0.8295380000000137,0.2885780000000011,-0.4610249999999496,0.9919448604398214,81.4186710773395
1231.0,309.0,432.0,405.0,249.0,479.0,438.0,309.013293,431.767272,405.013424,-0.013292999999976018,0.2327280000000087,-0.013423999999986336,0.23349353226375041,83.05419917138447
1232.0,444.0,386.0,406.0,424.0,480.0,442.0,445.287121,387.10628299999996,407.30645999999996,-1.2871210000000133,-1.1062829999999622,-1.3064599999999587,2.141817050153874,102.62553288534
1233.0,464.0,359.0,409.0,457.0,453.0,443.0,463.90796000000006,357.558167,408.26754099999994,0.09203999999994039,1.4418329999999742,0.7324590000000626,1.6198302220201988,100.20479030465559
1234.0,317.0,423.0,409.0,262.0,472.0,443.0,317.33720800000003,422.998468,409.12280499999997,-0.33720800000003237,0.0015319999999974243,-0.12280499999997119,0.3588769292013834,81.12952606788727
1235.0,408.0,387.0,410.0,380.0,466.0,444.0,407.471649,387.68073100000004,409.358552,0.5283509999999865,-0.6807310000000371,0.6414480000000253,1.0742462521536058,90.44888059008801
1236.0,396.0,374.0,412.0,372.0,446.0,446.0,396.06650299999995,374.237073,411.28275399999995,-0.06650299999995468,-0.23707300000000942,0.7172460000000456,0.7583324342622197,83.16249154516716
1237.0,254.0,334.0,415.0,223.0,344.0,448.0,253.75324999999998,333.71160899999995,414.97797299999996,0.24675000000002,0.2883910000000469,0.022027000000036878,0.3801843238615166,46.36809247747852
1238.0,387.0,362.0,416.0,366.0,429.0,452.0,387.03265,362.64452,416.437621,-0.03264999999998963,-0.64452,-0.4376209999999787,0.7797334111996104,78.90500617831546
1239.0,304.0,439.0,416.0,240.0,485.0,451.0,303.699955,438.897183,415.644396,0.30004500000001144,0.10281700000001592,0.355604000000028,0.4765003067470472,86.23804264940155
1240.0,321.0,415.0,422.0,269.0,464.0,459.0,320.83822699999996,415.12037999999995,422.29180399999996,0.16177300000003925,-0.12037999999995463,-0.29180399999995643,0.3546990588442213,80.46117075956576
1241.0,350.0,421.0,424.0,301.0,482.0,462.0,350.416216,420.82223700000003,424.35563899999994,-0.4162160000000199,0.17776299999997036,-0.35563899999993964,0.575599288694803,86.98275691193054
1242.0,320.0,432.0,425.0,258.0,484.0,462.0,317.525371,433.550971,424.57059799999996,2.474628999999993,-1.550971000000004,0.4294020000000387,2.9518952908404477,88.97752525216691
1243.0,308.0,433.0,425.0,248.0,479.0,463.0,308.46250499999996,432.27396899999997,425.505858,-0.46250499999996464,0.7260310000000345,-0.5058579999999893,0.9984609176878214,84.61678320522472
1244.0,408.0,355.0,426.0,393.0,428.0,464.0,407.860232,354.969333,426.133267,0.13976800000000367,0.030666999999994005,-0.13326699999998937,0.1955393873417778,83.65404951345751
1245.0,322.0,431.0,426.0,265.0,483.0,464.0,322.72220300000004,430.974494,426.18267399999996,-0.7222030000000359,0.025506000000007134,-0.18267399999996314,0.7453841422521938,86.00581375697809
1246.0,409.0,355.0,428.0,394.0,428.0,466.0,408.655343,354.729207,427.76665799999995,0.3446569999999838,0.27079300000002604,0.23334200000005012,0.4965539099252228,83.65404951345751
1247.0,250.0,364.0,428.0,206.0,378.0,464.0,249.540951,364.709447,427.77475,0.45904899999999316,-0.7094470000000115,0.22525000000001683,0.8745162049442066,58.54912467321779
1248.0,349.0,322.0,429.0,338.0,367.0,466.0,349.260838,321.87778000000003,428.81234099999995,-0.26083799999997836,0.12221999999997024,0.1876590000000533,0.34378785744264073,59.28743543112655
1249.0,328.0,83.0,430.0,406.0,83.0,463.0,328.12918699999994,83.47506899999999,429.39498,-0.12918699999994487,-0.47506899999999064,0.6050200000000245,0.7800186126817786,84.69356528095862
1250.0,349.0,312.0,432.0,341.0,355.0,470.0,348.50378900000004,311.812228,432.21803199999994,0.49621099999995977,0.1877719999999954,-0.21803199999993694,0.5736040738426906,57.9396237474839
1251.0,406.0,358.0,432.0,389.0,431.0,471.0,405.596594,358.409289,431.855711,0.40340600000001814,-0.4092890000000011,0.14428900000001477,0.592514305209604,84.49260322655469
1252.0,404.0,354.0,433.0,389.0,425.0,473.0,404.05255,353.766321,433.566895,-0.052549999999996544,0.23367899999999509,-0.5668949999999882,0.6154163782074571,82.86132994346639
1253.0,346.0,367.0,437.0,316.0,418.0,476.0,345.53524899999996,367.326763,436.51539999999994,0.4647510000000352,-0.3267630000000281,0.4846000000000572,0.7467293419774708,70.8660708661063
1254.0,398.0,346.0,438.0,385.0,415.0,478.0,398.386173,347.083984,437.80689599999994,-0.3861729999999852,-1.0839839999999867,0.19310400000006211,1.1668076332459363,80.8084154033477
1255.0,352.0,313.0,439.0,344.0,358.0,480.0,351.706389,313.462699,440.359988,0.2936109999999985,-0.4626989999999864,-1.359987999999987,1.4662418436485678,61.40032573203501
1256.0,358.0,162.0,441.0,410.0,185.0,479.0,357.938437,161.859687,441.25636599999996,0.061562999999978274,0.14031299999999192,-0.25636599999995724,0.29866581139121556,68.38859554048467
1257.0,209.0,434.0,69.0,136.0,448.0,28.0,209.42966700000002,432.994189,70.03005,-0.42966700000002334,1.0058109999999942,-1.0300500000000028,1.502422211334089,84.88816171881683
1258.0,348.0,228.0,80.0,374.0,264.0,38.0,346.54356299999995,228.253487,79.116934,1.4564370000000508,-0.2534870000000069,0.8830659999999995,1.7219959217414398,61.1228271597445
1259.0,379.0,128.0,89.0,452.0,162.0,52.0,380.720849,128.855555,91.38396,-1.720848999999987,-0.8555550000000096,-2.383960000000002,3.062117065108057,88.6227961644181
1260.0,214.0,88.0,100.0,275.0,52.0,61.0,214.631719,89.458666,101.06746799999999,-0.6317190000000039,-1.4586659999999938,-1.067467999999991,1.9147488935996195,80.85790004693419
1261.0,383.0,106.0,101.0,464.0,136.0,66.0,383.402409,105.670219,103.102916,-0.40240899999997737,0.329780999999997,-2.1029159999999933,2.1663204320455347,93.19871243745806
1262.0,389.0,290.0,116.0,400.0,350.0,84.0,389.55285699999996,288.783207,115.63289599999999,-0.5528569999999604,1.2167929999999956,0.36710400000001187,1.3860019531421859,68.8839603971781
1263.0,303.0,279.0,195.0,304.0,306.0,176.0,304.336409,280.44599900000003,192.08797599999997,-1.3364090000000033,-1.445999000000029,2.912024000000031,3.515222027107004,33.03028912982749
1264.0,405.0,369.0,240.0,386.0,448.0,237.0,405.57415799999995,370.089646,239.910575,-0.5741579999999544,-1.089646000000016,0.08942500000000564,1.2349018766302786,81.30805618141414
1265.0,245.0,319.0,244.0,220.0,328.0,238.0,245.35620899999998,319.983991,243.09752399999996,-0.35620899999997846,-0.9839910000000032,0.9024760000000356,1.3818777334981758,27.23967694375247
1266.0,465.0,322.0,257.0,473.0,416.0,258.0,465.03289399999994,322.820307,257.021165,-0.032893999999942025,-0.8203070000000139,-0.021164999999996326,0.8212390314092596,94.34511116109833
1267.0,327.0,410.0,286.0,282.0,463.0,293.0,329.17690500000003,409.326007,286.19872599999997,-2.1769050000000334,0.6739929999999958,-0.1987259999999651,2.2875038723792636,69.87846592477543
1268.0,416.0,389.0,362.0,388.0,470.0,386.0,414.204339,388.13759699999997,361.73637399999996,1.7956609999999955,0.8624030000000289,0.26362600000004477,2.0093869784603604,89.0
1269.0,396.0,379.0,389.0,368.0,452.0,422.0,394.303417,379.702323,391.56535599999995,1.6965829999999755,-0.7023229999999785,-2.5653559999999516,3.1547904651424377,84.86459803710851
1270.0,350.0,311.0,431.0,342.0,356.0,470.0,349.54115900000005,312.329475,432.200434,0.4588409999999499,-1.3294750000000022,-1.200433999999973,1.849075614262947,60.08327554319921
1271.0,401.0,364.0,435.0,384.0,436.0,474.0,403.04046099999994,363.62386300000003,434.28173599999997,-2.0404609999999366,0.3761369999999715,0.7182640000000333,2.1956464444408548,83.6301381082203
1272.0,308.0,348.0,66.0,282.0,386.0,24.0,306.69523499999997,346.832007,66.686954,1.3047650000000317,1.167993000000024,-0.6869540000000001,1.8810967947955626,62.321745803531535
1273.0,296.0,280.0,72.0,296.0,304.0,30.0,296.27843700000005,279.529279,72.513176,-0.27843700000005356,0.4707210000000259,-0.5131760000000014,0.7499700192581406,48.373546489791295
1274.0,222.0,372.0,72.0,174.0,382.0,30.0,221.790697,371.84894499999996,72.252332,0.20930300000000557,0.15105500000004213,-0.25233199999999556,0.3609664763631283,64.5600495662759
1275.0,220.0,148.0,80.0,260.0,122.0,38.0,220.99338699999998,147.527997,81.46019799999999,-0.9933869999999843,0.47200300000000084,-1.4601979999999912,1.8280543654339014,63.56099432828282
1276.0,416.0,204.0,80.0,464.0,264.0,38.0,416.47473299999996,204.865007,78.616624,-0.4747329999999579,-0.8650069999999914,1.3833759999999984,1.6992167868503243,87.56711711595854
1277.0,348.0,228.0,80.0,376.0,264.0,40.0,348.115687,227.753489,80.744766,-0.11568699999997989,0.24651099999999815,-0.7447659999999985,0.7929864751973972,60.663003552412405
1278.0,278.0,296.0,82.0,268.0,316.0,42.0,277.754945,296.249599,82.35806,0.24505499999997937,-0.24959899999998925,-0.3580599999999947,0.500558265765316,45.8257569495584
1279.0,266.0,384.0,84.0,218.0,412.0,44.0,263.91666499999997,383.866369,83.119216,2.0833350000000337,0.13363099999997985,0.8807840000000056,2.2658160607256153,68.46897107449476
1280.0,354.0,226.0,88.0,386.0,262.0,52.0,355.473691,223.71900699999998,90.546954,-1.4736909999999739,2.2809930000000236,-2.5469539999999995,3.7231262277347015,60.13318551349163
1281.0,256.0,340.0,88.0,226.0,358.0,50.0,256.12778499999996,339.882205,88.6417,-0.1277849999999603,0.11779500000000098,-0.6417000000000002,0.6648184400646467,51.65268628057983
1282.0,156.0,114.0,90.0,198.0,58.0,48.0,156.246223,114.003175,90.770102,-0.24622299999998631,-0.0031749999999988177,-0.7701019999999943,0.8085127931937653,81.6333265278342
1283.0,196.0,434.0,90.0,120.0,444.0,50.0,196.155109,434.260871,88.1956,-0.15510900000001016,-0.26087100000000873,1.8044000000000011,1.8297463869405541,86.46386528486914
1284.0,314.0,52.0,92.0,406.0,46.0,50.0,314.758741,50.644116999999994,91.39724799999999,-0.7587409999999863,1.3558830000000057,0.6027520000000095,1.6665583062929439,101.31140113531151
1285.0,346.0,362.0,98.0,322.0,418.0,62.0,346.451041,361.680109,97.21939599999999,-0.45104099999997516,0.31989099999998416,0.780604000000011,0.9566142589246642,70.76722405181653
1286.0,394.0,230.0,104.0,428.0,284.0,70.0,393.998973,230.078715,104.799168,0.0010270000000218715,-0.07871499999998832,-0.7991679999999945,0.8030358635689875,72.30490993010088
1287.0,230.0,332.0,108.0,198.0,338.0,72.0,229.363359,331.833447,107.066582,0.6366409999999973,0.1665530000000217,0.9334180000000032,1.1420686614271534,48.53864439804639
1288.0,352.0,364.0,110.0,322.0,422.0,80.0,347.65535100000005,364.966299,111.92178999999999,4.344648999999947,-0.9662989999999922,-1.9217899999999872,4.847987777903476,71.86097689288673
1289.0,316.0,252.0,114.0,330.0,280.0,82.0,316.918859,252.556171,115.225806,-0.9188589999999976,-0.5561710000000062,-1.2258060000000057,1.629793972487939,44.76605857119878
1290.0,398.0,228.0,118.0,432.0,282.0,88.0,396.749193,227.66270300000002,119.55156,1.2508070000000089,0.3372969999999782,-1.551559999999995,2.021293113592878,70.51241025521678
1291.0,318.0,246.0,118.0,334.0,272.0,86.0,317.980251,245.339223,118.577782,0.019748999999990247,0.660776999999996,-0.5777819999999991,0.8779796730300726,44.22668877499196
1292.0,324.0,250.0,118.0,340.0,280.0,86.0,324.725185,249.996943,118.448116,-0.7251850000000104,0.003057000000012522,-0.44811599999999885,0.8524732130278431,46.69047011971501
1293.0,234.0,374.0,118.0,186.0,388.0,84.0,233.16564100000002,373.926337,116.36504,0.8343589999999779,0.07366300000001047,1.6349600000000066,1.8370289546030532,60.4648658313239
1294.0,230.0,388.0,118.0,178.0,406.0,84.0,231.635963,389.99345500000004,116.19281,-1.6359630000000038,-1.99345500000004,1.8071900000000056,3.148995628846473,64.68384651518491
1295.0,258.0,134.0,122.0,308.0,120.0,88.0,258.221747,133.993553,122.191194,-0.22174699999999348,0.006447000000008529,-0.19119399999999587,0.2928624958133008,62.0644825967316
1296.0,340.0,142.0,126.0,400.0,160.0,94.0,340.175517,141.229327,126.115056,-0.17551700000001347,0.770672999999988,-0.1150559999999956,0.7987371115417043,70.3420215802759
1297.0,334.0,202.0,126.0,368.0,228.0,94.0,333.01537700000006,202.389323,125.47429199999999,0.9846229999999423,-0.3893229999999903,0.5257080000000087,1.1821267917283187,53.44155686354955
1298.0,370.0,202.0,126.0,412.0,242.0,96.0,370.86704499999996,201.854367,126.70009999999999,-0.8670449999999619,0.14563300000000368,-0.700099999999992,1.1238843413420812,65.29931086925804
1299.0,320.0,178.0,128.0,364.0,194.0,98.0,321.09138299999995,177.046257,129.183754,-1.0913829999999507,0.9537430000000029,-1.1837539999999933,1.8713674399363376,55.60575509783138
1300.0,266.0,252.0,128.0,272.0,258.0,96.0,266.25093699999996,250.670351,127.285736,-0.2509369999999649,1.3296489999999892,0.714264,1.530068267387424,33.1058907144937
1301.0,260.0,350.0,128.0,226.0,370.0,98.0,259.686421,349.68153700000005,127.832032,0.31357900000000427,0.31846299999995153,0.1679680000000019,0.47745546455556714,49.558046773455466
1302.0,382.0,160.0,132.0,440.0,198.0,102.0,381.221995,160.44395300000002,131.991014,0.7780050000000074,-0.4439530000000218,0.008985999999993055,0.895805109624873,75.55130707009641
1303.0,220.0,172.0,132.0,248.0,150.0,102.0,219.538363,173.037665,133.636214,0.4616369999999961,-1.037665000000004,-1.6362139999999954,1.9917463758696763,46.561786907291264
1304.0,334.0,120.0,134.0,400.0,132.0,102.0,332.95791299999996,119.548979,133.007948,1.0420870000000377,0.45102099999999723,0.992052000000001,1.507823739272624,74.32361670424818
1305.0,390.0,96.0,136.0,476.0,126.0,106.0,390.484955,95.175485,135.935598,-0.48495500000001357,0.8245150000000052,0.06440200000000118,0.9587251717014745,95.89577675789482
1306.0,356.0,102.0,136.0,434.0,120.0,106.0,356.288267,101.427395,136.24131,-0.2882670000000189,0.5726049999999958,-0.24130999999999858,0.6849853030642375,85.48684109265004
1307.0,416.0,382.0,136.0,394.0,468.0,110.0,415.848179,382.299179,135.551998,0.151820999999984,-0.299178999999981,0.44800200000000245,0.5596994569284358,92.49864863877742
1308.0,358.0,100.0,138.0,436.0,120.0,108.0,357.860391,100.927397,137.869142,0.1396090000000072,-0.9273969999999991,0.13085799999998926,0.9469317212207,85.93020423576334
1309.0,26.0,172.0,138.0,24.0,74.0,106.0,25.736514999999997,172.227441,139.074294,0.26348500000000286,-0.2274409999999989,-1.074294000000009,1.129274701807324,103.11159003720194
1310.0,372.0,106.0,142.0,450.0,130.0,114.0,371.396437,105.119617,142.587776,0.6035630000000083,0.8803829999999948,-0.587775999999991,1.2185414017726235,86.27861844049197
1311.0,276.0,102.0,146.0,340.0,90.0,116.0,275.528825,102.640523,145.319776,0.47117500000001655,-0.6405230000000017,0.6802240000000097,1.0464130562689054,71.69379331573968
1312.0,366.0,208.0,152.0,404.0,248.0,128.0,366.502651,208.911993,152.895538,-0.5026510000000144,-0.9119929999999954,-0.8955379999999877,1.3734546112973607,60.166435825965294
1313.0,360.0,238.0,154.0,386.0,280.0,130.0,360.865939,238.477243,154.249302,-0.8659390000000258,-0.4772429999999872,-0.24930200000000013,1.0196875599780713,54.91812087098393
1314.0,356.0,244.0,154.0,378.0,284.0,130.0,355.69126300000005,243.664695,154.24561799999998,0.30873699999995097,0.3353050000000053,-0.24561799999997902,0.5177607363618479,51.57518783291051
1315.0,316.0,208.0,156.0,346.0,228.0,130.0,316.24685500000004,208.46193499999998,155.09769,-0.24685500000003913,-0.46193499999998267,0.90231,1.0433046876871603,44.45222154178574
1316.0,204.0,394.0,158.0,144.0,400.0,134.0,204.107829,394.66003900000004,157.4278,-0.1078290000000095,-0.6600390000000402,0.5722000000000094,0.8801655609952401,64.89992295835181
1317.0,300.0,176.0,162.0,340.0,184.0,138.0,300.201461,175.906915,162.21656,-0.20146099999999478,0.09308500000000208,-0.21655999999998699,0.3100799660506829,47.32863826479693
1318.0,54.0,156.0,164.0,62.0,66.0,136.0,53.451623000000005,156.431543,163.543614,0.548376999999995,-0.4315430000000049,0.45638600000000906,0.8338074573749068,94.59386872308374
1319.0,374.0,290.0,166.0,382.0,344.0,146.0,374.565519,289.410315,166.612642,-0.5655189999999948,0.5896849999999745,-0.6126419999999939,1.0212102421881386,58.137767414994535
1320.0,194.0,430.0,170.0,118.0,438.0,150.0,193.94384100000002,431.105201,170.226452,0.05615899999997964,-1.1052010000000223,-0.22645199999999477,1.1295590254546437,78.99367063252599
1321.0,444.0,284.0,176.0,466.0,364.0,160.0,445.168437,283.261669,177.37755599999997,-1.168436999999983,0.7383310000000165,-1.37755599999997,1.9514195401465833,84.49852069711044
1322.0,174.0,144.0,178.0,204.0,96.0,154.0,171.76106099999998,143.021003,177.143616,2.238939000000016,0.9789969999999926,0.8563839999999914,2.589339013568143,61.48170459575759
1323.0,322.0,38.0,180.0,418.0,32.0,158.0,321.415191,37.71227099999999,180.002386,0.584809000000007,0.287729000000013,-0.0023860000000013315,0.6517631754847889,98.67117106835208
1324.0,376.0,78.0,180.0,466.0,100.0,158.0,376.416091,78.08250699999999,178.916902,-0.41609099999999444,-0.08250699999999256,1.0830980000000068,1.1632026491261138,95.2260468569393
1325.0,438.0,354.0,180.0,430.0,442.0,162.0,437.521913,353.252089,178.27758799999998,0.47808700000001636,0.7479109999999878,1.7224120000000198,1.9376896400698604,90.17760254076397
1326.0,344.0,126.0,186.0,410.0,142.0,166.0,343.910749,125.35332100000001,185.278368,0.0892509999999902,0.6466789999999918,0.7216319999999996,0.9730941441946853,70.79548008171143
1327.0,312.0,96.0,194.0,384.0,94.0,176.0,311.301765,94.907011,194.19552399999998,0.698235000000011,1.0929890000000029,-0.1955239999999776,1.3116351260628898,74.24284477308234
1328.0,254.0,194.0,198.0,280.0,188.0,182.0,255.02026500000005,195.042123,198.55884399999997,-1.0202650000000517,-1.0421230000000037,-0.558843999999965,1.5618154928448091,31.11269837220809
1329.0,360.0,272.0,198.0,372.0,316.0,184.0,359.84925499999997,270.62487699999997,198.145374,0.150745000000029,1.3751230000000305,-0.1453740000000039,1.3909784038690514,47.70744176750625
1330.0,384.0,282.0,198.0,396.0,338.0,184.0,384.225421,281.48456699999997,197.7471,-0.225420999999983,0.51543300000003,0.252900000000011,0.6168016007842626,58.957611891934704
1331.0,412.0,258.0,200.0,438.0,322.0,186.0,412.71235299999995,258.155785,199.345196,-0.7123529999999505,-0.1557849999999803,0.6548040000000128,0.9800428772507558,70.48404074682438
1332.0,354.0,228.0,202.0,382.0,264.0,188.0,354.117017,227.655461,201.99371200000002,-0.11701699999997572,0.3445389999999975,0.00628799999998364,0.36392257384503146,47.70744176750625
1333.0,192.0,218.0,208.0,198.0,190.0,194.0,191.93450099999998,218.024341,208.82430399999998,0.06549900000001685,-0.02434099999999262,-0.8243039999999837,0.8272603506139861,31.874754901018456
1334.0,412.0,238.0,210.0,444.0,298.0,194.0,411.198255,238.024681,206.15657799999997,0.8017449999999826,-0.024680999999986852,3.8434220000000323,3.9262318916322583,69.85699678629192
1335.0,294.0,244.0,214.0,306.0,260.0,202.0,294.149287,244.435479,213.937002,-0.14928700000001527,-0.4354789999999866,0.06299799999999323,0.4646475178175302,23.323807579381203
1336.0,292.0,246.0,216.0,302.0,262.0,206.0,291.598145,247.068697,217.21305999999998,0.40185500000001184,-1.068696999999986,-1.2130599999999845,1.6658677265719335,21.354156504062622
1337.0,106.0,130.0,218.0,134.0,54.0,204.0,106.88760699999999,129.06669499999998,219.012134,-0.8876069999999885,0.9333050000000185,-1.0121340000000032,1.638084138080221,82.19489035213807
1338.0,314.0,286.0,218.0,312.0,314.0,208.0,312.924937,284.899911,218.170392,1.075063,1.1000890000000254,-0.17039199999999255,1.5475754248352658,29.79932885150268
1339.0,104.0,212.0,224.0,98.0,148.0,210.0,103.44299099999999,211.530511,222.99744199999998,0.5570090000000079,0.46948900000001004,1.0025580000000218,1.2392745823932894,65.7875368135941
1340.0,372.0,80.0,226.0,460.0,100.0,216.0,372.278855,80.214373,226.479806,-0.2788550000000214,-0.21437299999999482,-0.4798059999999964,0.594919903676122,90.79647570252934
1341.0,396.0,342.0,228.0,386.0,412.0,222.0,396.065571,341.96526700000004,228.051854,-0.06557099999997718,0.03473299999996016,-0.05185399999999163,0.09052499459261719,70.96477999684069
1342.0,382.0,304.0,232.0,384.0,362.0,226.0,381.52989099999996,303.668553,231.94282199999998,0.4701090000000363,0.3314470000000256,0.05717800000002171,0.5780388476340094,58.34380858325929
1343.0,334.0,154.0,236.0,388.0,170.0,228.0,334.667497,153.441963,235.87102399999998,-0.6674970000000258,0.558037000000013,0.12897600000002285,0.8795409865117456,56.88585061331157
1344.0,236.0,306.0,236.0,216.0,310.0,228.0,237.471241,306.936607,235.14171199999998,-1.471240999999992,-0.9366069999999809,0.8582880000000159,1.9438212478193484,21.908902300206645
1345.0,202.0,392.0,236.0,142.0,394.0,230.0,201.860365,391.464877,236.18075199999998,0.1396349999999984,0.5351229999999987,-0.18075199999998404,0.5818297378597903,60.332412515993425
1346.0,314.0,112.0,252.0,382.0,112.0,248.0,315.085693,110.125753,252.99214,-1.085692999999992,1.8742469999999969,-0.9921400000000062,2.382409051119892,68.11754546370561
1347.0,368.0,262.0,252.0,386.0,308.0,250.0,369.241815,261.421335,252.24921,-1.2418149999999741,0.5786650000000009,-0.24921000000000504,1.3925025316134758,49.4368283772331
1348.0,248.0,266.0,252.0,244.0,266.0,246.0,247.934779,265.644669,250.266326,0.06522100000000819,0.3553309999999783,1.7336740000000077,1.7709148586755978,7.211102550927978
1349.0,466.0,314.0,252.0,478.0,406.0,252.0,466.26009500000004,313.690519,252.19691,-0.26009500000003527,0.3094810000000052,-0.19691000000000258,0.44966815151400547,92.77930803794561
1350.0,244.0,306.0,254.0,224.0,310.0,252.0,243.904521,305.094583,254.76463999999999,0.09547900000001164,0.9054169999999999,-0.7646399999999858,1.1889367152754515,20.493901531919196
1351.0,266.0,210.0,258.0,286.0,208.0,256.0,265.55910900000003,209.755873,258.92586,0.44089099999996506,0.24412699999999177,-0.9258600000000001,1.0541345291802016,20.199009876724155
1352.0,414.0,238.0,264.0,446.0,298.0,266.0,413.403809,238.215793,265.14766,0.5961909999999762,-0.2157929999999908,-1.1476599999999735,1.3111574287361174,68.0294054067798
1353.0,404.0,278.0,264.0,422.0,340.0,266.0,405.690491,277.091719,264.775438,-1.6904910000000086,0.9082809999999881,-0.7754380000000083,2.0697918465116296,64.59102104782058
1354.0,384.0,232.0,270.0,416.0,278.0,270.0,384.922475,230.50906500000002,268.83311,-0.9224750000000199,1.490934999999979,1.1668900000000235,2.106057827304376,56.0357029044876
1355.0,354.0,260.0,278.0,370.0,300.0,282.0,355.016319,259.678271,278.657666,-1.01631900000001,0.3217290000000048,-0.6576660000000061,1.2525727231414674,43.266615305567875
1356.0,368.0,202.0,280.0,408.0,238.0,282.0,368.400679,201.621757,279.192842,-0.4006790000000251,0.37824299999999766,0.8071580000000154,0.9773000895600302,53.85164807134504
1357.0,434.0,350.0,280.0,426.0,436.0,286.0,433.97379499999994,350.853115,279.98695799999996,0.026205000000061318,-0.8531150000000025,0.013042000000041298,0.853617009562256,86.57944328765345
1358.0,344.0,256.0,284.0,358.0,290.0,288.0,343.142887,255.084783,283.761614,0.8571130000000267,0.9152170000000126,0.23838599999999133,1.2763591723547352,36.98648401781386
1359.0,208.0,268.0,290.0,194.0,252.0,292.0,205.855385,268.212761,288.40867199999997,2.1446149999999875,-0.21276100000000042,1.5913280000000327,2.6789859172698263,21.354156504062622
1360.0,110.0,164.0,292.0,122.0,94.0,290.0,108.755945,164.11899699999998,289.072132,1.244055000000003,-0.11899699999997893,2.9278679999999895,3.1834327626727004,71.04927867332644
1361.0,428.0,248.0,300.0,458.0,314.0,308.0,427.27373499999993,247.945899,299.30627799999996,0.726265000000069,0.05410100000000284,0.6937220000000366,1.0058021583344068,72.93833011524188
1362.0,278.0,58.0,320.0,358.0,36.0,328.0,277.374169,58.091477,319.59851999999995,0.6258310000000051,-0.09147699999999759,0.40148000000004913,0.7491452946458687,83.35466393669883
1363.0,46.0,160.0,320.0,52.0,64.0,326.0,46.88008899999999,159.351895,319.32353199999994,-0.880088999999991,0.6481049999999868,0.6764680000000567,1.285381536342437,96.37427042525407
1364.0,446.0,366.0,320.0,434.0,458.0,336.0,446.370203,366.364407,320.65137799999997,-0.3702030000000036,-0.36440700000002835,-0.6513779999999656,0.833148259160384,94.14881836751856
1365.0,38.0,188.0,324.0,32.0,90.0,332.0,38.163405000000004,184.813667,324.038548,-0.16340500000000446,3.1863329999999905,-0.03854799999999159,3.190753066161332,98.50888284819801
1366.0,244.0,166.0,332.0,278.0,148.0,344.0,244.517897,166.07653299999998,331.806472,-0.5178970000000049,-0.07653299999998353,0.1935280000000148,0.558146655890733,40.29888335921977
1367.0,390.0,232.0,334.0,420.0,280.0,350.0,389.275161,231.813655,334.344796,0.7248389999999745,0.18634499999998866,-0.3447959999999739,0.8240147550632456,58.82176467941097
1368.0,246.0,146.0,348.0,288.0,124.0,364.0,246.220439,145.024417,348.42931799999997,-0.22043899999999894,0.9755830000000003,-0.42931799999996656,1.0884252329553792,50.039984012787215
1369.0,352.0,364.0,348.0,324.0,418.0,366.0,350.755963,364.16175699999997,346.32867799999997,1.2440369999999916,-0.16175699999996596,1.671322000000032,2.08976329092605,63.43500610861482
1370.0,350.0,360.0,350.0,326.0,412.0,372.0,350.80214099999995,359.038537,351.30664399999995,-0.8021409999999491,0.9614629999999806,-1.3066439999999488,1.809740265061743,61.35144660071187
1371.0,390.0,134.0,352.0,458.0,166.0,372.0,389.32003499999996,133.56415900000002,353.53445,0.6799650000000383,0.43584099999998216,-1.5344499999999925,1.7340261188938342,77.76888838089432
1372.0,352.0,14.0,356.0,462.0,12.0,372.0,352.333109,12.848345000000009,355.36621999999994,-0.333108999999979,1.151654999999991,0.6337800000000584,1.356078144247609,111.17553687749837
1373.0,334.0,36.0,356.0,432.0,32.0,374.0,334.247957,36.206631,356.93116,-0.24795699999998533,-0.20663100000000156,-0.9311599999999771,0.9855140737756872,99.71960689854328
1374.0,238.0,370.0,366.0,192.0,382.0,388.0,239.016473,370.705783,365.52432,-1.0164729999999906,-0.7057829999999967,0.4756800000000112,1.3257520376065755,52.38320341483518
1375.0,344.0,150.0,368.0,398.0,168.0,388.0,343.364753,150.868685,366.95551199999994,0.6352469999999926,-0.8686849999999993,1.044488000000058,1.4997024912888925,60.332412515993425
1376.0,300.0,376.0,370.0,260.0,412.0,396.0,299.73645899999997,376.427041,371.340938,0.263541000000032,-0.42704099999997425,-1.3409379999999942,1.431758567009808,59.76621118993574
1377.0,374.0,110.0,378.0,450.0,132.0,404.0,374.541361,109.537025,380.21144799999996,-0.5413609999999949,0.46297500000000014,-2.2114479999999617,2.323342385368507,83.28265125462805
1378.0,328.0,304.0,382.0,320.0,338.0,408.0,327.19940900000006,303.446391,381.73198399999995,0.8005909999999403,0.5536089999999945,0.26801600000004555,1.0095847910987579,43.54308211415448
1379.0,292.0,380.0,406.0,250.0,412.0,438.0,292.346387,379.440427,405.81447799999995,-0.3463869999999929,0.5595730000000003,0.1855220000000486,0.6837574925234922,61.741396161732524
1380.0,414.0,386.0,410.0,390.0,464.0,446.0,414.73916299999996,383.547519,410.96599,-0.7391629999999623,2.4524809999999775,-0.9659899999999766,2.737546652758595,89.19641248391103
1381.0,324.0,72.0,412.0,404.0,68.0,440.0,322.461679,72.110949,410.73875799999996,1.5383209999999963,-0.11094900000000507,1.2612420000000384,1.9923535234004246,84.8528137423857
1382.0,284.0,382.0,412.0,240.0,410.0,446.0,284.127935,380.563893,412.44994599999995,-0.12793499999997948,1.4361069999999927,-0.44994599999995444,1.5103715048258601,62.25752966509352
1383.0,388.0,154.0,414.0,448.0,188.0,446.0,387.94738499999994,153.99009900000001,413.96633199999997,0.05261500000005981,0.00990099999998506,0.033668000000034226,0.06324478041710875,76.02631123499285
1384.0,340.0,92.0,416.0,418.0,98.0,446.0,341.204865,91.84554899999999,415.21661199999994,-1.2048649999999839,0.15445100000000878,0.783388000000059,1.4454243453636915,83.78544026261365
1385.0,280.0,408.0,416.0,226.0,440.0,450.0,281.096659,407.555163,415.44450199999994,-1.0966589999999883,0.4448370000000068,0.5554980000000569,1.3073327605678837,71.386273190299
1386.0,112.0,344.0,422.0,56.0,302.0,456.0,113.129477,344.55021899999997,422.967764,-1.1294769999999943,-0.55021899999997,-0.9677639999999883,1.585883476547357,77.82030583337487
1387.0,328.0,402.0,426.0,280.0,450.0,466.0,325.803715,401.451233,428.13552599999997,2.196284999999989,0.548766999999998,-2.1355259999999703,3.112118943451523,78.79086241436883
1388.0,380.0,162.0,72.0,438.0,200.0,28.0,379.519057,161.787333,71.336904,0.48094300000002477,0.21266700000001038,0.6630959999999959,0.8463035669037575,82.12186067059123
1389.0,264.0,124.0,76.0,318.0,112.0,32.0,263.40227699999997,124.62499299999999,76.341316,0.5977230000000304,-0.6249929999999893,-0.34131600000000617,0.9297234248065536,70.68238818828917
1390.0,264.0,384.0,82.0,218.0,414.0,44.0,264.43737899999996,385.420607,83.09513799999999,-0.43737899999996444,-1.4206070000000182,-1.0951379999999915,1.8462805521193149,66.783231428256
1391.0,346.0,212.0,86.0,380.0,246.0,44.0,346.57350899999994,212.765351,84.21713199999999,-0.5735089999999445,-0.7653510000000097,1.7828680000000077,2.0231888274963308,63.84355879804947
1392.0,248.0,368.0,86.0,206.0,388.0,48.0,248.380137,368.373469,86.75276,-0.3801369999999906,-0.37346900000000005,-0.752759999999995,0.922296508900465,60.06662967072483
1393.0,304.0,80.0,90.0,382.0,76.0,48.0,303.903041,80.174869,89.53054399999999,0.09695900000002666,-0.17486900000000105,0.4694560000000081,0.5102638050832267,88.67919710958145
1394.0,318.0,94.0,92.0,392.0,98.0,52.0,317.437221,94.712259,92.487996,0.5627789999999777,-0.7122590000000031,-0.48799599999999543,1.0306178641659454,84.2140130857092
1395.0,392.0,180.0,94.0,446.0,226.0,58.0,392.775913,180.209641,95.56366799999999,-0.7759130000000027,-0.20964100000000485,-1.5636679999999927,1.7581376358732508,79.54872720540537
1396.0,352.0,212.0,94.0,388.0,248.0,56.0,353.418915,212.35908899999998,93.982282,-1.4189150000000268,-0.3590889999999831,0.01771800000000212,1.4637549708438444,63.52952069707436
1397.0,216.0,148.0,104.0,254.0,120.0,66.0,216.063967,147.809435,104.46293,-0.063966999999991,0.19056499999999232,-0.46293000000000006,0.5046889945441608,60.597029630172464
1398.0,376.0,194.0,114.0,422.0,236.0,82.0,376.94834699999996,194.454711,115.24409399999999,-0.9483469999999556,-0.4547110000000032,-1.2440939999999898,1.6290776552288395,70.02856560004639
1399.0,344.0,236.0,116.0,366.0,272.0,84.0,342.826569,237.003573,116.760944,1.1734309999999937,-1.0035729999999887,-0.760943999999995,1.721375859371205,52.952809179494906
1400.0,340.0,272.0,116.0,350.0,314.0,82.0,341.31125699999996,273.780777,114.7053,-1.311256999999955,-1.7807770000000005,1.294700000000006,2.5625787273326646,54.954526656136345
1401.0,234.0,376.0,116.0,186.0,390.0,84.0,233.68635500000002,375.480575,116.34096199999999,0.31364499999997975,0.5194250000000125,-0.34096199999999044,0.6960104899310022,59.36328831862332
1402.0,318.0,242.0,118.0,336.0,272.0,88.0,319.55237500000004,244.839225,120.205614,-1.5523750000000405,-2.839224999999999,-2.205613999999997,3.9160949756416925,46.08687448721165
1403.0,392.0,364.0,120.0,374.0,438.0,90.0,392.31622899999996,363.985589,119.63484799999999,-0.31622899999996434,0.01441099999999551,0.365152000000009,0.48326435877890267,81.8535277187245
1404.0,244.0,370.0,120.0,200.0,388.0,88.0,244.080019,370.327621,119.565114,-0.08001899999999296,-0.3276210000000219,0.4348860000000059,0.5503311666606011,57.30619512757761
1405.0,210.0,372.0,120.0,160.0,376.0,88.0,209.875215,371.397073,119.93194199999999,0.12478500000000281,0.6029270000000224,0.06805800000000772,0.6194547238644877,59.49789912257407
1406.0,280.0,372.0,120.0,242.0,404.0,88.0,280.880277,371.846901,119.139012,-0.8802769999999782,0.15309899999999743,0.8609880000000061,1.240817164885291,59.09314681077663
1407.0,416.0,282.0,122.0,434.0,352.0,90.0,416.546307,281.56103499999995,120.33666199999999,-0.546307000000013,0.4389650000000529,1.6633380000000102,1.8049473431981595,79.04429138147802
1408.0,274.0,232.0,128.0,290.0,238.0,96.0,275.03003099999995,230.45027499999998,127.42645399999999,-1.0300309999999513,1.5497250000000236,0.5735460000000074,1.9471945076704538,36.27671429443411
1409.0,434.0,270.0,130.0,458.0,350.0,102.0,434.782493,273.888345,130.06102399999997,-0.7824929999999881,-3.8883450000000153,-0.061023999999974876,3.966767709691368,88.09086218218096
1410.0,398.0,376.0,130.0,378.0,452.0,102.0,399.17786700000005,373.94424300000003,129.27776599999999,-1.1778670000000488,2.0557569999999714,0.7222340000000145,2.4769193494124955,83.42661445845684
1411.0,224.0,344.0,132.0,186.0,348.0,100.0,222.89614500000002,342.999545,129.95819999999998,1.1038549999999816,1.000454999999988,2.0418000000000234,2.527519200332617,49.839743177508446
1412.0,322.0,172.0,136.0,366.0,190.0,104.0,321.658275,173.477275,134.137642,0.3417249999999967,-1.4772749999999917,1.8623580000000004,2.401560892714148,57.30619512757761
1413.0,358.0,202.0,136.0,398.0,236.0,108.0,358.535309,200.94833699999998,136.68385999999998,-0.5353089999999838,1.051663000000019,-0.6838599999999815,1.363897096796528,59.49789912257407
1414.0,374.0,108.0,138.0,448.0,138.0,110.0,371.88907099999994,111.816821,139.22468199999997,2.1109290000000556,-3.8168210000000045,-1.224681999999973,4.5303410236102755,84.61678320522472
1415.0,370.0,116.0,146.0,444.0,140.0,118.0,369.374125,114.489531,145.77864,0.6258750000000077,1.5104690000000005,0.22136000000000422,1.6499201087283024,82.68010643437755
1416.0,210.0,190.0,150.0,230.0,166.0,122.0,209.89882100000003,190.346725,149.933152,0.10117899999997348,-0.3467249999999922,0.06684799999999314,0.3673201202901746,41.95235392680606
1417.0,286.0,182.0,152.0,322.0,186.0,126.0,286.627353,182.020373,152.458844,-0.6273530000000278,-0.020373000000006414,-0.45884399999999914,0.7775118404719212,44.58699361921591
1418.0,208.0,192.0,152.0,228.0,168.0,124.0,208.883607,192.440453,151.559142,-0.883607000000012,-0.4404529999999909,0.44085799999999153,1.0812566540012625,41.95235392680606
1419.0,356.0,242.0,152.0,380.0,284.0,128.0,357.227191,243.125205,152.59555,-1.2271910000000048,-1.125204999999994,-0.5955500000000029,1.7682657732948408,54.0
1420.0,316.0,314.0,152.0,304.0,350.0,128.0,315.35776500000003,314.16533100000004,152.22346,0.642234999999971,-0.16533100000003742,-0.22345999999998867,0.699810336009672,44.8998886412873
1421.0,370.0,112.0,158.0,446.0,138.0,132.0,370.53412299999997,112.553771,157.26425,-0.5341229999999655,-0.5537709999999976,0.7357499999999959,1.0645551944685416,84.42748367682174
1422.0,356.0,232.0,160.0,384.0,270.0,138.0,356.78073499999994,231.304781,160.93660999999997,-0.780734999999936,0.6952190000000087,-0.9366099999999733,1.403607812134808,52.076866265166146
1423.0,394.0,332.0,162.0,388.0,402.0,140.0,394.27400900000004,332.86474699999997,160.964176,-0.27400900000003503,-0.8647469999999657,1.035823999999991,1.3768804105898018,73.62064927722385
1424.0,364.0,156.0,168.0,422.0,186.0,146.0,364.50963299999995,156.230633,168.292444,-0.5096329999999512,-0.23063300000001163,-0.29244399999998905,0.6312217269026386,68.90573270780887
1425.0,286.0,230.0,170.0,302.0,240.0,148.0,285.345449,229.39944500000001,169.948368,0.6545510000000263,0.6005549999999857,0.05163200000001211,0.8898141283717732,28.982753492378876
1426.0,230.0,172.0,172.0,260.0,152.0,150.0,229.81758499999998,171.947343,172.880228,0.1824150000000202,0.05265700000001061,-0.8802279999999882,0.9004717229641294,42.23742416388575
1427.0,320.0,70.0,176.0,404.0,70.0,154.0,320.394379,70.841509,176.34483,-0.3943790000000149,-0.8415090000000021,-0.34483000000000175,0.9912516943854454,86.83317338436964
1428.0,292.0,264.0,176.0,296.0,284.0,156.0,292.211471,265.230897,176.007806,-0.21147100000001728,-1.2308970000000272,-0.007805999999987989,1.248954899940776,28.5657137141714
1429.0,434.0,348.0,178.0,428.0,436.0,162.0,434.40574499999997,349.10911899999996,178.36093999999997,-0.4057449999999676,-1.1091189999999642,-0.36093999999997095,1.234929813708404,89.64373932405988
1430.0,366.0,248.0,180.0,388.0,292.0,162.0,365.833817,247.598863,180.316916,0.16618299999998953,0.40113700000000563,-0.316915999999992,0.537553191148556,52.38320341483518
1431.0,292.0,278.0,180.0,292.0,298.0,162.0,292.802711,277.209289,180.778346,-0.802710999999988,0.7907109999999875,-0.7783459999999991,1.3694492800969154,26.90724809414742
1432.0,296.0,270.0,182.0,300.0,290.0,162.0,296.93595899999997,268.913361,180.830186,-0.9359589999999685,1.086638999999991,1.1698140000000024,1.850748054327743,28.5657137141714
1433.0,304.0,266.0,186.0,306.0,290.0,168.0,301.652331,267.413367,185.713682,2.3476689999999962,-1.4133669999999938,0.2863179999999943,2.755201264404102,30.066592756745816
1434.0,190.0,428.0,186.0,114.0,432.0,168.0,189.436529,427.65968899999996,185.07147199999997,0.5634709999999927,0.34031100000004244,0.9285280000000284,1.138189523474045,78.20485918406861
1435.0,346.0,152.0,188.0,402.0,174.0,170.0,346.06226499999997,152.339597,188.21549199999998,-0.06226499999996804,-0.3395969999999977,-0.21549199999998336,0.4069887648301698,62.80127387243033
1436.0,294.0,268.0,188.0,296.0,288.0,170.0,293.37958499999996,268.477595,187.4323,0.6204150000000368,-0.477595000000008,0.5677000000000021,0.9671065330407275,26.981475126464083
1437.0,252.0,192.0,196.0,278.0,184.0,180.0,252.40671300000002,192.433645,196.97916800000002,-0.40671300000002475,-0.4336450000000127,-0.9791680000000156,1.1455275739230644,31.559467676119
1438.0,232.0,208.0,198.0,250.0,194.0,182.0,233.27201699999998,207.50099699999998,198.65337999999997,-1.2720169999999769,0.4990030000000161,-0.6533799999999701,1.5145747478080829,27.85677655436824
1439.0,402.0,240.0,208.0,430.0,298.0,196.0,400.338171,241.682635,207.873354,1.6618290000000115,-1.6826350000000048,0.12664599999999382,2.3683275486684803,65.5133574166368
1440.0,302.0,66.0,212.0,384.0,56.0,198.0,301.60727699999995,65.593695,212.68145599999997,0.39272300000004634,0.40630500000000325,-0.6814559999999688,0.885266845470899,83.78544026261365
1441.0,372.0,304.0,212.0,374.0,360.0,202.0,373.021871,304.476083,212.35508999999996,-1.021870999999976,-0.4760830000000169,-0.3550899999999615,1.1819324310763029,56.92099788303083
1442.0,300.0,66.0,214.0,382.0,56.0,200.0,300.071349,66.133185,214.331524,-0.07134899999999789,-0.13318499999999744,-0.3315240000000017,0.36433101240767324,83.78544026261365
1443.0,408.0,240.0,214.0,440.0,298.0,204.0,408.180693,239.162899,214.373564,-0.1806930000000193,0.8371009999999899,-0.3735639999999876,0.9343115682394074,66.9925368977769
1444.0,362.0,306.0,214.0,362.0,356.0,204.0,362.67438500000003,304.505817,214.108904,-0.6743850000000293,1.494183000000021,-0.10890399999999545,1.642935801219908,50.99019513592785
1445.0,206.0,408.0,218.0,140.0,412.0,206.0,204.775589,405.735811,216.307768,1.2244110000000035,2.2641889999999876,1.69223199999999,3.080484258435014,67.20119046564577
1446.0,422.0,292.0,224.0,434.0,366.0,216.0,421.331479,293.684699,223.421966,0.6685209999999984,-1.6846990000000233,0.5780340000000024,1.9024337973233336,75.39230729988306
1447.0,406.0,254.0,226.0,432.0,312.0,216.0,405.718175,252.240017,224.08319,0.2818250000000262,1.7599830000000054,1.9168099999999981,2.6174655808652054,64.34283176858165
1448.0,238.0,402.0,230.0,180.0,422.0,222.0,238.604463,403.270089,229.076618,-0.6044630000000097,-1.2700889999999845,0.9233820000000037,1.682597962739162,61.87083319303208
1449.0,208.0,396.0,234.0,146.0,402.0,228.0,207.033175,396.622595,234.423254,0.966825,-0.6225949999999898,-0.4232539999999858,1.2253648694025692,62.57795138864806
1450.0,200.0,398.0,234.0,136.0,402.0,230.0,199.281143,399.241061,236.117794,0.7188570000000141,-1.241061000000002,-2.1177940000000035,2.557741038222212,64.24951361683604
1451.0,254.0,266.0,244.0,250.0,270.0,238.0,253.56589299999996,267.11492899999996,243.62901599999998,0.43410700000004,-1.114928999999961,0.3709840000000213,1.252655056568233,8.246211251235321
1452.0,244.0,144.0,246.0,286.0,124.0,238.0,243.52623900000003,144.300163,245.18658599999998,0.4737609999999677,-0.30016299999999774,0.813414000000023,0.9880231004819702,47.20169488482379
1453.0,362.0,244.0,246.0,384.0,284.0,242.0,361.366829,243.211239,245.99346399999996,0.6331710000000044,0.7887609999999938,0.006536000000039621,1.0114801775902462,45.8257569495584
1454.0,358.0,244.0,252.0,380.0,284.0,250.0,358.331169,244.329711,252.57150000000001,-0.3311689999999885,-0.3297110000000032,-0.5715000000000146,0.7382374279877789,45.69463863518345
1455.0,372.0,188.0,258.0,418.0,224.0,256.0,372.29053700000003,187.886673,257.999448,-0.2905370000000289,0.11332699999999818,0.0005520000000274194,0.311857438586955,58.44655678480983
1456.0,54.0,216.0,264.0,38.0,134.0,262.0,53.64776100000001,216.75656099999998,266.11222799999996,0.3522389999999902,-0.7565609999999765,-2.112227999999959,2.2711151410322166,83.57032966310472
1457.0,382.0,234.0,268.0,412.0,282.0,268.0,382.837753,234.63728300000002,267.16823999999997,-0.8377530000000206,-0.6372830000000249,0.8317600000000311,1.3415604379595123,56.60388679233962
1458.0,420.0,250.0,270.0,448.0,314.0,272.0,419.17784099999994,250.189191,269.860768,0.822159000000056,-0.1891909999999939,0.1392319999999927,0.8550580129944914,69.88562083862459
1459.0,240.0,180.0,282.0,266.0,162.0,282.0,238.27770099999998,179.462537,280.897184,1.722299000000021,0.5374630000000025,1.1028160000000184,2.1145646009583428,31.622776601683793
1460.0,352.0,256.0,282.0,368.0,294.0,286.0,351.936347,255.574793,282.018918,0.06365299999998797,0.42520700000000033,-0.018917999999985113,0.43036099728251187,41.42463035441596
1461.0,386.0,306.0,284.0,388.0,366.0,290.0,386.258507,306.369413,284.31883,-0.2585070000000087,-0.36941300000000865,-0.3188299999999913,0.5522177129701703,60.332412515993425
1462.0,342.0,252.0,294.0,358.0,286.0,300.0,342.210047,252.09478299999998,293.64347,-0.21004699999997456,-0.0947829999999783,0.35653000000002066,0.42451996442805834,38.05259518088089
1463.0,244.0,174.0,310.0,274.0,158.0,316.0,243.760043,174.610767,308.763018,0.23995700000000397,-0.6107670000000098,1.2369820000000118,1.4002643173565636,34.52535300326414
1464.0,304.0,188.0,322.0,338.0,198.0,334.0,304.06603699999994,189.241433,322.67623199999997,-0.0660369999999375,-1.2414330000000007,-0.6762319999999704,1.4152054609426694,37.416573867739416
1465.0,344.0,188.0,322.0,386.0,212.0,332.0,344.98956100000004,187.627497,320.601904,-0.9895610000000374,0.3725029999999947,1.3980960000000096,1.75290099062842,49.39635614091387
1466.0,438.0,336.0,328.0,434.0,420.0,344.0,436.549029,336.912869,327.66465999999997,1.4509709999999814,-0.9128690000000006,0.3353400000000306,1.7467396971506566,85.60373823613078
1467.0,66.0,214.0,330.0,52.0,134.0,338.0,65.21366699999999,213.868701,328.31450199999995,0.7863330000000133,0.1312990000000127,1.6854980000000523,1.8645274259967861,81.60882305241266
1468.0,320.0,368.0,330.0,286.0,412.0,344.0,319.468249,369.156973,328.58370399999995,0.5317509999999857,-1.1569729999999936,1.4162960000000453,1.9045314406294527,57.3410847473258
1469.0,202.0,182.0,340.0,222.0,150.0,354.0,201.616373,182.282333,340.28844799999996,0.38362699999998995,-0.28233299999999417,-0.28844799999995985,0.5568517277713753,40.24922359499622
1470.0,260.0,230.0,340.0,272.0,228.0,356.0,260.79296700000003,229.923761,340.710406,-0.7929670000000328,0.07623899999998685,-0.7104059999999777,1.0673732866462504,20.09975124224178
1471.0,280.0,370.0,366.0,240.0,398.0,390.0,280.496907,370.68557699999997,366.70381399999997,-0.4969070000000215,-0.6855769999999666,-0.7038139999999657,1.1010388440804109,54.405882034941776
1472.0,250.0,240.0,370.0,256.0,236.0,392.0,250.76937900000001,240.654093,370.20413799999994,-0.7693790000000149,-0.6540929999999889,-0.20413799999994353,1.0302689072926474,23.15167380558045
1473.0,230.0,336.0,370.0,198.0,342.0,396.0,233.336663,338.14077499999996,372.528326,-3.3366629999999873,-2.1407749999999623,-2.5283259999999927,4.701985744179763,41.66533331199932
1474.0,334.0,26.0,372.0,436.0,20.0,392.0,334.394607,26.019428999999988,371.80394199999995,-0.3946070000000077,-0.01942899999998815,0.19605800000005047,0.44105658350604565,104.11532067856297
1475.0,302.0,68.0,376.0,382.0,56.0,398.0,301.863051,68.08803900000001,376.58757399999996,0.13694900000001553,-0.08803900000000908,-0.587573999999961,0.609712308878507,83.83316766053875
1476.0,308.0,324.0,378.0,288.0,348.0,406.0,304.92046500000004,319.513739,380.15053199999994,3.0795349999999644,4.486261000000013,-2.1505319999999415,5.85105643959872,41.95235392680606
1477.0,280.0,392.0,380.0,232.0,420.0,408.0,280.171539,390.038885,381.233978,-0.17153899999999567,1.9611150000000066,-1.2339779999999791,2.3233810226112235,62.22539674441618
1478.0,278.0,88.0,386.0,346.0,70.0,408.0,277.626071,88.421827,384.813902,0.37392899999997553,-0.4218269999999933,1.1860980000000154,1.313236224208734,73.70210309075311
1479.0,344.0,344.0,386.0,324.0,390.0,414.0,343.90031899999997,342.876329,386.00057,0.09968100000003233,1.1236710000000016,-0.0005699999999819738,1.1280838368233144,57.445626465380286
1480.0,398.0,370.0,388.0,376.0,442.0,418.0,397.879755,369.81266500000004,388.36337399999996,0.12024500000001126,0.18733499999996184,-0.3633739999999648,0.42613838846783425,81.04319835741924
1481.0,286.0,176.0,390.0,324.0,174.0,416.0,287.681305,175.03837099999998,390.239944,-1.681305000000009,0.9616290000000163,-0.23994399999997995,1.9516890018140831,46.08687448721165
1482.0,282.0,326.0,404.0,258.0,344.0,434.0,280.82201899999995,324.477867,403.31075799999996,1.1779810000000452,1.5221329999999966,0.6892420000000357,2.0444027589039653,42.42640687119285
1483.0,320.0,362.0,424.0,290.0,400.0,460.0,320.50170099999997,359.937325,423.76503599999995,-0.5017009999999686,2.062675000000013,0.2349640000000477,2.1357762360139803,60.332412515993425
1484.0,306.0,188.0,86.0,340.0,200.0,48.0,303.55276299999997,187.452249,88.271186,2.4472370000000296,0.5477510000000052,-2.271186,3.383383800098084,52.38320341483518
1485.0,310.0,364.0,88.0,280.0,408.0,52.0,311.122435,364.724813,89.378514,-1.1224349999999959,-0.7248129999999833,-1.3785139999999956,1.9197695336654226,64.28063471995279
1486.0,396.0,174.0,90.0,452.0,220.0,52.0,395.821555,173.928457,90.685698,0.17844500000001062,0.07154299999999125,-0.6856980000000021,0.7121395692404723,81.82909018191513
1487.0,390.0,182.0,90.0,440.0,228.0,52.0,388.580255,183.263873,90.656094,1.4197449999999776,-1.2638729999999896,-0.656093999999996,2.0108481200702117,77.84600182411425
1488.0,238.0,368.0,100.0,196.0,384.0,64.0,239.71336300000002,368.021681,99.968106,-1.7133630000000153,-0.02168100000000095,0.031893999999994094,1.713796972446285,57.584720195551874
1489.0,228.0,322.0,108.0,200.0,326.0,72.0,227.793101,321.98827500000004,107.19993199999999,0.20689899999999284,0.011724999999955799,0.8000680000000102,0.8264704933934498,45.78209256903839
1490.0,226.0,342.0,132.0,188.0,348.0,100.0,224.450171,342.479801,129.947082,1.5498289999999884,-0.479801000000009,2.0529180000000053,2.6166106404213054,50.039984012787215
1491.0,400.0,232.0,134.0,432.0,286.0,106.0,397.953503,230.948893,134.253954,2.046496999999988,1.0511070000000018,-0.25395399999999313,2.314620601864148,68.73136110975832
1492.0,308.0,146.0,136.0,360.0,152.0,104.0,307.10263100000003,145.505985,134.628478,0.8973689999999692,0.4940149999999903,1.3715219999999988,1.711839519017461,61.35144660071187
1493.0,380.0,138.0,148.0,444.0,172.0,124.0,377.759843,139.416577,150.310242,2.2401570000000106,-1.4165769999999895,-2.310241999999988,3.515993725839391,76.34133873596926
1494.0,208.0,192.0,150.0,228.0,168.0,124.0,208.883607,192.440453,151.559142,-0.883607000000012,-0.4404529999999909,-1.5591420000000085,1.845449525677156,40.64480286580315
1495.0,360.0,274.0,152.0,372.0,320.0,128.0,360.383939,273.180465,152.206618,-0.38393899999999803,0.8195349999999735,-0.20661799999999175,0.9282983194372117,53.25410782277739
1496.0,428.0,344.0,164.0,420.0,424.0,144.0,424.90247500000004,341.684953,163.79933,3.097524999999962,2.3150469999999927,0.20067000000000235,3.8722567304782016,82.84926070883192
1497.0,82.0,138.0,178.0,100.0,56.0,152.0,80.519331,138.943185,176.564362,1.480669000000006,-0.9431849999999997,1.4356380000000115,2.267826073320009,87.88629017087932
1498.0,282.0,268.0,178.0,284.0,280.0,148.0,281.77349499999997,265.161901,169.56687,0.2265050000000315,2.8380989999999997,8.433130000000006,8.900774800303967,32.37282811247729
1499.0,356.0,162.0,192.0,408.0,188.0,176.0,354.423635,161.719269,192.93044199999997,1.5763650000000098,0.28073100000000295,-0.9304419999999709,1.851879807911404,60.29925372672534
1500.0,370.0,262.0,196.0,388.0,308.0,180.0,370.162411,260.21048099999996,194.874842,-0.16241100000002007,1.7895190000000412,1.125157999999999,2.120079269566624,51.92301994298868
1501.0,406.0,252.0,200.0,432.0,312.0,188.0,405.46480299999996,251.963573,201.13788999999997,0.5351970000000392,0.03642700000000332,-1.1378899999999703,1.2579969822054322,66.48308055437865
1502.0,220.0,238.0,212.0,220.0,224.0,196.0,217.899023,238.74894899999998,209.93162999999998,2.1009770000000003,-0.7489489999999819,2.068370000000016,3.0419045705002055,21.2602916254693
1503.0,404.0,242.0,212.0,432.0,300.0,200.0,402.44910699999997,242.756621,211.116058,1.5508930000000305,-0.7566209999999955,0.8839419999999905,1.9388393163060396,65.5133574166368
1504.0,56.0,186.0,222.0,54.0,100.0,208.0,56.739185,185.643421,222.18095999999997,-0.7391849999999991,0.35657900000001064,-0.18095999999997048,0.8404103575432633,87.1550342780037
1505.0,326.0,172.0,226.0,372.0,188.0,216.0,326.813127,171.469581,225.90956599999998,-0.8131270000000086,0.5304189999999949,0.09043400000001611,0.9750375080200819,49.71921157862421
1506.0,236.0,122.0,230.0,288.0,96.0,220.0,237.627387,121.843373,230.76200999999998,-1.6273869999999988,0.1566270000000003,-0.7620099999999752,1.8037681960268506,58.9915248150105
1507.0,316.0,102.0,234.0,388.0,104.0,224.0,317.447739,102.112617,233.387698,-1.4477390000000128,-0.11261700000000019,0.6123019999999997,1.5759265655524806,72.71863585079137
1508.0,354.0,182.0,236.0,400.0,212.0,224.0,354.890451,182.923005,232.020778,-0.8904509999999846,-0.9230049999999892,3.979221999999993,4.180795251947876,56.213877290220786
1509.0,252.0,192.0,236.0,276.0,184.0,224.0,251.25084299999997,193.387801,233.047186,0.7491570000000252,-1.387800999999996,2.9528139999999894,3.34758694358279,28.0
1510.0,260.0,206.0,256.0,280.0,204.0,252.0,259.819407,208.16713699999997,255.72947,0.18059299999998757,-2.1671369999999683,0.27053000000000793,2.191411209544631,20.493901531919196
1511.0,402.0,248.0,258.0,428.0,308.0,260.0,401.96685099999996,250.60544099999998,260.210482,0.033149000000037177,-2.605440999999985,-2.210482000000013,3.4169653690088784,65.4217089351845
1512.0,406.0,278.0,262.0,420.0,340.0,264.0,404.11836700000003,277.591717,263.147606,1.8816329999999653,0.4082829999999831,-1.1476059999999961,2.2414810474357902,63.592452382338585
1513.0,194.0,266.0,266.0,180.0,246.0,264.0,193.161689,266.911811,265.613432,0.8383110000000045,-0.9118110000000001,0.3865680000000111,1.297535915135306,24.49489742783178
1514.0,276.0,86.0,278.0,348.0,68.0,280.0,277.501111,85.084101,279.934062,-1.5011109999999803,0.915898999999996,-1.934061999999983,2.6139627067664657,74.24284477308234
1515.0,206.0,232.0,348.0,204.0,200.0,372.0,200.81087100000002,225.993693,354.53711,5.18912899999998,6.0063069999999925,-6.537109999999984,10.282829897892384,40.049968789001575
1516.0,348.0,146.0,358.0,408.0,164.0,376.0,349.984867,145.043013,357.114378,-1.9848670000000084,0.956986999999998,0.8856220000000121,2.3748363001988264,65.1766829472013
1517.0,306.0,320.0,380.0,288.0,352.0,404.0,305.943795,322.602469,378.46342599999997,0.05620499999997719,-2.602468999999985,1.53657400000003,3.0227576077916027,43.86342439892262
1518.0,310.0,398.0,384.0,264.0,440.0,412.0,310.279291,397.304853,384.09320999999994,-0.2792910000000006,0.6951470000000199,-0.09320999999994228,0.7549310686347578,68.2934843158555
1519.0,334.0,104.0,398.0,404.0,112.0,424.0,333.772603,106.14621700000001,397.09744199999994,0.2273969999999963,-2.146217000000007,0.9025580000000559,2.339351993621766,75.09993342207434
1520.0,356.0,216.0,88.0,388.0,252.0,48.0,354.387951,215.388581,87.37832599999999,1.6120490000000132,0.6114190000000121,0.6216740000000129,1.8327612321953108,62.609903369994115
1521.0,208.0,416.0,96.0,140.0,428.0,60.0,207.620147,416.728257,96.47179399999999,0.3798529999999971,-0.728256999999985,-0.4717939999999885,0.9472254948500728,77.87168933572714
1522.0,324.0,328.0,100.0,308.0,368.0,64.0,322.573107,326.48211299999997,99.53812199999999,1.4268930000000069,1.5178870000000302,0.4618780000000129,2.1338546963423077,56.142675390472796
1523.0,328.0,240.0,116.0,352.0,268.0,84.0,330.906959,237.53330499999998,116.88692599999999,-2.906958999999972,2.4666950000000156,-0.8869259999999883,3.9142857049763107,48.82622246293481
1524.0,204.0,288.0,116.0,184.0,276.0,80.0,202.415435,287.369261,114.446626,1.5845649999999978,0.6307390000000055,1.5533740000000051,2.3068698942987695,42.89522117905443
1525.0,372.0,200.0,120.0,412.0,240.0,84.0,370.23774299999997,200.18165299999998,116.890478,1.7622570000000337,-0.18165299999998297,3.1095219999999983,3.5787811633211244,67.05221845696084
1526.0,228.0,332.0,120.0,196.0,336.0,88.0,227.433403,330.95692099999997,120.21337799999999,0.5665970000000016,1.0430790000000343,-0.21337799999999163,1.206058096251615,45.43126676640219
1527.0,240.0,372.0,132.0,192.0,388.0,104.0,238.00869899999998,372.564565,132.721186,1.9913010000000213,-0.564565000000016,-0.7211859999999888,2.1918308690275548,57.82732917920384
1528.0,320.0,252.0,148.0,336.0,284.0,116.0,322.93003100000004,254.44109699999998,143.00644599999998,-2.9300310000000422,-2.441096999999985,4.993554000000017,6.283280813021677,48.0
1529.0,324.0,180.0,152.0,368.0,200.0,124.0,325.996851,180.92618099999999,150.39563399999997,-1.9968509999999924,-0.9261809999999855,1.6043660000000273,2.7238236769141335,55.85696017507576
1530.0,276.0,268.0,156.0,280.0,280.0,132.0,278.52065899999997,266.04342099999997,156.477506,-2.5206589999999665,1.9565790000000334,-0.4775060000000053,3.2264431124007076,27.129319932501073
1531.0,344.0,124.0,184.0,408.0,144.0,164.0,342.859339,127.407557,183.626458,1.1406610000000228,-3.407556999999997,0.3735419999999863,3.6127670629219955,69.9714227381436
1532.0,376.0,260.0,188.0,392.0,308.0,168.0,373.161875,259.05251699999997,185.01890600000002,2.838124999999991,0.9474830000000338,2.9810939999999846,4.223694944920847,54.405882034941776
1533.0,296.0,68.0,204.0,376.0,60.0,184.0,296.30591499999997,70.64292499999999,201.20512200000002,-0.3059149999999704,-2.642924999999991,2.794877999999983,3.858753630090141,82.84926070883192
1534.0,224.0,240.0,212.0,224.0,228.0,200.0,222.084699,240.857429,213.139138,1.9153009999999995,-0.8574289999999962,-1.1391380000000026,2.3877181143690303,16.97056274847714
1535.0,404.0,240.0,212.0,432.0,296.0,196.0,401.37148299999996,239.608653,207.88631399999997,2.628517000000045,0.3913469999999961,4.11368600000003,4.897414276972541,64.62197768561404
1536.0,256.0,120.0,220.0,308.0,100.0,208.0,254.100487,119.635933,220.76897400000001,1.899513000000013,0.3640670000000057,-0.7689740000000143,2.0813494253330163,56.991227395100026
1537.0,392.0,204.0,228.0,436.0,252.0,220.0,393.241003,204.61288100000002,228.061194,-1.2410029999999779,-0.6128810000000158,-0.061194000000000415,1.3854444311505114,65.60487786742691
1538.0,256.0,136.0,232.0,308.0,120.0,224.0,259.452411,135.33628099999999,233.639794,-3.4524109999999837,0.6637190000000146,-1.6397939999999949,3.879251085753266,54.99090833947008
1539.0,428.0,296.0,232.0,440.0,372.0,228.0,427.664287,296.906657,233.150078,0.3357129999999984,-0.9066569999999956,-1.1500780000000077,1.5024678166609788,77.0454411370329
1540.0,68.0,184.0,240.0,68.0,104.0,232.0,68.87597099999999,185.350641,241.722378,-0.8759709999999927,-1.350640999999996,-1.722377999999992,2.357571266919825,80.39900496896712
1541.0,356.0,192.0,252.0,396.0,224.0,248.0,355.123859,193.524873,251.565946,0.8761410000000183,-1.5248730000000137,0.43405400000000327,1.8114258452738485,51.38093031466052
1542.0,276.0,88.0,276.0,344.0,72.0,272.0,275.36209499999995,89.153081,273.35234199999996,0.6379050000000461,-1.1530810000000002,2.6476580000000354,2.9574670693940526,69.9714227381436
1543.0,76.0,196.0,280.0,72.0,120.0,280.0,76.584087,197.21896099999998,280.842318,-0.5840869999999967,-1.2189609999999789,-0.8423179999999775,1.5926465886108903,76.10519036176179
1544.0,284.0,108.0,292.0,348.0,96.0,296.0,284.93589099999997,107.00140099999999,292.70857,-0.9358909999999696,0.9985990000000129,-0.7085700000000088,1.5411565045711553,65.23802572120036
1545.0,204.0,220.0,292.0,212.0,196.0,296.0,205.29782300000002,220.055893,292.260694,-1.2978230000000224,-0.05589299999999753,-0.26069400000000087,1.324926386035865,25.612496949731394
1546.0,256.0,260.0,352.0,256.0,260.0,368.0,256.800771,259.067997,350.247802,-0.8007709999999975,0.9320030000000088,1.7521980000000212,2.140107851874313,16.0
1547.0,260.0,236.0,380.0,276.0,240.0,396.0,267.38726299999996,238.604621,373.322702,-7.387262999999962,-2.6046210000000087,6.6772980000000075,10.292813695273688,22.978250586152114
1548.0,276.0,200.0,396.0,300.0,200.0,424.0,275.874667,201.55937699999998,396.61614599999996,0.1253330000000119,-1.5593769999999836,-0.6161459999999579,1.6813687526339665,36.87817782917155
1549.0,296.0,284.0,160.0,288.0,312.0,132.0,293.06818699999997,288.832253,156.04778599999997,2.9318130000000338,-4.83225299999998,3.9522140000000263,6.896824778459592,40.39801975344831
1550.0,260.0,140.0,236.0,308.0,124.0,228.0,260.530035,138.484249,236.86953799999998,-0.530034999999998,1.5157509999999945,-0.8695379999999773,1.826070789610836,51.22499389946279
1551.0,264.0,92.0,240.0,328.0,72.0,232.0,262.567927,92.916113,240.662286,1.4320730000000026,-0.9161129999999957,-0.6622859999999946,1.8244776929011746,67.52777206453653
1552.0,256.0,132.0,244.0,304.0,116.0,236.0,255.411519,133.385769,243.543886,0.5884810000000016,-1.3857690000000105,0.4561140000000137,1.5731196997425347,51.22499389946279
1553.0,276.0,128.0,284.0,332.0,116.0,284.0,277.60223499999995,126.583257,282.723034,-1.6022349999999506,1.4167429999999968,1.2769660000000158,2.490975690051967,57.271284253105414
1554.0,272.0,216.0,304.0,288.0,216.0,304.0,269.63034300000004,215.926985,298.15323,2.369656999999961,0.07301499999999805,5.846769999999992,6.309146132463071,16.0
