match_index,source_x,source_y,source_z,reference_x,reference_y,reference_z,predicted_source_x,predicted_source_y,predicted_source_z,residual_x,residual_y,residual_z,residual_l2,raw_delta_l2
0.0,436.0,191.0,105.0,541.0,158.0,86.0,436.506815,190.77463799999998,104.85491599999997,-0.5068150000000173,0.22536200000001827,0.14508400000002553,0.5733226337107521,111.69153951844338
1.0,292.0,271.0,111.0,370.0,254.0,36.0,291.45727300000004,270.94545999999997,111.35708899999999,0.5427269999999567,0.05454000000003134,-0.3570889999999878,0.6519507359072061,109.53538241134689
2.0,470.0,224.0,113.0,575.0,199.0,106.0,468.49457800000005,223.90447,111.958359,1.5054219999999532,0.09552999999999656,1.0416409999999985,1.8331495716020707,108.16191566350885
3.0,297.0,269.0,113.0,376.0,252.0,40.0,297.14323900000005,269.22528,112.88683699999999,-0.14323900000005096,-0.22527999999999793,0.11316300000001434,0.2899557795423587,108.89903580840374
4.0,255.0,161.0,114.0,328.0,123.0,26.0,255.062034,164.056078,113.22954199999998,-0.06203400000001125,-3.0560780000000136,0.7704580000000192,3.152311293163179,120.48651376813922
5.0,247.0,153.0,122.0,316.0,110.0,34.0,247.704423,153.38285,122.43607699999998,-0.7044229999999914,-0.3828499999999906,-0.4360769999999832,0.9126604162326566,119.80818002123227
6.0,299.0,257.0,122.0,375.0,237.0,51.0,299.096793,256.81591099999997,121.54742199999998,-0.09679299999999103,0.1840890000000286,0.4525780000000168,0.49808080755438067,105.9103394386025
7.0,308.0,221.0,123.0,384.0,193.0,56.0,307.004066,220.681508,122.66820999999997,0.995933999999977,0.318491999999992,0.33179000000002645,1.0969987650494264,105.11422358558332
8.0,459.0,187.0,124.0,560.0,154.0,117.0,459.304394,187.013301,123.96511199999998,-0.30439400000000205,-0.013301000000012664,0.03488800000002357,0.3066753925260441,106.48474069086143
9.0,449.0,192.0,124.0,548.0,160.0,112.0,448.73087499999997,192.054328,123.25571699999998,0.2691250000000309,-0.054327999999998156,0.7442830000000242,0.7933076208495998,104.73299384625649
10.0,455.0,191.0,129.0,552.0,159.0,120.0,453.91251600000004,191.115164,128.42231199999998,1.0874839999999608,-0.11516399999999294,0.5776880000000233,1.236773068309599,102.53779790886871
11.0,291.0,230.0,130.0,363.0,205.0,58.0,291.31143600000007,230.59977400000002,129.79310499999997,-0.31143600000007154,-0.5997740000000249,0.20689500000003136,0.7067720807990985,104.84750831564858
12.0,239.0,162.0,131.0,302.0,121.0,40.0,238.483666,162.393988,130.840644,0.5163340000000005,-0.39398800000000733,0.1593560000000025,0.6687463483534001,118.02965729002182
13.0,308.0,213.0,137.0,379.0,184.0,73.0,307.46370800000005,213.133417,137.08738699999998,0.5362919999999463,-0.13341700000000856,-0.08738699999997834,0.5595048640735314,99.88993943335835
14.0,256.0,199.0,146.0,315.0,165.0,63.0,254.95972500000002,198.061619,145.75876599999998,1.0402749999999799,0.9383809999999926,0.24123400000001993,1.421592353504321,107.35921013122255
15.0,250.0,83.0,148.0,309.0,24.0,66.0,249.83504100000002,82.62317,148.28302599999998,0.16495899999998187,0.3768299999999982,-0.28302599999997824,0.4993155688109278,116.98717878468563
16.0,259.0,150.0,149.0,318.0,107.0,69.0,258.341297,150.48712899999998,149.07947499999997,0.6587030000000027,-0.4871289999999817,-0.07947499999997376,0.8231042342710804,108.30512453249847
17.0,232.0,119.0,150.0,287.0,68.0,60.0,231.565311,118.843132,149.76216599999998,0.43468899999999167,0.1568680000000029,0.23783400000002075,0.5197375373214864,117.15801295686096
18.0,231.0,116.0,152.0,286.0,65.0,62.0,231.282296,116.36821800000001,151.54670599999997,-0.2822960000000023,-0.36821800000001303,0.45329400000002806,0.6486532028565313,117.15801295686096
19.0,196.0,125.0,152.0,245.0,75.0,49.0,196.126281,124.945485,152.193684,-0.12628100000000586,0.054514999999994984,-0.19368399999999042,0.23755476851033158,124.53915047084591
20.0,206.0,260.0,153.0,256.0,240.0,52.0,206.909551,259.930908,153.26446099999998,-0.9095509999999933,0.06909200000001192,-0.26446099999998296,0.949734882262403,114.45959985951374
21.0,213.0,75.0,155.0,264.0,13.0,60.0,213.20737,73.944792,155.20412199999998,-0.2073699999999974,1.0552079999999933,-0.20412199999998393,1.0945921756745651,124.37845472588891
22.0,438.0,199.0,155.0,524.0,169.0,144.0,438.488354,199.166268,154.43822999999998,-0.4883540000000153,-0.1662680000000023,0.5617700000000241,0.7627058476503525,91.7442096265481
23.0,438.0,246.0,156.0,526.0,224.0,145.0,440.787624,244.17080900000002,155.22808399999997,-2.787623999999994,1.8291909999999802,0.7719160000000329,3.4223736778605787,91.37286249209882
24.0,515.0,266.0,156.0,614.0,250.0,174.0,516.948479,264.60555,155.151651,-1.9484790000000203,1.3944500000000062,0.8483490000000131,2.5418019674518546,101.88719252192594
25.0,271.0,146.0,160.0,329.0,102.0,87.0,271.52993200000003,146.11132700000002,160.15817699999997,-0.5299320000000307,-0.11132700000001705,-0.15817699999996648,0.5641290533929498,103.0970416646375
26.0,176.0,97.0,161.0,219.0,41.0,52.0,176.40296199999997,97.21988,160.948951,-0.40296199999997384,-0.2198800000000034,0.05104900000000612,0.46187832623428116,129.86916493148019
27.0,193.0,286.0,162.0,236.0,272.0,56.0,192.690835,286.192896,161.87704499999998,0.30916500000000724,-0.19289600000001883,0.1229550000000188,0.3845904263837262,115.2432210587677
28.0,523.0,122.0,164.0,619.0,76.0,189.0,523.2040440000001,121.94135700000001,163.82206699999998,-0.20404400000006717,0.05864299999998934,0.17793300000002432,0.2770074148358394,109.34806811279292
29.0,529.0,92.0,167.0,624.0,40.0,196.0,528.5939910000001,92.354572,167.61315699999997,0.40600899999992635,-0.35457200000000455,-0.6131569999999726,0.8164105082088973,112.1160113453917
30.0,537.0,148.0,167.0,634.0,109.0,198.0,537.4936680000001,148.763442,167.23740199999995,-0.4936680000000706,-0.7634419999999977,-0.23740199999994616,0.9396337005408227,109.04586191139946
31.0,533.0,114.0,169.0,629.0,68.0,198.0,533.246793,115.22527,168.13926599999996,-0.24679300000002513,-1.2252699999999948,0.8607340000000363,1.5175824117671706,110.3313192162588
32.0,514.0,136.0,169.0,606.0,93.0,191.0,513.772225,135.907963,168.91731099999996,0.22777499999995143,0.09203700000000481,0.08268900000004464,0.2592098198660424,103.90861369491944
33.0,199.0,193.0,169.0,241.0,158.0,69.0,198.954778,192.674701,169.57449499999998,0.04522199999999543,0.3252990000000011,-0.5744949999999847,0.6617469106161227,113.96929411029973
34.0,536.0,126.0,170.0,631.0,81.0,201.0,535.696355,125.820269,170.076344,0.3036449999999604,0.17973100000000386,-0.07634400000000596,0.3610151308767795,109.59470790143108
35.0,198.0,281.0,171.0,239.0,266.0,69.0,198.352614,281.104717,171.13955699999997,-0.35261399999998844,-0.10471699999999373,-0.13955699999996796,0.3934189107477951,110.95043938624129
36.0,229.0,74.0,173.0,275.0,14.0,87.0,228.791244,74.370991,173.333127,0.20875599999999395,-0.3709910000000036,-0.3331269999999904,0.5405432339286041,114.50764166639709
37.0,222.0,75.0,173.0,267.0,14.0,84.0,221.793725,74.45282800000001,173.080444,0.2062750000000051,0.5471719999999891,-0.08044399999999996,0.5902692693550886,116.90594510117953
38.0,489.0,88.0,173.0,576.0,34.0,187.0,488.89833600000003,87.82329100000001,173.03118999999995,0.10166399999997111,0.17670899999998824,-0.031189999999952533,0.20623883164182977,103.34892355511015
39.0,224.0,90.0,173.0,270.0,33.0,85.0,224.552747,89.978817,173.26202499999997,-0.5527470000000108,0.021182999999993513,-0.26202499999996576,0.6120743959054272,114.49454135459908
40.0,523.0,96.0,173.0,616.0,45.0,200.0,523.4623740000001,96.444196,172.84726999999998,-0.462374000000068,-0.44419600000000514,0.15273000000001957,0.6591101995812789,109.4486180817282
41.0,498.0,109.0,173.0,585.0,60.0,191.0,497.16239800000005,109.009567,174.05273499999996,0.8376019999999471,-0.0095670000000041,-1.0527349999999558,1.345332530684447,101.45935146648632
42.0,539.0,157.0,173.0,633.0,118.0,205.0,538.617738,156.051637,173.02267899999998,0.3822619999999688,0.9483630000000005,-0.022678999999982352,1.0227565465221802,106.68176976409794
43.0,224.0,91.0,174.0,269.0,35.0,86.0,224.053546,91.609602,174.31805699999998,-0.05354600000001142,-0.6096019999999953,-0.3180569999999818,0.6896680562190655,113.6001760562016
44.0,198.0,280.0,176.0,237.0,265.0,73.0,197.830659,280.24834899999996,174.75704199999998,0.16934100000000285,-0.24834899999996196,1.2429580000000158,1.278787781395342,111.15304764152893
45.0,547.0,185.0,177.0,641.0,154.0,213.0,547.2339020000001,185.38151699999997,177.50844299999994,-0.23390200000005734,-0.3815169999999739,-0.5084429999999429,0.677332747725923,105.32331175955302
46.0,187.0,273.0,179.0,223.0,257.0,73.0,186.880851,273.77777299999997,178.31619199999997,0.11914899999999307,-0.7777729999999679,0.6838080000000275,1.042458970220884,113.08403954581743
47.0,228.0,195.0,181.0,270.0,162.0,93.0,227.77197,195.49217299999998,180.72617799999998,0.22802999999998974,-0.49217299999997977,0.273822000000024,0.6076268842908356,102.9417310909429
48.0,256.0,208.0,181.0,302.0,178.0,105.0,255.903086,208.263897,181.89180599999997,0.09691399999999817,-0.26389699999998584,-0.8918059999999741,0.9350678540303617,93.76566535784833
49.0,498.0,228.0,181.0,582.0,205.0,197.0,497.670863,227.66339299999999,180.89722899999998,0.3291370000000029,0.336607000000015,0.10277100000001838,0.4818685667887207,88.54942122905152
50.0,539.0,168.0,182.0,630.0,133.0,216.0,539.281558,168.21430800000002,182.49320799999998,-0.2815580000000182,-0.21430800000001682,-0.49320799999998144,0.6070065547356134,103.25696102442683
51.0,227.0,198.0,182.0,269.0,166.0,95.0,227.55066,198.74810300000001,182.57848499999997,-0.5506599999999935,-0.7481030000000146,-0.5784849999999722,1.0943168779809542,101.76934705499491
52.0,162.0,264.0,183.0,192.0,246.0,70.0,161.91325099999997,264.983718,183.93142899999998,0.08674900000002594,-0.9837180000000103,-0.9314289999999801,1.3574927162110255,118.29201156460228
53.0,540.0,167.0,184.0,631.0,132.0,218.0,540.5703570000001,167.365498,183.777596,-0.5703570000000582,-0.3654980000000023,0.2224040000000116,0.7129932921627476,103.25696102442683
54.0,233.0,224.0,184.0,276.0,197.0,98.0,234.04435200000003,224.051358,183.39103599999999,-1.044352000000032,-0.05135799999999335,0.6089640000000145,1.2100189657042917,99.86991538997117
55.0,242.0,76.0,186.0,286.0,16.0,106.0,242.30184500000001,75.71379400000001,185.25650899999997,-0.30184500000001435,0.28620599999999286,0.7434910000000343,0.8519408110555895,109.2520022699813
56.0,162.0,272.0,188.0,190.0,254.0,75.0,161.730892,271.483339,188.41295599999998,0.2691079999999886,0.5166609999999991,-0.4129559999999799,0.7140660771392073,117.80067911519016
57.0,263.0,238.0,191.0,307.0,214.0,118.0,263.489279,237.54950200000002,191.041406,-0.48927900000001046,0.45049799999998186,-0.04140599999999495,0.6663759034366366,88.54942122905152
58.0,532.0,266.0,191.0,618.0,253.0,222.0,532.57582,266.451594,191.43348999999998,-0.5758200000000215,-0.45159400000000005,-0.4334899999999777,0.8505406476682966,92.33634170791044
59.0,181.0,175.0,196.0,214.0,139.0,92.0,183.79181200000002,176.990336,194.27299399999998,-2.7918120000000215,-1.9903360000000134,1.7270060000000171,3.8390365145796976,114.89560478973945
60.0,521.0,178.0,197.0,603.0,145.0,226.0,521.008464,178.06850200000002,197.39194899999995,-0.00846400000000358,-0.0685020000000236,-0.39194899999995414,0.3979801275201657,93.02687783646186
61.0,513.0,127.0,198.0,595.0,84.0,224.0,513.733491,128.197888,197.32563799999997,-0.7334909999999581,-1.197888000000006,0.6743620000000305,1.558110655463531,96.17172141539321
62.0,179.0,174.0,198.0,208.0,136.0,95.0,179.88359799999998,174.531383,198.133232,-0.8835979999999779,-0.5313830000000053,-0.13323199999999247,1.0396461340845569,113.55175031676086
63.0,152.0,85.0,201.0,175.0,26.0,89.0,151.70834599999998,84.734817,200.97882499999997,0.2916540000000225,0.2651829999999933,0.02117500000002792,0.3947562030291744,128.66234880492428
64.0,514.0,114.0,201.0,594.0,67.0,228.0,513.847588,114.236808,200.52846999999997,0.15241200000002664,-0.23680799999999635,0.47153000000002976,0.549224897021279,96.63332758422428
65.0,471.0,108.0,202.0,543.0,59.0,213.0,470.241461,108.15849700000001,202.04493399999996,0.7585389999999848,-0.1584970000000112,-0.044933999999955176,0.7762227630557973,87.78382538941898
66.0,155.0,185.0,202.0,178.0,147.0,92.0,155.88702,183.742912,203.70169399999997,-0.8870200000000068,1.2570880000000102,-1.701693999999975,2.2940874416159365,118.62967588255478
67.0,529.0,258.0,202.0,609.0,243.0,234.0,528.616974,258.168566,202.997449,0.38302599999997256,-0.16856599999999844,-0.9974489999999889,1.081678288879349,87.45856161634491
68.0,561.0,260.0,202.0,647.0,245.0,245.0,561.026971,259.457001,201.69208799999998,-0.026971000000003187,0.5429990000000089,0.30791200000001595,0.6248080894050746,97.3139250056229
69.0,241.0,155.0,204.0,276.0,113.0,126.0,240.59120000000001,154.938538,204.33139599999998,0.4087999999999852,0.0614620000000059,-0.3313959999999838,0.5298285819583329,95.25229656024048
70.0,525.0,127.0,205.0,606.0,83.0,238.0,525.9163420000001,127.14581000000001,205.335412,-0.9163420000000997,-0.14581000000001154,-0.33541199999999094,0.986632873366877,97.9081201943945
71.0,232.0,153.0,205.0,264.0,112.0,125.0,230.99702,154.199765,206.66188599999998,1.002980000000008,-1.1997650000000135,-1.6618859999999813,2.2819443491507383,95.42012366372201
72.0,144.0,231.0,206.0,160.0,204.0,91.0,142.141558,230.52211499999999,208.152224,1.8584419999999966,0.47788500000001477,-2.1522239999999897,2.883443928146507,119.20570456148481
73.0,539.0,127.0,209.0,620.0,83.0,248.0,539.39824,126.94445999999999,209.467944,-0.39823999999998705,0.055540000000007694,-0.4679439999999886,0.6169695100537627,100.08995953640904
74.0,535.0,128.0,209.0,611.0,84.0,245.0,531.6324440000001,127.850629,209.48469899999998,3.3675559999999223,0.14937100000000214,-0.4846989999999778,3.405536408464525,94.91048414163738
75.0,189.0,179.0,209.0,214.0,141.0,111.0,188.754401,178.39517899999998,209.05370299999998,0.24559899999999857,0.6048210000000154,-0.05370299999998451,0.6549895594977192,108.04165863221463
76.0,241.0,79.0,210.0,274.0,21.0,134.0,240.308124,79.532242,210.17556199999999,0.6918760000000077,-0.5322419999999966,-0.17556199999998512,0.890390903920296,101.13851887386922
77.0,502.0,85.0,210.0,577.0,31.0,235.0,502.14151100000004,84.774103,210.03421399999996,-0.1415110000000368,0.22589700000000335,-0.03421399999996311,0.2687478660864294,95.73922915921143
78.0,541.0,126.0,210.0,621.0,82.0,249.0,540.426778,126.107889,209.975419,0.573221999999987,-0.10788900000000012,0.024581000000011954,0.5838045247906064,99.28242543370907
79.0,498.0,144.0,210.0,572.0,103.0,233.0,498.370209,143.772605,210.47620499999996,-0.37020899999998846,0.22739500000000135,-0.4762049999999647,0.6446195713216892,87.66983517721475
80.0,215.0,172.0,210.0,245.0,134.0,122.0,215.645419,172.35486600000002,209.47951199999997,-0.645419000000004,-0.35486600000001545,0.5204880000000287,0.9018887523752838,100.43903623591775
81.0,147.0,218.0,212.0,164.0,189.0,98.0,146.93952800000002,218.13350200000002,212.40637199999998,0.06047199999997588,-0.13350200000002133,-0.4063719999999762,0.43199288092743315,118.85285019720814
82.0,198.0,118.0,215.0,223.0,68.0,123.0,198.227866,118.433035,215.33213299999997,-0.2278660000000059,-0.43303500000000383,-0.3321329999999705,0.5914005029334912,107.6522178127325
83.0,536.0,121.0,215.0,613.0,76.0,253.0,535.198196,121.191901,215.103041,0.8018039999999473,-0.19190100000000143,-0.10304099999999039,0.8308628622690475,96.94328238717729
84.0,543.0,124.0,215.0,622.0,80.0,255.0,542.747806,124.39143100000001,214.35777799999997,0.25219400000003134,-0.3914310000000114,0.6422220000000323,0.7932648603594301,98.87871358386495
85.0,148.0,217.0,215.0,164.0,188.0,100.0,147.45123500000003,217.29033200000003,213.950517,0.5487649999999746,-0.2903320000000349,1.0494830000000093,1.2193646963636482,119.67455869983394
86.0,390.0,285.0,215.0,447.0,272.0,195.0,392.833526,283.301635,215.05922499999997,-2.833526000000006,1.6983650000000239,-0.05922499999996944,3.304061268579339,61.78996682310163
87.0,574.0,115.0,216.0,657.0,69.0,270.0,573.752976,115.004834,216.81348699999998,0.24702400000001035,-0.0048340000000024475,-0.8134869999999808,0.8501795829711355,109.1833320612629
88.0,216.0,268.0,216.0,242.0,251.0,128.0,215.90706400000002,268.08531600000003,216.05293799999998,0.09293599999998037,-0.08531600000003436,-0.052937999999983276,0.1368150276687486,93.32202312423365
89.0,542.0,331.0,217.0,619.0,331.0,254.0,542.368834,329.912282,216.79006699999996,-0.36883399999999256,1.0877179999999953,0.209933000000035,1.1675790472464804,85.42833253669417
90.0,183.0,169.0,218.0,204.0,130.0,120.0,183.228865,169.335816,218.53699899999998,-0.2288650000000132,-0.3358159999999941,-0.5369989999999802,0.673438564445177,107.54533927604673
91.0,496.0,138.0,219.0,566.0,95.0,243.0,496.239747,137.134519,219.72642899999994,-0.23974700000002258,0.8654809999999884,-0.7264289999999392,1.1550909390220765,85.58621384311844
92.0,223.0,157.0,219.0,250.0,116.0,136.0,223.015863,157.418864,218.88325099999997,-0.015862999999995964,-0.41886400000001345,0.11674900000002708,0.43511954020247984,96.43132271207318
93.0,178.0,163.0,219.0,198.0,122.0,117.0,177.71501,162.85683699999998,217.68735399999997,0.2849899999999934,0.14316300000001547,1.3126460000000293,1.3508347293377816,111.73629669896886
94.0,193.0,171.0,220.0,214.0,132.0,125.0,192.31871999999998,170.855605,219.84335599999997,0.6812800000000152,0.14439500000000294,0.15664400000002843,0.7138134890579124,104.81889142707053
95.0,520.0,178.0,220.0,593.0,146.0,252.0,520.013145,178.62538,220.19893799999997,-0.013145000000008622,-0.6253800000000069,-0.19893799999996986,0.6563910901809964,85.8894638474359
96.0,244.0,114.0,222.0,274.0,62.0,148.0,244.31319299999998,112.927268,221.449265,-0.31319299999998407,1.072732000000002,0.5507350000000031,1.2458542608579857,95.28903399657277
97.0,174.0,160.0,222.0,192.0,118.0,121.0,174.05824199999998,159.566953,222.314824,-0.05824199999997859,0.43304699999998775,-0.31482399999998734,0.5385498916061342,110.85576214162258
98.0,557.0,178.0,222.0,635.0,146.0,269.0,557.075446,178.18043699999998,222.49666499999995,-0.0754460000000563,-0.18043699999998353,-0.4966649999999504,0.5337843498173708,96.52460826131335
99.0,582.0,318.0,222.0,663.0,318.0,276.0,582.1720290000001,318.751868,222.32699199999996,-0.17202900000006593,-0.7518680000000018,-0.32699199999996154,0.8377489088796237,97.3498844375277
100.0,531.0,109.0,223.0,602.0,61.0,260.0,528.339786,108.887888,223.25354399999998,2.6602139999999963,0.11211199999999621,-0.2535439999999767,2.6746200078283957,93.34880824091971
101.0,150.0,156.0,223.0,165.0,113.0,112.0,150.690334,155.735924,222.28764099999998,-0.6903340000000071,0.26407599999998865,0.7123590000000206,1.0265244810587972,119.97916485790356
102.0,567.0,180.0,223.0,646.0,148.0,274.0,566.942393,179.69458600000002,223.54326499999996,0.05760699999996177,0.30541399999998475,-0.5432649999999626,0.6258858826255355,99.32774033471213
103.0,140.0,194.0,223.0,151.0,158.0,108.0,139.166677,192.70498000000003,223.252232,0.8333230000000071,1.2950199999999654,-0.25223199999999224,1.5604887069610336,121.00413216084813
104.0,539.0,106.0,225.0,614.0,57.0,266.0,539.191196,105.472006,224.75921399999996,-0.19119599999999082,0.5279940000000067,0.24078600000004258,0.6109922030992082,98.52410872471773
105.0,130.0,107.0,225.0,141.0,53.0,108.0,130.47018200000002,106.79872,224.833297,-0.4701820000000225,0.20127999999999702,0.16670300000001248,0.5379355367820796,129.3290377293514
106.0,153.0,158.0,225.0,168.0,115.0,116.0,154.080284,157.307432,224.635384,-1.080284000000006,0.6925679999999943,0.36461600000001226,1.3340197834874916,118.13128290169374
107.0,574.0,253.0,225.0,653.0,238.0,278.0,574.2164310000001,253.28843,225.70390799999996,-0.21643100000005688,-0.2884300000000053,-0.7039079999999558,0.7908986756373824,96.30680142129111
108.0,133.0,105.0,226.0,144.0,51.0,110.0,133.30435,105.11993799999999,225.58848999999998,-0.30434999999999945,-0.11993799999999055,0.41151000000002114,0.5256943279549579,128.42507543311004
109.0,573.0,131.0,226.0,652.0,90.0,281.0,572.9155020000001,132.090937,226.86161599999994,0.08449799999993957,-1.0909369999999967,-0.8616159999999411,1.3927187732736575,104.62791214585141
110.0,547.0,184.0,226.0,621.0,152.0,269.0,546.249048,183.171549,226.19134899999995,0.7509519999999839,0.8284510000000012,-0.1913489999999456,1.1344048684248305,91.37286249209882
111.0,534.0,97.0,227.0,607.0,46.0,267.0,533.914848,96.493635,227.24793499999996,0.08515199999999368,0.5063650000000024,-0.2479349999999556,0.5702000881742998,97.62171889492625
112.0,553.0,158.0,227.0,629.0,121.0,273.0,553.233563,157.698021,226.92083399999996,-0.23356300000000374,0.3019789999999887,0.07916600000004337,0.38988491502750117,96.23408959407264
113.0,224.0,112.0,228.0,248.0,61.0,148.0,224.099986,112.255216,228.193266,-0.09998600000000124,-0.25521600000000433,-0.19326599999999416,0.3353865733865925,97.86214794290998
114.0,552.0,158.0,228.0,627.0,122.0,274.0,551.9484550000001,158.51575400000002,228.22694199999998,0.05154499999991913,-0.5157540000000154,-0.22694199999997977,0.5658283723047107,95.06313691436866
115.0,134.0,188.0,228.0,144.0,153.0,112.0,134.724002,188.602044,228.129778,-0.7240020000000129,-0.6020440000000065,-0.12977799999998751,0.9505147043702287,121.57713600837947
116.0,236.0,117.0,229.0,260.0,66.0,153.0,234.77047000000002,116.219801,229.00915199999997,1.2295299999999827,0.7801989999999961,-0.00915199999997185,1.4562068052323305,94.62029380635002
117.0,185.0,171.0,229.0,203.0,134.0,134.0,186.130687,172.44487800000002,229.71226199999998,-1.1306869999999947,-1.444878000000017,-0.7122619999999813,1.968106369965051,103.52777405121778
118.0,169.0,159.0,230.0,183.0,117.0,128.0,168.877426,158.713348,230.081347,0.12257399999998597,0.2866520000000037,-0.08134699999999384,0.32219728271510556,111.1935249913411
119.0,172.0,90.0,231.0,186.0,34.0,131.0,171.25784,90.708275,230.82929199999998,0.7421600000000126,-0.7082750000000004,0.17070800000001896,1.0399981550411643,115.46428019088847
120.0,587.0,139.0,231.0,665.0,97.0,287.0,584.640969,137.675027,228.21401999999998,2.359030999999959,1.324973,2.7859800000000234,3.8835892252000517,104.80458005259122
121.0,552.0,163.0,231.0,626.0,126.0,277.0,551.987406,161.759445,230.85616199999998,0.012594000000035521,1.2405550000000005,0.14383800000001656,1.2489294163822897,94.66255859631093
122.0,237.0,116.0,233.0,261.0,66.0,159.0,237.109128,116.140727,233.41087299999998,-0.10912799999999834,-0.14072699999999827,-0.41087299999998095,0.4478053495013023,92.47702417357513
123.0,148.0,143.0,233.0,158.0,98.0,123.0,147.981336,143.36039499999998,232.50676799999997,0.018664000000001124,-0.3603949999999827,0.49323200000003453,0.6111552231184985,119.26860441876563
124.0,238.0,116.0,234.0,262.0,66.0,160.0,238.14648100000002,116.122848,233.92802899999998,-0.14648100000002273,-0.12284800000000473,0.0719710000000191,0.20427466633435135,92.47702417357513
125.0,226.0,110.0,236.0,248.0,58.0,159.0,226.936412,109.664511,236.710266,-0.93641199999999,0.3354889999999955,-0.7102659999999901,1.2222512399752206,95.4829827770373
126.0,219.0,112.0,236.0,238.0,61.0,155.0,218.150893,112.225943,236.22922699999998,0.8491070000000036,-0.2259430000000009,-0.2292269999999803,0.9080627479568786,97.58585963140357
127.0,558.0,184.0,236.0,631.0,153.0,285.0,558.1929590000001,183.738017,236.03406799999996,-0.19295900000008714,0.26198299999998653,-0.03406799999996224,0.3271527114269787,93.22553298319082
128.0,204.0,230.0,236.0,219.0,202.0,149.0,203.06749399999998,227.842109,237.86815299999998,0.9325060000000178,2.1578910000000064,-1.8681529999999782,3.0026749140268216,92.61749294814668
129.0,239.0,114.0,237.0,263.0,65.0,163.0,239.695541,115.261799,235.98933,-0.6955409999999915,-1.2617989999999963,1.0106700000000046,1.7599340464863984,91.94019795497506
130.0,226.0,178.0,237.0,245.0,142.0,158.0,225.08533500000001,178.463798,237.525828,0.9146649999999852,-0.46379799999999705,-0.52582799999999,1.152482421823847,88.87069258197553
131.0,177.0,205.0,237.0,188.0,173.0,138.0,175.859136,204.40951,237.09382799999997,1.1408639999999934,0.5904899999999884,-0.0938279999999736,1.2880422354022272,104.62313319720452
132.0,140.0,175.0,238.0,146.0,137.0,125.0,139.520539,175.332585,237.55523699999998,0.47946099999998637,-0.3325849999999946,0.4447630000000231,0.7336959580882287,119.36917525056458
133.0,498.0,91.0,239.0,562.0,40.0,266.0,498.632557,91.847522,238.10200099999994,-0.6325570000000198,-0.8475219999999979,0.8979990000000555,1.3873803021284832,86.17424209124209
134.0,240.0,102.0,239.0,262.0,49.0,167.0,239.818453,102.119411,239.20184299999997,0.1815469999999948,-0.11941099999999949,-0.20184299999996824,0.2965786519272504,92.07062506576133
135.0,212.0,106.0,240.0,230.0,54.0,157.0,212.39297399999998,106.515741,239.79334199999997,-0.39297399999998106,-0.5157410000000056,0.20665800000003287,0.6805327859265888,99.58413528268446
136.0,452.0,116.0,241.0,506.0,68.0,252.0,451.71857100000005,115.258084,242.04267899999996,0.281428999999946,0.7419160000000034,-1.0426789999999642,1.3102752116017076,73.08214556237385
137.0,578.0,311.0,241.0,651.0,309.0,296.0,577.97281,311.20653999999996,240.89520699999997,0.0271900000000187,-0.2065399999999613,0.10479300000002922,0.23319442649641342,91.42209798511517
138.0,571.0,83.0,242.0,645.0,30.0,299.0,571.631656,82.788595,242.08348899999993,-0.6316560000000209,0.21140499999999918,-0.08348899999992909,0.6713060326572481,107.39646176667088
139.0,208.0,141.0,242.0,223.0,96.0,157.0,207.32356,140.94028500000002,242.01824299999998,0.6764400000000137,0.059714999999982865,-0.018242999999984022,0.6793156570211052,97.33961166965892
140.0,193.0,185.0,244.0,206.0,150.0,153.0,193.54796199999998,185.294489,243.84923399999997,-0.5479619999999841,-0.29448899999999867,0.15076600000003282,0.6400910179974343,98.36157786453
141.0,482.0,323.0,244.0,538.0,322.0,262.0,481.427135,322.902982,243.95855899999998,0.5728649999999789,0.09701799999999139,0.04144100000002027,0.5824982034564362,58.83026432033091
142.0,407.0,90.0,245.0,453.0,38.0,238.0,406.624591,91.16759,244.642588,0.37540899999999056,-1.1675900000000041,0.3574120000000107,1.2774747211295456,69.77822009767804
143.0,196.0,179.0,245.0,209.0,143.0,155.0,196.338055,179.522247,244.55602199999998,-0.3380549999999971,-0.522246999999993,0.4439780000000155,0.7642902436365419,97.8008179924892
144.0,129.0,280.0,245.0,130.0,265.0,128.0,128.99617,280.17868400000003,245.28125599999998,0.0038299999999935608,-0.17868400000003248,-0.28125599999998485,0.3332380204778606,117.96185824239969
145.0,180.0,75.0,246.0,191.0,15.0,153.0,180.701557,74.855669,246.43865399999999,-0.7015570000000082,0.144330999999994,-0.43865399999998544,0.839899394883695,111.22050170719426
146.0,491.0,99.0,246.0,550.0,48.0,272.0,490.939539,98.391304,245.95801099999997,0.06046099999997523,0.6086959999999948,0.041989000000029364,0.6131308417116147,82.20705565825844
147.0,212.0,105.0,246.0,227.0,52.0,165.0,212.126156,104.797365,246.768555,-0.12615600000000882,0.2026350000000008,-0.7685549999999921,0.8047689529212657,97.95407086997457
148.0,239.0,115.0,246.0,258.0,64.0,173.0,238.403876,114.348917,245.04756399999997,0.5961240000000032,0.6510829999999999,0.9524360000000343,1.298617430331608,91.05492847726585
149.0,531.0,173.0,246.0,595.0,140.0,286.0,530.3633130000001,173.285822,246.03637999999998,0.636686999999938,-0.285821999999996,-0.03637999999997987,0.6988476629802216,82.37111144084436
150.0,158.0,185.0,246.0,164.0,149.0,142.0,158.03841200000002,184.847306,246.203304,-0.03841200000002232,0.15269399999999678,-0.20330400000000282,0.25714481483398005,110.21796586763884
151.0,554.0,177.0,247.0,622.0,145.0,297.0,554.251743,177.092373,247.61738899999995,-0.25174300000003313,-0.09237300000000914,-0.617388999999946,0.6731095650033149,90.26627277117406
152.0,479.0,213.0,247.0,535.0,188.0,267.0,479.215954,213.153979,247.32514099999997,-0.21595400000001064,-0.15397899999999254,-0.3251409999999737,0.41959782225124237,64.50581369148055
153.0,540.0,155.0,248.0,606.0,118.0,292.0,540.278961,155.139124,247.627549,-0.27896099999998114,-0.13912400000000957,0.3724510000000123,0.48568968930583784,87.52713864853574
154.0,603.0,148.0,250.0,677.0,110.0,320.0,602.669281,147.846456,250.86091799999997,0.3307190000000446,0.15354400000001078,-0.8609179999999697,0.9349495278468141,108.71982339941506
155.0,158.0,177.0,250.0,162.0,139.0,147.0,157.697383,176.61047100000002,250.51057299999997,0.3026169999999979,0.3895289999999818,-0.5105729999999653,0.7099258263078961,109.85900054160332
156.0,239.0,116.0,252.0,256.0,66.0,181.0,238.94941000000003,115.899669,251.80174399999999,0.05058999999997127,0.10033099999999706,0.19825600000001486,0.22788395993795263,88.48728722251576
157.0,588.0,141.0,252.0,659.0,101.0,317.0,587.821507,140.616465,253.11867599999997,0.17849300000000312,0.38353499999999485,-1.1186759999999651,1.1959911539179207,104.2401074443038
158.0,192.0,218.0,252.0,201.0,191.0,160.0,191.845744,218.80338799999998,250.983331,0.15425600000000372,-0.803387999999984,1.0166690000000074,1.3049302845903266,96.30160954002794
159.0,174.0,73.0,253.0,180.0,14.0,158.0,173.44603500000002,74.037822,253.170865,0.5539649999999767,-1.0378220000000056,-0.17086499999999205,1.188758416640649,111.99107107265293
160.0,452.0,108.0,253.0,502.0,59.0,265.0,451.91426100000007,107.753309,253.09444699999995,0.08573899999993273,0.24669099999999844,-0.09444699999994555,0.27771903321698604,71.02816342831905
161.0,181.0,87.0,254.0,189.0,29.0,162.0,181.613132,86.21848600000001,254.085919,-0.6131320000000073,0.7815139999999872,-0.08591899999998986,0.997034129897762,109.05044704172468
162.0,488.0,109.0,254.0,543.0,61.0,280.0,487.69657800000004,108.97586799999999,254.11746699999998,0.303421999999955,0.024132000000008702,-0.11746699999997645,0.32626026358869936,77.4919350642375
163.0,589.0,246.0,254.0,659.0,231.0,315.0,588.4469349999999,247.070903,252.82338,0.5530650000000605,-1.070902999999987,1.176620000000014,1.6843837905994206,94.05317644821997
164.0,597.0,310.0,254.0,669.0,309.0,321.0,598.466991,310.799045,255.642406,-1.4669910000000073,-0.7990449999999782,-1.642405999999994,2.3426551122480594,98.35649444749441
165.0,413.0,72.0,255.0,457.0,15.0,253.0,413.434129,72.131529,255.03459199999998,-0.43412899999998444,-0.13152900000000045,-0.03459199999997509,0.4549334818915672,72.03471385380801
166.0,193.0,206.0,255.0,202.0,177.0,165.0,193.800731,207.27486500000003,254.472605,-0.8007310000000132,-1.2748650000000339,0.5273950000000127,1.5951791086304763,94.98420921395304
167.0,388.0,293.0,255.0,425.0,285.0,236.0,386.522798,293.566912,252.75316499999997,1.477201999999977,-0.5669120000000021,2.246835000000033,2.7480506694333497,42.35563716909474
168.0,179.0,106.0,256.0,185.0,53.0,163.0,178.976585,105.87741500000001,256.13420399999995,0.023414999999999964,0.12258499999998662,-0.13420399999995425,0.18326499410958014,107.2100741535048
169.0,586.0,130.0,256.0,656.0,88.0,320.0,586.156419,129.95367199999998,256.1028329999999,-0.15641900000002806,0.0463280000000168,-0.10283299999991868,0.19284141939426191,103.73041983911952
170.0,156.0,166.0,256.0,157.0,125.0,153.0,155.250079,165.103549,256.33530199999996,0.7499210000000005,0.8964510000000132,-0.335301999999956,1.215908439334967,110.8647825055369
171.0,161.0,278.0,257.0,163.0,262.0,155.0,161.640808,277.206035,257.656883,-0.6408079999999927,0.7939650000000142,-0.6568829999999934,1.213470473385325,103.26664514740469
172.0,387.0,294.0,257.0,425.0,285.0,237.0,386.783059,293.554673,253.53007799999997,0.2169410000000198,0.44532700000002023,3.4699220000000253,3.505101741817804,43.87482193696061
173.0,182.0,88.0,258.0,188.0,32.0,167.0,182.16379,88.61900700000001,258.259284,-0.16379000000000588,-0.6190070000000105,-0.25928399999997964,0.6908147528860428,107.01868995647442
174.0,221.0,134.0,258.0,233.0,88.0,181.0,221.270224,134.040613,257.98913699999997,-0.2702240000000131,-0.04061300000000756,0.010863000000028933,0.27347473505610775,90.49309365912958
175.0,219.0,151.0,258.0,233.0,109.0,177.0,220.414295,151.282101,255.08478599999998,-1.4142950000000098,-0.2821010000000115,2.91521400000002,3.2524273991931247,92.30926280715278
176.0,200.0,197.0,258.0,208.0,165.0,172.0,200.17933,197.331048,258.23628199999996,-0.1793299999999931,-0.3310480000000098,-0.23628199999996014,0.44450108068258415,92.10863151735563
177.0,451.0,112.0,259.0,499.0,65.0,271.0,451.197441,112.608947,258.593282,-0.19744100000002618,-0.6089470000000006,0.4067180000000121,0.7584318880519337,68.24221567329127
178.0,586.0,135.0,260.0,655.0,94.0,324.0,586.4732610000001,134.822508,259.528328,-0.4732610000000932,0.17749200000000087,0.4716720000000123,0.6913420714589125,102.65476121447071
179.0,137.0,301.0,260.0,133.0,290.0,148.0,136.753041,300.384284,260.28227,0.24695900000000393,0.6157160000000204,-0.2822699999999827,0.7209516580444331,112.60994627474076
180.0,212.0,149.0,261.0,221.0,106.0,181.0,212.10379000000003,148.84474899999998,261.280479,-0.10379000000003202,0.15525100000002112,-0.2804790000000139,0.33696247052456896,91.26883367283708
181.0,207.0,161.0,262.0,215.0,120.0,180.0,207.304387,160.352516,262.197642,-0.3043869999999913,0.6474839999999915,-0.19764199999997345,0.7422596150869136,92.02716990106781
182.0,179.0,77.0,263.0,183.0,18.0,171.0,179.19596400000003,77.13656300000001,262.53018699999996,-0.195964000000032,-0.13656300000000954,0.46981300000004467,0.5270442080452616,109.36635680134911
183.0,139.0,138.0,263.0,135.0,91.0,155.0,138.374867,137.36762299999998,263.274628,0.6251330000000053,0.6323770000000195,-0.274628000000007,0.9306516406271657,117.8516016013359
184.0,172.0,150.0,263.0,173.0,106.0,168.0,171.419981,149.27457600000002,263.64894599999997,0.580018999999993,0.7254239999999754,-0.6489459999999667,1.1330458644966288,104.69957019969088
185.0,139.0,158.0,263.0,136.0,116.0,154.0,139.112073,157.841522,262.47998299999995,-0.11207300000000942,0.15847800000000234,0.5200170000000526,0.5550615408241302,116.8503316212667
186.0,195.0,209.0,263.0,200.0,178.0,176.0,195.118233,207.970208,263.54784299999994,-0.11823300000000359,1.0297919999999863,-0.5478429999999435,1.1724259286632612,92.49324299644812
187.0,538.0,248.0,263.0,597.0,231.0,307.0,538.185143,247.51849499999997,262.71301,-0.18514300000003914,0.48150500000002694,0.28699000000000296,0.5903289384521498,75.53806987208503
188.0,537.0,261.0,263.0,595.0,248.0,306.0,536.5205530000001,261.459778,262.620188,0.47944699999993645,-0.4597779999999716,0.37981200000001536,0.7651943481475308,73.3621155638249
189.0,475.0,283.0,263.0,525.0,274.0,281.0,475.84677800000003,283.446545,261.63205899999997,-0.8467780000000289,-0.4465450000000146,1.3679410000000303,1.6696400803137617,53.898051912847464
190.0,222.0,101.0,264.0,232.0,48.0,190.0,222.48288100000002,101.188422,264.85387099999997,-0.4828810000000203,-0.18842200000000275,-0.8538709999999696,0.9988856765846474,91.56964562561112
191.0,547.0,148.0,264.0,607.0,110.0,314.0,546.711275,148.31468999999998,264.38242999999994,0.28872499999999945,-0.3146899999999846,-0.38242999999994254,0.573275349744733,86.85620300243386
192.0,152.0,158.0,264.0,150.0,117.0,160.0,151.561742,158.50781999999998,263.514544,0.4382579999999905,-0.5078199999999811,0.4854559999999992,0.8280209869924625,111.80787092150534
193.0,216.0,98.0,265.0,224.0,44.0,187.0,215.45010200000002,97.995491,264.562464,0.5498979999999847,0.004508999999998764,0.4375360000000228,0.7027416970558977,95.20504188329524
194.0,152.0,163.0,265.0,149.0,122.0,161.0,151.088986,162.594681,264.59961899999996,0.9110139999999944,0.40531899999999155,0.4003810000000385,1.0744928781141427,111.83022847155415
195.0,158.0,157.0,266.0,157.0,116.0,166.0,158.554137,157.576214,266.34804199999996,-0.5541369999999972,-0.5762139999999931,-0.348041999999964,0.871908035476772,108.08330120791094
196.0,217.0,162.0,266.0,226.0,122.0,190.0,218.47263900000002,161.80547,267.128807,-1.4726390000000151,0.1945299999999861,-1.1288069999999948,1.8656668481993315,86.35392289873113
197.0,178.0,70.0,268.0,179.0,10.0,177.0,177.57864200000003,70.536153,268.15324499999997,0.4213579999999695,-0.5361529999999988,-0.15324499999996988,0.6989181880577753,109.00458705944443
198.0,144.0,134.0,268.0,141.0,87.0,164.0,145.344508,133.94886400000001,268.669579,-1.3445079999999905,0.051135999999985415,-0.6695789999999988,1.5028814623252797,114.16654501210063
199.0,545.0,199.0,268.0,602.0,172.0,316.0,543.892867,199.077316,267.83526299999994,1.1071329999999762,-0.07731599999999617,0.1647370000000592,1.1219890920655005,79.25906888173743
200.0,385.0,300.0,268.0,418.0,292.0,252.0,385.30903500000005,299.141412,267.069839,-0.30903500000005124,0.8585879999999975,0.9301609999999982,1.3030255066152865,37.53664875824692
201.0,367.0,313.0,270.0,396.0,308.0,247.0,367.052746,312.425759,269.05482399999994,-0.05274600000001328,0.5742409999999722,0.9451760000000604,1.1072003150167018,37.3496987939662
202.0,215.0,115.0,271.0,220.0,66.0,194.0,214.357491,115.943602,271.252865,0.6425089999999898,-0.9436019999999985,-0.2528649999999857,1.169249014414798,91.40568910084318
203.0,174.0,179.0,271.0,171.0,141.0,177.0,172.51667100000003,177.829925,271.499512,1.4833289999999693,1.170074999999997,-0.4995119999999815,1.9541884929581086,101.43470806385751
204.0,169.0,72.0,273.0,167.0,11.0,180.0,169.043136,71.385808,273.61074899999994,-0.04313600000000406,0.6141920000000027,-0.6107489999999416,0.8672409517319466,111.23848254988019
205.0,132.0,129.0,273.0,124.0,82.0,165.0,132.35013,129.93904500000002,273.81395599999996,-0.35013000000000716,-0.9390450000000214,-0.8139559999999619,1.2910929086866612,118.05507189443408
206.0,148.0,173.0,273.0,142.0,135.0,169.0,147.846025,173.17924499999998,272.759075,0.15397500000000264,-0.17924499999998034,0.24092500000000427,0.33746396292788927,110.8873302050329
207.0,171.0,175.0,273.0,169.0,138.0,178.0,171.196303,175.37289,272.766896,-0.19630300000000034,-0.3728900000000124,0.23310400000002574,0.48157999826095493,101.97058399362044
208.0,152.0,177.0,273.0,146.0,140.0,170.0,151.258729,177.237906,272.54536499999995,0.7412710000000118,-0.2379060000000095,0.45463500000005297,0.9015403171805851,109.60839383915814
209.0,153.0,180.0,273.0,148.0,144.0,172.0,153.368695,180.47691600000002,273.61840099999995,-0.36869500000000244,-0.476916000000017,-0.6184009999999489,0.8635998326088042,107.34057946554975
210.0,383.0,304.0,273.0,412.0,298.0,258.0,382.260939,304.01397000000003,273.347945,0.7390609999999924,-0.013970000000028904,-0.3479449999999815,0.8169896239524569,33.19638534539566
211.0,170.0,142.0,274.0,168.0,98.0,178.0,170.066611,142.63085,272.639413,-0.06661099999999465,-0.6308500000000095,1.3605870000000095,1.5012014296522758,105.62196741208714
212.0,179.0,182.0,274.0,176.0,145.0,183.0,177.99895700000002,181.003059,274.90092899999996,1.0010429999999815,0.9969409999999925,-0.9009289999999623,1.6756048186761938,98.28021163998376
213.0,186.0,187.0,274.0,185.0,152.0,185.0,185.57501200000002,186.658665,274.184709,0.4249879999999848,0.3413349999999866,-0.184708999999998,0.575536095349351,95.63994981178107
214.0,128.0,130.0,275.0,118.0,81.0,165.0,127.678763,129.15419300000002,275.36281699999995,0.32123699999999644,0.8458069999999793,-0.36281699999995,0.9747917043691573,120.8345976945345
215.0,135.0,155.0,275.0,126.0,112.0,168.0,134.949547,154.451808,275.915611,0.05045300000000452,0.5481920000000002,-0.9156110000000126,1.06836486154966,115.6676272774712
216.0,482.0,121.0,276.0,527.0,76.0,304.0,481.64159500000005,121.052752,277.064706,0.3584049999999479,-0.052751999999998134,-1.064706000000001,1.1246491826187244,69.52697318307479
217.0,141.0,163.0,276.0,133.0,123.0,171.0,141.266939,163.381223,276.534542,-0.2669390000000078,-0.38122300000000564,-0.5345419999999876,0.7087471729848347,112.6454615153225
218.0,371.0,293.0,276.0,398.0,284.0,257.0,370.9979800000001,292.643481,276.072096,0.002019999999902211,0.3565189999999916,-0.07209599999998773,0.3637412692794039,34.219877264537345
219.0,143.0,166.0,277.0,137.0,127.0,174.0,145.19135,166.596714,277.86497699999995,-2.19135,-0.5967139999999915,-0.8649769999999535,2.4302813892273685,110.29959202100432
220.0,150.0,177.0,277.0,144.0,144.0,177.0,151.561632,180.43828100000002,278.541994,-1.561632000000003,-3.4382810000000177,-1.5419939999999883,4.078996964257401,105.47511554864494
221.0,156.0,190.0,277.0,149.0,156.0,177.0,155.552872,190.234385,277.359381,0.4471279999999922,-0.23438500000000317,-0.35938099999998485,0.6196890185972184,105.8536725862641
222.0,520.0,241.0,277.0,570.0,222.0,317.0,519.726934,240.180157,277.40844999999996,0.2730659999999716,0.8198429999999917,-0.40844999999995935,0.9557923349268593,66.79071791798619
223.0,480.0,115.0,278.0,526.0,68.0,303.0,480.533722,114.521095,276.470102,-0.5337220000000116,0.47890499999999747,1.5298980000000029,1.6896144716215646,70.35623639735144
224.0,146.0,162.0,278.0,138.0,120.0,175.0,146.166998,160.847991,278.314366,-0.16699800000000664,1.1520089999999925,-0.3143660000000068,1.205752482908905,111.5212984142491
225.0,520.0,239.0,278.0,570.0,221.0,318.0,519.97838,239.349226,278.17568199999994,0.02161999999998443,-0.3492259999999874,-0.17568199999993794,0.3915231648318765,66.51315659326356
226.0,378.0,292.0,278.0,405.0,283.0,262.0,377.730114,291.724114,278.128681,0.2698859999999854,0.27588600000001406,-0.12868099999997185,0.4068296175956129,32.64965543462902
227.0,477.0,101.0,279.0,520.0,51.0,305.0,476.2418370000001,100.61269300000001,279.41789299999994,0.7581629999999109,0.38730699999999274,-0.41789299999993545,0.9483946468990666,70.88723439378913
228.0,150.0,130.0,279.0,142.0,83.0,177.0,149.46973300000002,130.509349,278.470967,0.5302669999999807,-0.5093489999999861,0.5290330000000267,0.9058120170206364,112.5921844534513
229.0,197.0,198.0,279.0,196.0,166.0,194.0,196.588783,197.94816199999997,278.455133,0.4112169999999935,0.051838000000032025,0.5448670000000106,0.6845923217667648,90.82951062292474
230.0,376.0,295.0,279.0,402.0,287.0,262.0,375.434098,295.015802,278.94667599999997,0.5659019999999941,-0.015802000000007865,0.0533240000000319,0.568628372299516,32.07802986469088
231.0,581.0,128.0,280.0,640.0,86.0,346.0,580.4721030000001,128.088314,280.43932099999995,0.527896999999939,-0.0883139999999969,-0.4393209999999499,0.6924431718530345,97.98469268207153
232.0,574.0,188.0,280.0,632.0,159.0,342.0,573.8578180000001,187.946906,280.11643799999996,0.1421819999999343,0.05309399999998732,-0.11643799999995963,0.19129166684403837,89.71621926942753
233.0,109.0,275.0,280.0,93.0,258.0,162.0,109.030935,274.240394,281.23954,-0.03093499999999949,0.7596060000000193,-1.2395399999999768,1.4541037311901004,120.28715642162301
234.0,611.0,288.0,280.0,674.0,282.0,355.0,610.96332,288.250035,280.49727599999994,0.036680000000046675,-0.2500350000000253,-0.49727599999994254,0.5578049334677482,98.13256340277675
235.0,132.0,144.0,281.0,121.0,100.0,172.0,131.99935100000002,144.60674799999998,280.205876,0.00064899999998147,-0.6067479999999819,0.7941240000000107,0.9993880548020349,118.05930712993364
236.0,192.0,126.0,282.0,191.0,77.0,196.0,192.43931,125.08829600000001,280.44613499999997,-0.4393100000000061,0.9117039999999861,1.5538650000000302,1.8543715641534935,98.98484732523458
237.0,373.0,316.0,282.0,398.0,313.0,266.0,373.59596400000004,316.275398,283.345062,-0.5959640000000377,-0.2753979999999956,-1.3450619999999844,1.496732752211964,29.832867780352597
238.0,149.0,157.0,283.0,142.0,119.0,181.0,150.82811700000002,159.93330500000002,281.92713499999996,-1.8281170000000202,-2.9333050000000185,1.0728650000000357,3.619023251782069,109.07336980216573
239.0,150.0,158.0,283.0,142.0,117.0,184.0,151.59127,158.259204,284.238512,-1.5912700000000086,-0.2592040000000111,-1.2385120000000143,2.0330368665275276,107.45231500530828
240.0,146.0,127.0,284.0,137.0,80.0,180.0,146.33861100000001,128.044756,282.071448,-0.33861100000001443,-1.0447560000000067,1.9285520000000247,2.2193434447063662,114.48143954370944
241.0,391.0,311.0,285.0,417.0,307.0,275.0,390.65017100000006,311.145935,285.34380999999996,0.3498289999999429,-0.14593500000000859,-0.3438099999999622,0.5117447308628947,28.142494558940577
242.0,355.0,326.0,285.0,374.0,325.0,260.0,353.48997,326.308496,285.03392399999996,1.510029999999972,-0.308495999999991,-0.03392399999995632,1.5415937275079665,31.416556144810016
243.0,351.0,280.0,286.0,373.0,265.0,262.0,352.70450000000005,277.168138,286.266647,-1.7045000000000528,2.831862000000001,-0.26664699999997765,3.316001094639924,35.84689665786984
244.0,133.0,126.0,288.0,119.0,78.0,182.0,132.853847,126.48441400000002,288.28153799999995,0.1461529999999982,-0.4844140000000152,-0.281537999999955,0.5790347729186813,117.2006825918689
245.0,123.0,171.0,288.0,107.0,131.0,177.0,122.69463300000001,170.003965,288.02715,0.30536699999998973,0.9960350000000062,-0.027150000000006003,1.0421477094989973,119.06720791217035
246.0,568.0,178.0,288.0,623.0,147.0,349.0,568.580037,178.087689,287.77646999999996,-0.5800369999999475,-0.08768900000001167,0.2235300000000393,0.6277722062897965,87.78952101475437
247.0,190.0,188.0,288.0,185.0,154.0,203.0,190.27734,188.075747,288.18850499999996,-0.27734000000000947,-0.07574700000000689,-0.18850499999996373,0.34378658879309504,91.68424073961675
248.0,134.0,125.0,290.0,120.0,76.0,185.0,134.394092,124.80467300000001,290.33315799999997,-0.39409200000000055,0.1953269999999918,-0.333157999999969,0.5517747677784628,116.71332400373147
249.0,399.0,133.0,291.0,425.0,90.0,288.0,398.337445,133.28554400000002,291.264846,0.6625549999999976,-0.2855440000000158,-0.26484599999997727,0.7685427168850106,50.33885179461288
250.0,133.0,185.0,291.0,118.0,151.0,185.0,133.501033,186.217853,291.57874699999996,-0.5010330000000067,-1.217852999999991,-0.5787469999999644,1.4384533661912517,112.32542009714453
251.0,115.0,77.0,292.0,96.0,18.0,181.0,114.19157,77.504853,292.898176,0.8084300000000013,-0.5048529999999971,-0.8981759999999781,1.309639547159813,127.13378779852349
252.0,590.0,150.0,293.0,646.0,113.0,363.0,589.7970970000001,149.951095,292.34968699999996,0.20290299999987838,0.04890499999999065,0.6503130000000397,0.6829848639633248,96.97937925146768
253.0,589.0,152.0,293.0,644.0,117.0,363.0,588.278173,153.237143,292.907925,0.721826999999962,-1.2371430000000032,0.09207500000002256,1.4352821416024646,95.65563234854496
254.0,187.0,87.0,294.0,180.0,31.0,210.0,187.12946200000002,87.319158,293.734918,-0.12946200000001795,-0.3191580000000016,0.2650820000000067,0.43461558316748056,101.19782606360673
255.0,382.0,320.0,294.0,403.0,318.0,281.0,381.42941400000007,320.15707299999997,293.748377,0.5705859999999348,-0.1570729999999685,0.25162299999999505,0.6430819892159266,24.779023386727733
256.0,188.0,83.0,295.0,181.0,27.0,211.0,188.131555,84.026511,294.21335,-0.13155499999999165,-1.0265109999999993,0.7866500000000087,1.2999422193490024,101.19782606360673
257.0,541.0,234.0,295.0,588.0,215.0,345.0,540.940193,234.00510100000002,294.418621,0.05980699999997796,-0.005101000000024669,0.5813790000000267,0.5844693653999572,71.20393247567159
258.0,341.0,319.0,295.0,356.0,316.0,267.0,341.24480600000004,318.956115,295.06081199999994,-0.2448060000000396,0.04388499999998885,-0.06081199999994169,0.2560350956509895,31.906112267087632
259.0,106.0,157.0,297.0,85.0,116.0,181.0,106.507428,157.798709,296.70424099999997,-0.5074280000000044,-0.7987090000000023,0.2957590000000323,0.991409414896806,124.8118584109699
260.0,605.0,162.0,297.0,662.0,127.0,374.0,605.21685,161.18791399999998,296.87515199999996,-0.2168500000000222,0.8120860000000221,0.1248480000000427,0.849761505953321,101.99509792141973
261.0,477.0,244.0,298.0,513.0,227.0,325.0,477.55885300000006,244.497185,298.47830799999997,-0.558853000000056,-0.49718500000000176,-0.47830799999997,0.8878559245159293,48.104053883222775
262.0,384.0,79.0,299.0,405.0,23.0,293.0,383.50630500000005,78.484785,299.695924,0.4936949999999456,0.5152149999999978,-0.6959239999999909,0.9967404190790756,60.108235708594876
263.0,137.0,122.0,299.0,121.0,72.0,196.0,137.998795,121.389636,298.58072,-0.9987950000000012,0.6103640000000041,0.41928000000001475,1.243354890174571,115.60709320798617
264.0,588.0,161.0,300.0,640.0,127.0,372.0,587.600304,161.33647200000001,301.03598,0.399695999999949,-0.33647200000001476,-1.035979999999995,1.1602693047736627,95.09994742374992
265.0,104.0,281.0,301.0,79.0,266.0,182.0,103.42738700000001,280.62411,300.491846,0.5726129999999898,0.3758900000000267,0.5081539999999904,0.8528771468300688,122.51938622112013
266.0,593.0,155.0,302.0,645.0,120.0,375.0,592.204842,155.540711,302.000167,0.7951580000000149,-0.5407109999999875,-0.00016699999997626946,0.9615844520238512,96.21850133939938
267.0,491.0,310.0,303.0,526.0,307.0,334.0,490.708598,309.809074,302.868164,0.29140200000000505,0.19092599999999038,0.13183600000002116,0.3724897233159659,46.850827100489916
268.0,150.0,81.0,304.0,133.0,23.0,208.0,150.015096,81.05918,304.31222299999996,-0.015095999999999776,-0.05917999999999779,-0.3122229999999604,0.3181404773759149,113.44161493913951
269.0,595.0,160.0,304.0,648.0,126.0,379.0,595.630052,160.386987,304.38663399999996,-0.6300519999999779,-0.38698700000000485,-0.3866339999999582,0.8343921804696779,97.92854537876073
270.0,597.0,169.0,304.0,649.0,136.0,379.0,596.4952940000001,168.568267,304.223687,0.5047059999999419,0.43173300000000836,-0.22368699999998398,0.7008262293136163,97.04638066409278
271.0,482.0,308.0,304.0,515.0,305.0,332.0,481.62243400000006,308.258208,304.15230299999996,0.3775659999999448,-0.25820800000002464,-0.15230299999996078,0.4821033700659632,43.382023926967726
272.0,489.0,313.0,304.0,523.0,312.0,334.0,488.421397,313.919454,303.69584,0.5786029999999869,-0.9194539999999733,0.3041600000000244,1.1281358053554327,45.35416188179427
273.0,594.0,161.0,305.0,647.0,127.0,380.0,595.1220360000001,161.19908,305.432985,-1.1220360000000937,-0.19908000000000925,-0.43298499999997375,1.219046201717224,97.92854537876073
274.0,484.0,311.0,305.0,516.0,309.0,333.0,482.69504700000005,311.51509699999997,304.70818299999996,1.304952999999955,-0.5150969999999688,0.2918170000000373,1.4329635072488316,42.567593307585526
275.0,481.0,318.0,305.0,514.0,316.0,332.0,480.9423070000001,317.26946,304.518551,0.05769299999991517,0.7305400000000191,0.4814489999999978,0.8768182898696947,42.68489194082609
276.0,429.0,207.0,306.0,455.0,180.0,315.0,429.47060200000004,206.46817099999998,305.32007699999997,-0.47060200000004215,0.5318290000000161,0.6799230000000307,0.9831600142266256,38.54867053479276
277.0,612.0,180.0,307.0,666.0,150.0,387.0,611.9113560000001,179.836163,306.15865599999995,0.08864399999993111,0.1638370000000009,0.8413440000000492,0.8617192394516157,101.07423014794622
278.0,426.0,212.0,307.0,450.0,185.0,316.0,425.88947800000005,210.57759199999998,307.44417999999996,0.11052199999994627,1.4224080000000185,-0.4441799999999603,1.4942407782375655,37.22902093797257
279.0,447.0,276.0,307.0,474.0,265.0,323.0,447.06671300000005,275.851919,307.42288299999996,-0.06671300000004976,0.14808099999999058,-0.42288299999995616,0.45299960112451176,33.25657829663178
280.0,513.0,103.0,309.0,551.0,55.0,354.0,513.119738,103.11291,309.47288699999996,-0.11973799999998391,-0.1129099999999994,-0.4728869999999574,0.5007074709977432,75.9802605944465
281.0,510.0,326.0,309.0,546.0,327.0,348.0,510.0703920000001,325.898768,308.743426,-0.0703920000000835,0.10123199999998178,0.2565740000000005,0.2846632553808242,53.08483775994799
282.0,383.0,328.0,309.0,399.0,327.0,299.0,383.085079,327.327559,308.858968,-0.08507900000000745,0.6724409999999921,0.1410319999999956,0.6923188281030564,18.894443627691185
283.0,464.0,284.0,312.0,491.0,274.0,334.0,463.21948299999997,282.989638,311.64018599999997,0.7805170000000317,1.0103619999999864,0.3598140000000285,1.3264630688145986,36.235341863986875
284.0,449.0,326.0,313.0,473.0,326.0,329.0,448.3889020000001,325.724337,312.934659,0.6110979999999131,0.27566300000000865,0.06534099999998944,0.6735727885343181,28.844410203711913
285.0,545.0,321.0,314.0,584.0,321.0,367.0,544.4919570000001,320.539755,313.575921,0.5080429999999296,0.46024499999998625,0.4240790000000061,0.8060869358294557,65.80273550544841
286.0,546.0,322.0,314.0,585.0,323.0,368.0,545.5469400000001,322.15925999999996,314.11243899999994,0.45305999999993674,-0.15925999999996066,-0.112438999999938,0.4932237219770722,66.61831579978588
287.0,555.0,224.0,316.0,596.0,204.0,376.0,555.1280550000001,224.57495999999998,316.31837699999994,-0.12805500000013126,-0.5749599999999759,-0.3183769999999413,0.6695827049394036,75.37240874484509
288.0,508.0,82.0,318.0,542.0,30.0,362.0,507.9876230000001,82.59845800000001,317.78397899999993,0.012376999999901273,-0.5984580000000079,0.21602100000006885,0.6363727212365696,76.13146524269712
289.0,496.0,247.0,318.0,527.0,231.0,355.0,496.28123100000005,247.325823,318.187824,-0.28123100000004797,-0.32582300000001396,-0.1878239999999778,0.4696055341092434,50.85272854036448
290.0,507.0,249.0,319.0,540.0,234.0,361.0,507.97143800000003,249.63514499999997,319.50150399999995,-0.9714380000000347,-0.6351449999999659,-0.5015039999999544,1.2643603999196504,55.47972602672079
291.0,506.0,256.0,319.0,539.0,241.0,360.0,506.99579000000006,255.383868,319.05211499999996,-0.9957900000000564,0.6161319999999932,-0.052114999999957945,1.1721485992608187,54.72659317004851
292.0,510.0,252.0,320.0,542.0,237.0,362.0,509.8123280000001,252.067702,319.787946,0.1876719999999068,-0.06770199999999704,0.21205400000002328,0.291155009065574,54.89080068645383
293.0,476.0,255.0,321.0,503.0,239.0,350.0,476.40023800000006,254.071914,320.614875,-0.4002380000000585,0.9280860000000075,0.38512500000001637,1.0815985140823157,42.731721238442994
294.0,490.0,264.0,323.0,519.0,253.0,357.0,490.778947,265.357689,322.032688,-0.7789470000000165,-1.3576889999999935,0.9673119999999926,1.8400462915030138,46.021733996015406
295.0,473.0,105.0,324.0,499.0,57.0,355.0,472.988845,105.03133500000001,323.776526,0.011154999999973825,-0.03133500000001277,0.22347400000001016,0.22593570971850546,62.77738446287803
296.0,610.0,147.0,324.0,657.0,111.0,408.0,610.0392240000001,147.700916,324.434083,-0.03922400000010384,-0.7009160000000065,-0.4340829999999869,0.8253785871471382,102.76672613253767
297.0,141.0,105.0,325.0,115.0,52.0,228.0,141.488295,104.657988,324.806858,-0.4882949999999937,0.3420119999999969,0.19314200000002302,0.6266642221580873,113.55175031676086
298.0,136.0,93.0,326.0,108.0,38.0,228.0,135.925241,93.23578,326.489623,0.07475900000000024,-0.23578000000000543,-0.4896229999999946,0.5485542804590967,115.81450686334593
299.0,432.0,150.0,326.0,450.0,111.0,342.0,432.0039540000001,149.67617,326.92752399999995,-0.003954000000078395,0.32382999999998674,-0.9275239999999485,0.982436905654453,45.83666654546336
300.0,431.0,152.0,327.0,449.0,114.0,341.0,430.99304600000005,152.150125,326.43941099999995,0.006953999999950611,-0.15012500000000273,0.56058900000005,0.5803842698265143,44.31703961232068
301.0,610.0,79.0,328.0,657.0,28.0,414.0,610.869145,79.676046,328.292038,-0.8691450000000032,-0.6760459999999995,-0.2920379999999909,1.1391827854146144,110.48076755707302
302.0,483.0,198.0,328.0,507.0,170.0,362.0,482.02350300000006,197.412738,328.230814,0.976496999999938,0.5872620000000097,-0.2308140000000094,1.162625541715343,50.15974481593781
303.0,612.0,105.0,329.0,658.0,60.0,416.0,612.448839,105.844072,329.895899,-0.44883900000002086,-0.844071999999997,-0.8958989999999858,1.310171365625882,108.21275340735028
304.0,427.0,153.0,329.0,444.0,115.0,343.0,427.636923,152.972539,329.301703,-0.6369230000000243,0.02746099999998819,-0.30170299999997496,0.7053011517493895,43.9203825119955
305.0,472.0,235.0,329.0,494.0,215.0,359.0,471.537199,234.36391500000002,329.71256099999994,0.4628010000000131,0.63608499999998,-0.7125609999999369,1.0613821515113664,42.23742416388575
306.0,148.0,117.0,330.0,120.0,67.0,237.0,147.848329,116.800017,330.64550499999996,0.15167099999999323,0.19998300000000313,-0.6455049999999574,0.6925850110671933,109.23827168167757
307.0,508.0,71.0,332.0,536.0,16.0,379.0,507.62609800000007,70.962547,332.41450799999996,0.37390199999993,0.03745299999999929,-0.41450799999995525,0.5594839719571156,77.57576941287789
308.0,608.0,149.0,332.0,652.0,113.0,416.0,608.2534820000001,149.268588,331.96753399999994,-0.25348200000007637,-0.26858799999999405,0.03246600000005628,0.37073801966353437,101.42977866484773
309.0,618.0,72.0,333.0,664.0,19.0,423.0,618.5718030000002,72.158187,333.378827,-0.571803000000159,-0.15818699999999808,-0.37882700000000114,0.703911708744202,114.12712210513327
310.0,127.0,221.0,333.0,94.0,194.0,230.0,126.94161500000001,221.006214,333.190283,0.05838499999998703,-0.006213999999999942,-0.19028300000002218,0.19913573790258474,111.476454913134
311.0,498.0,291.0,333.0,523.0,284.0,372.0,498.0644950000001,290.530996,332.94746599999996,-0.06449500000007902,0.469003999999984,0.05253400000003694,0.476323606592198,46.850827100489916
312.0,610.0,99.0,334.0,654.0,51.0,422.0,610.822702,98.42497,335.509276,-0.8227020000000493,0.5750299999999982,-1.5092759999999998,1.8125705850752623,109.47145746723207
313.0,455.0,138.0,334.0,475.0,98.0,358.0,455.48083500000007,138.69635,332.73835399999996,-0.48083500000007007,-0.6963499999999954,1.2616460000000416,1.5191630093710042,50.75431016179808
314.0,615.0,153.0,334.0,659.0,118.0,420.0,614.778245,153.273612,333.30529199999995,0.22175500000003012,-0.2736120000000142,0.6947080000000483,0.7788825404597848,102.74726273726225
315.0,491.0,275.0,334.0,514.0,265.0,371.0,490.64292100000006,275.038847,334.32442699999996,0.35707899999994197,-0.03884699999997565,-0.3244269999999574,0.48401175603380653,44.69899327725402
316.0,136.0,106.0,337.0,104.0,55.0,240.0,136.08986,107.029236,337.01618399999995,-0.0898599999999874,-1.0292359999999974,-0.016183999999952903,1.0332780289699335,114.16654501210063
317.0,493.0,279.0,338.0,515.0,271.0,376.0,492.77420800000004,279.884164,338.00732099999993,0.2257919999999558,-0.8841639999999984,-0.00732099999993352,0.9125686841005318,44.63182720884279
318.0,118.0,219.0,339.0,82.0,190.0,233.0,118.36203400000001,217.762409,338.599382,-0.3620340000000084,1.237591000000009,0.4006180000000086,1.3502573393101907,115.64168798491312
319.0,421.0,163.0,341.0,432.0,128.0,354.0,421.28928500000006,163.548586,341.090683,-0.2892850000000635,-0.5485860000000002,-0.09068300000001273,0.6267821129467874,38.92300091205713
320.0,124.0,224.0,341.0,88.0,197.0,238.0,124.387596,223.39821799999999,340.99317199999996,-0.38759600000000205,0.6017820000000142,0.0068280000000413565,0.7158343777187705,112.40106761058811
321.0,134.0,102.0,345.0,100.0,49.0,248.0,135.01068999999998,102.041732,344.21243,-1.0106899999999825,-0.041731999999996106,0.7875700000000165,1.2819915525556282,115.6460116043783
322.0,449.0,138.0,350.0,461.0,99.0,375.0,449.034799,139.385939,349.59215399999994,-0.0347990000000209,-1.3859390000000076,0.4078460000000632,1.4451215318574677,47.853944456021594
323.0,109.0,149.0,350.0,67.0,107.0,244.0,108.83688000000001,149.760944,350.238257,0.16311999999999216,-0.760943999999995,-0.23825699999997596,0.8138859278701029,121.50720143267229
324.0,623.0,113.0,352.0,662.0,71.0,443.0,622.6812189999999,114.49667099999999,349.94001299999996,0.31878100000005816,-1.496670999999992,2.059987000000035,2.5661628647401082,107.54533927604673
325.0,101.0,118.0,352.0,57.0,69.0,243.0,100.470729,118.71928700000001,351.69103599999994,0.5292709999999943,-0.7192870000000084,0.30896400000005997,0.9449657840927591,127.34991166074674
326.0,446.0,131.0,353.0,456.0,90.0,378.0,445.850787,132.009194,353.134549,0.14921299999997473,-1.009194000000008,-0.1345489999999927,1.028999748496571,49.05099387372289
327.0,125.0,99.0,354.0,85.0,46.0,256.0,125.409953,99.572344,354.29504599999996,-0.40995300000000157,-0.5723440000000011,-0.2950459999999566,0.7633421635550973,118.37651794169315
328.0,126.0,100.0,354.0,86.0,47.0,255.0,125.935599,100.39763500000001,353.268057,0.0644010000000037,-0.3976350000000082,0.7319430000000011,0.8354649228274091,119.20570456148481
329.0,533.0,242.0,356.0,555.0,226.0,414.0,533.351131,242.35234200000002,356.70408999999995,-0.3511310000000094,-0.35234200000002147,-0.704089999999951,0.8620792261880301,64.06246951218786
330.0,432.0,180.0,357.0,438.0,147.0,376.0,431.845064,178.800636,356.80816599999997,0.1549360000000206,1.1993640000000028,0.19183400000002848,1.224450673627984,38.54867053479276
331.0,441.0,226.0,357.0,448.0,206.0,377.0,440.3963300000001,227.034825,355.55868799999996,0.6036699999999087,-1.034825000000012,1.441312000000039,1.874209308180126,29.13760456866693
332.0,465.0,232.0,357.0,476.0,212.0,388.0,465.07066700000007,231.654428,356.889621,-0.07066700000007131,0.3455720000000042,0.1103790000000231,0.36959079495303737,38.49675310984031
333.0,534.0,241.0,357.0,556.0,225.0,415.0,534.379669,241.51577100000003,357.21156499999995,-0.37966900000003534,-0.5157710000000293,-0.2115649999999505,0.6744835233176835,64.06246951218786
334.0,488.0,145.0,358.0,502.0,106.0,399.0,487.20354000000003,144.59180700000002,357.65579599999995,0.7964599999999677,0.40819299999998293,0.34420400000004747,0.9588777036019596,58.29236656715869
335.0,530.0,241.0,358.0,551.0,225.0,415.0,530.4942090000001,241.543971,358.51034999999996,-0.49420900000006895,-0.5439709999999991,-0.5103499999999599,0.8947648333623904,62.81719509815764
336.0,181.0,159.0,361.0,146.0,119.0,284.0,180.743368,158.650128,360.91014599999994,0.2566319999999962,0.34987200000000485,0.08985400000005939,0.4431073697468957,93.56281312572854
337.0,479.0,253.0,361.0,490.0,238.0,398.0,478.78175500000003,252.73906999999997,361.27385899999996,0.2182449999999676,0.2609300000000303,-0.273858999999959,0.43670825136008046,41.41255848169731
338.0,625.0,138.0,362.0,660.0,100.0,458.0,625.286585,138.06643400000002,362.39397099999996,-0.28658499999994547,-0.0664340000000152,-0.393970999999965,0.4916885064977045,109.01834707974616
339.0,493.0,154.0,362.0,507.0,118.0,406.0,493.016607,154.302238,361.911574,-0.0166070000000218,-0.30223799999998846,0.08842600000002676,0.31534545909050044,58.54912467321779
340.0,370.0,115.0,363.0,362.0,70.0,362.0,368.46366300000005,116.361338,364.92747899999995,1.5363369999999463,-1.3613380000000035,-1.9274789999999484,2.815803228788128,45.71651780264984
341.0,361.0,103.0,364.0,354.0,52.0,358.0,361.04721300000006,101.718958,363.72362499999997,-0.04721300000005613,1.2810419999999993,0.27637500000003,1.3113660106004046,51.82663407939975
342.0,583.0,171.0,365.0,609.0,140.0,444.0,582.3638390000001,171.2731,365.15203599999995,0.6361609999999018,-0.27309999999999945,-0.15203599999995276,0.7088013637239,88.75809822207775
343.0,430.0,307.0,366.0,431.0,304.0,384.0,429.871463,307.27684800000003,366.36168599999996,0.12853699999999435,-0.2768480000000295,-0.3616859999999633,0.4732687799432669,18.275666882497067
344.0,497.0,315.0,368.0,508.0,314.0,411.0,496.822744,314.699035,367.433858,0.17725599999999986,0.30096500000001924,0.5661420000000135,0.6652190503323148,44.395945760846224
345.0,419.0,252.0,369.0,417.0,236.0,384.0,418.392755,251.684752,369.339976,0.6072449999999776,0.31524799999999686,-0.33997599999997874,0.7640101256560389,22.02271554554524
346.0,483.0,254.0,371.0,490.0,240.0,411.0,482.182778,254.21734700000002,371.39309,0.8172220000000152,-0.21734700000001794,-0.3930899999999724,0.932529497545794,42.95346318982906
347.0,437.0,299.0,372.0,436.0,294.0,394.0,436.27138300000007,298.93933799999996,372.73522099999997,0.7286169999999288,0.06066200000003619,-0.7352209999999673,1.0368763329220376,22.58317958127243
348.0,492.0,174.0,373.0,501.0,142.0,418.0,491.68874700000003,173.837818,373.02541599999995,0.31125299999996514,0.16218200000000138,-0.025415999999950145,0.3518911823120554,55.94640292279746
349.0,419.0,255.0,373.0,416.0,239.0,387.0,418.422891,254.10975100000002,371.959515,0.5771090000000072,0.890248999999983,1.0404849999999897,1.4860037399370691,21.470910553583888
350.0,480.0,245.0,374.0,486.0,229.0,413.0,479.4979670000001,245.209817,373.87945299999996,0.5020329999999262,-0.20981699999998682,0.12054700000004459,0.5573077119392223,42.579337712087536
351.0,464.0,248.0,374.0,468.0,231.0,408.0,464.22663600000004,247.00991599999998,374.68987599999997,-0.2266360000000418,0.9900840000000244,-0.6898759999999697,1.2278269824889927,38.22302970723278
352.0,403.0,263.0,374.0,397.0,249.0,384.0,402.96551,262.44054800000004,374.66096899999997,0.03449000000000524,0.5594519999999648,-0.660968999999966,0.8666349400785291,18.2208671582886
353.0,451.0,138.0,375.0,453.0,99.0,406.0,450.88615400000003,139.05165,375.754513,0.11384599999996681,-1.051649999999995,-0.7545129999999745,1.2993146275575225,49.85980344927164
354.0,603.0,308.0,375.0,629.0,308.0,461.0,603.8110360000001,308.492493,374.790825,-0.8110360000000583,-0.4924930000000245,0.2091750000000161,0.9716392998279378,89.8443097808648
355.0,575.0,311.0,375.0,595.0,310.0,451.0,574.804928,310.444027,375.872795,0.19507199999998193,0.5559729999999945,-0.8727949999999964,1.0530575359105412,78.59389289251423
356.0,571.0,170.0,376.0,592.0,138.0,453.0,571.4779940000001,169.621445,376.54076,-0.47799400000008063,0.37855500000000575,-0.5407599999999775,0.8149868279064743,85.98837130682264
357.0,96.0,267.0,376.0,41.0,251.0,267.0,95.88785100000001,267.517735,376.255002,0.11214899999998806,-0.517735000000016,-0.2550019999999904,0.5879225700974653,123.13407326974935
358.0,555.0,101.0,377.0,574.0,54.0,448.0,555.448573,101.014032,376.51861699999995,-0.4485730000000103,-0.014032000000000266,0.48138300000005074,0.6581369356312242,87.24104538575865
359.0,575.0,309.0,377.0,594.0,308.0,452.0,574.270467,308.800044,376.89010299999995,0.7295329999999467,0.19995599999998603,0.10989700000004632,0.7643808936871244,77.37570678190927
360.0,457.0,167.0,379.0,459.0,133.0,412.0,457.409982,166.779904,379.186603,-0.4099820000000136,0.22009600000001228,-0.18660299999999097,0.5013463564732601,47.4236228055175
361.0,428.0,301.0,380.0,424.0,296.0,400.0,428.52547500000003,300.570968,380.533145,-0.5254750000000286,0.4290320000000065,-0.5331449999999904,0.8628070605147048,21.0
362.0,386.0,102.0,381.0,376.0,53.0,388.0,385.95988200000005,102.0464,381.326042,0.040117999999949916,-0.04640000000000555,-0.32604199999997263,0.3317616609675968,50.49752469181039
363.0,572.0,177.0,381.0,590.0,147.0,459.0,571.564711,176.92751900000002,381.80888099999993,0.4352890000000116,0.07248099999998203,-0.8088809999999285,0.9214219885822629,85.48684109265004
364.0,472.0,255.0,381.0,474.0,242.0,419.0,471.84902400000004,255.847059,381.783868,0.15097599999995737,-0.8470590000000016,-0.783867999999984,1.1639380324918354,40.2119385257662
365.0,477.0,255.0,381.0,480.0,240.0,419.0,476.493946,254.175835,380.205964,0.506054000000006,0.8241649999999936,0.7940360000000055,1.2513319972880916,40.963398296528084
366.0,607.0,307.0,382.0,630.0,306.0,471.0,607.1731080000001,306.727079,382.28083599999997,-0.1731080000000702,0.27292099999999664,-0.2808359999999652,0.42816014620817167,91.92932067626738
367.0,580.0,177.0,383.0,599.0,148.0,464.0,579.8686590000001,177.634256,383.36531399999996,0.13134099999990667,-0.6342559999999935,-0.3653139999999553,0.7436299149529519,88.10788840960836
368.0,569.0,216.0,383.0,586.0,195.0,459.0,568.8794630000001,216.247295,383.312597,0.12053699999989931,-0.24729500000000826,-0.31259699999998247,0.4164143006705808,80.65977932030313
369.0,415.0,258.0,383.0,408.0,244.0,398.0,415.1131010000001,258.113702,382.632019,-0.1131010000000856,-0.11370199999998931,0.3679809999999861,0.4014100115418233,21.6794833886788
370.0,491.0,268.0,383.0,496.0,257.0,427.0,491.15936100000005,267.905447,382.42973299999994,-0.15936100000004672,0.09455300000001898,0.570267000000058,0.5996170856630794,45.628938186199335
371.0,545.0,213.0,384.0,559.0,191.0,451.0,545.7806310000001,213.22271899999998,384.072008,-0.7806310000000849,-0.22271899999998368,-0.07200799999998253,0.8149685044135895,71.89575787207477
372.0,604.0,304.0,384.0,626.0,303.0,472.0,604.2985560000001,304.281324,384.067734,-0.298556000000076,-0.2813239999999837,-0.0677339999999731,0.41577250133700827,90.71383576941281
373.0,427.0,251.0,385.0,420.0,235.0,405.0,426.18069700000007,250.59212100000002,384.86619699999994,0.819302999999934,0.4078789999999799,0.13380300000005718,0.9249464456166588,26.551836094703507
374.0,410.0,117.0,386.0,403.0,72.0,402.0,410.75250500000004,117.277922,385.37332399999997,-0.752505000000042,-0.2779220000000038,0.6266760000000318,1.0179524655331922,48.27007354458868
375.0,476.0,270.0,386.0,477.0,259.0,425.0,475.8917210000001,269.674469,385.830652,0.10827899999992496,0.3255310000000122,0.1693480000000136,0.38258792310525996,40.53393639902249
376.0,422.0,104.0,388.0,415.0,56.0,410.0,422.0186570000001,104.01325800000001,388.316648,-0.01865700000007564,-0.013258000000007542,-0.3166479999999865,0.3174741156645601,53.2634959423431
377.0,449.0,264.0,389.0,445.0,251.0,418.0,449.13243000000006,263.391086,388.627037,-0.13243000000005622,0.608914000000027,0.372963000000027,0.7262336839234793,32.03123475609393
378.0,570.0,297.0,389.0,585.0,294.0,465.0,570.5366220000001,297.230009,389.19225099999994,-0.5366220000000794,-0.23000899999999547,-0.192250999999942,0.6146769541523912,77.52418977325722
379.0,566.0,185.0,391.0,580.0,157.0,467.0,565.9640290000001,185.072927,390.71856499999996,0.03597099999990405,-0.07292699999999286,0.2814350000000445,0.29294695662357906,82.19489035213807
380.0,480.0,256.0,391.0,480.0,243.0,433.0,480.16404500000004,256.460565,391.11178899999993,-0.16404500000004418,-0.46056499999997413,-0.11178899999993064,0.5015253351237355,43.965895873961216
381.0,448.0,173.0,392.0,444.0,141.0,423.0,448.686993,173.27941099999998,391.70644899999996,-0.6869929999999727,-0.27941099999998187,0.2935510000000363,0.7976227670841484,44.73253849269008
382.0,431.0,290.0,392.0,423.0,284.0,414.0,431.2862570000001,290.580958,391.55351199999996,-0.28625700000009147,-0.5809580000000096,0.44648800000004485,0.7866427409930785,24.166091947189145
383.0,568.0,301.0,392.0,581.0,299.0,467.0,567.9928510000001,301.321551,391.83350999999993,0.0071489999999130305,-0.3215509999999995,0.16649000000006708,0.36216719053776913,76.14459928320589
384.0,549.0,127.0,393.0,562.0,86.0,463.0,550.309464,127.096271,391.59918799999997,-1.3094640000000481,-0.09627100000000155,1.4008120000000304,1.9199578985178847,82.15838362577492
385.0,512.0,199.0,393.0,518.0,173.0,448.0,512.980406,198.75422000000003,392.217048,-0.9804060000000163,0.2457799999999679,0.782952000000023,1.2785216335831209,61.1310068623117
386.0,554.0,278.0,394.0,563.0,270.0,465.0,553.2290380000001,277.705481,394.6745609999999,0.7709619999999404,0.29451899999997977,-0.674560999999926,1.065906369962107,72.01388754955533
387.0,194.0,286.0,394.0,148.0,275.0,325.0,194.343393,285.853001,393.75430099999994,-0.34339299999999184,0.14699899999999388,0.24569900000005873,0.44709669765166177,83.65404951345751
388.0,519.0,188.0,395.0,525.0,161.0,454.0,519.875836,188.817002,394.94405499999993,-0.8758360000000494,-0.8170020000000022,0.05594500000006519,1.1990457914212858,65.16133823057964
389.0,201.0,279.0,395.0,154.0,267.0,330.0,200.23673,279.20843,396.002876,0.7632700000000057,-0.2084300000000212,-1.0028760000000148,1.277413178723332,81.10487038396646
390.0,483.0,300.0,395.0,482.0,296.0,437.0,483.226468,299.791005,394.21302,-0.22646800000001122,0.2089950000000158,0.7869800000000282,0.8451651823454728,42.20189569201838
391.0,560.0,172.0,396.0,572.0,141.0,472.0,560.907558,171.95778,396.52629,-0.9075579999999945,0.04221999999998616,-0.5262900000000172,1.0499643879027551,82.95179322956196
392.0,209.0,326.0,396.0,163.0,324.0,332.0,208.25353500000003,325.798636,395.77070599999996,0.7464649999999722,0.2013640000000123,0.22929400000003852,0.8064323872197725,78.8416133777081
393.0,561.0,148.0,397.0,573.0,111.0,473.0,561.680461,147.379141,396.75301599999995,-0.6804610000000366,0.6208589999999958,0.2469840000000545,0.9536740358519108,85.37564055396598
394.0,620.0,111.0,398.0,640.0,70.0,499.0,620.1509960000001,113.116675,399.152114,-0.1509960000000774,-2.1166750000000008,-1.1521139999999832,2.41463858923794,110.82418508610834
395.0,589.0,156.0,398.0,604.0,122.0,485.0,588.99041,156.063045,398.12999599999995,0.009590000000002874,-0.06304499999998825,-0.1299959999999487,0.14479502802577593,94.6044396421225
396.0,568.0,165.0,398.0,580.0,133.0,477.0,568.355079,165.301929,398.25535099999996,-0.3550790000000461,-0.3019290000000012,-0.2553509999999619,0.5314568190201477,86.07554821202127
397.0,574.0,168.0,398.0,587.0,137.0,479.0,574.350505,168.512739,398.02960199999995,-0.3505049999999983,-0.5127390000000105,-0.029601999999954387,0.6217968442747251,87.69834662067467
398.0,561.0,176.0,398.0,570.0,145.0,474.0,559.9091559999999,175.21935,398.63835399999994,1.090844000000061,0.7806500000000085,-0.6383539999999357,1.485547334874276,82.57118141337206
399.0,468.0,276.0,398.0,463.0,267.0,437.0,468.20608500000003,276.156097,398.86765399999996,-0.20608500000003005,-0.15609699999998838,-0.8676539999999591,0.905351182884265,40.33608806019741
400.0,432.0,291.0,398.0,422.0,285.0,422.0,432.600068,291.30737799999997,398.03825399999994,-0.6000680000000216,-0.3073779999999715,-0.03825399999993806,0.675297125733557,26.68332812825267
401.0,197.0,305.0,398.0,148.0,298.0,331.0,196.10770399999998,304.609483,398.63844199999994,0.892296000000016,0.39051699999998846,-0.6384419999999409,1.1646045965343534,83.30066026148893
402.0,618.0,107.0,399.0,638.0,63.0,498.0,618.274846,107.40935,398.82694799999996,-0.274846000000025,-0.40935000000000343,0.17305200000004106,0.5225464007339738,110.16805344563369
403.0,484.0,319.0,399.0,481.0,319.0,443.0,484.21368700000005,318.553127,399.35691799999995,-0.21368700000004992,0.4468729999999823,-0.35691799999995055,0.6105309744984035,44.10215414239989
404.0,592.0,168.0,400.0,606.0,136.0,488.0,591.448787,167.47673600000002,400.07675499999993,0.5512129999999615,0.5232639999999833,-0.07675499999993463,0.7638928688565761,94.678403028357
405.0,475.0,226.0,400.0,471.0,205.0,442.0,475.17759600000005,225.29087800000002,400.073941,-0.17759600000005094,0.7091219999999794,-0.07394099999999071,0.7347527622139215,47.12748667179272
406.0,582.0,236.0,401.0,593.0,220.0,485.0,581.306268,236.356901,401.936061,0.6937319999999545,-0.3569009999999935,-0.9360609999999951,1.218545283256196,86.21484790916237
407.0,490.0,265.0,402.0,488.0,253.0,450.0,490.893368,264.394302,402.3380639999999,-0.8933680000000095,0.605698000000018,-0.33806399999991754,1.1310454096648743,49.51767361255979
408.0,488.0,281.0,402.0,485.0,273.0,449.0,488.478131,280.797301,402.534042,-0.47813100000001896,0.20269899999999552,-0.5340419999999995,0.7449140860032221,47.77028364998475
409.0,410.0,162.0,403.0,394.0,125.0,421.0,409.170831,160.486817,402.985577,0.829168999999979,1.513182999999998,0.014423000000022057,1.725529496988956,44.14748010928823
410.0,441.0,268.0,403.0,430.0,257.0,431.0,440.91233300000005,268.228731,402.68134699999996,0.08766699999995353,-0.22873099999998203,0.31865300000004027,0.4019242561217341,32.03123475609393
411.0,442.0,269.0,403.0,431.0,258.0,432.0,441.958501,269.029544,403.20818399999996,0.04149899999998752,-0.029543999999987136,-0.20818399999996018,0.2143259032244624,32.90896534380867
412.0,491.0,281.0,403.0,487.0,273.0,451.0,490.55283700000007,280.761543,403.568354,0.44716299999993225,0.2384569999999826,-0.5683539999999994,0.7614740696398863,48.82622246293481
413.0,456.0,293.0,403.0,447.0,286.0,436.0,455.679837,291.813724,402.430792,0.32016299999997955,1.1862760000000208,0.5692080000000033,1.354161305756829,34.91418050019218
414.0,421.0,92.0,404.0,408.0,42.0,427.0,420.88004000000006,92.38298700000001,403.206934,0.11995999999993501,-0.3829870000000142,0.7930660000000103,0.8888324499730034,56.55086206239477
415.0,520.0,118.0,404.0,523.0,75.0,465.0,520.4264330000001,118.286141,403.17704599999996,-0.4264330000000882,-0.28614100000000064,0.8229540000000384,0.9700386907160656,74.69270379361026
416.0,389.0,225.0,404.0,370.0,205.0,414.0,389.40399600000006,226.20321,404.555834,-0.4039960000000633,-1.2032100000000128,-0.5558340000000044,1.385596805593924,29.34280150224242
417.0,487.0,301.0,404.0,482.0,298.0,450.0,486.627491,301.269282,404.3322509999999,0.37250899999997955,-0.2692819999999756,-0.33225099999992835,0.5671564842315778,46.36809247747852
418.0,476.0,220.0,405.0,470.0,199.0,448.0,475.90918000000005,220.31093199999998,404.93708999999996,0.09081999999995105,-0.3109319999999798,0.06291000000004487,0.32997674027722645,48.228622207149975
419.0,569.0,168.0,406.0,578.0,135.0,486.0,569.160874,166.840442,405.78644399999996,-0.16087400000003527,1.159558000000004,0.2135560000000396,1.1899837664338273,87.00574693662483
420.0,488.0,217.0,406.0,484.0,195.0,454.0,488.31477400000006,216.88376999999997,405.92324599999995,-0.31477400000005673,0.11623000000003003,0.07675400000005084,0.3442139748645463,52.952809179494906
421.0,383.0,137.0,407.0,362.0,96.0,416.0,382.74694700000003,136.986424,407.13248699999997,0.2530529999999658,0.013576000000000477,-0.13248699999996916,0.28595967155173213,46.93612681080534
422.0,478.0,161.0,407.0,472.0,127.0,453.0,478.129989,161.292633,407.60510899999997,-0.12998900000002322,-0.29263299999999504,-0.6051089999999704,0.6846080007500404,57.51521537819362
423.0,545.0,307.0,407.0,549.0,306.0,476.0,545.5299610000001,307.122724,407.205718,-0.5299610000000712,-0.12272400000000516,-0.2057179999999903,0.581583817881028,69.12307863514182
424.0,486.0,315.0,407.0,478.0,317.0,452.0,484.20713,316.82251199999996,407.1090439999999,1.7928699999999935,-1.8225119999999606,-0.1090439999999262,2.5588715131830706,45.749316934791494
425.0,394.0,318.0,407.0,374.0,316.0,417.0,394.27161200000006,317.01874499999997,406.92213599999997,-0.27161200000006147,0.9812550000000329,0.07786400000003368,1.0211254849748403,22.44994432064365
426.0,456.0,258.0,408.0,445.0,245.0,443.0,455.5860650000001,258.172959,407.99177599999996,0.413934999999924,-0.17295899999999165,0.008224000000041087,0.44869213730790386,38.92300091205713
427.0,446.0,272.0,408.0,433.0,262.0,440.0,445.630033,272.19512,408.94269799999995,0.3699669999999742,-0.19511999999997443,-0.9426979999999503,1.0313228954565477,35.958309192730404
428.0,447.0,273.0,408.0,435.0,263.0,439.0,446.93277100000006,273.014771,407.65595199999996,0.0672289999999407,-0.014770999999996093,0.34404800000004343,0.3508659960526551,34.713109915419565
429.0,593.0,102.0,409.0,605.0,56.0,501.0,593.3498880000001,101.827909,409.66190099999994,-0.34988800000007814,0.17209099999999466,-0.6619009999999435,0.7682121182498868,103.55674772799695
430.0,481.0,165.0,409.0,474.0,131.0,456.0,480.500216,164.519404,409.45505799999995,0.4997839999999769,0.48059599999999136,-0.45505799999995133,0.8293577908453772,58.42944463196617
431.0,446.0,168.0,409.0,434.0,133.0,441.0,445.530251,166.565973,408.211005,0.4697489999999789,1.4340269999999862,0.7889949999999999,1.7028243214597742,48.91829923454004
432.0,432.0,178.0,409.0,417.0,148.0,437.0,431.41086800000005,178.991189,409.66443699999996,0.5891319999999496,-0.9911889999999914,-0.664436999999964,1.330792498518787,43.69210454990696
433.0,443.0,270.0,409.0,431.0,260.0,440.0,444.058219,270.569016,409.44284999999996,-1.0582190000000082,-0.5690159999999764,-0.44284999999996444,1.2805166077474197,34.713109915419565
434.0,605.0,276.0,409.0,617.0,269.0,501.0,604.552587,276.141625,408.60686999999996,0.4474129999999832,-0.14162499999997635,0.39313000000004195,0.6121986851456079,93.04300081145277
435.0,460.0,280.0,409.0,450.0,272.0,445.0,460.230052,280.224965,408.508204,-0.2300520000000006,-0.22496499999999742,0.4917960000000221,0.5877044151144526,38.2099463490856
436.0,382.0,134.0,410.0,360.0,92.0,420.0,382.198547,133.67398000000003,410.72092899999996,-0.19854700000001912,0.32601999999997133,-0.7209289999999555,0.81575031391347,48.45616575834287
437.0,376.0,147.0,410.0,353.0,110.0,416.0,375.876529,148.498872,409.60583399999996,0.123470999999995,-1.4988720000000058,0.3941660000000411,1.554744093341746,43.977266854592045
438.0,427.0,261.0,410.0,410.0,248.0,435.0,426.3322020000001,260.924347,410.89700999999997,0.6677979999998911,0.07565299999998842,-0.8970099999999661,1.1208498941931484,32.90896534380867
439.0,210.0,331.0,410.0,160.0,330.0,350.0,210.659847,330.507406,410.592497,-0.6598470000000134,0.49259399999999687,-0.5924969999999803,1.0144454678562032,78.10889834071403
440.0,440.0,267.0,411.0,425.0,256.0,441.0,439.620668,267.315849,411.73958099999993,0.3793319999999767,-0.31584900000001426,-0.7395809999999301,0.8891756927547491,35.298725189445584
441.0,566.0,169.0,412.0,570.0,137.0,491.0,564.263073,168.461751,411.768427,1.736927000000037,0.5382490000000075,0.23157300000002579,1.8330994091044677,85.32877591996736
442.0,604.0,278.0,412.0,614.0,272.0,506.0,603.5490609999999,278.553426,413.29974899999996,0.45093900000006215,-0.5534260000000017,-1.299748999999963,1.482893719117443,94.72064188971694
443.0,597.0,103.0,413.0,607.0,57.0,507.0,596.474453,102.561887,413.813546,0.5255469999999605,0.4381130000000013,-0.8135459999999739,1.0630144609053618,105.1284928076114
444.0,587.0,158.0,413.0,596.0,124.0,502.0,587.215741,157.537486,413.434935,-0.21574099999997998,0.46251399999999876,-0.43493499999999585,0.6705459219934058,95.69743988216194
445.0,497.0,277.0,413.0,490.0,268.0,464.0,496.223431,276.492056,412.84054699999996,0.776568999999995,0.507944000000009,0.1594530000000418,0.9415369233896326,52.25897052181568
446.0,415.0,314.0,413.0,397.0,314.0,433.0,416.291274,315.055817,413.358971,-1.2912739999999872,-1.0558169999999905,-0.3589709999999968,1.7061647808479532,26.90724809414742
447.0,586.0,97.0,414.0,594.0,50.0,503.0,585.269508,96.95331900000001,414.01496799999995,0.7304920000000266,0.04668099999999242,-0.014967999999953463,0.7321350414022243,100.96534058774823
448.0,541.0,305.0,414.0,541.0,304.0,481.0,540.5969,305.469265,413.14897699999995,0.4030999999999949,-0.46926500000000715,0.8510230000000547,1.0521118746379092,67.00746227100382
449.0,523.0,323.0,414.0,520.0,325.0,475.0,522.901517,322.85367099999996,414.1456969999999,0.09848299999998744,0.146329000000037,-0.14569699999992736,0.22877651395846382,61.106464469808756
450.0,467.0,94.0,415.0,456.0,46.0,458.0,466.283807,95.007626,414.86162499999995,0.7161929999999757,-1.007626000000002,0.1383750000000532,1.24394140125248,65.37583651472461
451.0,426.0,164.0,415.0,407.0,129.0,442.0,424.7737680000001,163.431246,415.962633,1.226231999999925,0.5687540000000126,-0.9626329999999825,1.6594542244451327,48.11444689487763
452.0,488.0,263.0,415.0,479.0,250.0,462.0,486.99622700000003,261.842118,413.96979,1.003772999999967,1.1578819999999723,1.030210000000011,1.8465057827022617,49.58830507286975
453.0,518.0,313.0,415.0,514.0,313.0,474.0,517.872924,313.075446,414.811154,0.1270759999999882,-0.07544599999999946,0.18884600000001228,0.23979829108649117,59.135437767890075
454.0,548.0,78.0,416.0,550.0,26.0,492.0,548.0030290000001,77.6875,416.665889,-0.003029000000083215,0.3125,-0.6658889999999928,0.7355770423021581,92.10863151735563
455.0,492.0,113.0,416.0,485.0,68.0,470.0,492.13653700000003,112.70842200000001,416.86460999999997,-0.13653700000003255,0.291577999999987,-0.8646099999999706,0.9226107166909294,70.63993204979744
456.0,388.0,119.0,416.0,364.0,73.0,429.0,387.481779,117.986121,416.49017899999996,0.5182209999999827,1.0138790000000029,-0.49017899999995507,1.2396689410979627,53.48831648126533
457.0,461.0,137.0,416.0,449.0,96.0,458.0,461.2849130000001,135.981706,417.16397399999994,-0.28491300000007413,1.0182939999999974,-1.1639739999999392,1.572556377584249,59.90826320300064
458.0,610.0,278.0,416.0,622.0,270.0,512.0,611.309733,276.797488,415.86380899999995,-1.309733000000051,1.202512000000013,0.13619100000005346,1.7832508600626495,97.07728879609277
459.0,416.0,314.0,416.0,396.0,313.0,436.0,416.28615,314.206048,415.93978599999997,-0.28615000000002055,-0.20604800000000978,0.06021400000003041,0.3577196200937537,28.30194339616981
460.0,444.0,117.0,417.0,430.0,73.0,452.0,444.755854,117.332384,417.21521599999994,-0.7558539999999994,-0.3323840000000047,-0.21521599999994123,0.8532949779695043,57.9396237474839
461.0,446.0,119.0,417.0,431.0,75.0,452.0,445.55057600000004,118.96412800000002,416.97482099999996,0.44942399999996496,0.03587199999998347,0.025179000000036922,0.4515558815927096,58.18934610390462
462.0,520.0,149.0,417.0,517.0,113.0,481.0,520.2630270000001,149.234453,417.5340739999999,-0.26302700000007917,-0.23445300000000202,-0.5340739999999187,0.6398331418533708,73.49149610669251
463.0,587.0,160.0,417.0,595.0,129.0,506.0,587.523768,161.58763,416.85074899999995,-0.5237680000000182,-1.58762999999999,0.14925100000004932,1.6784450529359018,94.58329662260668
464.0,488.0,205.0,417.0,481.0,181.0,467.0,489.24348100000003,205.279895,416.66685199999995,-1.2434810000000311,-0.27989500000001044,0.33314800000005107,1.3174117800786955,55.90169943749474
465.0,596.0,173.0,418.0,605.0,143.0,509.0,596.198881,172.956201,416.719452,-0.1988810000000285,0.04379900000000703,1.2805480000000102,1.2966399596133225,96.23928511787689
466.0,457.0,262.0,418.0,443.0,250.0,455.0,457.1990880000001,262.130831,417.88265099999995,-0.19908800000007432,-0.13083100000000059,0.117349000000047,0.2655627423153345,41.340053217188775
467.0,545.0,70.0,419.0,545.0,17.0,494.0,544.558756,70.32299400000001,419.431371,0.4412439999999833,-0.32299400000000844,-0.4313710000000128,0.6964928795134964,91.83681179135085
468.0,621.0,88.0,419.0,633.0,39.0,523.0,620.6843510000001,87.482967,419.31621399999995,0.31564899999989393,0.5170329999999979,-0.31621399999994537,0.6833364530638595,115.58979193683152
469.0,433.0,148.0,419.0,415.0,109.0,449.0,432.636031,146.926613,419.12934799999994,0.3639689999999973,1.0733869999999968,-0.1293479999999363,1.1407734173945212,52.392747589718944
470.0,378.0,165.0,419.0,353.0,129.0,428.0,379.167146,163.907152,419.11272899999994,-1.1671460000000025,1.0928480000000036,-0.11272899999994479,1.602889379795437,44.74371464239419
471.0,402.0,303.0,419.0,378.0,299.0,434.0,401.65456200000006,302.870358,418.92605199999997,0.3454379999999446,0.12964199999998982,0.07394800000002988,0.3763014306536231,28.583211855912904
472.0,607.0,79.0,420.0,617.0,29.0,519.0,607.121685,79.435243,420.2678639999999,-0.12168499999995674,-0.4352429999999998,-0.2678639999999177,0.5253521017088875,111.35977729862789
473.0,485.0,170.0,420.0,474.0,138.0,470.0,484.20557500000007,170.078902,420.39960699999995,0.7944249999999329,-0.07890199999999936,-0.3996069999999463,0.8927610882413337,60.37383539249432
474.0,438.0,213.0,420.0,421.0,189.0,450.0,438.26404400000007,212.37589400000002,419.12219899999997,-0.26404400000006945,0.6241059999999834,0.8778010000000336,1.1089464048244508,42.01190307520001
475.0,414.0,252.0,420.0,392.0,237.0,440.0,413.54888600000004,251.95905999999997,419.35070999999994,0.4511139999999614,0.040940000000034615,0.6492900000000645,0.7916801302900381,33.301651610693426
476.0,414.0,256.0,420.0,393.0,242.0,440.0,414.37005300000004,256.04688,419.139358,-0.37005300000004127,-0.046879999999987376,0.8606419999999844,0.937998725677707,32.202484376209235
477.0,519.0,292.0,420.0,513.0,287.0,480.0,518.428208,291.72166,419.48068299999994,0.5717919999999594,0.27834000000001424,0.5193170000000578,0.8210416514118035,60.50619802962338
478.0,491.0,116.0,421.0,483.0,71.0,475.0,491.91010300000005,115.11458300000001,421.297732,-0.9101030000000492,0.8854169999999897,-0.29773199999999633,1.3041836827387732,70.74602462329597
479.0,448.0,121.0,421.0,432.0,77.0,457.0,447.6466030000001,120.534677,420.61899099999994,0.3533969999999158,0.46532299999999793,0.38100900000006277,0.6975548666728563,59.0592922409336
480.0,522.0,161.0,421.0,518.0,128.0,485.0,522.213388,161.460237,420.527184,-0.21338800000000901,-0.46023700000000645,0.472816000000023,0.6934749487681812,72.11795892841117
481.0,373.0,169.0,421.0,344.0,135.0,428.0,372.22620800000004,168.870064,421.50862799999993,0.7737919999999576,0.1299359999999865,-0.5086279999999306,0.9350614235139103,45.232731511594565
482.0,544.0,197.0,421.0,543.0,171.0,493.0,544.1018210000001,196.42508099999998,420.66484599999995,-0.10182100000008631,0.5749190000000226,0.33515400000004547,0.6732217883566114,76.55716818169282
483.0,499.0,265.0,421.0,490.0,254.0,472.0,498.182109,264.932456,418.92031699999995,0.8178909999999746,0.06754399999999805,2.0796830000000455,2.2357525042602875,52.94336596779619
484.0,424.0,314.0,421.0,403.0,313.0,444.0,423.807882,314.06865600000003,420.33679099999995,0.19211799999999357,-0.06865600000003269,0.6632090000000517,0.6938797806112169,31.160872901765767
485.0,457.0,284.0,422.0,440.0,276.0,459.0,456.13804600000003,283.38478699999996,422.02127999999993,0.8619539999999688,0.6152130000000398,-0.021279999999933352,1.0591999678460118,41.49698784249286
486.0,510.0,289.0,422.0,502.0,284.0,480.0,509.8537510000001,289.327624,422.30896699999994,0.14624899999989793,-0.32762400000001435,-0.3089669999999387,0.47348375100518675,58.762232769015846
487.0,423.0,313.0,422.0,402.0,312.0,445.0,423.282236,313.243365,421.36377999999996,-0.2822360000000117,-0.24336499999998296,0.6362200000000371,0.7373327412512247,31.160872901765767
488.0,593.0,111.0,423.0,599.0,68.0,516.0,592.697031,111.50246800000001,422.99030999999997,0.30296899999996185,-0.5024680000000075,0.009690000000034615,0.586820417235959,102.6352765865616
489.0,447.0,119.0,423.0,430.0,74.0,458.0,446.32623500000005,118.077642,421.88637499999993,0.6737649999999462,0.9223580000000027,1.11362500000007,1.5952630491596327,59.48949487094339
490.0,396.0,123.0,423.0,372.0,79.0,438.0,396.09375400000005,122.743002,421.46242599999994,-0.09375400000004674,0.25699799999999584,1.5375740000000633,1.561720714467283,52.316345438113316
491.0,595.0,123.0,423.0,602.0,82.0,517.0,595.4119780000001,122.93499700000001,423.12348599999996,-0.4119780000000901,0.06500299999999015,-0.12348599999995713,0.43497132628377055,102.79105019407089
492.0,558.0,162.0,423.0,560.0,130.0,502.0,559.293319,162.65267799999998,422.844273,-1.2933189999999968,-0.6526779999999803,0.15572700000001305,1.4570221364049243,85.25843066817498
493.0,583.0,168.0,423.0,587.0,137.0,511.0,582.678857,168.12109099999998,422.89081799999997,0.3211430000000064,-0.12109099999997852,0.10918200000003253,0.36016186063214134,93.38629449764028
494.0,496.0,279.0,423.0,487.0,270.0,475.0,496.77265600000004,278.011731,422.18522299999995,-0.7726560000000404,0.9882690000000025,0.8147770000000492,1.4958390523134992,53.53503525729669
495.0,504.0,286.0,423.0,495.0,280.0,478.0,503.8583250000001,286.116814,422.53471599999995,0.14167499999990696,-0.11681399999997666,0.46528400000005377,0.5002064742454042,56.05354582896607
496.0,499.0,101.0,424.0,492.0,56.0,480.0,500.07301100000006,102.72224800000001,422.69926899999996,-1.073011000000065,-1.7222480000000076,1.3007310000000416,2.4102680170442197,72.18032973047436
497.0,547.0,198.0,424.0,546.0,174.0,498.0,547.760847,198.803042,423.79918299999997,-0.7608470000000125,-0.8030420000000049,0.2008170000000291,1.1243184952058909,77.80102827083971
498.0,604.0,247.0,424.0,611.0,233.0,520.0,604.5176540000001,246.470012,424.57824299999993,-0.5176540000001069,0.529988000000003,-0.5782429999999295,0.9397967391457752,97.26767191621273
499.0,458.0,95.0,425.0,443.0,46.0,466.0,458.26369900000003,94.983034,424.45376999999996,-0.263699000000031,0.016965999999996484,0.5462300000000369,0.6067884480253859,65.62773803811922
500.0,496.0,114.0,425.0,486.0,70.0,481.0,495.79413000000005,114.205537,425.170258,0.2058699999999476,-0.20553700000000674,-0.1702579999999898,0.33706928343143006,71.91661838546081
501.0,469.0,127.0,425.0,455.0,86.0,471.0,469.24270800000005,127.60183900000001,425.60849099999996,-0.2427080000000501,-0.6018390000000124,-0.6084909999999581,0.8895946561586285,63.190189111918315
502.0,520.0,147.0,425.0,514.0,110.0,489.0,519.9873940000001,146.697385,424.49960599999997,0.012605999999891537,0.30261500000000296,0.5003940000000284,0.5849178614959775,74.16872656315464
503.0,454.0,315.0,425.0,437.0,315.0,462.0,454.93133800000004,315.293978,425.50884899999994,-0.9313380000000393,-0.2939779999999814,-0.508848999999941,1.1012451314439498,40.718546143004666
504.0,603.0,122.0,426.0,610.0,81.0,523.0,603.181465,121.99775100000001,425.697227,-0.18146500000000287,0.002248999999991952,0.30277300000000196,0.3529958834816664,105.54146104730596
505.0,511.0,174.0,426.0,502.0,143.0,487.0,510.43266300000005,173.806379,426.382337,0.5673369999999522,0.19362100000000737,-0.3823370000000068,0.7110147289465626,69.01449123191448
506.0,371.0,255.0,426.0,340.0,240.0,431.0,370.824198,254.81856699999997,425.8949,0.17580199999997603,0.18143300000002682,0.10509999999999309,0.27362435325277584,34.79942528261063
507.0,502.0,79.0,427.0,493.0,28.0,487.0,502.4251100000001,79.707559,427.60683499999993,-0.4251100000000747,-0.7075590000000034,-0.6068349999999327,1.0245032785725903,79.25906888173743
508.0,551.0,143.0,427.0,549.0,106.0,504.0,551.0542690000001,143.041632,427.02308199999993,-0.05426900000009027,-0.041631999999992786,-0.023081999999931213,0.07218813274358897,85.45174076635303
509.0,483.0,212.0,427.0,470.0,189.0,476.0,483.10833800000006,211.78132,426.593844,-0.10833800000006022,0.2186800000000062,0.40615600000000995,0.4738362174634014,55.66866263886712
510.0,488.0,216.0,427.0,475.0,193.0,479.0,487.80984100000006,214.991171,427.6645219999999,0.19015899999993735,1.0088289999999915,-0.6645219999999199,1.222900603076903,58.32666628567074
511.0,499.0,80.0,428.0,489.0,28.0,486.0,499.0564810000001,79.74235800000001,427.8689499999999,-0.056481000000076165,0.25764199999998993,0.13105000000007294,0.29452267489112366,78.53661566428744
512.0,386.0,172.0,428.0,358.0,140.0,443.0,387.0534860000001,172.70097900000002,429.57412999999997,-1.0534860000000776,-0.700979000000018,-1.5741299999999683,2.0196756094821486,45.088801270381985
513.0,469.0,125.0,430.0,453.0,84.0,476.0,468.972199,125.91454000000002,429.993208,0.027801000000010845,-0.9145400000000166,0.006792000000018561,0.9149876712093071,63.66317616958802
514.0,464.0,159.0,430.0,447.0,125.0,475.0,464.41080100000005,159.526991,431.17175799999995,-0.41080100000004904,-0.5269910000000095,-1.1717579999999543,1.3488861279759472,58.90670590009256
515.0,454.0,196.0,430.0,434.0,170.0,470.0,453.40397500000006,196.50264600000003,431.099679,0.5960249999999405,-0.502646000000027,-1.0996789999999805,1.3480329020398254,51.73006862551025
516.0,507.0,274.0,430.0,496.0,265.0,489.0,507.36606300000005,273.696165,430.675787,-0.36606300000005376,0.3038349999999923,-0.6757870000000139,0.8264417079038626,60.687725282795036
517.0,456.0,95.0,431.0,437.0,47.0,473.0,455.43178900000004,95.749893,431.460384,0.5682109999999625,-0.7498930000000001,-0.46038399999997637,1.0474524712014077,66.55073252789934
518.0,437.0,101.0,431.0,416.0,54.0,465.0,437.092474,101.697089,430.767744,-0.09247399999998152,-0.6970890000000054,0.23225600000000668,0.7405588188206303,61.69278726074872
519.0,578.0,152.0,432.0,578.0,117.0,520.0,577.851078,151.68786,432.027228,0.14892199999997047,0.3121399999999994,-0.027227999999979602,0.34691570398007315,94.70480452437458
520.0,508.0,187.0,432.0,497.0,160.0,493.0,508.25862400000005,187.67890899999998,432.50717699999996,-0.25862400000005437,-0.678908999999976,-0.507176999999956,0.8860204924187425,67.60917097554147
521.0,521.0,290.0,432.0,512.0,286.0,496.0,521.8064770000001,290.712784,432.1613669999999,-0.8064770000000863,-0.7127839999999992,-0.16136699999992743,1.088349893588507,64.7533782902483
522.0,473.0,129.0,433.0,457.0,87.0,480.0,473.148056,128.2991,432.090875,-0.14805599999999686,0.7008999999999901,0.9091250000000173,1.1574496337901778,65.03076195155643
523.0,464.0,161.0,433.0,446.0,126.0,476.0,463.902785,160.339084,432.21810899999997,0.0972150000000056,0.6609159999999861,0.7818910000000301,1.028403739375752,58.29236656715869
524.0,486.0,215.0,433.0,471.0,193.0,485.0,486.26303900000005,214.940297,433.36502799999994,-0.2630390000000489,0.05970300000001316,-0.3650279999999384,0.4538715727097064,58.42088667591412
525.0,552.0,303.0,433.0,547.0,302.0,508.0,552.268869,303.467588,432.54772399999996,-0.26886899999999514,-0.4675879999999779,0.4522760000000403,0.7039052898515632,75.17313349861105
526.0,469.0,156.0,434.0,451.0,120.0,480.0,468.776399,155.34977600000002,433.96889,0.22360099999997374,0.6502239999999802,0.031110000000012406,0.6882997090490183,61.1228271597445
527.0,507.0,195.0,434.0,495.0,168.0,494.0,507.0352210000001,194.227486,433.88105199999995,-0.03522100000009232,0.772514000000001,0.1189480000000458,0.7824110337546494,66.88049042882386
528.0,608.0,84.0,435.0,613.0,35.0,536.0,608.490644,84.16189200000001,434.57249899999994,-0.49064399999997477,-0.1618920000000088,0.4275010000000634,0.6705950040084048,112.36992480196825
529.0,487.0,148.0,435.0,470.0,110.0,489.0,485.79534600000005,146.945545,435.92891399999996,1.2046539999999482,1.0544549999999902,-0.9289139999999634,1.8509316103348568,68.18357573492314
530.0,494.0,149.0,436.0,479.0,112.0,493.0,493.847848,148.483213,436.71811499999995,0.15215200000000095,0.5167869999999937,-0.7181149999999548,0.8977238927966265,69.59166616772443
531.0,507.0,180.0,436.0,494.0,151.0,497.0,506.8890570000001,180.27864499999998,436.306971,0.11094299999990653,-0.27864499999998316,-0.3069709999999759,0.4291649800658892,68.78226515607058
532.0,537.0,189.0,436.0,530.0,162.0,508.0,537.824205,188.94658800000002,435.608253,-0.8242050000000063,0.05341199999998025,0.3917470000000094,0.9141293320849165,77.21398836998384
533.0,485.0,254.0,436.0,467.0,241.0,488.0,484.35857400000003,254.22335599999997,437.199483,0.6414259999999672,-0.22335599999996703,-1.1994829999999865,1.3784319654959076,56.542019772908716
534.0,496.0,267.0,436.0,482.0,257.0,490.0,496.676516,267.21335,435.01185,-0.6765159999999923,-0.21334999999999127,0.9881500000000187,1.2164014728929027,56.674509261219015
535.0,452.0,80.0,438.0,430.0,27.0,480.0,451.637672,79.32986,438.52345399999996,0.3623279999999909,0.6701400000000035,-0.5234539999999583,0.9243231519874174,71.11258679024411
536.0,380.0,84.0,438.0,346.0,31.0,452.0,379.109896,83.42108,438.628202,0.890104000000008,0.5789199999999965,-0.6282019999999875,1.2337225174325037,64.50581369148055
537.0,578.0,138.0,438.0,576.0,100.0,527.0,577.968866,137.695703,437.82055599999995,0.03113399999995181,0.30429699999999116,0.17944400000004634,0.3546352200515457,96.79359482941007
538.0,565.0,141.0,438.0,561.0,104.0,522.0,565.0464410000001,141.116266,437.87107,-0.04644100000007256,-0.11626599999999598,0.1289300000000253,0.17971503592357632,91.87491496594704
539.0,482.0,144.0,438.0,465.0,106.0,490.0,482.13488700000005,143.686738,437.96588799999995,-0.13488700000004883,0.3132620000000088,0.0341120000000501,0.34276991110221755,66.61080993352356
540.0,612.0,117.0,439.0,615.0,76.0,542.0,611.9678090000001,117.64355,439.111384,0.03219099999989794,-0.6435500000000047,-0.11138399999998683,0.653910741949539,110.90085662428402
541.0,427.0,147.0,439.0,401.0,110.0,469.0,426.97077800000005,147.57948499999998,438.31388699999997,0.029221999999947457,-0.5794849999999769,0.6861130000000344,0.8985587567199027,54.26785420486054
542.0,428.0,148.0,439.0,402.0,109.0,470.0,427.999316,146.74291399999998,438.82136199999997,0.0006839999999783686,1.2570860000000152,0.17863800000003494,1.2697154068121135,56.19608527290847
543.0,559.0,312.0,439.0,553.0,313.0,516.0,559.1104740000001,312.341448,437.310977,-0.11047400000006746,-0.34144800000001396,1.6890230000000201,1.7267281013260578,77.23988606931007
544.0,480.0,143.0,440.0,462.0,105.0,491.0,480.05505700000003,142.872727,439.512391,-0.05505700000003344,0.1272730000000024,0.4876090000000204,0.5069440074199756,66.09841147864296
545.0,479.0,201.0,440.0,459.0,176.0,490.0,478.08938500000005,201.029018,440.2021,0.9106149999999502,-0.02901800000000776,-0.20209999999997308,0.9332235169287683,59.371710435189584
546.0,499.0,223.0,440.0,483.0,204.0,498.0,499.0685010000001,223.71912200000003,440.454304,-0.06850100000008297,-0.7191220000000271,-0.45430399999997917,0.8533586363897839,63.095166217389426
547.0,492.0,281.0,440.0,474.0,273.0,493.0,491.38160300000004,280.320825,439.575541,0.618396999999959,0.6791749999999865,0.424459000000013,1.0118591665419363,56.542019772908716
548.0,409.0,167.0,441.0,379.0,134.0,465.0,409.0452700000001,167.401129,441.15323299999994,-0.045270000000073196,-0.4011289999999974,-0.15323299999994333,0.4317802679951773,50.6458290484024
549.0,473.0,208.0,441.0,453.0,184.0,489.0,473.237092,207.62463300000002,441.061177,-0.2370920000000183,0.3753669999999829,-0.06117699999998649,0.4481691940350142,57.271284253105414
550.0,384.0,159.0,442.0,351.0,123.0,458.0,385.3679020000001,158.63911000000002,442.88154699999996,-1.367902000000072,0.3608899999999835,-0.881546999999955,1.6668900944312752,51.39066063011839
551.0,455.0,190.0,442.0,432.0,162.0,483.0,455.16266400000006,189.80528299999997,441.64161399999995,-0.16266400000006342,0.19471700000002556,0.3583860000000527,0.4391068343593258,54.71745608121781
552.0,488.0,138.0,443.0,471.0,99.0,498.0,488.81782200000004,137.824142,442.55488299999996,-0.8178220000000351,0.17585800000000518,0.44511700000003884,0.94756952438177,69.53416426476987
553.0,482.0,204.0,443.0,462.0,180.0,494.0,481.49696500000005,204.23791,442.56920499999995,0.5030349999999544,-0.2379099999999994,0.430795000000046,0.7037255937863802,59.80802621722272
554.0,420.0,304.0,443.0,390.0,301.0,469.0,420.10643100000004,304.01169699999997,443.02028499999994,-0.10643100000004324,-0.011696999999969648,-0.020284999999944375,0.108976413939009,39.81205847478876
555.0,471.0,191.0,444.0,449.0,164.0,491.0,470.47294600000004,191.248875,443.46041099999997,0.5270539999999642,-0.24887499999999818,0.539589000000035,0.7942801605617499,58.497863208838666
556.0,454.0,146.0,445.0,430.0,110.0,487.0,454.19114400000007,147.195623,444.76536799999997,-0.19114400000006526,-1.1956230000000119,0.23463200000003326,1.2333298675897981,60.29925372672534
557.0,582.0,167.0,445.0,578.0,135.0,537.0,582.4341850000001,166.216253,445.409007,-0.43418500000007043,0.7837470000000053,-0.40900699999997414,0.9849176109112113,97.48846085563153
558.0,366.0,189.0,445.0,328.0,159.0,452.0,366.25056,188.315176,444.54299599999996,-0.2505600000000072,0.6848239999999919,0.4570040000000404,0.8605910065716638,48.91829923454004
559.0,484.0,76.0,446.0,463.0,22.0,501.0,482.703114,74.793261,446.218241,1.2968859999999722,1.206738999999999,-0.2182409999999777,1.7848701479933817,79.88742078700501
560.0,568.0,184.0,446.0,561.0,157.0,531.0,567.855985,184.396791,445.3763799999999,0.14401499999996759,-0.39679100000000744,0.6236200000000736,0.7530506771168115,89.45948803788227
561.0,449.0,317.0,446.0,422.0,317.0,484.0,449.01833,316.746704,446.51665199999997,-0.018329999999991742,0.25329599999997754,-0.516651999999965,0.5756944863553516,46.61544808322666
562.0,408.0,180.0,447.0,375.0,150.0,471.0,407.63950800000003,180.449327,447.00863499999997,0.3604919999999652,-0.4493270000000109,-0.00863499999996975,0.5761282827790909,50.6458290484024
563.0,449.0,219.0,447.0,423.0,198.0,486.0,449.26695900000004,219.292238,446.65868199999994,-0.2669590000000426,-0.29223799999999756,0.34131800000005796,0.522654889433803,51.36146415358503
564.0,488.0,145.0,448.0,468.0,107.0,504.0,488.118632,144.317164,448.07307999999995,-0.11863199999999097,0.6828360000000089,-0.07307999999994763,0.6969069096514988,70.5691150575094
565.0,336.0,165.0,448.0,290.0,131.0,446.0,334.912678,165.679554,449.48121599999996,1.087321999999972,-0.679553999999996,-1.4812159999999608,1.9590976517917165,57.23635208501674
566.0,156.0,171.0,448.0,84.0,134.0,374.0,156.119379,170.178678,447.08246499999996,-0.11937900000000923,0.8213220000000092,0.9175350000000435,1.2372112388553933,109.67679791095289
567.0,576.0,110.0,449.0,570.0,67.0,540.0,576.398812,110.5536,449.15949399999994,-0.3988120000000208,-0.553600000000003,-0.1594939999999383,0.7006870252687717,100.8265837961398
568.0,467.0,139.0,449.0,444.0,100.0,497.0,467.584892,138.80735299999998,448.80109,-0.5848920000000248,0.19264700000002222,0.19891000000001213,0.647129590092311,65.98484674529449
569.0,490.0,261.0,449.0,468.0,250.0,504.0,489.379177,261.39012,449.45746299999996,0.620822999999973,-0.39012000000002445,-0.45746299999996154,0.8642263639220632,60.249481325568276
570.0,448.0,272.0,449.0,420.0,263.0,488.0,448.02918000000005,272.49966,449.621044,-0.029180000000053496,-0.49966000000000577,-0.6210439999999835,0.7976260012913248,48.84669896727925
571.0,448.0,71.0,451.0,421.0,17.0,495.0,448.45960900000006,71.010115,452.41815199999996,-0.4596090000000572,-0.010114999999998986,-1.4181519999999637,1.490804427552437,74.70609078247904
572.0,424.0,139.0,451.0,392.0,100.0,483.0,423.5324540000001,139.271979,451.431672,0.4675459999999134,-0.27197899999998754,-0.43167199999999184,0.6920350815825056,59.74110812497538
573.0,510.0,132.0,452.0,492.0,92.0,517.0,510.0200080000001,131.742317,451.79356599999994,-0.0200080000000753,0.2576829999999859,0.2064340000000584,0.33078065981707555,78.41555968046137
574.0,512.0,151.0,452.0,494.0,118.0,519.0,512.323904,152.992551,453.07958399999995,-0.32390399999997044,-1.9925509999999917,-1.0795839999999544,2.289252039831536,76.82447526667526
575.0,525.0,183.0,452.0,511.0,155.0,522.0,526.6414060000001,183.15155800000002,451.352651,-1.6414060000000745,-0.15155800000002273,0.6473490000000197,1.7709444406873065,76.68115805072325
576.0,528.0,186.0,452.0,512.0,159.0,523.0,527.714019,186.408447,451.908531,0.2859809999999925,-0.40844699999999534,0.09146900000001779,0.5069326011719854,77.6273147803014
577.0,400.0,273.0,452.0,363.0,264.0,473.0,399.83983600000005,273.823417,452.78317899999996,0.160163999999952,-0.8234170000000063,-0.7831789999999614,1.1476225027533813,43.485629810317796
578.0,478.0,292.0,452.0,453.0,289.0,501.0,477.285799,293.440425,451.40063799999996,0.7142010000000028,-1.4404250000000047,0.5993620000000419,1.715850242902937,55.09083408335728
579.0,372.0,161.0,453.0,328.0,128.0,465.0,369.36068800000004,162.776617,454.34275399999996,2.6393119999999612,-1.7766169999999875,-1.3427539999999567,3.453306256697867,56.293871780150276
580.0,491.0,204.0,454.0,468.0,179.0,511.0,490.57513900000004,203.17731500000002,454.20850299999995,0.4248609999999644,0.8226849999999786,-0.2085029999999506,0.949100089324047,66.35510530471637
581.0,576.0,265.0,454.0,566.0,255.0,543.0,575.728447,264.453539,454.34928899999994,0.2715530000000399,0.5464610000000221,-0.349288999999942,0.7031098504863982,90.11659114724658
582.0,379.0,142.0,455.0,339.0,103.0,469.0,378.729369,142.198321,454.351054,0.2706309999999803,-0.19832099999999286,0.6489460000000236,0.7305499764684255,57.59340239992772
583.0,387.0,160.0,455.0,349.0,125.0,472.0,387.475002,160.11642799999998,454.29720499999996,-0.4750020000000177,-0.11642799999998488,0.7027950000000374,0.8562144539851367,54.38749856354859
584.0,577.0,105.0,456.0,568.0,59.0,547.0,576.595935,103.92967100000001,455.039951,0.40406499999994594,1.0703289999999868,0.9600490000000264,1.4935082105120743,102.36210236215355
585.0,491.0,285.0,456.0,467.0,279.0,512.0,490.9398080000001,285.039916,456.21327299999996,0.060191999999915424,-0.03991600000000517,-0.2132729999999583,0.22517046087125292,61.220911460055866
586.0,380.0,241.0,457.0,340.0,224.0,471.0,381.09359800000004,241.229935,456.81652399999996,-1.0935980000000427,-0.22993500000001177,0.1834760000000415,1.1324708086326614,45.661800227323496
587.0,514.0,284.0,457.0,492.0,277.0,522.0,512.9520880000001,283.139142,457.46911599999993,1.047911999999883,0.8608580000000075,-0.4691159999999286,1.4350142429131847,68.97825744392213
588.0,485.0,291.0,457.0,460.0,285.0,511.0,485.292793,290.003787,457.31274499999995,-0.2927930000000174,0.9962130000000116,-0.31274499999994987,1.0844249707762184,59.80802621722272
589.0,468.0,316.0,457.0,439.0,317.0,504.0,467.434114,316.406044,457.63904299999996,0.5658859999999777,-0.4060440000000085,-0.6390429999999583,0.9452378805258115,55.235857918565905
590.0,457.0,322.0,457.0,426.0,323.0,499.0,456.08350300000006,321.452711,457.18940499999997,0.9164969999999357,0.5472889999999779,-0.18940499999996518,1.084143096899503,52.21110992882645
591.0,388.0,117.0,458.0,348.0,72.0,477.0,387.53202000000005,116.670197,457.928434,0.46797999999995454,0.3298029999999983,0.07156600000001845,0.5769722623878543,63.13477647065839
592.0,419.0,303.0,458.0,382.0,300.0,486.0,418.30531700000006,303.030062,458.296181,0.6946829999999409,-0.03006199999998671,-0.29618099999999004,0.7557852731390783,46.49731175025068
593.0,419.0,309.0,458.0,382.0,307.0,486.0,418.3670220000001,308.76090600000003,458.36394799999994,0.6329779999999232,0.23909399999996594,-0.36394799999993666,0.7683002251879407,46.44351407893249
594.0,519.0,156.0,460.0,499.0,122.0,530.0,519.1074950000001,156.10449,460.365566,-0.10749500000008538,-0.10448999999999842,-0.36556600000000117,0.39510990304093735,80.34923770640266
595.0,438.0,199.0,460.0,404.0,174.0,497.0,437.15352200000007,199.61616099999998,459.907764,0.8464779999999337,-0.6161609999999769,0.09223600000001397,1.0510408470182602,56.124860801609124
596.0,407.0,203.0,460.0,369.0,178.0,486.0,407.127691,203.222958,460.49193999999994,-0.1276910000000271,-0.22295800000000554,-0.49193999999994276,0.5549956980418435,52.392747589718944
597.0,567.0,230.0,460.0,554.0,213.0,547.0,567.074157,230.087199,460.1674229999999,-0.0741570000000138,-0.08719899999999825,-0.16742299999992838,0.2028136760156419,89.59352655186646
598.0,568.0,319.0,460.0,554.0,322.0,547.0,568.034992,319.32462699999996,461.2226519999999,-0.034991999999988366,-0.324626999999964,-1.2226519999999255,1.265497942430881,88.17028978062848
599.0,455.0,79.0,461.0,424.0,27.0,508.0,454.262428,79.02100800000001,461.83556,0.7375720000000001,-0.02100800000000902,-0.8355599999999868,1.1147261120328968,76.64202502543888
600.0,543.0,136.0,461.0,527.0,98.0,541.0,543.5173820000001,136.16333300000002,461.40606899999995,-0.5173820000001115,-0.16333300000002282,-0.4060689999999454,0.6776826953479619,90.0
601.0,401.0,193.0,461.0,363.0,165.0,484.0,401.83002200000004,192.63828,460.37080299999997,-0.8300220000000422,0.36171999999999116,0.6291970000000333,1.1025727838528874,52.507142371300304
602.0,566.0,194.0,461.0,553.0,170.0,548.0,566.1782810000001,194.876844,460.78781,-0.17828100000008362,-0.8768440000000055,0.21219000000002097,0.9195999735738624,91.18113840043894
603.0,398.0,196.0,461.0,358.0,169.0,484.0,397.979822,195.94124799999997,461.708312,0.02017799999998715,0.05875200000002678,-0.7083119999999781,0.7110308281164549,53.46026561849464
604.0,431.0,206.0,461.0,397.0,182.0,496.0,431.524137,206.21741600000001,461.026598,-0.5241369999999961,-0.21741600000001426,-0.026597999999978583,0.5680640504635027,54.378304497290095
605.0,531.0,210.0,461.0,512.0,188.0,535.0,531.092786,210.003647,461.512236,-0.09278600000004644,-0.003647000000000844,-0.512235999999973,0.5205845388608665,79.50471684120383
606.0,428.0,216.0,461.0,393.0,194.0,494.0,428.001027,216.08875799999998,460.62797199999994,-0.0010270000000218715,-0.08875799999998435,0.3720280000000571,0.38247074407990966,52.896124621752776
607.0,369.0,245.0,461.0,324.0,228.0,472.0,368.955647,244.58270400000004,461.78827299999995,0.044353000000000975,0.4172959999999648,-0.7882729999999469,0.8930159364501212,49.34571916590131
608.0,414.0,314.0,461.0,376.0,313.0,487.0,414.0176210000001,313.694659,460.75748899999996,-0.017621000000076492,0.30534099999999853,0.2425110000000359,0.39032705650905014,46.05431575867782
609.0,407.0,297.0,462.0,368.0,292.0,486.0,407.35550900000004,296.559486,461.855331,-0.3555090000000405,0.4405140000000074,0.1446690000000217,0.5842673641733223,46.06517122512408
610.0,384.0,147.0,463.0,342.0,109.0,481.0,384.236667,146.946685,462.95282499999996,-0.23666700000001129,0.05331499999999778,0.04717500000003838,0.2471421427822635,59.430631832414505
611.0,491.0,223.0,463.0,465.0,204.0,521.0,491.06684800000005,223.53914500000002,462.998929,-0.06684800000004998,-0.5391450000000191,0.001071000000024469,0.5432744547372234,66.34003316248794
612.0,520.0,103.0,464.0,499.0,58.0,536.0,520.104901,103.63476800000001,464.40745999999996,-0.10490100000004077,-0.6347680000000082,-0.40745999999995774,0.7615499230024152,87.46427842267951
613.0,525.0,222.0,464.0,504.0,202.0,535.0,524.99946,221.51045499999998,463.7258259999999,0.0005400000000008731,0.489545000000021,0.2741740000000732,0.561093558064126,76.69419795525604
614.0,383.0,258.0,464.0,339.0,245.0,480.0,382.84397,258.317956,464.27179899999993,0.156029999999987,-0.31795599999998103,-0.2717989999999304,0.44644828954420473,48.590122453025366
615.0,502.0,308.0,465.0,475.0,307.0,525.0,500.786757,307.75906499999996,464.506154,1.2132429999999772,0.24093500000003587,0.4938460000000191,1.331875415716493,65.80273550544841
616.0,500.0,319.0,465.0,474.0,320.0,526.0,500.38452100000006,318.395462,465.66867699999995,-0.3845210000000634,0.6045379999999909,-0.6686769999999456,0.9800262870015095,66.31741852635702
617.0,539.0,186.0,466.0,520.0,158.0,543.0,539.12716,185.299855,465.35905399999996,-0.1271600000000035,0.700144999999992,0.6409460000000422,0.9576974791347442,84.10707461325711
618.0,474.0,192.0,467.0,443.0,166.0,520.0,473.37559300000004,192.565168,467.568792,0.6244069999999624,-0.5651679999999999,-0.5687919999999735,1.0162791492188172,66.6783323126786
619.0,477.0,252.0,467.0,447.0,238.0,520.0,477.118641,251.488432,467.226796,-0.11864100000002509,0.5115680000000111,-0.2267959999999789,0.5720261629689745,62.489999199871974
620.0,444.0,86.0,468.0,410.0,36.0,511.0,444.2432580000001,86.431479,467.890026,-0.24325800000008257,-0.43147899999999595,0.10997400000002244,0.5073882760579334,74.19568720619817
621.0,568.0,182.0,468.0,553.0,153.0,558.0,568.6310360000001,180.83669,468.39236299999993,-0.6310360000001083,1.1633099999999956,-0.39236299999993207,1.3803786846967296,95.73922915921143
622.0,448.0,199.0,468.0,413.0,174.0,511.0,447.79100400000004,199.39405499999998,468.44673299999994,0.20899599999995644,-0.3940549999999803,-0.4467329999999379,0.6312915683976073,60.81940479813988
623.0,421.0,88.0,469.0,382.0,37.0,504.0,420.67167000000006,87.493764,469.734512,0.32832999999993717,0.5062360000000012,-0.7345119999999952,0.9505700156958208,73.12318373812782
624.0,528.0,91.0,470.0,506.0,43.0,546.0,528.01493,91.192518,470.21307599999994,-0.014930000000049404,-0.19251800000000685,-0.2130759999999441,0.2875542853097138,92.5418824100742
625.0,468.0,95.0,470.0,437.0,47.0,522.0,468.18457800000004,95.150182,469.529121,-0.18457800000004454,-0.15018200000000093,0.4708790000000249,0.5275895221183228,77.25930364687478
626.0,584.0,143.0,470.0,571.0,107.0,566.0,584.29529,142.977426,469.48671499999995,-0.2952900000000227,0.022573999999991656,0.5132850000000531,0.5925936725962129,103.34892355511015
627.0,475.0,178.0,470.0,443.0,148.0,523.0,473.99770600000005,177.791995,469.72527299999996,1.0022939999999494,0.2080050000000142,0.27472700000004124,1.0598746468285423,68.79680225126747
628.0,469.0,195.0,470.0,437.0,170.0,522.0,469.26882300000005,195.84929800000003,470.719884,-0.26882300000005444,-0.849298000000033,-0.7198839999999791,1.145340941200067,65.97726881282674
629.0,496.0,262.0,470.0,467.0,251.0,531.0,495.63794700000005,261.883999,470.70355199999995,0.3620529999999462,0.11600099999998292,-0.7035519999999451,0.7997024593646564,68.4324484437025
630.0,492.0,263.0,470.0,466.0,253.0,530.0,494.618224,263.539262,470.20575799999995,-2.618223999999998,-0.5392620000000079,-0.20575799999994615,2.6810887291143453,66.15134163416491
631.0,504.0,263.0,470.0,476.0,252.0,534.0,503.4213730000001,262.615214,470.70615899999996,0.5786269999999263,0.3847860000000196,-0.7061589999999569,0.9907219611000198,70.71774883294857
632.0,429.0,102.0,471.0,391.0,54.0,508.0,428.85639699999996,101.311812,470.668928,0.14360300000004145,0.6881879999999967,0.33107200000000603,0.777067058970467,71.53320907103218
633.0,339.0,175.0,471.0,288.0,144.0,471.0,339.979614,176.027855,469.54940799999997,-0.9796140000000264,-1.0278549999999882,1.4505920000000287,2.0298636999771955,59.682493245507096
634.0,599.0,183.0,471.0,587.0,157.0,571.0,598.470817,183.760591,469.699218,0.5291829999999891,-0.7605910000000051,1.3007820000000265,1.5970495071518807,104.01922899156675
635.0,465.0,98.0,472.0,433.0,51.0,524.0,465.6319920000001,98.423032,472.16069899999997,-0.631992000000082,-0.4230320000000063,-0.1606989999999655,0.7772992536270042,77.05193054038295
636.0,319.0,127.0,472.0,263.0,83.0,466.0,318.713294,126.289838,471.568227,0.28670599999998103,0.7101619999999969,0.43177300000002106,0.879180482158813,71.47027354082255
637.0,421.0,99.0,473.0,381.0,51.0,508.0,421.059032,98.912136,473.23745499999995,-0.05903200000000197,0.08786399999999617,-0.23745499999995445,0.25998026183727474,71.61703707917552
638.0,482.0,138.0,473.0,451.0,99.0,531.0,481.86459500000007,137.533055,473.388152,0.13540499999993472,0.4669450000000097,-0.38815199999999095,0.6221206652683902,76.4591394144611
639.0,488.0,182.0,473.0,458.0,154.0,533.0,488.309586,182.49715700000002,473.65613399999995,-0.30958600000002434,-0.4971570000000156,-0.6561339999999518,0.8795000852762707,72.69112738154499
640.0,505.0,201.0,473.0,478.0,177.0,539.0,505.61573699999997,201.14083899999997,473.34513499999997,-0.6157369999999673,-0.1408389999999713,-0.34513499999997066,0.7197818039620976,75.23961722390672
641.0,407.0,209.0,473.0,364.0,185.0,500.0,406.94759000000005,208.810656,472.73527399999995,0.052409999999952106,0.1893440000000055,0.26472600000005286,0.3296631819175824,56.16048432839589
642.0,417.0,221.0,473.0,376.0,201.0,503.0,417.1945170000001,221.80533100000002,472.103825,-0.19451700000007577,-0.8053310000000238,0.8961750000000279,1.220460779162984,54.59853477887479
643.0,197.0,259.0,473.0,120.0,243.0,419.0,196.767271,258.662311,473.747527,0.23272900000000618,0.3376890000000117,-0.747526999999991,0.8526389997478401,95.39916142189091
644.0,535.0,292.0,473.0,512.0,288.0,549.0,535.6179400000001,291.701501,473.35711799999996,-0.6179400000000896,0.2984989999999925,-0.3571179999999572,0.7736179693654199,79.50471684120383
645.0,590.0,116.0,474.0,576.0,75.0,574.0,589.980758,116.65317,474.093442,0.0192419999999629,-0.6531700000000029,-0.09344199999998182,0.660100530849657,108.9816498315198
646.0,584.0,144.0,474.0,568.0,108.0,571.0,583.274134,143.751843,474.16023199999995,0.7258659999999963,0.24815699999999197,-0.16023199999995086,0.7836693438108798,104.69479452198185
647.0,480.0,175.0,474.0,448.0,145.0,530.0,479.67854800000003,175.22204599999998,473.835836,0.3214519999999652,-0.22204599999997754,0.16416400000002795,0.42377545152589574,71.13367697511495
648.0,403.0,90.0,475.0,359.0,41.0,503.0,402.57355300000006,90.91049100000001,474.970734,0.4264469999999392,-0.9104910000000075,0.029266000000006898,1.005836668473546,71.56116265125938
649.0,395.0,94.0,475.0,350.0,46.0,501.0,395.103278,95.079189,475.80312599999996,-0.10327799999998888,-1.0791889999999995,-0.8031259999999634,1.3491948024214064,70.74602462329597
650.0,375.0,105.0,475.0,328.0,57.0,492.0,375.76187000000004,104.31903199999999,474.632054,-0.7618700000000445,0.6809680000000071,0.36794600000001765,1.0860697826751697,69.29646455628166
651.0,450.0,154.0,475.0,415.0,118.0,520.0,451.19389700000005,153.42587200000003,474.37729999999993,-1.1938970000000495,0.5741279999999733,0.6227000000000658,1.4638197624684433,67.42403132415029
652.0,422.0,101.0,476.0,381.0,53.0,511.0,421.85744500000004,100.512803,475.58755599999995,0.1425549999999589,0.4871969999999948,0.41244400000005044,0.6540587878547499,72.18032973047436
653.0,532.0,170.0,476.0,508.0,139.0,553.0,532.2371810000001,169.689997,476.061329,-0.2371810000000778,0.3100029999999947,-0.06132900000000063,0.3951176192110821,86.4060183089118
654.0,420.0,204.0,476.0,378.0,180.0,509.0,420.125152,204.52808500000003,476.042488,-0.12515200000001414,-0.5280850000000328,-0.042487999999991644,0.5443730526698005,58.557663887829406
655.0,424.0,107.0,477.0,383.0,61.0,514.0,424.26293200000003,107.014342,477.47622899999993,-0.2629320000000348,-0.014341999999999189,-0.4762289999999325,0.5441810268917449,71.87489130426563
656.0,568.0,103.0,478.0,549.0,58.0,570.0,567.8083750000001,102.936642,477.83465199999995,0.19162499999993088,0.06335799999999381,0.16534800000005134,0.26091059367720143,104.1633332799983
657.0,553.0,301.0,478.0,531.0,300.0,560.0,553.351339,301.284016,477.08394999999996,-0.3513390000000527,-0.28401600000000826,0.9160500000000411,1.021396976536115,84.90583018850944
658.0,556.0,302.0,478.0,533.0,300.0,563.0,555.6863060000001,301.236019,478.895175,0.3136939999999413,0.7639810000000011,-0.8951749999999947,1.2179528622331637,88.07950953541919
659.0,469.0,316.0,478.0,434.0,318.0,529.0,470.06399400000004,316.946961,478.37033399999996,-1.0639940000000365,-0.9469609999999875,-0.3703339999999571,1.471721997903484,61.886993787063204
660.0,473.0,88.0,479.0,438.0,38.0,535.0,472.265728,87.61720700000001,479.28210399999995,0.7342719999999758,0.3827929999999924,-0.28210399999994706,0.8747962720822081,82.83115355951527
661.0,396.0,92.0,479.0,350.0,43.0,505.0,396.117877,92.57415700000001,478.881735,-0.11787700000002133,-0.5741570000000138,0.11826500000000806,0.5979446947695269,72.06247289678588
662.0,565.0,159.0,479.0,546.0,125.0,569.0,565.807443,157.81816500000002,478.48563699999994,-0.8074430000000348,1.1818349999999782,0.5143630000000599,1.5209429513440227,98.06630410084801
663.0,504.0,164.0,479.0,476.0,131.0,545.0,505.2176290000001,163.418853,478.08080099999995,-1.2176290000001018,0.5811469999999872,0.9191990000000487,1.6325682279314768,78.92401408950256
664.0,507.0,291.0,479.0,477.0,286.0,544.0,507.1007850000001,290.32271199999997,478.54468599999996,-0.10078500000008717,0.6772880000000328,0.45531400000004396,0.822306201949798,71.76350047203663
665.0,569.0,311.0,479.0,548.0,312.0,568.0,568.749771,310.914528,478.999557,0.25022899999999026,0.08547199999998156,0.0004430000000184009,0.2644243019731583,91.44943958275523
666.0,472.0,71.0,480.0,437.0,18.0,536.0,471.57259700000003,71.236768,480.12515399999995,0.4274029999999698,-0.23676799999999787,-0.12515399999995225,0.504376777765354,84.67585252006619
667.0,457.0,72.0,480.0,421.0,19.0,531.0,457.84663500000005,72.206895,480.40638199999995,-0.8466350000000489,-0.20689500000000294,-0.40638199999995095,0.9616354268505525,81.89017035029296
668.0,496.0,156.0,480.0,463.0,123.0,544.0,494.78465200000005,156.954876,480.603281,1.215347999999949,-0.9548760000000129,-0.6032809999999813,1.659158491959366,79.20858539325141
669.0,452.0,69.0,482.0,414.0,15.0,531.0,452.37173100000007,68.971607,482.185957,-0.371731000000068,0.028392999999994117,-0.1859569999999735,0.41661745601815625,82.22530024268686
670.0,562.0,148.0,482.0,540.0,113.0,572.0,561.8198940000001,147.990984,482.258746,0.18010599999990973,0.009016000000002578,-0.2587459999999737,0.3153869876959954,99.04039579888602
671.0,403.0,154.0,482.0,357.0,119.0,512.0,404.04928800000005,154.669596,483.237583,-1.0492880000000468,-0.6695960000000127,-1.2375829999999723,1.7552708600239015,65.12296062065974
672.0,402.0,158.0,482.0,355.0,123.0,508.0,401.48932,158.0046,480.68816899999996,0.5106799999999794,-0.004600000000010596,1.3118310000000406,1.4077342771137904,64.10928169929842
673.0,497.0,159.0,482.0,466.0,125.0,546.0,497.65408,158.550862,481.39719799999995,-0.6540800000000218,0.4491380000000049,0.6028020000000538,0.9964516248409141,78.82258559575422
674.0,398.0,161.0,482.0,351.0,127.0,508.0,398.41621200000003,161.301928,481.765921,-0.41621200000003,-0.30192800000000375,0.23407900000000836,0.5649654187373163,63.56886030125127
675.0,576.0,168.0,482.0,557.0,138.0,576.0,576.291877,168.313448,481.192554,-0.2918769999999995,-0.31344799999999395,0.8074460000000272,0.9140081371350256,100.48382954485761
676.0,529.0,195.0,482.0,501.0,170.0,559.0,528.632368,195.03549500000003,482.841217,0.36763199999995777,-0.03549500000002581,-0.8412169999999719,0.9187269580990445,85.66212698736823
677.0,575.0,312.0,482.0,554.0,314.0,575.0,575.2517799999999,312.432399,482.89876799999996,-0.2517799999999397,-0.43239899999997533,-0.8987679999999614,1.028662229026068,95.36246641105713
678.0,451.0,68.0,483.0,412.0,14.0,533.0,451.329254,68.139717,484.24961599999995,-0.3292539999999917,-0.13971700000000453,-1.2496159999999463,1.2997958239896226,83.28865468957942
679.0,435.0,81.0,483.0,393.0,30.0,525.0,434.623458,81.443861,483.12459099999995,0.3765419999999722,-0.4438609999999983,-0.1245909999999526,0.5952473287348425,78.28793010419933
680.0,418.0,104.0,483.0,375.0,57.0,517.0,418.791719,103.747977,481.8463,-0.7917190000000005,0.2520229999999941,1.1537000000000148,1.4217447933753906,72.20803279414278
681.0,381.0,165.0,483.0,331.0,131.0,503.0,381.60832700000003,164.75069100000002,483.11521999999997,-0.6083270000000311,0.24930899999998246,-0.11521999999996524,0.6674521442096213,63.686733312362634
682.0,437.0,166.0,483.0,395.0,133.0,524.0,436.8253260000001,165.77009600000002,482.82530699999995,0.17467399999992494,0.22990399999997635,0.1746930000000475,0.33746777585568005,67.3349834781297
683.0,449.0,67.0,484.0,408.0,12.0,532.0,447.94299500000005,66.537132,484.492369,1.057004999999947,0.4628680000000003,-0.4923689999999965,1.2545650989924295,83.72574275573791
684.0,394.0,166.0,484.0,345.0,133.0,509.0,394.06681100000003,166.235681,484.15946199999996,-0.06681100000002971,-0.23568099999999959,-0.15946199999996225,0.29229672068976714,64.1482657598785
685.0,510.0,305.0,484.0,478.0,302.0,552.0,510.101005,303.31823199999997,484.65512899999993,-0.10100499999998647,1.6817680000000337,-0.6551289999999312,1.8076890281489293,75.21303078589507
686.0,465.0,310.0,484.0,426.0,310.0,534.0,465.07804300000004,310.38135,484.25550699999997,-0.0780430000000365,-0.38134999999999764,-0.25550699999996596,0.4656204026865516,63.41135544995076
687.0,513.0,312.0,484.0,483.0,313.0,553.0,514.343691,312.283405,484.23974799999996,-1.3436910000000353,-0.2834050000000161,-0.2397479999999632,1.3940240317189967,75.24626236564843
688.0,592.0,316.0,484.0,572.0,318.0,583.0,591.3567840000001,315.507735,484.47716999999994,0.6432159999999385,0.49226499999997486,-0.47716999999994414,0.9400759872376503,101.01980003939822
689.0,554.0,147.0,485.0,530.0,112.0,573.0,554.30042,147.216453,485.62354799999997,-0.300420000000031,-0.21645300000000134,-0.6235479999999711,0.7252007900664362,97.69851585361981
690.0,400.0,154.0,485.0,352.0,118.0,512.0,400.15501300000005,153.87910399999998,484.526687,-0.15501300000005358,0.1208960000000161,0.47331300000001875,0.5125134817290549,65.79513659838392
691.0,444.0,172.0,485.0,402.0,141.0,529.0,443.636795,172.218957,484.96902099999994,0.36320499999999356,-0.21895699999998897,0.03097900000005893,0.4252290421819683,68.27151675479314
692.0,451.0,219.0,485.0,412.0,198.0,530.0,452.170431,218.815762,483.700181,-1.1704310000000078,0.18423799999999346,1.2998190000000136,1.7588012392439492,63.14269553954757
693.0,510.0,301.0,485.0,478.0,300.0,553.0,510.34363600000006,301.668609,485.41267999999997,-0.34363600000006045,-0.6686090000000036,-0.4126799999999662,0.8575712668793296,75.15982969645421
694.0,514.0,74.0,486.0,484.0,22.0,559.0,514.1171840000001,73.96495900000001,485.82429799999994,-0.11718400000006568,0.03504099999999255,0.17570200000005798,0.21408212055432196,94.51454914456292
695.0,470.0,117.0,486.0,433.0,74.0,541.0,470.25917400000003,117.044885,485.59088299999996,-0.25917400000003,-0.044884999999993624,0.4091170000000375,0.48637695791437907,79.012657213892
696.0,569.0,159.0,486.0,547.0,127.0,578.0,568.944514,159.33975800000002,485.23745899999994,0.0554859999999735,-0.33975800000001755,0.7625410000000556,0.8366498499617949,99.85990186255943
697.0,472.0,237.0,487.0,434.0,221.0,541.0,472.332071,237.38696900000002,486.75423299999994,-0.3320709999999849,-0.3869690000000219,0.24576700000005758,0.5660543916365592,67.94115100585212
698.0,499.0,297.0,487.0,465.0,296.0,549.0,499.165136,298.516117,485.64314499999995,-0.16513600000001816,-1.5161170000000084,1.3568550000000528,2.0413074602347816,70.71774883294857
699.0,565.0,305.0,487.0,540.0,305.0,574.0,564.032896,305.15537,485.67132399999997,0.9671039999999493,-0.1553700000000049,1.32867600000003,1.6506998202859244,90.52071586106685
700.0,490.0,318.0,487.0,454.0,320.0,546.0,490.0479010000001,318.263482,486.40207699999996,-0.04790100000008124,-0.26348200000001043,0.5979230000000371,0.6551558471494073,69.14477565225012
701.0,344.0,204.0,488.0,286.0,180.0,491.0,343.94799000000006,205.267267,485.955698,0.05200999999993883,-1.267267000000004,2.044302000000016,2.40579329049548,62.8410693734599
702.0,540.0,223.0,488.0,513.0,205.0,570.0,541.128868,223.48740600000002,488.60901099999995,-1.1288680000000113,-0.4874060000000213,-0.6090109999999527,1.372152312384084,88.1873006730561
703.0,538.0,231.0,488.0,510.0,214.0,569.0,538.616666,230.884793,488.6984979999999,-0.6166660000000093,0.11520699999999806,-0.6984979999999155,0.9388551881993797,87.37276463521113
704.0,466.0,96.0,489.0,427.0,48.0,543.0,465.88795400000004,95.76825500000001,488.45154499999995,0.1120459999999639,0.23174499999998943,0.5484550000000468,0.6058571928813243,82.10359310042405
705.0,555.0,299.0,489.0,529.0,298.0,575.0,555.68344,299.47432699999996,489.237797,-0.6834400000000187,-0.47432699999995975,-0.23779700000000048,0.8652304604774312,89.84987479123163
706.0,497.0,321.0,489.0,461.0,323.0,552.0,497.07555600000006,320.60664399999996,489.274299,-0.0755560000000628,0.3933560000000398,-0.27429899999998497,0.4854663667784129,72.58787777583802
707.0,476.0,193.0,490.0,437.0,169.0,547.0,475.76653300000004,194.724631,490.13302799999997,0.2334669999999619,-1.724630999999988,-0.1330279999999675,1.74543844779297,73.11634564172364
708.0,463.0,209.0,490.0,422.0,186.0,542.0,462.958703,208.78819,490.309395,0.04129699999998593,0.21181000000001404,-0.309394999999995,0.3772190137493094,70.09992867328754
709.0,477.0,258.0,490.0,441.0,247.0,543.0,478.521427,258.609003,486.74146599999995,-1.521427000000017,-0.6090029999999729,3.258534000000054,3.647419443866358,65.00769185258002
710.0,487.0,315.0,490.0,450.0,316.0,549.0,487.68505600000003,314.974557,489.73312,-0.6850560000000314,0.025442999999995664,0.26688000000001466,0.7356452975347907,69.6491205974634
711.0,473.0,323.0,490.0,432.0,326.0,543.0,472.2239840000001,323.336431,489.84407799999997,0.7760159999999132,-0.3364310000000046,0.1559220000000323,0.8600571609497117,67.07458535093602
712.0,521.0,74.0,491.0,490.0,22.0,568.0,521.1220850000001,73.82096800000001,491.25797299999994,-0.12208500000008371,0.1790319999999923,-0.25797299999993584,0.3369084044335857,97.94896630388705
713.0,444.0,173.0,491.0,399.0,142.0,536.0,443.1361610000001,172.968896,491.19636399999996,0.8638389999999276,0.031103999999999132,-0.19636399999996001,0.886422076232795,70.78841713161836
714.0,536.0,261.0,491.0,507.0,251.0,571.0,537.132067,261.168839,491.389792,-1.1320670000000064,-0.1688389999999913,-0.3897919999999999,1.209140233254196,85.67963585356792
715.0,584.0,314.0,491.0,560.0,315.0,588.0,583.30654,313.058144,491.449776,0.6934599999999591,0.9418559999999729,-0.44977599999998574,1.2531073164385722,99.92997548283498
716.0,568.0,304.0,492.0,542.0,304.0,583.0,567.920614,304.215247,492.134346,0.07938599999999951,-0.21524699999997665,-0.13434599999999364,0.2658613467975143,94.64142856064674
717.0,356.0,153.0,493.0,297.0,117.0,505.0,355.584311,153.456285,493.36524999999995,0.4156889999999862,-0.45628500000000827,-0.36524999999994634,0.7172174763946825,70.14983962918234
718.0,567.0,156.0,493.0,542.0,123.0,587.0,567.3661430000001,155.98303900000002,493.489737,-0.36614300000007916,0.016960999999980686,-0.489736999999991,0.6117112890400573,102.71319292087068
719.0,497.0,172.0,493.0,461.0,142.0,559.0,497.30186800000007,172.337719,492.960429,-0.30186800000006997,-0.3377189999999928,0.03957100000002356,0.45469140790874774,80.94442537939224
720.0,443.0,174.0,493.0,398.0,143.0,538.0,442.88840600000003,173.76875,493.01962799999995,0.11159399999996822,0.23124999999998863,-0.01962799999995468,0.2575170707350988,70.78841713161836
721.0,425.0,279.0,493.0,376.0,272.0,529.0,424.587168,279.614249,492.990914,0.4128319999999803,-0.6142489999999725,0.009086000000024796,0.7401450193178026,61.204574992397426
722.0,421.0,287.0,493.0,371.0,281.0,527.0,420.26052100000004,287.03515500000003,492.823002,0.7394789999999603,-0.03515500000003158,0.17699800000002597,0.7611789260548092,60.76183012385325
723.0,422.0,295.0,493.0,374.0,292.0,527.0,422.68876200000005,296.023847,492.150222,-0.6887620000000538,-1.0238469999999893,0.8497780000000148,1.4982584627950803,58.89821729050889
724.0,445.0,146.0,494.0,401.0,108.0,540.0,445.4316790000001,145.073132,493.45534799999996,-0.43167900000008785,0.9268680000000131,0.5446520000000419,1.1584804053453583,74.13501197140255
725.0,341.0,285.0,494.0,279.0,277.0,497.0,340.92496700000004,284.646437,493.37453199999993,0.07503299999996216,0.3535630000000083,0.625468000000069,0.7223897598125866,62.5859409132754
726.0,475.0,294.0,494.0,433.0,290.0,550.0,474.50556300000005,293.772206,494.67419599999994,0.49443699999994806,0.22779400000001715,-0.6741959999999381,0.8665438822245951,70.11419257183242
727.0,460.0,95.0,495.0,418.0,47.0,548.0,460.1866160000001,94.93912800000001,494.66424199999994,-0.18661600000007184,0.06087199999998916,0.3357580000000553,0.38892719936263476,82.92767933567175
728.0,506.0,279.0,495.0,469.0,273.0,563.0,505.71441300000004,279.492295,495.25823599999995,0.28558699999996406,-0.4922950000000128,-0.25823599999995395,0.6249801063153677,77.64663547121665
729.0,510.0,323.0,495.0,474.0,327.0,564.0,510.336144,323.661224,495.25913799999995,-0.33614399999999023,-0.6612240000000043,-0.25913799999995035,0.7857241691306011,77.92945527847606
730.0,440.0,88.0,496.0,394.0,38.0,541.0,439.635246,87.791933,495.37289,0.3647540000000049,0.20806699999999978,0.627110000000016,0.7547213453354977,81.49233092751734
731.0,356.0,132.0,496.0,296.0,91.0,509.0,355.619073,132.126977,496.48095299999994,0.3809269999999856,-0.12697700000001078,-0.4809529999999427,0.626533579361024,73.824115301167
732.0,463.0,192.0,496.0,420.0,166.0,549.0,463.050046,192.33995700000003,496.07367999999997,-0.05004600000000892,-0.3399570000000267,-0.07367999999996755,0.35143151020506724,73.03423854604085
733.0,390.0,201.0,496.0,335.0,175.0,520.0,389.5289920000001,200.54251599999998,495.70967699999994,0.4710079999999266,0.4574840000000222,0.2903230000000576,0.7179328594297552,65.39877674696982
734.0,558.0,274.0,496.0,529.0,266.0,583.0,557.483448,273.178271,495.143309,0.516552000000047,0.8217290000000048,0.8566910000000121,1.2945980023258483,92.05433178292046
735.0,429.0,295.0,496.0,380.0,292.0,534.0,429.17314100000004,295.904334,496.03007099999996,-0.17314100000004373,-0.9043340000000057,-0.030070999999963988,0.9212502670165276,62.080592780675026
736.0,468.0,313.0,496.0,425.0,313.0,548.0,467.97105000000005,312.67172,495.42108899999994,0.02894999999995207,0.32828000000000657,0.5789110000000619,0.6661409811902231,67.47592163134935
737.0,517.0,144.0,497.0,483.0,108.0,572.0,517.481575,144.21900399999998,497.01649,-0.48157500000002074,-0.219003999999984,-0.016489999999976135,0.5292911795420476,89.87213138676528
738.0,391.0,216.0,497.0,336.0,194.0,522.0,390.994091,216.067546,497.18768499999993,0.005908999999974185,-0.067545999999993,-0.18768499999993082,0.19955710366201646,64.29618962271404
739.0,492.0,319.0,497.0,452.0,321.0,559.0,491.88592500000004,318.934347,497.031141,0.11407499999995707,0.06565299999999752,-0.03114099999999098,0.13525229726326027,73.81056834898374
740.0,456.0,229.0,498.0,412.0,210.0,549.0,457.22117000000003,228.40752500000002,498.5777,-1.2211700000000292,0.592474999999979,-0.577699999999993,1.4751339208780463,69.98571282769076
741.0,376.0,243.0,498.0,319.0,227.0,516.0,376.51285600000006,243.253696,497.26154899999995,-0.5128560000000562,-0.2536959999999908,0.7384510000000546,0.9341802912463598,61.87891401761993
742.0,387.0,271.0,498.0,330.0,261.0,521.0,386.66188300000005,270.965989,498.617941,0.33811699999995426,0.034011000000020886,-0.6179409999999734,0.705216940587035,62.27358990776106
743.0,384.0,277.0,498.0,327.0,269.0,520.0,384.1408660000001,277.544684,498.697747,-0.14086600000007365,-0.5446840000000179,-0.6977469999999926,0.896311757047195,61.61980201201558
744.0,481.0,294.0,498.0,439.0,292.0,555.0,480.48705000000007,295.314555,497.01958099999996,0.5129499999999325,-1.3145549999999844,0.9804190000000403,1.7182531728723707,70.83078426785913
745.0,435.0,166.0,499.0,387.0,135.0,542.0,435.310918,167.23229800000001,498.907159,-0.3109180000000151,-1.2322980000000143,0.09284100000002127,1.2743028740488067,71.5122367151245
746.0,451.0,218.0,499.0,407.0,196.0,547.0,452.69177800000006,216.998515,498.187125,-1.6917780000000562,1.0014850000000024,0.8128750000000196,2.1274047034201615,68.73136110975832
747.0,457.0,222.0,499.0,412.0,203.0,550.0,457.419726,222.664442,499.28684599999997,-0.4197260000000256,-0.6644420000000082,-0.2868459999999686,0.8366204122276807,70.61869440877535
748.0,548.0,254.0,499.0,517.0,242.0,585.0,548.4673060000001,253.57286499999998,499.58187499999997,-0.46730600000012146,0.42713500000002114,-0.5818749999999682,0.8598823881706699,92.20086767487604
749.0,563.0,276.0,499.0,534.0,270.0,590.0,563.225995,276.339166,499.32163899999995,-0.22599500000001171,-0.33916599999997743,-0.3216389999999478,0.5191906797140685,95.69743988216194
750.0,494.0,288.0,499.0,454.0,283.0,563.0,494.14618300000006,287.763815,499.25140099999993,-0.14618300000006457,0.23618499999997766,-0.25140099999993026,0.37464020942095,75.63729238940273
751.0,359.0,182.0,500.0,297.0,153.0,514.0,358.244,182.81904600000001,500.70598299999995,0.7559999999999718,-0.8190460000000144,-0.7059829999999465,1.3193878680679556,69.86415389883427
752.0,460.0,196.0,500.0,415.0,172.0,552.0,459.9982590000001,197.24359199999998,499.76129,0.0017409999999244974,-1.2435919999999783,0.23871000000002596,1.2662963940740564,72.83543093852057
753.0,543.0,260.0,500.0,510.0,249.0,582.0,542.308584,259.379906,499.13720199999995,0.6914160000000038,0.6200939999999946,0.8627980000000548,1.2676722931010573,89.07300376657341
754.0,388.0,270.0,500.0,331.0,260.0,523.0,387.95068200000003,270.117179,499.90232899999995,0.04931799999997111,-0.11717900000002146,0.09767100000004802,0.16032095123848147,62.27358990776106
755.0,502.0,284.0,500.0,463.0,279.0,567.0,502.145795,284.38933099999997,499.982516,-0.145795000000021,-0.3893309999999701,0.01748400000002448,0.4161015499153827,77.68526243760782
756.0,504.0,288.0,500.0,463.0,280.0,569.0,502.675132,285.183545,501.54602299999993,1.3248679999999808,2.816455000000019,-1.5460229999999342,3.475324603684935,80.65977932030313
757.0,432.0,140.0,501.0,382.0,102.0,544.0,431.6550850000001,140.21918399999998,501.44029699999993,0.34491499999990083,-0.21918399999998428,-0.44029699999993,0.6007240891539668,76.11175993235211
758.0,466.0,197.0,501.0,420.0,171.0,555.0,464.65568700000006,196.359983,500.78356299999996,1.3443129999999428,0.6400170000000003,0.21643700000004173,1.5045411849553552,75.55130707009641
759.0,411.0,211.0,501.0,358.0,188.0,535.0,411.42061800000005,210.872207,501.51481399999994,-0.42061800000004723,0.12779299999999694,-0.5148139999999444,0.676966769767159,67.03730304837748
760.0,457.0,231.0,501.0,410.0,213.0,551.0,456.21395300000006,230.85040300000003,500.68008299999997,0.7860469999999395,0.14959699999997156,0.3199170000000322,0.8617401206320366,70.94363960215179
761.0,374.0,252.0,501.0,315.0,238.0,519.0,374.28223600000007,252.24515099999996,500.737807,-0.28223600000006854,-0.24515099999996437,0.26219300000002477,0.45661947149243887,63.25345840347388
762.0,388.0,253.0,501.0,331.0,239.0,525.0,388.286089,252.900169,501.25285399999996,-0.28608900000000403,0.09983099999999467,-0.2528539999999566,0.394649578484482,63.41135544995076
763.0,380.0,272.0,501.0,322.0,263.0,521.0,380.462777,272.648493,500.715359,-0.46277700000001687,-0.6484929999999736,0.2846410000000219,0.8460060411480487,62.00806399170998
764.0,390.0,135.0,502.0,334.0,96.0,529.0,390.397864,135.76133700000003,502.196852,-0.39786400000002686,-0.7613370000000259,-0.1968519999999785,0.8812947860784451,73.38937252763509
765.0,466.0,157.0,502.0,422.0,123.0,558.0,466.567534,157.01477,502.13009999999997,-0.5675340000000233,-0.014769999999998618,-0.13009999999997035,0.5824422752994658,78.91767862779544
766.0,488.0,202.0,502.0,446.0,178.0,565.0,487.52439400000003,201.821797,501.86677799999995,0.47560599999997066,0.17820299999999634,0.13322200000004614,0.5250766398622044,79.42921376924235
767.0,354.0,218.0,502.0,291.0,196.0,514.0,353.96049300000004,218.056642,502.68080799999996,0.03950699999995777,-0.05664200000001074,-0.6808079999999563,0.684301579770892,67.80117993073571
768.0,349.0,219.0,502.0,285.0,196.0,511.0,348.51715800000005,218.12719900000002,501.90861099999995,0.48284199999994826,0.8728009999999813,0.09138900000004924,1.001633631566915,68.60029154456998
769.0,368.0,222.0,502.0,307.0,200.0,518.0,367.47026900000003,221.19221400000004,501.671072,0.5297309999999698,0.8077859999999646,0.328928000000019,1.0204542044310088,66.79071791798619
770.0,485.0,262.0,502.0,442.0,251.0,563.0,484.53899900000005,261.633351,502.05869299999995,0.46100099999995336,0.36664899999999534,-0.05869299999994837,0.591944490177033,75.43871685016919
771.0,564.0,273.0,502.0,535.0,264.0,592.0,564.470719,271.396896,500.5576219999999,-0.470719000000031,1.6031039999999734,1.442378000000076,2.207254653786274,94.98420921395304
772.0,416.0,285.0,502.0,362.0,280.0,536.0,415.6002270000001,286.157072,502.14335099999994,0.3997729999999251,-1.1570720000000279,-0.14335099999993872,1.2325516516211348,64.00781202322104
773.0,382.0,132.0,503.0,324.0,91.0,526.0,381.80208600000003,131.76099399999998,502.41527799999994,0.19791399999996884,0.2390060000000176,0.5847220000000561,0.6619619601729858,74.65922581972036
774.0,519.0,194.0,503.0,482.0,169.0,578.0,518.803764,194.09142200000002,502.528266,0.19623599999999897,-0.09142200000002276,0.4717340000000263,0.5190371051630399,87.28688332160795
775.0,494.0,276.0,503.0,453.0,269.0,568.0,494.54698600000006,276.246572,503.26018899999997,-0.5469860000000608,-0.24657200000001467,-0.2601889999999685,0.6539799317265457,77.1686464828819
776.0,371.0,150.0,504.0,311.0,113.0,523.0,371.113037,149.882255,503.674362,-0.11303700000001982,0.11774500000001353,0.3256380000000263,0.36425452013396453,73.00684899377592
777.0,461.0,198.0,504.0,414.0,173.0,557.0,460.531287,198.006729,503.91529299999996,0.46871299999997973,-0.00672900000000709,0.08470700000003717,0.47635326351247703,75.11990415329349
778.0,380.0,315.0,504.0,320.0,315.0,525.0,380.40801700000003,315.182801,504.845937,-0.4080170000000294,-0.18280099999998356,-0.8459369999999922,0.9568194635661447,63.56886030125127
779.0,389.0,111.0,505.0,332.0,66.0,532.0,389.3600130000001,111.17514,504.756675,-0.3600130000000945,-0.17513999999999896,0.2433250000000271,0.46849806338349026,77.47902942086975
780.0,541.0,255.0,505.0,505.0,245.0,589.0,540.209691,256.047665,505.835654,0.7903089999999793,-1.047664999999995,-0.8356539999999768,1.5557981473899234,91.93475947648963
781.0,496.0,264.0,505.0,455.0,254.0,570.0,496.48946700000005,263.930434,504.14928599999996,-0.4894670000000474,0.0695660000000089,0.850714000000039,0.983936828379299,77.49838707999025
782.0,373.0,329.0,505.0,313.0,329.0,522.0,374.31100000000004,326.720686,504.469031,-1.3110000000000355,2.2793139999999994,0.5309690000000273,2.6825214611549932,62.36184731067546
783.0,429.0,248.0,506.0,377.0,233.0,546.0,429.44491200000004,247.47155800000002,505.56111899999996,-0.4449120000000448,0.5284419999999841,0.4388810000000376,0.8184217539075168,67.29784543356496
784.0,564.0,277.0,506.0,532.0,271.0,597.0,563.5024530000001,277.083465,505.28922499999993,0.49754699999994045,-0.08346499999998969,0.7107750000000692,0.8716194835242254,96.64884893261792
785.0,384.0,195.0,507.0,324.0,168.0,531.0,383.782146,194.739083,507.04527999999993,0.21785399999998845,0.2609170000000063,-0.04527999999993426,0.3429115404954932,70.03570517957252
786.0,483.0,203.0,508.0,438.0,181.0,570.0,482.635408,204.261798,507.85844199999997,0.364592000000016,-1.2617979999999989,0.14155800000003183,1.3210224020174743,79.7057087039567
787.0,456.0,204.0,508.0,407.0,180.0,560.0,455.9341310000001,203.740336,508.132098,0.06586899999990692,0.25966399999998657,-0.13209799999998495,0.2986871267078258,75.37240874484509
788.0,398.0,253.0,508.0,339.0,240.0,536.0,397.37451100000004,253.539112,507.73052199999995,0.6254889999999591,-0.5391119999999887,0.2694780000000492,0.8686176547532078,66.58828725834597
789.0,487.0,263.0,509.0,441.0,252.0,571.0,485.85281000000003,262.35977099999997,508.54343499999993,1.1471899999999664,0.6402290000000335,0.4565650000000687,1.3908233776314045,77.9807668595276
790.0,493.0,266.0,509.0,449.0,257.0,574.0,492.894404,266.371394,508.844523,0.10559599999999136,-0.37139400000000933,0.15547700000001896,0.41624165574941074,79.00632886041473
791.0,436.0,140.0,510.0,383.0,101.0,555.0,435.28623300000004,139.260223,509.71690199999995,0.7137669999999616,0.7397770000000037,0.28309800000005225,1.066244726890586,79.71825386948713
792.0,448.0,176.0,510.0,398.0,146.0,560.0,448.6405930000001,175.955568,510.14075699999995,-0.6405930000000808,0.04443200000000047,-0.14075699999995095,0.6573782224276141,76.81145747868608
793.0,393.0,282.0,510.0,334.0,275.0,535.0,393.53731500000004,282.233771,508.59122899999994,-0.5373150000000351,-0.23377099999999018,1.4087710000000584,1.525775874795246,64.45928947793328
794.0,471.0,192.0,511.0,423.0,166.0,570.0,470.846803,192.066018,511.609582,0.15319699999997738,-0.0660180000000139,-0.609581999999989,0.6319951834128023,80.38034585643433
795.0,362.0,241.0,511.0,298.0,224.0,526.0,362.77008900000004,240.79367000000002,510.456533,-0.7700890000000413,0.20632999999997992,0.543467000000021,0.9648655434360159,67.89698078707183
796.0,479.0,261.0,511.0,432.0,250.0,571.0,478.8413520000001,260.773147,510.86188599999997,0.1586479999999142,0.22685300000000552,0.13811400000003005,0.30936539643111927,77.00649323271382
797.0,379.0,265.0,512.0,316.0,254.0,534.0,379.10428300000007,265.154998,512.2866409999999,-0.1042830000000663,-0.15499799999997776,-0.28664099999991777,0.3421438103692069,67.63135367564367
798.0,381.0,273.0,513.0,318.0,264.0,535.0,381.00687800000003,273.318399,512.64085,-0.0068780000000288055,-0.31839899999999943,0.35914999999999964,0.48001453372267777,67.3349834781297
799.0,329.0,177.0,514.0,259.0,146.0,517.0,329.43358200000006,177.265805,512.839721,-0.4335820000000581,-0.2658050000000003,1.1602789999999459,1.2668437182975354,76.61592523751182
800.0,424.0,238.0,514.0,368.0,221.0,555.0,424.687653,237.58786300000003,514.774977,-0.6876530000000116,0.4121369999999729,-0.7749770000000353,1.1150394189027797,71.45628033979938
801.0,433.0,132.0,515.0,378.0,92.0,560.0,432.622743,131.85899999999998,514.8131229999999,0.37725699999998596,0.14100000000001955,0.186877000000095,0.4439897039099335,81.54753215150045
802.0,348.0,184.0,515.0,279.0,155.0,527.0,347.657367,184.398843,515.5008399999999,0.342632999999978,-0.3988429999999994,-0.5008399999999256,0.7261637672990232,75.8023746329889
803.0,417.0,233.0,515.0,359.0,215.0,553.0,417.120413,232.750949,515.5008780000001,-0.120412999999985,0.24905100000000857,-0.500878000000057,0.5721926791335745,71.63797875428926
804.0,493.0,257.0,515.0,446.0,246.0,582.0,492.54825100000005,257.28479,515.7326069999999,0.4517489999999498,-0.2847899999999868,-0.7326069999999163,0.9065845352474443,82.57723657279892
805.0,491.0,291.0,515.0,445.0,288.0,580.0,491.6208670000001,291.699972,514.8451399999999,-0.6208670000000893,-0.6999720000000025,0.1548600000000988,0.9483766404088331,79.68688725254614
806.0,531.0,314.0,516.0,490.0,316.0,596.0,531.0010030000001,314.173724,515.857751,-0.0010030000000824657,-0.17372399999999288,0.14224899999999252,0.22453465698193578,89.9166280506559
807.0,333.0,146.0,517.0,262.0,108.0,525.0,333.51197600000006,146.04067700000002,517.907876,-0.511976000000061,-0.040677000000016506,-0.9078759999999875,1.043078556140927,80.92589202474076
808.0,362.0,147.0,517.0,294.0,110.0,535.0,360.99916,147.375191,517.3841439999999,1.0008399999999824,-0.37519100000000094,-0.38414399999987836,1.1357885387768587,79.47955712005447
809.0,385.0,144.0,518.0,322.0,106.0,545.0,385.32508600000006,143.820113,517.8413539999999,-0.3250860000000557,0.1798870000000079,0.15864600000008977,0.40399108094247277,78.37091297158659
810.0,572.0,180.0,518.0,537.0,153.0,617.0,571.5529630000001,180.20482900000002,518.386342,0.4470369999999093,-0.2048290000000179,-0.3863420000000133,0.625345616098759,108.42047777057617
811.0,404.0,210.0,518.0,343.0,189.0,552.0,404.1974900000001,211.567436,518.628371,-0.197490000000073,-1.5674359999999865,-0.6283710000000156,1.7002082307285205,72.92461861401813
812.0,403.0,215.0,518.0,341.0,194.0,552.0,402.6873810000001,215.67217599999998,519.19629,0.3126189999999269,-0.672175999999979,-1.1962899999999763,1.4073595767382512,73.76313442364011
813.0,501.0,310.0,518.0,454.0,310.0,587.0,500.63045200000005,309.574763,518.1587,0.369547999999952,0.42523699999998144,-0.15869999999995343,0.5853015637027924,83.48652585896721
814.0,425.0,178.0,519.0,368.0,147.0,562.0,425.85717,176.91898200000003,519.4969739999999,-0.8571699999999964,1.0810179999999718,-0.4969739999999092,1.4663981321250525,77.83957862167549
815.0,448.0,227.0,519.0,393.0,208.0,569.0,447.64401200000003,226.632521,519.031981,0.355987999999968,0.367479000000003,-0.03198099999997339,0.5126315011252992,76.72027111526653
816.0,493.0,119.0,520.0,446.0,77.0,590.0,493.14060400000005,118.82793000000001,520.3118219999999,-0.14060400000005302,0.17206999999999084,-0.3118219999998928,0.3828975442594858,94.19660291114536
817.0,365.0,152.0,520.0,296.0,116.0,540.0,363.90753900000004,152.214868,520.807281,1.0924609999999575,-0.21486799999999562,-0.807280999999989,1.3752606687118947,80.3554602998452
818.0,468.0,177.0,520.0,416.0,148.0,579.0,467.590838,177.258891,520.24584,0.4091619999999807,-0.25889100000000553,-0.2458400000000438,0.5430243067533982,83.8212383587835
819.0,476.0,180.0,520.0,425.0,152.0,581.0,475.140448,180.458421,519.500577,0.8595520000000079,-0.4584209999999871,0.49942299999997886,1.0947158475485683,84.29709366283039
820.0,420.0,214.0,520.0,360.0,192.0,560.0,419.5165870000001,213.82972,520.4568489999999,0.4834129999999277,0.1702799999999911,-0.4568489999999201,0.6865816890726507,75.39230729988306
821.0,515.0,284.0,520.0,469.0,280.0,595.0,514.10447,284.83149099999997,520.1872189999999,0.8955300000000079,-0.8314909999999713,-0.18721899999991365,1.236285653860763,88.07383266328314
822.0,533.0,315.0,520.0,491.0,318.0,601.0,533.09703,315.744273,519.501921,-0.09703000000001794,-0.7442730000000211,0.4980789999999615,0.900799539115111,91.29074432821763
823.0,554.0,68.0,521.0,517.0,16.0,615.0,554.282946,68.181303,520.7013589999999,-0.2829460000000381,-0.18130299999999977,0.29864100000008875,0.4495727567436382,113.61778029868388
824.0,575.0,263.0,521.0,540.0,253.0,621.0,575.806783,262.008153,521.682823,-0.8067829999999958,0.991847000000007,-0.6828229999999849,1.4494504233767316,106.41898326896381
825.0,566.0,268.0,522.0,528.0,261.0,617.0,565.511155,268.674325,521.7697029999999,0.48884499999996933,-0.6743250000000103,0.23029700000006414,0.8641298211837232,102.55730105653132
826.0,381.0,158.0,523.0,315.0,122.0,549.0,381.06752600000004,156.90970900000002,522.922201,-0.0675260000000435,1.0902909999999792,0.07779900000002726,1.0951469808925034,79.54872720540537
827.0,512.0,314.0,523.0,465.0,317.0,597.0,511.84277900000006,315.121177,523.1382699999999,0.15722099999993588,-1.1211769999999888,-0.1382699999999204,1.140559030068121,87.71544903835355
828.0,498.0,130.0,524.0,450.0,90.0,597.0,498.185394,129.362693,524.8370379999999,-0.18539399999997386,0.6373069999999927,-0.8370379999998931,1.0682526671760768,96.08850087289322
829.0,451.0,192.0,524.0,394.0,166.0,577.0,450.13296199999996,192.14390500000002,524.580926,0.8670380000000364,-0.14390500000001794,-0.5809259999999767,1.0535362167220645,82.06095295571457
830.0,204.0,201.0,525.0,108.0,173.0,482.0,203.22156,200.65049399999998,525.13246,0.7784399999999891,0.3495060000000194,-0.13246000000003733,0.8635212384394529,108.85311203635843
831.0,404.0,218.0,525.0,341.0,197.0,558.0,404.27539200000007,218.054818,523.886811,-0.2753920000000676,-0.05481800000001158,1.113189000000034,1.148057279280574,74.15524256584965
832.0,523.0,163.0,526.0,480.0,133.0,608.0,524.7400700000001,164.26262,526.006654,-1.7400700000000597,-1.2626199999999983,-0.006654000000025917,2.149906310753146,97.32933781753577
833.0,448.0,195.0,526.0,391.0,170.0,577.0,447.836946,195.43559299999998,525.398921,0.16305399999998826,-0.435592999999983,0.601079000000027,0.7600156793159032,80.46738469715541
834.0,503.0,197.0,526.0,454.0,172.0,600.0,502.7973750000001,196.43615999999997,526.922591,0.20262499999989814,0.5638400000000274,-0.9225910000000113,1.1000666295756865,92.2062904578641
835.0,417.0,221.0,526.0,355.0,200.0,565.0,417.002952,220.34626100000003,525.7176469999999,-0.0029519999999934043,0.6537389999999732,0.28235300000005736,0.7121141839859654,76.19711280619497
836.0,369.0,240.0,526.0,300.0,223.0,545.0,369.260417,239.731157,524.688685,-0.2604170000000181,0.26884300000000394,1.311315000000036,1.3636864015465966,73.55949972641196
837.0,431.0,186.0,527.0,371.0,158.0,572.0,430.88802100000004,185.785284,526.5933239999999,0.11197899999996253,0.2147160000000099,0.4066760000000613,0.473315567114632,80.05623023850174
838.0,461.0,196.0,527.0,406.0,172.0,584.0,461.33278300000006,196.90270400000003,526.960319,-0.3327830000000631,-0.9027040000000284,0.03968099999997321,0.9629089357078846,82.76472678623425
839.0,406.0,210.0,527.0,341.0,186.0,563.0,405.47973200000007,208.98801099999997,527.6648849999999,0.5202679999999305,1.0119890000000282,-0.6648849999999129,1.3179046214236707,78.08328886515987
840.0,408.0,219.0,527.0,344.0,198.0,563.0,407.91678800000005,218.79539499999998,527.001786,0.08321199999994633,0.20460500000001502,-0.001786000000038257,0.2208860175859879,76.3740793725201
841.0,497.0,130.0,528.0,448.0,90.0,599.0,497.15173200000004,129.349495,526.910378,-0.15173200000003817,0.6505050000000097,1.089621999999963,1.2780670787298072,95.08943158942533
842.0,520.0,168.0,528.0,474.0,137.0,609.0,520.3730390000001,167.558989,528.3808329999999,-0.3730390000000625,0.44101100000000315,-0.3808329999999387,0.6918688976468033,98.17331613019904
843.0,519.0,173.0,528.0,472.0,144.0,608.0,518.620299,173.313352,528.191201,0.37970099999995455,-0.31335200000000896,-0.1912009999999782,0.5281289120148249,97.21111047611791
844.0,438.0,178.0,528.0,379.0,148.0,576.0,438.0576510000001,177.50428799999997,527.52611,-0.057651000000078056,0.4957120000000259,0.47388999999998305,0.6882047346865746,81.7618492941543
845.0,552.0,233.0,528.0,510.0,217.0,620.0,551.916422,232.71668,528.3501039999999,0.0835779999999886,0.28332000000000335,-0.35010399999987385,0.4580702078283542,102.39140588936164
846.0,529.0,300.0,528.0,481.0,298.0,610.0,527.492159,299.316682,528.8980879999999,1.5078409999999849,0.6833179999999857,-0.8980879999999161,1.8833666733137187,95.03683496413377
847.0,507.0,314.0,528.0,457.0,316.0,601.0,506.658272,314.298649,528.3142969999999,0.34172799999998915,-0.2986490000000117,-0.3142969999998968,0.552043345575268,88.50423718670197
848.0,518.0,174.0,529.0,471.0,146.0,609.0,518.1210980000001,174.944137,529.2472329999999,-0.12109800000007453,-0.944137000000012,-0.24723299999993742,0.9834549083013465,96.91749068150702
849.0,457.0,241.0,529.0,399.0,225.0,584.0,456.3603340000001,240.33286000000004,529.291711,0.6396659999999201,0.6671399999999608,-0.29171099999996386,0.9691974405026174,81.51686941977103
850.0,528.0,269.0,529.0,481.0,260.0,610.0,527.157189,268.206386,528.5302099999999,0.8428109999999833,0.7936139999999909,0.46979000000010274,1.2493423097042116,94.07975340103735
851.0,391.0,270.0,529.0,323.0,260.0,558.0,390.84308100000004,269.733934,529.17234,0.1569189999999594,0.26606600000002345,-0.17233999999996286,0.3537170684558309,74.59892760623305
852.0,358.0,148.0,530.0,285.0,111.0,549.0,357.657801,148.073297,530.60842,0.3421989999999937,-0.07329699999999661,-0.6084200000000237,0.7018885254867927,84.01785524517987
853.0,448.0,152.0,530.0,390.0,118.0,583.0,448.16304,152.795815,529.816744,-0.1630400000000236,-0.7958150000000046,0.1832560000000285,0.8327582586567518,85.60957890329796
854.0,507.0,298.0,530.0,457.0,296.0,603.0,507.00249400000007,297.900331,529.674503,-0.0024940000000697182,0.09966900000000578,0.3254970000000412,0.34042389253110356,88.50423718670197
855.0,502.0,125.0,531.0,453.0,85.0,606.0,502.814944,125.14216200000001,531.001579,-0.8149440000000254,-0.14216200000001322,-0.0015789999999924476,0.8272522291423852,98.11218069128827
856.0,558.0,153.0,531.0,517.0,120.0,627.0,558.322838,153.178403,531.0311389999999,-0.32283800000004703,-0.17840300000000298,-0.031138999999939188,0.37016434454715874,109.48059188732951
857.0,428.0,208.0,531.0,364.0,186.0,575.0,426.47598000000005,208.71142299999997,531.01343,1.5240199999999504,-0.7114229999999679,-0.013429999999971187,1.6819453053618605,80.72174428244226
858.0,366.0,237.0,531.0,296.0,221.0,553.0,368.21650700000004,238.018421,531.9236549999999,-2.2165070000000355,-1.0184209999999894,-0.9236549999999397,2.60829890413561,75.09993342207434
859.0,294.0,109.0,532.0,211.0,62.0,527.0,293.995316,108.644007,532.263983,0.004683999999997468,0.355992999999998,-0.2639830000000529,0.44321550085034983,95.51439682058407
860.0,444.0,138.0,532.0,385.0,98.0,587.0,445.1423240000001,136.40121900000003,534.0295610000001,-1.1423240000000874,1.598780999999974,-2.029561000000058,2.8249110888058673,90.033327162779
861.0,408.0,208.0,532.0,343.0,185.0,570.0,408.84692800000005,208.072366,532.574081,-0.8469280000000481,-0.07236599999998816,-0.5740809999999783,1.0257157840752256,78.7273777030583
862.0,560.0,256.0,532.0,518.0,246.0,626.0,559.950359,256.340194,531.214275,0.04964099999995142,-0.3401939999999968,0.7857249999999567,0.8576479243500359,103.440804327886
863.0,523.0,237.0,533.0,475.0,222.0,614.0,523.2007110000001,237.08097399999997,532.828526,-0.20071100000006936,-0.08097399999996924,0.17147399999998925,0.2761250203676211,95.34149149242423
864.0,554.0,263.0,533.0,511.0,254.0,627.0,554.8414960000001,262.916971,533.886935,-0.8414960000001201,0.08302900000001046,-0.886934999999994,1.2254236112798682,103.75933692926145
865.0,534.0,295.0,533.0,487.0,292.0,616.0,533.6633870000001,294.297256,531.9429379999999,0.336612999999943,0.7027439999999956,1.0570620000000872,1.3132164761185185,95.43060305792896
866.0,507.0,314.0,533.0,456.0,316.0,607.0,507.44274600000006,314.230855,533.2355319999999,-0.4427460000000565,-0.23085500000001957,-0.23553199999992103,0.5520809492864447,89.89438247187641
867.0,542.0,132.0,534.0,496.0,92.0,622.0,540.455781,130.434662,532.3304029999999,1.5442189999999982,1.565337999999997,1.669597000000067,2.7608783958396663,107.05138952858108
868.0,420.0,233.0,534.0,354.0,214.0,575.0,418.9518800000001,231.69119899999998,533.8820679999999,1.0481199999999262,1.3088010000000168,0.11793200000010984,1.6808996247917112,79.98749902328488
869.0,429.0,242.0,534.0,365.0,226.0,578.0,428.386455,241.416746,533.471652,0.6135449999999878,0.5832540000000108,0.5283480000000509,0.997884915531371,79.29691040639604
870.0,394.0,253.0,534.0,327.0,240.0,565.0,395.596976,253.25186100000002,533.378083,-1.5969759999999837,-0.25186100000001943,0.6219170000000531,1.7322087237934187,74.95998932764064
871.0,547.0,265.0,534.0,502.0,256.0,625.0,547.344776,264.629593,534.690284,-0.3447760000000244,0.37040700000000015,-0.6902840000000197,0.8558994312891229,101.9166325974323
872.0,490.0,126.0,535.0,437.0,87.0,606.0,490.399102,126.869786,535.1770529999999,-0.3991020000000276,-0.8697860000000048,-0.1770529999998871,0.9732203537786243,96.8039255402383
873.0,456.0,186.0,535.0,397.0,159.0,591.0,456.04618700000003,186.224795,534.61067,-0.04618700000003173,-0.2247950000000003,0.38932999999997264,0.4519334905646867,85.70880934886448
874.0,384.0,246.0,535.0,313.0,230.0,561.0,383.588494,245.192857,533.810219,0.4115059999999744,0.8071429999999964,1.189781000000039,1.4954584041176358,77.28518616138541
875.0,551.0,261.0,535.0,506.0,251.0,627.0,550.9295910000001,260.48909499999996,535.156677,0.07040899999992689,0.5109050000000366,-0.1566769999999451,0.539007447661913,102.90286682109493
876.0,557.0,261.0,535.0,512.0,253.0,628.0,555.870034,262.0804,534.39441,1.1299659999999676,-1.0803999999999974,0.6055900000000065,1.6765519882353572,103.62432146943111
877.0,390.0,269.0,535.0,320.0,259.0,565.0,390.32481700000005,268.846489,535.380321,-0.32481700000005276,0.1535109999999804,-0.3803209999999808,0.523178529424721,76.81145747868608
878.0,387.0,272.0,535.0,316.0,263.0,563.0,386.73118700000003,272.168295,534.9042469999999,0.268812999999966,-0.16829500000000053,0.09575300000005882,0.33128880603333577,76.8505042273634
879.0,522.0,273.0,535.0,473.0,266.0,616.0,522.5549090000001,273.09022400000003,535.32783,-0.554909000000066,-0.09022400000003472,-0.327829999999949,0.6507971092107325,94.92628719169417
880.0,546.0,208.0,536.0,500.0,187.0,627.0,545.702879,208.126647,536.0956349999999,0.29712099999994734,-0.1266469999999913,-0.09563499999990199,0.33684774672683765,104.10571550111935
881.0,500.0,126.0,537.0,448.0,85.0,612.0,500.4910500000001,125.096928,536.9618419999999,-0.4910500000000866,0.9030719999999945,0.03815800000006675,1.0286521144916196,100.0499875062461
882.0,423.0,239.0,537.0,359.0,223.0,580.0,424.21798000000007,238.970032,536.554977,-1.2179800000000682,0.029967999999996664,0.44502299999999195,1.297080888747174,78.74642849044012
883.0,383.0,249.0,537.0,312.0,235.0,565.0,383.89652100000006,249.243001,537.2260329999999,-0.8965210000000639,-0.24300099999999247,-0.22603299999991577,0.955976101443479,77.59510293826537
884.0,555.0,258.0,537.0,509.0,249.0,630.0,554.0240200000001,258.798074,536.688783,0.9759799999999359,-0.7980739999999855,0.31121700000005603,1.2985819538885048,104.14413089560064
885.0,433.0,285.0,537.0,369.0,280.0,582.0,433.011877,285.554598,536.06305,-0.011877000000026783,-0.5545979999999986,0.9369500000000244,1.0888504521893927,78.39642849007855
886.0,353.0,286.0,537.0,276.0,280.0,552.0,352.93449100000004,286.446288,536.913061,0.06550899999996318,-0.44628799999998137,0.08693900000002941,0.4593721778100886,78.67655305108377
887.0,479.0,113.0,538.0,423.0,70.0,605.0,479.1096980000001,113.043221,537.872161,-0.109698000000094,-0.04322100000000262,0.12783899999999448,0.1739095051054411,97.3344748791506
888.0,343.0,135.0,538.0,265.0,95.0,551.0,342.495443,135.062547,537.2024899999999,0.504556999999977,-0.06254699999999502,0.7975100000001021,0.945786494700648,88.61715409558128
889.0,547.0,206.0,538.0,501.0,185.0,629.0,546.9828630000001,206.45914499999998,537.3703419999999,0.017136999999934233,-0.45914499999997815,0.6296580000000631,0.7794722604160184,104.10571550111935
890.0,354.0,224.0,538.0,278.0,204.0,555.0,354.59951800000005,224.17769900000002,537.98853,-0.599518000000046,-0.17769900000001826,0.011470000000031177,0.6254041316021683,80.40522371090077
891.0,556.0,257.0,538.0,510.0,246.0,631.0,555.034928,256.324119,537.1768959999999,0.9650719999999637,0.675881000000004,0.8231040000000576,1.4372471207697826,104.33599570617994
892.0,484.0,266.0,538.0,428.0,258.0,604.0,484.39211700000004,266.941356,537.616491,-0.39211700000004157,-0.9413559999999848,0.38350900000000365,1.0894888771832445,86.92525524840292
893.0,540.0,278.0,538.0,492.0,272.0,626.0,539.9751570000001,277.772826,538.219663,0.024842999999918902,0.22717399999999088,-0.21966299999996863,0.3169811264002607,100.41912168506553
894.0,304.0,131.0,539.0,220.0,89.0,538.0,304.09002000000004,130.56330200000002,538.7336,-0.09002000000003818,0.4366979999999785,0.266399999999976,0.5194012934176958,93.92017887546851
895.0,525.0,153.0,539.0,475.0,120.0,623.0,524.6439300000001,153.464239,538.8332809999999,0.3560699999999315,-0.4642389999999921,0.16671900000005735,0.6083575584982592,103.1746092796091
896.0,425.0,214.0,539.0,359.0,193.0,583.0,424.73431300000004,214.37255500000003,538.595286,0.26568699999995715,-0.37255500000003394,0.4047140000000127,0.6108847942042859,82.05485969764375
897.0,441.0,236.0,539.0,377.0,219.0,591.0,441.033247,235.459115,540.38667,-0.033247000000017124,0.540885000000003,-1.386669999999981,1.4887967071208719,84.19619943916709
898.0,499.0,272.0,539.0,444.0,265.0,610.0,498.44886,272.508526,538.189624,0.5511399999999753,-0.5085260000000176,0.8103760000000193,1.104111975142024,90.08329478876757
899.0,516.0,166.0,540.0,464.0,135.0,621.0,515.707621,165.831137,540.2819969999999,0.2923789999999826,0.16886299999998755,-0.281996999999933,0.43991192347894803,101.1236866416568
900.0,403.0,251.0,540.0,333.0,237.0,576.0,403.09595400000006,250.627316,540.3365409999999,-0.09595400000006293,0.37268399999999247,-0.3365409999998974,0.5112341720316995,79.94998436522674
901.0,509.0,114.0,541.0,454.0,72.0,621.0,507.3813560000001,114.30994100000001,542.2696639999999,1.6186439999999038,-0.3099410000000091,-1.2696639999999206,2.080413058772823,105.77806956075536
902.0,293.0,128.0,541.0,207.0,86.0,536.0,293.44085700000005,128.205024,540.527572,-0.4408570000000509,-0.20502400000000875,0.47242800000003626,0.6779217876784037,95.83840566286565
903.0,354.0,144.0,541.0,277.0,106.0,559.0,353.99960000000004,143.902567,540.407201,0.0003999999999564352,0.09743299999999522,0.5927990000000136,0.6007528642378788,87.73254812211943
904.0,383.0,169.0,541.0,309.0,136.0,568.0,381.47334300000006,168.172696,539.377624,1.5266569999999433,0.827303999999998,1.6223760000000311,2.3763874661849496,85.4049178911847
905.0,386.0,259.0,541.0,313.0,247.0,570.0,386.08069800000004,259.00047,540.967013,-0.08069800000004079,-0.00047000000000707587,0.03298700000004828,0.08718102014205716,79.46068210127572
906.0,510.0,264.0,541.0,457.0,255.0,619.0,510.805255,264.138135,541.70819,-0.8052549999999883,-0.13813499999997703,-0.708189999999945,1.0812261416326823,94.73119866232032
907.0,521.0,152.0,542.0,469.0,119.0,626.0,520.7533460000001,152.64267,542.7128809999999,0.24665399999992133,-0.6426700000000096,-0.7128809999999248,0.9909905371782651,104.1585330157832
908.0,501.0,176.0,542.0,446.0,147.0,617.0,500.78470100000004,175.80591700000002,541.966143,0.21529899999995905,0.1940829999999778,0.033857000000011794,0.29183585581448784,97.42176348229383
909.0,432.0,192.0,542.0,367.0,165.0,589.0,432.265795,191.330625,540.9076399999999,-0.26579500000002554,0.6693750000000023,1.0923600000000988,1.3084189857420414,84.63450832845902
910.0,548.0,256.0,542.0,500.0,246.0,633.0,547.78453,256.356041,541.3282919999999,0.21546999999998206,-0.3560410000000047,0.6717080000000806,0.7901798224740391,103.36827366266692
911.0,525.0,266.0,542.0,472.0,257.0,625.0,524.040831,265.617485,542.492675,0.9591689999999744,0.38251500000001215,-0.4926749999999629,1.1441379075141789,98.88882646689666
912.0,433.0,283.0,542.0,367.0,276.0,589.0,433.24426,282.20543699999996,541.982231,-0.24425999999999704,0.7945630000000392,0.01776900000004389,0.8314499659811542,81.32650244538985
913.0,501.0,174.0,543.0,446.0,145.0,618.0,501.027332,174.156294,542.723694,-0.027332000000001244,-0.1562940000000026,0.27630599999997685,0.31862181076628776,97.42176348229383
914.0,514.0,175.0,543.0,461.0,146.0,623.0,513.9938320000001,174.82919099999998,542.721585,0.006167999999888707,0.17080900000001975,0.2784149999999954,0.3266935428348758,100.2496882788171
915.0,546.0,192.0,543.0,498.0,167.0,635.0,546.0544830000001,191.666175,542.636833,-0.05448300000011841,0.33382499999999027,0.3631669999999758,0.4962839890657252,106.7379969832674
916.0,395.0,216.0,544.0,323.0,194.0,577.0,395.20625,215.46772099999998,543.2947409999999,-0.20625000000001137,0.5322790000000168,0.7052590000000691,0.9073313911808188,82.20097323024831
917.0,487.0,260.0,544.0,428.0,250.0,612.0,486.40368500000005,260.293908,543.7543469999999,0.5963149999999473,-0.2939079999999876,0.24565300000006118,0.7087445859390814,90.58145505565695
918.0,510.0,265.0,544.0,454.0,257.0,623.0,509.5326530000001,265.74348299999997,545.614475,0.46734699999990426,-0.7434829999999693,-1.6144749999999704,1.8378546502165967,97.16480844420988
919.0,525.0,262.0,545.0,472.0,252.0,629.0,525.0378000000001,261.475069,545.5519219999999,-0.03780000000006112,0.5249309999999809,-0.5519219999998768,0.7626265723437969,99.82484660644363
920.0,531.0,126.0,546.0,480.0,87.0,634.0,531.1013660000001,126.28457399999999,545.761066,-0.10136600000009821,-0.2845739999999921,0.238933999999972,0.38515825810697873,108.93117092916977
921.0,454.0,163.0,546.0,389.0,131.0,604.0,452.96602400000006,163.187432,546.517527,1.0339759999999387,-0.18743200000000115,-0.5175269999999728,1.1713544804749951,92.80624978954812
922.0,488.0,277.0,546.0,429.0,271.0,615.0,488.1466750000001,277.444083,546.02863,-0.14667500000007294,-0.4440829999999778,-0.028630000000021028,0.46855409870579817,90.98351499035417
923.0,330.0,139.0,547.0,247.0,99.0,558.0,330.36487400000004,138.353162,547.355231,-0.364874000000043,0.6468380000000025,-0.3552310000000034,0.8232384207998537,92.79008567729636
924.0,295.0,179.0,547.0,205.0,148.0,543.0,294.25503000000003,178.88953500000002,547.085699,0.7449699999999666,0.1104649999999765,-0.08569899999997688,0.7579756828064744,95.2732911156112
925.0,434.0,270.0,547.0,366.0,261.0,595.0,433.8965090000001,269.857263,546.758251,0.10349099999990585,0.142737000000011,0.24174900000002708,0.2992103227681103,83.71977066380438
926.0,422.0,81.0,548.0,352.0,31.0,596.0,421.25003200000003,81.624824,548.945132,0.7499679999999671,-0.6248240000000038,-0.9451319999999441,1.3587242286144197,98.50888284819801
927.0,420.0,129.0,548.0,352.0,90.0,595.0,421.509856,129.939891,548.7393979999999,-1.5098560000000134,-0.9398909999999887,-0.7393979999999374,1.9260762277285204,91.40021881811882
928.0,530.0,129.0,548.0,477.0,90.0,636.0,529.317057,128.733092,548.123206,0.682943000000023,0.2669080000000008,-0.12320599999998194,0.7435258839805291,109.88175462741756
929.0,540.0,230.0,548.0,488.0,214.0,638.0,539.478651,230.164382,548.020149,0.5213489999999865,-0.16438199999998915,-0.020148999999946682,0.5470212097587992,105.16653460107925
930.0,545.0,231.0,548.0,494.0,217.0,641.0,544.948431,232.54990099999998,548.821389,0.05156899999997222,-1.549900999999977,-0.8213889999999537,1.7548596413624795,106.98598038995577
931.0,498.0,313.0,548.0,440.0,314.0,621.0,498.63529800000003,312.512365,548.249064,-0.6352980000000343,0.4876350000000116,-0.24906399999997575,0.8387039514185223,93.24162160752032
932.0,315.0,123.0,549.0,229.0,80.0,554.0,315.16868900000003,122.94849,548.739266,-0.16868900000002895,0.05150999999999328,0.2607339999999567,0.3147879882984522,96.28083921528727
933.0,294.0,130.0,549.0,205.0,87.0,547.0,294.75835900000004,128.90036700000002,549.60281,-0.7583590000000413,1.099632999999983,-0.6028099999999768,1.4654968453292545,98.8635423197045
934.0,293.0,132.0,550.0,203.0,91.0,547.0,293.239435,132.186415,550.1610479999999,-0.2394350000000145,-0.18641500000001088,-0.16104799999993702,0.34353475770872255,98.94442884771229
935.0,362.0,233.0,550.0,279.0,214.0,572.0,359.8891970000001,232.150916,551.033104,2.110802999999919,0.8490840000000048,-1.0331039999999803,2.4987470497592636,87.94316346368261
936.0,505.0,296.0,550.0,445.0,294.0,626.0,503.64576300000004,296.04913,550.641224,1.354236999999955,-0.049129999999991014,-0.6412239999999656,1.4991797181274944,96.85040010242601
937.0,422.0,146.0,551.0,351.0,110.0,597.0,421.42958600000003,146.294893,550.7466009999999,0.5704139999999711,-0.29489300000000185,0.25339900000005855,0.6903224362904612,91.94019795497506
938.0,432.0,269.0,551.0,362.0,260.0,599.0,431.82037,269.012175,550.89525,0.17962999999997464,-0.01217500000001337,0.10474999999996726,0.20829721559585082,85.35221145348257
939.0,531.0,284.0,551.0,477.0,280.0,637.0,531.2521680000001,284.272333,550.739509,-0.252168000000097,-0.27233300000000327,0.2604910000000018,0.453441864183328,101.62676812730001
940.0,533.0,285.0,551.0,479.0,281.0,637.0,532.815167,285.079745,550.2296759999999,0.184833000000026,-0.07974500000000262,0.7703240000000733,0.7961919164938331,101.62676812730001
941.0,287.0,142.0,552.0,195.0,103.0,547.0,287.128479,142.055839,552.355276,-0.1284790000000271,-0.055838999999991756,-0.3552760000000035,0.38189773963458923,100.0499875062461
942.0,428.0,221.0,553.0,358.0,201.0,601.0,428.7124390000001,220.707429,552.916925,-0.7124390000000744,0.29257100000000946,0.083075000000008,0.774640932553343,87.20091742636656
943.0,538.0,287.0,553.0,483.0,283.0,643.0,537.502731,286.621135,553.871488,0.4972689999999602,0.3788650000000189,-0.8714879999999994,1.0725234173340803,105.55093557141026
944.0,350.0,132.0,554.0,266.0,91.0,574.0,349.22327800000005,131.500642,554.7730079999999,0.7767219999999497,0.49935800000000086,-0.7730079999998907,1.2042411907553043,95.58765610684259
945.0,326.0,192.0,554.0,239.0,165.0,563.0,326.03123300000004,192.37075900000002,553.9567979999999,-0.03123300000004292,-0.37075900000002093,0.0432020000000648,0.3745719546015475,91.53687781435414
946.0,429.0,231.0,554.0,358.0,214.0,603.0,429.34755600000005,231.32594699999999,554.596604,-0.34755600000005415,-0.3259469999999851,-0.5966039999999566,0.7635266549119134,87.92610533851708
947.0,414.0,252.0,554.0,340.0,239.0,594.0,413.237926,252.00491799999998,552.522038,0.7620739999999842,-0.004917999999975109,1.4779620000000477,1.6628748123788863,85.11756575466664
948.0,315.0,187.0,555.0,225.0,159.0,560.0,314.31827200000004,187.574284,555.204571,0.6817279999999641,-0.5742840000000058,-0.20457099999998718,0.9145515145036679,94.38749917229505
949.0,332.0,188.0,555.0,245.0,159.0,566.0,331.42167800000004,187.38805,554.6709089999999,0.5783219999999574,0.6119500000000073,0.3290910000000622,0.9040132877701524,92.36341266973628
950.0,545.0,198.0,555.0,493.0,175.0,649.0,545.883197,198.072565,554.889848,-0.8831969999999956,-0.07256499999999733,0.11015199999997094,0.8929927676851507,109.85900054160332
951.0,351.0,233.0,555.0,266.0,215.0,573.0,350.056077,233.030689,555.196539,0.9439229999999839,-0.030688999999995303,-0.19653900000002977,0.9646553908888816,88.72992730753249
952.0,347.0,322.0,556.0,264.0,324.0,573.0,349.462728,322.279397,556.7712819999999,-2.462728000000027,-0.2793970000000172,-0.7712819999999283,2.5957595823028434,84.74668135095321
953.0,476.0,138.0,557.0,412.0,101.0,626.0,476.300432,138.22769399999999,557.3447719999999,-0.3004320000000007,-0.2276939999999854,-0.3447719999999208,0.5108538697552747,101.1236866416568
954.0,301.0,184.0,557.0,209.0,154.0,557.0,301.05994200000004,183.607781,556.9815389999999,-0.05994200000003502,0.3922190000000114,0.018461000000115746,0.39720221027332847,96.76776322722355
955.0,334.0,188.0,557.0,247.0,158.0,569.0,333.74783,186.521361,556.472453,0.25216999999997824,1.478638999999987,0.5275470000000269,1.5900530929594705,92.80624978954812
956.0,486.0,236.0,557.0,423.0,221.0,628.0,486.42676600000004,236.38421599999998,557.2029909999999,-0.4267660000000433,-0.3842159999999808,-0.20299099999988357,0.6090619832931414,96.09890738192604
957.0,535.0,286.0,557.0,479.0,282.0,646.0,535.166331,285.78828599999997,557.2315739999999,-0.16633100000001377,0.21171400000002905,-0.23157399999990957,0.3551272121831485,105.22832318344715
958.0,491.0,268.0,558.0,428.0,260.0,630.0,491.176533,268.260526,557.835591,-0.17653300000000627,-0.2605260000000271,0.16440899999997782,0.3550605808112315,96.00520819205592
959.0,405.0,78.0,559.0,329.0,27.0,601.0,404.642961,78.418581,558.765384,0.3570389999999861,-0.4185810000000032,0.23461599999995997,0.5981066531463882,100.70253224224304
960.0,318.0,196.0,559.0,227.0,169.0,566.0,317.52217200000007,195.67649,559.4433449999999,0.4778279999999313,0.32350999999999885,-0.4433449999999084,0.7276902546474374,95.17877914745492
961.0,286.0,145.0,560.0,191.0,107.0,553.0,285.61693700000006,145.279733,558.0945059999999,0.383062999999936,-0.2797329999999931,1.9054940000000897,1.963643347783474,102.55730105653132
962.0,492.0,112.0,561.0,429.0,69.0,638.0,492.352048,111.78680200000001,561.942067,-0.3520480000000248,0.21319799999999134,-0.9420669999999518,1.028047379256872,108.38357809188622
963.0,469.0,254.0,561.0,402.0,242.0,626.0,469.77242700000005,253.71966600000002,561.3073629999999,-0.7724270000000502,0.2803339999999821,-0.3073629999998957,0.8773269833158007,94.11694852681954
964.0,435.0,274.0,561.0,362.0,266.0,612.0,435.25665300000003,273.76522,561.0532049999999,-0.25665300000002844,0.23478000000000065,-0.053204999999934444,0.3518851841638234,89.40917178902845
965.0,405.0,282.0,561.0,327.0,277.0,601.0,405.29252700000006,283.102861,561.705148,-0.2925270000000637,-1.1028610000000185,-0.7051480000000083,1.3413083660941245,87.80091115700337
966.0,356.0,299.0,561.0,269.0,295.0,581.0,355.174641,298.41121699999997,561.407052,0.8253589999999917,0.5887830000000349,-0.4070520000000215,1.092508229110447,89.35882720806042
967.0,297.0,118.0,562.0,203.0,74.0,562.0,296.99349500000005,118.08506600000001,561.6501659999999,0.0065049999999473584,-0.08506600000001185,0.3498340000001008,0.36008661032739314,103.78824596263297
968.0,292.0,138.0,562.0,197.0,98.0,560.0,292.02198100000004,137.791992,561.8872259999999,-0.02198100000003933,0.20800800000000663,0.11277400000005855,0.23763094811286195,103.0970416646375
969.0,342.0,263.0,562.0,254.0,252.0,577.0,342.09817200000003,263.341017,561.7794719999999,-0.09817200000003368,-0.3410170000000221,0.22052800000005846,0.41780729368579417,89.94442728707543
970.0,323.0,293.0,562.0,232.0,287.0,569.0,323.22858500000007,292.21722900000003,561.617657,-0.22858500000006643,0.7827709999999684,0.38234299999999166,0.9006484943167198,91.46584061823299
971.0,362.0,232.0,563.0,277.0,214.0,587.0,362.23892800000004,231.978611,563.2063129999999,-0.238928000000044,0.021388999999999214,-0.20631299999990915,0.3164002725567466,90.13878188659973
972.0,401.0,291.0,563.0,320.0,287.0,600.0,399.68077200000005,291.3415,562.8433439999999,1.3192279999999528,-0.34149999999999636,0.15665600000011182,1.3716872341462933,89.1403387922662
973.0,527.0,301.0,563.0,467.0,301.0,651.0,527.3100170000001,301.349919,564.417162,-0.3100170000001299,-0.34991899999999987,-1.417161999999962,1.4922807983399011,106.50821564555478
974.0,502.0,315.0,563.0,438.0,317.0,638.0,501.531996,314.771658,562.005142,0.46800400000000764,0.22834199999999782,0.994858000000022,1.1229026018066082,98.6154146165801
975.0,288.0,168.0,564.0,191.0,135.0,561.0,287.945845,168.105197,564.580878,0.05415499999998019,-0.10519700000000398,-0.5808779999999842,0.592805553042463,102.50365847129555
976.0,319.0,191.0,564.0,227.0,163.0,571.0,318.77058700000003,190.703143,563.269824,0.22941299999996545,0.2968569999999886,0.7301760000000286,0.8209210644112009,96.42095207992918
977.0,354.0,227.0,564.0,268.0,208.0,585.0,354.671688,227.14169699999997,563.9322139999999,-0.6716880000000174,-0.1416969999999651,0.06778600000006918,0.6898099382793951,90.54280755532159
978.0,455.0,177.0,565.0,384.0,148.0,626.0,454.956161,176.864138,565.072975,0.0438389999999913,0.13586200000000304,-0.0729750000000422,0.16032994601759903,97.99489782636645
979.0,428.0,250.0,566.0,351.0,236.0,614.0,426.964713,249.24202200000002,565.1739279999999,1.0352869999999825,0.7579779999999801,0.8260720000000674,1.5260225326111816,91.80958555619343
980.0,337.0,105.0,568.0,247.0,59.0,584.0,336.77906,105.28726800000001,567.167729,0.2209399999999846,-0.2872680000000116,0.8322709999999915,0.9077512902028758,102.33279044372826
981.0,492.0,114.0,568.0,427.0,72.0,644.0,492.38587500000006,114.180724,567.152102,-0.3858750000000555,-0.1807239999999979,0.8478979999999865,0.9489424103732634,108.4665847162157
982.0,498.0,263.0,568.0,432.0,254.0,644.0,497.8756650000001,263.154468,567.6152589999999,0.12433499999991682,-0.1544680000000085,0.3847410000000764,0.43283390847996267,101.05938848023968
983.0,423.0,276.0,569.0,345.0,268.0,617.0,423.36502400000006,275.43728899999996,569.3730009999999,-0.3650240000000622,0.5627110000000357,-0.3730009999999311,0.7674737364223183,91.93475947648963
984.0,509.0,135.0,570.0,445.0,98.0,654.0,509.2053310000001,135.242806,570.497312,-0.20533100000011473,-0.24280600000000163,-0.49731199999996534,0.5902836593884447,111.89727431890377
985.0,346.0,145.0,570.0,255.0,108.0,587.0,344.20851400000004,145.32133900000002,567.894781,1.7914859999999635,-0.32133900000002313,2.1052190000000337,2.782917152751412,99.69453345093702
986.0,509.0,202.0,570.0,444.0,179.0,653.0,508.88199299999997,201.57473700000003,570.7643169999999,0.11800700000003417,0.42526299999997264,-0.7643169999998918,0.8825841306679036,107.9027339783381
987.0,441.0,243.0,570.0,365.0,229.0,625.0,440.6451670000001,243.29758900000002,570.0156059999999,0.35483299999992823,-0.2975890000000163,-0.015605999999934284,0.46336726043815046,94.8525170989152
988.0,499.0,303.0,570.0,431.0,302.0,647.0,498.302476,302.420607,570.670443,0.6975239999999872,0.5793929999999818,-0.6704429999999775,1.127709978351673,102.73266277090262
989.0,450.0,115.0,571.0,376.0,72.0,631.0,449.37079000000006,114.62747100000001,570.2998399999999,0.6292099999999436,0.3725289999999859,0.7001600000000963,1.0123769582230986,104.52272480183436
990.0,495.0,171.0,571.0,428.0,142.0,648.0,494.82106100000004,171.434568,570.6776669999999,0.1789389999999571,-0.43456800000001294,0.3223330000000715,0.5698833873995995,106.10843510296436
991.0,411.0,172.0,571.0,331.0,142.0,617.0,411.37504600000005,172.36105700000002,571.7897929999999,-0.3750460000000544,-0.3610570000000166,-0.7897929999999178,0.9459358552322261,97.03607576566563
992.0,505.0,148.0,572.0,440.0,114.0,655.0,505.721172,148.357839,572.727906,-0.7211720000000241,-0.3578390000000127,-0.7279059999999618,1.0853501501087048,110.77003204838391
993.0,359.0,276.0,572.0,269.0,269.0,594.0,358.32884400000006,276.966118,571.2552149999999,0.6711559999999395,-0.9661179999999945,0.7447850000000926,1.3923142829422694,92.91393867445294
994.0,400.0,300.0,572.0,318.0,298.0,610.0,400.826163,300.236002,571.238479,-0.8261630000000082,-0.23600199999998495,0.7615210000000161,1.1481099598967126,90.39911503991618
995.0,414.0,162.0,573.0,333.0,130.0,619.0,413.34397200000006,162.500995,572.7079329999999,0.6560279999999352,-0.500994999999989,0.29206700000008823,0.8755980009673134,98.49365461794989
996.0,348.0,286.0,573.0,256.0,280.0,591.0,347.54283000000004,286.081767,572.4078079999999,0.45716999999996233,-0.08176700000001347,0.5921920000000682,0.7525832950930074,93.93614852653903
997.0,436.0,146.0,574.0,359.0,110.0,630.0,436.234935,145.845886,574.3066739999999,-0.23493500000000722,0.15411399999999276,-0.30667399999992995,0.4159261010046835,101.78899744078434
998.0,511.0,258.0,574.0,445.0,247.0,656.0,511.03928800000006,257.203436,573.4936069999999,-0.039288000000055945,0.7965639999999894,0.5063930000001164,0.9447177480544681,105.8347768930421
999.0,520.0,318.0,574.0,455.0,321.0,660.0,520.503562,317.681288,574.7200829999999,-0.5035619999999881,0.318712000000005,-0.7200829999999314,0.9347039925435712,107.8424777163433
1000.0,414.0,172.0,575.0,333.0,142.0,621.0,413.9702740000001,172.30082099999998,574.377931,0.029725999999925534,-0.3008209999999849,0.6220690000000104,0.6916261633845263,97.86214794290998
1001.0,514.0,218.0,575.0,447.0,199.0,660.0,513.211396,217.845984,575.6170569999999,0.7886039999999639,0.1540160000000128,-0.6170569999999316,1.0131024322944164,109.88630487917955
1002.0,511.0,317.0,575.0,444.0,320.0,657.0,511.16595200000006,316.96135300000003,575.2369899999999,-0.16595200000006116,0.03864699999996901,-0.2369899999998779,0.2918868222667136,105.93394168065305
1003.0,433.0,147.0,576.0,355.0,111.0,631.0,433.39564300000006,146.674899,576.132296,-0.3956430000000637,0.3251009999999894,-0.13229599999999664,0.5288915534077309,102.00490184299969
1004.0,316.0,148.0,576.0,220.0,111.0,585.0,316.51621700000004,147.99929300000002,575.461493,-0.5162170000000401,0.0007069999999771426,0.5385069999999814,0.7459693559302697,103.27632836231156
1005.0,512.0,217.0,576.0,446.0,198.0,660.0,512.425489,217.03293200000002,575.867133,-0.4254889999999705,-0.032932000000016615,0.13286700000003293,0.4469664925181582,108.50345616615168
1006.0,484.0,256.0,576.0,413.0,243.0,648.0,484.054996,254.20706,575.551803,-0.05499600000001692,1.7929399999999873,0.44819700000005014,1.8489291372102397,101.95096860746347
1007.0,501.0,316.0,576.0,432.0,319.0,654.0,501.05125000000004,316.247058,576.013654,-0.051250000000038654,-0.24705799999998135,-0.013653999999974076,0.2526868607189421,104.18253212511203
1008.0,431.0,148.0,577.0,351.0,113.0,632.0,430.5651660000001,148.322604,577.967599,0.4348339999999098,-0.32260400000001255,-0.9675989999999501,1.1087839163573907,103.19883720275146
1009.0,414.0,176.0,577.0,332.0,147.0,624.0,414.01804000000004,176.363204,577.016832,-0.0180400000000418,-0.3632039999999961,-0.016832000000022163,0.3640410738364552,98.8635423197045
1010.0,516.0,244.0,577.0,451.0,232.0,659.0,516.350398,244.85249899999997,574.1205889999999,-0.35039800000004107,-0.8524989999999661,2.8794110000001183,3.0233327653975923,105.32331175955302
1011.0,473.0,190.0,578.0,398.0,166.0,648.0,471.71986100000004,191.25237600000003,578.7027209999999,1.2801389999999628,-1.2523760000000266,-0.7027209999998831,1.923803084657525,105.3612832116238
1012.0,429.0,145.0,580.0,348.0,109.0,634.0,428.719152,145.040278,580.261972,0.28084799999999177,-0.0402780000000007,-0.2619720000000143,0.3861699692777818,103.79306335203717
1013.0,440.0,200.0,580.0,361.0,176.0,637.0,440.1927360000001,199.782605,579.864497,-0.19273600000008173,0.21739500000001044,0.1355029999999715,0.32057575505647384,100.32945728947207
1014.0,495.0,225.0,580.0,425.0,206.0,658.0,495.656555,223.72538600000001,579.845652,-0.6565550000000258,1.2746139999999855,0.15434800000002724,1.4420570800509267,106.51291001564083
1015.0,491.0,262.0,580.0,419.0,253.0,655.0,490.627525,262.274467,579.528462,0.37247500000000855,-0.27446700000001556,0.47153800000000956,0.6606192891204615,104.35516278555652
1016.0,490.0,136.0,581.0,419.0,98.0,659.0,490.30224400000003,135.32825100000002,581.135559,-0.30224400000003016,0.6717489999999771,-0.1355589999999438,0.7489822407894411,112.11155159036913
1017.0,406.0,292.0,581.0,320.0,288.0,623.0,405.67559000000006,291.878695,580.7220239999999,0.32440999999994347,0.12130500000000666,0.2779760000000806,0.4441029246706328,95.79144011862438
1018.0,482.0,138.0,582.0,409.0,102.0,657.0,482.04606200000006,138.683897,582.2180269999999,-0.04606200000006311,-0.6838970000000018,-0.21802699999989272,0.7192861650149831,110.67971810589327
1019.0,333.0,200.0,582.0,235.0,175.0,598.0,332.12015,200.15187400000002,582.284591,0.8798499999999763,-0.15187400000002071,-0.2845909999999776,0.9371199345104936,102.39628899525607
1020.0,351.0,244.0,582.0,256.0,229.0,604.0,350.47665800000004,244.16936800000002,582.013946,0.5233419999999569,-0.16936800000001995,-0.013946000000032654,0.5502425458867776,98.6610358753647
1021.0,364.0,253.0,582.0,270.0,242.0,609.0,362.77184600000004,254.672209,582.3877659999999,1.2281539999999609,-1.6722090000000094,-0.3877659999999423,2.1106889060571885,98.41747812253675
1022.0,318.0,217.0,583.0,219.0,195.0,592.0,318.301412,216.689388,581.972845,-0.30141200000002755,0.3106119999999919,1.0271549999999934,1.1146193979619223,101.81355508968342
1023.0,333.0,272.0,583.0,235.0,262.0,598.0,332.88705500000003,271.378078,583.1268379999999,0.11294499999996788,0.6219219999999837,-0.12683799999990697,0.6446948311821251,99.64436762808022
1024.0,494.0,220.0,584.0,421.0,201.0,662.0,493.545156,219.60553,583.943927,0.45484399999998004,0.39447000000001253,0.0560729999999694,0.6046766297493135,108.5080642164443
1025.0,486.0,130.0,585.0,413.0,92.0,662.0,486.36758499999996,130.41322200000002,584.966754,-0.36758499999996275,-0.41322200000001885,0.033245999999962805,0.5540545550981291,112.70314991161516
1026.0,413.0,306.0,585.0,326.0,306.0,630.0,412.318639,306.495638,584.776131,0.6813609999999812,-0.49563799999998537,0.22386900000003607,0.8717953707871912,97.94896630388705
1027.0,493.0,140.0,586.0,420.0,103.0,665.0,492.68497700000006,139.342637,585.585685,0.31502299999993966,0.6573630000000037,0.4143149999999878,0.8384643841708226,113.74972527439353
1028.0,436.0,112.0,587.0,353.0,69.0,644.0,434.854622,112.142008,586.345077,1.1453779999999938,-0.14200800000000413,0.6549230000000534,1.3270196573061972,109.48515881159419
1029.0,496.0,166.0,587.0,424.0,135.0,668.0,496.85620800000004,165.481504,587.1871879999999,-0.8562080000000378,0.518495999999999,-0.18718799999987823,1.0183170373827681,112.72089424769483
1030.0,357.0,297.0,587.0,261.0,293.0,611.0,356.74810500000007,296.451783,586.773136,0.2518949999999336,0.5482170000000224,0.22686399999997775,0.6445620564460656,99.03534722511958
1031.0,495.0,242.0,588.0,421.0,228.0,667.0,495.084466,241.649019,588.0898789999999,-0.08446600000002036,0.3509809999999902,-0.08987899999988258,0.3720220452580404,109.14669028422254
1032.0,492.0,141.0,589.0,418.0,104.0,668.0,491.92039100000005,140.135892,588.445619,0.07960899999994808,0.8641079999999874,0.5543810000000349,1.0297371129108674,114.39405578962571
1033.0,296.0,171.0,589.0,191.0,139.0,594.0,296.5697180000001,170.976078,590.2577309999999,-0.5697180000000799,0.02392199999999889,-1.2577309999999216,1.3809555133924096,109.88175462741756
1034.0,485.0,252.0,589.0,410.0,241.0,665.0,486.1305270000001,252.378533,589.519233,-1.130527000000086,-0.37853300000000445,-0.5192329999999856,1.3003774214077937,107.34057946554975
1035.0,496.0,130.0,590.0,422.0,93.0,672.0,495.972838,131.058764,590.407752,0.027161999999975706,-1.0587639999999965,-0.4077519999999595,1.1348923629331367,116.48605066702193
1036.0,317.0,183.0,590.0,215.0,155.0,601.0,317.18279300000006,183.854117,589.6168499999999,-0.1827930000000606,-0.8541170000000022,0.38315000000011423,0.9537992729280693,106.34378214075329
1037.0,360.0,259.0,592.0,262.0,250.0,619.0,359.2282400000001,261.144475,592.3124,0.7717599999999152,-2.144475,-0.3124000000000251,2.300430456072273,102.04900783447137
1038.0,387.0,315.0,592.0,294.0,317.0,628.0,387.028138,315.706208,591.64102,-0.028138000000012653,-0.7062080000000037,0.3589799999999741,0.7927093582820802,99.74467404327912
1039.0,422.0,148.0,593.0,336.0,114.0,646.0,422.561255,149.05455,592.750417,-0.5612550000000169,-1.054550000000006,0.24958300000002964,1.2203993409593625,106.58799181896617
1040.0,323.0,153.0,593.0,221.0,117.0,609.0,323.59246300000007,152.612069,593.9057339999999,-0.5924630000000661,0.3879310000000089,-0.9057339999999385,1.1497203772596074,109.34349546269316
1041.0,426.0,216.0,593.0,339.0,195.0,646.0,425.60654600000004,215.35168199999998,592.7553069999999,0.3934539999999629,0.6483180000000175,0.24469300000009753,0.796866954697609,104.01442207694085
1042.0,431.0,289.0,593.0,344.0,285.0,648.0,430.80587800000006,288.981284,593.881638,0.19412199999993618,0.018715999999983524,-0.8816379999999526,0.9029502769166701,103.00485425454472
1043.0,483.0,191.0,594.0,404.0,166.0,671.0,482.368416,190.93703900000003,595.0131779999999,0.6315839999999753,0.06296099999997296,-1.0131779999999253,1.1955718699688505,113.11498574459532
1044.0,471.0,294.0,594.0,389.0,292.0,663.0,469.74063800000005,294.274743,593.914035,1.2593619999999532,-0.27474300000000085,0.08596499999998741,1.2918460993159675,107.18675291284833
1045.0,392.0,267.0,596.0,298.0,257.0,636.0,391.68969400000003,266.46421599999996,596.2364359999999,0.31030599999996866,0.5357840000000351,-0.23643599999991238,0.6627641287728061,102.64501936285072
1046.0,454.0,292.0,597.0,370.0,289.0,661.0,454.42892300000005,291.950305,597.2665489999999,-0.42892300000005434,0.04969499999998561,-0.26654899999994086,0.5074375846890075,105.64563407921787
1047.0,329.0,241.0,598.0,224.0,224.0,614.0,328.16824900000006,240.13399800000002,598.046895,0.8317509999999402,0.8660019999999804,-0.046894999999949505,1.2016523336763683,107.56393447619885
1048.0,371.0,263.0,598.0,274.0,252.0,629.0,371.17358400000006,262.591789,596.983808,-0.17358400000006213,0.40821099999999433,1.0161920000000464,1.1087893426801645,102.42558274181309
1049.0,448.0,270.0,598.0,363.0,262.0,660.0,448.49101300000007,269.89734,598.046548,-0.4910130000000663,0.1026600000000144,-0.04654800000002979,0.5037852301061146,105.51303237041384
1050.0,336.0,305.0,598.0,232.0,304.0,617.0,335.87096800000006,305.54752099999996,599.0740579999999,0.1290319999999383,-0.5475209999999606,-1.0740579999999227,1.212447561682061,105.72606112023658
1051.0,353.0,154.0,599.0,254.0,118.0,626.0,353.669751,153.03657800000002,598.5509549999999,-0.6697510000000193,0.96342199999998,0.4490450000000692,1.2563398282749971,108.74741376235114
1052.0,437.0,210.0,601.0,349.0,189.0,661.0,437.2284910000001,210.199545,601.753346,-0.22849100000007638,-0.19954500000000053,-0.753345999999965,0.8121308637294745,108.55873986004075
1053.0,455.0,291.0,601.0,370.0,289.0,666.0,455.730228,291.88911,601.151114,-0.730228000000011,-0.8891100000000165,-0.15111400000000685,1.1604244762499831,107.02336193560731
1054.0,331.0,242.0,602.0,224.0,226.0,620.0,329.747445,241.697948,602.7277349999999,1.2525549999999726,0.3020520000000033,-0.7277349999999387,1.4797728437006283,109.67679791095289
1055.0,336.0,303.0,602.0,231.0,300.0,621.0,336.09966000000003,302.229437,602.402743,-0.0996600000000285,0.7705629999999815,-0.40274299999998675,0.8751579152461381,106.74736530706507
1056.0,414.0,162.0,603.0,322.0,130.0,655.0,414.16535600000003,162.122431,603.534128,-0.16535600000003114,-0.12243100000000595,-0.5341280000000097,0.5723850774443916,110.41738993473808
1057.0,457.0,293.0,603.0,371.0,291.0,668.0,457.045472,293.496376,602.464545,-0.04547200000001794,-0.49637599999999793,0.5354549999999563,0.731552385810444,107.81929326423912
1058.0,412.0,159.0,605.0,320.0,126.0,656.0,412.83617300000003,158.846704,604.791831,-0.8361730000000307,0.15329600000001165,0.20816899999999805,0.8752252750612576,110.24518130059019
1059.0,363.0,163.0,605.0,262.0,130.0,638.0,363.115399,162.66889400000002,605.912027,-0.1153990000000249,0.33110599999997703,-0.9120269999999664,0.9771086741841611,111.26095451684746
1060.0,463.0,288.0,605.0,376.0,284.0,673.0,462.1705320000001,287.676137,604.9825579999999,0.8294679999999062,0.3238630000000171,0.017442000000073676,0.8906226075936193,110.4943437466371
1061.0,338.0,317.0,605.0,233.0,317.0,624.0,338.58448200000004,316.099204,604.378545,-0.5844820000000368,0.9007960000000139,0.621454999999969,1.2406687547307014,106.70520137275409
1062.0,411.0,165.0,607.0,318.0,135.0,658.0,411.881846,166.201734,606.9522999999999,-0.8818459999999959,-1.2017339999999876,0.047700000000077125,1.4913390843372845,110.22703842524301
1063.0,457.0,224.0,608.0,369.0,206.0,676.0,456.82410100000004,223.820924,608.3764779999999,0.1758989999999585,0.17907600000000912,-0.3764779999999064,0.45248685777701675,112.6587768440613
1064.0,410.0,162.0,610.0,314.0,130.0,661.0,409.51018600000003,162.09411699999998,610.273662,0.4898139999999671,-0.09411699999998291,-0.2736619999999448,0.5689170893275525,113.3181362359971
1065.0,297.0,247.0,610.0,182.0,232.0,616.0,296.12142700000004,246.895936,610.587963,0.8785729999999603,0.10406399999999394,-0.5879629999999452,1.062271303290202,116.1292383510716
1066.0,415.0,255.0,611.0,322.0,244.0,660.0,416.47157100000004,255.39212399999997,608.5223269999999,-1.47157100000004,-0.39212399999996705,2.4776730000000953,2.9082891765343013,105.69295151522641
1067.0,421.0,194.0,613.0,326.0,169.0,669.0,421.26116300000007,193.85751299999998,613.7494409999999,-0.2611630000000673,0.1424870000000169,-0.7494409999999334,0.8063314890409156,113.07519621915321
1068.0,403.0,213.0,613.0,306.0,193.0,661.0,403.84879500000005,213.716833,612.9616209999999,-0.8487950000000524,-0.7168330000000083,0.03837900000007721,1.1116543750442882,110.05907504608605
1069.0,330.0,284.0,613.0,220.0,279.0,631.0,329.96914300000003,284.97655499999996,612.8258989999999,0.030856999999969048,-0.9765549999999621,0.17410100000006423,0.992432859530027,111.57508682497182
1070.0,339.0,171.0,614.0,230.0,138.0,638.0,338.318975,169.39891,614.301699,0.6810249999999769,1.6010899999999992,-0.30169899999998506,1.7658727375793413,116.3872845288522
1071.0,335.0,292.0,614.0,225.0,287.0,634.0,334.705906,291.461174,613.935301,0.29409399999997277,0.5388259999999718,0.06469900000001871,0.6172606416360563,111.91514642799696
1072.0,331.0,254.0,618.0,219.0,241.0,638.0,330.67890800000004,253.786226,618.156169,0.32109199999996463,0.2137740000000008,-0.15616899999997713,0.4161588063479739,114.51200810395389
1073.0,421.0,257.0,619.0,323.0,246.0,671.0,420.12916400000006,256.889239,616.8279749999999,0.8708359999999402,0.11076100000002498,2.172025000000076,2.342715505272083,111.48542505637228
1074.0,414.0,210.0,623.0,314.0,189.0,677.0,414.194447,210.201121,623.275449,-0.19444700000002513,-0.20112100000000055,-0.2754489999999805,0.3925957769143719,115.57248807566617
1075.0,358.0,140.0,624.0,250.0,101.0,657.0,358.479619,138.761965,623.5097089999999,-0.4796190000000138,1.2380349999999964,0.4902910000000702,1.4153269272740745,119.47384651043926
1076.0,356.0,151.0,94.0,452.0,108.0,43.0,355.713654,150.868275,94.08197999999997,0.28634599999998045,0.13172499999998877,-0.08197999999997307,0.3256781044850597,116.90166808048549
1077.0,280.0,145.0,100.0,362.0,100.0,21.0,279.97911200000004,145.095597,100.29057599999999,0.02088799999995672,-0.09559699999999793,-0.2905759999999873,0.3066096977086511,122.43365550370535
1078.0,299.0,200.0,121.0,375.0,168.0,52.0,298.748819,200.313924,121.65634599999998,0.2511809999999741,-0.3139239999999859,-0.656345999999985,0.7696949033564914,107.5220907534819
1079.0,266.0,225.0,122.0,337.0,197.0,38.0,265.83130400000005,224.44165800000002,120.93107899999998,0.16869599999995444,0.5583419999999819,1.0689210000000173,1.2177012086801102,113.49449325848369
1080.0,208.0,216.0,156.0,257.0,187.0,57.0,208.520753,216.47339700000003,156.376176,-0.5207530000000133,-0.47339700000003404,-0.37617599999998674,0.7979954821889884,114.20595431062253
1081.0,528.0,93.0,168.0,623.0,41.0,196.0,527.8257140000001,93.178904,167.88259499999995,0.1742859999999382,-0.17890400000000284,0.11740500000004772,0.27598221869713035,111.86152153444007
1082.0,538.0,149.0,168.0,634.0,110.0,199.0,537.762744,149.56989499999997,168.02399599999995,0.23725600000000213,-0.5698949999999741,-0.023995999999954165,0.6177754677688078,108.15729286552988
1083.0,519.0,94.0,172.0,611.0,42.0,198.0,519.0299470000001,94.04079800000001,172.56318599999994,-0.029947000000106527,-0.04079800000000944,-0.5631859999999449,0.5654553653551667,108.83014288330233
1084.0,527.0,108.0,172.0,620.0,59.0,201.0,526.954413,107.871085,172.720689,0.04558699999995497,0.12891500000000633,-0.720688999999993,0.7335461038782685,109.04586191139946
1085.0,539.0,155.0,172.0,633.0,116.0,204.0,538.3398470000001,154.426492,172.22640399999997,0.6601529999999229,0.5735080000000039,-0.22640399999997385,0.9033117848721397,106.68176976409794
1086.0,228.0,83.0,174.0,274.0,25.0,88.0,228.371378,83.37000400000001,174.47628799999998,-0.3713779999999929,-0.37000400000000866,-0.4762879999999825,0.708290080294779,113.47246362003426
1087.0,521.0,92.0,175.0,613.0,40.0,202.0,521.6075450000001,92.34317800000001,175.13196199999996,-0.6075450000000728,-0.34317800000000886,-0.13196199999995883,0.710138040209848,109.07336980216573
1088.0,536.0,124.0,175.0,629.0,79.0,207.0,535.686107,124.120731,175.23797399999998,0.3138930000000073,-0.12073100000000636,-0.23797399999997992,0.41199079417627354,108.15729286552988
1089.0,534.0,159.0,177.0,626.0,121.0,207.0,533.725061,158.522715,176.42384699999997,0.2749390000000176,0.47728499999999485,0.5761530000000334,0.7970851299296978,103.96153134693621
1090.0,187.0,268.0,177.0,223.0,249.0,72.0,186.55006999999998,267.240476,177.461831,0.44993000000002326,0.759523999999999,-0.46183099999998944,0.9962939245207759,112.61438629233834
1091.0,523.0,111.0,178.0,614.0,62.0,205.0,523.3593500000001,110.31204500000001,177.41592599999998,-0.3593500000000631,0.6879549999999881,0.5840740000000153,0.9713685922455217,106.82228231974825
1092.0,532.0,129.0,179.0,622.0,86.0,210.0,531.0889510000001,129.854338,179.45477899999997,0.9110489999999345,-0.8543380000000127,-0.4547789999999736,1.3291830714712998,104.45094542415593
1093.0,546.0,164.0,179.0,639.0,128.0,215.0,545.97105,164.08232700000002,179.330077,0.028950000000008913,-0.08232700000002069,-0.33007699999998863,0.3414186042939026,106.02358228243375
1094.0,540.0,170.0,181.0,632.0,136.0,214.0,540.341665,170.683582,180.44891099999998,-0.3416650000000345,-0.6835820000000012,0.5510890000000188,0.942188096332174,103.4842983258813
1095.0,549.0,177.0,181.0,642.0,144.0,218.0,549.224149,177.127762,181.03644099999997,-0.22414900000001126,-0.12776199999998994,-0.03644099999996797,0.2605644820884077,105.3897528225586
1096.0,541.0,168.0,183.0,632.0,133.0,217.0,541.096003,168.190789,182.75060699999997,-0.09600299999999606,-0.1907889999999952,0.24939300000002618,0.3283502504628411,103.25696102442683
1097.0,413.0,270.0,190.0,480.0,257.0,175.0,413.14011700000003,271.07991499999997,190.803769,-0.14011700000003202,-1.0799149999999713,-0.8037689999999884,1.3534747083986935,69.87846592477543
1098.0,204.0,180.0,200.0,231.0,144.0,104.0,200.16958300000002,180.841048,199.22848599999998,3.830416999999983,-0.8410480000000007,0.7715140000000247,3.9968349958922382,106.02358228243375
1099.0,180.0,173.0,202.0,206.0,134.0,99.0,179.352828,172.85632299999997,201.74103599999998,0.6471720000000118,0.14367700000002515,0.2589640000000202,0.7117141499289115,113.16359838746733
1100.0,265.0,94.0,203.0,306.0,40.0,135.0,265.602814,94.894671,202.82419,-0.6028140000000235,-0.8946710000000024,0.17581000000001268,1.0930370867161998,96.0260381354974
1101.0,197.0,185.0,205.0,224.0,148.0,110.0,196.32676500000002,184.081862,205.746987,0.6732349999999769,0.918137999999999,-0.7469869999999901,1.3616946538919628,105.46563421323555
1102.0,258.0,88.0,206.0,296.0,32.0,135.0,257.76137400000005,88.401535,205.34431199999997,0.23862599999995382,-0.40153499999999553,0.6556880000000262,0.8050462579535469,98.08669634563088
1103.0,527.0,127.0,207.0,606.0,83.0,240.0,526.436864,127.12133200000001,206.88923799999998,0.5631359999999859,-0.12133200000000954,0.11076200000002245,0.5866104579395013,96.26006440887103
1104.0,145.0,219.0,207.0,164.0,190.0,91.0,145.126516,219.037867,206.97766199999998,-0.1265160000000094,-0.037867000000005646,0.022338000000019065,0.1339372770702901,121.07022755409358
1105.0,144.0,218.0,208.0,163.0,189.0,92.0,144.60087000000001,218.212576,208.00465099999997,-0.6008700000000147,-0.21257600000001275,-0.004650999999967098,0.637381317954192,121.07022755409358
1106.0,215.0,174.0,209.0,244.0,135.0,121.0,214.61688099999998,173.191437,208.97203699999997,0.38311900000002197,0.8085629999999924,0.02796300000002816,0.8951738504329794,100.52860289489753
1107.0,188.0,176.0,211.0,213.0,139.0,113.0,188.48020100000002,176.738957,210.84792399999998,-0.4802010000000223,-0.7389569999999992,0.1520760000000223,0.894302833511125,107.69401097554126
1108.0,179.0,162.0,213.0,202.0,122.0,112.0,179.52207300000003,162.89547199999998,212.763761,-0.5220730000000344,-0.8954719999999838,0.23623900000001186,1.0631270785912719,111.04053313993049
1109.0,579.0,129.0,214.0,662.0,86.0,269.0,577.5280300000001,128.90663700000002,214.90236599999997,1.471969999999942,0.09336299999998232,-0.9023659999999722,1.7290681677206297,108.45736489515131
1110.0,179.0,164.0,218.0,199.0,124.0,118.0,178.76999300000003,164.476342,218.22387199999997,0.2300069999999721,-0.4763419999999883,-0.22387199999997165,0.5743897573921068,109.54451150103323
1111.0,130.0,99.0,225.0,142.0,44.0,108.0,131.16793900000002,99.424852,224.48641099999998,-1.1679390000000183,-0.42485200000000134,0.5135890000000245,1.3447506796971953,129.83836104942176
1112.0,245.0,130.0,227.0,272.0,84.0,155.0,244.774766,130.864099,227.62015199999996,0.22523400000000038,-0.8640990000000102,-0.6201519999999618,1.0871917676569163,89.60468737739114
1113.0,573.0,140.0,227.0,652.0,100.0,281.0,573.0036520000001,140.27785699999998,226.95842599999995,-0.003652000000101907,-0.27785699999998315,0.04157400000005396,0.2809737479356317,103.7159582706538
1114.0,217.0,113.0,232.0,240.0,61.0,148.0,217.88325,112.300336,230.271322,-0.8832500000000039,0.6996639999999985,1.7286780000000022,2.0634892544135073,101.43470806385751
1115.0,138.0,172.0,234.0,146.0,132.0,121.0,138.43542,171.288081,234.39917999999997,-0.4354199999999935,0.7119189999999946,-0.3991799999999728,0.9250750841747739,120.13742131409347
1116.0,228.0,173.0,234.0,248.0,134.0,156.0,226.825569,171.92182,235.11528299999998,1.1744309999999984,1.0781800000000032,-1.1152829999999767,1.945666070077276,89.47066558375433
1117.0,559.0,183.0,236.0,632.0,152.0,285.0,558.961236,182.913685,235.76462999999995,0.038764000000014676,0.08631500000001324,0.23537000000004582,0.2536768886221703,93.22553298319082
1118.0,220.0,110.0,240.0,238.0,58.0,160.0,219.42575300000001,109.708672,240.084749,0.5742469999999855,0.2913279999999929,-0.08474899999998797,0.649472103784279,97.09788875150684
1119.0,598.0,142.0,243.0,674.0,102.0,309.0,597.404614,141.448469,243.01669799999996,0.5953859999999622,0.5515310000000113,-0.016697999999962576,0.8117572027157913,108.31435731240803
1120.0,248.0,92.0,245.0,269.0,36.0,177.0,247.746112,91.31454500000001,245.02682099999998,0.25388799999998923,0.6854549999999904,-0.026820999999983997,0.7314554255797002,90.55937278934744
1121.0,594.0,273.0,245.0,668.0,262.0,308.0,593.892201,272.485268,245.34728699999994,0.10779899999999998,0.5147319999999809,-0.3472869999999375,0.6302205301273015,97.80593029055038
1122.0,145.0,144.0,246.0,149.0,99.0,136.0,144.379716,144.07074,244.95413099999996,0.6202839999999981,-0.07074000000000069,1.0458690000000388,1.2180305223667751,118.91593669479293
1123.0,196.0,191.0,249.0,206.0,157.0,160.0,195.431494,190.93966,249.355392,0.5685060000000135,0.06033999999999651,-0.3553919999999948,0.6731593134615396,95.79665964948882
1124.0,190.0,208.0,250.0,200.0,178.0,158.0,190.433535,208.19051000000002,249.56340899999998,-0.4335350000000062,-0.1905100000000175,0.43659100000002127,0.6440949911356482,97.28309205612247
1125.0,498.0,86.0,251.0,556.0,34.0,281.0,497.82103000000006,86.78562500000001,251.256152,0.17896999999993568,-0.7856250000000102,-0.25615199999998595,0.8454884674724935,83.47454701883683
1126.0,193.0,169.0,252.0,200.0,128.0,162.0,191.033829,167.206954,252.18701099999998,1.9661710000000028,1.793046000000004,-0.18701099999998405,2.6675485887754733,99.1463564635635
1127.0,150.0,184.0,253.0,153.0,148.0,147.0,150.78289,184.029459,252.93551499999998,-0.782890000000009,-0.02945900000000279,0.064485000000019,0.786093442286613,111.9866063420086
1128.0,208.0,99.0,254.0,218.0,44.0,172.0,206.883635,98.212916,254.467311,1.1163650000000018,0.787083999999993,-0.46731099999999515,1.4436591034596735,99.24212815130478
1129.0,237.0,115.0,254.0,253.0,64.0,183.0,237.121026,114.254727,254.115479,-0.12102600000000052,0.7452729999999974,-0.11547899999999345,0.7638157740227645,88.87069258197553
1130.0,139.0,139.0,257.0,137.0,92.0,148.0,138.116039,138.260708,257.32640399999997,0.8839609999999993,0.739292000000006,-0.32640399999996816,1.197697491857183,118.71815362445628
1131.0,159.0,168.0,258.0,160.0,128.0,156.0,158.388583,167.505988,257.91581299999996,0.6114169999999888,0.4940119999999979,0.08418700000004264,0.7905479460488095,109.5673308974897
1132.0,155.0,147.0,260.0,157.0,105.0,158.0,156.375084,148.66851400000002,260.026247,-1.3750839999999869,-1.668514000000016,-0.026247000000012122,2.162286724803401,110.32678731840241
1133.0,158.0,150.0,260.0,158.0,106.0,159.0,157.42125199999998,149.46932700000002,260.553084,0.5787480000000187,0.5306729999999789,-0.5530840000000126,0.9604504107391558,110.16805344563369
1134.0,139.0,158.0,262.0,136.0,116.0,153.0,138.851812,157.853761,261.70306999999997,0.14818800000000465,0.14623900000000845,0.29693000000003167,0.3626471471899685,116.8503316212667
1135.0,599.0,139.0,263.0,668.0,99.0,332.0,598.70162,138.744736,262.4151959999999,0.2983799999999519,0.25526400000001104,0.5848040000000765,0.7044047504894231,105.46089322587781
1136.0,212.0,150.0,263.0,221.0,107.0,183.0,212.63312700000003,149.638963,262.843986,-0.6331270000000302,0.36103700000001027,0.1560140000000274,0.7453441364189124,91.26883367283708
1137.0,158.0,141.0,264.0,160.0,97.0,163.0,159.937145,142.040863,263.05409299999997,-1.9371449999999868,-1.0408630000000016,0.9459070000000338,2.3938810723264883,110.18620603324175
1138.0,164.0,166.0,267.0,163.0,126.0,168.0,163.82536100000002,165.704816,266.440136,0.1746389999999849,0.2951840000000061,0.5598640000000046,0.656566883624969,106.78014796768171
1139.0,602.0,141.0,268.0,670.0,102.0,339.0,602.1040760000001,141.103859,267.363116,-0.10407600000007733,-0.10385899999999992,0.6368840000000091,0.6536357816957603,105.76388797694608
1140.0,136.0,156.0,271.0,128.0,113.0,163.0,135.211241,155.320415,271.521213,0.7887589999999989,0.679585000000003,-0.5212129999999888,1.1643193392171198,116.52038448271615
1141.0,149.0,167.0,273.0,144.0,128.0,169.0,149.338504,167.437121,272.171794,-0.33850400000000036,-0.43712099999999054,0.8282060000000229,0.9957835633776196,111.18453129819814
1142.0,143.0,131.0,274.0,136.0,83.0,171.0,143.24561500000002,130.616623,275.368031,-0.24561500000001502,0.38337699999999586,-1.3680309999999736,1.441809096002287,113.85077953180645
1143.0,156.0,134.0,275.0,151.0,87.0,176.0,156.23856,133.74559599999998,275.39496499999996,-0.23856000000000677,0.2544040000000223,-0.3949649999999565,0.5269057031775042,109.70414759707128
1144.0,556.0,192.0,275.0,613.0,163.0,328.0,555.484676,191.50018,274.213763,0.5153239999999641,0.4998199999999997,0.7862370000000283,1.0646818668245492,83.06021911842033
1145.0,129.0,277.0,277.0,118.0,261.0,166.0,129.525724,276.506514,277.88230999999996,-0.5257239999999967,0.4934860000000185,-0.8823099999999613,1.1394670212305167,112.68540278137182
1146.0,388.0,303.0,277.0,417.0,297.0,265.0,387.9594110000001,303.081405,277.47787,0.040588999999897624,-0.08140500000001794,-0.4778699999999958,0.4864503858010502,31.953090617340916
1147.0,371.0,316.0,278.0,396.0,314.0,259.0,370.228768,317.191043,278.435866,0.7712319999999977,-1.1910429999999792,-0.4358659999999759,1.4843723911569247,31.464265445104548
1148.0,152.0,181.0,279.0,145.0,145.0,177.0,152.347539,181.251333,278.291918,-0.3475390000000118,-0.25133299999998826,0.7080819999999903,0.8278476623956781,108.39280418920806
1149.0,161.0,69.0,281.0,155.0,8.0,185.0,160.992892,68.936217,280.583355,0.007107999999988124,0.06378300000000081,0.4166450000000168,0.4215588343019441,113.89907813498755
1150.0,154.0,129.0,281.0,146.0,82.0,181.0,153.61033,129.619141,280.52991,0.3896699999999953,-0.6191410000000133,0.47009000000002743,0.8695762731819668,110.78357278947091
1151.0,155.0,129.0,282.0,146.0,81.0,183.0,154.122037,128.775971,282.074055,0.877962999999994,0.2240290000000016,-0.0740549999999871,0.9091161450744281,110.39021695784459
1152.0,352.0,319.0,282.0,374.0,316.0,255.0,352.10933000000006,319.001463,281.06223,-0.10933000000005677,-0.0014630000000011023,0.9377700000000004,0.9441227474057667,34.95711658589707
1153.0,184.0,190.0,285.0,179.0,157.0,197.0,184.079667,190.639097,285.11461199999997,-0.0796670000000006,-0.6390969999999925,-0.11461199999996552,0.6541618430036886,94.11694852681954
1154.0,131.0,132.0,288.0,117.0,84.0,180.0,130.832031,131.432324,287.30531199999996,0.16796899999999937,0.5676760000000058,0.6946880000000419,0.9127217775867215,119.01260437449471
1155.0,171.0,143.0,288.0,164.0,98.0,195.0,171.38268000000002,142.445347,286.88596199999995,-0.3826800000000219,0.5546530000000018,1.1140380000000505,1.3019848686728779,103.5519193448388
1156.0,130.0,180.0,289.0,111.0,141.0,180.0,126.671934,178.131608,289.415671,3.328066000000007,1.868392,-0.4156709999999748,3.839230957660795,117.31581308587518
1157.0,161.0,124.0,291.0,148.0,75.0,197.0,159.266985,123.68119300000001,292.37323699999996,1.7330149999999946,0.3188069999999925,-1.3732369999999605,2.2340006158555257,106.7988763985839
1158.0,137.0,134.0,291.0,123.0,87.0,188.0,137.603116,133.75664799999998,291.991117,-0.603116,0.24335200000001578,-0.9911169999999743,1.185445913168946,114.07892005098927
1159.0,618.0,242.0,296.0,677.0,226.0,377.0,618.526698,242.11710499999998,296.267955,-0.5266980000000103,-0.11710499999998092,-0.2679549999999722,0.6024319432549966,101.47906187977893
1160.0,104.0,195.0,299.0,81.0,161.0,182.0,104.055996,194.65017,298.955827,-0.05599599999999327,0.3498299999999972,0.044173000000000684,0.35702637836019535,123.99193522161028
1161.0,139.0,130.0,301.0,121.0,83.0,198.0,138.616282,130.37077,300.241037,0.38371799999998757,-0.37076999999999316,0.7589629999999943,0.9277579058100107,114.63856244737195
1162.0,597.0,159.0,303.0,650.0,125.0,379.0,597.175421,159.557015,303.857439,-0.17542100000002847,-0.5570150000000069,-0.8574389999999994,1.037419816750681,98.69650449737316
1163.0,596.0,152.0,304.0,649.0,115.0,379.0,596.3101790000001,151.37573500000002,304.020386,-0.31017900000006193,0.6242649999999799,-0.020385999999973592,0.6973760759174437,99.0101004948485
1164.0,600.0,156.0,304.0,654.0,120.0,380.0,600.4999750000001,155.42875600000002,303.546919,-0.4999750000000631,0.5712439999999788,0.4530809999999974,0.8840684932300418,99.93998198919189
1165.0,148.0,129.0,305.0,129.0,81.0,207.0,147.157737,128.578115,305.135836,0.8422630000000026,0.4218850000000032,-0.13583599999998341,0.9517590731324828,110.76551810017412
1166.0,103.0,287.0,305.0,77.0,273.0,186.0,102.975952,286.317278,304.186779,0.024047999999993408,0.6827220000000125,0.8132209999999986,1.062080990522387,122.60913505934214
1167.0,151.0,86.0,308.0,133.0,30.0,212.0,151.117845,86.74106800000001,307.48764199999994,-0.11784499999998843,-0.7410680000000127,0.5123580000000629,0.908614299256335,112.58774356030055
1168.0,156.0,121.0,308.0,138.0,73.0,213.0,155.64261100000002,121.904385,307.382053,0.3573889999999835,-0.9043850000000049,0.6179470000000151,1.1521708295018651,107.9490620616965
1169.0,428.0,207.0,308.0,453.0,181.0,316.0,428.185494,207.28590400000002,306.62618499999996,-0.1854940000000056,-0.28590400000001637,1.373815000000036,1.4154563841662908,36.945906403822335
1170.0,498.0,158.0,309.0,534.0,121.0,346.0,498.4088760000001,157.340374,308.312398,-0.4088760000000775,0.6596260000000029,0.6876020000000267,1.0368618778102048,63.51377803280167
1171.0,600.0,108.0,310.0,650.0,62.0,388.0,598.962425,107.869268,310.23975299999995,1.037574999999947,0.13073199999999474,-0.2397529999999506,1.0729092400841114,103.440804327886
1172.0,600.0,131.0,311.0,651.0,90.0,389.0,600.246598,130.774765,311.02797699999996,-0.24659799999994902,0.22523499999999785,-0.02797699999996439,0.335147864916326,101.81355508968342
1173.0,545.0,321.0,315.0,584.0,322.0,369.0,545.021294,321.333969,315.13942799999995,-0.021294000000011692,-0.3339690000000246,-0.1394279999999526,0.36253123255935304,66.61831579978588
1174.0,135.0,172.0,317.0,111.0,133.0,215.0,135.710549,171.153707,316.530178,-0.7105489999999861,0.8462930000000028,0.46982200000002194,1.2007599405934584,111.80787092150534
1175.0,509.0,252.0,320.0,541.0,237.0,362.0,509.03523600000005,252.07334199999997,320.04770299999996,-0.035236000000054446,-0.07334199999996827,-0.047702999999955864,0.09431967381726344,54.89080068645383
1176.0,622.0,269.0,321.0,672.0,259.0,406.0,622.4797020000001,268.80721,320.4166899999999,-0.47970200000008845,0.19279000000000224,0.5833100000000968,0.7794437433222482,99.12113800799504
1177.0,519.0,301.0,323.0,551.0,299.0,369.0,519.174513,302.690173,323.488746,-0.1745130000000472,-1.6901730000000157,-0.4887459999999919,1.7680532258996224,56.07138307550475
1178.0,620.0,102.0,326.0,667.0,55.0,413.0,618.6178090000001,101.736569,325.17894199999995,1.3821909999999207,0.2634309999999971,0.8210580000000505,1.6291053040260663,109.48515881159419
1179.0,612.0,155.0,327.0,658.0,120.0,412.0,611.936695,155.014548,327.369107,0.06330500000001393,-0.01454799999999068,-0.3691069999999854,0.3747787944614673,102.79105019407089
1180.0,147.0,116.0,331.0,119.0,66.0,237.0,147.062422,115.986965,330.895581,-0.06242199999999798,0.013035000000002128,0.10441900000000714,0.12235090874203304,110.09087155618307
1181.0,497.0,213.0,335.0,521.0,189.0,375.0,496.45366900000005,212.72981899999996,334.878024,0.5463309999999524,0.2701810000000364,0.12197600000001785,0.6215733897923655,52.459508194416
1182.0,495.0,208.0,336.0,518.0,183.0,376.0,494.329764,207.82234799999998,336.376122,0.6702359999999885,0.17765200000002324,-0.3761220000000094,0.7888246241617968,52.478567053607705
1183.0,132.0,89.0,342.0,99.0,34.0,246.0,133.580851,89.79147,342.773146,-1.5808509999999956,-0.7914700000000039,-0.773145999999997,1.9295775139695703,115.45561917897284
1184.0,526.0,254.0,345.0,551.0,240.0,397.0,525.941736,254.04465299999998,344.67113099999995,0.05826400000000831,-0.04465299999998251,0.32886900000005426,0.3369620205097825,59.371710435189584
1185.0,499.0,172.0,353.0,517.0,139.0,397.0,498.63029300000005,171.548521,352.525088,0.3697069999999485,0.4514790000000062,0.47491200000001754,0.7523682349979857,57.87054518492115
1186.0,420.0,126.0,356.0,424.0,83.0,372.0,419.36057200000005,126.532264,356.71752799999996,0.6394279999999526,-0.5322639999999978,-0.7175279999999589,1.0986444209405872,46.05431575867782
1187.0,491.0,152.0,361.0,505.0,115.0,404.0,490.91545600000006,151.88191999999998,360.848219,0.08454399999993711,0.11808000000002039,0.15178100000002814,0.21006676628396678,58.42944463196617
1188.0,576.0,152.0,363.0,602.0,117.0,440.0,575.6804060000001,152.53162,363.64001999999994,0.3195939999999382,-0.5316200000000038,-0.6400199999999359,0.8912832039457954,88.48728722251576
1189.0,458.0,179.0,363.0,466.0,148.0,393.0,458.036892,179.253345,362.752172,-0.03689200000002302,-0.25334499999999593,0.2478280000000268,0.35631927575281824,43.87482193696061
1190.0,459.0,265.0,366.0,465.0,253.0,396.0,458.966158,265.184928,366.35917299999994,0.03384199999999282,-0.18492800000001353,-0.35917299999994157,0.405399667090345,32.863353450309965
1191.0,458.0,265.0,368.0,464.0,253.0,397.0,458.44932700000004,265.178329,367.39584299999996,-0.44932700000003933,-0.17832900000001928,0.6041570000000434,0.7737581442667305,31.953090617340916
1192.0,453.0,133.0,372.0,458.0,91.0,402.0,453.66005000000007,132.52287,371.270628,-0.6600500000000693,0.4771299999999883,0.7293720000000121,1.0932989315754855,51.85556864985669
1193.0,435.0,298.0,373.0,434.0,292.0,394.0,434.69956900000005,297.31323399999997,373.235373,0.3004309999999464,0.6867660000000342,-0.2353729999999814,0.7856887256706729,21.863211109075447
1194.0,531.0,205.0,374.0,547.0,181.0,433.0,531.682679,205.323781,373.107848,-0.6826790000000074,-0.32378099999999677,0.89215200000001,1.1691107492902568,65.67343450741707
1195.0,473.0,166.0,375.0,478.0,132.0,413.0,472.42617600000005,165.841813,375.01845199999997,0.573823999999945,0.15818699999999808,-0.01845199999996794,0.5955145558665507,51.234753829797995
1196.0,597.0,134.0,380.0,622.0,99.0,470.0,598.871406,137.31519400000002,381.57801199999994,-1.871405999999979,-3.3151940000000195,-1.5780119999999442,4.121018508404916,99.74968671630002
1197.0,442.0,285.0,381.0,440.0,278.0,409.0,443.14262600000006,285.634121,383.19499199999996,-1.1426260000000639,-0.6341209999999933,-2.1949919999999565,2.5545436967452617,28.930952282978865
1198.0,429.0,305.0,382.0,424.0,301.0,402.0,429.0900720000001,304.63995,382.13537599999995,-0.09007200000007742,0.3600500000000011,-0.1353759999999511,0.39506408221958306,21.0
1199.0,522.0,162.0,384.0,532.0,129.0,443.0,522.170529,162.714007,384.26992099999995,-0.17052899999998772,-0.7140070000000094,-0.2699209999999539,0.7821403212537916,68.33739825307956
1200.0,447.0,271.0,384.0,444.0,260.0,412.0,446.873107,270.838388,384.31244499999997,0.12689299999999548,0.16161199999999099,-0.31244499999996833,0.3739547432751404,30.23243291566195
1201.0,446.0,163.0,387.0,443.0,129.0,417.0,446.24255500000004,163.534181,387.18855599999995,-0.2425550000000385,-0.5341809999999896,-0.18855599999994865,0.6162269337849394,45.44227107000705
1202.0,422.0,103.0,388.0,415.0,54.0,410.0,422.001027,102.37587400000001,388.297286,-0.0010270000000218715,0.6241259999999897,-0.2972859999999855,0.6913127254730514,54.16641025580336
1203.0,458.0,134.0,388.0,456.0,92.0,423.0,457.580162,133.095823,388.11499599999996,0.419838000000027,0.9041770000000042,-0.11499599999996235,1.0035058911581045,54.70831746635972
1204.0,447.0,162.0,388.0,443.0,128.0,418.0,446.494001,162.70325,387.955788,0.5059989999999743,-0.703249999999997,0.044212000000015905,0.8674965426126903,45.51922670696417
1205.0,519.0,166.0,388.0,527.0,133.0,446.0,519.1011120000001,165.980258,387.938169,-0.10111200000005738,0.01974200000000792,0.06183099999998376,0.12015180260408043,67.20863039818622
1206.0,567.0,230.0,389.0,581.0,213.0,464.0,566.453978,230.950756,388.67020499999995,0.5460219999999936,-0.9507560000000126,0.3297950000000469,1.1449199701485897,78.16648898345122
1207.0,445.0,156.0,390.0,441.0,120.0,419.0,445.129558,156.152755,389.174767,-0.12955799999997453,-0.1527550000000133,0.8252330000000256,0.849193069730341,46.400431032480725
1208.0,566.0,179.0,391.0,582.0,151.0,467.0,567.465323,180.149495,390.14096499999994,-1.4653230000000121,-1.1494950000000017,0.8590350000000626,2.050963524926552,82.55906976220118
1209.0,568.0,181.0,391.0,583.0,152.0,468.0,568.5114910000001,180.950308,390.66780199999994,-0.5114910000000918,0.049691999999993186,0.33219800000006217,0.6119214403411067,83.63611660042568
1210.0,569.0,302.0,392.0,582.0,301.0,468.0,569.0478340000001,302.941056,392.370028,-0.04783400000007987,-0.9410560000000032,-0.3700279999999907,1.0123216916948914,77.110310594628
1211.0,417.0,93.0,393.0,407.0,43.0,414.0,416.7283700000001,93.366426,393.37650299999996,0.27162999999990234,-0.36642600000000414,-0.37650299999995696,0.5914434709969479,55.14526271584895
1212.0,568.0,229.0,394.0,581.0,210.0,471.0,568.24936,228.40900700000003,394.0795529999999,-0.24936000000002423,0.590992999999969,-0.07955299999991894,0.6463604377264767,80.36790404135223
1213.0,564.0,236.0,394.0,577.0,219.0,469.0,564.6998050000001,235.824273,393.65188399999994,-0.699805000000083,0.17572699999999486,0.3481160000000614,0.8011190710563301,77.99358948016176
1214.0,567.0,166.0,395.0,580.0,134.0,473.0,567.3228500000001,166.169577,395.15738,-0.3228500000001304,-0.16957700000000386,-0.1573799999999892,0.3971862860536377,85.30533394811839
1215.0,193.0,302.0,395.0,145.0,296.0,326.0,192.457493,303.050214,395.513786,0.5425070000000005,-1.0502139999999827,-0.5137859999999819,1.2888907419331344,84.26743143112884
1216.0,460.0,207.0,396.0,456.0,182.0,432.0,460.715861,206.667952,395.97850299999993,-0.7158610000000181,0.33204799999998613,0.0214970000000676,0.7894143187414449,44.01136216933077
1217.0,440.0,269.0,396.0,433.0,259.0,423.0,441.17915100000005,269.947107,395.70613399999996,-1.1791510000000471,-0.9471070000000168,0.2938660000000368,1.5407030785346554,29.631064780058107
1218.0,419.0,161.0,397.0,407.0,123.0,416.0,417.95409200000006,158.837308,395.70480899999995,1.0459079999999403,2.1626919999999927,1.2951910000000453,2.7292269890591663,44.14748010928823
1219.0,492.0,273.0,397.0,491.0,263.0,444.0,491.751228,272.637736,396.99412499999994,0.24877199999997401,0.36226399999998193,0.005875000000060027,0.43949656347345273,48.062459362791664
1220.0,557.0,167.0,399.0,566.0,134.0,473.0,556.443562,166.248537,398.7939779999999,0.5564379999999574,0.7514630000000011,0.20602200000007542,0.9574784345858581,81.52300288875527
1221.0,381.0,147.0,401.0,362.0,108.0,408.0,380.770639,146.90864,401.033355,0.22936099999998305,0.09136000000000877,-0.033354999999971824,0.24912983351255213,43.94314508543966
1222.0,479.0,269.0,401.0,474.0,258.0,444.0,478.49658900000003,268.640156,401.361589,0.5034109999999714,0.3598440000000096,-0.36158899999998084,0.7166986425115959,44.66542286825459
1223.0,471.0,277.0,403.0,465.0,268.0,444.0,471.590911,276.877836,403.79621199999997,-0.5909110000000055,0.12216399999999794,-0.7962119999999686,0.9990262267633199,42.40283009422838
1224.0,472.0,133.0,406.0,466.0,92.0,449.0,472.117868,132.721209,405.71716399999997,-0.1178679999999872,0.27879100000001245,0.2828360000000316,0.4142625858088343,59.715994507334464
1225.0,483.0,321.0,406.0,477.0,321.0,451.0,483.20503700000006,320.115159,406.6306119999999,-0.2050370000000612,0.8848409999999944,-0.6306119999999282,1.105737428684552,45.39823785126467
1226.0,568.0,168.0,407.0,576.0,135.0,487.0,567.866951,166.839483,407.08287099999995,0.13304900000002817,1.1605169999999987,-0.08287099999995462,1.171054800737778,86.90799733051038
1227.0,477.0,171.0,407.0,471.0,138.0,452.0,477.18960100000004,170.316124,407.194444,-0.18960100000003877,0.6838759999999979,-0.19444399999997586,0.735828371098181,56.124860801609124
1228.0,391.0,231.0,407.0,370.0,210.0,417.0,390.22885400000007,230.259953,406.934978,0.7711459999999306,0.7400470000000041,0.06502199999999903,1.0707770897852171,31.336879231984796
1229.0,613.0,108.0,408.0,628.0,63.0,507.0,612.846275,107.355599,408.41673499999996,0.15372500000000855,0.644401000000002,-0.4167349999999601,0.78265706708045,109.77704678119193
1230.0,450.0,171.0,408.0,440.0,138.0,442.0,450.49713900000006,170.61335400000002,407.47778099999994,-0.49713900000006106,0.3866459999999847,0.5222190000000637,0.8181411850030015,48.425200051213004
1231.0,468.0,271.0,408.0,460.0,261.0,447.0,468.42452900000006,271.13847499999997,407.35796899999997,-0.42452900000006366,-0.13847499999997126,0.6420310000000313,0.782051150774095,41.048751503547585
1232.0,462.0,279.0,408.0,452.0,271.0,445.0,461.77542100000005,279.394993,407.97900899999996,0.2245789999999488,-0.3949929999999995,0.02099100000003773,0.45485802111315815,39.153543900903784
1233.0,558.0,306.0,408.0,563.0,304.0,482.0,557.953185,305.332946,408.211236,0.0468150000000378,0.6670540000000074,-0.21123599999998532,0.7012655209241412,74.19568720619817
1234.0,578.0,166.0,409.0,587.0,135.0,493.0,577.976529,166.70400899999999,408.887022,0.023470999999972264,-0.704008999999985,0.11297799999999825,0.7134028233795947,89.98888820293314
1235.0,438.0,266.0,409.0,424.0,254.0,436.0,437.52464100000003,265.7453,408.09541099999996,0.475358999999969,0.2547000000000139,0.904589000000044,1.0531474387767636,32.69556544854363
1236.0,447.0,277.0,410.0,433.0,268.0,443.0,446.46370600000006,277.070555,411.33152299999995,0.5362939999999412,-0.07055500000001302,-1.3315229999999474,1.4371996249616121,36.959437225152655
1237.0,426.0,261.0,412.0,410.0,248.0,437.0,426.8527240000001,260.89986899999997,412.450836,-0.8527240000000802,0.10013100000003305,-0.45083599999998114,0.9697512754480534,32.4037034920393
1238.0,587.0,98.0,413.0,596.0,51.0,502.0,586.5722460000001,97.77297000000002,412.72822199999996,0.42775399999993624,0.22702999999998497,0.27177800000004027,0.5553191755197731,101.04949282406122
1239.0,416.0,315.0,413.0,397.0,315.0,433.0,416.300089,315.874509,413.368652,-0.30008900000001404,-0.8745089999999891,-0.3686519999999973,0.9953510416461055,27.586228448267445
1240.0,485.0,205.0,415.0,477.0,181.0,464.0,485.35433,205.33917200000002,415.375141,-0.3543300000000045,-0.3391720000000191,-0.37514099999998507,0.6175096471837545,55.14526271584895
1241.0,563.0,167.0,416.0,567.0,136.0,496.0,563.2242870000001,167.59878400000002,416.422582,-0.2242870000001176,-0.5987840000000233,-0.42258199999997714,0.7664349181431267,85.8894638474359
1242.0,445.0,112.0,417.0,431.0,67.0,452.0,445.480056,112.414592,416.89737299999996,-0.4800559999999905,-0.41459199999999896,0.10262700000004088,0.6425516249524224,58.70264048575669
1243.0,495.0,205.0,417.0,486.0,181.0,469.0,493.649463,205.227217,416.92189299999995,1.3505369999999743,-0.227216999999996,0.07810700000004545,1.3717428537838043,57.97413216254298
1244.0,436.0,265.0,417.0,418.0,253.0,446.0,435.455884,264.838058,417.41340199999996,0.5441159999999741,0.16194200000001047,-0.4134019999999623,0.7022739112511186,36.180105030251084
1245.0,457.0,214.0,420.0,442.0,188.0,458.0,456.65624900000006,211.34085,419.87292499999995,0.34375099999994063,2.659150000000011,0.12707500000004757,2.6842860369427903,48.425200051213004
1246.0,455.0,242.0,420.0,440.0,225.0,457.0,455.16795900000005,241.65597300000002,419.97372299999995,-0.16795900000005304,0.34402699999998276,0.026277000000050066,0.38373856092267894,43.393547907494266
1247.0,440.0,151.0,421.0,423.0,114.0,454.0,440.19814700000006,150.913758,420.98426199999994,-0.1981470000000627,0.0862419999999986,0.015738000000055763,0.21667395048096197,52.41183072551463
1248.0,587.0,159.0,422.0,592.0,125.0,512.0,586.718798,158.256348,422.25277399999993,0.2812020000000075,0.7436519999999973,-0.2527739999999312,0.8342586870893017,96.33794683301072
1249.0,458.0,287.0,422.0,442.0,280.0,460.0,457.98775100000006,286.636036,422.31740299999996,0.012248999999940224,0.36396400000000995,-0.31740299999995614,0.48307814658290843,41.82104733265297
1250.0,450.0,247.0,423.0,433.0,232.0,459.0,450.31054200000005,247.401819,423.41361499999994,-0.31054200000005494,-0.40181899999998905,-0.4136149999999361,0.654959701622911,42.5440947723653
1251.0,453.0,255.0,423.0,436.0,242.0,460.0,452.99022900000006,255.55957999999998,423.508067,0.009770999999943797,-0.5595799999999826,-0.5080669999999827,0.7558818196847719,42.74342054632502
1252.0,489.0,259.0,423.0,478.0,246.0,474.0,489.30700700000006,258.426122,423.513779,-0.30700700000005554,0.5738779999999792,-0.5137789999999995,0.8291912431845924,53.76802023508026
1253.0,475.0,266.0,424.0,461.0,255.0,469.0,474.874473,265.951425,424.132212,0.12552699999997685,0.04857500000002801,-0.13221199999998134,0.18867053638019893,48.394214530251446
1254.0,497.0,179.0,425.0,488.0,150.0,480.0,497.793253,179.70185600000002,424.648311,-0.7932529999999929,-0.7018560000000207,0.3516890000000217,1.1160364328578314,62.82515419798029
1255.0,504.0,272.0,425.0,494.0,263.0,482.0,503.97242200000005,272.155734,425.73754799999995,0.027577999999948588,-0.15573399999999538,-0.737547999999947,0.7543147069651484,58.56620185738529
1256.0,498.0,196.0,426.0,488.0,171.0,482.0,498.49889,196.86991,426.40543799999995,-0.49889000000001715,-0.8699100000000044,-0.4054379999999469,1.081672137037828,62.13694553162394
1257.0,452.0,224.0,426.0,435.0,203.0,463.0,452.65013500000003,223.599515,425.721004,-0.6501350000000343,0.4004850000000033,0.27899600000000646,0.8129591142647032,45.81484475582123
1258.0,450.0,210.0,427.0,431.0,186.0,464.0,449.652173,209.692072,427.37236799999994,0.3478269999999952,0.307928000000004,-0.37236799999993764,0.5953664439124469,48.02082881417188
1259.0,441.0,99.0,429.0,422.0,51.0,466.0,441.98884200000003,99.194934,429.9570719999999,-0.9888420000000337,-0.1949340000000035,-0.9570719999999255,1.389890131810398,63.51377803280167
1260.0,446.0,73.0,431.0,426.0,20.0,469.0,445.6047280000001,73.75620500000001,430.948672,0.39527199999992035,-0.7562050000000085,0.05132800000001225,0.8548219227376841,68.21290200541243
1261.0,602.0,81.0,431.0,607.0,32.0,530.0,602.240081,81.81309,431.44051999999994,-0.24008100000003196,-0.8130900000000025,-0.4405199999999354,0.9554120080158939,110.57576588023255
1262.0,593.0,104.0,431.0,597.0,58.0,524.0,593.136785,103.228916,429.628318,-0.1367850000000317,0.7710840000000019,1.3716820000000212,1.5794911143799035,103.83159442096611
1263.0,455.0,176.0,432.0,436.0,145.0,472.0,455.258306,175.99958800000002,431.89196599999997,-0.2583060000000046,0.00041199999998298154,0.10803400000003194,0.27998840071690334,54.055527006958314
1264.0,523.0,185.0,433.0,514.0,157.0,499.0,523.004309,185.053519,432.72374299999996,-0.004309000000034757,-0.05351899999999432,0.2762570000000437,0.28142633297369996,72.2564875980005
1265.0,462.0,191.0,434.0,443.0,164.0,477.0,462.16674,191.454061,434.14217099999996,-0.16674000000000433,-0.45406099999999583,-0.14217099999996208,0.5041688333901521,54.2125446737192
1266.0,441.0,92.0,435.0,420.0,43.0,471.0,441.6654430000001,92.595483,434.28370299999995,-0.6654430000000957,-0.5954830000000015,0.7162970000000541,1.1447688769997229,64.32728814430156
1267.0,491.0,145.0,435.0,476.0,107.0,490.0,490.69171400000005,144.44339,435.11824199999995,0.30828599999995276,0.5566100000000063,-0.11824199999995244,0.6471754943289854,68.51277253184256
1268.0,514.0,285.0,436.0,502.0,280.0,498.0,514.503189,285.832554,436.25467699999996,-0.5031890000000203,-0.832554000000016,-0.2546769999999583,1.0055872448306142,63.34824385884742
1269.0,366.0,187.0,437.0,331.0,158.0,443.0,366.230672,187.589715,436.761827,-0.23067200000002686,-0.5897150000000124,0.2381730000000175,0.6765350920226056,45.8475735453906
1270.0,472.0,204.0,437.0,453.0,180.0,484.0,471.900527,204.41106000000002,437.137888,0.09947299999998904,-0.4110600000000204,-0.13788799999997536,0.4448351401058687,56.089214649520635
1271.0,435.0,98.0,439.0,410.0,49.0,474.0,434.7281960000001,97.52731800000001,439.27009799999996,0.2718039999999178,0.47268199999999183,-0.27009799999996176,0.6084887978787505,65.19969325081216
1272.0,488.0,258.0,439.0,472.0,244.0,490.0,488.79100100000005,256.626754,437.483567,-0.7910010000000511,1.3732459999999946,1.5164330000000064,2.1934120000597437,55.25395913416522
1273.0,466.0,190.0,440.0,445.0,163.0,485.0,465.79419700000005,190.52617700000002,439.82827999999995,0.20580299999994622,-0.5261770000000183,0.17172000000005028,0.5905123779718884,56.52433104425032
1274.0,478.0,206.0,440.0,459.0,182.0,491.0,478.40253600000005,205.92893100000003,441.03709899999996,-0.40253600000005463,0.07106899999996585,-1.0370989999999551,1.1147467738719614,59.481089431852205
1275.0,410.0,215.0,442.0,380.0,192.0,466.0,410.59389300000004,214.867386,442.231887,-0.5938930000000369,0.13261399999998957,-0.23188699999997198,0.6512042300338873,44.77722635447622
1276.0,595.0,235.0,442.0,594.0,219.0,537.0,595.608117,234.896141,442.06609899999995,-0.6081169999999929,0.10385899999999992,-0.0660989999999515,0.6204531048926946,96.34313675607619
1277.0,502.0,271.0,442.0,486.0,261.0,500.0,502.42275400000005,270.343168,441.78067599999997,-0.4227540000000545,0.6568320000000085,0.21932400000002872,0.8113274540628278,60.991802727907626
1278.0,501.0,272.0,442.0,485.0,263.0,499.0,501.40303100000006,271.998431,441.282882,-0.40303100000005543,0.0015690000000176951,0.7171180000000277,0.8226145358830492,59.88321968631947
1279.0,537.0,314.0,442.0,525.0,315.0,513.0,536.588745,314.173469,442.27279599999997,0.41125499999998283,-0.17346900000001142,-0.2727959999999712,0.5231059420442231,72.01388754955533
1280.0,586.0,160.0,443.0,583.0,128.0,537.0,586.2579400000001,160.45720899999998,444.04245499999996,-0.257940000000076,-0.45720899999997755,-1.0424549999999613,1.1671698849378946,99.34284070832683
1281.0,531.0,209.0,443.0,518.0,187.0,514.0,530.2810420000001,209.40813400000002,443.62883999999997,0.7189579999999296,-0.4081340000000182,-0.6288399999999683,1.0387077131319828,75.45859791965393
1282.0,451.0,193.0,444.0,427.0,166.0,483.0,451.31246400000003,193.108251,442.97912299999996,-0.31246400000003405,-0.10825099999999566,1.0208770000000413,1.0730991936564414,53.16013544000805
1283.0,465.0,272.0,446.0,446.0,264.0,486.0,467.72186500000004,273.19619,441.32321699999994,-2.7218650000000366,-1.1961900000000014,4.676783000000057,5.5418154808162585,45.0
1284.0,337.0,166.0,448.0,293.0,132.0,445.0,336.99250800000004,166.493565,447.934713,0.007491999999956533,-0.4935649999999896,0.06528700000001209,0.49792060778601105,55.68662316930342
1285.0,491.0,264.0,449.0,468.0,252.0,504.0,489.396807,263.027504,449.47682499999996,1.603192999999976,0.9724959999999783,-0.47682499999996253,1.934770876845588,60.81118318204309
1286.0,526.0,192.0,450.0,511.0,166.0,520.0,526.217849,192.181648,449.90531599999997,-0.21784900000000107,-0.1816479999999956,0.0946840000000293,0.29903050439880613,76.16429609731846
1287.0,509.0,131.0,451.0,490.0,91.0,516.0,508.19674800000007,130.94714399999998,451.526486,0.8032519999999295,0.052856000000019776,-0.5264859999999771,0.9618705944335053,78.65112840894274
1288.0,335.0,167.0,451.0,288.0,133.0,448.0,333.89664600000003,167.30374,451.573918,1.1033539999999675,-0.3037400000000048,-0.5739179999999919,1.2802460340262423,58.08614292583042
1289.0,345.0,214.0,453.0,300.0,190.0,453.0,345.02551000000005,213.840309,452.89321599999994,-0.02551000000005388,0.15969100000000935,0.1067840000000615,0.19379060409890586,51.0
1290.0,411.0,177.0,454.0,376.0,146.0,481.0,410.98395000000005,177.046529,454.47928399999995,0.01604999999995016,-0.04652899999999249,-0.4792839999999501,0.48180463156444425,53.99073994677235
1291.0,464.0,263.0,454.0,437.0,251.0,499.0,463.99683500000003,262.444847,453.63504599999993,0.003164999999967222,0.5551530000000184,0.3649540000000684,0.6643766196594144,53.83307533477908
1292.0,465.0,112.0,455.0,439.0,68.0,503.0,464.9789180000001,112.563975,454.45156099999997,0.021081999999921663,-0.5639749999999992,0.5484390000000303,0.786954628978081,70.11419257183242
1293.0,577.0,133.0,456.0,568.0,94.0,548.0,577.1647210000001,132.57165200000003,456.15569899999997,-0.1647210000000996,0.4283479999999713,-0.15569899999997006,0.4846206718104366,100.32945728947207
1294.0,533.0,196.0,456.0,517.0,171.0,529.0,533.266825,196.13111700000002,455.38739599999997,-0.26682500000003984,-0.13111700000001747,0.612604000000033,0.6809338507741162,78.80355321938218
1295.0,462.0,268.0,457.0,434.0,257.0,503.0,462.759493,267.324963,457.58005499999996,-0.7594930000000204,0.6750369999999748,-0.5800549999999589,1.1700292182005325,54.96362433464518
1296.0,403.0,166.0,458.0,367.0,132.0,482.0,404.1269730000001,165.623362,457.45847599999996,-1.1269730000000777,0.376638000000014,0.5415240000000381,1.3058225638842464,55.02726596879042
1297.0,565.0,200.0,458.0,553.0,176.0,544.0,565.1901270000001,199.83795199999997,457.73824399999995,-0.19012700000007499,0.16204800000002706,0.26175600000004806,0.36183426312203,90.08884503644167
1298.0,513.0,283.0,458.0,491.0,276.0,523.0,512.426442,282.313851,458.49610499999994,0.5735580000000482,0.6861490000000003,-0.4961049999999432,1.022687342539253,68.97825744392213
1299.0,569.0,241.0,459.0,557.0,226.0,547.0,569.520028,240.713275,459.51400499999994,-0.5200280000000248,0.2867249999999899,-0.5140049999999405,0.7853925683592625,90.07219326740079
1300.0,604.0,263.0,459.0,597.0,253.0,559.0,603.964845,262.445491,458.70806799999997,0.03515500000003158,0.5545089999999959,0.29193200000003117,0.627646714107559,100.74224535913422
1301.0,198.0,290.0,460.0,127.0,281.0,403.0,198.377709,289.928951,459.866498,-0.37770900000001006,0.07104900000001635,0.13350200000002133,0.4068597216314434,91.49316914393118
1302.0,573.0,241.0,462.0,560.0,226.0,551.0,572.892348,240.647399,461.842386,0.10765200000003006,0.35260099999999284,0.15761400000002368,0.400947117836017,91.18662182579197
1303.0,491.0,132.0,464.0,465.0,92.0,524.0,490.86035100000004,131.808924,464.24539599999997,0.13964899999996305,0.19107600000000957,-0.24539599999997108,0.3409267924246775,76.6550715869472
1304.0,552.0,140.0,464.0,535.0,102.0,547.0,551.330944,139.319547,464.02821499999993,0.669055999999955,0.680453,-0.028214999999931933,0.9546980164271506,92.85472524325297
1305.0,565.0,310.0,464.0,550.0,311.0,551.0,565.870703,310.292619,465.262841,-0.8707030000000486,-0.29261900000000196,-1.2628409999999803,1.5615751613838624,88.28929719960398
1306.0,444.0,71.0,465.0,411.0,17.0,508.0,444.072082,70.907408,465.11559099999994,-0.07208200000002307,0.09259199999999623,-0.11559099999993805,0.16471300030352282,76.51143705355429
1307.0,479.0,140.0,470.0,449.0,102.0,526.0,479.03555100000005,140.06160599999998,470.05214399999994,-0.035551000000054955,-0.061605999999983396,-0.05214399999994157,0.08819393161094344,74.02702209328699
1308.0,533.0,176.0,472.0,510.0,147.0,548.0,532.56058,176.289448,471.7346979999999,0.439420000000041,-0.28944799999999304,0.26530200000007653,0.5892836603097634,84.53401682163222
1309.0,456.0,244.0,472.0,421.0,230.0,517.0,456.062946,245.122253,471.57229099999995,-0.06294600000001083,-1.1222530000000006,0.42770900000004985,1.202642500332516,58.70264048575669
1310.0,411.0,213.0,473.0,367.0,191.0,502.0,409.85227800000007,213.68140999999997,473.56791499999997,1.1477219999999306,-0.6814099999999712,-0.5679149999999709,1.4505560398029331,57.105166141076936
1311.0,451.0,154.0,474.0,415.0,119.0,519.0,450.94245100000006,154.256803,473.61006799999996,0.05754899999993768,-0.2568029999999908,0.38993200000004435,0.4704323892272116,67.42403132415029
1312.0,466.0,192.0,474.0,432.0,165.0,525.0,466.12007100000005,191.747321,474.301003,-0.12007100000005266,0.25267900000000054,-0.30100299999998015,0.41093372712762455,66.9776081985614
1313.0,435.0,164.0,476.0,396.0,131.0,516.0,435.50270000000006,164.224984,476.33088399999997,-0.5027000000000612,-0.2249840000000063,-0.3308839999999691,0.6425023826508692,64.88451279003334
1314.0,494.0,294.0,476.0,463.0,290.0,537.0,494.43493,293.762113,476.781617,-0.4349300000000085,0.23788700000000063,-0.7816169999999829,0.9255698052324206,68.54195795277518
1315.0,323.0,130.0,478.0,266.0,88.0,474.0,323.17073300000004,130.268466,477.052665,-0.1707330000000411,-0.26846599999998944,0.9473350000000096,0.9993334541933571,70.9154426059656
1316.0,396.0,84.0,479.0,351.0,32.0,504.0,396.53774300000003,83.57514400000001,477.73857399999997,-0.5377430000000345,0.42485599999999124,1.2614260000000286,1.4355715615256182,73.17103251970687
1317.0,563.0,103.0,479.0,542.0,57.0,570.0,562.3599160000001,102.15743,479.64327,0.640083999999888,0.8425699999999949,-0.6432699999999727,1.2383166092949787,104.10571550111935
1318.0,365.0,175.0,479.0,312.0,143.0,491.0,363.8262270000001,174.829023,478.843819,1.173772999999926,0.1709769999999935,0.15618100000000368,1.1963982174923302,63.06346010171025
1319.0,373.0,186.0,480.0,322.0,157.0,495.0,372.76160100000004,186.18535500000002,479.48943499999996,0.2383989999999585,-0.18535500000001548,0.5105650000000423,0.5931839330688494,60.55575942881073
1320.0,501.0,161.0,481.0,470.0,128.0,547.0,501.04915400000004,160.972139,481.16412599999995,-0.04915400000004411,0.027861000000001468,-0.16412599999995336,0.1735790739489905,80.03749121505496
1321.0,512.0,165.0,481.0,483.0,133.0,551.0,512.236469,164.943323,480.943342,-0.23646900000005644,0.05667700000000764,0.05665800000002719,0.24967979344358374,82.24962005991274
1322.0,490.0,239.0,482.0,456.0,223.0,543.0,489.96624700000007,238.87579499999998,482.61276699999996,0.03375299999993331,0.12420500000001766,-0.6127669999999625,0.626138597534886,71.64495795239188
1323.0,380.0,174.0,484.0,327.0,141.0,503.0,378.58810900000003,172.960171,484.25105799999994,1.4118909999999687,1.0398289999999974,-0.2510579999999436,1.7713584234947704,65.26101439603893
1324.0,466.0,311.0,484.0,427.0,311.0,534.0,465.86395000000005,311.19440199999997,484.005431,0.1360499999999547,-0.1944019999999682,-0.005430999999987307,0.2373420229646979,63.41135544995076
1325.0,448.0,66.0,485.0,407.0,11.0,532.0,447.1570880000001,65.72408,484.742445,0.8429119999998989,0.2759199999999993,0.25755500000002485,0.9235621604249721,83.15647900193947
1326.0,407.0,281.0,486.0,358.0,273.0,514.0,406.70441200000005,280.718046,486.02252599999997,0.29558799999995244,0.2819539999999847,-0.022525999999970736,0.40911825250893163,57.0
1327.0,478.0,295.0,486.0,439.0,292.0,542.0,477.10365700000006,295.473662,486.91971199999995,0.8963429999999448,-0.47366199999999026,-0.9197119999999472,1.3688157753462642,68.30812543175226
1328.0,511.0,302.0,486.0,479.0,301.0,555.0,511.65006500000004,302.457183,486.71642999999995,-0.6500650000000405,-0.45718299999998635,-0.7164299999999457,1.0699872637625003,76.06576102294646
1329.0,347.0,290.0,488.0,287.0,283.0,492.0,345.89328800000004,289.574664,487.469997,1.106711999999959,0.4253360000000157,0.530003000000022,1.2987014067324891,60.53924347066124
1330.0,582.0,314.0,489.0,561.0,317.0,585.0,583.3204790000001,314.72660499999995,488.87864199999996,-1.3204790000000912,-0.7266049999999495,0.12135800000004338,1.51206725367299,98.31581764904364
1331.0,475.0,315.0,490.0,435.0,315.0,545.0,474.978817,314.289421,490.512142,0.021183000000007723,0.7105789999999956,-0.512141999999983,0.8761624637554252,68.00735254367721
1332.0,482.0,318.0,490.0,443.0,319.0,547.0,481.75133500000004,317.49459099999996,490.02663599999994,0.24866499999995995,0.5054090000000429,-0.026635999999939486,0.5638989413024467,69.0724257573165
1333.0,373.0,180.0,491.0,316.0,151.0,509.0,371.689813,181.135697,491.866673,1.310186999999985,-1.1356969999999933,-0.8666729999999916,1.9384322891726011,66.43794096749237
1334.0,413.0,185.0,491.0,364.0,157.0,523.0,412.6867730000001,185.605783,490.33320499999996,0.31322699999992665,-0.6057830000000024,0.666795000000036,0.9537818244457194,64.87680633323437
1335.0,409.0,188.0,491.0,362.0,159.0,522.0,410.88995800000004,187.266686,490.09516799999994,-1.8899580000000356,0.7333140000000071,0.9048320000000558,2.2200026154453614,63.33245613427605
1336.0,388.0,278.0,493.0,333.0,270.0,515.0,387.51092800000004,278.390731,493.264321,0.48907199999996465,-0.3907310000000166,-0.26432099999999537,0.6795055015126632,59.77457653551382
1337.0,483.0,147.0,494.0,444.0,111.0,555.0,482.77699500000006,147.103103,493.968535,0.22300499999994372,-0.10310300000000439,0.03146500000002561,0.24769235930681716,80.85790004693419
1338.0,449.0,76.0,495.0,405.0,24.0,544.0,448.8406310000001,76.231488,494.710768,0.15936899999991283,-0.2314879999999988,0.2892320000000268,0.40328689803784495,83.91066678319271
1339.0,378.0,289.0,495.0,320.0,282.0,512.0,376.73372900000004,288.325072,494.42659499999996,1.2662709999999606,0.6749280000000226,0.5734050000000366,1.5452389280140377,60.844062980705026
1340.0,429.0,294.0,495.0,382.0,290.0,532.0,430.1891730000001,294.280148,493.937369,-1.1891730000000962,-0.28014799999999696,1.0626310000000103,1.619197322130397,59.94997914928745
1341.0,491.0,313.0,495.0,450.0,314.0,557.0,489.749514,313.239261,495.929062,1.2504860000000235,-0.23926099999999906,-0.9290619999999876,1.5761082647334337,74.3370701601832
1342.0,381.0,289.0,496.0,324.0,282.0,515.0,380.62288,288.26579499999997,495.718306,0.3771199999999908,0.7342050000000313,0.2816940000000159,0.8721398890436373,60.489668539346454
1343.0,482.0,294.0,496.0,442.0,290.0,554.0,482.54043500000006,293.67249,495.444035,-0.5404350000000591,0.32751000000001795,0.5559650000000147,0.8416827612290108,70.5691150575094
1344.0,468.0,155.0,497.0,426.0,120.0,552.0,468.08789100000007,154.60956800000002,496.40055099999995,-0.08789100000007011,0.3904319999999757,0.5994490000000496,0.7207642319830062,77.54998388136518
1345.0,419.0,292.0,497.0,368.0,288.0,532.0,419.29225500000007,292.721724,497.554605,-0.2922550000000683,-0.7217239999999947,-0.5546049999999809,0.955973442740964,61.98386886924694
1346.0,459.0,228.0,499.0,413.0,210.0,550.0,458.258523,228.38964600000003,499.09485599999994,0.7414769999999749,-0.38964600000002747,-0.0948559999999361,0.8429767538793533,71.0
1347.0,386.0,271.0,499.0,329.0,261.0,522.0,386.145052,270.95939,499.654611,-0.14505200000002105,0.040610000000015134,-0.6546109999999885,0.6717178098911717,62.27358990776106
1348.0,386.0,278.0,499.0,328.0,270.0,521.0,385.18703400000004,278.345497,499.224584,0.8129659999999603,-0.34549700000002304,-0.224583999999993,0.9114383507516832,62.545983084447556
1349.0,459.0,229.0,500.0,414.0,210.0,551.0,459.2958760000001,228.37176700000003,499.612012,-0.29587600000007797,0.6282329999999661,0.3879880000000071,0.795458357055232,70.61869440877535
1350.0,352.0,147.0,501.0,290.0,109.0,512.0,351.895974,146.860556,500.54449199999993,0.1040259999999762,0.13944399999999746,0.45550800000006575,0.48759981119362034,73.54590403278758
1351.0,462.0,229.0,501.0,416.0,212.0,554.0,461.648473,229.96115400000002,501.442599,0.35152699999997594,-0.9611540000000218,-0.4425989999999729,1.115025613269041,72.20803279414278
1352.0,495.0,275.0,501.0,455.0,268.0,565.0,495.311572,275.453317,500.40025499999996,-0.3115720000000124,-0.45331700000002684,0.5997450000000413,0.8137981805694097,75.79577824654879
1353.0,372.0,123.0,502.0,313.0,81.0,522.0,372.12488,123.68507,502.06814299999996,-0.12488000000001875,-0.6850699999999961,-0.06814299999996365,0.6996852061813186,75.13321502504735
1354.0,393.0,286.0,502.0,336.0,280.0,527.0,393.0534860000001,286.413863,501.904816,-0.05348600000007764,-0.4138629999999921,0.09518400000001748,0.42802257980275427,62.52999280345393
1355.0,425.0,292.0,502.0,373.0,287.0,539.0,424.99072700000005,291.789159,501.68452999999994,0.00927299999995057,0.21084100000001627,0.31547000000006165,0.3795539970940167,64.01562309311689
1356.0,352.0,148.0,503.0,289.0,110.0,514.0,351.64821900000004,147.66041,502.367756,0.35178099999995993,0.33958999999998696,0.6322440000000142,0.7992519725324305,74.39085965358916
1357.0,463.0,222.0,503.0,417.0,203.0,556.0,462.8667520000001,222.56280800000002,502.64953899999995,0.13324799999992365,-0.5628080000000182,0.35046100000005254,0.6762623654241281,72.70488291717415
1358.0,377.0,131.0,504.0,317.0,89.0,525.0,376.08455100000003,130.17532899999998,503.437302,0.9154489999999669,0.8246710000000235,0.5626980000000117,1.354532454039397,76.19055059520177
1359.0,456.0,226.0,505.0,408.0,208.0,556.0,455.9169990000001,226.70702800000004,505.035757,0.08300099999991062,-0.7070280000000366,-0.0357569999999896,0.7127806968724926,72.3118247591637
1360.0,362.0,140.0,507.0,299.0,101.0,524.0,361.94241400000004,140.113392,507.452187,0.05758599999995795,-0.1133920000000046,-0.4521869999999808,0.46973074843891033,76.01973427998811
1361.0,414.0,284.0,507.0,359.0,277.0,541.0,414.543811,283.656721,506.77814399999994,-0.5438110000000052,0.34327899999999545,0.22185600000005934,0.6802874100687362,65.0384501660364
1362.0,334.0,178.0,508.0,266.0,146.0,513.0,333.83218200000005,177.275281,507.91376999999994,0.16781799999995428,0.7247189999999932,0.08623000000005732,0.7488765739325706,75.31932023060219
1363.0,503.0,257.0,509.0,460.0,245.0,576.0,501.857158,256.460572,507.42484999999994,1.1428419999999733,0.5394279999999867,1.5751500000000647,2.0194474310187247,80.51086883148137
1364.0,500.0,271.0,510.0,457.0,263.0,578.0,500.205074,271.18947000000003,509.93220499999995,-0.20507400000002463,-0.18947000000002845,0.06779500000004646,0.28731583388499005,80.85171612278863
1365.0,529.0,282.0,510.0,489.0,276.0,591.0,528.570006,281.492879,511.84570299999996,0.4299939999999651,0.5071209999999837,-1.8457029999999577,1.961806849026121,90.53728513711906
1366.0,435.0,222.0,511.0,382.0,202.0,555.0,435.39945600000004,221.953755,510.95444,-0.39945600000004333,0.04624499999999898,0.04556000000002314,0.40469668834948064,71.72865536171719
1367.0,360.0,149.0,512.0,295.0,111.0,528.0,359.96324000000004,148.27391599999999,511.695677,0.03675999999995838,0.7260840000000144,0.3043230000000108,0.7881381611018619,76.97402159170326
1368.0,418.0,150.0,512.0,361.0,113.0,552.0,417.5152060000001,149.245324,513.216989,0.48479399999990846,0.7546759999999892,-1.2169890000000123,1.5118278055165295,78.85429601486528
1369.0,512.0,288.0,513.0,470.0,285.0,586.0,512.583288,289.029462,512.9836499999999,-0.5832880000000387,-1.0294620000000236,0.016350000000102227,1.18333605661625,84.27336471270148
1370.0,416.0,231.0,515.0,357.0,212.0,552.0,415.2795230000001,230.31839199999996,515.214436,0.720476999999903,0.6816080000000397,-0.21443599999997787,1.014721326911436,72.18725649309579
1371.0,417.0,232.0,515.0,358.0,213.0,552.0,416.06543000000005,231.131444,514.9643599999999,0.934569999999951,0.8685560000000123,0.035640000000057626,1.276354503903964,72.18725649309579
1372.0,388.0,144.0,517.0,326.0,108.0,546.0,388.71134500000005,145.422698,517.5986009999999,-0.7113450000000512,-1.422697999999997,-0.5986009999999169,1.6995306603383078,77.33692520394123
1373.0,386.0,275.0,517.0,323.0,267.0,544.0,387.26113200000003,275.636124,518.363325,-1.261132000000032,-0.6361239999999952,-1.3633250000000317,1.96310028282438,69.00724599634447
1374.0,421.0,215.0,519.0,362.0,193.0,558.0,420.55906400000003,214.66161,518.39319,0.44093599999996513,0.33839000000000397,0.6068099999999959,0.8228916844250931,74.06753674856482
1375.0,555.0,68.0,520.0,518.0,15.0,615.0,555.051223,67.356971,520.431921,-0.05122300000004998,0.6430289999999985,-0.43192099999998845,0.7763155549201582,114.90430801323335
1376.0,458.0,117.0,520.0,407.0,75.0,576.0,459.1727320000001,117.581852,519.5462009999999,-1.17273200000011,-0.5818519999999978,0.4537990000001173,1.3855632883882865,86.6083136886985
1377.0,404.0,212.0,520.0,342.0,189.0,553.0,403.68065900000005,211.560837,519.665041,0.3193409999999517,0.43916300000000774,0.3349590000000262,0.6379971367733507,73.90534486760751
1378.0,330.0,150.0,521.0,257.0,113.0,527.0,330.19111300000003,150.137859,520.808892,-0.19111300000002984,-0.13785899999999174,0.19110799999998562,0.30339998403757973,82.06095295571457
1379.0,566.0,261.0,521.0,528.0,251.0,616.0,565.162744,260.499644,520.89598,0.8372560000000249,0.5003560000000107,0.10401999999999134,0.980904631792536,102.80564186852781
1380.0,364.0,236.0,522.0,297.0,219.0,538.0,365.07205400000004,236.55898200000001,519.990841,-1.072054000000037,-0.5589820000000145,2.009158999999954,2.3448839081116386,70.95068710026705
1381.0,370.0,239.0,522.0,303.0,222.0,541.0,370.54183400000005,238.944501,520.7920809999999,-0.5418340000000512,0.05549899999999752,1.2079190000000608,1.3250405779138246,71.68681887209112
1382.0,552.0,64.0,523.0,514.0,11.0,617.0,552.428117,64.080285,522.986051,-0.42811700000004294,-0.08028500000000349,0.01394900000002508,0.43580319126302647,114.4071676076285
1383.0,456.0,112.0,523.0,403.0,68.0,579.0,456.78344200000004,111.836851,522.848201,-0.7834420000000364,0.1631490000000042,0.1517989999999827,0.8145194288450418,88.77499647986475
1384.0,500.0,124.0,523.0,453.0,84.0,596.0,500.20351900000003,124.44586000000001,523.222768,-0.20351900000002843,-0.44586000000001036,-0.22276799999997365,0.5383648435633674,95.5928867646542
1385.0,499.0,305.0,524.0,451.0,303.0,591.0,499.2785150000001,303.811883,521.977856,-0.278515000000084,1.188116999999977,2.0221440000000257,2.3618338145708084,82.44392033376384
1386.0,525.0,279.0,525.0,480.0,273.0,603.0,524.6728650000001,278.940695,523.477429,0.3271349999998847,0.059304999999994834,1.5225709999999708,1.5584469324589898,90.24965373894794
1387.0,450.0,284.0,525.0,394.0,279.0,576.0,450.86879600000003,284.66834,524.897966,-0.8687960000000317,-0.6683400000000006,0.10203400000000329,1.1008613819968691,75.90783885739337
1388.0,519.0,286.0,525.0,473.0,282.0,604.0,519.5728170000001,286.336164,526.15977,-0.5728170000001,-0.3361639999999966,-1.1597699999999804,1.3364849431568868,91.50409826887537
1389.0,461.0,284.0,527.0,405.0,278.0,582.0,460.96955900000006,283.714174,526.6924359999999,0.030440999999939322,0.2858259999999859,0.30756400000007034,0.4209735987601022,78.7210264160726
1390.0,432.0,178.0,529.0,372.0,150.0,575.0,432.375376,179.19339100000002,528.5868579999999,-0.37537600000001703,-1.1933910000000196,0.41314200000010715,1.3174883424232444,80.62257748298549
1391.0,495.0,121.0,531.0,444.0,79.0,604.0,495.24770400000006,120.305248,531.72748,-0.24770400000005566,0.694751999999994,-0.7274800000000141,1.0359849243690953,98.45811292118086
1392.0,555.0,148.0,531.0,514.0,115.0,625.0,555.4269650000001,149.126341,530.208179,-0.4269650000001093,-1.1263409999999965,0.7918210000000272,1.4415004875292718,107.73114684249862
1393.0,352.0,149.0,532.0,278.0,111.0,548.0,351.95789600000006,148.12501600000002,531.6498059999999,0.04210399999993797,0.8749839999999836,0.35019400000010137,0.9434010730903569,84.71127433818948
1394.0,403.0,214.0,532.0,336.0,192.0,566.0,402.427945,213.89164599999998,531.352495,0.5720549999999776,0.10835400000001982,0.6475050000000238,0.8707756527177418,78.28793010419933
1395.0,513.0,310.0,532.0,463.0,311.0,608.0,513.098576,310.085676,532.145741,-0.09857599999998001,-0.0856759999999781,-0.14574100000004364,0.19569886007078588,90.97801932335085
1396.0,522.0,238.0,534.0,474.0,223.0,614.0,522.4324340000001,237.905306,533.0979639999999,-0.4324340000000575,0.09469400000000405,0.9020360000000665,1.004805982908228,94.49338601193207
1397.0,387.0,253.0,534.0,317.0,239.0,562.0,387.03645800000004,252.52628599999997,533.635233,-0.03645800000003874,0.4737140000000295,0.36476700000002893,0.5989900699085519,76.68115805072325
1398.0,432.0,170.0,535.0,370.0,139.0,582.0,432.546054,170.113386,534.438272,-0.5460540000000265,-0.11338599999999133,0.5617280000000164,0.7915615591323555,83.74962686484042
1399.0,439.0,172.0,535.0,376.0,142.0,584.0,437.7555730000001,172.511144,534.462599,1.2444269999999165,-0.5111440000000016,0.5374010000000453,1.4486775285983566,85.26429498916883
1400.0,389.0,268.0,536.0,318.0,258.0,566.0,389.022079,268.026838,536.667067,-0.022079000000019278,-0.02683799999999792,-0.6670669999999745,0.6679716633016455,77.72387020729218
1401.0,312.0,124.0,537.0,229.0,82.0,539.0,311.28240400000004,124.76945900000001,537.104933,0.7175959999999577,-0.7694590000000119,-0.10493299999995997,1.0573656446026367,93.04300081145277
1402.0,542.0,178.0,537.0,497.0,150.0,630.0,543.826231,177.815246,538.847448,-1.826231000000007,0.1847539999999981,-1.8474479999999858,2.6042883516578907,107.0420478129973
1403.0,555.0,257.0,538.0,509.0,247.0,632.0,554.526912,257.136212,538.2232469999999,0.47308799999996154,-0.13621200000000044,-0.22324699999990116,0.540560068537179,105.1284928076114
1404.0,365.0,234.0,539.0,289.0,216.0,560.0,364.55461500000007,233.87876800000004,539.13194,0.44538499999993064,0.12123199999996359,-0.13193999999998596,0.4800762019189513,80.876448982383
1405.0,498.0,155.0,540.0,443.0,122.0,613.0,497.19200600000005,155.404493,539.3957369999999,0.807993999999951,-0.4044930000000022,0.60426300000006,1.087015484827146,97.17509969122749
1406.0,427.0,243.0,540.0,361.0,228.0,585.0,427.117544,242.991017,539.968433,-0.11754400000000942,0.00898300000000063,0.03156699999999546,0.12204000046706792,81.2773031048644
1407.0,426.0,224.0,541.0,359.0,205.0,586.0,425.620876,224.160142,541.042197,0.37912399999999025,-0.16014200000000756,-0.042196999999987383,0.41371615190731187,82.915619758885
1408.0,519.0,286.0,541.0,466.0,282.0,621.0,518.5576100000001,286.167581,541.18559,0.4423899999999321,-0.16758099999998421,-0.18559000000004744,0.5081692156761882,96.04686356149273
1409.0,315.0,123.0,543.0,232.0,80.0,547.0,315.67813800000005,123.01724300000001,542.521604,-0.6781380000000468,-0.01724300000000767,0.4783959999999752,0.8300790329294193,93.56281312572854
1410.0,503.0,169.0,543.0,450.0,137.0,620.0,504.58570199999997,167.55972000000003,543.161044,-1.5857019999999693,1.440279999999973,-0.16104399999994712,2.148206805952306,98.80283396745257
1411.0,514.0,264.0,543.0,461.0,255.0,623.0,514.9546670000001,264.066619,543.776814,-0.9546670000000859,-0.06661900000000287,-0.7768139999999448,1.2325855599698052,96.38464608017192
1412.0,544.0,260.0,547.0,493.0,250.0,638.0,543.681451,259.609094,547.06988,0.3185489999999618,0.39090599999997266,-0.06988000000001193,0.5090817033020888,104.7950380504726
1413.0,540.0,288.0,547.0,490.0,284.0,637.0,541.389624,287.473781,547.401392,-1.3896240000000262,0.526219000000026,-0.4013919999999871,1.5391805725778536,103.03397497913006
1414.0,509.0,294.0,547.0,454.0,292.0,624.0,510.101439,294.385464,546.730223,-1.1014390000000276,-0.38546400000001313,0.2697769999999764,1.1977186630198504,94.64671151181112
1415.0,290.0,109.0,548.0,200.0,62.0,544.0,289.87174100000004,108.497984,548.328831,0.12825899999995727,0.5020159999999976,-0.3288310000000365,0.6136776530867085,101.61200716450787
1416.0,294.0,131.0,551.0,204.0,88.0,548.0,294.25034300000004,129.71246000000002,550.649161,-0.2503430000000435,1.2875399999999786,0.35083899999995083,1.3577624509353365,99.7897790357309
1417.0,498.0,256.0,551.0,438.0,245.0,624.0,497.253662,255.99718000000001,550.4313279999999,0.7463379999999802,0.002819999999985612,0.568672000000106,0.9383049644055449,95.13148795220224
1418.0,499.0,264.0,551.0,439.0,255.0,626.0,498.639426,264.153982,551.8222069999999,0.3605739999999855,-0.15398199999998496,-0.8222069999999349,0.9109052731480248,96.46761114488116
1419.0,528.0,282.0,551.0,473.0,278.0,636.0,527.8659090000001,282.66974799999997,550.982262,0.13409099999989849,-0.66974799999997,0.01773800000000847,0.6832696513302291,101.32127121192272
1420.0,496.0,267.0,554.0,437.0,257.0,627.0,497.363133,265.790407,553.1379959999999,-1.3631330000000048,1.209592999999984,0.8620040000000699,2.0160103415791535,94.39279633531363
1421.0,492.0,110.0,556.0,430.0,67.0,632.0,491.54994400000004,110.217212,557.0014699999999,0.45005599999996093,-0.2172120000000035,-1.0014699999999266,1.119229027938348,107.09341716464182
1422.0,349.0,232.0,556.0,265.0,214.0,573.0,349.27017000000006,232.21763700000002,555.446615,-0.2701700000000642,-0.21763700000002473,0.5533850000000484,0.6531406057611937,87.5728268357257
1423.0,476.0,71.0,560.0,412.0,18.0,630.0,476.609831,70.22730200000001,559.648901,-0.6098309999999856,0.7726979999999912,0.3510989999999765,1.0450964336203392,108.65081684000356
1424.0,526.0,281.0,561.0,467.0,276.0,647.0,526.0485980000001,280.931575,561.067485,-0.04859800000008363,0.06842499999999063,-0.06748500000003332,0.10769387844260854,104.41264291262816
1425.0,527.0,282.0,561.0,468.0,277.0,648.0,527.094766,281.732388,561.5943219999999,-0.09476600000004964,0.26761199999998553,-0.5943219999999201,0.6586466556385956,105.23782589924595
1426.0,349.0,226.0,563.0,261.0,206.0,581.0,348.17337000000003,225.59274899999997,562.623499,0.826629999999966,0.40725100000003067,0.376500999999962,0.9954514236776901,92.02173656261873
1427.0,411.0,171.0,572.0,331.0,141.0,618.0,411.626492,171.530126,572.557025,-0.6264919999999847,-0.5301259999999957,-0.5570249999999533,0.9918682637149573,97.03607576566563
1428.0,441.0,144.0,573.0,365.0,108.0,630.0,440.879857,144.174662,572.7287699999999,0.12014299999998457,-0.17466200000001209,0.2712300000000596,0.3442482644735233,101.59232254457027
1429.0,365.0,184.0,575.0,276.0,155.0,603.0,365.10592700000007,183.485599,575.325499,-0.10592700000006516,0.5144009999999923,-0.3254990000000362,0.617882284202282,97.70363350459388
1430.0,513.0,219.0,575.0,446.0,201.0,659.0,512.191673,219.50124699999998,575.1192629999999,0.8083269999999629,-0.501246999999978,-0.11926299999993262,0.9585743357230581,108.94494022211403
1431.0,498.0,133.0,578.0,428.0,95.0,657.0,496.74910500000004,132.845893,577.2148769999999,1.2508949999999572,0.15410700000001043,0.7851230000001124,1.4848923845191855,112.18288639538564
1432.0,403.0,172.0,579.0,319.0,141.0,623.0,403.60269300000004,171.536611,579.5586739999999,-0.6026930000000448,0.4633890000000065,-0.5586739999998827,0.9434430856421223,99.76472322419383
1433.0,378.0,248.0,579.0,290.0,235.0,612.0,379.03276400000004,248.79184800000002,579.455598,-1.0327640000000429,-0.7918480000000159,-0.45559800000000905,1.3788380152882795,94.87887014504336
1434.0,431.0,149.0,581.0,351.0,114.0,636.0,431.61502500000006,149.09234,581.084932,-0.6150250000000597,-0.0923400000000072,-0.08493199999998069,0.6276909039081826,103.19883720275146
1435.0,493.0,245.0,584.0,420.0,232.0,660.0,492.52080700000005,245.01510000000002,582.949969,0.47919299999995246,-0.015100000000018099,1.05003099999999,1.1543045708173965,106.17909398747005
1436.0,491.0,309.0,584.0,417.0,310.0,658.0,490.356579,308.914474,582.930532,0.6434209999999894,0.08552600000001576,1.069468000000029,1.2510264117679735,104.65658125507444
1437.0,500.0,220.0,586.0,427.0,202.0,667.0,499.517828,220.329187,586.2796309999999,0.4821719999999914,-0.32918699999999035,-0.27963099999988117,0.6473387171442158,110.51696702316798
1438.0,499.0,221.0,586.0,426.0,203.0,667.0,498.74955100000005,221.15351900000002,586.5490689999999,0.2504489999999464,-0.15351900000001706,-0.5490689999999177,0.6227114514146083,110.51696702316798
1439.0,489.0,234.0,588.0,414.0,218.0,665.0,489.0361500000001,233.52605699999998,588.257542,-0.0361500000000774,0.47394300000001977,-0.257541999999944,0.5406076872492617,108.67382389517726
1440.0,432.0,115.0,590.0,348.0,72.0,647.0,431.77639000000005,114.589567,590.0036439999999,0.22360999999995101,0.4104329999999976,-0.0036439999998947314,0.4674077003270008,110.24518130059019
1441.0,323.0,182.0,591.0,221.0,152.0,605.0,322.85994400000004,181.315245,591.136917,0.14005599999995866,0.6847549999999956,-0.13691700000003948,0.7122158086212305,107.23805294763608
1442.0,427.0,214.0,591.0,341.0,193.0,644.0,426.6225780000001,213.72749600000003,590.662605,0.37742199999991044,0.27250399999996944,0.337395000000015,0.5749271102713159,103.17945531936094
1443.0,490.0,244.0,592.0,412.0,235.0,671.0,489.19338700000003,247.381667,593.6031109999999,0.8066129999999703,-3.381666999999993,-1.603110999999899,3.8283496586621473,111.3822247937255
1444.0,429.0,121.0,593.0,344.0,79.0,650.0,429.51051000000007,120.306254,593.441178,-0.5105100000000675,0.6937460000000044,-0.44117800000003626,0.9677510011878608,110.62549434917794
1445.0,410.0,181.0,593.0,322.0,152.0,640.0,410.455371,180.31724,592.093415,-0.45537100000001374,0.6827600000000018,0.90658499999995,1.2228737986668634,103.89417693018218
1446.0,351.0,258.0,595.0,252.0,247.0,620.0,351.69113600000003,258.73256,595.65784,-0.6911360000000286,-0.7325599999999781,-0.6578399999999647,1.2029408088912608,102.69858811103491
1447.0,462.0,290.0,595.0,380.0,287.0,661.0,462.18221300000005,290.256521,594.649617,-0.18221300000004703,-0.25652100000002065,0.35038299999996525,0.47092764571535123,105.30432089900205
1448.0,431.0,126.0,596.0,345.0,86.0,654.0,431.390351,125.982502,596.3568399999999,-0.39035100000000966,0.017498000000003344,-0.3568399999999201,0.5291643117264718,111.17553687749837
1449.0,443.0,266.0,606.0,354.0,257.0,666.0,443.014676,265.781206,604.9974339999999,-0.014676000000008571,0.2187940000000026,1.0025660000001153,1.0262674036371966,107.71258050942797
1450.0,451.0,222.0,608.0,364.0,203.0,674.0,452.391674,221.417526,608.092394,-1.3916740000000232,0.5824739999999906,-0.09239400000001297,1.5114791213205878,110.84223021935277
1451.0,340.0,299.0,613.0,231.0,295.0,635.0,339.69923900000003,297.964631,613.2311199999999,0.30076099999996586,1.0353690000000029,-0.23111999999991895,1.1026615979900396,111.26994203287786
1452.0,402.0,210.0,614.0,304.0,187.0,663.0,402.76224300000007,208.79148300000003,614.976875,-0.7622430000000691,1.208516999999972,-0.97687499999995,1.7308415571515898,111.95534824205586
1453.0,291.0,270.0,115.0,366.0,252.0,38.0,288.8517970000001,269.306158,113.93058099999998,2.14820299999991,0.6938420000000178,1.0694190000000248,2.4979691446720658,108.98623766329398
1454.0,527.0,119.0,174.0,618.0,72.0,204.0,526.295607,118.48864400000001,175.69679499999998,0.7043929999999818,0.5113559999999922,-1.6967949999999803,1.9070311295859592,106.72394295564608
1455.0,429.0,272.0,182.0,501.0,259.0,172.0,428.69589600000006,272.635576,183.03749499999998,0.3041039999999384,-0.6355760000000146,-1.0374949999999785,1.254125978367778,73.84443106964804
1456.0,547.0,81.0,197.0,636.0,32.0,240.0,549.300059,85.19884,198.60279699999995,-2.300059000000033,-4.198840000000004,-1.6027969999999527,5.04871141701425,110.32225523438143
1457.0,186.0,175.0,208.0,212.0,140.0,104.0,185.36957500000003,177.67344,204.12514499999997,0.630424999999974,-2.6734399999999994,3.874855000000025,4.7496545543070985,112.76967677527502
1458.0,567.0,169.0,219.0,648.0,134.0,268.0,566.811601,168.295052,218.22673899999998,0.18839900000000398,0.7049480000000017,0.7732610000000193,1.0631925695874824,100.93066927351666
1459.0,220.0,171.0,227.0,244.0,134.0,142.0,220.073547,172.115726,225.277529,-0.0735469999999907,-1.115725999999995,1.722471000000013,2.053572500333512,95.7601169589929
1460.0,148.0,154.0,228.0,162.0,112.0,118.0,149.911809,154.860718,227.718709,-1.9118090000000052,-0.8607179999999914,0.28129100000001017,2.1154133767862042,118.5748708622531
1461.0,571.0,152.0,234.0,647.0,114.0,288.0,571.063429,151.682072,233.83113599999996,-0.06342900000004192,0.3179279999999949,0.16886400000004187,0.36553591030296356,100.67770358922576
1462.0,547.0,175.0,240.0,618.0,142.0,288.0,548.774581,174.76900799999999,241.635157,-1.774581000000012,0.23099200000001474,-1.6351569999999924,2.4240943554808307,91.83681179135085
1463.0,185.0,189.0,251.0,194.0,153.0,157.0,185.290347,187.76928900000001,250.10301299999998,-0.290346999999997,1.2307109999999852,0.8969870000000242,1.5503343588074816,101.05938848023968
1464.0,494.0,102.0,261.0,548.0,52.0,292.0,494.625835,101.432572,262.054509,-0.625834999999995,0.5674280000000067,-1.054508999999996,1.351159951112374,79.85612061701971
1465.0,585.0,141.0,261.0,650.0,100.0,326.0,583.1612130000001,139.738382,262.43902499999996,1.8387869999999111,1.2616179999999986,-1.4390249999999583,2.6539801355544372,100.65286881157436
1466.0,121.0,223.0,262.0,112.0,196.0,150.0,120.12602100000001,223.52119800000003,266.38097899999997,0.8739789999999914,-0.5211980000000267,-4.380978999999968,4.497606435214816,115.55950847939775
1467.0,150.0,77.0,297.0,135.0,19.0,199.0,149.191671,77.883283,296.76176799999996,0.8083289999999863,-0.8832830000000058,0.23823200000003908,1.220794461059685,114.8607853011636
1468.0,472.0,272.0,345.0,486.0,260.0,380.0,471.18261900000005,270.993156,348.541435,0.8173809999999548,1.006844000000001,-3.5414349999999786,3.7714199446258667,39.56008088970496
1469.0,446.0,275.0,378.0,446.0,264.0,403.0,446.120202,274.212027,376.839438,-0.12020200000000614,0.7879730000000222,1.1605620000000272,1.4079254686868548,27.313000567495326
1470.0,486.0,279.0,383.0,489.0,269.0,425.0,485.30497500000007,277.79370900000004,382.810378,0.6950249999999301,1.2062909999999647,0.18962199999998575,1.4050459886387392,43.278170016764804
1471.0,521.0,183.0,393.0,528.0,156.0,452.0,521.642515,184.7311,392.562553,-0.6425150000000031,-1.7310999999999979,0.4374470000000201,1.8976018057100428,65.26101439603893
1472.0,570.0,303.0,393.0,582.0,300.0,468.0,569.039019,302.122364,392.360347,0.960980999999947,0.8776359999999954,0.6396530000000098,1.4501328874506305,76.01315675591957
1473.0,611.0,275.0,406.0,624.0,268.0,500.0,609.723155,275.29569200000003,406.00197699999995,1.2768449999999802,-0.29569200000003093,-0.0019769999999539323,1.3106375629509357,95.15250916292223
1474.0,613.0,276.0,408.0,626.0,268.0,504.0,612.318383,275.235456,408.59011499999997,0.6816169999999602,0.7645440000000008,-0.5901149999999689,1.182101931243626,97.205966895042
1475.0,444.0,111.0,416.0,430.0,66.0,452.0,444.69414900000004,111.60154,417.14744899999994,-0.6941490000000385,-0.60154,-1.1474489999999378,1.4698069306551493,59.30430001273095
1476.0,589.0,103.0,418.0,598.0,56.0,512.0,590.7731150000001,101.73276000000001,420.02624299999997,-1.7731150000000753,1.2672399999999868,-2.0262429999999654,2.975818327094934,105.47985589675405
1477.0,440.0,267.0,419.0,421.0,255.0,450.0,438.845834,266.409566,419.76114499999994,1.1541659999999752,0.5904340000000161,-0.7611449999999422,1.503347323454189,38.28837943815329
1478.0,482.0,261.0,426.0,470.0,249.0,474.0,483.11671600000005,260.927318,425.62087799999995,-1.1167160000000536,0.07268199999998615,0.37912200000005214,1.1815543951355592,50.91168824543142
1479.0,526.0,296.0,458.0,508.0,294.0,526.0,526.5764590000001,296.91771,456.58523299999996,-0.5764590000001135,-0.9177099999999996,1.4147670000000403,1.782151028131523,70.37044834303673
1480.0,428.0,255.0,480.0,382.0,240.0,516.0,425.58424700000006,253.54137199999997,481.02271099999996,2.4157529999999383,1.458628000000033,-1.0227109999999584,3.001565589640465,60.30754513325841
1481.0,441.0,167.0,495.0,396.0,134.0,538.0,441.25488700000005,166.41180200000002,493.45201299999997,-0.2548870000000534,0.5881979999999771,1.5479870000000346,1.6754724772857676,70.44856279584417
1482.0,532.0,267.0,499.0,494.0,256.0,574.0,527.854729,265.298902,497.14577699999995,4.14527099999998,1.7010980000000018,1.8542230000000473,4.8492421060176,84.7938677028003
1483.0,498.0,287.0,504.0,456.0,280.0,570.0,497.49574900000005,285.210786,504.14123499999994,0.5042509999999538,1.7892140000000154,-0.14123499999993783,1.864270134401662,78.54298186343577
1484.0,425.0,222.0,511.0,373.0,204.0,551.0,427.3822140000001,223.690855,510.203963,-2.38221400000009,-1.690854999999999,0.7960370000000125,3.0278059842384955,68.0294054067798
1485.0,424.0,213.0,526.0,362.0,192.0,570.0,423.673381,213.69605,527.706465,0.3266189999999938,-0.6960500000000138,-1.7064649999999801,1.8716806271065445,78.87331614684399
1486.0,549.0,263.0,538.0,504.0,252.0,628.0,549.644483,261.306828,536.4627849999999,-0.6444830000000366,1.6931720000000041,1.5372150000000602,2.375967111535479,101.22252713699653
1487.0,546.0,288.0,547.0,498.0,286.0,637.0,547.62399,289.066045,545.3426979999999,-1.623990000000049,-1.0660449999999742,1.6573020000000724,2.5535162778665312,102.0196059588548
1488.0,506.0,121.0,549.0,452.0,82.0,632.0,508.778193,122.373512,551.4320309999999,-2.7781929999999875,-1.3735120000000052,-2.432030999999938,3.9395007734932155,106.42368157510809
1489.0,420.0,84.0,559.0,346.0,34.0,606.0,419.216535,83.99235,558.301847,0.7834649999999783,0.007649999999998158,0.6981530000000475,1.0494253380465102,100.92076099594176
1490.0,339.0,270.0,578.0,246.0,264.0,592.0,339.89113100000003,273.026856,575.627395,-0.8911310000000299,-3.0268560000000093,2.3726050000000214,3.9478128362325147,94.23905772024676
1491.0,366.0,207.0,580.0,278.0,186.0,608.0,368.234681,208.792576,578.990661,-2.2346810000000232,-1.7925759999999968,1.0093389999999545,3.0374155304235213,94.70480452437458
1492.0,433.0,151.0,588.0,348.0,114.0,644.0,431.36583700000006,149.011348,588.0795069999999,1.634162999999944,1.9886520000000019,-0.07950699999992139,2.575178993919027,108.30512453249847
1493.0,467.0,295.0,594.0,387.0,293.0,663.0,468.195269,295.104715,594.44323,-1.1952689999999961,-0.10471499999999878,-0.44322999999997137,1.2790957925370425,105.66456359631643
1494.0,334.0,140.0,98.0,426.0,96.0,38.0,334.1021770000001,141.251806,96.83492499999998,-0.102177000000097,-1.2518059999999878,1.1650750000000158,1.7131427718056738,118.32159566199232
1495.0,308.0,152.0,120.0,388.0,108.0,54.0,308.8426370000001,151.094606,119.25247099999999,-0.8426370000000816,0.9053940000000011,0.7475290000000143,1.445190304024408,112.6587768440613
1496.0,296.0,262.0,120.0,372.0,244.0,48.0,296.046439,262.600392,120.06372099999999,-0.04643900000002077,-0.6003919999999994,-0.06372099999998682,0.6055472733205886,106.22617379911601
1497.0,252.0,86.0,130.0,318.0,28.0,44.0,251.138387,86.11643600000001,128.89185099999997,0.8616130000000055,-0.11643600000000731,1.1081490000000258,1.408519971482857,122.94714311442947
1498.0,456.0,228.0,144.0,550.0,202.0,136.0,456.901553,226.13437600000003,141.78871699999996,-0.9015529999999785,1.8656239999999684,2.211283000000037,3.030366846979753,97.85703858180054
1499.0,244.0,274.0,148.0,300.0,258.0,60.0,243.342357,274.32129199999997,148.22471499999997,0.6576430000000073,-0.32129199999997127,-0.2247149999999749,0.7656498520459466,105.52724766618336
1500.0,190.0,86.0,156.0,236.0,28.0,52.0,189.498931,86.48100400000001,156.40722899999997,0.5010690000000011,-0.48100400000001287,-0.40722899999997253,0.8051524384972023,127.65578717786359
1501.0,258.0,182.0,156.0,314.0,144.0,78.0,257.90143300000005,180.691142,157.46891699999998,0.09856699999994589,1.3088579999999865,-1.4689169999999763,1.9699091021013848,103.26664514740469
1502.0,526.0,122.0,164.0,622.0,76.0,190.0,525.7955810000001,121.912198,163.819709,0.2044189999999162,0.08780199999999638,0.18029100000001108,0.2863584527231021,109.5810202544218
1503.0,430.0,210.0,166.0,510.0,182.0,154.0,430.326271,209.76583399999998,165.96981099999996,-0.32627100000001974,0.23416600000001608,0.03018900000003555,0.4027379504318193,85.60373823613078
1504.0,544.0,170.0,172.0,638.0,132.0,208.0,543.4073910000001,167.448408,174.19016699999997,0.5926089999999249,2.5515919999999994,-2.190166999999974,3.4144748716653037,107.59182125050212
1505.0,188.0,272.0,172.0,226.0,254.0,68.0,187.884377,271.365972,173.62331299999997,0.11562299999999937,0.6340280000000007,-1.6233129999999676,1.7465695745895424,112.17842929904127
1506.0,542.0,180.0,174.0,636.0,148.0,208.0,541.994247,180.55876,174.86457699999997,0.0057530000000269865,-0.5587600000000066,-0.8645769999999686,1.0294363620632183,104.95713410721541
1507.0,536.0,122.0,176.0,630.0,78.0,208.0,536.714645,123.28416,175.74544899999998,-0.7146450000000186,-1.28416,0.2545510000000206,1.4915027969219625,108.60939185908371
1508.0,552.0,174.0,176.0,646.0,140.0,212.0,550.7356910000001,173.903868,175.297211,1.264308999999912,0.09613200000001143,0.7027889999999957,1.4497003095211691,106.2449998823474
1509.0,422.0,260.0,184.0,496.0,242.0,170.0,424.14005900000006,258.77049,182.617877,-2.1400590000000648,1.2295100000000048,1.382123000000007,2.828747311215745,77.43384273042376
1510.0,532.0,266.0,192.0,616.0,254.0,222.0,531.0304510000001,267.281566,191.962685,0.9695489999999154,-1.281565999999998,0.03731500000000665,1.6074293405875828,90.0
1511.0,186.0,304.0,192.0,216.0,294.0,88.0,185.67127700000003,303.925272,192.146383,0.3287229999999681,0.07472799999999324,-0.14638299999998594,0.36752015917766184,108.70142593360954
1512.0,556.0,310.0,192.0,644.0,308.0,232.0,555.867647,311.210624,192.98139299999997,0.13235299999996641,-1.2106239999999957,-0.9813929999999687,1.5640524308455643,96.68505572217457
1513.0,184.0,178.0,196.0,216.0,142.0,94.0,185.89296300000004,179.41065400000002,195.33634899999998,-1.8929630000000373,-1.4106540000000223,0.6636510000000158,2.452281851029001,112.8007092176286
1514.0,388.0,218.0,200.0,450.0,192.0,174.0,388.994121,218.04637400000001,197.19030099999998,-0.9941210000000069,-0.04637400000001435,2.8096990000000233,2.9807441321116688,72.0832851637604
1515.0,160.0,120.0,202.0,184.0,70.0,94.0,160.39133900000002,120.64531,202.951541,-0.3913390000000163,-0.6453099999999949,-0.9515409999999918,1.2144963909794013,121.40840168620952
1516.0,256.0,86.0,210.0,292.0,30.0,140.0,255.936681,86.725516,210.24854299999998,0.06331900000000701,-0.7255159999999989,-0.24854299999998375,0.7695169815319161,96.60227740586657
1517.0,230.0,104.0,210.0,264.0,50.0,128.0,231.23127300000002,103.404144,208.39240299999997,-1.2312730000000158,0.5958559999999977,1.6075970000000268,2.1107926680927527,103.9038016628843
1518.0,238.0,86.0,212.0,270.0,30.0,136.0,237.79961300000002,86.898552,212.85554499999998,0.2003869999999779,-0.8985519999999951,-0.855544999999978,1.256784744297107,99.67948635501689
1519.0,190.0,176.0,214.0,214.0,140.0,112.0,189.00584700000002,177.56424800000002,209.82093499999996,0.994152999999983,-1.5642480000000205,4.179065000000037,4.571629498016909,110.79711187571633
1520.0,568.0,86.0,228.0,646.0,34.0,280.0,567.499049,86.29026400000001,227.10110899999995,0.5009509999999864,-0.2902640000000076,0.8988910000000487,1.0692100467064825,107.20074626605917
1521.0,220.0,156.0,228.0,246.0,116.0,146.0,222.510105,157.319034,227.69140899999996,-2.51010500000001,-1.3190339999999878,0.30859100000003536,2.8523159378761043,94.86832980505137
1522.0,228.0,110.0,236.0,248.0,56.0,162.0,227.699565,107.99041,239.02164299999998,0.3004349999999931,2.009590000000003,-3.021642999999983,3.6412964142972357,93.76566535784833
1523.0,228.0,162.0,236.0,246.0,118.0,162.0,226.691911,158.760594,240.14137899999997,1.3080889999999954,3.2394060000000025,-4.141378999999972,5.418105580957035,87.95453370918409
1524.0,382.0,294.0,238.0,432.0,280.0,210.0,385.1515810000001,289.752186,230.68672299999997,-3.1515810000000783,4.247814000000005,7.313277000000028,9.025541925939237,58.9915248150105
1525.0,582.0,234.0,240.0,656.0,214.0,298.0,581.541367,233.37812200000002,240.23055299999996,0.45863299999996343,0.6218779999999811,-0.23055299999995782,0.8063691222894906,96.12491872558333
1526.0,196.0,222.0,248.0,206.0,194.0,158.0,195.237127,221.255742,248.159763,0.7628730000000132,0.7442580000000021,-0.1597629999999981,1.0776917002844657,94.78396488858229
1527.0,196.0,192.0,250.0,206.0,158.0,160.0,195.440309,191.758352,249.365073,0.5596909999999866,0.24164799999999786,0.6349270000000047,0.8802159205070026,96.72641831474998
1528.0,584.0,138.0,254.0,656.0,96.0,316.0,585.1858950000001,136.552164,253.07262899999995,-1.1858950000000732,1.4478359999999952,0.9273710000000506,2.0886821217126967,103.88455130576442
1529.0,152.0,154.0,260.0,152.0,110.0,156.0,152.013177,152.81465200000002,259.819611,-0.013177000000013095,1.1853479999999763,0.18038899999999103,1.1990678486866124,112.92475370794483
1530.0,196.0,208.0,270.0,200.0,180.0,184.0,197.217951,209.50968,269.782509,-1.2179509999999993,-1.509680000000003,0.21749099999999544,1.9518813170584952,90.5317623820502
1531.0,372.0,294.0,276.0,400.0,284.0,258.0,372.812425,292.619962,276.32949499999995,-0.8124250000000188,1.3800380000000132,-0.3294949999999517,1.6349636745487757,34.75629439396553
1532.0,352.0,318.0,280.0,374.0,316.0,254.0,351.84906900000004,319.01370199999997,280.28531699999996,0.1509309999999573,-1.0137019999999666,-0.2853169999999636,1.0638504133823978,34.11744421846396
1533.0,134.0,144.0,282.0,122.0,100.0,174.0,133.296965,144.57663,281.49994499999997,0.7030349999999999,-0.5766299999999944,0.5000550000000317,1.0376971480880273,117.23480711802276
1534.0,148.0,164.0,284.0,138.0,124.0,182.0,148.024085,164.037086,283.791481,-0.02408500000001368,-0.03708599999998796,0.20851900000002388,0.21315635571572744,110.01818031580054
1535.0,186.0,192.0,284.0,180.0,158.0,198.0,185.12583500000002,191.43991,285.64144899999997,0.8741649999999765,0.5600900000000024,-1.641448999999966,1.9422203981334996,92.67146270562476
1536.0,214.0,140.0,286.0,214.0,96.0,210.0,214.12356499999999,140.342378,285.53244499999994,-0.12356499999998505,-0.3423779999999965,0.4675550000000612,0.5925358066261069,87.8179936004006
1537.0,134.0,124.0,292.0,120.0,74.0,188.0,135.15724500000002,123.130572,292.64453499999996,-1.1572450000000174,0.8694279999999992,-0.6445349999999621,1.5844703857863642,116.24112869376312
1538.0,470.0,306.0,292.0,508.0,304.0,316.0,472.00979900000004,307.67482,293.530313,-2.0097990000000436,-1.674820000000011,-1.5303129999999783,3.030869830720242,44.98888751680797
1539.0,192.0,188.0,296.0,184.0,154.0,212.0,191.84259699999998,187.971236,295.440479,0.1574030000000164,0.02876399999999535,0.5595210000000179,0.5819508755436535,90.97252332435328
1540.0,142.0,138.0,298.0,124.0,92.0,196.0,140.506371,137.746556,297.995069,1.4936289999999985,0.2534440000000018,0.0049309999999991305,1.5149870512773358,113.33137253205751
1541.0,588.0,158.0,298.0,642.0,122.0,366.0,587.548847,157.30516599999999,295.806583,0.4511529999999766,0.6948340000000144,2.193417000000011,2.3446559348556977,94.0
1542.0,144.0,84.0,304.0,126.0,26.0,206.0,144.081375,83.57921400000001,304.60573899999997,-0.08137500000000841,0.42078599999999255,-0.6057389999999714,0.7420259325265933,115.29093633065871
1543.0,190.0,176.0,306.0,178.0,140.0,224.0,190.179767,176.39652,306.18644299999994,-0.17976699999999823,-0.39652000000000953,-0.18644299999994018,0.47360878046968746,90.35485598461214
1544.0,140.0,230.0,308.0,118.0,206.0,206.0,139.451339,230.98889400000002,308.426375,0.5486610000000098,-0.9888940000000161,-0.4263750000000073,1.2086090669782554,107.07007051459338
1545.0,446.0,166.0,314.0,472.0,132.0,332.0,446.68248300000005,166.867012,313.64704099999994,-0.6824830000000475,-0.8670119999999883,0.3529590000000553,1.1584787046441913,46.4327470649756
1546.0,490.0,282.0,318.0,520.0,274.0,352.0,490.43984900000004,282.605776,318.091667,-0.4398490000000379,-0.6057759999999917,-0.09166699999997263,0.754211206404425,46.04345773288535
1547.0,618.0,98.0,326.0,666.0,52.0,414.0,618.0745330000001,99.273894,326.18656899999996,-0.07453300000008767,-1.2738939999999985,-0.18656899999996313,1.2896391290147782,110.2905254316979
1548.0,120.0,216.0,330.0,86.0,188.0,224.0,119.11042300000001,216.21261600000003,330.548775,0.8895769999999885,-0.21261600000002545,-0.5487749999999778,1.0666333967254007,114.78675881825394
1549.0,136.0,108.0,338.0,106.0,58.0,240.0,137.670489,109.47403200000001,336.525713,-1.6704890000000034,-1.4740320000000082,1.474287000000004,2.6714838563079595,114.03508232118746
1550.0,500.0,306.0,338.0,524.0,302.0,378.0,500.56182300000006,305.188378,337.523445,-0.5618230000000608,0.8116219999999998,0.47655500000001894,1.096120441483547,46.8187996428785
1551.0,432.0,234.0,340.0,444.0,214.0,356.0,431.893001,233.86394,340.359991,0.10699899999997342,0.1360599999999863,-0.3599909999999795,0.3994428991507745,28.284271247461902
1552.0,526.0,240.0,350.0,548.0,222.0,404.0,525.2736170000001,239.239444,350.71453499999996,0.7263829999999416,0.7605560000000082,-0.7145349999999553,1.2714707853701805,61.02458520956943
1553.0,488.0,256.0,352.0,504.0,242.0,390.0,487.61421500000006,256.03279,351.46068099999997,0.38578499999994165,-0.032789999999977226,0.5393190000000345,0.6639052899969925,43.54308211415448
1554.0,428.0,184.0,360.0,432.0,154.0,378.0,427.7647390000001,184.540842,359.988301,0.23526099999992311,-0.5408419999999978,0.011699000000021442,0.5899107336588834,35.21363372331802
1555.0,466.0,252.0,370.0,472.0,238.0,404.0,466.355665,252.767156,370.61096299999997,-0.3556649999999877,-0.767156,-0.6109629999999697,1.0432169994444849,37.255872020394314
1556.0,454.0,124.0,378.0,456.0,80.0,410.0,454.09098900000004,123.430626,377.898955,-0.09098900000003596,0.5693739999999963,0.10104499999999916,0.5853852082364246,54.4426303552648
1557.0,478.0,248.0,386.0,480.0,232.0,426.0,478.24525300000005,247.54062599999997,385.56690699999996,-0.2452530000000479,0.45937400000002526,0.43309300000004214,0.6773057304748596,43.12771730569565
1558.0,448.0,168.0,390.0,444.0,136.0,420.0,447.862135,169.222668,389.32730499999997,0.1378649999999766,-1.2226679999999988,0.6726950000000329,1.4022989550998157,44.04543109109048
1559.0,474.0,252.0,390.0,472.0,236.0,430.0,473.104821,250.811558,390.791339,0.8951789999999846,1.188442000000009,-0.7913389999999936,1.6852172685817055,43.12771730569565
1560.0,476.0,300.0,394.0,474.0,296.0,434.0,476.22894900000006,299.872842,393.960337,-0.2289490000000569,0.12715800000000854,0.039663000000018656,0.2648772454063008,40.24922359499622
1561.0,240.0,86.0,396.0,200.0,30.0,350.0,239.099027,84.674206,397.297917,0.9009729999999934,1.325794000000002,-1.297916999999984,2.0625398459312128,82.7768083462995
1562.0,488.0,266.0,396.0,486.0,254.0,442.0,487.2659110000001,265.322186,396.65195499999993,0.7340889999999263,0.6778140000000121,-0.6519549999999299,1.1930481132552102,47.58150901348127
1563.0,492.0,270.0,396.0,492.0,262.0,444.0,492.51950500000004,271.813404,396.72468699999996,-0.5195050000000379,-1.8134039999999914,-0.7246869999999603,2.0207648948380785,48.662100242385755
1564.0,486.0,256.0,398.0,484.0,242.0,444.0,486.12646900000004,255.48468400000002,398.60912299999995,-0.1264690000000428,0.5153159999999843,-0.6091229999999541,0.8078216492184019,48.12483766206386
1565.0,586.0,176.0,400.0,600.0,146.0,486.0,586.353863,175.721974,400.17828099999997,-0.35386300000004667,0.2780260000000112,-0.17828099999996994,0.48404709936743606,92.15204826806618
1566.0,576.0,170.0,404.0,586.0,140.0,486.0,575.421685,170.888782,403.756793,0.578314999999975,-0.888781999999992,0.24320699999998396,1.0879022601309132,87.88629017087932
1567.0,460.0,274.0,404.0,450.0,264.0,442.0,459.378749,273.712146,406.100017,0.6212509999999725,0.2878539999999816,-2.10001699999998,2.2088196238275932,40.54626986542659
1568.0,562.0,302.0,406.0,568.0,300.0,480.0,561.282863,302.054456,405.31990099999996,0.7171369999999797,-0.05445600000001605,0.6800990000000411,0.989841190548276,74.26977851050857
1569.0,552.0,286.0,408.0,558.0,282.0,482.0,553.8737950000001,287.349922,409.2970389999999,-1.8737950000000865,-1.3499219999999923,-1.297038999999927,2.6487180438148026,74.35052118176442
1570.0,192.0,322.0,408.0,138.0,322.0,342.0,191.41121500000003,324.179862,410.01439899999997,0.588784999999973,-2.179862000000014,-2.014398999999969,3.025932822530914,85.27602242131137
1571.0,510.0,250.0,410.0,506.0,236.0,466.0,508.895345,250.179194,409.92846899999995,1.1046549999999797,-0.1791939999999954,0.07153100000004997,1.1213785456401244,57.86190456595773
1572.0,564.0,168.0,412.0,570.0,138.0,490.0,564.011627,169.292682,411.00119499999994,-0.011626999999975851,-1.2926820000000134,0.9988050000000612,1.633638077506201,83.78544026261365
1573.0,590.0,192.0,412.0,598.0,166.0,496.0,587.578589,191.984704,408.66054499999996,2.4214110000000346,0.015296000000006416,3.3394550000000436,4.124975744845351,88.29496021857646
1574.0,488.0,208.0,416.0,476.0,184.0,464.0,484.60368300000005,207.800888,415.66394099999997,3.3963169999999536,0.19911200000001372,0.3360590000000343,3.4187059546725735,54.99090833947008
1575.0,460.0,216.0,416.0,448.0,192.0,456.0,460.83353900000003,214.60625599999997,416.79928099999995,-0.8335390000000302,1.3937440000000265,-0.7992809999999508,1.810016496891132,48.16637831516918
1576.0,590.0,104.0,418.0,598.0,58.0,510.0,590.270223,103.394622,418.49177899999995,-0.2702229999999872,0.6053780000000017,-0.49177899999995134,0.8254390210390755,103.16976301223144
1577.0,466.0,128.0,418.0,452.0,86.0,462.0,464.56908300000003,127.72891000000001,419.39554499999997,1.4309169999999654,0.27108999999998673,-1.39554499999997,2.0170669537756574,62.41794613730894
1578.0,542.0,262.0,418.0,542.0,252.0,488.0,542.7374390000001,262.805968,417.82419899999996,-0.7374390000001085,-0.8059680000000071,0.1758010000000354,1.1064839299990687,70.71067811865476
1579.0,214.0,322.0,420.0,162.0,322.0,362.0,215.266643,323.79972200000003,419.318491,-1.2666429999999878,-1.7997220000000311,0.6815090000000055,2.3038746241525576,77.89736837660179
1580.0,588.0,130.0,424.0,594.0,90.0,516.0,589.005501,129.54189200000002,424.502077,-1.005500999999981,0.45810799999998153,-0.5020769999999857,1.2136624384868846,100.4987562112089
1581.0,484.0,214.0,426.0,472.0,192.0,478.0,485.209489,214.201638,427.657199,-1.2094890000000191,-0.20163800000000265,-1.6571989999999914,2.061511593410529,57.723478758647246
1582.0,438.0,106.0,430.0,418.0,60.0,464.0,438.43928700000004,106.61019999999999,429.529403,-0.43928700000003573,-0.6101999999999919,0.47059699999999793,0.8870054367240482,60.597029630172464
1583.0,510.0,170.0,430.0,502.0,138.0,492.0,511.6898930000001,169.651724,430.21849699999996,-1.6898930000000973,0.3482759999999985,-0.21849699999995664,1.739188161940596,70.22819946431775
1584.0,448.0,232.0,430.0,428.0,212.0,466.0,448.07060900000005,230.970506,429.95717099999996,-0.07060900000004722,1.0294939999999997,0.042829000000040196,1.0328009731589187,45.78209256903839
1585.0,480.0,164.0,432.0,466.0,130.0,482.0,481.04145100000005,163.427618,431.723171,-1.0414510000000519,0.5723820000000046,0.27682900000002064,1.220194916628538,62.0644825967316
1586.0,442.0,204.0,434.0,420.0,180.0,468.0,442.09231500000004,204.793004,433.27926099999996,-0.09231500000004189,-0.7930039999999963,0.7207390000000373,1.0755659484020752,47.07440918375928
1587.0,518.0,282.0,434.0,510.0,278.0,498.0,520.702295,284.15005,434.15725899999995,-2.702295000000049,-2.1500500000000216,-0.15725899999995363,3.456854590897098,64.62197768561404
1588.0,384.0,180.0,436.0,354.0,150.0,448.0,385.33457300000003,180.849264,434.59453299999996,-1.3345730000000344,-0.8492640000000051,1.4054670000000442,2.1160510206784298,44.090815370097204
1589.0,504.0,228.0,436.0,490.0,208.0,494.0,503.50236100000006,227.00336600000003,435.567077,0.49763899999993555,0.9966339999999718,0.4329230000000166,1.195134397549453,62.928530890209096
1590.0,480.0,136.0,442.0,460.0,98.0,496.0,479.740473,137.091968,443.84870299999994,0.2595269999999914,-1.0919680000000085,-1.8487029999999436,2.1627415839535256,68.99275324264136
1591.0,500.0,220.0,442.0,484.0,200.0,500.0,500.330855,220.41423600000002,441.70964899999996,-0.33085499999998547,-0.4142360000000167,0.29035100000004377,0.604450327092334,63.40346993658943
1592.0,578.0,104.0,450.0,572.0,60.0,540.0,577.891291,104.811476,448.572213,0.10870899999997619,-0.811475999999999,1.4277870000000235,1.6458695764324889,100.35935432235502
1593.0,496.0,262.0,454.0,474.0,252.0,512.0,496.1414470000001,262.895752,454.133587,-0.1414470000000847,-0.8957520000000159,-0.13358699999997725,0.9166375433518126,62.83311228962003
1594.0,532.0,138.0,456.0,516.0,100.0,530.0,532.124129,137.997386,455.73671499999995,-0.12412900000003901,0.002613999999994121,0.26328500000005306,0.2910907639586622,84.71127433818948
1595.0,490.0,208.0,456.0,466.0,186.0,512.0,489.34292100000005,208.9072,455.572697,0.6570789999999533,-0.9071999999999889,0.4273029999999949,1.19889637002116,64.77653896280658
1596.0,486.0,288.0,456.0,460.0,282.0,510.0,485.00608700000004,287.55994999999996,456.50678899999997,0.9939129999999636,0.440050000000042,-0.5067889999999693,1.1993090279781662,60.23288138550239
1597.0,486.0,176.0,458.0,462.0,146.0,516.0,486.92299700000007,176.133124,459.33213699999993,-0.9229970000000662,-0.13312400000000935,-1.332136999999932,1.6261102201738795,69.57010852370435
1598.0,366.0,250.0,458.0,322.0,234.0,466.0,365.89278700000006,249.57957,457.704395,0.10721299999994471,0.4204300000000103,0.2956050000000232,0.525012693459892,47.49736834815167
1599.0,528.0,246.0,460.0,510.0,232.0,532.0,529.145679,246.074092,460.12697499999996,-1.1456789999999728,-0.07409200000000737,-0.12697499999995898,1.1550725718022778,75.52483035399682
1600.0,484.0,252.0,462.0,458.0,240.0,518.0,485.163761,253.088254,462.83500499999997,-1.1637610000000222,-1.0882540000000063,-0.8350049999999669,1.7988523518237982,62.89674077406555
1601.0,374.0,242.0,464.0,332.0,228.0,476.0,376.213427,244.488628,462.817869,-2.2134270000000242,-2.4886280000000056,1.1821310000000267,3.5341140485097817,45.86937976471886
1602.0,478.0,148.0,474.0,448.0,110.0,528.0,478.8495010000001,146.592304,471.94317499999994,-0.8495010000000889,1.4076959999999872,2.0568250000000603,2.633208889936832,72.52585745787498
1603.0,430.0,118.0,476.0,390.0,74.0,514.0,429.81717100000003,117.617858,475.78378299999997,0.1828289999999697,0.38214200000000176,0.21621700000002875,0.47561406885625523,70.5691150575094
1604.0,516.0,284.0,478.0,488.0,278.0,546.0,516.0987990000001,283.686658,477.16373699999997,-0.09879900000009911,0.31334199999997736,0.8362630000000308,0.8984877609261336,73.78346698278686
1605.0,140.0,312.0,480.0,52.0,306.0,404.0,140.576445,310.807012,480.367211,-0.5764450000000068,1.192988000000014,-0.3672109999999975,1.374901132696471,116.43023662262307
1606.0,474.0,316.0,482.0,438.0,318.0,534.0,474.47366700000003,316.863206,481.215871,-0.4736670000000345,-0.863205999999991,0.7841290000000072,1.2587070008409535,63.2771680782255
1607.0,486.0,192.0,484.0,452.0,166.0,546.0,487.136207,192.196194,485.43071699999996,-1.136207000000013,-0.19619399999999132,-1.4307169999999587,1.837500902468869,75.33923280734945
1608.0,350.0,226.0,486.0,296.0,208.0,496.0,353.267035,228.07304799999997,487.513761,-3.2670350000000212,-2.0730479999999716,-1.5137609999999881,4.154818656289343,57.79273310719956
1609.0,342.0,154.0,488.0,282.0,116.0,494.0,341.05624500000005,152.85682200000002,488.705881,0.9437549999999533,1.1431779999999776,-0.7058809999999767,1.6418883719272233,71.27411872482185
1610.0,574.0,310.0,488.0,548.0,312.0,572.0,569.790815,310.865572,482.107209,4.209185000000048,-0.865571999999986,5.892790999999988,7.293246123715437,87.95453370918409
1611.0,492.0,314.0,488.0,456.0,316.0,548.0,492.0873470000001,314.95295600000003,487.39766499999996,-0.08734700000007933,-0.9529560000000288,0.6023350000000391,1.1307351982538245,70.0
1612.0,444.0,162.0,490.0,402.0,130.0,534.0,444.84113500000007,163.15215,488.74709499999994,-0.8411350000000652,-1.152150000000006,1.2529050000000552,1.8986122957966596,68.73136110975832
1613.0,556.0,300.0,490.0,528.0,298.0,574.0,554.6460870000001,299.492206,488.72064099999994,1.3539129999999204,0.5077939999999899,1.2793590000000563,1.9307238561964055,88.56635930193812
1614.0,510.0,322.0,490.0,474.0,324.0,558.0,508.74813300000005,321.27858200000003,490.56861699999996,1.2518669999999474,0.7214179999999715,-0.5686169999999606,1.5527202610585664,76.96752561957543
1615.0,364.0,176.0,492.0,310.0,144.0,506.0,366.184773,175.47541,491.026709,-2.184773000000007,0.5245899999999892,0.9732910000000174,2.44861656865873,64.31174076325411
1616.0,516.0,190.0,492.0,482.0,164.0,564.0,515.116035,190.169308,491.603079,0.8839649999999892,-0.1693080000000009,0.3969210000000203,0.9836694568451322,83.7615663654877
1617.0,454.0,228.0,492.0,410.0,210.0,538.0,452.8041150000001,228.55343399999998,490.55117099999995,1.1958849999999188,-0.5534339999999816,1.448829000000046,1.9584523473451987,66.15134163416491
1618.0,446.0,164.0,494.0,404.0,128.0,536.0,446.89821100000006,161.47900800000002,489.762045,-0.8982110000000603,2.5209919999999784,4.2379549999999995,5.012229668182614,69.45502141674135
1619.0,416.0,216.0,494.0,368.0,194.0,528.0,417.42260100000004,215.81363199999998,493.53693899999996,-1.4226010000000429,0.18636800000001585,0.4630610000000388,1.5076312965530279,62.80127387243033
1620.0,434.0,250.0,494.0,386.0,236.0,534.0,433.342053,250.02374199999997,493.92939299999995,0.6579469999999787,-0.023741999999970176,0.07060700000005227,0.6621505008847898,64.03124237432849
1621.0,350.0,152.0,496.0,290.0,114.0,506.0,350.378483,151.02745,495.93141899999995,-0.378483000000017,0.9725500000000125,0.06858100000005152,1.0458519194178706,71.72168430816443
1622.0,474.0,248.0,496.0,432.0,234.0,554.0,474.27587500000004,247.882138,497.499469,-0.27587500000004184,0.11786200000000235,-1.4994689999999764,1.5291846679292702,72.9657453878188
1623.0,484.0,290.0,496.0,442.0,288.0,556.0,483.0433270000001,292.010628,496.97849899999994,0.9566729999999097,-2.010627999999997,-0.9784989999999425,2.4321407188552437,73.2666363360568
1624.0,502.0,186.0,498.0,464.0,156.0,564.0,501.05785900000006,183.721292,496.20125699999994,0.9421409999999355,2.2787079999999946,1.7987430000000586,3.05214943821466,81.8535277187245
1625.0,546.0,260.0,498.0,514.0,250.0,582.0,545.4257670000001,260.176038,498.107855,0.5742329999999356,-0.17603800000000547,-0.10785499999997228,0.6102176798142791,90.44335243676011
1626.0,500.0,288.0,502.0,460.0,284.0,568.0,500.11885500000005,288.487472,501.58710499999995,-0.11885500000005322,-0.4874720000000252,0.41289500000004864,0.6497982324030109,77.27871634544663
1627.0,416.0,216.0,504.0,360.0,194.0,540.0,414.3289970000001,215.711884,504.93795099999994,1.6710029999999279,0.28811600000000226,-0.9379509999999414,1.9377858328168391,70.11419257183242
1628.0,454.0,228.0,504.0,408.0,210.0,556.0,455.9346290000001,228.34441200000003,505.055119,-1.9346290000000863,-0.3444120000000339,-1.0551189999999906,2.230400210174474,71.72168430816443
1629.0,498.0,288.0,504.0,456.0,282.0,570.0,497.51337900000004,286.84817000000004,504.16059699999994,0.4866209999999569,1.1518299999999613,-0.16059699999993882,1.260675907182274,78.46018098373213
1630.0,458.0,228.0,506.0,410.0,210.0,558.0,458.0093350000001,228.308654,506.089431,-0.009335000000078253,-0.30865399999999,-0.08943099999999049,0.321484583925876,73.02054505411473
1631.0,470.0,246.0,506.0,426.0,230.0,562.0,471.66015100000004,244.543298,505.23459099999997,-1.6601510000000417,1.456702000000007,0.7654090000000338,2.337505721252081,72.99315036357864
1632.0,444.0,304.0,506.0,394.0,302.0,550.0,444.304755,303.81647,504.9208909999999,-0.3047550000000001,0.18353000000001884,1.0791090000000736,1.1362372572689938,66.63332499583073
1633.0,474.0,260.0,508.0,426.0,248.0,566.0,472.85986500000007,259.230798,508.51650099999995,1.1401349999999297,0.769202000000007,-0.5165009999999484,1.4691333561082185,76.23647421018367
1634.0,498.0,136.0,510.0,456.0,98.0,580.0,498.49402900000007,136.086452,510.148423,-0.49402900000006866,-0.08645200000000841,-0.14842299999997977,0.5230372721652476,90.04443347592343
1635.0,370.0,222.0,510.0,308.0,202.0,528.0,370.86760100000004,222.701568,509.19980699999996,-0.867601000000036,-0.7015680000000089,0.8001930000000357,1.3730396902763342,67.58698099486321
1636.0,460.0,226.0,510.0,408.0,208.0,564.0,457.9990870000001,226.60911600000003,511.251061,2.000912999999912,-0.6091160000000286,-1.2510609999999929,2.4371763909790496,77.09734106958553
1637.0,502.0,264.0,510.0,458.0,254.0,578.0,500.90283100000005,263.815602,509.58531899999997,1.0971689999999512,0.1843979999999874,0.41468100000003005,1.1873258898575039,81.60882305241266
1638.0,470.0,184.0,512.0,422.0,156.0,570.0,469.981561,183.884738,511.77252899999996,0.01843900000000076,0.11526200000000131,0.22747100000003684,0.2556724099429133,80.32434251209281
1639.0,478.0,204.0,512.0,432.0,182.0,574.0,479.02271500000006,205.06537400000002,512.534317,-1.022715000000062,-1.0653740000000198,-0.5343169999999873,1.5704974968430085,80.2745289615579
1640.0,554.0,300.0,512.0,518.0,298.0,600.0,553.6419530000001,299.230392,511.517949,0.3580469999999423,0.7696080000000052,0.48205100000001266,0.9761492173197595,95.09994742374992
1641.0,472.0,194.0,514.0,422.0,166.0,572.0,470.590233,192.04718000000003,513.4231649999999,1.409766999999988,1.9528199999999742,0.5768350000000737,2.476628265185139,81.53526844255803
1642.0,476.0,204.0,514.0,428.0,180.0,574.0,475.896717,203.45055000000002,513.553983,0.10328299999997625,0.5494499999999789,0.44601699999998345,0.715187978700675,80.49844718999243
1643.0,330.0,212.0,514.0,258.0,188.0,516.0,328.76645900000005,211.668748,512.729167,1.2335409999999456,0.3312520000000063,1.2708330000000387,1.8017679651037113,75.92101158440923
1644.0,472.0,204.0,518.0,422.0,182.0,578.0,472.292839,205.07281799999998,518.2395389999999,-0.29283900000001495,-1.0728179999999838,-0.23953899999992245,1.137572887144352,81.14185110040317
1645.0,370.0,188.0,522.0,300.0,158.0,544.0,368.4271810000001,186.528416,523.2825069999999,1.5728189999999245,1.471584000000007,-1.282506999999896,2.506819355451349,79.27168473042566
1646.0,424.0,214.0,526.0,364.0,192.0,568.0,424.70704300000006,213.709248,525.633125,-0.7070430000000556,0.2907519999999977,0.36687500000005,0.8479645010129339,76.47221717722064
1647.0,506.0,304.0,526.0,456.0,304.0,598.0,504.99461700000006,304.516702,526.1271429999999,1.005382999999938,-0.5167020000000093,-0.12714299999993273,1.1375153959142126,87.65842800324451
1648.0,462.0,198.0,528.0,406.0,174.0,586.0,461.87093500000003,198.51560999999998,528.533507,0.12906499999996868,-0.515609999999981,-0.533506999999986,0.7530877540990542,84.11896337925236
1649.0,384.0,252.0,528.0,316.0,236.0,552.0,383.63031100000006,250.19824,526.096817,0.3696889999999371,1.8017600000000016,1.9031830000000127,2.6467177004376587,73.86474125047755
1650.0,400.0,214.0,532.0,334.0,192.0,566.0,400.873761,213.90292599999998,531.8720089999999,-0.8737610000000018,0.09707400000002053,0.12799100000006547,0.8884049429612737,77.43384273042376
1651.0,556.0,260.0,534.0,512.0,252.0,628.0,555.861219,261.261708,534.384729,0.1387809999999945,-1.2617079999999987,-0.384728999999993,1.326342205716907,104.09610943738484
1652.0,430.0,152.0,536.0,366.0,116.0,584.0,429.7554630000001,151.281552,536.808463,0.24453699999992295,0.7184479999999951,-0.8084629999999606,1.1088635152451773,87.72684879784524
1653.0,356.0,218.0,538.0,280.0,198.0,558.0,356.88159500000006,219.21755000000002,539.741669,-0.8815950000000612,-1.217550000000017,-1.7416690000000017,2.3006626549944595,81.09253973085318
1654.0,520.0,150.0,540.0,470.0,114.0,624.0,520.9658410000001,148.568048,540.850893,-0.9658410000000686,1.4319519999999955,-0.8508930000000419,1.9254491073601998,104.17293314484334
1655.0,390.0,262.0,540.0,316.0,250.0,570.0,388.43841900000007,261.43962600000003,540.216785,1.5615809999999328,0.5603739999999675,-0.21678499999995893,1.673185577173595,80.7465169527454
1656.0,308.0,126.0,544.0,222.0,84.0,546.0,307.68221700000004,126.36064999999999,544.380985,0.31778299999996307,-0.3606499999999926,-0.3809850000000097,0.6133547324460605,95.72878355019456
1657.0,494.0,126.0,544.0,438.0,86.0,618.0,494.290511,125.898586,544.2305709999999,-0.29051099999998087,0.10141400000000544,-0.2305709999999408,0.3845054311163402,101.05444077327824
1658.0,492.0,256.0,546.0,436.0,244.0,616.0,493.6085750000001,255.28768000000002,544.7258569999999,-1.6085750000000871,0.712319999999977,1.2741430000000946,2.1721771791164937,90.44335243676011
1659.0,498.0,118.0,552.0,440.0,78.0,628.0,498.37678500000004,119.21538000000001,551.4027389999999,-0.3767850000000408,-1.2153800000000103,0.5972610000001168,1.4056444012431435,103.63397126425292
1660.0,450.0,138.0,552.0,384.0,100.0,610.0,450.368865,137.762746,552.1776789999999,-0.368865000000028,0.23725400000000718,-0.17767899999989822,0.4732025737271384,95.72878355019456
1661.0,402.0,280.0,558.0,324.0,274.0,596.0,401.633501,280.7249,558.5708109999999,0.36649899999997615,-0.724899999999991,-0.5708109999999351,0.9927873512096612,86.97125962063559
1662.0,310.0,174.0,566.0,214.0,142.0,570.0,308.22301500000003,173.59617,565.6664509999999,1.7769849999999678,0.40382999999999925,0.3335490000000618,1.8525682968586952,101.27191120937731
1663.0,350.0,220.0,566.0,262.0,198.0,584.0,349.66072500000007,219.000856,564.617033,0.3392749999999296,0.9991440000000011,1.3829670000000078,1.7395384391987365,92.47702417357513
1664.0,342.0,162.0,572.0,250.0,128.0,590.0,341.280137,161.686662,571.7179249999999,0.7198629999999753,0.31333799999998746,0.2820750000000771,0.8342360257373209,99.71960689854328
1665.0,458.0,110.0,574.0,384.0,66.0,638.0,457.356463,109.58452600000001,573.602089,0.6435369999999807,0.415473999999989,0.3979110000000219,0.8631869316468962,107.27534665523109
1666.0,364.0,262.0,574.0,274.0,250.0,598.0,363.087863,261.333814,572.880143,0.9121369999999729,0.666185999999982,1.1198570000000245,1.5905588306673795,93.91485505499116
1667.0,422.0,280.0,574.0,342.0,274.0,622.0,422.387943,280.305166,574.0949229999999,-0.38794300000000703,-0.3051659999999856,-0.09492299999988063,0.5026295203566679,93.48796714016194
1668.0,424.0,140.0,578.0,346.0,106.0,628.0,425.57695700000005,142.668916,576.090965,-1.57695700000005,-2.668915999999996,1.9090350000000171,3.6406483799084746,98.69143833180262
1669.0,342.0,148.0,578.0,248.0,112.0,598.0,341.667001,148.500958,578.297847,0.3329989999999725,-0.5009579999999971,-0.29784700000004705,0.6712377277641707,102.62553288534
1670.0,502.0,316.0,578.0,432.0,320.0,656.0,501.5805870000001,317.041272,577.5771609999999,0.41941299999990633,-1.0412719999999922,0.42283900000006724,1.1995613625296382,104.88088481701516
1671.0,466.0,294.0,592.0,384.0,290.0,660.0,465.05676500000004,292.702276,592.862719,0.9432349999999587,1.2977240000000165,-0.86271899999997,1.821555356930421,106.60206376989143
1672.0,356.0,144.0,594.0,260.0,106.0,622.0,357.18547900000004,143.22739,593.768589,-1.1854790000000435,0.772609999999986,0.23141099999998005,1.4338192781735333,106.97663296253066
1673.0,410.0,236.0,594.0,322.0,220.0,638.0,410.53426900000005,236.01277399999998,591.197897,-0.5342690000000516,-0.012773999999978969,2.8021029999999882,2.85261069233886,99.67948635501689
1674.0,354.0,152.0,598.0,256.0,116.0,626.0,355.20630500000004,151.387914,598.012079,-1.206305000000043,0.612086000000005,-0.01207899999997153,1.3527627015342008,108.09255293497328
1675.0,406.0,166.0,598.0,316.0,136.0,646.0,407.213345,167.178574,598.158539,-1.213345000000004,-1.1785739999999976,-0.15853900000001886,1.6989341885494005,106.3202708800161
1676.0,448.0,206.0,604.0,362.0,184.0,668.0,449.10843900000003,205.947092,603.766491,-1.1084390000000326,0.052908000000002176,0.2335090000000264,1.1340029657219088,109.43491216243562
1677.0,284.0,98.0,102.0,368.0,44.0,24.0,284.928807,99.17828800000001,100.52063699999998,-0.9288070000000062,-1.178288000000009,1.4793630000000206,2.1070263263571465,126.71227249165726
1678.0,440.0,200.0,122.0,540.0,168.0,108.0,441.54361500000005,198.69794000000002,122.30356899999995,-1.5436150000000453,1.3020599999999831,-0.30356899999995335,2.0421218498380713,105.92450141492289
1679.0,452.0,232.0,146.0,542.0,210.0,140.0,451.79638100000005,232.68007599999999,147.05187299999997,0.20361899999994648,-0.6800759999999855,-1.051872999999972,1.2690157095425965,92.84395510748128
1680.0,440.0,198.0,152.0,528.0,168.0,140.0,440.54686300000003,198.37397199999998,150.28186899999997,-0.5468630000000303,-0.37397199999998065,1.718131000000028,1.8414364856584424,93.74433316206373
1681.0,198.0,272.0,168.0,238.0,254.0,66.0,196.688959,271.32277,168.95240299999998,1.3110409999999888,0.6772300000000087,-0.9524029999999755,1.7562859821196364,111.03152705425607
1682.0,522.0,110.0,180.0,614.0,60.0,206.0,523.601981,108.662422,178.17347699999996,-1.6019810000000234,1.3375779999999935,1.8265230000000372,2.7733813837938324,107.88883167408942
1683.0,550.0,184.0,180.0,644.0,152.0,216.0,550.328331,183.690496,179.04054899999997,-0.32833100000004833,0.309504000000004,0.9594510000000298,1.060254777389893,105.62196741208714
1684.0,414.0,268.0,200.0,478.0,254.0,186.0,414.42235900000003,268.50049,199.84028299999997,-0.4223590000000286,-0.5004900000000134,0.15971700000002897,0.6740822539349681,66.9925368977769
1685.0,188.0,176.0,210.0,212.0,138.0,112.0,187.434033,175.93814400000002,210.32108699999998,0.5659670000000006,0.061855999999977485,-0.32108699999997725,0.6536372628560763,107.81465577554843
1686.0,246.0,102.0,214.0,278.0,48.0,140.0,245.21606300000002,101.540932,214.05939899999998,0.7839369999999803,0.45906800000000203,-0.05939899999998488,0.9104004008094291,97.03607576566563
1687.0,518.0,184.0,218.0,592.0,154.0,248.0,518.265529,185.229512,217.42849099999995,-0.265529000000015,-1.2295119999999997,0.5715090000000487,1.3816033964441687,85.29947244854449
1688.0,142.0,212.0,218.0,156.0,180.0,104.0,142.205023,210.73696,219.05877699999996,-0.20502300000001128,1.2630399999999895,-1.0587769999999637,1.6608170302167247,119.23086848631104
1689.0,252.0,124.0,222.0,282.0,76.0,150.0,251.17386100000002,124.319358,221.060569,0.8261389999999835,-0.31935799999999404,0.9394310000000132,1.2911335264975476,91.58602513484249
1690.0,232.0,138.0,222.0,262.0,96.0,142.0,233.726233,140.90391,220.23402499999997,-1.7262330000000077,-2.903909999999996,1.7659750000000258,3.8119865370976975,95.20504188329524
1691.0,576.0,150.0,228.0,652.0,106.0,280.0,572.796281,145.202248,226.23959899999994,3.2037189999999782,4.797752000000003,1.7604010000000585,6.031687273497035,102.05880657738459
1692.0,554.0,160.0,228.0,628.0,124.0,274.0,552.7431770000001,160.14749799999998,227.98654699999997,1.2568229999999403,-0.14749799999998459,0.013453000000026805,1.2655199313095966,94.27618999514141
1693.0,578.0,160.0,228.0,658.0,124.0,284.0,578.658547,159.855908,227.962967,-0.6585469999999987,0.14409200000000055,0.03703300000000809,0.6751430209681494,104.0768946500615
1694.0,220.0,170.0,228.0,242.0,132.0,144.0,219.022255,170.465144,227.331507,0.9777449999999988,-0.46514400000000933,0.6684930000000122,1.2724885527225864,94.78396488858229
1695.0,202.0,246.0,228.0,222.0,224.0,138.0,202.729829,245.971042,228.75582099999997,-0.7298289999999952,0.028957999999988715,-0.755820999999969,1.0510729370723735,94.78396488858229
1696.0,230.0,140.0,232.0,254.0,94.0,154.0,230.614999,139.164778,231.61567499999998,-0.6149990000000116,0.8352219999999875,0.38432500000001824,1.1061307630248818,93.68030742904295
1697.0,190.0,232.0,232.0,208.0,212.0,134.0,190.70371699999998,236.274654,229.16859499999998,-0.7037169999999833,-4.274653999999998,2.831405000000018,5.175397444624911,101.62676812730001
1698.0,226.0,170.0,236.0,248.0,132.0,158.0,227.328461,170.25995799999998,236.649747,-1.3284610000000043,-0.25995799999998326,-0.6497469999999907,1.5015185494338692,89.50977600240098
1699.0,230.0,150.0,242.0,248.0,108.0,164.0,228.678467,150.537916,241.07888099999997,1.321532999999988,-0.5379159999999956,0.9211190000000329,1.6983118987117838,90.39911503991618
1700.0,196.0,222.0,246.0,208.0,194.0,158.0,196.79131099999998,221.244462,247.64024899999998,-0.791310999999979,0.7555380000000014,-1.640248999999983,1.971656042560647,93.12357381458253
1701.0,204.0,234.0,246.0,214.0,208.0,158.0,201.577273,232.67230999999998,246.217241,2.422727000000009,1.3276900000000182,-0.21724100000000135,2.771201996374514,92.30384607371461
1702.0,210.0,102.0,266.0,216.0,48.0,184.0,208.48784300000003,101.352096,264.348505,1.5121569999999736,0.6479039999999969,1.6514950000000113,2.3310585837533027,98.3666610188635
1703.0,148.0,156.0,266.0,144.0,114.0,160.0,146.87274499999998,156.08558399999998,265.044043,1.1272550000000194,-0.08558399999998301,0.9559570000000122,1.480500672721922,114.08768557561329
1704.0,492.0,90.0,270.0,542.0,38.0,302.0,492.44248300000004,89.882334,271.24664699999994,-0.4424830000000384,0.11766599999999983,-1.246646999999939,1.3280682344871748,78.91767862779544
1705.0,184.0,188.0,272.0,184.0,152.0,182.0,184.017137,186.70102200000002,272.113727,-0.017136999999991076,1.2989779999999769,-0.11372699999998304,1.304059566040576,96.93296652842108
1706.0,144.0,132.0,274.0,136.0,84.0,172.0,143.514691,131.42307599999998,276.154625,0.4853090000000009,0.5769240000000195,-2.15462500000001,2.2827122065389815,113.01327355669333
1707.0,150.0,178.0,274.0,144.0,140.0,172.0,150.225067,177.22470800000002,274.618705,-0.2250669999999957,0.775291999999979,-0.6187049999999772,1.0171178480284069,109.01376059929315
1708.0,456.0,188.0,274.0,496.0,158.0,290.0,454.630919,188.531682,275.034233,1.3690809999999942,-0.5316819999999893,-1.034232999999972,1.796303546724193,52.49761899362675
1709.0,154.0,190.0,278.0,148.0,154.0,176.0,154.49788900000001,188.61488,276.822863,-0.4978890000000149,1.3851200000000006,1.177137000000016,1.884702201274794,108.33282051160673
1710.0,150.0,166.0,284.0,140.0,126.0,182.0,149.595899,165.66319,283.29132899999996,0.40410099999999716,0.33681000000001404,0.708671000000038,0.8825832428400514,110.01818031580054
1711.0,150.0,164.0,286.0,138.0,124.0,184.0,148.544607,164.012608,285.345307,1.4553929999999866,-0.012608000000000175,0.6546930000000089,1.5959168745150774,110.21796586763884
1712.0,464.0,202.0,288.0,502.0,176.0,308.0,464.13683900000007,203.01399600000002,287.63438299999996,-0.13683900000006588,-1.01399600000002,0.36561700000004294,1.086548936139597,50.19960159204453
1713.0,496.0,274.0,294.0,536.0,264.0,328.0,496.53890700000005,274.62235200000003,295.19283299999995,-0.5389070000000515,-0.6223520000000349,-1.1928329999999505,1.4493423793024134,53.44155686354955
1714.0,110.0,80.0,298.0,90.0,20.0,186.0,110.847953,79.11488200000001,298.360645,-0.847953000000004,0.8851179999999914,-0.3606449999999768,1.2777022267171545,128.62348152650821
1715.0,194.0,178.0,302.0,182.0,142.0,222.0,192.785243,178.035822,303.61295099999995,1.2147569999999916,-0.035821999999996024,-1.6129509999999527,2.019536757064309,88.54377448471462
1716.0,598.0,152.0,306.0,648.0,116.0,380.0,595.8021630000001,152.18782800000002,305.066737,2.197836999999936,-0.18782800000002453,0.9332630000000108,2.3951506556627598,96.29122493768578
1717.0,474.0,116.0,310.0,506.0,70.0,338.0,474.118647,115.84291400000001,308.87655899999993,-0.11864700000000994,0.1570859999999925,1.1234410000000707,1.1405581100874076,62.6418390534633
1718.0,430.0,232.0,342.0,438.0,208.0,360.0,428.21860300000003,228.936672,344.96809899999994,1.78139699999997,3.0633280000000127,-2.9680989999999383,4.6224414956810005,31.04834939252005
1719.0,532.0,242.0,342.0,560.0,224.0,398.0,533.054785,240.882582,342.955335,-1.054785000000038,1.1174179999999865,-0.9553349999999909,1.8093809287084996,65.14598989960932
1720.0,534.0,240.0,346.0,560.0,222.0,400.0,533.557677,239.22071999999997,344.48979899999995,0.4423229999999876,0.7792800000000284,1.5102010000000519,1.7560279084143822,62.57795138864806
1721.0,498.0,162.0,354.0,516.0,128.0,398.0,498.016497,162.53631000000001,353.45526699999994,-0.016497000000015305,-0.5363100000000145,0.5447330000000647,0.7646140257659982,58.44655678480983
1722.0,434.0,180.0,356.0,442.0,148.0,376.0,434.96224700000005,179.596768,355.778819,-0.9622470000000476,0.4032320000000027,0.2211810000000014,1.0665066195735,38.57460304397182
1723.0,422.0,244.0,358.0,428.0,224.0,370.0,423.19133300000004,241.96975400000002,355.489695,-1.1913330000000428,2.030245999999977,2.5103050000000167,3.441337578679269,24.08318915758459
1724.0,562.0,306.0,364.0,584.0,304.0,432.0,561.2590670000001,305.826456,363.91068899999993,0.7409329999999272,0.1735439999999926,0.08931100000006609,0.7662086433510793,71.49825172687791
1725.0,460.0,266.0,366.0,468.0,252.0,394.0,460.76809700000007,264.373794,364.016395,-0.7680970000000684,1.6262060000000247,1.9836050000000114,2.677537628469529,32.31098884280702
1726.0,546.0,284.0,370.0,564.0,278.0,434.0,546.0085590000001,284.628786,370.407949,-0.008559000000104788,-0.628785999999991,-0.4079489999999737,0.7495781993080969,66.75327707311455
1727.0,474.0,244.0,376.0,480.0,228.0,412.0,474.566339,244.437204,374.65140099999996,-0.5663390000000277,-0.43720400000000836,1.3485990000000356,1.526632392993852,39.84971769034255
1728.0,442.0,302.0,376.0,442.0,296.0,400.0,442.51313100000004,300.469448,375.85751899999997,-0.513131000000044,1.5305520000000001,0.14248100000003205,1.6205535113738312,24.73863375370596
1729.0,486.0,280.0,382.0,490.0,270.0,424.0,485.830621,278.619,381.78338899999994,0.16937899999999217,1.3809999999999718,0.21661100000005717,1.4081088633205687,43.3589667773576
1730.0,444.0,122.0,386.0,442.0,78.0,416.0,444.75563700000004,121.79876800000001,386.177669,-0.7556370000000356,0.2012319999999903,-0.17766899999998031,0.8019026544126431,53.291650377896914
1731.0,570.0,180.0,388.0,588.0,152.0,466.0,571.876429,180.94658600000002,387.8151909999999,-1.87642900000003,-0.9465860000000248,0.1848090000000866,2.1097784750817303,84.80566018845676
1732.0,520.0,308.0,388.0,526.0,306.0,444.0,519.328493,307.644092,388.31891299999995,0.6715070000000196,0.35590799999999945,-0.31891299999995226,0.8241951571575724,56.356011214421486
1733.0,514.0,184.0,390.0,518.0,154.0,448.0,512.8129210000001,183.199072,392.03310899999997,1.187078999999926,0.800927999999999,-2.0331089999999676,2.48680003605149,65.4217089351845
1734.0,484.0,254.0,394.0,484.0,242.0,442.0,485.60594700000007,255.509162,397.055297,-1.6059470000000715,-1.5091620000000034,-3.055296999999996,3.7671574784261694,49.47726750741192
1735.0,476.0,130.0,400.0,474.0,90.0,444.0,477.015669,131.0999,399.735181,-1.0156690000000026,-1.099899999999991,0.2648189999999886,1.5203593753853002,59.49789912257407
1736.0,574.0,156.0,400.0,584.0,120.0,480.0,572.129635,154.599656,399.421209,1.8703649999999925,1.4003439999999898,0.5787910000000238,2.407120182550504,88.29496021857646
1737.0,578.0,162.0,402.0,588.0,128.0,484.0,576.349567,161.077676,401.567281,1.650433000000021,0.9223240000000033,0.43271900000002006,1.9395505617091018,89.33084573650918
1738.0,382.0,216.0,402.0,362.0,192.0,408.0,381.511099,215.678768,401.84655899999996,0.4889009999999985,0.32123200000000907,0.15344100000004346,0.6047795681949066,31.811947441173732
1739.0,192.0,318.0,404.0,140.0,316.0,336.0,191.350943,319.32986400000004,404.77532099999996,0.6490569999999991,-1.3298640000000432,-0.7753209999999626,1.6706094399308462,85.62709851443059
1740.0,476.0,176.0,406.0,470.0,146.0,450.0,475.9625070000001,176.895778,405.97782299999994,0.037492999999926724,-0.8957780000000071,0.02217700000005607,0.8968365345267829,53.59104402789705
1741.0,536.0,272.0,406.0,540.0,264.0,472.0,537.124859,272.837376,406.029277,-1.124859000000015,-0.8373760000000061,-0.029276999999979125,1.4026273482240543,66.60330322138685
1742.0,562.0,290.0,406.0,568.0,286.0,482.0,561.679975,290.56829,406.73819299999997,0.3200249999999869,-0.5682899999999904,-0.738192999999967,0.9850372733932113,76.34133873596926
1743.0,420.0,262.0,408.0,404.0,250.0,430.0,420.3859750000001,262.656766,408.59034899999995,-0.3859750000000872,-0.6567660000000046,-0.5903489999999465,0.9637583831967482,29.732137494637012
1744.0,488.0,210.0,410.0,480.0,184.0,458.0,486.15048500000006,207.851762,409.963435,1.8495149999999398,2.148237999999992,0.03656499999999596,2.834954891897531,55.17245689653489
1745.0,450.0,226.0,412.0,436.0,206.0,446.0,449.0292350000001,226.258014,412.282769,0.9707649999999148,-0.25801400000000285,-0.2827689999999734,1.043510525477257,41.8568990729127
1746.0,522.0,290.0,414.0,518.0,284.0,474.0,520.7256570000001,289.310818,413.49137699999994,1.2743429999999307,0.6891820000000166,0.5086230000000569,1.5354540914341608,60.43177971895251
1747.0,594.0,138.0,416.0,602.0,100.0,508.0,593.2282990000001,137.78160400000002,416.305527,0.7717009999998936,0.21839599999998427,-0.3055269999999837,0.8582342302342753,99.85990186255943
1748.0,450.0,224.0,416.0,436.0,204.0,448.0,449.53212700000006,224.59615200000002,413.817233,0.4678729999999405,-0.5961520000000178,2.1827670000000126,2.310578742982377,40.24922359499622
1749.0,424.0,312.0,420.0,402.0,310.0,444.0,423.004345,311.61822,420.567505,0.9956549999999993,0.381779999999992,-0.5675049999999828,1.207951477688559,32.61901286060018
1750.0,150.0,82.0,422.0,88.0,26.0,344.0,150.46789700000002,82.10455200000001,421.690499,-0.467897000000022,-0.10455200000001241,0.3095010000000116,0.5706571582956182,114.29785649783639
1751.0,444.0,260.0,422.0,426.0,248.0,454.0,443.7106330000001,260.601566,421.50224499999996,0.28936699999991333,-0.6015659999999912,0.4977550000000406,0.8326913912548751,38.62641583165593
1752.0,504.0,260.0,426.0,494.0,248.0,484.0,504.360719,259.85087599999997,427.14615899999995,-0.36071900000001733,0.1491240000000289,-1.1461589999999546,1.2107999907573164,60.06662967072483
1753.0,518.0,296.0,428.0,508.0,292.0,486.0,516.1483890000001,295.769886,425.48935099999994,1.8516109999999344,0.23011400000001458,2.5106490000000576,3.1280623634317224,58.9915248150105
1754.0,440.0,108.0,430.0,420.0,62.0,466.0,440.5316230000001,108.211826,430.583077,-0.5316230000000814,-0.21182600000000207,-0.583077000000003,0.8169896304936134,61.741396161732524
1755.0,606.0,254.0,430.0,610.0,242.0,526.0,605.381463,253.770446,429.58660699999996,0.6185369999999466,0.22955400000000736,0.41339300000004187,0.7785735878733442,96.82974749528164
1756.0,480.0,206.0,432.0,464.0,182.0,482.0,479.94564700000006,206.01088199999998,432.74609699999996,0.05435299999993504,-0.010881999999980962,-0.7460969999999634,0.7481533264925967,57.723478758647246
1757.0,472.0,130.0,436.0,454.0,90.0,484.0,471.884269,130.72314,436.00684099999995,0.11573099999998249,-0.7231400000000008,-0.006840999999951691,0.7323741688795397,65.02307282803544
1758.0,216.0,322.0,446.0,152.0,320.0,394.0,215.80644500000002,321.82709000000006,446.75791499999997,0.19355499999997505,0.17290999999994483,-0.7579149999999686,0.8011220589585109,82.48636250920512
1759.0,526.0,196.0,450.0,512.0,170.0,520.0,527.030201,195.45077600000002,449.68428299999994,-1.0302010000000337,0.5492239999999811,0.3157170000000633,1.2093958519302472,75.97367965289031
1760.0,462.0,262.0,452.0,436.0,250.0,498.0,462.95066700000007,261.644034,453.108209,-0.9506670000000668,0.35596600000002354,-1.108208999999988,1.5028661702647101,54.18486873657626
1761.0,470.0,266.0,452.0,444.0,254.0,502.0,470.24370700000003,264.824726,454.17652899999996,-0.24370700000002898,1.1752740000000017,-2.1765289999999595,2.485546331245073,57.619441163551734
1762.0,372.0,250.0,462.0,328.0,234.0,474.0,372.63742700000006,249.44781799999998,462.361157,-0.6374270000000593,0.5521820000000162,-0.3611569999999915,0.9174162196637289,48.33218389437829
1763.0,440.0,134.0,464.0,406.0,94.0,504.0,439.824333,134.023848,464.05216099999996,0.17566699999997581,-0.02384799999998677,-0.05216099999995549,0.18479283512621972,66.0
1764.0,408.0,88.0,472.0,366.0,38.0,500.0,407.20596900000004,88.45165200000001,470.792653,0.7940309999999613,-0.45165200000000993,1.207347000000027,1.5139886183436164,71.04927867332644
1765.0,450.0,168.0,472.0,414.0,136.0,516.0,449.5344310000001,168.216924,471.70366299999995,0.46556899999990264,-0.2169240000000059,0.2963370000000509,0.5929807190001561,65.23802572120036
1766.0,370.0,240.0,476.0,324.0,226.0,492.0,374.143237,242.70054,477.307171,-4.143236999999999,-2.7005399999999895,-1.3071709999999825,5.115469201648065,50.67543783727971
1767.0,488.0,234.0,478.0,458.0,218.0,536.0,489.6545290000001,234.85672799999998,476.606457,-1.6545290000000819,-0.8567279999999755,1.3935430000000224,2.3266738427794924,67.23094525588644
1768.0,418.0,98.0,480.0,376.0,50.0,516.0,419.24684500000006,98.02373200000001,480.74186299999997,-1.2468450000000644,-0.023732000000009634,-0.7418629999999666,1.4510500930767731,73.23933369440222
1769.0,442.0,162.0,480.0,402.0,130.0,522.0,441.71800300000007,163.299018,479.42413899999997,0.281996999999933,-1.2990179999999896,0.5758610000000317,1.4486497035701804,66.24198064671678
1770.0,440.0,288.0,482.0,398.0,282.0,522.0,439.9495150000001,287.762762,481.93467899999996,0.05048499999992373,0.23723799999999073,0.06532100000003993,0.25119203193969575,58.309518948453004
1771.0,524.0,316.0,482.0,494.0,318.0,554.0,523.196039,316.30258599999996,482.20773899999995,0.8039609999999584,-0.3025859999999625,-0.20773899999994683,0.8837799890458531,78.02563681252464
1772.0,452.0,212.0,484.0,412.0,190.0,530.0,452.099911,212.26622600000002,483.622733,-0.09991100000002007,-0.2662260000000174,0.37726700000001756,0.4724287039184077,64.8074069840786
1773.0,482.0,242.0,484.0,446.0,226.0,540.0,481.44098900000006,241.42498799999998,482.908641,0.5590109999999413,0.5750120000000152,1.0913590000000113,1.354325132730681,68.46897107449476
1774.0,456.0,230.0,490.0,414.0,212.0,540.0,456.4506350000001,230.14378,491.085331,-0.4506350000000907,-0.14377999999999247,-1.0853309999999965,1.183929039759593,67.7347768875044
1775.0,490.0,264.0,490.0,452.0,252.0,550.0,488.93534100000005,262.55475,489.370935,1.0646589999999492,1.4452499999999873,0.6290650000000255,1.9020959815440144,72.02777242147643
1776.0,362.0,156.0,492.0,304.0,120.0,506.0,361.31066100000004,155.860642,492.35290699999996,0.6893389999999613,0.13935799999998721,-0.3529069999999592,0.7868622876551616,69.68500556073738
1777.0,482.0,294.0,492.0,442.0,290.0,550.0,481.49939100000006,293.721446,492.33638299999996,0.5006089999999404,0.27855399999998554,-0.33638299999995525,0.664345711573351,70.5691150575094
1778.0,362.0,236.0,494.0,304.0,218.0,506.0,362.17453100000006,236.09245799999997,493.30164499999995,-0.1745310000000586,-0.09245799999996507,0.6983550000000491,0.7257473787414479,61.90315016216864
1779.0,532.0,292.0,494.0,504.0,290.0,566.0,533.8432710000001,293.17594199999996,488.66205699999995,-1.8432710000000725,-1.1759419999999636,5.3379430000000525,5.768372650761629,77.27871634544663
1780.0,442.0,166.0,496.0,398.0,132.0,542.0,443.8324850000001,164.714182,496.020789,-1.8324850000000765,1.2858180000000061,-0.020788999999979296,2.238696358792388,72.16647421067486
1781.0,412.0,216.0,496.0,358.0,192.0,528.0,409.63405100000006,214.23264800000004,496.115147,2.3659489999999437,1.7673519999999598,-0.11514699999997902,2.9554198676522407,67.20119046564577
1782.0,498.0,322.0,496.0,460.0,324.0,560.0,498.38936700000005,321.33306400000004,495.75904099999997,-0.38936700000004976,0.6669359999999642,0.24095900000003212,0.8089941461259201,74.45804187594514
1783.0,346.0,216.0,500.0,284.0,194.0,510.0,347.462175,216.50769400000001,501.37209299999995,-1.462175000000002,-0.507694000000015,-1.3720929999999498,2.0684168170148594,66.5432190384565
1784.0,500.0,292.0,500.0,460.0,288.0,566.0,499.633593,291.786718,500.07200299999994,0.36640699999998105,0.21328199999999242,-0.07200299999993831,0.4300322466768905,77.27871634544663
1785.0,350.0,154.0,502.0,288.0,118.0,510.0,349.900603,154.264542,499.597309,0.0993970000000104,-0.26454200000000583,2.4026910000000044,2.4192532473583714,72.13875518748573
1786.0,444.0,226.0,502.0,396.0,206.0,548.0,444.4921770000001,225.235236,501.91817499999996,-0.49217700000008335,0.7647640000000138,0.08182500000003756,0.9131251314305775,69.42621983083913
1787.0,384.0,280.0,502.0,326.0,272.0,524.0,384.43126300000006,279.957444,502.09419899999995,-0.4312630000000581,0.04255599999999049,-0.09419899999994641,0.4434774401320085,62.545983084447556
1788.0,514.0,292.0,502.0,476.0,288.0,574.0,514.1491530000001,291.598566,502.131195,-0.14915300000006937,0.40143399999999474,-0.13119499999999107,0.4478928463260093,81.51073548925933
1789.0,402.0,134.0,504.0,346.0,94.0,534.0,401.00664300000005,133.995078,502.94497099999995,0.9933569999999463,0.004921999999993432,1.0550290000000473,1.4490923180991586,75.07329751649384
1790.0,456.0,210.0,504.0,410.0,186.0,552.0,456.2362090000001,208.73348,501.195609,-0.2362090000000876,1.266520000000014,2.8043910000000096,3.086175057083141,70.68238818828917
1791.0,408.0,254.0,504.0,354.0,242.0,536.0,409.0485210000001,255.09189600000002,503.853529,-1.0485210000001075,-1.0918960000000197,0.14647100000001956,1.520883597156033,63.90618123468183
1792.0,542.0,284.0,504.0,508.0,280.0,586.0,542.0687090000001,284.721682,503.06447899999995,-0.06870900000012625,-0.7216819999999871,0.9355210000000511,1.1835308940818123,88.85943956609225
1793.0,456.0,228.0,506.0,408.0,210.0,558.0,456.45515100000006,228.319934,506.60894499999995,-0.4551510000000576,-0.3199339999999893,-0.6089449999999488,0.8248237449188663,73.02054505411473
1794.0,344.0,182.0,508.0,278.0,152.0,516.0,343.99095900000003,182.083036,507.18551099999996,0.00904099999996788,-0.08303599999999278,0.8144890000000373,0.8187606781581899,72.93833011524188
1795.0,412.0,198.0,514.0,354.0,172.0,550.0,412.07512500000007,197.61211000000003,514.052641,-0.07512500000007094,0.3878899999999703,-0.052640999999994165,0.3985893784410054,73.0479294709987
1796.0,416.0,288.0,516.0,356.0,284.0,552.0,415.13711100000006,289.269856,516.1712249999999,0.8628889999999387,-1.2698560000000043,-0.1712249999999358,1.5448073302784018,70.08566187174092
1797.0,458.0,204.0,520.0,406.0,180.0,576.0,459.32121500000005,203.55015199999997,520.822463,-1.321215000000052,0.44984800000003133,-0.8224629999999706,1.6200054585396053,80.09993757800315
1798.0,508.0,124.0,522.0,462.0,84.0,598.0,507.71786900000006,124.370622,522.438781,0.28213099999993574,-0.37062199999999734,-0.438780999999949,0.6399119736384974,97.4268956705488
1799.0,438.0,182.0,522.0,380.0,154.0,570.0,437.326067,182.48423400000001,522.662961,0.6739329999999768,-0.48423400000001493,-0.6629609999999957,1.0621607895069265,80.32434251209281
1800.0,382.0,150.0,524.0,316.0,114.0,550.0,382.03435900000005,150.342294,523.361909,-0.034359000000051765,-0.34229400000000965,0.6380910000000313,0.7249178212722116,79.54872720540537
1801.0,440.0,280.0,528.0,382.0,272.0,576.0,441.48198700000006,279.005176,527.947283,-1.4819870000000606,0.9948239999999942,0.05271700000002966,1.7857041583739932,75.7099729229908
1802.0,458.0,192.0,534.0,400.0,168.0,592.0,458.71705900000006,193.56386400000002,534.695441,-0.717059000000063,-1.5638640000000237,-0.6954409999999598,1.8556622549532305,85.46344247688599
1803.0,400.0,216.0,534.0,332.0,194.0,568.0,399.85772900000006,215.527112,533.964711,0.14227099999993698,0.47288800000001174,0.03528900000003432,0.495085256805326,79.14543574963751
1804.0,348.0,218.0,534.0,272.0,194.0,542.0,346.46542300000004,216.18372600000004,529.3503929999999,1.5345769999999561,1.8162739999999644,4.64960700000006,5.22231970167035,80.09993757800315
1805.0,514.0,310.0,534.0,462.0,312.0,612.0,513.371343,310.86105200000003,535.522831,0.6286569999999756,-0.8610520000000292,-1.5228309999999965,1.8589336795362035,93.76566535784833
1806.0,520.0,148.0,538.0,470.0,114.0,622.0,520.445319,148.59252600000002,539.297067,-0.44531900000004043,-0.5925260000000208,-1.29706699999997,1.4939139449533172,103.49879226348489
1807.0,518.0,150.0,538.0,468.0,116.0,620.0,518.388243,150.265668,538.282117,-0.38824299999998857,-0.2656680000000051,-0.2821169999999711,0.548545453870486,101.88228501560023
1808.0,500.0,266.0,538.0,442.0,256.0,612.0,497.3358630000001,265.1271,540.175835,2.6641369999999256,0.8729000000000156,-2.1758350000000064,3.5487798342520005,94.55157322858251
1809.0,508.0,146.0,544.0,454.0,112.0,624.0,508.5147390000001,147.020904,544.9876429999999,-0.5147390000000769,-1.0209040000000016,-0.9876429999999345,1.5108407959761851,102.33279044372826
1810.0,516.0,270.0,550.0,460.0,264.0,632.0,516.599259,271.330336,551.115917,-0.5992589999999609,-1.3303359999999884,-1.1159169999999676,1.8368930216171682,99.4786409235671
1811.0,504.0,114.0,552.0,440.0,68.0,632.0,499.32967900000006,110.979504,554.413581,4.670320999999944,3.0204959999999943,-2.413581000000022,6.063057609211507,112.30316113093166
1812.0,502.0,262.0,552.0,442.0,252.0,628.0,501.4647790000001,261.656508,552.5677189999999,0.5352209999999218,0.3434920000000261,-0.5677189999998973,0.8524981735263821,97.34474818910365
1813.0,376.0,130.0,556.0,296.0,90.0,586.0,375.65035500000005,130.365882,556.2935729999999,0.3496449999999527,-0.36588199999999915,-0.2935729999999239,0.5850695431125446,94.33981132056604
1814.0,370.0,240.0,556.0,290.0,224.0,584.0,371.64849100000004,240.12892800000003,557.5955429999999,-1.6484910000000355,-0.12892800000003035,-1.595542999999907,2.2978038365173443,86.2554346113913
1815.0,484.0,236.0,558.0,420.0,222.0,632.0,485.14534900000007,237.17087199999997,561.0995949999999,-1.145349000000067,-1.1708719999999744,-3.0995949999999084,3.5057459600218506,98.83319280484669
1816.0,436.0,272.0,558.0,364.0,262.0,608.0,435.73453300000006,270.528128,557.387315,0.26546699999994416,1.471872000000019,0.6126850000000559,1.616249616147857,88.2269800004511
1817.0,470.0,298.0,564.0,400.0,296.0,628.0,469.21477500000003,297.915836,563.903477,0.7852249999999685,0.08416399999998703,0.09652300000004743,0.7955995029221408,94.86832980505137
1818.0,466.0,304.0,564.0,396.0,302.0,626.0,465.638775,302.875026,563.4467649999999,0.36122499999999036,1.1249740000000088,0.5532350000000861,1.3046528145549328,93.53074360871938
1819.0,358.0,260.0,566.0,270.0,248.0,586.0,356.83873300000005,259.865858,564.576853,1.1612669999999525,0.1341419999999971,1.4231469999999717,1.8417064112017987,91.03845341392834
1820.0,374.0,232.0,568.0,290.0,214.0,594.0,374.1629510000001,231.819618,565.267863,-0.16295100000007778,0.1803820000000087,2.732136999999966,2.742929689418568,89.7552226892675
1821.0,350.0,178.0,570.0,262.0,146.0,592.0,351.28443300000004,176.33096,570.328925,-1.2844330000000355,1.6690399999999954,-0.32892500000002656,2.1315849288062845,96.18731725128839
1822.0,506.0,314.0,570.0,438.0,316.0,652.0,505.166835,313.78162000000003,572.872243,0.8331650000000081,0.21837999999996782,-2.872243000000026,2.998605274569187,106.54576481493763
1823.0,360.0,222.0,572.0,270.0,202.0,594.0,358.51533100000006,222.108114,570.346831,1.4846689999999398,-0.10811400000000049,1.653169000000048,2.224611970460912,94.78396488858229
1824.0,408.0,174.0,580.0,322.0,142.0,624.0,406.20304500000003,172.326144,579.5659969999999,1.7969549999999685,1.6738560000000007,0.4340030000000752,2.4938323489701455,101.76443386566841
1825.0,496.0,220.0,580.0,426.0,202.0,660.0,496.91890900000004,220.4205,581.100997,-0.9189090000000419,-0.4205000000000041,-1.1009970000000067,1.494459231391106,107.81465577554843
1826.0,364.0,132.0,586.0,270.0,92.0,616.0,363.271423,131.782736,586.3740069999999,0.7285769999999729,0.21726400000000012,-0.3740069999998923,0.8472953007504999,106.47065323364932
1827.0,436.0,152.0,588.0,354.0,118.0,646.0,436.584171,152.227798,588.113515,-0.5841710000000262,-0.22779800000000705,-0.1135150000000067,0.6372074554413464,106.03772913449251
1828.0,340.0,210.0,588.0,242.0,186.0,608.0,340.25936900000005,208.99561599999998,588.341913,-0.25936900000004925,1.004384000000016,-0.3419129999999768,1.0922289124474052,102.85912696499032
1829.0,324.0,150.0,590.0,224.0,114.0,604.0,324.59598900000003,150.200268,589.212855,-0.5959890000000314,-0.20026799999999412,0.7871450000000095,1.0074261317685034,107.20074626605917
1830.0,458.0,214.0,594.0,372.0,196.0,660.0,454.903051,215.812908,595.0697889999999,3.096948999999995,-1.812907999999993,-1.0697889999999006,3.744619744324613,109.89085494252923
1831.0,406.0,224.0,598.0,316.0,204.0,642.0,406.771721,222.89858600000002,595.7091949999999,-0.7717210000000136,1.101413999999977,2.2908050000000912,2.656398623938506,102.15674231297707
1832.0,414.0,158.0,610.0,320.0,122.0,660.0,413.84195700000004,155.52298,607.8607589999999,0.15804299999996374,2.47702000000001,2.1392410000000837,3.276729730437101,112.39217054581694
1833.0,430.0,198.0,116.0,532.0,166.0,94.0,431.665595,197.277022,113.48548099999996,-1.6655949999999962,0.7229780000000119,2.5145190000000355,3.101565684274667,109.14210919713803
1834.0,446.0,186.0,124.0,548.0,152.0,108.0,447.619311,185.553748,120.07061699999997,-1.619310999999982,0.446251999999987,3.92938300000003,4.273331220829268,108.70142593360954
1835.0,278.0,138.0,138.0,328.0,96.0,68.0,265.754991,141.43735600000002,145.598501,12.245008999999982,-3.4373560000000225,-7.598500999999999,14.815292070283924,95.72878355019456
1836.0,456.0,226.0,140.0,548.0,204.0,136.0,455.364999,227.78304000000003,142.32759299999998,0.6350009999999884,-1.7830400000000282,-2.327592999999979,3.000024514108174,94.678403028357
1837.0,520.0,102.0,178.0,612.0,52.0,204.0,521.456755,102.148644,177.061717,-1.4567550000000438,-0.14864400000000444,0.9382830000000126,1.739139199963635,107.88883167408942
1838.0,550.0,102.0,188.0,640.0,52.0,228.0,549.461595,101.696988,188.43443299999996,0.5384050000000116,0.3030119999999954,-0.4344329999999559,0.7552670042163707,110.45361017187261
1839.0,210.0,176.0,204.0,240.0,136.0,116.0,210.216023,174.093884,206.136181,-0.21602300000000696,1.9061159999999973,-2.1361809999999934,2.8710996859645896,101.21264743103995
1840.0,198.0,184.0,204.0,224.0,148.0,108.0,195.80624300000002,184.10634,204.19316099999998,2.1937569999999766,-0.10633999999998878,-0.19316099999997505,2.2048104550209944,105.77334257741882
1841.0,230.0,150.0,240.0,248.0,108.0,164.0,228.678467,150.537916,241.07888099999997,1.321532999999988,-0.5379159999999956,-1.0788809999999671,1.7887949310376225,88.67919710958145
1842.0,206.0,106.0,256.0,216.0,50.0,178.0,206.94390700000002,103.062914,259.706389,-0.9439070000000243,2.9370859999999936,-3.7063890000000015,4.8223183237283305,96.54014708917737
1843.0,176.0,144.0,268.0,178.0,100.0,174.0,176.81411699999998,144.26079,266.953553,-0.8141169999999818,-0.26078999999998587,1.0464470000000006,1.351239888990095,103.80751417888784
1844.0,344.0,260.0,284.0,364.0,244.0,256.0,343.9639910000001,260.0998,283.73968099999996,0.0360089999999218,-0.0998000000000161,0.26031900000003816,0.2811097113975564,37.94733192202055
1845.0,428.0,230.0,344.0,444.0,212.0,356.0,431.87537100000003,232.22655600000002,340.340629,-3.8753710000000297,-2.2265560000000164,3.6593710000000215,5.776421740525744,26.90724809414742
1846.0,396.0,238.0,352.0,400.0,216.0,356.0,397.718583,235.749484,351.8086609999999,-1.7185830000000237,2.2505160000000046,0.19133900000008452,2.8381262140831818,22.715633383201094
1847.0,604.0,306.0,378.0,628.0,306.0,464.0,603.797097,306.824032,377.36195899999996,0.20290299999999206,-0.8240319999999883,0.6380410000000438,1.0617413442614136,89.28605714219886
1848.0,606.0,134.0,384.0,628.0,92.0,476.0,605.033819,131.477076,384.61318099999994,0.966181000000006,2.522923999999989,-0.6131809999999405,2.7703144538658213,103.49879226348489
1849.0,418.0,166.0,390.0,408.0,130.0,410.0,417.2313230000001,164.635946,390.85134099999993,0.7686769999999115,1.36405400000001,-0.851340999999934,1.7822146738049767,42.37924020083418
1850.0,530.0,288.0,398.0,532.0,280.0,460.0,527.9260310000001,286.12843599999997,398.93927299999996,2.07396899999992,1.8715640000000349,-0.9392729999999574,2.9472585545869094,62.545983084447556
1851.0,592.0,190.0,410.0,604.0,164.0,500.0,593.264555,190.264524,410.19029299999994,-1.264554999999973,-0.26452399999999443,-0.1902929999999401,1.3058651233760346,94.44575162494075
1852.0,460.0,254.0,416.0,448.0,240.0,456.0,461.256659,253.90347200000002,417.263969,-1.2566590000000133,0.09652799999997796,-1.2639689999999746,1.784972585230923,44.04543109109048
1853.0,556.0,310.0,422.0,556.0,312.0,492.0,555.186671,311.799572,417.876113,0.8133289999999533,-1.799572000000012,4.123887000000025,4.572352505460856,70.02856560004639
1854.0,512.0,282.0,424.0,504.0,276.0,480.0,511.33741499999996,282.766808,421.712005,0.6625850000000355,-0.7668080000000259,2.2879950000000235,2.50238576384901,56.88585061331157
1855.0,482.0,262.0,428.0,468.0,248.0,476.0,482.07423900000003,260.095428,427.684537,-0.07423900000003414,1.9045719999999733,0.3154630000000225,1.9319479383963527,51.92301994298868
1856.0,494.0,286.0,434.0,480.0,280.0,488.0,494.80455500000005,286.079024,434.20020099999994,-0.8045550000000503,-0.07902400000000398,-0.2002009999999359,0.832846913305234,56.10704055642215
1857.0,482.0,256.0,444.0,464.0,244.0,496.0,484.13583100000005,256.59844,444.223101,-2.135831000000053,-0.5984399999999823,-0.22310099999998556,2.229277584860665,56.32051136131489
1858.0,466.0,254.0,450.0,440.0,240.0,492.0,464.409319,253.507988,447.31089299999996,1.5906810000000178,0.49201199999998835,2.6891070000000354,3.1628528750724776,51.34199061197374
1859.0,474.0,268.0,450.0,452.0,260.0,500.0,475.992811,269.71623600000004,450.60273299999994,-1.9928110000000174,-1.7162360000000376,-0.6027329999999438,2.698156548220679,55.20869496736904
1860.0,464.0,270.0,454.0,436.0,260.0,500.0,463.559339,269.80647600000003,454.75884499999995,0.4406609999999773,0.19352399999996805,-0.7588449999999511,0.8985985697306075,54.772255750516614
1861.0,570.0,310.0,454.0,556.0,308.0,540.0,567.643939,307.937332,455.129213,2.356060999999954,2.0626679999999737,-1.129212999999993,3.3287752572550855,87.1550342780037
1862.0,372.0,242.0,462.0,332.0,228.0,476.0,376.213427,244.488628,462.817869,-4.213427000000024,-2.4886280000000056,-0.8178689999999733,4.961365347147314,44.63182720884279
1863.0,504.0,326.0,468.0,476.0,324.0,528.0,502.4944870000001,321.634472,466.74171299999995,1.505512999999894,4.365527999999983,1.2582870000000526,4.786197894605035,66.24198064671678
1864.0,196.0,148.0,480.0,118.0,112.0,432.0,197.44171500000002,151.265832,483.09869899999995,-1.4417150000000163,-3.265831999999989,-3.0986989999999537,4.727170008160241,98.40731680114035
1865.0,440.0,178.0,496.0,390.0,150.0,540.0,437.25389700000005,179.520236,496.719277,2.7461029999999482,-1.5202360000000112,-0.7192769999999769,3.2201798994829027,72.24956747275377
1866.0,328.0,180.0,506.0,260.0,148.0,508.0,327.885955,179.0077,505.607109,0.11404499999997597,0.9923000000000002,0.3928910000000201,1.073326087405878,75.17978451685
1867.0,456.0,212.0,506.0,412.0,196.0,552.0,457.87854300000004,216.90911999999997,500.772905,-1.878543000000036,-4.909119999999973,5.22709500000002,7.412887771730669,65.63535632568775
1868.0,408.0,218.0,506.0,352.0,196.0,540.0,408.12989100000004,217.394388,507.03536899999995,-0.12989100000004328,0.6056120000000078,-1.035368999999946,1.2064934863420975,69.10861017268398
1869.0,488.0,296.0,506.0,444.0,292.0,568.0,487.75590300000005,295.127248,505.82066499999996,0.24409699999995382,0.8727519999999913,0.17933500000003733,0.923818402684194,76.13146524269712
1870.0,570.0,316.0,506.0,542.0,320.0,602.0,573.0066130000001,317.081778,507.05058899999995,-3.0066130000001294,-1.0817779999999857,-1.0505889999999454,3.363584787094661,100.07996802557443
1871.0,354.0,228.0,508.0,288.0,208.0,520.0,353.29656300000005,227.824432,508.23772899999994,0.7034369999999512,0.1755679999999984,-0.2377289999999448,0.7629959456208825,70.0
1872.0,532.0,292.0,512.0,492.0,288.0,592.0,531.267323,291.288024,511.95951699999995,0.7326769999999669,0.7119759999999928,0.04048300000005156,1.022430576711175,89.53211714239757
1873.0,570.0,308.0,518.0,532.0,304.0,608.0,566.656219,303.965672,514.154741,3.3437810000000354,4.034328000000016,3.8452590000000555,6.499437711419874,97.77525249264254
1874.0,538.0,200.0,520.0,496.0,180.0,604.0,536.5468030000001,202.69986,519.197897,1.453196999999932,-2.699860000000001,0.8021029999999882,3.1692893151332506,96.02083107326243
1875.0,432.0,190.0,522.0,376.0,164.0,564.0,432.74428300000005,190.76714800000002,519.1373209999999,-0.7442830000000527,-0.7671480000000201,2.862679000000071,3.0557166581727624,74.67261881037788
1876.0,420.0,232.0,524.0,360.0,212.0,564.0,420.7339310000001,230.154604,523.758121,-0.7339310000000978,1.8453959999999938,0.24187900000003992,2.000661530648835,74.83314773547883
1877.0,472.0,130.0,526.0,420.0,92.0,588.0,472.54791500000005,131.279428,525.656893,-0.5479150000000459,-1.2794279999999958,0.3431070000000318,1.4334815198871804,89.39798655450804
1878.0,370.0,232.0,528.0,296.0,212.0,552.0,367.876911,230.66243199999997,531.0596129999999,2.123088999999993,1.337568000000033,-3.0596129999998993,3.9569971905870043,80.32434251209281
1879.0,558.0,270.0,530.0,518.0,258.0,626.0,560.056139,266.16449800000004,531.330447,-2.05613900000003,3.8355019999999627,-1.3304470000000492,4.550700209762665,104.6900186264192
1880.0,504.0,260.0,552.0,444.0,252.0,628.0,503.01896300000004,261.645228,552.0482049999999,0.981036999999958,-1.6452279999999746,-0.04820499999993899,1.9161243407925874,97.15966241192895
1881.0,412.0,254.0,570.0,332.0,240.0,612.0,411.71470300000004,252.64842800000002,568.594209,0.2852969999999573,1.351571999999976,1.405791000000022,1.9708854824859745,91.43303560529968
1882.0,324.0,236.0,574.0,228.0,216.0,584.0,323.39826700000003,233.92907200000002,573.623029,0.6017329999999674,2.070927999999981,0.3769710000000259,2.189276711453785,98.56977224281286
1883.0,460.0,288.0,578.0,384.0,284.0,640.0,459.79865500000005,288.03490400000004,577.2663729999999,0.2013449999999466,-0.034904000000040014,0.7336270000000695,0.7615554302676092,98.16312953446422
1884.0,328.0,198.0,582.0,232.0,172.0,596.0,329.241907,197.73719599999998,581.4809929999999,-1.241907000000026,0.2628040000000169,0.5190070000001015,1.371410662461897,100.43903623591775
1885.0,404.0,174.0,586.0,316.0,144.0,628.0,402.599167,173.94841200000002,584.251553,1.4008329999999773,0.05158799999998109,1.7484470000000556,2.240995610759229,102.0196059588548
1886.0,304.0,204.0,116.0,384.0,172.0,48.0,304.736863,203.586888,116.24960499999997,-0.736863000000028,0.41311200000001236,-0.2496049999999741,0.8808696051845805,109.76338187209795
1887.0,280.0,180.0,120.0,348.0,140.0,48.0,276.47947100000005,177.591784,125.29106499999997,3.5205289999999536,2.40821600000001,-5.291064999999975,6.796248787141437,106.80823938254952
1888.0,216.0,164.0,224.0,240.0,124.0,140.0,216.35650700000002,163.975844,224.66592099999997,-0.3565070000000219,0.02415600000000495,-0.6659209999999689,0.7557324471173474,96.08329719571451
1889.0,236.0,132.0,236.0,256.0,88.0,160.0,233.677859,134.167912,235.69955299999998,2.322140999999988,-2.167912000000001,0.30044700000001967,3.190995089847987,90.06664199358161
1890.0,596.0,140.0,256.0,668.0,100.0,328.0,597.6693909999999,139.61238400000002,259.31722499999995,-1.669390999999905,0.38761599999998,-3.317224999999951,3.7337774672523456,109.39835464941875
1891.0,164.0,156.0,260.0,164.0,112.0,160.0,162.39695500000002,154.3354,259.82954099999995,1.6030449999999803,1.6646000000000072,0.17045900000005076,2.3172618977374952,109.2520022699813
1892.0,172.0,188.0,272.0,172.0,160.0,176.0,173.20098700000003,193.39167199999997,270.646781,-1.2009870000000262,-5.391671999999971,1.3532190000000242,5.687152045770697,100.0
1893.0,176.0,148.0,276.0,176.0,100.0,176.0,175.780455,144.247592,269.026893,0.21954500000001076,3.7524080000000026,6.973107000000027,7.921678296859726,110.92339699089638
1894.0,136.0,156.0,284.0,120.0,112.0,172.0,131.32803900000002,154.436692,280.581805,4.671960999999982,1.5633080000000064,3.4181950000000256,5.996266217106277,121.39192724394815
1895.0,448.0,188.0,308.0,476.0,160.0,324.0,447.95558300000005,189.86574000000002,306.663777,0.04441699999995308,-1.8657400000000166,1.3362230000000181,2.2953105504959685,42.708313008125245
1896.0,424.0,164.0,340.0,436.0,128.0,352.0,423.877131,163.550504,338.49782899999997,0.12286899999998013,0.44949600000001055,1.5021710000000326,1.5727877029078345,39.7994974842648
1897.0,464.0,252.0,360.0,472.0,236.0,392.0,463.214903,251.27664,361.268645,0.7850970000000075,0.7233600000000138,-1.2686449999999923,1.6580371301735108,36.66060555964672
1898.0,380.0,140.0,408.0,360.0,96.0,416.0,381.19276300000007,136.997704,407.652001,-1.1927630000000704,3.002296000000001,0.3479990000000157,3.2492411652239954,48.98979485566356
1899.0,496.0,288.0,412.0,492.0,284.0,464.0,497.91865500000006,289.57984799999997,412.47592899999995,-1.918655000000058,-1.57984799999997,-0.475928999999951,2.530546408420537,52.306787322488084
1900.0,444.0,272.0,416.0,428.0,260.0,448.0,443.809031,270.488024,416.43742499999996,0.1909689999999955,1.5119760000000042,-0.437424999999962,1.5855223789533777,37.73592452822641
1901.0,600.0,244.0,424.0,604.0,228.0,516.0,597.992891,242.464988,423.2404849999999,2.007109000000014,1.5350119999999947,0.7595150000000785,2.6384865762876566,93.46657156438339
1902.0,600.0,124.0,428.0,608.0,84.0,524.0,601.913987,124.45286800000001,427.022697,-1.91398700000002,-0.4528680000000094,0.9773030000000063,2.196259733137704,104.30723848324239
1903.0,584.0,172.0,432.0,584.0,144.0,520.0,582.7516350000001,173.75870400000002,430.73007299999995,1.2483649999999216,-1.758704000000023,1.2699270000000524,2.502832299250195,92.34717104492157
1904.0,444.0,160.0,440.0,416.0,128.0,476.0,440.60765499999997,162.145668,440.03018099999997,3.3923450000000344,-2.1456680000000006,-0.03018099999997048,4.01407606529949,55.71355310873648
1905.0,584.0,168.0,444.0,580.0,140.0,536.0,583.772183,170.310672,444.160985,0.22781699999995908,-2.310672000000011,-0.1609849999999824,2.327449644417259,96.24967532412772
1906.0,496.0,284.0,444.0,476.0,276.0,500.0,494.784059,282.679948,444.52346099999994,1.2159409999999866,1.3200519999999756,-0.5234609999999407,1.8695082820639872,60.0
1907.0,464.0,272.0,448.0,436.0,260.0,496.0,462.518295,269.855432,451.651193,1.4817049999999767,2.1445679999999925,-3.651192999999978,4.486182334334812,56.85068161420758
1908.0,532.0,196.0,456.0,512.0,168.0,532.0,530.135703,193.66652399999998,458.98787699999997,1.864296999999965,2.3334760000000188,-2.987876999999969,4.224703837420296,83.42661445845684
1909.0,476.0,312.0,456.0,448.0,312.0,504.0,474.383867,312.261824,455.252825,1.6161329999999907,-0.26182399999999006,0.747175000000027,1.7996411201375693,55.569775957799216
1910.0,200.0,288.0,460.0,128.0,280.0,404.0,199.406247,289.09238,460.373973,0.5937529999999924,-1.0923799999999915,-0.37397299999997813,1.298342209950041,91.56418513807678
1911.0,380.0,172.0,476.0,332.0,140.0,496.0,380.64292700000004,172.19895200000002,477.50420099999997,-0.6429270000000429,-0.19895200000001978,-1.5042009999999664,1.647894922024448,61.05735008989499
1912.0,456.0,224.0,484.0,416.0,204.0,532.0,455.85221100000007,223.680876,484.273065,0.147788999999932,0.319123999999988,-0.27306499999997413,0.4452484813247071,65.60487786742691
1913.0,580.0,312.0,488.0,548.0,316.0,588.0,573.9902510000001,313.944516,494.57654099999996,6.0097489999999425,-1.9445160000000214,-6.576540999999963,9.118613767560117,105.07140429250958
1914.0,528.0,292.0,496.0,496.0,288.0,572.0,529.170471,291.510244,495.382229,-1.1704710000000205,0.48975599999999986,0.6177710000000047,1.4112066857190173,82.55906976220118
1915.0,500.0,280.0,500.0,456.0,268.0,560.0,494.78735900000004,275.508872,496.25593299999997,5.212640999999962,4.491128000000003,3.7440670000000296,7.833255683798012,75.3657747256671
1916.0,328.0,176.0,512.0,256.0,144.0,516.0,326.82441500000004,175.65758,512.822717,1.1755849999999555,0.34242000000000417,-0.8227170000000115,1.475166028185952,78.89233169326408
1917.0,432.0,216.0,512.0,380.0,196.0,556.0,434.05264300000005,217.040644,512.192781,-2.052643000000046,-1.0406439999999861,-0.19278099999996812,2.30942584512821,70.9929573971954
1918.0,420.0,232.0,524.0,364.0,216.0,564.0,423.8775590000001,233.406812,522.7578169999999,-3.877559000000076,-1.4068120000000022,1.2421830000000682,4.307853573105145,70.65408693062278
1919.0,536.0,288.0,528.0,492.0,284.0,608.0,535.396239,287.817432,524.3514009999999,0.6037609999999631,0.1825680000000034,3.648599000000104,3.702719687276734,91.3892772703669
1920.0,364.0,236.0,536.0,292.0,220.0,556.0,365.88010700000007,237.18557200000004,535.283741,-1.8801070000000664,-1.185572000000036,0.7162590000000364,2.3352537878599806,76.4198926981712
1921.0,528.0,272.0,536.0,480.0,268.0,616.0,528.012183,274.688128,533.5288929999999,-0.012183000000050015,-2.688128000000006,2.4711070000000745,3.6513765041861133,93.38094023943002
1922.0,516.0,288.0,544.0,460.0,284.0,620.0,513.652427,287.851044,541.9865809999999,2.3475730000000112,0.1489559999999983,2.0134190000001126,3.0963111842685493,94.48809448814173
1923.0,424.0,280.0,548.0,356.0,272.0,592.0,425.441771,278.955992,547.1315729999999,-1.441771000000017,1.0440080000000194,0.8684270000001106,1.980611464885095,81.38795979750321
1924.0,472.0,280.0,548.0,412.0,276.0,612.0,474.199403,281.67014,548.162165,-2.199403000000018,-1.6701400000000035,-0.16216499999995904,2.766412598155611,87.8179936004006
1925.0,524.0,272.0,552.0,476.0,268.0,632.0,529.067991,274.514864,546.998529,-5.067991000000006,-2.5148639999999887,5.001471000000038,7.551409529248058,93.38094023943002
1926.0,504.0,148.0,556.0,452.0,120.0,624.0,507.031075,153.58172000000002,545.584605,-3.031074999999987,-5.5817200000000184,10.41539499999999,12.199322391840045,90.06664199358161
1927.0,368.0,236.0,568.0,280.0,216.0,592.0,365.88913900000006,233.53788000000003,566.330969,2.110860999999943,2.4621199999999703,1.6690310000000181,3.6473872202827153,93.38094023943002
1928.0,324.0,296.0,592.0,220.0,292.0,604.0,323.05669100000006,295.950004,591.975101,0.9433089999999424,0.04999600000002147,0.02489900000000489,0.9449610731124821,104.76640682967036
1929.0,232.0,244.0,200.0,272.0,220.0,116.0,235.823427,242.683532,198.63716099999996,-3.8234270000000095,1.3164679999999862,1.3628390000000365,4.267201912175487,96.08329719571451
1930.0,404.0,212.0,208.0,468.0,184.0,192.0,407.59595500000006,211.17501600000003,206.42166099999997,-3.5959550000000604,0.8249839999999722,1.5783390000000281,4.012810107792602,71.66589146867567
1931.0,228.0,120.0,236.0,252.0,72.0,160.0,230.428451,121.09140000000001,236.58368499999997,-2.4284509999999955,-1.0914000000000073,-0.5836849999999743,2.725658892566339,93.03762679690406
1932.0,184.0,176.0,240.0,200.0,140.0,148.0,187.495955,177.202604,241.42640099999997,-3.4959550000000092,-1.202604000000008,-1.42640099999997,3.9626477960628796,100.07996802557443
1933.0,148.0,192.0,240.0,148.0,152.0,132.0,143.028775,187.516012,242.619329,4.971225000000004,4.483988000000011,-2.6193289999999934,7.188888008239529,115.16944039110375
1934.0,212.0,156.0,256.0,220.0,112.0,172.0,209.037239,153.872692,254.60610499999999,2.9627610000000004,2.1273079999999993,1.3938950000000148,3.9046555982583198,95.16301802696255
1935.0,168.0,168.0,264.0,168.0,128.0,168.0,167.728451,167.31400000000002,265.160713,0.27154899999999316,0.6859999999999786,-1.160712999999987,1.3753506926489465,104.0
1936.0,140.0,116.0,292.0,124.0,64.0,192.0,139.21850700000002,114.87213600000001,294.616349,0.7814929999999833,1.1278639999999882,-2.616349000000014,2.9543342061022853,113.84199576606166
1937.0,184.0,184.0,292.0,176.0,148.0,204.0,183.490883,183.202116,291.245145,0.5091170000000034,0.7978840000000105,0.7548550000000205,1.2106300294351082,95.4148835350125
1938.0,380.0,172.0,420.0,352.0,136.0,428.0,378.45175900000004,169.64363600000001,419.440253,1.5482409999999618,2.356363999999985,0.5597470000000158,2.874511819176576,46.3033476111609
1939.0,452.0,232.0,420.0,440.0,216.0,456.0,454.828363,234.299984,419.10968099999997,-2.8283630000000244,-2.299983999999995,0.8903190000000336,3.752629955349471,41.182520563948
1940.0,440.0,256.0,420.0,424.0,244.0,448.0,440.55962300000004,257.411512,417.321557,-0.5596230000000446,-1.411512000000016,2.6784430000000157,3.0788960574404225,34.40930106817051
1941.0,584.0,152.0,436.0,584.0,120.0,528.0,584.622163,154.012184,436.71303299999994,-0.6221630000000005,-2.0121839999999906,-0.713032999999939,2.22359782953525,97.40636529508737
1942.0,484.0,260.0,464.0,456.0,248.0,520.0,484.2006190000001,259.624592,464.98579299999994,-0.20061900000007427,0.3754079999999931,-0.9857929999999442,1.073763003867201,63.74950980203691
1943.0,380.0,248.0,496.0,324.0,232.0,516.0,380.44239100000004,247.31895600000001,496.01116899999994,-0.4423910000000433,0.6810439999999858,-0.011168999999938478,0.812191771306517,61.57921727336261
1944.0,352.0,216.0,528.0,272.0,192.0,544.0,346.968315,214.521864,530.884857,5.031684999999982,1.4781360000000063,-2.884857000000011,5.9854105860976565,85.0411665018772
1945.0,488.0,312.0,532.0,428.0,316.0,600.0,483.86234300000007,314.474448,535.0703369999999,4.137656999999933,-2.4744479999999953,-3.0703369999998813,5.715773582632599,90.77444574328173
1946.0,524.0,316.0,536.0,472.0,316.0,612.0,521.1775230000001,314.07941999999997,532.963985,2.8224769999999353,1.9205800000000295,3.0360150000000203,4.568631198964726,92.0869154657707
1947.0,376.0,244.0,556.0,296.0,228.0,584.0,376.34630300000003,243.36985600000003,556.0757249999999,-0.34630300000003444,0.630143999999973,-0.07572499999992033,0.7230086473687418,86.2554346113913
1948.0,360.0,220.0,568.0,272.0,200.0,592.0,359.53136300000006,220.483928,568.2541289999999,0.46863699999994424,-0.4839279999999917,-0.2541289999999208,0.7199920107847722,93.38094023943002
1949.0,232.0,148.0,236.0,248.0,120.0,160.0,227.743203,160.411176,238.087401,4.256797000000006,-12.411176000000012,-2.087401,13.285889256537793,82.55906976220118
1950.0,556.0,320.0,452.0,544.0,320.0,536.0,557.3835710000001,317.878272,455.25481699999995,-1.3835710000000745,2.1217280000000187,-3.254816999999946,4.1242977731383474,84.8528137423857
1951.0,504.0,312.0,492.0,472.0,312.0,560.0,507.608691,311.44108,492.525785,-3.6086910000000216,0.5589200000000005,-0.5257849999999848,3.6893755794315846,75.15317691222374
1952.0,368.0,228.0,600.0,260.0,204.0,636.0,361.69300300000003,223.28785999999997,605.5941089999999,6.306996999999967,4.7121400000000335,-5.594108999999889,9.657977533701798,116.34431657799189
1953.0,464.0,272.0,448.0,432.0,256.0,496.0,459.37466700000004,266.603224,452.65149699999995,4.625332999999955,5.3967759999999885,-4.651496999999949,8.49442881517486,59.86651818838306
1954.0,504.0,288.0,480.0,472.0,288.0,544.0,503.23295500000006,291.988296,479.86283299999997,0.7670449999999391,-3.988295999999991,0.13716700000003357,4.063702474533519,71.55417527999327
1955.0,480.0,256.0,496.0,440.0,248.0,552.0,480.0954990000001,259.32318399999997,494.00312099999996,-0.09549900000007483,-3.3231839999999693,1.9968790000000354,3.878169374524268,69.2820323027551
1956.0,520.0,304.0,496.0,480.0,296.0,568.0,515.766475,298.198976,496.508137,4.233524999999986,5.801023999999984,-0.5081369999999765,7.199501134451586,82.75264346230881
1957.0,384.0,272.0,504.0,328.0,264.0,528.0,386.9559710000001,273.347672,504.60488899999996,-2.9559710000000905,-1.3476719999999887,-0.6048889999999574,3.3045234262668575,61.44916598294886
1958.0,392.0,264.0,592.0,304.0,256.0,632.0,395.30238700000007,265.66064,591.560561,-3.302387000000067,-1.6606400000000008,0.43943899999999303,3.722444323571602,96.99484522385713
1959.0,408.0,256.0,392.0,400.0,240.0,408.0,411.463715,254.761664,392.440481,-3.4637149999999792,1.2383360000000039,-0.44048099999997703,3.7047025739567605,24.0
1960.0,496.0,256.0,480.0,464.0,240.0,536.0,494.51101100000005,252.834112,475.26089699999994,1.4889889999999468,3.1658879999999954,4.739103000000057,5.890588452376753,66.4529909033446
1961.0,456.0,192.0,528.0,456.0,200.0,592.0,502.516291,219.446168,520.4588409999999,-46.516291000000024,-27.446168,7.541159000000107,54.533719342661655,64.4980619863884
1962.0,344.0,224.0,552.0,264.0,208.0,576.0,349.220971,227.274408,557.979025,-5.22097100000002,-3.274407999999994,-5.979024999999979,8.586560771573792,85.0411665018772
