match_index,source_x,source_y,source_z,reference_x,reference_y,reference_z,predicted_source_x,predicted_source_y,predicted_source_z,residual_x,residual_y,residual_z,residual_l2,raw_delta_l2
0.0,86.0,217.0,1.0,87.0,216.0,1.0,86.97689799999998,216.01940499999998,0.996189,-0.9768979999999772,0.9805950000000223,0.003811000000000009,1.384164289436048,1.4142135623730951
1.0,4.0,103.0,2.0,4.0,103.0,2.0,3.9837540000000002,103.012957,2.0136950000000002,0.01624599999999976,-0.012957000000000107,-0.013695000000000235,0.024887133020900606,0.0
2.0,171.0,232.0,3.0,171.0,232.0,3.0,170.98291600000005,232.02387299999998,2.989065,0.017083999999954358,-0.023872999999980493,0.010934999999999917,0.031326624618645195,0.0
3.0,240.0,98.0,4.0,240.0,98.0,4.0,240.00728800000002,98.02512399999999,3.999111,-0.0072880000000168366,-0.025123999999991042,0.0008889999999999176,0.026174809282968906,0.0
4.0,104.0,102.0,4.0,103.0,103.0,5.0,102.99332999999999,103.01781999999999,5.007329,1.006670000000014,-1.0178199999999862,-1.0073290000000004,1.7504438738619987,1.7320508075688772
5.0,226.0,123.0,4.0,225.0,123.0,4.0,225.00253300000003,123.024754,3.9973710000000002,0.9974669999999719,-0.024754000000001497,0.0026289999999997704,0.9977775745354994,1.0
6.0,198.0,76.0,6.0,198.0,76.0,7.0,198.006091,76.02214000000001,7.004145,-0.006090999999997848,-0.022140000000007376,-1.0041450000000003,1.0044075173484122,1.0
7.0,245.0,220.0,6.0,245.0,218.0,5.0,244.991924,218.02730099999997,4.9858210000000005,0.008075999999988426,1.9726990000000342,1.0141789999999995,2.218144632439042,2.23606797749979
8.0,85.0,121.0,7.0,85.0,121.0,7.0,84.98919,121.016916,7.0065170000000006,0.010810000000006426,-0.016915999999994824,-0.00651700000000055,0.021106360297312537,0.0
9.0,182.0,177.0,7.0,183.0,177.0,7.0,182.991304,177.02306199999995,6.994197000000001,-0.9913040000000137,-0.023061999999953287,0.0058029999999993365,0.9915892047965352,1.0
10.0,230.0,8.0,8.0,232.0,7.0,10.0,232.01847,7.022385,10.009391,-2.0184700000000078,0.9776150000000001,-2.009391000000001,3.0112463233694506,3.0
11.0,215.0,71.0,8.0,215.0,71.0,7.0,215.0084,71.02295600000001,7.003597000000001,-0.008399999999994634,-0.022956000000007748,0.996402999999999,0.996702802416547,1.0
12.0,97.0,232.0,8.0,98.0,231.0,7.0,97.975931,231.01947499999997,6.993805000000001,-0.9759310000000028,0.9805250000000285,1.006194999999999,1.7106428529681639,1.7320508075688772
13.0,102.0,235.0,8.0,102.0,236.0,9.0,101.975641,236.01951599999998,8.992989000000001,0.024359000000004016,-1.0195159999999817,-0.9929890000000015,1.4233879967380523,1.4142135623730951
14.0,245.0,3.0,9.0,245.0,3.0,9.0,245.02026800000002,3.0231339999999998,9.009001000000001,-0.020268000000015718,-0.023133999999999766,-0.009001000000001369,0.03204671248350836,0.0
15.0,62.0,121.0,9.0,61.0,121.0,9.0,60.986844000000005,121.01538799999999,9.008033000000001,1.013155999999995,-0.0153879999999873,-0.008033000000001067,1.0133046925624047,1.0
16.0,133.0,206.0,9.0,133.0,204.0,8.0,132.98288100000002,204.02074299999998,7.994471000000001,0.017118999999979678,1.9792570000000183,1.0055289999999992,2.220099074827759,2.23606797749979
17.0,157.0,219.0,9.0,157.0,219.0,9.0,156.98322000000002,219.02214199999997,8.991305,0.01677999999998292,-0.022141999999973905,0.008694999999999453,0.02911081567043874,0.0
18.0,161.0,229.0,9.0,161.0,229.0,9.0,160.982288,229.02252399999998,8.989969,0.017711999999988848,-0.022523999999975786,0.010030999999999679,0.03035896047295605,0.0
19.0,14.0,118.0,11.0,15.0,118.0,10.0,14.982769000000001,118.012771,10.011291,-0.9827690000000011,-0.012771000000000754,0.9887090000000001,1.39411028705874,1.4142135623730951
20.0,179.0,131.0,11.0,178.0,129.0,10.0,177.997128,129.02159699999999,9.999671000000001,1.0028719999999964,1.9784030000000143,1.000328999999999,2.433205455162808,2.449489742783178
21.0,33.0,205.0,11.0,33.0,205.0,11.0,32.973022,205.01507599999997,11.000733,0.026977999999999724,-0.015075999999965006,-0.0007330000000003167,0.030913355511799922,0.0
22.0,200.0,67.0,12.0,200.0,67.0,12.0,200.00742799999998,67.021453,12.004939,-0.007427999999976009,-0.02145299999999395,-0.004939000000000249,0.023233598817216983,0.0
23.0,146.0,75.0,12.0,146.0,72.0,12.0,146.00153,72.018676,12.007855000000001,-0.0015300000000024738,2.9813240000000008,-0.007855000000001056,2.9813347404981223,3.0
24.0,217.0,159.0,13.0,217.0,159.0,13.0,216.99692400000004,159.02378999999996,12.993905000000002,0.0030759999999645515,-0.023789999999962674,0.006094999999998407,0.024750250523943924,0.0
25.0,195.0,19.0,14.0,195.0,19.0,14.0,195.013261,19.020116,14.010423000000001,-0.013260999999999967,-0.020116000000001577,-0.010423000000001181,0.026251600065521477,0.0
26.0,116.0,21.0,14.0,116.0,21.0,14.0,116.005334,21.015963,14.015263000000001,-0.005334000000004835,-0.015962999999999283,-0.015263000000000915,0.022720653467716474,0.0
27.0,38.0,127.0,14.0,39.0,127.0,14.0,38.983872999999996,127.013684,14.008743,-0.9838729999999956,-0.013683999999997809,-0.008743000000000833,0.9840069979598678,1.0
28.0,176.0,185.0,14.0,176.0,185.0,14.0,175.98950600000003,185.021931,13.993711000000001,0.010493999999965808,-0.021930999999995038,0.006288999999998879,0.02511263263775924,0.0
29.0,84.0,245.0,14.0,84.0,245.0,14.0,83.972662,245.01807499999998,13.993119,0.027338000000000306,-0.018074999999981856,0.006880999999999915,0.0334876100968606,0.0
30.0,42.0,140.0,15.0,42.0,140.0,15.0,41.98243900000001,140.01393599999997,15.007137,0.0175609999999935,-0.013935999999972637,-0.007137000000000171,0.02352737949706706,0.0
31.0,55.0,19.0,16.0,55.0,19.0,18.0,54.999645,19.012184,18.019343000000003,0.000354999999998995,-0.012184000000001305,-2.0193430000000028,2.019379787838338,2.0
32.0,126.0,136.0,17.0,126.0,136.0,17.0,125.99109700000001,136.01806399999998,17.002173000000003,0.008902999999989447,-0.018063999999981206,-0.002173000000002645,0.020255701271472793,0.0
33.0,127.0,122.0,18.0,127.0,122.0,18.0,126.993033,122.017751,18.003611,0.006967000000003054,-0.01775100000000407,-0.0036109999999993647,0.019408153209416457,0.0
34.0,126.0,123.0,18.0,126.0,123.0,18.0,125.99280399999999,123.017715,18.003567,0.00719600000000753,-0.017714999999995484,-0.00356700000000032,0.019450633151647037,0.0
35.0,231.0,130.0,18.0,231.0,130.0,18.0,231.00206500000004,130.02339899999998,17.996091,-0.0020650000000443924,-0.023398999999983516,0.003909000000000162,0.023812973501841663,0.0
36.0,226.0,142.0,18.0,226.0,140.0,16.0,226.00027799999998,140.02355999999997,15.995351000000001,-0.0002779999999802385,1.976440000000025,2.004648999999999,2.815125710174431,2.8284271247461903
37.0,212.0,176.0,18.0,212.0,176.0,18.0,211.99415000000002,176.02317399999995,17.992339,0.005849999999981037,-0.02317399999995473,0.007660999999998808,0.025098758873650737,0.0
38.0,155.0,56.0,19.0,155.0,56.0,19.0,155.00445200000001,56.017984999999996,19.008937,-0.0044520000000147775,-0.01798499999999592,-0.008936999999999529,0.020570622207409683,0.0
39.0,139.0,105.0,19.0,139.0,105.0,19.0,138.99643200000003,105.01796999999999,19.004669,0.003567999999972926,-0.01796999999999116,-0.004668999999999812,0.018906376834271744,0.0
40.0,147.0,82.0,21.0,147.0,81.0,20.0,147.000367,81.01785799999999,20.006739,-0.0003670000000113305,0.9821420000000103,0.9932610000000004,1.396843032331844,1.4142135623730951
41.0,145.0,90.0,21.0,145.0,90.0,21.0,144.998976,90.017777,21.005885000000003,0.001024000000001024,-0.01777699999999527,-0.005885000000002805,0.018753760422908973,0.0
42.0,157.0,90.0,23.0,157.0,90.0,24.0,157.00011300000003,90.018029,24.005087000000003,-0.00011300000002734123,-0.01802899999999852,-1.0050870000000032,1.0052486931993527,1.0
43.0,246.0,107.0,23.0,246.0,107.0,23.0,246.00651100000002,107.023163,22.997565,-0.006511000000017475,-0.023162999999996714,0.0024349999999984107,0.024183608394945277,0.0
44.0,163.0,47.0,24.0,163.0,47.0,24.0,163.00637100000003,47.01761599999999,24.009347,-0.0063710000000298805,-0.01761599999998964,-0.00934700000000177,0.020935126128114177,0.0
45.0,240.0,3.0,25.0,240.0,3.0,23.0,240.01965700000002,3.021077,23.009181,-0.019657000000023572,-0.021077000000000012,1.9908189999999983,1.991027606121772,2.0
46.0,145.0,100.0,25.0,145.0,99.0,24.0,144.997761,99.017546,24.004883000000003,0.0022390000000029886,0.9824540000000042,0.9951169999999969,1.398384324470924,1.4142135623730951
47.0,50.0,186.0,25.0,51.0,187.0,24.0,50.977027,187.01405999999997,24.001395000000002,-0.9770269999999996,-1.0140599999999722,0.9986049999999977,1.7262999126321992,1.7320508075688772
48.0,69.0,43.0,26.0,69.0,43.0,25.0,68.997772,43.012437999999996,25.015785,0.0022280000000023392,-0.012437999999995952,0.984214999999999,0.9842961109610248,1.0
49.0,181.0,44.0,28.0,182.0,43.0,28.0,182.00870600000002,43.018043,28.008523,-1.0087060000000179,0.9819570000000013,-0.00852300000000028,1.4077641797595357,1.4142135623730951
50.0,67.0,246.0,28.0,67.0,246.0,29.0,66.970746,246.01527099999996,28.993949,0.029253999999994562,-0.015270999999955848,-0.9939490000000006,0.9944966639250227,1.0
51.0,238.0,44.0,30.0,238.0,44.0,30.0,238.013988,44.020771999999994,30.004811,-0.01398800000001188,-0.020771999999993795,-0.004811000000000121,0.025500702911882167,0.0
52.0,50.0,215.0,30.0,50.0,216.0,30.0,49.973048,216.01373199999998,29.998267000000002,0.02695200000000142,-1.013731999999976,0.0017329999999979862,1.014091702666456,1.0
53.0,168.0,144.0,31.0,168.0,144.0,31.0,167.993989,144.018634,30.998481,0.006011000000000877,-0.0186339999999916,0.0015189999999982717,0.019638366479921194,0.0
54.0,47.0,207.0,31.0,48.0,206.0,31.0,47.974165,206.013328,30.999465,-0.9741649999999993,0.9866719999999987,0.000534999999999286,1.3865494470209117,1.4142135623730951
55.0,191.0,235.0,31.0,192.0,235.0,32.0,191.98429599999997,235.02132499999996,31.987107,-0.9842959999999721,-0.021324999999961847,-0.9871070000000017,1.3941569498051312,1.4142135623730951
56.0,134.0,124.0,32.0,134.0,124.0,32.0,133.993322,124.016364,32.002807,0.0066779999999937445,-0.016363999999995826,-0.0028069999999971174,0.017895681853446203,0.0
57.0,18.0,114.0,34.0,18.0,114.0,34.0,17.983372000000003,114.00979,34.011291,0.0166279999999972,-0.009789999999995302,-0.01129099999999994,0.022356680545193054,0.0
58.0,185.0,206.0,34.0,185.0,206.0,34.0,184.987427,206.02020499999998,33.990667,0.012573000000003276,-0.020204999999975826,0.009332999999998037,0.02556222296669577,0.0
59.0,72.0,234.0,34.0,72.0,234.0,34.0,71.97277,234.01469199999997,33.994875,0.027230000000002974,-0.014691999999968175,0.005124999999999602,0.03136229247040501,0.0
60.0,56.0,82.0,35.0,56.0,82.0,35.0,55.991273,82.011132,35.012305000000005,0.008727000000000373,-0.011132000000003472,-0.012305000000004895,0.01874819932687415,0.0
61.0,48.0,215.0,35.0,48.0,215.0,35.0,47.972941,215.01296899999997,34.998453000000005,0.027059000000001276,-0.01296899999996981,0.00154699999999508,0.030046258519144622,0.0
62.0,95.0,244.0,35.0,95.0,244.0,34.0,94.973681,244.01608099999996,33.992323,0.02631900000000087,-0.016080999999957157,1.007677000000001,1.0081489099587426,1.0
63.0,78.0,227.0,36.0,78.0,227.0,36.0,77.97425799999998,227.014635,35.995227,0.025742000000022358,-0.0146349999999984,0.004773000000000138,0.029993587948111602,0.0
64.0,45.0,207.0,37.0,45.0,207.0,37.0,44.973688,207.01241799999997,36.999489000000004,0.026311999999997226,-0.012417999999968288,0.0005109999999959314,0.02909964242046734,0.0
65.0,246.0,211.0,38.0,245.0,211.0,40.0,244.992533,211.02270199999998,39.986227,1.0074669999999912,-0.022701999999981126,-1.9862269999999995,2.2272410808940237,2.23606797749979
66.0,62.0,215.0,38.0,62.0,214.0,38.0,61.974404,214.01331,37.997635,0.025596000000000174,0.9866900000000101,0.002364999999997508,0.9870247740259713,1.0
67.0,77.0,219.0,38.0,74.0,219.0,37.0,73.97491699999999,219.01415899999998,36.996337000000004,3.0250830000000093,-0.01415899999997805,1.003662999999996,3.1872663917123476,3.1622776601683795
68.0,79.0,50.0,39.0,79.0,50.0,39.0,78.997692,50.01129499999999,39.014249,0.0023079999999993106,-0.011294999999989841,-0.014248999999999512,0.018328608512370854,0.0
69.0,43.0,203.0,40.0,43.0,203.0,40.0,42.973995,203.01185999999998,40.000019,0.026004999999997835,-0.011859999999984439,-1.9000000001767603e-05,0.028581812153877128,0.0
70.0,219.0,100.0,41.0,219.0,99.0,41.0,219.004786,99.01929200000001,40.999977,-0.004785999999995738,0.9807079999999928,2.2999999998774e-05,0.9807196783938751,1.0
71.0,32.0,32.0,42.0,30.0,33.0,41.0,29.995165,33.00815299999999,41.019201,2.004835,-1.008152999999993,0.9807989999999975,2.449020728175852,2.449489742783178
72.0,42.0,201.0,42.0,42.0,201.0,42.0,41.974144,201.01151699999997,42.000279,0.025855999999997437,-0.011516999999969357,-0.00027899999999903,0.028306392670193088,0.0
73.0,34.0,202.0,42.0,34.0,202.0,42.0,33.97323600000001,202.01110999999997,42.000683,0.026763999999992905,-0.011109999999973752,-0.0006830000000022096,0.02898638102625162,0.0
74.0,40.0,168.0,43.0,40.0,167.0,43.0,39.978429,167.01070499999997,43.004069,0.02157100000000156,0.9892950000000269,-0.0040690000000012105,0.9895385095220162,1.0
75.0,104.0,227.0,43.0,104.0,227.0,43.0,103.97671699999998,227.01511699999998,42.993493,0.023283000000020593,-0.015116999999975178,0.006506999999999152,0.02851250299430405,0.0
76.0,149.0,58.0,44.0,149.0,60.0,45.0,149.003108,60.01440699999999,45.008629,-0.003107999999997446,-2.0144069999999914,-1.008628999999999,2.252815500868627,2.23606797749979
77.0,78.0,64.0,44.0,78.0,64.0,44.0,77.995702,64.01083999999999,44.012751,0.004298000000005686,-0.010839999999987526,-0.012751000000001511,0.01727907419394387,0.0
78.0,199.0,92.0,44.0,198.0,91.0,44.0,198.003778,91.017659,44.002155,0.9962219999999888,0.9823410000000052,-0.0021550000000019054,1.3990914043013731,1.4142135623730951
79.0,230.0,183.0,44.0,230.0,182.0,43.0,229.99487900000003,182.02102999999997,42.990289000000004,0.005120999999974174,0.9789700000000323,1.0097109999999958,1.4063871405349433,1.4142135623730951
80.0,107.0,137.0,45.0,109.0,137.0,44.0,108.989073,137.013724,44.002883000000004,-1.9890730000000048,-0.013723999999996295,0.9971169999999958,2.225048776812322,2.23606797749979
81.0,122.0,196.0,46.0,122.0,196.0,46.0,121.98252799999999,196.01515999999998,45.995659,0.017472000000012144,-0.0151599999999803,0.004340999999996598,0.0235359441068294,0.0
82.0,150.0,96.0,47.0,150.0,95.0,47.0,149.998567,95.014799,47.004765,0.00143299999999158,0.9852010000000035,-0.00476499999999902,0.9852135652309133,1.0
83.0,148.0,104.0,47.0,148.0,104.0,47.0,147.997185,104.01484599999999,47.003921000000005,0.0028149999999982356,-0.014845999999991477,-0.003921000000005392,0.015610963519263612,0.0
84.0,105.0,144.0,47.0,105.0,144.0,47.0,104.987734,144.01324699999998,47.002353,0.01226599999999678,-0.01324699999997847,-0.0023529999999993834,0.018206437707562334,0.0
85.0,239.0,10.0,48.0,239.0,10.0,48.0,239.01841100000004,10.017942999999999,48.008239,-0.018411000000043032,-0.017942999999998932,-0.008239000000003216,0.026996245868668466,0.0
86.0,88.0,40.0,48.0,88.0,40.0,48.0,87.999804,40.01044999999999,48.014663000000006,0.00019600000000252749,-0.010449999999991633,-0.014663000000005866,0.01800678996934207,0.0
87.0,8.0,110.0,48.0,8.0,110.0,48.0,7.982804,110.00739999999999,48.012223000000006,0.01719600000000021,-0.007399999999989859,-0.012223000000005868,0.02235764175846819,0.0
88.0,125.0,123.0,48.0,126.0,122.0,48.0,125.992666,122.01385799999998,48.003375000000005,-0.9926659999999998,0.9861420000000152,-0.003375000000005457,1.3992402303911327,1.4142135623730951
89.0,57.0,140.0,48.0,57.0,140.0,48.0,56.983597,140.01050699999996,48.005847,0.016402999999996837,-0.010506999999961408,-0.005847000000002822,0.020338211991203115,0.0
90.0,104.0,147.0,49.0,104.0,147.0,49.0,103.987223,147.01298899999998,49.002073,0.012776999999999816,-0.012988999999976159,-0.002073000000002878,0.0183374801703884,0.0
91.0,37.0,167.0,49.0,37.0,167.0,49.0,36.978083999999996,167.00977799999998,49.004201,0.021916000000004487,-0.009777999999982967,-0.004201000000001898,0.02436326622191449,0.0
92.0,239.0,169.0,50.0,238.0,168.0,51.0,237.997431,168.02019199999998,50.991209000000005,1.002568999999994,0.9798080000000198,-0.9912090000000049,1.7168761161790436,1.7320508075688772
93.0,56.0,27.0,51.0,56.0,27.0,51.0,55.998389,27.008149,51.018085,0.0016109999999969205,-0.008148999999999518,-0.01808499999999924,0.019901476000537113,0.0
94.0,108.0,198.0,51.0,106.0,197.0,52.0,105.98079,197.01356099999998,51.996515,2.019210000000001,0.9864390000000185,-0.9965150000000023,2.4583150876252713,2.449489742783178
95.0,204.0,73.0,52.0,204.0,73.0,51.0,204.006673,73.016775,51.003645000000006,-0.006673000000006368,-0.016774999999995543,0.9963549999999941,0.996518547533857,1.0
96.0,147.0,87.0,52.0,148.0,88.0,51.0,147.999261,88.014062,51.005609,-0.99926099999999,-1.0140619999999956,0.9943910000000002,1.7365649273338362,1.7320508075688772
97.0,35.0,176.0,52.0,35.0,176.0,52.0,34.976675,176.00944099999998,52.003327000000006,0.023324999999999818,-0.009440999999981159,-0.003327000000005853,0.025382218874631008,0.0
98.0,39.0,198.0,52.0,39.0,198.0,52.0,38.974159,198.01002699999998,52.000695,0.02584099999999978,-0.01002699999997958,-0.0006950000000003342,0.027726900926709777,0.0
99.0,218.0,203.0,52.0,218.0,202.0,53.0,217.99098500000002,202.01945399999997,52.988797000000005,0.00901499999997668,0.9805460000000323,-0.9887970000000053,1.3925771919538512,1.4142135623730951
100.0,51.0,106.0,53.0,50.0,106.0,53.0,49.987361,106.008918,53.009917,1.012639,-0.008917999999994208,-0.009917000000001508,1.012726824930593,1.0
101.0,68.0,131.0,53.0,68.0,131.0,53.0,67.985807,131.01029699999998,53.006065,0.014193000000005895,-0.010296999999980017,-0.006064999999999543,0.01855407456597473,0.0
102.0,121.0,95.0,54.0,121.0,94.0,53.0,120.995832,94.012477,53.006669,0.004168000000007055,0.9875229999999959,0.9933309999999977,1.4006875180831688,1.4142135623730951
103.0,82.0,150.0,54.0,82.0,150.0,53.0,81.98465699999998,150.01136199999996,53.003117,0.01534300000001565,-0.01136199999996279,0.9968829999999969,0.9970658044392021,1.0
104.0,65.0,165.0,54.0,65.0,165.0,54.0,64.98101899999999,165.01058799999998,54.002575,0.018981000000010795,-0.010587999999984277,-0.002575000000000216,0.021886405141093364,0.0
105.0,50.0,131.0,55.0,50.0,131.0,55.0,49.984043,131.009087,55.007197000000005,0.01595700000000022,-0.00908699999999385,-0.007197000000005005,0.01972298727373638,0.0
106.0,101.0,157.0,55.0,102.0,157.0,55.0,101.985655,157.012285,55.001061,-0.9856549999999942,-0.012284999999991442,-0.0010609999999999786,0.9857321268838651,1.0
107.0,124.0,8.0,56.0,124.0,6.0,54.0,124.00773,6.011012,54.015971,-0.00772999999999513,1.988988,1.9840289999999996,2.8093600854794314,2.8284271247461903
108.0,194.0,58.0,56.0,194.0,58.0,56.0,194.00763800000001,58.01534999999999,56.005855000000004,-0.0076380000000142445,-0.015349999999990871,-0.00585500000000394,0.018117465854803852,0.0
109.0,75.0,184.0,56.0,74.0,184.0,56.0,73.97936599999998,184.01113199999998,55.999927,1.0206340000000154,-0.01113199999997505,7.300000000043383e-05,1.020694708866971,1.0
110.0,49.0,93.0,57.0,49.0,93.0,57.0,48.988944000000004,93.008132,57.011345000000006,0.011055999999996402,-0.008132000000003359,-0.011345000000005712,0.0178065601675367,0.0
111.0,26.0,109.0,57.0,26.0,110.0,58.0,25.98446,110.007074,58.010971000000005,0.015540000000001442,-1.007074000000003,-1.010971000000005,1.427060578923339,1.4142135623730951
112.0,100.0,165.0,57.0,100.0,164.0,56.0,99.98452799999998,164.01216999999997,56.000423000000005,0.015472000000016806,0.9878300000000309,0.999576999999995,1.4054186816081005,1.4142135623730951
113.0,29.0,178.0,57.0,29.0,179.0,59.0,28.975634000000003,179.00827799999996,59.003317,0.024365999999997,-1.0082779999999616,-2.0033170000000027,2.2428769983503183,2.23606797749979
114.0,57.0,204.0,58.0,57.0,204.0,58.0,56.97505900000001,204.010315,57.998835,0.02494099999999122,-0.010314999999991414,0.0011650000000003047,0.02701499455856665,0.0
115.0,123.0,15.0,59.0,123.0,15.0,59.0,123.0064,15.010471999999998,59.015013,-0.006399999999999295,-0.01047199999999826,-0.015013000000003274,0.019391053426775266,0.0
116.0,62.0,39.0,59.0,62.0,39.0,59.0,61.997315,39.007647,59.016325,0.0026849999999996044,-0.007646999999998627,-0.01632500000000192,0.0182261202399205,0.0
117.0,203.0,65.0,59.0,203.0,65.0,59.0,203.00756,65.015562,59.004493000000004,-0.007560000000012224,-0.01556200000000274,-0.004493000000003633,0.01787502427971226,0.0
118.0,40.0,105.0,59.0,39.0,104.0,59.0,38.986504,104.007533,59.010777000000004,1.0134960000000035,0.9924670000000049,-0.010777000000004477,1.418548917673979,1.4142135623730951
119.0,5.0,121.0,61.0,5.0,121.0,61.0,4.980944,121.005764,61.01109700000001,0.019055999999999962,-0.005763999999999214,-0.011097000000006574,0.02279250405287088,0.0
120.0,198.0,244.0,61.0,197.0,245.0,62.0,196.983191,245.01791999999998,61.985407,1.016808999999995,-1.0179199999999753,-0.9854070000000021,1.74387173396725,1.7320508075688772
121.0,35.0,92.0,63.0,36.0,91.0,63.0,35.98789300000001,91.00664099999999,63.012333000000005,-0.9878930000000068,0.9933590000000123,-0.012333000000005256,1.4010163400970876,1.4142135623730951
122.0,236.0,199.0,63.0,237.0,201.0,64.0,236.992861,201.01903599999997,63.987579000000004,-0.9928610000000049,-2.0190359999999714,-0.9875790000000038,2.457151117830953,2.449489742783178
123.0,146.0,236.0,63.0,147.0,236.0,63.0,146.97952000000004,236.01498899999999,62.989569,-0.9795200000000364,-0.014988999999985708,0.01043099999999697,0.979690209342765,1.0
124.0,126.0,48.0,64.0,126.0,48.0,64.0,126.00229,48.01055199999999,64.011207,-0.0022900000000021237,-0.010551999999989903,-0.011206999999998857,0.015562315155521398,0.0
125.0,129.0,55.0,64.0,129.0,56.0,64.0,129.00152500000002,56.01084699999999,64.010151,-0.0015250000000150976,-1.0108469999999912,-0.01015099999999336,1.0108991175359596,1.0
126.0,221.0,220.0,64.0,221.0,220.0,64.0,220.988801,220.01851099999996,63.986551000000006,0.011199000000004844,-0.018510999999961086,0.013448999999994271,0.02547450339061615,0.0
127.0,240.0,36.0,65.0,240.0,36.0,65.0,240.014923,36.016262,65.005197,-0.014923000000010234,-0.016261999999997556,-0.005196999999995455,0.022675038743079995,0.0
128.0,166.0,136.0,65.0,167.0,136.0,66.0,166.994633,136.01396499999998,65.999059,-0.9946329999999932,-0.013964999999984684,-0.9990590000000026,1.4098257734184714,1.4142135623730951
129.0,28.0,221.0,65.0,28.0,221.0,64.0,27.969948000000002,221.00829899999997,63.998795,0.030051999999997747,-0.008298999999965417,1.0012049999999988,1.0016902955155336,1.0
130.0,13.0,13.0,66.0,13.0,14.0,67.0,12.99579,14.003601,67.022081,0.004210000000000491,-1.0036009999999997,-1.022081,1.4324392698687087,1.4142135623730951
131.0,31.0,80.0,66.0,31.0,80.0,66.0,30.988833,80.005805,66.01381099999999,0.011167000000000371,-0.005804999999995175,-0.013810999999989804,0.018685385599437613,0.0
132.0,144.0,237.0,66.0,146.0,237.0,65.0,145.979273,237.01469699999998,64.989505,-1.9792730000000063,-0.014696999999983973,1.010495000000006,2.2223496024170086,2.23606797749979
133.0,62.0,35.0,68.0,62.0,35.0,68.0,61.997762,35.006426999999995,68.016667,0.002237999999998408,-0.0064269999999950755,-0.01666699999999821,0.018002884824379395,0.0
134.0,206.0,241.0,68.0,209.0,240.0,71.0,208.984934,240.017319,70.985089,-2.9849340000000097,0.9826810000000137,-2.985089000000002,4.334310702988204,4.358898943540674
135.0,154.0,244.0,69.0,154.0,244.0,69.0,153.97908900000002,244.01472799999996,68.988197,0.020910999999983915,-0.014727999999962549,0.011803000000000452,0.028169038215711855,0.0
136.0,61.0,98.0,70.0,61.0,98.0,70.0,60.989331,98.007189,70.009907,0.01066900000000004,-0.007188999999996781,-0.009906999999998334,0.01623754695143086,0.0
137.0,139.0,192.0,70.0,139.0,192.0,69.0,138.98449800000003,192.01304899999997,68.994773,0.015501999999969485,-0.013048999999966782,1.005227000000005,1.0054312059678714,1.0
138.0,215.0,232.0,70.0,216.0,231.0,71.0,215.98680099999999,231.01753699999998,70.985613,-0.9868009999999856,0.9824630000000241,-0.9856130000000007,1.7060019770618733,1.7320508075688772
139.0,81.0,39.0,71.0,81.0,39.0,71.0,80.99904999999998,39.007118,71.014989,0.0009500000000173259,-0.007117999999998403,-0.014988999999999919,0.016620425536068795,0.0
140.0,82.0,39.0,72.0,82.0,39.0,72.0,81.99913799999999,39.00704299999999,72.014915,0.0008620000000121308,-0.007042999999988808,-0.01491500000000201,0.016516782919198374,0.0
141.0,4.0,120.0,72.0,3.0,122.0,74.0,2.9805010000000003,122.00401099999999,74.010987,1.0194989999999997,-2.0040109999999913,-2.010987,3.0165389129416127,3.0
142.0,236.0,214.0,72.0,236.0,215.0,73.0,235.99083500000003,215.01806899999997,72.986041,0.00916499999996745,-1.0180689999999686,-0.9860410000000002,1.4173303565742659,1.4142135623730951
143.0,51.0,79.0,74.0,51.0,78.0,74.0,50.990965,78.00580699999999,74.012667,0.00903499999999724,0.9941930000000099,-0.012666999999993322,0.9943147415999721,1.0
144.0,160.0,87.0,74.0,160.0,87.0,74.0,160.00035000000003,87.011737,74.004719,-0.00035000000002582965,-0.011736999999996556,-0.004718999999994367,0.012654984393506144,0.0
145.0,38.0,238.0,74.0,38.0,238.0,74.0,37.968584,238.007838,73.996219,0.03141600000000011,-0.007837999999992462,0.003781000000003587,0.0325990070554291,0.0
146.0,163.0,143.0,75.0,163.0,142.0,73.0,162.99339000000003,142.012959,72.99859699999999,0.006609999999966476,0.9870410000000049,2.0014030000000105,2.2315706567774303,2.23606797749979
147.0,212.0,68.0,77.0,212.0,68.0,77.0,212.007875,68.013786,77.003413,-0.007875000000012733,-0.01378599999999608,-0.0034129999999947813,0.016239396232620745,0.0
148.0,149.0,246.0,77.0,149.0,246.0,77.0,148.97826799999999,246.01347299999995,76.988221,0.021732000000014295,-0.013472999999947888,0.011779000000004203,0.028152200517886982,0.0
149.0,30.0,75.0,78.0,30.0,74.0,77.0,29.989429,74.004242,77.01441299999999,0.010570999999998776,0.995757999999995,0.9855870000000095,1.4010808239263033,1.4142135623730951
150.0,180.0,133.0,78.0,178.0,133.0,76.0,177.996006,133.013217,75.99857899999999,2.003994000000006,-0.01321699999999737,2.0014210000000077,2.8322875313721334,2.8284271247461903
151.0,235.0,206.0,78.0,235.0,206.0,78.0,234.991881,206.01722299999997,77.987027,0.008118999999993548,-0.0172229999999729,0.012973000000002344,0.023040152321523885,0.0
152.0,220.0,146.0,80.0,221.0,145.0,81.0,220.998548,145.01505999999998,80.994481,-0.9985479999999995,0.984940000000023,-0.9944809999999933,1.7193595817236809,1.7320508075688772
153.0,121.0,240.0,80.0,121.0,240.0,80.0,120.976317,240.01150299999998,79.990631,0.02368300000000545,-0.011502999999976282,0.009369000000006622,0.027946049076744937,0.0
154.0,169.0,82.0,83.0,169.0,83.0,83.0,169.00167000000002,83.010994,83.004485,-0.00167000000001849,-1.0109939999999966,-0.004485000000002515,1.0110053274641995,1.0
155.0,216.0,138.0,83.0,216.0,138.0,83.0,215.99896900000002,138.01441999999997,82.995537,0.0010309999999833508,-0.014419999999972788,0.004463000000001216,0.015130027428897535,0.0
156.0,217.0,218.0,83.0,217.0,218.0,83.0,216.98850600000003,218.01583299999996,82.98683299999999,0.011493999999970583,-0.01583299999995802,0.01316700000000992,0.023583168022940762,0.0
157.0,92.0,22.0,84.0,92.0,21.0,84.0,92.00237600000001,21.005730999999997,84.016099,-0.0023760000000123682,0.9942690000000027,-0.016098999999996977,0.9944021658956729,1.0
158.0,126.0,25.0,84.0,126.0,25.0,84.0,126.00514600000001,25.007600999999998,84.013491,-0.005146000000010531,-0.007600999999997526,-0.013491000000001918,0.016317585544440162,0.0
159.0,215.0,198.0,84.0,215.0,195.0,85.0,214.99133,195.01507999999998,84.989425,0.00866999999999507,2.9849200000000167,-0.9894249999999971,3.1446437645503016,3.1622776601683795
160.0,43.0,236.0,84.0,43.0,237.0,84.0,42.969111,237.00680599999998,83.995907,0.030889000000001943,-1.0068059999999832,0.00409299999999746,1.007288044506618,1.0
161.0,120.0,18.0,85.0,122.0,17.0,86.0,122.00579599999999,17.006997,86.014591,-2.0057959999999895,0.9930030000000016,-1.0145909999999958,2.457370026859193,2.449489742783178
162.0,112.0,219.0,85.0,112.0,219.0,85.0,111.97817099999999,219.010029,84.993425,0.02182900000001098,-0.010029000000002952,0.006574999999997999,0.024906158013642172,0.0
163.0,53.0,239.0,85.0,53.0,239.0,85.0,52.969808,239.007242,84.995041,0.030191999999999553,-0.007241999999990867,0.004958999999999492,0.03144193233565386,0.0
164.0,91.0,17.0,86.0,91.0,16.0,86.0,91.00292099999999,16.005336999999997,86.016683,-0.0029209999999864067,0.9946630000000027,-0.016683000000000447,0.9948071864934458,1.0
165.0,217.0,73.0,87.0,217.0,73.0,87.0,217.00761,73.012856,87.002453,-0.007609999999999673,-0.012855999999999312,-0.002453000000002703,0.015139552338163458,0.0
166.0,50.0,64.0,88.0,50.0,64.0,88.0,49.99259,64.003724,88.01410299999999,0.007410000000000139,-0.0037240000000053897,-0.014102999999991539,0.01636065050662117,0.0
167.0,98.0,87.0,88.0,98.0,87.0,88.0,97.99421,87.006659,88.008547,0.005790000000004625,-0.006658999999999082,-0.008546999999992977,0.012284852054458013,0.0
168.0,17.0,234.0,91.0,17.0,234.0,90.0,16.966931,234.004609,89.997835,0.033069000000001125,-0.004608999999987873,1.002165000000005,1.0027210423976403,1.0
169.0,31.0,6.0,92.0,30.0,7.0,93.0,29.998129,7.001055,93.021489,1.0018710000000013,-1.001055,-1.0214890000000025,1.7462234653064903,1.7320508075688772
170.0,42.0,8.0,92.0,42.0,9.0,93.0,41.99902900000001,9.001725,93.020505,0.0009709999999927277,-1.0017250000000004,-1.020505,1.4299945361752262,1.4142135623730951
171.0,108.0,99.0,93.0,109.0,99.0,94.0,108.993639,99.006678,94.00648699999999,-0.9936390000000017,-0.0066779999999937445,-1.0064869999999928,1.4143476019614092,1.4142135623730951
172.0,31.0,26.0,95.0,31.0,26.0,95.0,30.9957,26.001174999999996,95.019353,0.004300000000000637,-0.0011749999999963734,-0.01935299999999529,0.01985973902144272,0.0
173.0,153.0,219.0,96.0,153.0,219.0,96.0,152.982049,219.01079399999998,95.990691,0.01795100000001071,-0.010793999999975767,0.009309000000001788,0.022921743345563718,0.0
174.0,244.0,6.0,97.0,244.0,6.0,97.0,244.01898300000002,6.011868,97.00786099999999,-0.018983000000019956,-0.011867999999999768,-0.007860999999991236,0.02372760067939054,0.0
175.0,244.0,80.0,97.0,244.0,80.0,97.0,244.009215,80.013126,96.999869,-0.009215000000011742,-0.013125999999999749,0.00013099999999610645,0.016038243731787118,0.0
176.0,245.0,230.0,97.0,245.0,229.0,97.0,244.989644,229.01571199999998,96.983713,0.010356000000001586,0.9842880000000207,0.01628700000000549,0.9844772115437924,1.0
177.0,39.0,136.0,98.0,40.0,138.0,98.0,39.981762,138.00317199999998,98.00665099999999,-0.9817620000000034,-2.003171999999978,-0.006650999999990859,2.2308292005505304,2.23606797749979
178.0,184.0,64.0,99.0,184.0,64.0,99.0,184.00548900000004,64.009418,99.005417,-0.005489000000039823,-0.009417999999996596,-0.005416999999994232,0.012172581238188988,0.0
179.0,180.0,102.0,99.0,180.0,102.0,99.0,180.000085,102.00985200000001,99.001569,-8.50000000127693e-05,-0.009852000000009298,-0.0015690000000034843,0.009976516927274585,0.0
180.0,167.0,137.0,99.0,167.0,137.0,99.0,166.99420400000002,137.00975799999998,98.998621,0.005795999999975265,-0.009757999999976619,0.001379000000000019,0.01143301451933203,0.0
181.0,179.0,117.0,100.0,178.0,118.0,100.0,177.99777,118.00989,99.999959,1.0022299999999973,-1.0098899999999986,4.0999999995960934e-05,1.4227940071145195,1.4142135623730951
182.0,9.0,242.0,100.0,9.0,242.0,100.0,8.965009000000002,242.00304099999997,99.997383,0.034990999999997996,-0.003040999999967653,0.0026170000000007576,0.03522025625971036,0.0
183.0,129.0,40.0,101.0,129.0,40.0,100.0,129.00331300000002,40.005967,100.01151899999999,-0.0033130000000198834,-0.005966999999998279,0.9884810000000073,0.9885045616581719,1.0
184.0,227.0,68.0,101.0,227.0,67.0,101.0,227.009246,67.011492,101.002321,-0.009245999999990318,0.988507999999996,-0.0023209999999949105,0.9885539649513282,1.0
185.0,150.0,131.0,101.0,150.0,131.0,102.0,149.99332,131.00837099999998,102.000327,0.006679999999988695,-0.008370999999982587,-1.0003269999999986,1.0003843276311344,1.0
186.0,210.0,220.0,101.0,211.0,220.0,101.0,210.987498,220.01324499999998,100.98682099999999,-0.987497999999988,-0.01324499999998352,0.013179000000008045,0.987674752167927,1.0
187.0,67.0,8.0,102.0,67.0,8.0,102.0,67.001505,8.001881,102.018923,-0.0015049999999945385,-0.0018809999999991334,-0.01892300000000091,0.019075720563061695,0.0
188.0,115.0,121.0,103.0,115.0,121.0,103.0,114.99123599999999,121.006218,103.003637,0.008764000000013539,-0.006218000000004054,-0.00363699999999767,0.011344557682002007,0.0
189.0,128.0,221.0,103.0,129.0,222.0,103.0,128.97926200000003,222.00867699999998,102.991833,-0.979262000000034,-1.0086769999999774,0.008167000000000257,1.4058627439625893,1.4142135623730951
190.0,120.0,103.0,104.0,120.0,103.0,104.0,119.99408799999999,103.006049,104.005251,0.005912000000009243,-0.006049000000004412,-0.005251000000001227,0.00995565899376709,0.0
191.0,20.0,238.0,104.0,21.0,238.0,104.0,20.966665000000003,238.00309699999997,103.997007,-0.9666650000000025,-0.003096999999968375,0.002993000000003576,0.9666745945161715,1.0
192.0,61.0,14.0,106.0,62.0,15.0,109.0,62.000032999999995,15.000839,109.018417,-1.0000329999999948,-1.0008389999999991,-3.0184169999999995,3.3335545429614593,3.3166247903554
193.0,6.0,235.0,106.0,6.0,234.0,106.0,5.965719999999999,234.00197799999998,105.998379,0.034280000000000754,0.9980220000000202,0.0016210000000000946,0.9986118658042474,1.0
194.0,202.0,149.0,107.0,202.0,149.0,107.0,201.995943,149.01079299999998,106.99500499999999,0.004056999999988875,-0.010792999999978292,0.004995000000008076,0.012565751987028943,0.0
195.0,171.0,60.0,109.0,171.0,60.0,109.0,171.00466600000001,60.00738099999999,109.006581,-0.004666000000014492,-0.0073809999999880915,-0.006580999999997061,0.010934362258491382,0.0
196.0,79.0,5.0,110.0,78.0,4.0,110.0,78.00302799999999,4.001372,110.018571,0.9969720000000137,0.9986280000000001,-0.018570999999994342,1.411224976114378,1.4142135623730951
197.0,85.0,15.0,111.0,84.0,15.0,111.0,84.002149,15.001749,111.016989,0.9978509999999972,-0.0017490000000002226,-0.016988999999995258,0.997997145949323,1.0
198.0,207.0,173.0,111.0,207.0,173.0,111.0,206.993224,173.01095399999997,110.992053,0.006776000000002114,-0.01095399999996971,0.00794700000000148,0.015134698576429878,0.0
199.0,112.0,85.0,112.0,112.0,85.0,111.0,111.995625,85.004423,111.007637,0.004374999999996021,-0.00442300000000273,0.9923629999999974,0.9923825005122747,1.0
200.0,125.0,191.0,112.0,125.0,191.0,112.0,124.982885,191.006786,111.995347,0.017115000000003988,-0.006786000000005288,0.004653000000004681,0.018990087677529344,0.0
201.0,105.0,201.0,112.0,104.0,200.0,113.0,103.97965099999999,200.00569799999997,112.995709,1.0203490000000102,0.9943020000000331,-0.9957090000000051,1.738155620675576,1.7320508075688772
202.0,27.0,37.0,113.0,27.0,37.0,113.0,26.993698,36.998846,113.018241,0.006302000000001584,0.0011539999999996553,-0.018241000000003282,0.01933341669235262,0.0
203.0,234.0,135.0,114.0,234.0,135.0,113.0,234.000841,135.01148299999997,112.994409,-0.0008410000000083073,-0.011482999999969934,1.0055909999999955,1.0056569125954389,1.0
204.0,4.0,204.0,114.0,4.0,204.0,114.0,3.9694140000000004,204.00033799999997,114.001667,0.030585999999999558,-0.0003379999999708616,-0.0016669999999976426,0.03063325854361474,0.0
205.0,178.0,17.0,115.0,178.0,17.0,115.0,178.01096700000002,17.006252999999997,115.010717,-0.010967000000022153,-0.0062529999999973995,-0.010716999999999643,0.016559866756723794,0.0
206.0,48.0,25.0,115.0,48.0,25.0,115.0,47.99730099999999,24.999498999999997,115.018173,0.0026990000000068903,0.0005010000000034154,-0.018173000000004436,0.018379160236534253,0.0
207.0,74.0,13.0,118.0,74.0,13.0,118.0,74.00137999999998,13.000289,118.017775,-0.0013799999999832835,-0.0002890000000004278,-0.01777500000000032,0.017830831332272912,0.0
208.0,116.0,102.0,118.0,117.0,104.0,117.0,116.99354799999999,104.00424299999999,117.005205,-0.9935479999999899,-2.0042429999999882,0.9947949999999963,2.4482125568213897,2.449489742783178
209.0,140.0,135.0,118.0,139.0,133.0,118.0,138.991845,133.00577399999997,118.000655,1.008154999999988,1.994226000000026,-0.0006549999999947431,2.234572503215342,2.23606797749979
210.0,215.0,213.0,118.0,214.0,213.0,117.0,213.98856899999998,213.011237,116.987225,1.011431000000016,-0.011236999999994168,1.0127750000000049,1.4313742133191594,1.4142135623730951
211.0,30.0,64.0,119.0,31.0,63.0,119.0,30.9906,62.998732,119.015117,-0.9906000000000006,1.0012680000000032,-0.0151170000000036,1.4085646919872044,1.4142135623730951
212.0,103.0,83.0,119.0,103.0,83.0,118.0,102.994953,83.003016,118.008359,0.005047000000004687,-0.00301600000000235,0.9916410000000013,0.9916584297761012,1.0
213.0,219.0,138.0,120.0,219.0,138.0,120.0,218.998927,138.009843,119.994975,0.0010729999999909978,-0.009842999999989388,0.005025000000003388,0.01110345004941283,0.0
214.0,146.0,209.0,120.0,146.0,209.0,120.0,145.982474,209.007181,119.991979,0.017526000000003705,-0.0071810000000027685,0.00802099999999939,0.020568516669905,0.0
215.0,196.0,174.0,121.0,196.0,174.0,121.0,195.991935,174.00910799999997,120.992549,0.008064999999987776,-0.009107999999969252,0.007451000000003205,0.014265948618976955,0.0
216.0,60.0,60.0,122.0,60.0,59.0,121.0,59.993923,58.999945,121.013673,0.006076999999997668,1.0000550000000032,0.9863270000000028,1.4046308710415745,1.4142135623730951
217.0,192.0,67.0,122.0,192.0,67.0,124.0,192.005644,67.006693,124.004331,-0.005643999999989546,-0.006692999999998506,-2.0043309999999934,2.004350121247776,2.0
218.0,178.0,86.0,122.0,178.0,86.0,122.0,178.001796,86.00653,122.003195,-0.0017960000000130094,-0.006529999999997926,-0.003195000000005166,0.0074882935973459705,0.0
219.0,14.0,100.0,122.0,14.0,100.0,122.0,13.98404,99.998076,122.012179,0.015959999999999752,0.0019240000000024793,-0.01217900000000327,0.020168079159902198,0.0
220.0,176.0,202.0,122.0,176.0,202.0,122.0,175.98629,202.00839599999998,121.990795,0.01371000000000322,-0.008395999999976311,0.009204999999994357,0.01852535940271029,0.0
221.0,66.0,224.0,122.0,68.0,226.0,122.0,67.972646,226.00307999999998,121.995115,-1.9726459999999975,-2.003079999999983,0.0048850000000015825,2.8113494252655467,2.8284271247461903
222.0,66.0,13.0,124.0,66.0,14.0,123.0,66.00042699999999,13.999241999999999,123.018129,-0.00042699999998774274,-0.9992419999999989,0.9818709999999982,1.400912351838613,1.4142135623730951
223.0,55.0,60.0,124.0,56.0,59.0,124.0,55.993508,58.99934899999999,124.013899,-0.9935079999999985,1.000651000000012,-0.013898999999994999,1.410160895808,1.4142135623730951
224.0,156.0,7.0,126.0,156.0,7.0,126.0,156.010054,7.003509,126.01309499999999,-0.010053999999996677,-0.0035090000000002064,-0.013094999999992751,0.01687824108133738,0.0
225.0,42.0,36.0,126.0,42.0,36.0,126.0,41.995168,35.99795999999999,126.017259,0.0048320000000003915,0.0020400000000080354,-0.017258999999995694,0.01803837312508775,0.0
226.0,182.0,158.0,126.0,182.0,158.0,126.0,181.99264399999998,158.00745399999997,125.99512299999999,0.007356000000015683,-0.007453999999967209,0.00487700000000757,0.01155240152521612,0.0
227.0,169.0,186.0,126.0,169.0,186.0,126.0,168.987687,186.00724099999996,125.992931,0.012313000000006014,-0.00724099999996497,0.007069000000001324,0.015937779362246784,0.0
228.0,104.0,192.0,126.0,104.0,193.0,127.0,103.980449,193.003787,126.996325,0.01955100000000698,-1.0037869999999884,-0.9963249999999988,1.4144377287795227,1.4142135623730951
229.0,76.0,38.0,127.0,76.0,38.0,127.0,75.998193,37.99966799999999,127.01485699999999,0.001806999999999448,0.00033200000000732643,-0.014856999999992127,0.014970167734523516,0.0
230.0,14.0,116.0,127.0,14.0,116.0,127.0,13.981883,115.997708,127.010401,0.01811700000000016,0.002291999999997074,-0.010401000000001659,0.021015702557850093,0.0
231.0,201.0,117.0,127.0,201.0,118.0,126.0,200.999767,118.007781,125.998227,0.00023300000000858745,-1.0077809999999943,1.001773,1.4209756302551386,1.4142135623730951
232.0,244.0,37.0,128.0,244.0,36.0,128.0,244.01474400000004,36.00840999999999,128.004311,-0.01474400000003584,0.9915900000000093,-0.004311000000001286,0.9917089786610886,1.0
233.0,135.0,208.0,128.0,135.0,208.0,127.0,134.981476,208.00568499999997,126.992721,0.01852400000001353,-0.005684999999971296,1.007278999999997,1.0074653550579267,1.0
234.0,22.0,77.0,129.0,21.0,77.0,130.0,20.987683000000004,76.997032,130.014135,1.012316999999996,0.002967999999995641,-1.0141350000000102,1.4329216013927673,1.4142135623730951
235.0,166.0,78.0,129.0,167.0,79.0,127.0,167.001608,79.005188,127.004605,-1.0016080000000045,-1.005188000000004,1.995395000000002,2.4485143877529136,2.449489742783178
236.0,135.0,209.0,129.0,135.0,209.0,129.0,134.981326,209.00544599999998,128.992593,0.0186740000000043,-0.0054459999999778574,0.0074070000000006075,0.020814438282113892,0.0
237.0,43.0,75.0,131.0,43.0,75.0,131.0,42.990072,74.998036,131.012933,0.009928000000002157,0.001964000000000965,-0.012933000000003858,0.01642208783925316,0.0
238.0,231.0,113.0,133.0,231.0,113.0,133.0,231.00327400000003,113.00838999999999,132.996777,-0.0032740000000330838,-0.00838999999999146,0.003222999999991316,0.009565505998117264,0.0
239.0,235.0,199.0,133.0,235.0,199.0,133.0,234.99231000000003,199.01006399999997,132.987233,0.007689999999968222,-0.01006399999997143,0.012766999999996642,0.01798378394551187,0.0
240.0,10.0,100.0,134.0,10.0,100.0,134.0,9.983544000000002,99.996328,134.012315,0.016455999999998028,0.0036719999999945685,-0.012315000000000964,0.02087924196420739,0.0
241.0,194.0,111.0,134.0,194.0,111.0,134.0,193.99994,111.006267,133.999351,5.999999999062311e-05,-0.006266999999994027,0.0006490000000098917,0.006300800742757769,0.0
242.0,222.0,198.0,134.0,222.0,198.0,134.0,221.991172,198.00922999999997,133.988163,0.008827999999994063,-0.00922999999997387,0.011837000000014086,0.01741381787546161,0.0
243.0,34.0,225.0,134.0,34.0,225.0,134.0,33.969372,224.99972499999996,133.997279,0.0306280000000001,0.0002750000000446562,0.002721000000008189,0.03074985934927305,0.0
244.0,17.0,133.0,135.0,17.0,133.0,135.0,16.979858000000004,132.997132,135.008293,0.02014199999999633,0.002868000000006532,-0.008293000000008988,0.021970421866683368,0.0
245.0,75.0,91.0,137.0,74.0,90.0,139.0,73.99102699999999,89.99891,139.009249,1.0089730000000117,1.001090000000005,-2.009249000000011,2.4611560793314347,2.449489742783178
246.0,227.0,196.0,138.0,227.0,196.0,138.0,226.99188500000002,196.00894899999997,137.988019,0.008114999999975225,-0.008948999999972784,0.011980999999991582,0.017014176059948042,0.0
247.0,169.0,205.0,138.0,170.0,206.0,138.0,169.985036,206.00609799999998,137.990587,-0.985036000000008,-1.0060979999999802,0.009412999999995009,1.4080545839806693,1.4142135623730951
248.0,89.0,84.0,141.0,90.0,82.0,141.0,89.993617,81.99936600000001,141.009069,-0.9936170000000004,2.000633999999991,-0.009069000000010874,2.2338069279608668,2.23606797749979
249.0,246.0,148.0,141.0,247.0,149.0,140.0,247.000011,149.008954,139.991795,-1.0000110000000006,-1.0089539999999886,1.0082050000000038,1.7419780412685992,1.7320508075688772
250.0,42.0,212.0,141.0,42.0,211.0,141.0,41.971933,210.99901499999999,140.998209,0.028067000000000064,1.0009850000000142,0.0017909999999972115,1.0013800149768461,1.0
251.0,148.0,57.0,142.0,148.0,57.0,142.0,148.002534,57.001886999999996,142.008047,-0.0025339999999971496,-0.0018869999999964193,-0.0080470000000048,0.008645006304222646,0.0
252.0,93.0,162.0,142.0,93.0,162.0,142.0,92.983339,162.00075699999996,142.000227,0.01666099999999915,-0.0007569999999645916,-0.00022699999999531428,0.01667973318131666,0.0
253.0,242.0,183.0,142.0,242.0,183.0,142.0,241.99501999999998,183.00901099999996,141.988423,0.004980000000017526,-0.009010999999958358,0.011576999999988402,0.015492754758246047,0.0
254.0,151.0,190.0,143.0,151.0,190.0,143.0,150.98526,190.00417899999997,142.993481,0.014739999999989095,-0.004178999999965072,0.006518999999997277,0.016650195254090897,0.0
255.0,232.0,195.0,143.0,232.0,195.0,143.0,231.992457,195.00855699999997,142.987757,0.007542999999998301,-0.00855699999996773,0.012243000000012216,0.01673350372754377,0.0
256.0,92.0,162.0,144.0,92.0,162.0,144.0,91.983224,162.00044799999998,144.000271,0.01677599999999302,-0.0004479999999773554,-0.0002709999999979118,0.016784168761060057,0.0
257.0,3.0,48.0,145.0,2.0,48.0,145.0,1.9895330000000002,47.99361199999999,145.018333,1.0104669999999998,0.006388000000008276,-0.01833300000001259,1.010653483406652,1.0
258.0,39.0,55.0,145.0,38.0,55.0,145.0,37.992101,54.99563899999999,145.015273,1.0078990000000019,0.004361000000010051,-0.015273000000007642,1.0080241450734224,1.0
259.0,149.0,133.0,145.0,150.0,134.0,146.0,149.99252800000002,134.00278999999998,145.999563,-0.9925280000000214,-1.002789999999976,-0.9995629999999949,1.7291112763072782,1.7320508075688772
260.0,139.0,65.0,146.0,139.0,65.0,145.0,139.00057800000002,65.00116200000001,145.007729,-0.0005780000000186192,-0.001162000000007879,0.9922709999999881,0.9922718487234113,1.0
261.0,205.0,112.0,146.0,204.0,111.0,146.0,204.000802,111.005261,145.998591,0.9991980000000069,0.9947389999999956,0.0014089999999953307,1.409930603471676,1.4142135623730951
262.0,114.0,116.0,146.0,113.0,115.0,145.0,112.99145599999999,115.000634,145.003993,1.0085440000000148,0.9993659999999949,0.9960069999999916,1.7343365722780002,1.7320508075688772
263.0,96.0,101.0,147.0,96.0,101.0,147.0,95.99163699999998,100.999239,147.006573,0.008363000000016996,0.0007609999999971251,-0.006573000000003049,0.01066410891731325,0.0
264.0,187.0,10.0,148.0,187.0,10.0,147.0,187.012476,10.002515,147.010577,-0.012475999999992382,-0.002515000000000711,0.989422999999988,0.9895048502811777,1.0
265.0,100.0,128.0,149.0,101.0,129.0,148.0,100.988417,128.99985199999998,148.003219,-0.9884169999999983,-0.9998519999999758,0.9967809999999986,1.7234397435808266,1.7320508075688772
266.0,166.0,151.0,149.0,166.0,151.0,149.0,165.991809,151.00354299999998,148.996673,0.008191000000010717,-0.0035429999999792017,0.0033270000000129585,0.009524403340898286,0.0
267.0,193.0,13.0,150.0,193.0,13.0,149.0,193.01264400000002,13.002628,149.009849,-0.01264400000002297,-0.0026279999999996306,0.9901509999999973,0.9902352144420008,1.0
268.0,169.0,188.0,152.0,169.0,188.0,152.0,168.987189,188.00394699999998,151.992455,0.01281099999999924,-0.003946999999982381,0.0075449999999932515,0.015382703110953536,0.0
269.0,119.0,28.0,153.0,119.0,28.0,153.0,119.00344999999999,27.998449,153.012925,-0.0034499999999866304,0.001550999999999192,-0.012924999999995634,0.013467135033101598,0.0
270.0,103.0,95.0,153.0,103.0,96.0,153.0,102.992922,95.998757,153.006605,0.007078000000007023,-0.9987569999999977,-0.0066050000000075215,0.9988039192744468,1.0
271.0,138.0,8.0,154.0,138.0,9.0,154.0,138.007792,8.999005,154.013751,-0.007791999999994914,-0.9990050000000004,-0.013751000000013391,0.9991300192117144,1.0
272.0,192.0,7.0,156.0,192.0,7.0,156.0,192.013276,7.001576999999999,156.010491,-0.013275999999990518,-0.0015769999999992734,-0.010491000000001804,0.016994122101473316,0.0
273.0,79.0,118.0,156.0,79.0,118.0,156.0,78.98766300000001,117.997475,156.005735,0.012336999999988052,0.0025250000000056616,-0.005734999999987167,0.01383717525362697,0.0
274.0,194.0,6.0,157.0,194.0,6.0,157.0,194.01359300000001,6.001538,157.010461,-0.013593000000014399,-0.0015380000000000393,-0.010460999999992282,0.0172211385802516,0.0
275.0,50.0,32.0,157.0,49.0,32.0,158.0,48.996087,31.994167,158.016923,1.0039129999999972,0.005832999999999089,-1.0169229999999914,1.4289883566310038,1.4142135623730951
276.0,187.0,53.0,157.0,187.0,53.0,157.0,187.00671,53.00196599999999,157.005833,-0.006709999999998217,-0.00196599999998881,-0.005832999999995536,0.009105665544037952,0.0
277.0,67.0,114.0,157.0,67.0,114.0,157.0,66.987018,113.996643,157.006925,0.012981999999993832,0.003356999999994059,-0.006924999999995407,0.015091633377462372,0.0
278.0,196.0,193.0,157.0,196.0,193.0,157.0,195.989103,193.004823,156.990137,0.010896999999999935,-0.004822999999987587,0.009862999999995736,0.015468830175543163,0.0
279.0,78.0,119.0,158.0,78.0,119.0,158.0,77.98741599999998,118.99718299999999,158.005671,0.012584000000018136,0.002817000000007397,-0.005671000000006643,0.014087327141816982,0.0
280.0,186.0,108.0,159.0,186.0,108.0,159.0,185.99933500000003,108.00259199999999,158.999937,0.0006649999999694955,-0.0025919999999928223,6.300000001147055e-05,0.002676687878689569,0.0
281.0,243.0,14.0,160.0,243.0,14.0,160.0,243.017263,14.003887,160.006431,-0.017263000000014017,-0.00388700000000064,-0.006430999999992082,0.01882757815016013,0.0
282.0,110.0,49.0,160.0,110.0,49.0,160.0,109.999742,48.997432999999994,160.011163,0.00025800000000231194,0.002567000000006203,-0.01116300000001047,0.011457251939285738,0.0
283.0,202.0,1.0,161.0,202.0,1.0,161.0,202.014993,1.001365,161.010449,-0.014993000000004031,-0.0013650000000000606,-0.010448999999994157,0.018325798072662453,0.0
284.0,210.0,40.0,163.0,209.0,40.0,163.0,209.01050600000002,40.00214299999999,163.005769,0.9894939999999792,-0.00214299999998957,-0.00576899999998659,0.9895131377834044,1.0
285.0,54.0,14.0,165.0,54.0,14.0,165.0,53.998884999999994,13.99323,165.018477,0.0011150000000057503,0.006769999999999499,-0.018476999999990085,0.019709785742103834,0.0
286.0,115.0,62.0,165.0,115.0,62.0,165.0,114.998466,61.99727899999999,165.009389,0.0015340000000065857,0.002721000000008189,-0.00938899999999876,0.009894964274823911,0.0
287.0,208.0,49.0,166.0,208.0,49.0,166.0,208.00919399999998,49.001858999999996,166.004831,-0.009193999999979496,-0.0018589999999960582,-0.004830999999995811,0.010551022604447772,0.0
288.0,210.0,101.0,166.0,211.0,100.0,167.0,211.00274399999998,100.00275699999999,166.999121,-1.0027439999999785,0.9972430000000116,-0.9991210000000024,1.7315403267686216,1.7320508075688772
289.0,48.0,200.0,166.0,48.0,200.0,166.0,47.973741999999994,199.99594599999998,165.998763,0.026258000000005666,0.004054000000024871,0.0012370000000032633,0.026597888055266854,0.0
290.0,60.0,49.0,167.0,60.0,49.0,167.0,59.994829,48.993886999999994,167.014293,0.00517099999999715,0.006113000000006252,-0.014293000000009215,0.01638285259044683,0.0
291.0,116.0,103.0,167.0,116.0,102.0,167.0,115.993265,101.997756,167.004985,0.006735000000006153,1.0022440000000046,-0.004985000000004902,1.0022790260132202,1.0
292.0,134.0,29.0,169.0,134.0,29.0,169.0,134.00462900000002,28.997213,169.011697,-0.004629000000022643,0.0027870000000014272,-0.01169699999999807,0.012884673802629714,0.0
293.0,245.0,241.0,169.0,245.0,240.0,169.0,244.987544,240.00668299999995,168.981805,0.012455999999986034,0.9933170000000473,0.018194999999991524,0.9935617104388098,1.0
294.0,96.0,45.0,171.0,95.0,45.0,172.0,94.998707,44.99503399999999,172.012435,1.001293000000004,0.00496600000001024,-1.0124350000000106,1.4239511797214222,1.4142135623730951
295.0,35.0,63.0,171.0,35.0,63.0,171.0,34.99052,62.992287999999995,171.014341,0.009480000000003486,0.007712000000005048,-0.014341000000001713,0.018841699100670118,0.0
296.0,227.0,103.0,171.0,227.0,103.0,171.0,227.003864,103.00314399999999,170.997733,-0.003863999999992984,-0.00314399999999182,0.002266999999989139,0.005473072354705819,0.0
297.0,244.0,235.0,171.0,244.0,236.0,171.0,243.98795700000002,236.006306,170.982281,0.012042999999977155,-1.006305999999995,0.017718999999999596,1.0065340344200933,1.0
298.0,178.0,26.0,172.0,176.0,25.0,169.0,176.00923100000003,24.999371,169.009441,1.9907689999999718,1.000629,2.9905589999999904,3.729324702876223,3.7416573867739413
299.0,148.0,183.0,172.0,148.0,183.0,172.0,147.98563199999998,183.00018899999998,171.994139,0.01436800000001881,-0.00018899999997756822,0.005861000000010108,0.015518584535989439,0.0
300.0,4.0,50.0,174.0,5.0,46.0,174.0,4.989827,45.990024999999996,174.018067,-0.989827,4.009975000000004,-0.018067000000002054,4.130373276962148,4.123105625617661
301.0,234.0,67.0,174.0,234.0,67.0,174.0,234.009268,67.00251899999999,174.001143,-0.009267999999991616,-0.0025189999999923884,-0.0011430000000132168,0.009672002584772011,0.0
302.0,234.0,68.0,175.0,234.0,68.0,175.0,234.009127,68.00240799999999,175.001025,-0.009127000000006547,-0.0024079999999884194,-0.0010249999999984993,0.009494799523953133,0.0
303.0,85.0,75.0,175.0,85.0,75.0,175.0,84.99374999999999,74.99463,175.009805,0.0062500000000085265,0.005369999999999209,-0.009805000000000064,0.012807709592276808,0.0
304.0,80.0,106.0,175.0,80.0,105.0,176.0,79.98929600000001,104.994747,176.006875,0.010703999999989833,1.0052529999999962,-1.006875000000008,1.4228300795421807,1.4142135623730951
305.0,186.0,128.0,176.0,185.0,128.0,175.0,184.996454,128.00083099999998,174.997681,1.003546,-0.0008309999999767115,1.002319,1.4183612524452296,1.4142135623730951
306.0,135.0,39.0,178.0,135.0,39.0,178.0,135.00332500000002,38.996283999999996,178.010463,-0.003325000000018008,0.0037160000000042714,-0.010462999999987233,0.0115904551247949,0.0
307.0,83.0,102.0,178.0,84.0,101.0,178.0,83.99019399999999,100.994635,178.007031,-0.9901939999999883,1.0053649999999976,-0.007031000000012,1.4111315940839722,1.4142135623730951
308.0,178.0,122.0,178.0,179.0,123.0,179.0,178.996496,122.99991599999998,178.998565,-0.9964960000000076,-0.9999159999999847,-0.9985650000000135,1.7291524930719706,1.7320508075688772
309.0,174.0,185.0,178.0,174.0,185.0,178.0,173.98783600000002,185.00083299999997,177.992199,0.012163999999984298,-0.000832999999971662,0.007801000000000613,0.014474542687062013,0.0
310.0,230.0,82.0,179.0,230.0,82.0,179.0,230.006855,82.001922,178.999729,-0.00685500000000161,-0.001921999999993318,0.0002709999999979118,0.007124503491471897,0.0
311.0,73.0,221.0,179.0,74.0,222.0,181.0,73.973225,221.99577799999997,180.994573,-0.9732249999999993,-0.995777999999973,-1.9945730000000026,2.4325012185480928,2.449489742783178
312.0,62.0,234.0,179.0,62.0,230.0,180.0,61.971014,229.99540599999997,179.994487,0.028986000000003287,4.004594000000026,-0.9944869999999923,4.126332231679993,4.123105625617661
313.0,47.0,159.0,180.0,47.0,159.0,180.0,46.978930999999996,158.99340399999997,180.003115,0.021069000000004223,0.006596000000030244,-0.0031150000000081945,0.022296035566903547,0.0
314.0,209.0,30.0,181.0,210.0,30.0,181.0,210.011761,29.999722,181.006605,-1.011761000000007,0.0002780000000015548,-0.0066050000000075215,1.011782597414096,1.0
315.0,130.0,57.0,181.0,131.0,60.0,180.0,131.000147,59.99617299999999,180.008431,-1.0001469999999983,-2.9961729999999918,0.9915689999999984,3.3106730054928324,3.3166247903554
316.0,44.0,188.0,182.0,43.0,187.0,183.0,42.97482,186.99328399999996,183.000317,1.0251799999999989,1.00671600000004,-1.0003169999999955,1.7507441953481009,1.7320508075688772
317.0,242.0,203.0,183.0,242.0,203.0,183.0,241.99201100000002,203.00410299999996,182.985853,0.007988999999980706,-0.004102999999958001,0.014147000000008347,0.01675697881479783,0.0
318.0,89.0,39.0,184.0,89.0,40.0,185.0,88.998668,39.99296699999999,185.013229,0.0013320000000049959,-0.992966999999993,-1.0132289999999955,1.4186677707461943,1.4142135623730951
319.0,45.0,76.0,184.0,45.0,76.0,184.0,44.989657,75.991375,184.012167,0.01034299999999888,0.008624999999994998,-0.012167000000005146,0.01814949484145539,0.0
320.0,110.0,93.0,184.0,110.0,93.0,184.0,109.993718,92.995109,184.006171,0.0062819999999987886,0.004891000000000645,-0.0061709999999948195,0.01007306537256297,0.0
321.0,71.0,32.0,185.0,73.0,31.0,185.0,72.99830399999999,30.991965999999998,185.01522500000002,-1.9983039999999903,1.008034000000002,-0.015225000000015143,2.2382098253284846,2.23606797749979
322.0,3.0,47.0,185.0,3.0,47.0,185.0,2.989402,46.988527999999995,185.017977,0.010597999999999885,0.011472000000004812,-0.017977000000001908,0.0238137967783421,0.0
323.0,57.0,52.0,185.0,58.0,52.0,185.0,57.994077,51.991527999999995,185.013917,-0.9940769999999972,0.008472000000004698,-0.013916999999992186,0.9942105107078653,1.0
324.0,238.0,67.0,185.0,237.0,67.0,186.0,237.00945099999998,67.001142,186.000831,0.9905490000000157,-0.0011420000000015307,-1.0008310000000051,1.4081375345207021,1.4142135623730951
325.0,103.0,164.0,185.0,103.0,164.0,185.0,102.98365799999999,163.99581699999996,184.998941,0.01634200000000874,0.004183000000040238,0.0010589999999979227,0.016902068926631965,0.0
326.0,221.0,194.0,185.0,221.0,195.0,186.0,220.99100299999998,195.00247,185.988031,0.008997000000022126,-1.0024699999999882,-0.9880310000000065,1.4075625399498204,1.4142135623730951
327.0,138.0,37.0,186.0,138.0,37.0,186.0,138.003808,36.99538499999999,186.01040700000001,-0.003807999999992262,0.004615000000008251,-0.010407000000014932,0.012004363290084486,0.0
328.0,126.0,51.0,186.0,127.0,50.0,185.0,127.00103399999999,49.99515099999999,185.009717,-1.00103399999999,1.0048490000000072,0.9902830000000051,1.7298702269378488,1.7320508075688772
329.0,98.0,171.0,186.0,98.0,171.0,186.0,97.98224,170.99554299999997,185.998495,0.017759999999995557,0.004457000000030575,0.0015050000000087493,0.018372465104066496,0.0
330.0,235.0,32.0,187.0,236.0,34.0,188.0,236.01369200000002,34.000271999999995,188.004439,-1.0136920000000202,-2.0002719999999954,-1.0044389999999908,2.457144124704329,2.449489742783178
331.0,227.0,92.0,187.0,226.0,91.0,187.0,226.00520699999998,91.00083899999998,186.998933,0.9947930000000156,0.9991610000000151,0.0010670000000061464,1.4099421815305269,1.4142135623730951
332.0,121.0,51.0,188.0,120.0,51.0,188.0,120.00019599999999,50.99441299999999,188.010027,0.9998040000000117,0.005587000000012665,-0.010027000000008002,0.9998698883924966,1.0
333.0,197.0,59.0,188.0,198.0,59.0,187.0,198.00671499999999,58.998810999999996,187.004181,-1.0067149999999856,0.0011890000000036594,0.9958190000000116,1.4160268308570265,1.4142135623730951
334.0,170.0,151.0,188.0,168.0,150.0,188.0,167.99178400000002,149.99863999999997,187.996263,2.008215999999976,1.0013600000000338,0.0037370000000009895,2.2440292594850386,2.23606797749979
335.0,232.0,20.0,189.0,232.0,20.0,189.0,232.015143,19.999693999999998,189.00619700000001,-0.0151429999999948,0.00030600000000191585,-0.006197000000014441,0.016364806567754558,0.0
336.0,236.0,173.0,189.0,235.0,173.0,190.0,234.995229,173.00232599999998,189.989471,1.0047710000000052,-0.0023259999999822867,-0.9894710000000089,1.4101854603413084,1.4142135623730951
337.0,160.0,194.0,189.0,158.0,192.0,189.0,157.98526100000004,191.99869599999997,188.992357,2.014738999999963,2.001304000000033,0.007643000000001621,2.83979741425088,2.8284271247461903
338.0,162.0,160.0,190.0,161.0,161.0,190.0,160.989635,160.9982,189.995503,1.0103650000000073,-0.9981999999999971,0.0044969999999864285,1.420303100128282,1.4142135623730951
339.0,182.0,201.0,190.0,182.0,201.0,190.0,181.986392,200.999993,189.989839,0.01360800000000495,7.000000010748408e-06,0.010161000000010745,0.016983039598386186,0.0
340.0,97.0,52.0,192.0,97.0,52.0,192.0,96.997797,51.99269899999999,192.011351,0.002202999999994404,0.007301000000012436,-0.011350999999990563,0.013674904423795535,0.0
341.0,168.0,183.0,192.0,168.0,183.0,192.0,167.987392,182.99868899999998,191.992659,0.012608000000000175,0.0013110000000153832,0.007340999999996711,0.014648230814675076,0.0
342.0,224.0,213.0,192.0,224.0,213.0,192.0,223.98886399999998,213.002167,191.985835,0.011136000000021795,-0.002166999999985819,0.014164999999991323,0.01814810210463282,0.0
343.0,222.0,208.0,194.0,223.0,208.0,195.0,222.98940000000002,208.001645,194.986409,-0.9894000000000176,-0.0016449999999963438,-0.986409000000009,1.397110511486494,1.4142135623730951
344.0,52.0,57.0,195.0,53.0,57.0,195.0,52.992842,56.990067999999994,195.013597,-0.9928420000000031,0.00993200000000627,-0.0135970000000043,0.9929847732956465,1.0
345.0,7.0,202.0,195.0,7.0,202.0,195.0,6.969239999999999,201.990095,195.000881,0.030760000000000787,0.009905000000003383,-0.0008809999999925822,0.032327430859876605,0.0
346.0,16.0,242.0,195.0,18.0,242.0,194.0,17.965036,241.99148599999998,193.995867,-1.9650360000000013,0.00851400000001945,1.004132999999996,2.2067446728566034,2.23606797749979
347.0,176.0,107.0,196.0,177.0,107.0,195.0,176.99827,106.99749,195.000261,-0.9982699999999909,0.0025100000000009004,0.9997390000000053,1.4128083242680136,1.4142135623730951
348.0,120.0,215.0,196.0,120.0,215.0,196.0,119.978476,214.99617699999996,195.992235,0.021523999999999432,0.003823000000039656,0.007765000000006239,0.02319898984870625,0.0
349.0,244.0,208.0,198.0,244.0,208.0,198.0,243.99141000000003,208.00237399999997,197.985035,0.008589999999969677,-0.002373999999974785,0.014964999999989459,0.017417669218326656,0.0
350.0,113.0,212.0,198.0,114.0,213.0,197.0,113.978149,212.99569699999998,196.992825,-0.9781490000000019,-0.9956969999999785,1.0071749999999895,1.7212174361872294,1.7320508075688772
351.0,30.0,163.0,199.0,30.0,163.0,199.0,29.976583,162.99013899999997,199.003581,0.023416999999998467,0.009861000000029208,-0.0035809999999969477,0.025659672075076922,0.0
352.0,22.0,172.0,199.0,22.0,172.0,199.0,21.974619,171.98986799999997,199.003121,0.025380999999999432,0.01013200000002712,-0.003120999999993046,0.02750623976483295,0.0
353.0,223.0,175.0,199.0,223.0,175.0,199.0,222.99372000000002,175.00057199999998,198.989933,0.006279999999975416,-0.0005719999999769243,0.010066999999992277,0.011878976092218947,0.0
354.0,95.0,228.0,199.0,94.0,228.0,199.0,93.974211,227.99463599999996,198.992465,1.0257890000000032,0.005364000000042779,0.007534999999990077,1.0258306981378589,1.0
355.0,72.0,174.0,200.0,71.0,174.0,199.0,70.979108,173.99249899999998,198.99976900000001,1.0208920000000035,0.007501000000019076,1.0002309999999852,1.429244133808489,1.4142135623730951
356.0,26.0,208.0,200.0,26.0,208.0,200.0,25.970246,207.99056399999998,199.998967,0.029754000000000502,0.009436000000022204,0.001033000000006723,0.031231485731557228,0.0
357.0,179.0,63.0,201.0,179.0,63.0,201.0,179.00421799999998,62.99607999999999,201.004825,-0.004217999999980293,0.003920000000007917,-0.004825000000010959,0.007512559417402406,0.0
358.0,190.0,58.0,202.0,190.0,57.0,201.0,190.006077,56.99656099999999,201.004769,-0.006077000000004773,1.0034390000000073,0.9952309999999898,1.4132980931180068,1.4142135623730951
359.0,194.0,65.0,202.0,194.0,66.0,202.0,194.00526800000003,65.996798,202.003531,-0.00526800000002936,-0.9967979999999983,-0.0035310000000094988,0.9968181742870648,1.0
360.0,42.0,70.0,202.0,42.0,70.0,202.0,41.989996000000005,69.98881,202.01282700000002,0.010003999999995017,0.011189999999999145,-0.012827000000015687,0.01974406353819506,0.0
361.0,239.0,30.0,204.0,239.0,28.0,202.0,239.01464900000005,27.998537,202.004755,-0.014649000000048318,2.001463000000001,1.9952450000000113,2.8261407154625284,2.8284271247461903
362.0,191.0,60.0,204.0,191.0,60.0,204.0,191.005751,59.996280999999996,204.004351,-0.005751000000003614,0.0037190000000038026,-0.004351000000013983,0.008113948668816652,0.0
363.0,9.0,181.0,204.0,9.0,181.0,204.0,8.972125,180.98869199999996,204.002931,0.027874999999999872,0.011308000000042284,-0.002930999999989581,0.030223786162572156,0.0
364.0,68.0,189.0,204.0,67.0,188.0,203.0,66.97683599999999,187.992013,202.998473,1.0231640000000084,1.0079870000000142,1.00152700000001,1.7509879196596605,1.7320508075688772
365.0,49.0,97.0,205.0,50.0,98.0,204.0,49.987058,97.989454,204.009271,-0.9870579999999975,-0.989453999999995,0.9907289999999875,1.7131394178294306,1.7320508075688772
366.0,34.0,140.0,205.0,35.0,140.0,204.0,34.980059000000004,139.98937299999997,204.005695,-0.9800590000000042,0.01062700000002792,0.9943049999999971,1.3961629595555825,1.4142135623730951
367.0,237.0,122.0,206.0,237.0,122.0,206.0,237.00201099999998,121.999517,205.994691,-0.0020109999999817774,0.00048300000000267573,0.00530900000001111,0.005697621521305821,0.0
368.0,157.0,3.0,207.0,157.0,3.0,207.0,157.00995000000003,2.9931259999999997,207.012653,-0.009950000000031878,0.006874000000000269,-0.012653000000000247,0.017502936467937154,0.0
369.0,156.0,4.0,207.0,156.0,4.0,207.0,156.009721,3.99309,207.012609,-0.009721000000013191,0.006909999999999972,-0.01260899999999765,0.01735606009439345,0.0
370.0,14.0,180.0,207.0,15.0,180.0,207.0,14.972812000000001,179.98860899999997,207.002625,-0.9728120000000011,0.011391000000031681,-0.0026249999999947704,0.9728822296917561,1.0
371.0,46.0,183.0,208.0,46.0,183.0,208.0,45.97541400000001,182.990175,208.000307,0.024585999999992225,0.009825000000006412,-0.00030699999999228567,0.02647822256118675,0.0
372.0,72.0,219.0,208.0,72.0,219.0,208.0,71.97318399999999,218.99216499999997,207.994755,0.02681600000001083,0.007835000000028458,0.005245000000002165,0.028425254721832303,0.0
373.0,132.0,83.0,209.0,132.0,83.0,209.0,131.996947,82.992905,209.005593,0.0030529999999941992,0.007095000000006735,-0.005593000000004622,0.009536324396753282,0.0
374.0,213.0,148.0,209.0,213.0,148.0,209.0,212.996224,147.998303,208.993389,0.003775999999987789,0.001697000000007165,0.006610999999992373,0.007800211920187249,0.0
375.0,199.0,157.0,209.0,199.0,157.0,209.0,198.99367800000002,156.997714,208.993313,0.006321999999983063,0.002285999999998012,0.006686999999999443,0.009482059322729917,0.0
376.0,234.0,168.0,209.0,234.0,168.0,209.0,233.995621,167.999756,208.98988500000002,0.004379000000000133,0.00024400000000923683,0.010114999999984775,0.011024899183198805,0.0
377.0,80.0,194.0,209.0,80.0,194.0,209.0,79.977251,193.99203599999998,208.996933,0.02274900000000457,0.007964000000015403,0.0030669999999872744,0.02429709418840811,0.0
378.0,114.0,198.0,209.0,114.0,198.0,209.0,113.98002100000001,197.99390599999998,208.994325,0.019978999999992197,0.006094000000018696,0.005674999999996544,0.021644927858504793,0.0
379.0,242.0,123.0,211.0,242.0,123.0,211.0,242.002319,122.999159,210.994213,-0.00231899999999996,0.0008409999999940965,0.005786999999997988,0.006290819580942264,0.0
380.0,182.0,146.0,211.0,182.0,146.0,211.0,181.993463,145.99636999999998,210.995569,0.006537000000008675,0.003630000000015343,0.004431000000010954,0.008691549344065297,0.0
381.0,70.0,151.0,211.0,70.0,152.0,211.0,69.98180699999999,151.990536,211.002089,0.018193000000010784,-0.9905359999999916,-0.00208900000001222,0.9907052621572089,1.0
382.0,9.0,198.0,211.0,9.0,198.0,210.0,8.969827000000002,197.98821299999997,210.001035,0.030172999999997785,0.011787000000026637,0.9989649999999983,0.9994900772508936,1.0
383.0,193.0,229.0,211.0,193.0,229.0,211.0,192.983574,228.99836399999998,210.985901,0.01642599999999561,0.0016360000000190666,0.014098999999987427,0.02170879483065708,0.0
384.0,215.0,238.0,211.0,215.0,238.0,211.0,214.98452,237.99968299999998,210.983521,0.015479999999996608,0.0003170000000238815,0.016479000000003907,0.022611685695676006,0.0
385.0,218.0,242.0,211.0,218.0,242.0,211.0,217.984283,241.99990999999997,210.982897,0.015716999999995096,9.000000002856723e-05,0.017102999999991653,0.02322810362469492,0.0
386.0,147.0,161.0,212.0,146.0,161.0,211.0,145.987991,160.99471699999998,210.996253,1.0120090000000062,0.005283000000019911,1.0037470000000042,1.4253764997989202,1.4142135623730951
387.0,151.0,225.0,212.0,151.0,224.0,211.0,150.98015999999998,223.996053,210.989129,0.01984000000001629,1.0039470000000108,1.0108710000000087,1.4248380199342099,1.4142135623730951
388.0,6.0,240.0,212.0,6.0,240.0,212.0,5.963973999999999,239.98851199999996,211.996671,0.03602600000000056,0.011488000000042575,0.003329000000007909,0.03795957140170409,0.0
389.0,13.0,20.0,213.0,13.0,20.0,213.0,12.993684,19.985015,213.019973,0.006315999999999988,0.01498499999999936,-0.019972999999993135,0.025755830602015275,0.0
390.0,199.0,52.0,213.0,199.0,52.0,214.0,199.007493,51.99528899999999,214.004603,-0.007493000000010852,0.004711000000007459,-1.004603000000003,1.0046419890582945,1.0
391.0,82.0,29.0,214.0,82.0,29.0,213.0,81.99918899999999,28.988825,213.014585,0.0008110000000129958,0.01117500000000149,0.985414999999989,0.9854786961527776,1.0
392.0,244.0,60.0,214.0,244.0,60.0,214.0,244.010802,59.997809999999994,214.000859,-0.010802000000012413,0.0021900000000059094,-0.0008589999999912834,0.011055188148569841,0.0
393.0,124.0,96.0,214.0,123.0,96.0,214.0,122.994313,95.992009,214.004715,1.0056869999999947,0.007991000000004078,-0.004715000000004466,1.005729799337272,1.0
394.0,116.0,148.0,215.0,117.0,147.0,215.0,116.98698999999999,146.99242999999996,214.999581,-0.9869899999999916,1.0075700000000438,0.00041899999999372994,1.4104420372922353,1.4142135623730951
395.0,6.0,61.0,216.0,6.0,61.0,216.0,5.987565999999999,60.984956999999994,216.015963,0.012434000000000722,0.01504300000000569,-0.015962999999999283,0.02521336102149347,0.0
396.0,87.0,97.0,216.0,87.0,97.0,216.0,86.99067099999999,96.989862,216.006891,0.009329000000008136,0.01013799999999776,-0.006890999999995984,0.01540438788138143,0.0
397.0,178.0,140.0,217.0,179.0,140.0,216.0,178.99391899999998,139.99546899999999,215.996359,-0.9939189999999769,0.004531000000014274,1.0036409999999876,1.4125122177889042,1.4142135623730951
398.0,182.0,166.0,217.0,182.0,166.0,217.0,181.99076900000003,165.99594199999999,216.993349,0.009230999999971345,0.004058000000014772,0.0066510000000050695,0.012079508516477742,0.0
399.0,129.0,105.0,219.0,129.0,105.0,219.0,128.99366200000003,104.99184,219.003309,0.006337999999971089,0.00816000000000372,-0.0033090000000015607,0.010849208496462062,0.0
400.0,237.0,123.0,219.0,234.0,122.0,222.0,234.001576,121.99730999999998,221.994723,2.998424,1.0026900000000154,-2.9947229999999934,4.354801897515546,4.358898943540674
401.0,158.0,164.0,219.0,158.0,164.0,219.0,157.98868700000003,163.99437999999998,218.995081,0.011312999999972817,0.005620000000021719,0.004919000000001006,0.013555992401873017,0.0
402.0,123.0,29.0,220.0,123.0,29.0,220.0,123.003103,28.990102,220.011891,-0.003102999999995859,0.00989799999999974,-0.011890999999991436,0.015779572047421486,0.0
403.0,198.0,244.0,220.0,198.0,244.0,220.0,197.981998,243.99773199999996,219.983871,0.018001999999995633,0.0022680000000434575,0.0161290000000065,0.024276747496323504,0.0
404.0,58.0,80.0,221.0,58.0,80.0,221.0,57.990057,79.98739599999999,221.010533,0.009942999999999813,0.012604000000010274,-0.010533000000009451,0.019200733163097037,0.0
405.0,31.0,86.0,221.0,31.0,86.0,221.0,30.986646000000004,85.98606699999999,221.011613,0.013353999999996091,0.013933000000008633,-0.011613000000011198,0.022523755770306075,0.0
406.0,85.0,239.0,221.0,85.0,238.0,221.0,84.97182000000001,237.99151299999997,220.991741,0.028179999999991878,1.0084870000000308,0.008259000000009564,1.0089144426808756,1.0
407.0,68.0,3.0,222.0,69.0,4.0,222.0,69.00114699999999,3.9865589999999993,222.018027,-1.001146999999989,-0.9865589999999993,-0.018026999999989357,1.4056738415503705,1.4142135623730951
408.0,38.0,75.0,222.0,38.0,75.0,222.0,37.988768,74.98612299999999,222.01234300000002,0.011231999999999687,0.01387700000000791,-0.012343000000015536,0.021704345233169234,0.0
409.0,172.0,135.0,222.0,172.0,135.0,222.0,171.99384600000002,134.99424499999998,221.997287,0.006153999999980897,0.005755000000021937,0.0027129999999999654,0.008851672723277628,0.0
410.0,46.0,37.0,223.0,46.0,37.0,223.0,45.99455100000001,36.985772999999995,223.015925,0.0054489999999915995,0.014227000000005319,-0.01592500000000996,0.022038710375164354,0.0
411.0,230.0,148.0,223.0,230.0,148.0,223.0,229.99774700000003,147.99741199999997,222.992161,0.002252999999967642,0.002588000000031343,0.007838999999989937,0.008557083264749658,0.0
412.0,162.0,156.0,223.0,162.0,156.0,223.0,161.99009500000003,155.99394399999997,222.99564900000001,0.009904999999974962,0.006056000000029371,0.004350999999985561,0.012398199949982017,0.0
413.0,154.0,70.0,224.0,154.0,70.0,224.0,154.000662,69.99193,224.005439,-0.0006620000000054915,0.008070000000003574,-0.005438999999995531,0.009754274191348956,0.0
414.0,181.0,223.0,224.0,181.0,223.0,224.0,180.98308500000002,222.99596199999996,223.987187,0.016914999999983138,0.0040380000000368454,0.01281299999999419,0.021600824937941104,0.0
415.0,187.0,230.0,224.0,186.0,230.0,225.0,185.982637,229.996218,224.986101,1.017362999999989,0.0037820000000010623,-0.9861009999999908,1.4168404848443454,1.4142135623730951
416.0,130.0,9.0,225.0,130.0,9.0,225.0,130.006377,8.989493,225.013553,-0.00637699999998631,0.010507000000000488,-0.013553000000001703,0.018296092123726362,0.0
417.0,31.0,12.0,225.0,30.0,12.0,224.0,29.99629,11.984371999999999,224.019639,1.0037100000000017,0.015628000000001308,0.9803609999999878,1.4031342376283815,1.4142135623730951
418.0,4.0,54.0,225.0,6.0,53.0,226.0,5.988531999999999,52.983540999999995,226.016727,-1.9885319999999993,1.0164590000000047,-1.016727000000003,2.45380973309546,2.449489742783178
419.0,95.0,160.0,225.0,95.0,160.0,225.0,94.98304999999999,159.990205,224.999485,0.01695000000000846,0.00979499999999689,0.0005150000000071486,0.019583404964413957,0.0
420.0,39.0,70.0,226.0,42.0,73.0,224.0,41.989402000000005,72.986045,224.012283,-2.9894020000000054,-2.9860450000000043,1.9877170000000035,4.669476194576655,4.69041575982343
421.0,167.0,217.0,227.0,167.0,217.0,227.0,166.982492,216.99473399999997,226.988701,0.017507999999992307,0.00526600000003441,0.011299000000008164,0.02149251546469788,0.0
422.0,159.0,161.0,228.0,159.0,162.0,229.0,158.988958,161.99311899999998,228.995133,0.011042000000003327,-0.9931189999999788,-0.9951330000000098,1.4059505544698139,1.4142135623730951
423.0,123.0,33.0,229.0,123.0,33.0,229.0,123.002494,32.989017999999994,229.011369,-0.002493999999998664,0.010982000000005598,-0.011369000000001961,0.0160024535931263,0.0
424.0,238.0,72.0,229.0,238.0,72.0,229.0,238.00850100000002,71.99577599999999,228.999797,-0.00850100000002385,0.004224000000007777,0.00020299999999906504,0.009494755710415663,0.0
425.0,120.0,138.0,229.0,120.0,138.0,229.0,119.988343,137.99064399999997,229.000221,0.011656999999999584,0.009356000000025233,-0.00022100000001046283,0.014948887115784475,0.0
426.0,122.0,207.0,230.0,122.0,208.0,230.0,121.979288,207.99181199999998,229.992523,0.020712000000003172,-0.9918119999999817,0.007476999999994405,0.992056417658272,1.0
427.0,76.0,34.0,231.0,76.0,34.0,231.0,75.99778500000001,33.986287999999995,231.014249,0.0022149999999925285,0.013712000000005276,-0.014249000000006617,0.019898722823344723,0.0
428.0,165.0,222.0,231.0,165.0,222.0,231.0,164.981602,221.99420099999998,230.988249,0.01839799999999059,0.0057990000000245345,0.011751000000003842,0.0225876250632958,0.0
429.0,52.0,94.0,233.0,53.0,94.0,232.0,52.987625,93.985961,232.009231,-0.9876250000000013,0.014038999999996804,0.9907690000000002,1.3990080219594894,1.4142135623730951
430.0,217.0,64.0,234.0,217.0,63.0,233.0,217.007616,62.993998,233.002073,-0.007616000000012946,1.0060020000000023,0.9979270000000042,1.4170237559014365,1.4142135623730951
431.0,100.0,78.0,234.0,100.0,78.0,234.0,99.994278,77.987924,234.007931,0.005722000000005778,0.012075999999993314,-0.007931000000013455,0.01553936359701124,0.0
432.0,240.0,73.0,235.0,240.0,73.0,235.0,240.008509,72.995131,234.999501,-0.008509000000003653,0.004868999999999346,0.0004989999999907013,0.009816274395107672,0.0
433.0,18.0,53.0,236.0,18.0,53.0,236.0,17.989606000000002,52.982896999999994,236.015859,0.010393999999998016,0.017103000000005864,-0.015859000000006063,0.025535381845595173,0.0
434.0,34.0,18.0,237.0,34.0,18.0,236.0,33.995778,17.983150000000002,236.018615,0.004221999999998616,0.016849999999998033,0.9813849999999888,0.9815387236421078,1.0
435.0,63.0,82.0,238.0,62.0,82.0,239.0,61.990019000000004,81.985338,239.009881,1.0099809999999962,0.014662000000001285,-1.0098810000000071,1.4283333745194107,1.4142135623730951
436.0,181.0,239.0,238.0,180.0,239.0,238.0,179.98075000000003,238.99438899999998,237.985383,1.0192499999999711,0.00561100000001602,0.014616999999987002,1.0193702480011573,1.0
437.0,139.0,152.0,239.0,139.0,152.0,239.0,138.98824800000003,151.99060899999998,238.99739300000002,0.011751999999972895,0.009391000000022132,0.0026069999999833726,0.015267509096106408,0.0
438.0,58.0,154.0,239.0,58.0,154.0,239.0,57.980127,153.98634999999996,239.002361,0.01987299999999692,0.013650000000041018,-0.002361000000007607,0.024224635188192893,0.0
439.0,203.0,166.0,240.0,203.0,166.0,240.0,202.992599,165.99411099999998,239.99177500000002,0.007400999999987334,0.00588900000002468,0.00822499999998172,0.0125341831405083,0.0
440.0,133.0,219.0,240.0,133.0,219.0,240.0,132.978813,218.99130199999996,239.990531,0.021186999999997624,0.008698000000038064,0.00946899999999573,0.02478318248329864,0.0
441.0,142.0,58.0,241.0,142.0,58.0,241.0,142.000929,57.988913999999994,241.00733300000002,-0.0009290000000135024,0.011086000000005924,-0.007333000000016909,0.013324238289688624,0.0
442.0,10.0,107.0,241.0,10.0,107.0,241.0,9.981657,106.982751,241.010489,0.018342999999999776,0.01724900000000673,-0.010489000000006854,0.027276597496762086,0.0
443.0,44.0,215.0,241.0,44.0,214.0,240.0,43.97084,213.98649999999998,239.996767,0.02915999999999741,1.0135000000000218,1.0032329999999945,1.4263621587412618,1.4142135623730951
444.0,39.0,113.0,242.0,35.0,113.0,242.0,34.983281,112.98405,242.008231,4.016719000000002,0.015950000000003683,-0.008230999999994992,4.016759101168755,4.0
445.0,143.0,153.0,242.0,144.0,152.0,242.0,143.98870600000004,151.99048999999997,241.997043,-0.9887060000000361,1.0095100000000343,0.0029570000000092023,1.4130317542026933,1.4142135623730951
446.0,234.0,76.0,243.0,233.0,76.0,243.0,233.00736200000003,75.993787,242.999545,0.992637999999971,0.0062130000000024665,0.0004549999999881038,0.9926575479176807,1.0
447.0,32.0,15.0,244.0,31.0,14.0,246.0,30.995925000000003,13.981643,246.019139,1.0040749999999967,1.018357,-2.0191389999999956,2.474295836474486,2.449489742783178
448.0,244.0,28.0,244.0,244.0,29.0,245.0,244.01461500000002,28.993315,245.003897,-0.014615000000020473,-0.9933149999999991,-1.003896999999995,1.4123375921000576,1.4142135623730951
449.0,100.0,39.0,244.0,100.0,39.0,245.0,99.99932699999998,38.98585299999999,245.012033,0.0006730000000203518,0.014147000000008347,-1.0120330000000024,1.0121320979136097,1.0
450.0,204.0,51.0,244.0,204.0,52.0,242.0,204.00772600000002,51.99196999999999,242.004003,-0.0077260000000194395,-0.9919699999999878,1.9959969999999885,2.2289163725866725,2.23606797749979
451.0,69.0,118.0,245.0,69.0,117.0,244.0,68.98603299999999,116.985664,244.005603,0.013967000000008056,1.0143360000000001,0.9943969999999922,1.420527363901866,1.4142135623730951
452.0,14.0,74.0,246.0,14.0,74.0,246.0,13.986356,73.981762,246.013747,0.013643999999999323,0.018237999999996646,-0.013746999999995069,0.026603822826799225,0.0
453.0,147.0,151.0,247.0,147.0,151.0,247.0,146.98908400000002,150.98999199999997,246.99690900000002,0.010915999999980386,0.01000800000002755,0.0030909999999835236,0.015128562423443325,0.0
454.0,168.0,229.0,1.0,168.0,230.0,3.0,167.98288900000003,230.02367999999998,2.989473,0.017110999999971455,-1.0236799999999846,-1.9894729999999998,2.237457563050072,2.23606797749979
455.0,95.0,26.0,4.0,95.0,26.0,4.0,95.002727,26.016215,4.016167,-0.0027269999999930405,-0.01621499999999898,-0.016167000000000264,0.023059372129352038,0.0
456.0,244.0,65.0,4.0,244.0,65.0,4.0,244.01203200000003,65.024775,4.002419000000001,-0.01203200000003335,-0.02477500000000532,-0.002419000000000615,0.027648168293777965,0.0
457.0,125.0,140.0,4.0,125.0,140.0,4.0,124.990589,140.019743,4.0019350000000005,0.009411000000000058,-0.019743000000005395,-0.0019350000000004641,0.021956711843994673,0.0
458.0,77.0,68.0,5.0,77.0,68.0,5.0,76.99542799999999,68.015847,5.012773,0.0045720000000102345,-0.015846999999993727,-0.012773000000000145,0.02086097126214162,0.0
459.0,160.0,181.0,5.0,160.0,181.0,5.0,159.98856300000003,181.02216699999997,4.9952570000000005,0.011436999999972386,-0.02216699999996763,0.004742999999999498,0.025390488514361605,0.0
460.0,164.0,193.0,5.0,164.0,193.0,5.0,163.987367,193.02258299999997,4.993705,0.012632999999993899,-0.022582999999968933,0.0062949999999997175,0.02663102707366802,0.0
461.0,104.0,38.0,7.0,104.0,38.0,7.0,104.001989,38.016512,7.014265000000001,-0.0019889999999946895,-0.01651199999999875,-0.01426500000000086,0.02191101298434105,0.0
462.0,49.0,60.0,7.0,49.0,60.0,7.0,48.993750000000006,60.013971,7.015409000000001,0.006249999999994316,-0.013970999999997957,-0.015409000000000894,0.021718393633045226,0.0
463.0,143.0,227.0,7.0,142.0,227.0,7.0,141.980727,227.02173899999997,6.991421000000001,1.0192729999999983,-0.0217389999999682,0.008578999999999226,1.0195408927017078,1.0
464.0,62.0,120.0,8.0,62.0,120.0,8.0,61.987082,120.015552,8.008087,0.012917999999999097,-0.015551999999999566,-0.008086999999999733,0.02177473299491773,0.0
465.0,138.0,196.0,8.0,138.0,196.0,8.0,137.98442200000002,196.02087199999997,7.995015,0.015577999999976555,-0.020871999999968693,0.004984999999999573,0.02651725274228004,0.0
466.0,137.0,198.0,8.0,137.0,198.0,8.0,136.98406100000003,198.020853,7.9948630000000005,0.015938999999974612,-0.020852999999988242,0.005136999999999503,0.02674487051751597,0.0
467.0,241.0,231.0,8.0,241.0,231.0,8.0,240.98979300000002,231.02692599999997,7.984643000000001,0.010206999999979871,-0.026925999999974692,0.015356999999998955,0.032634793916894805,0.0
468.0,76.0,244.0,9.0,76.0,244.0,9.0,75.972063,244.018274,8.993789000000001,0.027936999999994327,-0.01827399999999102,0.006210999999998634,0.033955729501798926,0.0
469.0,139.0,96.0,10.0,139.0,96.0,10.0,138.997701,96.018969,10.005731,0.0022989999999936117,-0.01896899999999846,-0.005731000000000819,0.019948752417129286,0.0
470.0,133.0,209.0,11.0,133.0,209.0,11.0,132.982194,209.02044399999997,10.993901000000001,0.017806000000007316,-0.020443999999969265,0.006098999999998966,0.027788641078667218,0.0
471.0,158.0,224.0,11.0,158.0,224.0,11.0,157.982639,224.022024,10.990681,0.017360999999993965,-0.02202399999998761,0.009318999999999633,0.02955172851119267,0.0
472.0,176.0,184.0,12.0,176.0,184.0,12.0,175.989656,184.02217,11.993839000000001,0.010344000000003462,-0.022169999999988477,0.006160999999998751,0.025228261077599963,0.0
473.0,97.0,244.0,12.0,97.0,244.0,12.0,96.974073,244.019003,11.992415000000001,0.025926999999995815,-0.019002999999997883,0.007584999999998843,0.033028102624881206,0.0
474.0,176.0,185.0,13.0,176.0,185.0,13.0,175.98951500000004,185.02205899999998,12.993721,0.01048499999996011,-0.022058999999984508,0.006278999999999257,0.025218258207070344,0.0
475.0,195.0,66.0,15.0,195.0,66.0,15.0,195.007048,66.020787,15.005337,-0.007047999999997501,-0.020786999999998557,-0.005337000000000813,0.02258887429687264,0.0
476.0,214.0,75.0,15.0,214.0,75.0,15.0,214.00770300000002,75.021947,15.003149,-0.0077030000000206655,-0.021946999999997274,-0.0031490000000005125,0.023471753641349465,0.0
477.0,161.0,242.0,15.0,160.0,242.0,15.0,159.980421,242.02192399999996,14.988569000000002,1.0195789999999931,-0.021923999999955868,0.011430999999998193,1.0198787510179748,1.0
478.0,211.0,177.0,16.0,211.0,177.0,16.0,210.993939,177.02339399999997,15.992315000000001,0.006060999999988326,-0.02339399999996772,0.00768499999999861,0.02535890735024533,0.0
479.0,50.0,233.0,16.0,50.0,234.0,16.0,49.970798,234.01582999999997,15.996463,0.029201999999997952,-1.0158299999999656,0.0035369999999996793,1.0162558024793413,1.0
480.0,169.0,237.0,17.0,169.0,237.0,17.0,168.981936,237.02205999999998,16.988513,0.018064000000009628,-0.022059999999981983,0.011486999999998915,0.03073927235637708,0.0
481.0,248.0,100.0,18.0,247.0,101.0,18.0,247.00744500000002,101.023754,17.998199,0.9925549999999816,-1.0237539999999967,0.0018010000000003856,1.4259175727025586,1.4142135623730951
482.0,79.0,121.0,18.0,79.0,121.0,18.0,78.988509,121.01519,18.006791,0.01149100000000658,-0.015190000000004034,-0.0067909999999997694,0.0202211983324498,0.0
483.0,66.0,53.0,19.0,66.0,53.0,19.0,65.99621499999999,53.013217,19.014957000000003,0.003785000000007699,-0.01321699999999737,-0.014957000000002552,0.020315687608349984,0.0
484.0,173.0,187.0,20.0,173.0,187.0,20.0,172.988897,187.02103799999998,19.993627,0.011102999999991425,-0.02103799999997591,0.006372999999999962,0.024627001076030258,0.0
485.0,48.0,233.0,20.0,48.0,233.0,20.0,47.9707,233.01519499999998,19.996659,0.029299999999999216,-0.015194999999977199,0.003340999999998928,0.033174392322983914,0.0
486.0,168.0,34.0,23.0,168.0,34.0,23.0,168.00858100000002,34.017787999999996,23.010441,-0.008581000000020822,-0.017787999999995918,-0.010441000000000145,0.02233967291614215,0.0
487.0,247.0,106.0,23.0,247.0,106.0,23.0,247.00674,106.02319899999999,22.997609,-0.00674000000000774,-0.023198999999991088,0.002390999999999366,0.02427628641286982,0.0
488.0,84.0,122.0,23.0,84.0,122.0,23.0,83.988817,122.014832,23.006313000000002,0.011183000000002608,-0.014831999999998402,-0.0063130000000022335,0.019618911335750493,0.0
489.0,131.0,150.0,23.0,131.0,150.0,23.0,130.98968000000002,150.01779899999997,23.000281,0.01031999999997879,-0.017798999999968146,-0.00028100000000108594,0.02057633985913017,0.0
490.0,247.0,107.0,24.0,247.0,107.0,24.0,247.006599,107.02308799999999,23.997491,-0.006598999999994248,-0.02308799999998712,0.0025089999999998724,0.024143272893278753,0.0
491.0,177.0,188.0,24.0,175.0,188.0,23.0,174.98893200000003,188.02077699999995,22.993361,2.011067999999966,-0.02077699999995275,1.0066389999999998,2.2490327389066307,2.23606797749979
492.0,204.0,16.0,26.0,204.0,16.0,26.0,204.014422,16.019006,26.010051,-0.01442199999999616,-0.019006000000000967,-0.010051000000000698,0.025889084978035437,0.0
493.0,189.0,25.0,26.0,189.0,25.0,26.0,189.01177900000002,25.018364,26.010039000000003,-0.011779000000018414,-0.01836399999999827,-0.010039000000002574,0.024015887616334775,0.0
494.0,171.0,50.0,27.0,171.0,50.0,27.0,171.00672400000002,50.017706999999994,27.008481000000003,-0.006724000000019714,-0.017706999999994366,-0.008481000000003291,0.020752768152709686,0.0
495.0,247.0,96.0,27.0,246.0,95.0,26.0,246.008068,95.022575,25.998831000000003,0.9919319999999914,0.9774249999999967,1.0011689999999973,1.7151175148688707,1.7320508075688772
496.0,181.0,45.0,28.0,181.0,45.0,28.0,181.00834500000002,45.018024,28.008371,-0.008345000000019809,-0.01802399999999693,-0.00837100000000035,0.02155405395743979,0.0
497.0,47.0,199.0,28.0,47.0,199.0,28.0,46.975018999999996,199.01353999999998,28.000315,0.024981000000003917,-0.013539999999977681,-0.0003150000000005093,0.02841621343528359,0.0
498.0,215.0,11.0,29.0,215.0,11.0,30.0,215.01611300000002,11.018991999999999,30.009847,-0.016113000000018474,-0.01899199999999901,-1.0098470000000006,1.0101540913355753,1.0
499.0,214.0,12.0,29.0,214.0,12.0,29.0,214.015893,12.019084,29.009813,-0.015893000000005486,-0.019083999999999435,-0.009813000000001182,0.02670358541469995,0.0
500.0,191.0,40.0,30.0,191.0,41.0,31.0,191.009816,41.01810199999999,31.008133,-0.009816000000000713,-1.0181019999999918,-1.0081330000000008,1.4328154737959056,1.4142135623730951
501.0,89.0,125.0,30.0,89.0,125.0,30.0,88.988843,125.014252,30.005599,0.011156999999997197,-0.014251999999999043,-0.005599000000000132,0.018945895439379783,0.0
502.0,225.0,5.0,31.0,225.0,5.0,31.0,225.017866,5.019292,31.009845000000002,-0.01786599999999794,-0.019292000000000087,-0.009845000000002102,0.02807666727017242,0.0
503.0,224.0,6.0,31.0,224.0,6.0,31.0,224.017637,6.0192559999999995,31.009801000000003,-0.017637000000007674,-0.019255999999999496,-0.009801000000003057,0.027891161790078077,0.0
504.0,222.0,7.0,31.0,222.0,7.0,31.0,222.017311,7.0191669999999995,31.009821000000002,-0.017311000000006516,-0.01916699999999949,-0.0098210000000023,0.027631443158117008,0.0
505.0,220.0,8.0,31.0,220.0,8.0,31.0,220.016985,8.019077999999999,31.009841,-0.016985000000005357,-0.019077999999998596,-0.009841000000001543,0.027373446805255615,0.0
506.0,219.0,9.0,31.0,219.0,9.0,31.0,219.016756,9.019041999999999,31.009797000000002,-0.01675599999998667,-0.019041999999998893,-0.009797000000002498,0.027190853406974195,0.0
507.0,48.0,227.0,31.0,48.0,227.0,31.0,47.971393,227.01368499999998,30.997197000000003,0.028607000000000937,-0.013684999999981073,0.0028029999999965582,0.0318354595223552,0.0
508.0,49.0,214.0,32.0,50.0,215.0,31.0,49.973171,215.013587,30.998365000000003,-0.9731710000000007,-1.0135870000000011,1.0016349999999967,1.7255993379214647,1.7320508075688772
509.0,19.0,114.0,33.0,19.0,114.0,33.0,18.983478,114.00997100000001,33.011237,0.01652199999999837,-0.00997100000000728,-0.011237000000001274,0.022330864157038794,0.0
510.0,203.0,24.0,34.0,203.0,24.0,34.0,203.01319700000002,24.018064999999996,34.009171,-0.013197000000019443,-0.018064999999996445,-0.009171000000002039,0.024178756688473916,0.0
511.0,202.0,25.0,34.0,202.0,25.0,34.0,202.01296800000003,25.018029,34.009127,-0.012968000000029178,-0.01802899999999852,-0.009126999999999441,0.02401074746859608,0.0
512.0,55.0,28.0,34.0,55.0,28.0,34.0,54.998313,28.010288999999997,34.018211,0.0016869999999968854,-0.010288999999996662,-0.018211000000000865,0.020984518364736235,0.0
513.0,25.0,41.0,34.0,25.0,42.0,33.0,24.993564,42.00906499999999,33.018629000000004,0.0064360000000007744,-1.0090649999999926,0.9813709999999958,1.407601732011572,1.4142135623730951
514.0,204.0,24.0,35.0,204.0,24.0,35.0,204.01328500000002,24.017989999999998,35.009097000000004,-0.013285000000024638,-0.017989999999997508,-0.00909700000000413,0.024143047322172075,0.0
515.0,203.0,25.0,35.0,203.0,25.0,35.0,203.013056,25.017954,35.009053,-0.013056000000005952,-0.01795399999999958,-0.009053000000001532,0.023974195732081777,0.0
516.0,96.0,243.0,35.0,96.0,243.0,35.0,95.97390099999998,243.01598899999996,34.992357,0.026099000000016304,-0.01598899999996206,0.007643000000001621,0.031547129362267855,0.0
517.0,74.0,39.0,36.0,74.0,39.0,36.0,73.99868599999998,39.011227,36.015787,0.0013140000000220198,-0.0112269999999981,-0.015787000000003104,0.019416526311369735,0.0
518.0,46.0,208.0,36.0,46.0,208.0,36.0,45.973662000000004,208.01261599999998,35.999327,0.02633799999999553,-0.012615999999979977,0.0006729999999990355,0.029211412649840438,0.0
519.0,205.0,185.0,37.0,205.0,185.0,38.0,204.99210300000004,185.02039599999998,37.991615,0.007896999999957188,-0.020395999999976766,-0.991615000000003,0.9918561728647982,1.0
520.0,60.0,215.0,37.0,61.0,214.0,38.0,60.974307,214.01325699999998,37.997699000000004,-0.9743070000000031,0.9867430000000184,-0.9976990000000043,1.7083147171698343,1.7320508075688772
521.0,104.0,117.0,38.0,104.0,117.0,38.0,103.99128199999998,117.013887,38.005423,0.00871800000001599,-0.013886999999996874,-0.0054230000000004,0.017270240936367864,0.0
522.0,27.0,35.0,40.0,27.0,35.0,40.0,26.994619,35.008156,40.019187,0.005380999999999858,-0.008155999999999608,-0.019187000000002286,0.02153175482862648,0.0
523.0,186.0,184.0,40.0,186.0,184.0,40.0,185.990374,184.01911599999997,39.992919,0.009625999999997248,-0.01911599999996838,0.007080999999999449,0.0225437772566784,0.0
524.0,57.0,204.0,40.0,57.0,204.0,40.0,56.975221000000005,204.01261899999997,39.999015,0.02477899999999522,-0.012618999999972402,0.0009850000000000136,0.027824597517287948,0.0
525.0,23.0,22.0,41.0,24.0,21.0,41.0,23.996167,21.007630999999996,41.020881,-0.9961669999999998,0.9923690000000036,-0.020881000000002814,1.4062648897739738,1.4142135623730951
526.0,138.0,152.0,41.0,137.0,150.0,39.0,136.99011800000002,150.016069,38.999737,1.0098819999999762,1.9839310000000125,2.000262999999997,2.9928073669807067,3.0
527.0,229.0,166.0,41.0,229.0,166.0,41.0,228.996912,166.02096099999997,40.992101000000005,0.003087999999991098,-0.020960999999971364,0.007898999999994771,0.022611799264955938,0.0
528.0,43.0,201.0,41.0,42.0,200.0,43.0,41.974267,200.01137199999997,43.000377,1.0257330000000024,0.988628000000034,-2.0003770000000003,2.4558138471394924,2.449489742783178
529.0,150.0,58.0,42.0,150.0,58.0,42.0,150.003496,58.01481,42.008811,-0.0034960000000126,-0.014809999999997103,-0.008811000000001457,0.01758385159741824,0.0
530.0,206.0,189.0,42.0,206.0,189.0,42.0,205.991636,189.02000499999997,41.991079,0.00836400000000026,-0.020004999999969186,0.008921000000000845,0.023446551174933734,0.0
531.0,245.0,127.0,43.0,245.0,127.0,43.0,245.00359400000002,127.02089,42.995269,-0.0035940000000209693,-0.020889999999994302,0.004730999999999597,0.021718455216702428,0.0
532.0,214.0,178.0,43.0,213.0,179.0,43.0,212.993626,179.02007799999998,42.991701,1.0063739999999939,-1.0200779999999838,0.008299000000000945,1.4329747476354755,1.4142135623730951
533.0,46.0,16.0,44.0,46.0,16.0,44.0,45.998934000000006,16.008328,44.019983,0.0010659999999944603,-0.00832799999999878,-0.019983000000003415,0.0216751523408742,0.0
534.0,245.0,120.0,44.0,245.0,120.0,45.0,245.0045,120.020515,44.996005000000004,-0.004500000000007276,-0.02051500000000317,-0.9960050000000038,0.9962264176631775,1.0
535.0,124.0,143.0,44.0,124.0,143.0,44.0,123.989736,143.01462099999998,44.001275,0.01026400000000649,-0.014620999999976902,-0.001274999999999693,0.017909465709491642,0.0
536.0,40.0,168.0,44.0,40.0,167.0,44.0,39.97842,167.01057699999998,44.004059000000005,0.021580000000000155,0.9894230000000164,-0.004059000000005142,0.9896666331699945,1.0
537.0,136.0,193.0,44.0,136.0,193.0,44.0,135.98430000000002,193.01610699999998,43.995107000000004,0.015699999999981173,-0.01610699999997678,0.004892999999995595,0.023018837894181753,0.0
538.0,12.0,114.0,45.0,12.0,114.0,46.0,11.982682,114.007936,46.011555,0.0173179999999995,-0.007936000000000831,-1.0115550000000013,1.0117343580431588,1.0
539.0,118.0,146.0,45.0,118.0,146.0,45.0,117.988749,146.01422599999998,45.001325,0.011251000000001454,-0.014225999999979422,-0.0013250000000013529,0.01818570048140711,0.0
540.0,194.0,238.0,45.0,194.0,238.0,45.0,193.983977,238.01981799999996,44.986525,0.016022999999989906,-0.019817999999958147,0.013474999999999682,0.02882820282289566,0.0
541.0,63.0,194.0,46.0,62.0,195.0,45.0,61.976849,195.01209099999997,44.999617,1.0231509999999986,-1.0120909999999697,1.0003829999999994,1.7526928732013876,1.7320508075688772
542.0,58.0,139.0,47.0,59.0,138.0,46.0,58.984073,138.010835,46.005955,-0.9840730000000022,0.9891650000000141,0.9940449999999998,1.7131761522327562,1.7320508075688772
543.0,235.0,167.0,48.0,235.0,167.0,48.0,234.99729900000003,167.02039999999997,47.991539,0.002700999999973419,-0.020399999999966667,0.008460999999996943,0.02224958251290223,0.0
544.0,216.0,195.0,48.0,216.0,195.0,48.0,215.99176,195.01986899999997,47.989731,0.008240000000000691,-0.019868999999971493,0.010269000000000972,0.02383541738671464,0.0
545.0,222.0,15.0,49.0,221.0,15.0,48.0,221.016005,15.017074,48.008851,0.9839949999999931,-0.017073999999999145,0.9911490000000001,1.396751238303366,1.4142135623730951
546.0,41.0,150.0,49.0,41.0,150.0,49.0,40.980716,150.00970099999998,49.005781000000006,0.01928399999999897,-0.009700999999978421,-0.005781000000006031,0.022347304490689952,0.0
547.0,244.0,180.0,49.0,244.0,180.0,49.0,243.99644700000002,180.02096999999998,48.989549000000004,0.003552999999982376,-0.020969999999977063,0.010450999999996213,0.023697850324424653,0.0
548.0,28.0,50.0,50.0,30.0,50.0,51.0,29.992831000000002,50.007161999999994,51.017265,-1.9928310000000025,-0.0071619999999938955,-1.0172650000000019,2.2374661492478523,2.23606797749979
549.0,183.0,62.0,50.0,183.0,62.0,50.0,183.006097,62.01560299999999,50.006187000000004,-0.006097000000011121,-0.015602999999991596,-0.006187000000004161,0.017857939046819617,0.0
550.0,50.0,151.0,50.0,50.0,151.0,50.0,49.981448,151.01006699999996,50.005087,0.01855199999999968,-0.010066999999963855,-0.005087000000003172,0.021711719462062247,0.0
551.0,120.0,160.0,50.0,120.0,160.0,50.0,119.98705,160.01392999999996,49.999635000000005,0.01295000000000357,-0.013929999999959364,0.0003649999999950637,0.01902316022639132,0.0
552.0,236.0,14.0,51.0,236.0,14.0,51.0,236.01756500000002,14.017468000000001,51.007969,-0.017565000000018927,-0.017468000000000927,-0.00796900000000278,0.02602239823691778,0.0
553.0,37.0,13.0,52.0,37.0,13.0,52.0,36.998385,13.006776,52.020803,0.0016150000000010323,-0.006776000000000337,-0.020803000000000793,0.021938259046698324,0.0
554.0,55.0,28.0,52.0,54.0,28.0,52.0,53.998054,28.007932,52.018095,1.0019459999999967,-0.007932000000000272,-0.018095000000002415,1.002140774824073,1.0
555.0,111.0,149.0,52.0,111.0,149.0,52.0,110.987611,149.01300999999998,52.001379,0.012388999999998873,-0.013009999999979982,-0.001379000000000019,0.018018020479493614,0.0
556.0,113.0,157.0,52.0,113.0,157.0,52.0,112.98674899999999,157.013252,52.000387,0.013251000000011004,-0.013251999999994268,-0.0003870000000034679,0.018744446484229467,0.0
557.0,114.0,158.0,52.0,114.0,158.0,52.0,113.986714,158.013322,52.000215000000004,0.013285999999993692,-0.013321999999988066,-0.0002150000000042951,0.018815942841099307,0.0
558.0,115.0,88.0,53.0,115.0,88.0,53.0,114.99604199999999,88.012057,53.007701000000004,0.003958000000011452,-0.012056999999998652,-0.007701000000004399,0.01484393525990079,0.0
559.0,32.0,100.0,53.0,33.0,100.0,53.0,32.986504000000004,100.007915,53.011653,-0.9865040000000036,-0.007914999999997008,-0.011653000000002578,0.9866045720804293,1.0
560.0,146.0,84.0,54.0,146.0,84.0,54.0,145.999568,84.013504,54.006139000000005,0.0004319999999893298,-0.013503999999997518,-0.0061390000000045575,0.014840214317858745,0.0
561.0,51.0,145.0,54.0,51.0,145.0,54.0,50.982301,145.009506,54.005631,0.017699000000000353,-0.00950599999998758,-0.005631000000001052,0.020864486526147443,0.0
562.0,88.0,154.0,54.0,88.0,154.0,54.0,87.984702,154.01162,54.002291,0.015298000000001366,-0.011619999999993524,-0.002290999999999599,0.01934688308229234,0.0
563.0,192.0,59.0,55.0,192.0,59.0,55.0,192.007321,59.01538899999999,55.005885000000006,-0.007320999999990363,-0.015388999999991881,-0.005885000000006357,0.018029187086490723,0.0
564.0,23.0,108.0,55.0,23.0,108.0,55.0,22.984460000000002,108.00726499999999,55.011409,0.015539999999997889,-0.007264999999989641,-0.011409000000000447,0.02060187141984422,0.0
565.0,33.0,16.0,56.0,33.0,16.0,56.0,32.997565,16.006103,56.020695,0.0024349999999984107,-0.0061029999999995255,-0.02069500000000346,0.021713103394036738,0.0
566.0,123.0,84.0,56.0,123.0,84.0,56.0,122.99731899999999,84.01202900000001,56.007591000000005,0.0026810000000097034,-0.012029000000012502,-0.00759100000000501,0.014474387137299765,0.0
567.0,24.0,109.0,56.0,24.0,109.0,56.0,23.984416,109.00720700000001,56.011227000000005,0.015584000000000486,-0.007207000000008179,-0.011227000000005205,0.020514566385869577,0.0
568.0,48.0,136.0,56.0,48.0,136.0,56.0,47.98318,136.00893799999997,56.006775000000005,0.01682000000000272,-0.008937999999972135,-0.006775000000004638,0.02021635152542754,0.0
569.0,244.0,165.0,56.0,244.0,165.0,56.0,243.998364,165.01981899999998,55.991099000000006,0.001635999999990645,-0.019818999999984044,0.008900999999994497,0.021787543643082826,0.0
570.0,242.0,173.0,56.0,242.0,173.0,56.0,241.99711399999998,173.01984899999997,55.990363,0.0028860000000179298,-0.019848999999965145,0.009636999999997897,0.02225272041793271,0.0
571.0,25.0,109.0,57.0,25.0,109.0,57.0,24.984503999999998,109.007132,57.011153,0.015496000000002397,-0.007131999999998584,-0.01115300000000019,0.02038089421492733,0.0
572.0,80.0,20.0,58.0,80.0,20.0,58.0,80.001578,20.008405999999997,58.017235,-0.0015779999999949723,-0.008405999999997249,-0.017234999999999445,0.01924048193263149,0.0
573.0,39.0,52.0,59.0,39.0,52.0,59.0,38.993368,52.006648999999996,59.016393,0.006632000000003302,-0.006648999999995908,-0.016393000000000768,0.018892407840188464,0.0
574.0,237.0,186.0,59.0,237.0,186.0,59.0,236.994886,186.01942099999997,58.989249,0.005113999999991847,-0.019420999999965716,0.010750999999999067,0.022779645256205478,0.0
575.0,20.0,6.0,60.0,20.0,6.0,60.0,19.997588,6.004732000000001,60.022567,0.0024119999999996367,-0.004732000000000625,-0.022567000000002224,0.02318359456598792,0.0
576.0,244.0,34.0,60.0,243.0,33.0,59.0,243.01566400000002,33.017137999999996,59.005389,0.9843359999999848,0.9828620000000043,0.994610999999999,1.7100251791306982,1.7320508075688772
577.0,202.0,82.0,60.0,202.0,82.0,60.0,202.00521,82.01567,60.002711000000005,-0.005210000000005266,-0.015670000000000073,-0.002711000000005015,0.016734471040343174,0.0
578.0,202.0,81.0,61.0,202.0,81.0,61.0,202.005333,81.015525,61.002809000000006,-0.00533300000000736,-0.01552499999999668,-0.0028090000000062787,0.016654038399139433,0.0
579.0,5.0,120.0,61.0,5.0,120.0,61.0,4.981076,120.005747,61.011205000000004,0.018924000000000163,-0.0057469999999995025,-0.011205000000003906,0.022730987879986383,0.0
580.0,105.0,86.0,62.0,105.0,86.0,62.0,104.995255,86.010341,62.008467,0.004744999999999777,-0.010340999999996825,-0.008467000000003111,0.014182432619264754,0.0
581.0,34.0,91.0,62.0,34.0,91.0,62.0,33.987708000000005,91.006663,62.012471000000005,0.012291999999995085,-0.006663000000003194,-0.012471000000005006,0.018735385611191636,0.0
582.0,35.0,91.0,63.0,35.0,91.0,63.0,34.987796,91.006588,63.012397,0.012203999999996995,-0.006587999999993599,-0.012396999999999991,0.018601746396503797,0.0
583.0,98.0,203.0,63.0,98.0,204.0,65.0,97.978973,204.01159199999998,64.996141,0.02102700000000368,-1.011591999999979,-1.9961409999999944,2.237931947373274,2.23606797749979
584.0,14.0,9.0,64.0,14.0,9.0,64.0,13.996573999999999,9.003953000000001,64.022587,0.0034260000000010393,-0.0039530000000009835,-0.022587000000001467,0.023184828099429188,0.0
585.0,38.0,89.0,64.0,38.0,89.0,64.0,37.988342,89.006585,64.012411,0.01165799999999706,-0.006585000000001173,-0.012411000000000172,0.01825661825201894,0.0
586.0,40.0,87.0,65.0,40.0,87.0,65.0,39.988791,87.006529,65.012489,0.011209000000000913,-0.006529000000000451,-0.012489000000002193,0.018006794356577774,0.0
587.0,44.0,54.0,66.0,44.0,54.0,66.0,43.993526,54.00605199999999,66.015787,0.006473999999997204,-0.006051999999989732,-0.015787000000003104,0.018104384800371912,0.0
588.0,122.0,27.0,67.0,122.0,27.0,66.0,122.004656,27.009726999999998,66.013711,-0.004655999999997107,-0.009726999999998043,0.9862889999999993,0.9863479529993452,1.0
589.0,229.0,44.0,67.0,229.0,44.0,67.0,229.012782,44.015558999999996,67.005017,-0.012781999999987192,-0.015558999999996104,-0.005016999999995164,0.02075168171497199,0.0
590.0,223.0,145.0,67.0,224.0,145.0,66.0,223.998974,145.017139,65.994439,-0.998974000000004,-0.017138999999986027,1.0055610000000001,1.4175315596902975,1.4142135623730951
591.0,210.0,235.0,68.0,210.0,235.0,68.0,209.98571800000002,235.01767099999998,67.98559499999999,0.014281999999980144,-0.017670999999978676,0.01440500000001066,0.02690248668801801,0.0
592.0,61.0,36.0,69.0,61.0,36.0,69.0,60.997524,36.006263,69.01661299999999,0.002476000000001477,-0.006262999999997021,-0.01661299999999244,0.017926168413794366,0.0
593.0,98.0,205.0,69.0,98.0,205.0,69.0,97.978805,205.01109699999995,68.995993,0.021195000000005848,-0.01109699999994973,0.004007000000001426,0.024257524255355153,0.0
594.0,199.0,238.0,69.0,199.0,238.0,69.0,198.984246,238.01701099999997,68.985965,0.015753999999986945,-0.017010999999968135,0.014035000000006903,0.027102469666041476,0.0
595.0,25.0,17.0,70.0,25.0,17.0,70.0,24.996530999999997,17.003904000000002,70.02095899999999,0.003469000000002609,-0.003904000000002128,-0.020958999999990624,0.021599880971885973,0.0
596.0,26.0,18.0,70.0,26.0,18.0,70.0,25.996495999999997,18.003974,70.020787,0.0035040000000030602,-0.003973999999999478,-0.020786999999998557,0.021451574790675797,0.0
597.0,45.0,78.0,70.0,45.0,78.0,70.0,44.990419,78.006001,70.013091,0.009580999999997175,-0.006000999999997703,-0.01309100000000285,0.01729687379268268,0.0
598.0,175.0,140.0,70.0,175.0,141.0,70.0,174.99471300000002,141.013962,69.997967,0.00528699999998139,-1.0139619999999923,0.002032999999997287,1.0139778217012363,1.0
599.0,138.0,191.0,70.0,138.0,191.0,70.0,137.984524,191.01285099999998,69.994935,0.015476000000006707,-0.012850999999983514,0.0050650000000018736,0.02074389071509496,0.0
600.0,71.0,39.0,71.0,70.0,39.0,71.0,69.99798299999998,39.00653499999999,71.015693,1.0020170000000235,-0.006534999999992408,-0.015692999999998847,1.0021611870168625,1.0
601.0,176.0,140.0,71.0,176.0,140.0,71.0,175.994933,140.01387,70.998001,0.005066999999996824,-0.013869999999997162,0.0019989999999978636,0.014901254645159265,0.0
602.0,63.0,40.0,72.0,63.0,40.0,72.0,62.99716300000001,40.006052999999994,72.01602299999999,0.002836999999992429,-0.006052999999994313,-0.016022999999989906,0.017361564071234042,0.0
603.0,98.0,206.0,72.0,98.0,206.0,73.0,97.97863699999999,206.01060199999998,72.995845,0.021363000000008014,-0.010601999999977352,-0.9958450000000028,0.9961305357221037,1.0
604.0,90.0,97.0,73.0,90.0,97.0,73.0,89.99224899999999,97.008325,73.008129,0.007751000000013164,-0.00832499999999925,-0.008128999999996722,0.013980853586249242,0.0
605.0,231.0,223.0,73.0,231.0,223.0,73.0,230.98929400000003,223.01793999999998,72.985497,0.010705999999970572,-0.017939999999981637,0.014503000000004818,0.025432244199025195,0.0
606.0,112.0,28.0,74.0,111.0,27.0,75.0,111.003508,27.007991999999998,75.014325,0.9964920000000035,0.992008000000002,-1.0143249999999995,1.7337622050768697,1.7320508075688772
607.0,236.0,216.0,74.0,236.0,216.0,74.0,235.99069400000002,216.017958,73.985923,0.00930599999998094,-0.017957999999993035,0.01407700000000034,0.024642510606661096,0.0
608.0,204.0,233.0,75.0,204.0,233.0,75.0,203.98533700000002,233.01642299999997,74.986125,0.01466299999998455,-0.016422999999974763,0.01387499999999875,0.026023722312511006,0.0
609.0,5.0,13.0,76.0,5.0,13.0,76.0,4.995065,13.002007999999998,76.022611,0.00493499999999969,-0.0020079999999982334,-0.022610999999997716,0.023230230519731967,0.0
610.0,172.0,116.0,76.0,172.0,116.0,76.0,171.997668,116.01261,76.000799,0.00233199999999556,-0.012609999999995125,-0.0007990000000006603,0.012848685730449531,0.0
611.0,17.0,153.0,76.0,18.0,153.0,75.0,17.977855,153.00520499999996,75.006669,-0.9778550000000017,-0.005204999999961046,0.9933309999999977,1.3938916631542777,1.4142135623730951
612.0,43.0,242.0,76.0,43.0,242.0,76.0,42.968523,242.00791499999997,75.995447,0.03147700000000242,-0.007914999999968586,0.0045530000000013615,0.032774663430761075,0.0
613.0,193.0,150.0,80.0,193.0,150.0,80.0,192.995181,150.01378899999997,79.99574299999999,0.004818999999997686,-0.013788999999974294,0.004257000000009725,0.015214510540906388,0.0
614.0,201.0,153.0,80.0,201.0,153.0,80.0,200.995561,153.01426399999997,79.994907,0.004438999999990756,-0.014263999999968746,0.005093000000002235,0.015783062630524185,0.0
615.0,215.0,138.0,82.0,215.0,138.0,82.0,214.998881,138.01449499999998,81.995611,0.0011189999999885458,-0.014494999999982383,0.004389000000003307,0.01518619461878099,0.0
616.0,196.0,149.0,82.0,195.0,150.0,81.0,194.995366,150.01376699999997,80.995605,1.00463400000001,-1.013766999999973,1.0043950000000024,1.7452284435769347,1.7320508075688772
617.0,200.0,151.0,82.0,200.0,151.0,82.0,199.99570999999997,151.01392099999998,81.995167,0.004290000000025884,-0.013920999999982087,0.004833000000004972,0.015347841216267888,0.0
618.0,92.0,21.0,83.0,92.0,21.0,83.0,92.002385,21.005858999999997,83.016109,-0.0023850000000038563,-0.005858999999997394,-0.01610900000000015,0.01730653018371946,0.0
619.0,212.0,69.0,83.0,212.0,69.0,83.0,212.00768900000003,69.01303499999999,83.00324499999999,-0.00768900000002759,-0.013034999999987917,-0.003244999999992615,0.015477789603172068,0.0
620.0,98.0,99.0,83.0,98.0,99.0,83.0,97.99267099999999,99.00750299999999,83.007301,0.0073290000000127975,-0.0075029999999856045,-0.007300999999998226,0.012779430777618605,0.0
621.0,94.0,50.0,84.0,94.0,50.0,85.0,93.99873299999999,50.006201999999995,85.012829,0.0012670000000127857,-0.006201999999994712,-1.0128289999999964,1.0128487810793834,1.0
622.0,213.0,69.0,84.0,213.0,69.0,84.0,213.007777,69.01296,84.003171,-0.007777000000004364,-0.012960000000006744,-0.003170999999994706,0.015443398913458433,0.0
623.0,100.0,99.0,84.0,100.0,99.0,84.0,99.99285599999999,99.007481,84.00716299999999,0.007144000000010919,-0.007480999999998517,-0.007162999999991371,0.01258215665138573,0.0
624.0,228.0,130.0,85.0,228.0,130.0,85.0,228.00117100000003,130.01466399999998,84.99561299999999,-0.0011710000000277887,-0.014663999999982025,0.0043870000000083564,0.015350892677613612,0.0
625.0,226.0,132.0,85.0,224.0,132.0,84.0,224.000528,132.014614,83.995663,1.9994719999999973,-0.014613999999994576,1.0043370000000067,2.237586793254957,2.23606797749979
626.0,36.0,37.0,87.0,37.0,37.0,87.0,36.994902,37.002703999999994,87.017861,-0.9949020000000033,-0.0027039999999942665,-0.017860999999996352,0.9950659860235432,1.0
627.0,51.0,63.0,87.0,51.0,63.0,87.0,50.992828,63.00388799999999,87.014157,0.00717199999999707,-0.0038879999999892334,-0.01415699999999731,0.01633936280886737,0.0
628.0,218.0,230.0,87.0,218.0,230.0,87.0,217.986983,230.01557799999998,86.985433,0.01301699999999073,-0.015577999999976555,0.014566999999999553,0.02498627347162868,0.0
629.0,91.0,78.0,89.0,91.0,78.0,89.0,90.99471,78.006007,89.009957,0.005290000000002237,-0.006006999999996765,-0.009956999999999994,0.012775366844047363,0.0
630.0,15.0,235.0,91.0,15.0,235.0,91.0,14.966596000000001,235.00439199999997,90.997845,0.0334039999999991,-0.004391999999967311,0.0021550000000019054,0.033760345155221104,0.0
631.0,180.0,93.0,92.0,180.0,93.0,92.0,180.00133599999998,93.010595,92.002611,-0.001335999999980686,-0.010594999999995025,-0.0026110000000016953,0.010993463603425985,0.0
632.0,142.0,142.0,92.0,143.0,141.0,94.0,142.99139300000002,141.00919399999998,93.999775,-0.9913930000000164,0.9908060000000205,-1.9997749999999996,2.4420599216051335,2.449489742783178
633.0,154.0,221.0,92.0,153.0,220.0,94.0,152.981935,220.01106699999997,93.990603,1.018065000000007,0.9889330000000314,-1.990602999999993,2.444779156963477,2.449489742783178
634.0,17.0,234.0,92.0,17.0,234.0,93.0,16.966904,234.004225,92.997805,0.03309600000000046,-0.0042249999999910415,-0.9978049999999996,0.9983626665025086,1.0
635.0,16.0,235.0,92.0,16.0,235.0,93.0,15.966675,235.004189,92.997761,0.033324999999999605,-0.004188999999996668,-0.997760999999997,0.9983261573589034,1.0
636.0,109.0,238.0,92.0,109.0,238.0,92.0,108.97530900000001,238.00929699999998,91.991495,0.024690999999990026,-0.009296999999975242,0.00850499999999954,0.027720294280527386,0.0
637.0,111.0,241.0,92.0,111.0,241.0,92.0,110.975107,241.00945399999998,91.99104299999999,0.024893000000005827,-0.009453999999976759,0.00895700000000943,0.028093903502361853,0.0
638.0,15.0,236.0,93.0,15.0,236.0,93.0,14.966446,236.00415299999997,92.997717,0.03355400000000053,-0.004152999999973872,0.002283000000005586,0.03388702427183366,0.0
639.0,111.0,243.0,93.0,111.0,243.0,93.0,110.97483399999999,243.00936,92.99081699999999,0.0251660000000129,-0.009359999999986712,0.009183000000007269,0.02837718529030908,0.0
640.0,169.0,145.0,94.0,169.0,145.0,94.0,168.993387,145.01063999999997,93.99767899999999,0.0066129999999873235,-0.010639999999966676,0.0023210000000091213,0.012740816692785654,0.0
641.0,106.0,232.0,94.0,106.0,232.0,94.0,105.975792,232.00877999999997,93.99231499999999,0.02420800000000156,-0.008779999999973143,0.007685000000009268,0.026873311835345984,0.0
642.0,81.0,238.0,94.0,81.0,236.0,95.0,80.97282999999999,236.00739499999997,94.993473,0.02717000000001235,1.992605000000026,-0.9934729999999945,2.226701932602137,2.23606797749979
643.0,7.0,10.0,96.0,7.0,10.0,96.0,6.995475,9.999503,96.022607,0.004525000000000112,0.0004969999999993036,-0.022606999999993604,0.023060769349692374,0.0
644.0,187.0,67.0,96.0,187.0,67.0,96.0,187.00541099999998,67.010012,96.004931,-0.005410999999980959,-0.01001200000000324,-0.0049309999999991305,0.012402976497593239,0.0
645.0,195.0,4.0,99.0,194.0,4.0,100.0,194.01437,4.0088,100.011247,0.9856299999999862,-0.008799999999999919,-1.0112469999999973,1.4121488703068694,1.4142135623730951
646.0,11.0,225.0,99.0,11.0,225.0,99.0,10.967456000000002,225.00298599999996,98.999101,0.03254399999999791,-0.002985999999964406,0.00089900000000398,0.0326930624597889,0.0
647.0,12.0,229.0,99.0,12.0,229.0,99.0,11.967025000000001,229.00310699999997,98.998605,0.032974999999998644,-0.003106999999971549,0.0013950000000022555,0.033150416271892275,0.0
648.0,77.0,60.0,100.0,77.0,60.0,100.0,76.995629,60.003550999999995,100.012687,0.00437100000000612,-0.0035509999999945308,-0.01268699999999967,0.013880749655548374,0.0
649.0,183.0,70.0,100.0,183.0,70.0,100.0,183.004591,70.009339,100.004823,-0.004591000000004897,-0.0093389999999971,-0.004823000000001798,0.011469765952276799,0.0
650.0,177.0,126.0,100.0,177.0,126.0,100.0,176.99661700000001,126.009973,99.99915899999999,0.003382999999985259,-0.00997300000000223,0.0008410000000083073,0.010564691145507222,0.0
651.0,171.0,129.0,101.0,172.0,130.0,102.0,171.995586,130.00951999999998,101.999027,-0.995586000000003,-1.0095199999999807,-0.9990269999999981,1.7344673708447107,1.7320508075688772
652.0,226.0,160.0,101.0,226.0,160.0,101.0,225.996873,160.01301999999998,100.992341,0.003127000000006319,-0.013019999999983156,0.007659000000003857,0.015425913587196707,0.0
653.0,245.0,9.0,102.0,245.0,9.0,102.0,245.01863899999998,9.011332,102.007423,-0.018638999999978978,-0.011331999999999454,-0.007423000000002844,0.023041863509691358,0.0
654.0,189.0,7.0,103.0,189.0,7.0,103.0,189.01346200000003,7.008202,103.011213,-0.013462000000032504,-0.00820199999999982,-0.011212999999997919,0.019345015301126686,0.0
655.0,31.0,29.0,104.0,31.0,29.0,104.0,30.995223000000003,29.000073999999998,104.018939,0.004776999999997145,-7.399999999790907e-05,-0.018939000000003148,0.019532304677126345,0.0
656.0,11.0,82.0,105.0,11.0,82.0,105.0,10.986278000000002,81.999787,105.014485,0.013721999999997792,0.00021300000000223918,-0.01448499999999342,0.019953793574148993,0.0
657.0,117.0,211.0,105.0,117.0,211.0,105.0,116.97953199999999,211.00759799999997,104.993769,0.020468000000008146,-0.007597999999973126,0.0062309999999996535,0.022704492705187686,0.0
658.0,67.0,10.0,106.0,67.0,10.0,106.0,67.001205,10.001403,106.018667,-0.0012049999999987904,-0.001402999999999821,-0.01866699999999355,0.018758393401348522,0.0
659.0,103.0,53.0,106.0,103.0,52.0,106.0,102.999153,52.00402499999999,106.011827,0.0008469999999931588,0.9959750000000085,-0.011826999999996701,0.9960455792598132,1.0
660.0,201.0,149.0,106.0,201.0,149.0,106.0,200.995855,149.010868,105.995079,0.00414499999999407,-0.010867999999987887,0.004920999999995956,0.012629754154362932,0.0
661.0,118.0,211.0,106.0,118.0,211.0,106.0,117.97962000000001,211.007523,105.993695,0.02037999999998874,-0.007522999999991953,0.0063049999999975626,0.022620631158289755,0.0
662.0,27.0,241.0,106.0,27.0,241.0,106.0,26.966833,241.00321,105.996279,0.033166999999998836,-0.0032099999999957163,0.003720999999998753,0.033529089310625274,0.0
663.0,185.0,5.0,107.0,185.0,5.0,107.0,185.01330199999998,5.007444,107.011645,-0.013301999999981717,-0.007443999999999562,-0.01164500000000146,0.019182345138161316,0.0
664.0,66.0,11.0,107.0,66.0,11.0,107.0,66.00096699999999,11.001239,107.018613,-0.0009669999999886159,-0.0012389999999999901,-0.01861300000000199,0.01867923925110581,0.0
665.0,202.0,151.0,108.0,202.0,151.0,108.0,201.99567000000002,151.010699,107.994779,0.004329999999981737,-0.010698999999988246,0.005221000000005915,0.01266792571811392,0.0
666.0,157.0,12.0,110.0,157.0,12.0,110.0,157.009635,12.005695,110.012651,-0.009635000000002947,-0.0056949999999993395,-0.012651000000005297,0.01689124184304349,0.0
667.0,169.0,57.0,110.0,169.0,58.0,110.0,169.004727,58.00711299999999,110.00691499999999,-0.00472700000000259,-1.0071129999999897,-0.006914999999992233,1.0071478325067176,1.0
668.0,244.0,240.0,110.0,244.0,240.0,110.0,243.98797800000003,240.01418199999998,109.98245899999999,0.012021999999973332,-0.014181999999976824,0.017541000000008466,0.025560600325481374,0.0
669.0,154.0,81.0,111.0,154.0,81.0,110.0,154.000236,81.00670899999999,110.005391,-0.00023600000000101318,-0.006708999999986531,0.994608999999997,0.9946316550653281,1.0
670.0,132.0,90.0,112.0,132.0,90.0,112.0,131.996896,90.00544,112.005807,0.003104000000007545,-0.005439999999993006,-0.0058070000000043365,0.008541057604302942,0.0
671.0,104.0,201.0,112.0,104.0,201.0,112.0,103.97952799999999,201.005843,111.995611,0.020472000000012258,-0.00584299999999871,0.004389000000003307,0.021737220475500446,0.0
672.0,5.0,204.0,114.0,5.0,204.0,114.0,4.969511,204.00039099999998,114.001603,0.03048900000000021,-0.000390999999979158,-0.0016030000000029077,0.030533614443756994,0.0
673.0,65.0,16.0,115.0,65.0,16.0,115.0,65.00013799999999,16.000246999999998,115.018057,-0.000137999999992644,-0.00024699999999810984,-0.01805699999999888,0.018059216538929827,0.0
674.0,64.0,17.0,115.0,64.0,17.0,115.0,63.999908999999995,17.000211,115.018013,9.100000000472619e-05,-0.00021100000000018326,-0.018012999999996282,0.01801446560406017,0.0
675.0,75.0,10.0,116.0,75.0,9.0,115.0,75.002032,9.000658,115.018173,-0.0020319999999998117,0.9993420000000004,0.9818269999999956,1.4009542533277066,1.4142135623730951
676.0,81.0,39.0,116.0,81.0,39.0,116.0,80.998645,39.001357999999996,116.014539,0.0013550000000037699,-0.0013579999999961956,-0.014538999999999191,0.014665016535959868,0.0
677.0,80.0,51.0,116.0,80.0,51.0,116.0,79.996964,51.00150899999999,116.013307,0.0030359999999944876,-0.0015089999999915449,-0.013306999999997515,0.013732102024084836,0.0
678.0,74.0,12.0,117.0,74.0,12.0,117.0,74.001521,12.000399999999999,117.017893,-0.001520999999996775,-0.00039999999999906777,-0.017893000000000825,0.017961984578548636,0.0
679.0,46.0,61.0,117.0,46.0,61.0,117.0,45.992337000000006,60.999748999999994,117.014393,0.007662999999993758,0.0002510000000057744,-0.014392999999998324,0.016307759472099746,0.0
680.0,73.0,14.0,118.0,73.0,14.0,118.0,73.001151,14.000253,118.017731,-0.0011509999999930187,-0.00025300000000072487,-0.01773099999999772,0.017770120174042253,0.0
681.0,165.0,40.0,118.0,165.0,40.0,118.0,165.00664300000003,40.005570999999996,118.009035,-0.006643000000025268,-0.005570999999996218,-0.00903499999999724,0.012521849503976787,0.0
682.0,135.0,49.0,118.0,135.0,49.0,118.0,135.002545,49.00413399999999,118.009983,-0.002544999999997799,-0.004133999999993421,-0.009983000000005404,0.01110077790067175,0.0
683.0,87.0,59.0,118.0,87.0,59.0,118.0,86.99656899999998,59.00175999999999,118.01197499999999,0.00343100000002039,-0.0017599999999902138,-0.01197499999999252,0.012580539972510175,0.0
684.0,55.0,26.0,119.0,55.0,26.0,119.0,54.997812,25.999374999999997,119.017577,0.002187999999996748,0.0006250000000029843,-0.01757700000000284,0.017723681840974503,0.0
685.0,136.0,49.0,119.0,136.0,49.0,119.0,136.002633,49.004059,119.009909,-0.002633000000002994,-0.004058999999998036,-0.009908999999993284,0.011027078080791244,0.0
686.0,86.0,59.0,119.0,86.0,59.0,119.0,85.99646299999999,59.00157899999999,119.012029,0.003537000000008561,-0.0015789999999924476,-0.012028999999998291,0.012637264379603507,0.0
687.0,22.0,39.0,120.0,22.0,39.0,120.0,21.992886000000002,38.997719,120.018275,0.007113999999997844,0.00228100000000353,-0.018275000000002706,0.019743038823850912,0.0
688.0,197.0,176.0,121.0,197.0,176.0,121.0,196.991768,176.00919499999998,120.992269,0.008231999999992468,-0.009194999999976972,0.007731000000006816,0.014563042607901616,0.0
689.0,200.0,181.0,121.0,200.0,181.0,121.0,199.991399,181.009439,120.991537,0.008600999999998749,-0.009438999999986208,0.008463000000006105,0.015319735343661177,0.0
690.0,33.0,44.0,122.0,33.0,44.0,122.0,32.993275,43.998130999999994,122.017011,0.006725000000002979,0.0018690000000063378,-0.017010999999996557,0.01838730287453673,0.0
691.0,220.0,138.0,122.0,220.0,138.0,122.0,219.999006,138.00964,121.994891,0.0009939999999915017,-0.009639999999990323,0.005109000000004471,0.010955341938973982,0.0
692.0,186.0,205.0,122.0,186.0,205.0,122.0,185.986864,205.008977,121.989831,0.013136000000002923,-0.008976999999987356,0.010169000000004758,0.01888252064741216,0.0
693.0,156.0,30.0,123.0,156.0,30.0,123.0,156.007045,30.004284,123.01064099999999,-0.007045000000005075,-0.0042839999999984,-0.010640999999992573,0.01346163296186238,0.0
694.0,109.0,78.0,123.0,109.0,78.0,123.0,108.99615,78.002609,123.008465,0.003849999999999909,-0.002609000000006745,-0.008465000000001055,0.00965844739075864,0.0
695.0,189.0,124.0,123.0,189.0,124.0,123.0,188.99783800000003,124.007631,122.998377,0.0021619999999700212,-0.007631000000003496,0.001622999999995045,0.008095710839692068,0.0
696.0,39.0,39.0,124.0,39.0,39.0,124.0,38.994499,38.998107999999995,124.017147,0.005501000000002421,0.0018920000000051118,-0.01714699999999425,0.01810691232650804,0.0
697.0,187.0,167.0,124.0,186.0,166.0,125.0,185.99198500000003,166.00793,124.994013,1.008014999999972,0.9920700000000124,-0.9940129999999954,1.7286870651722823,1.7320508075688772
698.0,145.0,207.0,124.0,145.0,207.0,124.0,144.982605,207.00658199999998,123.992219,0.017394999999993388,-0.006581999999980326,0.007780999999994265,0.02016067235980541,0.0
699.0,40.0,38.0,125.0,40.0,38.0,125.0,39.994719,37.99801599999999,125.017181,0.0052809999999965385,0.0019840000000073132,-0.017180999999993674,0.018083472509442845,0.0
700.0,183.0,159.0,125.0,183.0,159.0,125.0,182.99261800000002,159.00765199999998,124.994961,0.007381999999978461,-0.007651999999978898,0.005038999999996463,0.011765991203435579,0.0
701.0,149.0,144.0,126.0,149.0,144.0,126.0,148.991291,144.00546699999998,125.998747,0.008709000000010292,-0.005466999999981681,0.0012530000000054997,0.01035880200602332,0.0
702.0,175.0,153.0,126.0,175.0,153.0,126.0,174.992625,153.00699799999998,125.996111,0.007374999999996135,-0.00699799999998163,0.0038890000000009195,0.01088517110566908,0.0
703.0,180.0,155.0,126.0,181.0,157.0,126.0,180.992679,157.00738399999997,125.995295,-0.9926790000000096,-2.0073839999999734,0.0047050000000012915,2.239424983678157,2.23606797749979
704.0,212.0,209.0,126.0,211.0,208.0,127.0,210.988848,208.00971299999998,126.987857,1.0111520000000098,0.9902870000000235,-0.9878570000000053,1.7259658634868988,1.7320508075688772
705.0,76.0,39.0,127.0,76.0,39.0,127.0,75.99806099999999,38.99968499999999,127.014749,0.0019390000000072405,0.00031500000000761474,-0.014748999999994794,0.014879245511781816,0.0
706.0,25.0,99.0,127.0,24.0,100.0,127.0,23.984965,99.997966,127.011489,1.015035000000001,-0.9979660000000052,-0.011488999999997418,1.4235041923022258,1.4142135623730951
707.0,185.0,126.0,127.0,185.0,126.0,126.0,184.997159,126.007069,125.998387,0.0028409999999894353,-0.007069000000001324,1.001613000000006,1.001641973866417,1.0
708.0,141.0,128.0,127.0,141.0,128.0,127.0,140.992618,128.004643,127.000977,0.007382000000006883,-0.004642999999987296,-0.0009770000000060008,0.008775300678608988,0.0
709.0,26.0,90.0,129.0,27.0,91.0,129.0,26.986426,90.997716,129.012249,-0.9864260000000016,-0.9977159999999969,-0.012248999999997068,1.403076444151564,1.4142135623730951
710.0,115.0,105.0,129.0,115.0,105.0,129.0,114.993114,105.002618,129.005105,0.006885999999994397,-0.002617999999998233,-0.005104999999986148,0.008962808990476821,0.0
711.0,27.0,120.0,130.0,26.0,121.0,130.0,25.98236,120.998045,130.009063,1.01764,-0.9980450000000047,-0.0090629999999976,1.4254006908915156,1.4142135623730951
712.0,126.0,193.0,130.0,127.0,194.0,130.0,126.98252099999999,194.00463899999997,129.99471499999999,-0.9825209999999913,-1.004638999999969,0.005285000000014861,1.4052312859408307,1.4142135623730951
713.0,73.0,39.0,131.0,73.0,39.0,131.0,72.997734,38.999013999999995,131.014901,0.0022660000000058744,0.0009860000000045943,-0.014901000000008935,0.015104527566273033,0.0
714.0,53.0,77.0,131.0,53.0,77.0,131.0,52.990778,76.9986,131.012077,0.009222000000001174,0.0014000000000038426,-0.012077000000005,0.015259725194123032,0.0
715.0,60.0,247.0,131.0,60.0,247.0,130.0,59.969026,247.00198899999998,129.993279,0.0309740000000005,-0.0019889999999804786,1.0067209999999989,1.0071993430488313,1.0
716.0,60.0,231.0,132.0,60.0,231.0,131.0,59.971129,231.00158899999997,130.994997,0.02887100000000231,-0.0015889999999672,1.0050029999999879,1.005418862748743,1.0
717.0,74.0,56.0,133.0,74.0,56.0,134.0,73.99556,55.99897199999999,134.012971,0.004440000000002442,0.0010280000000122413,-1.0129709999999932,1.0129812521586894,1.0
718.0,51.0,24.0,134.0,51.0,24.0,134.0,50.997552999999996,23.997208999999998,134.017899,0.0024470000000036407,0.0027910000000019863,-0.017898999999999887,0.01827981649251504,0.0
719.0,60.0,8.0,135.0,60.0,8.0,135.0,60.000529,7.997286,135.019041,-0.0005290000000002237,0.0027140000000001052,-0.019040999999987207,0.019240720308749192,0.0
720.0,218.0,127.0,136.0,218.0,127.0,136.0,218.00013800000002,127.007555,135.996067,-0.00013800000002106572,-0.007554999999996426,0.003932999999989306,0.00851854201139301,0.0
721.0,98.0,171.0,136.0,98.0,171.0,136.0,97.98269,171.00194299999998,135.998995,0.01730999999999483,-0.0019429999999829306,0.001004999999992151,0.017447675317925276,0.0
722.0,102.0,173.0,137.0,102.0,173.0,137.0,101.982805,173.00206099999997,136.998513,0.01719500000000096,-0.0020609999999692263,0.0014869999999973516,0.01738179838221288,0.0
723.0,226.0,197.0,137.0,226.0,197.0,137.0,225.99166499999998,197.00904099999997,136.987985,0.008335000000016635,-0.00904099999996788,0.012014999999991005,0.017192211346987344,0.0
724.0,78.0,57.0,138.0,77.0,56.0,137.0,76.995824,55.998746999999995,137.01274899999999,1.004176000000001,1.0012530000000055,0.9872510000000148,1.7278719703687662,1.7320508075688772
725.0,241.0,181.0,138.0,242.0,181.0,139.0,241.99531100000002,181.00936099999998,138.988669,-0.9953110000000152,-0.009360999999984188,-0.9886689999999874,1.402924804329514,1.4142135623730951
726.0,71.0,27.0,141.0,70.0,28.0,140.0,69.99881399999998,27.997515999999997,140.016191,1.0011860000000183,-0.9975159999999974,0.9838090000000079,1.7220022431266016,1.7320508075688772
727.0,86.0,65.0,141.0,86.0,65.0,141.0,85.995473,64.99886500000001,141.011161,0.004526999999995951,0.0011349999999907823,-0.011160999999987098,0.012097515240728338,0.0
728.0,45.0,20.0,142.0,45.0,20.0,142.0,44.997427,19.995798999999998,142.018635,0.00257299999999816,0.004201000000001898,-0.018634999999989077,0.019275164201624832,0.0
729.0,195.0,120.0,142.0,195.0,120.0,142.0,194.998777,120.005449,141.998235,0.0012230000000101882,-0.005448999999998705,0.0017650000000060118,0.005856838310900518,0.0
730.0,75.0,44.0,143.0,75.0,44.0,143.0,74.99716,43.997668999999995,143.014113,0.002840000000006171,0.00233100000000519,-0.014113000000008924,0.014583412837889187,0.0
731.0,18.0,128.0,144.0,18.0,128.0,144.0,17.980534000000002,127.995948,144.008679,0.019465999999997763,0.004052000000001499,-0.00867900000000077,0.021694904954849156,0.0
732.0,189.0,196.0,144.0,189.0,196.0,144.0,188.98814500000003,196.00616699999998,143.990391,0.01185499999996864,-0.006166999999976497,0.009609000000011747,0.016459216111321714,0.0
733.0,217.0,203.0,144.0,217.0,203.0,144.0,216.98993700000003,203.00777,143.987843,0.010062999999973954,-0.007769999999993615,0.012157000000001972,0.01759060880127304,0.0
734.0,91.0,162.0,145.0,91.0,162.0,145.0,90.98311799999999,162.00026699999998,145.000325,0.01688200000000961,-0.0002669999999795891,-0.00032500000000368345,0.016887238909908158,0.0
735.0,132.0,243.0,145.0,132.0,243.0,145.0,131.976403,243.00381699999997,144.988953,0.023596999999995205,-0.003816999999969539,0.011046999999990703,0.026332947176480943,0.0
736.0,204.0,112.0,146.0,204.0,112.0,146.0,204.00067,112.005278,145.998483,-0.0006700000000137152,-0.005278000000004113,0.001517000000006874,0.005532402100361347,0.0
737.0,56.0,213.0,146.0,58.0,215.0,146.0,57.972912,214.99929099999997,145.996703,-1.9729120000000009,-1.999290999999971,0.003297000000003436,2.8088355474526963,2.8284271247461903
738.0,178.0,89.0,147.0,178.0,89.0,147.0,178.001175,89.00338099999999,147.002621,-0.001174999999989268,-0.0033809999999903084,-0.0026210000000048694,0.004436375434962056,0.0
739.0,117.0,9.0,148.0,117.0,9.0,148.0,117.00580899999999,8.998660000000001,148.015155,-0.005808999999985076,0.0013399999999990087,-0.015154999999992924,0.016285395481830015,0.0
740.0,48.0,30.0,148.0,48.0,30.0,148.0,47.996344,29.995359999999998,148.017303,0.0036559999999994375,0.004640000000001976,-0.017302999999998292,0.018283592234567995,0.0
741.0,114.0,82.0,148.0,114.0,82.0,148.0,113.995882,81.999742,148.007463,0.004118000000005395,0.00025800000000231194,-0.00746300000000133,0.008527652490578252,0.0
742.0,113.0,83.0,148.0,113.0,83.0,148.0,112.99565299999999,82.99970599999999,148.007419,0.004347000000009871,0.00029400000001089666,-0.007418999999998732,0.008603743720036843,0.0
743.0,174.0,16.0,149.0,174.0,16.0,149.0,174.010405,16.001672,149.010741,-0.01040499999999156,-0.0016719999999992297,-0.010740999999995893,0.01504754764071985,0.0
744.0,125.0,74.0,149.0,125.0,74.0,149.0,124.997996,74.000061,149.007613,0.0020039999999994507,-6.100000000230921e-05,-0.007612999999992098,0.007872579373996668,0.0
745.0,218.0,115.0,149.0,218.0,115.0,149.0,218.00160500000004,115.00568700000001,148.997233,-0.0016050000000404907,-0.005687000000008879,0.002767000000005737,0.006524897163960725,0.0
746.0,194.0,113.0,150.0,194.0,113.0,150.0,193.99953200000002,113.004253,149.998975,0.0004679999999837037,-0.004253000000005613,0.0010249999999984993,0.00439973385559052,0.0
747.0,163.0,148.0,150.0,163.0,148.0,150.0,162.99190500000003,148.00320499999998,149.997179,0.008094999999968877,-0.0032049999999799184,0.0028210000000115087,0.009151999289741686,0.0
748.0,244.0,191.0,150.0,244.0,191.0,150.0,243.994086,191.00822899999997,149.987351,0.005913999999989983,-0.00822899999997162,0.012649000000010346,0.016207684535419493,0.0
749.0,11.0,97.0,151.0,10.0,97.0,151.0,9.983787000000001,96.994101,151.012469,1.0162129999999987,0.0058989999999994325,-0.012469000000010055,1.0163066149204174,1.0
750.0,81.0,118.0,151.0,81.0,118.0,151.0,80.987902,117.998221,151.005657,0.012097999999994613,0.0017789999999990869,-0.005657000000013568,0.013473236211097167,0.0
751.0,225.0,201.0,151.0,225.0,201.0,150.0,224.990923,201.00739199999995,149.987487,0.009076999999990676,-0.007391999999953214,1.0125130000000127,1.0125806677801155,1.0
752.0,57.0,212.0,153.0,58.0,212.0,153.0,57.973245000000006,211.99834399999997,152.996957,-0.9732450000000057,0.001656000000025415,0.003042999999991025,0.9732511660460577,1.0
753.0,62.0,215.0,153.0,62.0,215.0,153.0,61.973237000000005,214.99860699999996,152.996377,0.02676299999999543,0.0013930000000357268,0.0036230000000045948,0.027043016603180352,0.0
754.0,147.0,46.0,154.0,147.0,46.0,154.0,147.00378100000003,46.000111,154.009179,-0.0037810000000320088,-0.00011099999999686361,-0.009178999999988946,0.00992785591152684,0.0
755.0,119.0,96.0,155.0,119.0,96.0,155.0,118.994456,95.999349,155.005561,0.0055440000000004375,0.0006510000000048421,-0.005561000000000149,0.007879369137184322,0.0
756.0,86.0,158.0,155.0,86.0,158.0,154.0,85.98308,157.99878199999998,154.000987,0.016919999999998936,0.001218000000022812,0.9990129999999908,0.9991570167360992,1.0
757.0,243.0,187.0,155.0,243.0,187.0,155.0,242.994472,187.007468,154.987797,0.005527999999998201,-0.007467999999988706,0.01220299999999952,0.015337634009187978,0.0
758.0,170.0,38.0,156.0,170.0,38.0,156.0,170.00705,38.000938,156.008551,-0.007049999999992451,-0.000937999999997885,-0.0085510000000113,0.011122137609294485,0.0
759.0,244.0,111.0,156.0,244.0,111.0,156.0,244.004592,111.00610099999999,155.995931,-0.004592000000002372,-0.006100999999986811,0.004068999999987,0.008652480915885054,0.0
760.0,66.0,113.0,156.0,66.0,113.0,155.0,65.98707099999999,112.99682899999999,155.007117,0.012929000000013957,0.0031710000000089167,0.9928830000000062,0.9929722382680256,1.0
761.0,203.0,107.0,158.0,203.0,107.0,158.0,203.001125,107.003604,157.998967,-0.001125000000001819,-0.0036039999999957217,0.001033000000006723,0.003914272601644799,0.0
762.0,185.0,107.0,159.0,185.0,107.0,159.0,184.99937,107.002522,159.000109,0.0006300000000010186,-0.002521999999999025,-0.00010900000000901855,0.002601781120693732,0.0
763.0,224.0,115.0,159.0,224.0,115.0,159.0,224.00209700000002,115.004725,158.996749,-0.0020970000000204436,-0.004724999999993429,0.003251000000005888,0.0061067204782978175,0.0
764.0,77.0,119.0,159.0,77.0,119.0,158.0,76.98731899999999,118.99713,158.005735,0.01268100000001482,0.0028700000000014825,0.9942650000000128,0.9943500062282024,1.0
765.0,127.0,240.0,161.0,127.0,240.0,161.0,126.97617000000001,240.00145299999997,160.989437,0.023829999999989582,-0.0014529999999695065,0.010562999999990552,0.02610664815711154,0.0
766.0,162.0,123.0,162.0,162.0,123.0,162.0,161.995,123.00119099999999,161.999823,0.0049999999999954525,-0.0011909999999915044,0.0001770000000078653,0.005142937876344325,0.0
767.0,35.0,9.0,163.0,34.0,8.0,162.0,33.997764000000004,7.992451999999999,162.020435,1.0022359999999964,1.0075480000000008,0.979565000000008,1.7260294207298466,1.7320508075688772
768.0,105.0,91.0,163.0,105.0,91.0,163.0,104.993686,90.997498,163.006917,0.0063140000000032614,0.0025020000000068876,-0.006916999999987183,0.009693889260761045,0.0
769.0,128.0,125.0,163.0,128.0,125.0,163.0,127.991429,124.99929499999999,163.00177300000001,0.008571000000003437,0.0007050000000106138,-0.0017730000000142354,0.008780808334095691,0.0
770.0,155.0,186.0,163.0,155.0,186.0,163.0,154.98599600000003,186.00176299999998,162.993457,0.014003999999971484,-0.0017629999999826396,0.006542999999993526,0.01555734662463543,0.0
771.0,199.0,103.0,164.0,199.0,103.0,164.0,199.001211,103.00255599999998,163.999595,-0.0012110000000120635,-0.0025559999999842375,0.00040500000000065484,0.002857215777631989,0.0
772.0,176.0,120.0,164.0,177.0,120.0,165.0,176.996824,120.001551,164.999157,-0.9968240000000037,-0.0015510000000062973,-0.9991569999999967,1.4113735165525818,1.4142135623730951
773.0,131.0,31.0,166.0,131.0,31.0,166.0,131.004101,30.997472,166.011703,-0.004100999999991473,0.00252800000000164,-0.011703000000011343,0.012655796853624186,0.0
774.0,243.0,198.0,166.0,243.0,198.0,166.0,242.992921,198.00624699999997,165.986499,0.007079000000004498,-0.006246999999973468,0.013500999999990881,0.016474654806686723,0.0
775.0,231.0,18.0,167.0,232.0,18.0,167.0,232.015605,18.002475999999998,167.006633,-1.0156049999999937,-0.0024759999999979243,-0.006632999999993672,1.015629678224296,1.0
776.0,130.0,195.0,168.0,132.0,196.0,168.0,131.9824,196.00007399999998,167.993799,-1.9824000000000126,-1.0000739999999837,0.006201000000004342,2.2203819981879285,2.23606797749979
777.0,219.0,70.0,170.0,219.0,70.0,170.0,219.007453,70.002287,170.001819,-0.0074529999999981555,-0.002286999999995487,-0.0018190000000117834,0.00800539436879875,0.0
778.0,227.0,104.0,170.0,227.0,104.0,170.0,227.00374100000002,104.003289,169.997635,-0.003741000000019312,-0.0032889999999952124,0.002364999999997508,0.005514147894289853,0.0
779.0,76.0,119.0,170.0,76.0,119.0,170.0,75.98711399999999,118.99554099999999,170.00567900000001,0.012886000000008835,0.004459000000011315,-0.005679000000014867,0.014771009376494804,0.0
780.0,208.0,8.0,171.0,208.0,8.0,171.0,208.014561,8.000522,171.009209,-0.01456099999998628,-0.0005220000000001335,-0.009208999999998468,0.017236614690813633,0.0
781.0,198.0,49.0,171.0,198.0,49.0,171.0,198.00817899999998,49.000688999999994,171.005421,-0.008178999999984171,-0.0006889999999941665,-0.005421000000012555,0.009836564593386716,0.0
782.0,214.0,71.0,171.0,214.0,71.0,171.0,214.006827,71.00191099999999,171.002021,-0.006826999999987038,-0.0019109999999926686,-0.002021000000013373,0.0073718580425730556,0.0
783.0,68.0,111.0,171.0,68.0,111.0,171.0,67.987385,110.99485299999999,171.007045,0.012614999999996712,0.005147000000008006,-0.007045000000005075,0.015338248237659703,0.0
784.0,156.0,2.0,172.0,156.0,3.0,173.0,156.01015900000002,2.997425,173.013057,-0.010159000000015794,-0.9974249999999998,-1.0130570000000034,1.421704723617041,1.4142135623730951
785.0,101.0,161.0,172.0,101.0,161.0,172.0,100.983977,160.99732399999996,171.999523,0.016023000000004117,0.002676000000036538,0.00047699999998940257,0.016251924009184803,0.0
786.0,145.0,190.0,172.0,145.0,190.0,172.0,144.98441699999998,190.00014899999996,171.993575,0.015583000000020775,-0.00014899999996487168,0.0064250000000072305,0.01685623667966044,0.0
787.0,20.0,35.0,173.0,20.0,35.0,173.0,19.992743000000004,34.990761,173.018305,0.007256999999995628,0.009239000000000885,-0.018304999999998017,0.021750774583905747,0.0
788.0,147.0,183.0,173.0,147.0,183.0,173.0,146.98552600000002,183.00000799999998,172.994193,0.01447399999997856,-7.999999979801942e-06,0.0058070000000043365,0.015595447701153994,0.0
789.0,60.0,224.0,173.0,60.0,224.0,173.0,59.971675000000005,223.99609399999997,172.995333,0.02832499999999527,0.003906000000029053,0.004667000000011967,0.028971422988870787,0.0
790.0,74.0,39.0,174.0,74.0,39.0,174.0,73.99744399999999,38.993562999999995,174.014407,0.0025560000000126593,0.006437000000005355,-0.01440700000000561,0.015985298057912316,0.0
791.0,86.0,56.0,174.0,86.0,55.0,175.0,85.99648699999999,54.99434299999999,175.011901,0.003513000000012312,1.0056570000000065,-1.0119009999999946,1.4266401005926486,1.4142135623730951
792.0,88.0,59.0,174.0,88.0,59.0,174.0,87.996162,58.99464499999999,174.011351,0.0038380000000017844,0.005355000000008658,-0.011350999999990563,0.013124460750822953,0.0
793.0,199.0,92.0,174.0,199.0,92.0,174.0,199.002573,92.001089,174.000683,-0.002573000000012371,-0.0010889999999932343,-0.000683000000009315,0.0028762369513066284,0.0
794.0,242.0,54.0,175.0,242.0,53.0,175.0,242.011883,53.002576999999995,175.00213300000001,-0.011883000000011634,0.9974230000000048,-0.0021330000000148175,0.9974960633040162,1.0
795.0,231.0,75.0,175.0,231.0,76.0,175.0,231.00778000000003,76.00238499999999,175.000353,-0.007780000000025211,-1.0023849999999896,-0.00035299999998983367,1.00241525389131,1.0
796.0,61.0,239.0,175.0,61.0,239.0,175.0,60.969774,238.99614599999998,174.993629,0.030225999999998976,0.0038540000000182317,0.006371000000001459,0.031129632715470597,0.0
797.0,154.0,114.0,177.0,154.0,114.0,178.0,153.995268,113.998566,178.001147,0.0047319999999899665,0.001434000000003266,-1.0011470000000031,1.0011592100105788,1.0
798.0,213.0,80.0,178.0,213.0,80.0,178.0,213.005479,80.001115,178.001043,-0.005479000000008227,-0.0011149999999986449,-0.0010430000000098971,0.005687751313138417,0.0
799.0,214.0,81.0,178.0,214.0,81.0,178.0,214.005444,81.00118499999999,178.000871,-0.005444000000011329,-0.001184999999992442,-0.000870999999989408,0.00563914904928811,0.0
800.0,81.0,104.0,178.0,81.0,104.0,178.0,80.98950699999999,103.99452699999999,178.006899,0.010493000000010966,0.005473000000009165,-0.006899000000004207,0.013698648801994616,0.0
801.0,61.0,229.0,178.0,61.0,232.0,179.0,60.970662000000004,231.99551499999998,178.994345,0.029337999999995645,-2.9955149999999833,-0.9943450000000098,3.156373363924794,3.1622776601683795
802.0,80.0,37.0,179.0,79.0,38.0,179.0,78.998016,37.993171,179.014145,1.001983999999993,-0.9931709999999967,-0.014145000000013397,1.410872301989794,1.4142135623730951
803.0,136.0,38.0,179.0,135.0,40.0,179.0,135.003184,39.996173,179.010345,0.9968159999999955,-1.9961729999999989,-0.010345000000000937,2.2312453479637746,2.23606797749979
804.0,231.0,84.0,179.0,230.0,83.0,179.0,230.00672300000002,83.001939,178.999621,0.9932769999999778,0.998061000000007,0.0003790000000094551,1.408092717860216,1.4142135623730951
805.0,235.0,88.0,179.0,235.0,88.0,179.0,235.006548,88.00228899999999,178.998761,-0.006548000000009324,-0.0022889999999904376,0.0012389999999982138,0.007046342739327537,0.0
806.0,197.0,89.0,180.0,196.0,89.0,181.0,196.002615,88.999983,181.001129,0.9973850000000084,1.699999999971169e-05,-1.0011289999999917,1.4131652816125226,1.4142135623730951
807.0,152.0,112.0,180.0,152.0,112.0,180.0,151.99532000000002,111.99817,180.001471,0.004679999999979145,0.001829999999998222,-0.001471000000009326,0.005235947001243016,0.0
808.0,43.0,6.0,181.0,42.0,7.0,180.0,41.99851,6.990555,180.019851,1.0014899999999969,-0.9905549999999996,0.9801490000000115,1.7160633701370167,1.7320508075688772
809.0,206.0,68.0,181.0,206.0,68.0,181.0,206.006357,68.000156,181.002757,-0.006357000000008384,-0.0001560000000040418,-0.002757000000002563,0.00693086098548528,0.0
810.0,159.0,189.0,181.0,159.0,189.0,181.0,158.985826,188.999722,180.992697,0.014173999999997022,0.0002780000000086602,0.007303000000007387,0.015947205679993855,0.0
811.0,47.0,193.0,181.0,47.0,193.0,181.0,46.974434,192.99385399999997,180.999433,0.025565999999997757,0.006146000000029517,0.0005669999999895481,0.026300478341662083,0.0
812.0,229.0,22.0,182.0,229.0,22.0,182.0,229.014651,22.000465000000002,182.006243,-0.014650999999986425,-0.0004650000000019361,-0.006243000000011989,0.01593245351475264,0.0
813.0,201.0,56.0,182.0,201.0,56.0,182.0,201.00744699999998,55.99955899999999,182.004363,-0.007446999999984882,0.00044100000000923956,-0.004363000000012107,0.00864222534998299,0.0
814.0,17.0,61.0,183.0,18.0,61.0,183.0,17.989027000000004,60.989816999999995,183.015525,-0.9890270000000037,0.010183000000004938,-0.01552499999999668,0.989201256490815,1.0
815.0,114.0,84.0,184.0,114.0,84.0,184.0,113.995294,83.995168,184.006887,0.004705999999998767,0.004831999999993286,-0.006887000000006083,0.00963978365939855,0.0
816.0,234.0,97.0,184.0,234.0,97.0,184.0,234.005218,97.001749,183.997803,-0.00521800000001349,-0.0017490000000037753,0.0021969999999953416,0.005925650512824184,0.0
817.0,115.0,86.0,185.0,115.0,86.0,185.0,114.99511799999999,85.995127,185.006597,0.004882000000009157,0.004873000000003458,-0.006596999999999298,0.009544656201252817,0.0
818.0,191.0,108.0,186.0,191.0,108.0,186.0,190.99957700000002,107.99940099999999,185.999347,0.0004229999999836309,0.0005990000000082318,0.0006529999999997926,0.0009819057999603336,0.0
819.0,225.0,90.0,187.0,225.0,89.0,187.0,225.005374,89.00075199999999,186.999213,-0.00537399999998911,0.9992480000000086,0.0007870000000025357,0.999262760613552,1.0
820.0,240.0,170.0,187.0,240.0,170.0,187.0,239.996137,170.00292399999998,186.989505,0.003862999999995509,-0.0029239999999788324,0.010494999999991705,0.011559306640091672,0.0
821.0,58.0,58.0,188.0,58.0,58.0,188.0,57.993258000000004,57.99124599999999,188.013239,0.006741999999995585,0.008754000000010365,-0.013238999999998668,0.01724407727308384,0.0
822.0,57.0,59.0,188.0,57.0,59.0,188.0,56.99302900000001,58.99120999999999,188.013195,0.006970999999992955,0.008790000000011844,-0.013194999999996071,0.01731955443999661,0.0
823.0,55.0,63.0,189.0,56.0,63.0,190.0,55.992385999999996,62.99096899999999,190.012807,-0.9923859999999962,0.009031000000007339,-1.0128070000000093,1.4179878529825323,1.4142135623730951
824.0,52.0,67.0,189.0,52.0,67.0,189.0,51.991479,66.990953,189.012641,0.008521000000001777,0.009046999999995364,-0.012641000000002123,0.017727112878300293,0.0
825.0,94.0,94.0,189.0,94.0,94.0,189.0,93.991989,93.993638,189.007037,0.008010999999996216,0.00636199999999576,-0.007036999999996851,0.012416542755527445,0.0
826.0,161.0,159.0,189.0,161.0,159.0,189.0,160.989908,158.998294,188.995729,0.010091999999986001,0.001706000000012864,0.0042709999999885895,0.011090551879850878,0.0
827.0,244.0,218.0,189.0,243.0,218.0,185.0,242.99011000000002,218.00415499999997,184.984149,1.0098899999999844,-0.0041549999999688225,4.015850999999998,4.1408881088875065,4.123105625617661
828.0,51.0,21.0,190.0,51.0,22.0,190.0,50.997313,21.990007,190.01755500000002,0.0026870000000016603,-0.9900069999999985,-0.017555000000015752,0.9901662779770869,1.0
829.0,226.0,40.0,190.0,226.0,40.0,190.0,226.011912,39.99958799999999,190.004411,-0.01191199999999526,0.00041200000001140324,-0.004411000000004606,0.012709146666867021,0.0
830.0,104.0,232.0,190.0,104.0,232.0,190.0,103.97473399999998,231.99638599999997,189.991483,0.02526600000001622,0.0036140000000273176,0.008517000000011876,0.026906709962409365,0.0
831.0,7.0,193.0,191.0,7.0,193.0,191.0,6.970464,192.99045399999997,191.001893,0.02953600000000023,0.009546000000028698,-0.0018929999999954816,0.0310979880539006,0.0
832.0,158.0,207.0,191.0,158.0,206.0,190.0,157.983404,205.99880599999997,189.990835,0.016595999999992728,1.0011940000000266,1.0091649999999959,1.4216465278250583,1.4142135623730951
833.0,5.0,182.0,192.0,6.0,182.0,192.0,5.97181,181.990086,192.00313500000001,-0.9718099999999996,0.009914000000009082,-0.003135000000014543,0.9718656243128468,1.0
834.0,169.0,198.0,192.0,169.0,198.0,192.0,168.98550899999998,197.99899699999997,191.990975,0.014491000000020904,0.0010030000000256223,0.009025000000008276,0.01710104426638346,0.0
835.0,137.0,242.0,192.0,137.0,242.0,192.0,136.976597,241.99804899999998,191.988271,0.02340300000000184,0.001951000000019576,0.011729000000002543,0.026250261922507026,0.0
836.0,116.0,220.0,193.0,116.0,220.0,193.0,115.97745499999999,219.99643399999997,192.991981,0.02254500000000803,0.003566000000034819,0.008018999999990228,0.024192927520257933,0.0
837.0,107.0,225.0,193.0,107.0,225.0,193.0,106.97592199999998,224.99604199999996,192.992017,0.02407800000001714,0.003958000000039874,0.007982999999995855,0.025673802542690766,0.0
838.0,50.0,197.0,194.0,51.0,196.0,196.0,50.974291,195.99219699999998,195.998703,-0.9742910000000009,1.007803000000024,-1.9987030000000061,2.4412544975276695,2.449489742783178
839.0,221.0,209.0,194.0,222.0,208.0,194.0,221.989312,208.00171999999998,193.986483,-0.9893120000000124,0.9982800000000225,0.013517000000007329,1.4055190859725348,1.4142135623730951
840.0,116.0,219.0,194.0,118.0,218.0,194.0,117.97790400000001,217.99637799999996,193.992059,-1.9779040000000094,1.0036220000000355,0.007940999999988207,2.2179775498370375,2.23606797749979
841.0,234.0,33.0,195.0,234.0,33.0,195.0,234.013567,32.999252999999996,195.004605,-0.013566999999994778,0.00074700000000405,-0.004604999999997972,0.014346690315185788,0.0
842.0,186.0,170.0,195.0,186.0,169.0,195.0,185.990959,168.999021,194.992989,0.009040999999996302,1.000979000000001,0.007011000000005652,1.0010443807559193,1.0
843.0,154.0,132.0,197.0,154.0,132.0,197.0,153.99272100000002,131.99643999999998,196.999013,0.007278999999982716,0.003560000000021546,0.000987000000009175,0.008162818753342493,0.0
844.0,99.0,165.0,198.0,99.0,165.0,198.0,98.98302099999998,164.993958,197.998959,0.016979000000020505,0.006042000000007874,0.001040999999986525,0.018052032738746168,0.0
845.0,88.0,107.0,199.0,88.0,107.0,199.0,87.98960100000001,106.992261,199.005917,0.010398999999992498,0.0077390000000008285,-0.00591700000001083,0.014249288087479493,0.0
846.0,55.0,197.0,199.0,55.0,197.0,199.0,54.974520000000005,196.99204199999997,198.998309,0.025479999999994618,0.007958000000030552,0.0016909999999938918,0.026747329679805257,0.0
847.0,92.0,237.0,199.0,92.0,237.0,199.0,91.972829,236.99468299999995,198.991621,0.027170999999995615,0.005317000000047756,0.00837899999999081,0.028926482174646048,0.0
848.0,136.0,22.0,200.0,136.0,22.0,200.0,136.005468,21.993232,200.012015,-0.005468000000007578,0.0067680000000009954,-0.012014999999991005,0.014834590422383767,0.0
849.0,211.0,177.0,200.0,211.0,177.0,200.0,210.99228300000001,176.99984199999997,199.990475,0.007716999999985319,0.000158000000027414,0.009524999999996453,0.012259799264250394,0.0
850.0,99.0,221.0,200.0,99.0,220.0,200.0,98.975743,219.99463699999998,199.992999,0.024257000000005746,1.0053630000000169,0.0070010000000024775,1.0056799579483695,1.0
851.0,151.0,12.0,201.0,151.0,11.0,202.0,151.00835700000002,10.993584,202.012223,-0.008357000000017933,1.0064159999999998,-1.0122230000000059,1.4274236954156294,1.4142135623730951
852.0,170.0,104.0,201.0,170.0,104.0,201.0,169.99793300000002,103.99629999999999,201.00097300000002,0.0020669999999824995,0.0037000000000091404,-0.0009730000000160999,0.0043484730653445035,0.0
853.0,98.0,167.0,201.0,98.0,167.0,201.0,97.982633,166.993555,200.998777,0.017366999999993027,0.006445000000013579,0.0012230000000101882,0.01856465574687443,0.0
854.0,220.0,181.0,201.0,218.0,181.0,201.0,217.99242500000003,181.00015299999998,200.989585,2.0075749999999744,-0.00015299999998319436,0.010414999999994734,2.0076020213824495,2.0
855.0,200.0,197.0,201.0,200.0,197.0,201.0,199.988567,196.999471,200.989009,0.011433000000010907,0.0005290000000002237,0.010990999999989981,0.015868062610162256,0.0
856.0,134.0,20.0,203.0,134.0,20.0,203.0,134.005511,19.992707999999997,203.012329,-0.0055110000000127,0.007292000000003185,-0.01232899999999404,0.015347593492141999,0.0
857.0,131.0,62.0,203.0,130.0,62.0,202.0,129.99958800000002,61.993337999999994,202.008059,1.000411999999983,0.006662000000005719,0.9919409999999971,1.4088348020506025,1.4142135623730951
858.0,97.0,168.0,203.0,97.0,168.0,203.0,96.98238599999999,167.99326299999998,202.998713,0.0176140000000089,0.006737000000015314,0.0012869999999907122,0.0189022891206461,0.0
859.0,236.0,177.0,203.0,236.0,177.0,203.0,235.99468100000004,177.00078299999998,202.988845,0.005318999999957441,-0.000782999999984213,0.011155000000002246,0.012383007510276841,0.0
860.0,210.0,201.0,203.0,210.0,201.0,203.0,209.98899100000003,200.999813,202.987917,0.011008999999972957,0.00018700000001103945,0.012082999999989852,0.01634723031584138,0.0
861.0,151.0,9.0,204.0,151.0,9.0,204.0,151.008603,8.993294,204.012419,-0.008602999999993699,0.006705999999999435,-0.012418999999994185,0.016529174389537413,0.0
862.0,190.0,62.0,204.0,190.0,60.0,203.0,190.005663,59.99635599999999,203.004425,-0.005662999999998419,2.0036440000000084,0.9955750000000023,2.237362493859687,2.23606797749979
863.0,177.0,97.0,204.0,177.0,97.0,204.0,176.99950900000002,96.996168,204.001251,0.0004909999999824777,0.003832000000002722,-0.0012509999999963384,0.004060825778089291,0.0
864.0,68.0,188.0,204.0,68.0,188.0,204.0,67.976924,187.99193799999998,203.998399,0.023076000000003205,0.008062000000023772,0.0016009999999937463,0.024496138899845244,0.0
865.0,13.0,216.0,204.0,13.0,216.0,204.0,12.967893,215.98949899999997,203.998895,0.032106999999999886,0.0105010000000334,0.0011049999999954707,0.033798690433220695,0.0
866.0,10.0,236.0,204.0,10.0,236.0,204.0,9.964962,235.98967999999996,203.996927,0.035038000000000125,0.010320000000035634,0.0030730000000005475,0.03665524755066794,0.0
867.0,191.0,62.0,205.0,191.0,62.0,205.0,191.005478,61.99618699999999,205.00412500000002,-0.005478000000010752,0.00381300000000806,-0.0041250000000161435,0.007846214246393764,0.0
868.0,137.0,63.0,205.0,136.0,63.0,205.0,136.000011,62.99328899999999,205.007537,0.9999889999999994,0.0067110000000099035,-0.00753700000001345,1.0000399212086482,1.0
869.0,175.0,69.0,205.0,175.0,69.0,205.0,175.003002,68.995458,205.004393,-0.003002000000009275,0.004542000000000712,-0.004392999999993208,0.006995728482438586,0.0
870.0,1.0,166.0,205.0,1.0,167.0,204.0,0.9731970000000001,166.98802999999998,204.004955,0.02680299999999991,-0.9880299999999806,0.9950450000000046,1.40251068934749,1.4142135623730951
871.0,191.0,63.0,206.0,191.0,63.0,206.0,191.005337,62.996075999999995,206.004007,-0.005336999999997261,0.0039240000000049235,-0.004007000000001426,0.007741924437762282,0.0
872.0,174.0,70.0,206.0,174.0,70.0,206.0,174.00276399999998,69.995294,206.00433900000002,-0.0027639999999848897,0.004705999999998767,-0.004339000000015858,0.006972306146465636,0.0
873.0,120.0,137.0,206.0,120.0,137.0,206.0,119.988682,136.993571,206.000559,0.011318000000002826,0.0064289999999971315,-0.0005590000000097461,0.013028493619756583,0.0
874.0,192.0,63.0,207.0,192.0,63.0,207.0,192.005425,62.99600099999999,207.003933,-0.005425000000002456,0.003999000000007413,-0.003932999999989306,0.0078032759146400696,0.0
875.0,23.0,173.0,207.0,23.0,173.0,207.0,22.974512,172.98891399999997,207.002869,0.02548799999999929,0.011086000000034346,-0.0028690000000040072,0.02794223865406543,0.0
876.0,15.0,181.0,207.0,15.0,181.0,207.0,14.97268,180.98862599999998,207.002517,0.027319999999999567,0.011374000000017759,-0.002517000000011649,0.029699925336613878,0.0
877.0,128.0,119.0,208.0,128.0,119.0,208.0,127.99181599999999,118.993433,208.001971,0.00818400000001418,0.006567000000003986,-0.0019709999999975025,0.010676524996471213,0.0
878.0,5.0,172.0,208.0,5.0,172.0,208.0,4.972889,171.98781499999998,208.004119,0.027110999999999663,0.012185000000016544,-0.00411900000000287,0.0300074441930733,0.0
879.0,216.0,232.0,208.0,216.0,232.0,208.0,215.98543600000002,232.00001799999998,207.984135,0.014563999999978705,-1.7999999982976078e-05,0.015864999999990914,0.021536217054048533,0.0
880.0,117.0,199.0,209.0,117.0,199.0,209.0,116.98017999999999,198.994082,208.994025,0.01982000000000994,0.0059180000000083055,0.005975000000006503,0.021530344841654767,0.0
881.0,212.0,228.0,209.0,212.0,228.0,209.0,211.98556700000003,227.99961,208.984813,0.014432999999968388,0.0003900000000101045,0.015186999999997397,0.020954917274926578,0.0
882.0,172.0,75.0,210.0,172.0,75.0,210.0,172.00187400000002,74.994761,210.003887,-0.0018740000000150303,0.005239000000003102,-0.003886999999991758,0.006787323920369851,0.0
883.0,80.0,94.0,210.0,80.0,94.0,210.0,79.990442,93.990208,210.007723,0.009557999999998401,0.009792000000004464,-0.007722999999998592,0.015712522299110195,0.0
884.0,69.0,105.0,210.0,69.0,105.0,210.0,68.987923,104.98981199999999,210.007239,0.012077000000005,0.01018800000001363,-0.007238999999998441,0.017379654599570613,0.0
885.0,77.0,54.0,211.0,77.0,54.0,211.0,76.995422,53.98924099999999,211.012225,0.004577999999995086,0.01075900000000729,-0.012225000000000819,0.01691640594216549,0.0
886.0,179.0,79.0,211.0,179.0,79.0,211.0,179.002016,78.99507200000001,211.002997,-0.0020159999999975753,0.004927999999992494,-0.002996999999993477,0.006109946726435275,0.0
887.0,39.0,173.0,211.0,39.0,173.0,211.0,38.976028,172.98924999999997,211.001805,0.02397200000000055,0.010750000000030013,-0.0018049999999902866,0.026333957336500652,0.0
888.0,199.0,51.0,212.0,199.0,51.0,212.0,199.00764300000003,50.99552799999999,212.004731,-0.007643000000030042,0.004472000000006915,-0.004730999999992491,0.010039750694138278,0.0
889.0,76.0,54.0,212.0,76.0,54.0,212.0,75.995316,53.989059999999995,212.012279,0.004683999999997468,0.010940000000005057,-0.01227900000000659,0.017099628563224663,0.0
890.0,198.0,208.0,212.0,198.0,208.0,212.0,197.98682200000002,207.99814399999997,211.987839,0.013177999999982148,0.0018560000000320542,0.012160999999991873,0.01802759942420096,0.0
891.0,246.0,60.0,213.0,246.0,60.0,213.0,246.011005,59.99804399999999,213.000741,-0.011005000000011478,0.001956000000006952,-0.0007410000000049877,0.011202010623110801,0.0
892.0,247.0,61.0,213.0,248.0,61.0,213.0,248.01106700000003,60.99816699999999,213.000505,-1.0110670000000255,0.001833000000011964,-0.0005050000000039745,1.01106878767127,1.0
893.0,23.0,63.0,213.0,23.0,63.0,214.0,22.988969,62.98614799999999,214.014679,0.011030999999999125,0.013852000000007081,-1.014679000000001,1.0148335005832247,1.0
894.0,77.0,92.0,213.0,77.0,92.0,213.0,76.99038799999998,91.98963099999999,213.008101,0.009612000000018384,0.010369000000011397,-0.008101000000010572,0.016295180453151203,0.0
895.0,218.0,113.0,213.0,219.0,114.0,213.0,219.001258,113.997531,212.996637,-1.001258000000007,-0.9975309999999951,0.0033630000000073323,1.4133637140856576,1.4142135623730951
896.0,116.0,194.0,213.0,116.0,194.0,213.0,115.98070699999998,193.99343199999998,212.994589,0.01929300000001888,0.006568000000015672,0.0054110000000093805,0.021086426771765667,0.0
897.0,172.0,188.0,214.0,172.0,188.0,214.0,171.98692200000002,187.99616999999998,213.991643,0.013077999999978829,0.0038300000000219825,0.008356999999989512,0.015985694636125116,0.0
898.0,4.0,214.0,214.0,5.0,213.0,214.0,4.967423,212.987744,213.999631,-0.9674230000000001,1.0122560000000078,0.00036900000000628097,1.400203416159958,1.4142135623730951
899.0,117.0,196.0,215.0,117.0,196.0,215.0,116.98052199999998,195.99326299999996,214.994289,0.019478000000020756,0.006737000000043736,0.005710999999990918,0.021386799059263033,0.0
900.0,201.0,58.0,216.0,201.0,58.0,216.0,201.006877,57.99524099999999,216.003807,-0.0068770000000029086,0.004759000000007063,-0.0038069999999947868,0.00918882250345862,0.0
901.0,77.0,74.0,217.0,77.0,73.0,216.0,76.992869,72.988924,216.010123,0.007131000000001109,1.0110760000000028,0.989877000000007,1.414984807008902,1.4142135623730951
902.0,180.0,165.0,218.0,180.0,165.0,218.0,179.990698,164.99569099999997,217.993575,0.00930199999999104,0.004309000000034757,0.0064250000000072305,0.012098566444014174,0.0
903.0,184.0,213.0,218.0,183.0,213.0,217.0,182.98466200000001,212.996794,216.988209,1.0153379999999856,0.0032060000000058153,1.0117909999999881,1.4334024418707216,1.4142135623730951
904.0,201.0,64.0,219.0,201.0,64.0,219.0,201.00605800000002,63.994958999999994,219.003129,-0.006058000000024322,0.005041000000005624,-0.0031290000000012697,0.008479486187285131,0.0
905.0,196.0,82.0,219.0,196.0,82.0,219.0,196.003197,81.995,219.001505,-0.0031970000000001164,0.0049999999999954525,-0.0015050000000087493,0.006122567598645327,0.0
906.0,170.0,139.0,219.0,170.0,139.0,219.0,169.993151,138.99459099999999,218.997013,0.006848999999988337,0.00540900000001443,0.002986999999990303,0.00922432929810826,0.0
907.0,183.0,215.0,219.0,183.0,215.0,219.0,182.98438000000002,214.996572,218.987973,0.015619999999984202,0.0034280000000137534,0.01202699999998913,0.02000960551833392,0.0
908.0,122.0,30.0,220.0,122.0,30.0,220.0,122.00287399999999,29.990066,220.01184700000002,-0.0028739999999913834,0.00993400000000122,-0.01184700000001726,0.01572563642592514,0.0
909.0,203.0,62.0,220.0,203.0,63.0,221.0,203.00636599999999,62.99479199999999,221.00308900000002,-0.006365999999985661,-0.9947919999999897,-1.003089000000017,1.4127417283923531,1.4142135623730951
910.0,121.0,33.0,223.0,121.0,33.0,223.0,121.00235399999998,32.98968,223.011557,-0.0023539999999826478,0.010320000000000107,-0.011557000000010476,0.015671884538885635,0.0
911.0,11.0,32.0,224.0,10.0,32.0,223.0,9.991719,31.983779999999996,223.018769,1.0082810000000002,0.01622000000000412,0.9812310000000082,1.4070209446635884,1.4142135623730951
912.0,247.0,116.0,224.0,247.0,116.0,225.0,247.003602,115.997513,224.994509,-0.0036020000000007713,0.0024870000000021264,-0.9945089999999936,0.9945186326328871,1.0
913.0,94.0,160.0,226.0,94.0,160.0,226.0,93.982944,159.99002399999998,225.999539,0.01705599999999663,0.009976000000023078,0.000461000000001377,0.019764620740109,0.0
914.0,35.0,12.0,227.0,35.0,12.0,227.0,34.996748,11.984252999999999,227.01928900000001,0.0032520000000033633,0.015747000000001066,-0.019289000000014767,0.02511193011300854,0.0
915.0,115.0,48.0,227.0,115.0,48.0,227.0,114.99975599999999,47.989104999999995,227.010281,0.00024400000000923683,0.010895000000004984,-0.010280999999991991,0.014981973234522494,0.0
916.0,56.0,164.0,227.0,56.0,164.0,227.0,55.978721,163.98794999999998,227.001529,0.021278999999999826,0.012050000000016325,-0.0015290000000049986,0.024501758753207932,0.0
917.0,116.0,170.0,227.0,116.0,170.0,227.0,115.98374899999999,169.99123199999997,226.997041,0.016251000000011118,0.008768000000031861,0.0029590000000041528,0.01870102954387658,0.0
918.0,45.0,22.0,228.0,45.0,24.0,227.0,44.996134,23.984986999999997,227.017353,0.0038660000000021455,-1.9849869999999967,0.9826469999999858,2.214900327945698,2.23606797749979
919.0,112.0,147.0,228.0,112.0,147.0,228.0,111.98638799999999,146.990501,227.999771,0.013612000000009061,0.009499000000005253,0.00022899999999026477,0.016600300780417864,0.0
920.0,155.0,157.0,228.0,155.0,157.0,228.0,154.98923900000003,156.99294999999998,227.995939,0.01076099999997382,0.007050000000020873,0.004061000000007198,0.013490490799069887,0.0
921.0,117.0,171.0,228.0,117.0,171.0,228.0,116.98370499999999,170.991174,227.996859,0.016295000000013715,0.008825999999999112,0.0031409999999993943,0.01879604165776474,0.0
922.0,116.0,48.0,229.0,116.0,48.0,229.0,115.99983499999999,47.988901999999996,229.010197,0.0001650000000097407,0.011098000000004049,-0.010197000000005119,0.015072214104112159,0.0
923.0,14.0,50.0,229.0,14.0,50.0,229.0,13.989677,49.983529999999995,229.016509,0.010322999999999638,0.016470000000005314,-0.01650900000001343,0.025502398122541556,0.0
924.0,228.0,51.0,229.0,228.0,51.0,230.0,228.01029400000002,50.99476099999999,230.00269500000002,-0.010294000000016013,0.005239000000010208,-1.002695000000017,1.002761525280081,1.0
925.0,116.0,144.0,229.0,116.0,144.0,229.0,115.987163,143.99053399999997,228.999829,0.01283700000000465,0.009466000000031727,0.00017099999999459214,0.015950641554518055,0.0
926.0,159.0,162.0,229.0,159.0,163.0,230.0,158.988817,162.99300799999997,229.995015,0.011182999999988397,-0.9930079999999748,-0.9950149999999951,1.4057897416676293,1.4142135623730951
927.0,166.0,220.0,229.0,166.0,220.0,229.0,165.981981,219.99447599999996,228.98842100000002,0.018019000000009555,0.005524000000036722,0.011578999999983353,0.022119497688699093,0.0
928.0,156.0,229.0,229.0,156.0,229.0,229.0,155.979823,228.99409899999998,228.988089,0.020176999999989675,0.005901000000022805,0.011910999999997784,0.024162058087004917,0.0
929.0,43.0,18.0,230.0,43.0,18.0,230.0,42.996705,17.984395,230.018099,0.00329500000000138,0.015605000000000757,-0.018099000000006527,0.024123574590020215,0.0
930.0,158.0,162.0,230.0,158.0,162.0,230.0,157.988852,161.99293799999998,229.99518700000002,0.011147999999991498,0.0070620000000189975,0.004812999999984413,0.01404687570244461,0.0
931.0,140.0,4.0,232.0,140.0,4.0,232.0,140.007944,3.9890419999999995,232.013383,-0.007944000000009055,0.010958000000000467,-0.013383000000004586,0.019033906299030602,0.0
932.0,104.0,189.0,232.0,103.0,188.0,232.0,102.98006699999999,187.99020899999996,231.995879,1.0199330000000089,1.0097910000000354,0.004120999999997821,1.435255437478322,1.4142135623730951
933.0,94.0,67.0,233.0,94.0,67.0,232.0,93.995166,66.987675,232.009523,0.0048340000000024475,0.012325000000004138,0.9904769999999985,0.9905654752261442,1.0
934.0,138.0,152.0,234.0,138.0,152.0,234.0,137.98819600000002,151.99119599999997,233.997507,0.011803999999983716,0.008804000000026235,0.002492999999986978,0.014935189352666828,0.0
935.0,96.0,66.0,235.0,96.0,66.0,235.0,95.99546499999998,65.98738,235.009473,0.0045350000000183854,0.0126199999999983,-0.009473000000014054,0.01641853690194075,0.0
936.0,100.0,71.0,235.0,100.0,71.0,235.0,99.99519299999999,70.987677,235.008677,0.0048070000000137725,0.012322999999994977,-0.008677000000005819,0.015819415507537238,0.0
937.0,240.0,72.0,235.0,240.0,72.0,235.0,240.008641,71.995114,234.999609,-0.008641000000011445,0.004885999999999058,0.00039100000000757973,0.009934422882090057,0.0
938.0,167.0,88.0,235.0,167.0,88.0,235.0,166.999448,87.991517,235.002553,0.0005519999999989977,0.008482999999998242,-0.0025530000000060227,0.00887602399726363,0.0
939.0,7.0,109.0,235.0,6.0,110.0,235.0,5.980926999999999,109.983358,235.010481,1.0190730000000006,-0.9833579999999955,-0.01048099999999863,1.41619652126885,1.4142135623730951
940.0,128.0,183.0,235.0,129.0,184.0,236.0,128.983081,183.991007,235.994607,-0.9830809999999985,-0.9910069999999962,-0.994607000000002,1.713997144413897,1.7320508075688772
941.0,100.0,72.0,236.0,100.0,72.0,236.0,99.99505199999999,71.987566,236.008559,0.004948000000013053,0.012433999999998946,-0.008558999999991102,0.015885324705524614,0.0
942.0,120.0,191.0,236.0,120.0,191.0,236.0,119.981284,190.990649,235.994427,0.018715999999997734,0.009351000000009435,0.005572999999998274,0.021651516944548536,0.0
943.0,113.0,207.0,236.0,114.0,207.0,237.0,113.978581,206.99047499999998,236.993073,-0.9785810000000055,0.009525000000024875,-0.9930730000000096,1.3942401093481103,1.4142135623730951
944.0,70.0,159.0,237.0,70.0,159.0,237.0,69.98064899999999,158.98732699999996,237.001073,0.01935100000001455,0.012673000000035017,-0.0010729999999909978,0.02315636972846632,0.0
945.0,162.0,172.0,238.0,162.0,172.0,238.0,161.987848,171.99229599999998,237.993771,0.012151999999986174,0.007704000000018141,0.006228999999990492,0.01567874870644418,0.0
946.0,218.0,77.0,239.0,218.0,77.0,239.0,218.00581100000002,76.993521,239.000437,-0.005811000000022659,0.006478999999998791,-0.00043700000000512773,0.008714133978787116,0.0
947.0,5.0,105.0,239.0,5.0,105.0,239.0,4.981454,104.982708,239.011045,0.01854599999999973,0.017291999999997643,-0.011044999999995753,0.027657899504478185,0.0
948.0,162.0,173.0,239.0,162.0,173.0,239.0,161.987707,172.99218499999998,238.993653,0.012292999999999665,0.00781500000002211,0.00634700000000521,0.01588950858272223,0.0
949.0,139.0,11.0,241.0,139.0,10.0,240.0,139.00698300000002,9.988067,240.012719,-0.006983000000019501,1.0119330000000009,0.9872809999999959,1.4137824909578536,1.4142135623730951
950.0,110.0,59.0,241.0,109.0,59.0,240.0,108.997605,58.987309999999994,240.009347,1.002395000000007,0.012690000000006307,0.9906530000000089,1.4093793451494996,1.4142135623730951
951.0,238.0,76.0,241.0,238.0,76.0,241.0,238.007865,75.99430799999999,240.999245,-0.007865000000009559,0.0056920000000104665,0.0007549999999980628,0.009737921441471306,0.0
952.0,116.0,208.0,241.0,117.0,208.0,242.0,116.97869499999999,207.99001099999995,241.992723,-0.9786949999999877,0.009989000000047099,-0.9927230000000122,1.3940741149146272,1.4142135623730951
953.0,209.0,79.0,242.0,209.0,79.0,242.0,209.00464700000003,78.992694,242.000767,-0.004647000000034041,0.007305999999999813,-0.0007669999999961874,0.00869255624084813,0.0
954.0,40.0,159.0,242.0,41.0,159.0,242.0,40.977790999999996,158.98514999999998,242.002879,-0.9777909999999963,0.01485000000002401,-0.0028790000000071814,0.9779079971152672,1.0
955.0,97.0,188.0,242.0,97.0,188.0,241.0,96.979404,187.98873899999998,240.996173,0.020595999999997616,0.01126100000001884,1.0038270000000011,1.0041014148311926,1.0
956.0,138.0,14.0,243.0,138.0,14.0,243.0,138.00633100000002,13.987698,243.01232100000001,-0.006331000000017184,0.012302000000000035,-0.012321000000014237,0.018526408340543758,0.0
957.0,228.0,15.0,243.0,228.0,15.0,243.0,228.01492900000002,14.992485,243.006453,-0.014929000000023507,0.007514999999999716,-0.006452999999993381,0.017916234956056258,0.0
958.0,96.0,78.0,243.0,96.0,78.0,243.0,95.99380899999998,77.98656,243.008097,0.006191000000015379,0.013440000000002783,-0.00809699999999225,0.016867824103900884,0.0
959.0,138.0,15.0,244.0,138.0,15.0,244.0,138.00619,14.987587,244.012203,-0.0061900000000036925,0.012413000000000451,-0.01220299999999952,0.01847462795295335,0.0
960.0,38.0,158.0,244.0,39.0,158.0,244.0,38.977711,157.984771,244.003095,-0.9777109999999993,0.015229000000005044,-0.0030950000000018463,0.9778344957031322,1.0
961.0,136.0,18.0,245.0,136.0,18.0,245.0,136.005591,17.987404,245.011997,-0.005591000000009672,0.012595999999998497,-0.011997000000008029,0.018271466990919555,0.0
962.0,142.0,60.0,245.0,141.0,59.0,245.0,141.000664,58.98836599999999,245.007249,0.9993359999999996,1.011634000000008,-0.007249000000001615,1.4220155902285372,1.4142135623730951
963.0,233.0,71.0,246.0,233.0,71.0,247.0,233.00798600000002,70.99319,247.000045,-0.007986000000016702,0.006810000000001537,-1.000045,1.0001000721532822,1.0
964.0,187.0,198.0,247.0,187.0,198.0,247.0,186.98676,197.99291099999996,246.989273,0.013239999999996144,0.007089000000036094,0.010727000000002818,0.01845589472229591,0.0
965.0,185.0,81.0,248.0,185.0,81.0,247.0,185.00201,80.990816,247.002037,-0.002010000000012724,0.009184000000004744,0.9979629999999986,0.9980072822003841,1.0
966.0,215.0,58.0,2.0,215.0,57.0,1.0,215.01030200000002,57.023486,1.005169,-0.010302000000024236,0.9765140000000017,0.994831,1.3940496554861321,1.4142135623730951
967.0,125.0,141.0,3.0,125.0,141.0,2.0,124.99047499999999,141.02001599999997,2.001847,0.009525000000010664,-0.020015999999969836,0.9981529999999998,0.9983991072161466,1.0
968.0,101.0,49.0,7.0,101.0,49.0,7.0,101.000246,49.01654,7.013269,-0.0002460000000041873,-0.01653999999999911,-0.013269000000000197,0.02120609527942327,0.0
969.0,8.0,118.0,7.0,8.0,118.0,7.0,7.982117,118.012784,7.011769000000001,0.017883000000000315,-0.012783999999996354,-0.011769000000001029,0.024934748966050215,0.0
970.0,7.0,119.0,7.0,7.0,119.0,7.0,6.981888,119.012748,7.011725,0.01811200000000035,-0.01274800000000198,-0.011725000000000207,0.025060560109464194,0.0
971.0,162.0,196.0,7.0,162.0,195.0,7.0,161.98689099999999,195.02225499999997,6.993597,0.013109000000014248,0.9777450000000272,0.0064029999999997145,0.9778538384211893,1.0
972.0,77.0,41.0,8.0,77.0,41.0,8.0,76.99896499999998,41.01500399999999,8.015659,0.0010350000000158843,-0.01500399999999047,-0.015658999999999423,0.021711644847862834,0.0
973.0,49.0,59.0,8.0,50.0,59.0,8.0,49.99397,59.01387899999999,8.015443,-0.9939699999999974,-0.01387899999998865,-0.01544299999999943,0.9941868404832135,1.0
974.0,205.0,73.0,8.0,205.0,73.0,8.0,205.00715700000003,73.02233199999999,8.004011,-0.007157000000034941,-0.02233199999999158,-0.004011000000000209,0.023791363853300336,0.0
975.0,147.0,170.0,8.0,147.0,170.0,8.0,146.98872700000004,170.02090699999997,7.997247000000001,0.01127299999996012,-0.020906999999965592,0.0027529999999993393,0.023911549238760304,0.0
976.0,241.0,232.0,8.0,241.0,232.0,8.0,240.98966100000004,232.02694299999996,7.984535000000001,0.010338999999959242,-0.026942999999960193,0.015464999999998952,0.032741203322373166,0.0
977.0,182.0,77.0,9.0,188.0,76.0,9.0,188.00510300000002,76.02135399999999,9.004765,-6.00510300000002,0.9786460000000119,-0.004765000000000796,6.0843268106792445,6.082762530298219
978.0,141.0,92.0,9.0,141.0,92.0,9.0,140.998432,92.01913499999999,9.006045,0.0015679999999917982,-0.019134999999991464,-0.0060450000000003,0.020128310261908505,0.0
979.0,142.0,91.0,10.0,142.0,91.0,10.0,141.99865200000002,91.01904300000001,10.006079000000001,0.0013479999999788106,-0.01904300000001058,-0.0060790000000015,0.020035148963767752,0.0
980.0,53.0,233.0,10.0,53.0,234.0,10.0,52.971143000000005,234.01675699999996,9.996331000000001,0.028856999999995026,-1.0167569999999557,0.00366899999999859,1.0171730359476256,1.0
981.0,240.0,238.0,10.0,240.0,238.0,10.0,239.988754,238.02673599999997,9.983931,0.011245999999999867,-0.026735999999971227,0.01606899999999989,0.03315869377702407,0.0
982.0,75.0,245.0,11.0,75.0,245.0,11.0,74.97181599999999,245.017982,10.993725000000001,0.0281840000000102,-0.017981999999989284,0.006274999999998698,0.03401566999193421,0.0
983.0,21.0,75.0,13.0,21.0,75.0,13.0,20.989000000000004,75.011974,13.015521000000001,0.01099999999999568,-0.011973999999995044,-0.01552100000000145,0.022478392224530457,0.0
984.0,173.0,193.0,14.0,173.0,193.0,14.0,172.98815900000002,193.021908,13.993039000000001,0.011840999999975566,-0.021907999999996264,0.006960999999998663,0.025857789271305446,0.0
985.0,194.0,65.0,15.0,194.0,65.0,15.0,194.00708300000002,65.020717,15.005509000000002,-0.007083000000022821,-0.02071700000000476,-0.0055090000000017625,0.02257680356030366,0.0
986.0,148.0,170.0,17.0,148.0,170.0,17.0,147.988743,170.01980799999998,16.997093,0.011257000000000517,-0.019807999999983394,0.002907000000000437,0.022967968173074352,0.0
987.0,178.0,191.0,17.0,178.0,191.0,17.0,177.988881,191.02175499999998,16.992905,0.011119000000007873,-0.021754999999984648,0.007094999999999629,0.025441132266459797,0.0
988.0,148.0,49.0,18.0,148.0,48.0,18.0,148.004838,48.017605999999994,18.010259,-0.004838000000006559,0.9823940000000064,-0.01025900000000135,0.9824594773124298,1.0
989.0,78.0,76.0,18.0,77.0,75.0,18.0,76.99438699999999,75.014302,18.011887,1.005613000000011,0.9856979999999993,-0.011887000000001535,1.4081900985811613,1.4142135623730951
990.0,191.0,10.0,21.0,191.0,10.0,21.0,191.01399800000002,10.018855,21.011581,-0.013998000000015054,-0.018855000000000288,-0.01158099999999962,0.026183479333358725,0.0
991.0,237.0,83.0,21.0,237.0,83.0,21.0,237.008824,83.022534,21.000753,-0.008824000000004162,-0.02253399999999317,-0.0007529999999995596,0.02421179755821044,0.0
992.0,41.0,129.0,21.0,41.0,129.0,20.0,40.983748999999996,129.013056,20.008339000000003,0.016251000000004012,-0.013056000000005952,0.991660999999997,0.9918800799784188,1.0
993.0,35.0,122.0,24.0,33.0,120.0,25.0,32.984116,120.011839,25.009773000000003,2.015884,1.9881610000000052,-1.0097730000000027,3.006029603132016,3.0
994.0,181.0,243.0,24.0,181.0,244.0,24.0,180.98211300000003,244.02191899999997,23.986919,0.01788699999997334,-1.0219189999999685,0.013080999999999676,1.0221592341171382,1.0
995.0,48.0,188.0,27.0,48.0,188.0,27.0,47.976577,188.01353399999996,27.001449,0.023423000000001082,-0.013533999999964408,-0.0014490000000009218,0.02709069371572256,0.0
996.0,173.0,51.0,28.0,174.0,51.0,28.0,174.006874,51.017754999999994,28.008171,-1.0068740000000105,-0.01775499999999397,-0.008171000000000816,1.007063680777944,1.0
997.0,75.0,240.0,30.0,74.0,240.0,30.0,73.972208,240.01541199999997,29.994139,1.0277920000000051,-0.015411999999969339,0.00586099999999945,1.0279242561244528,1.0
998.0,218.0,9.0,31.0,218.0,9.0,32.0,218.01665,9.018861,32.009851,-0.0166499999999985,-0.01886099999999935,-1.0098509999999976,1.0101643440658532,1.0
999.0,88.0,126.0,31.0,88.0,126.0,31.0,87.98860499999999,126.014088,31.005545,0.011395000000007371,-0.014088000000000989,-0.005545000000001465,0.018949005092621936,0.0
1000.0,45.0,190.0,31.0,45.0,190.0,31.0,44.975986,190.01289699999998,31.001385000000003,0.02401400000000109,-0.012896999999981063,-0.0013850000000026341,0.02729327811017891,0.0
1001.0,69.0,231.0,32.0,69.0,231.0,32.0,68.972893,231.01473799999997,31.995411,0.02710700000000088,-0.014737999999965723,0.004588999999999288,0.03119386180002455,0.0
1002.0,180.0,202.0,35.0,180.0,202.0,35.0,179.987461,202.01974399999997,34.991409000000004,0.012539000000003853,-0.01974399999997445,0.008590999999995574,0.02491700900989145,0.0
1003.0,128.0,146.0,36.0,128.0,146.0,36.0,127.98979999999999,146.015908,36.000775000000004,0.010200000000011755,-0.015907999999996036,-0.000775000000004411,0.018913093057459442,0.0
1004.0,52.0,21.0,40.0,53.0,21.0,40.0,52.998989,21.009296,40.019035,-0.9989890000000017,-0.009295999999999083,-0.019035000000002356,0.9992135752490572,1.0
1005.0,81.0,219.0,40.0,81.0,219.0,40.0,80.975569,219.01414599999998,39.995859,0.024431000000006975,-0.01414599999998245,0.004140999999997064,0.028532980180833195,0.0
1006.0,215.0,4.0,41.0,215.0,4.0,41.0,215.016938,4.0174650000000005,41.010493000000004,-0.016938000000010334,-0.017465000000000508,-0.01049300000000386,0.026495756603661064,0.0
1007.0,240.0,5.0,43.0,239.0,5.0,43.0,239.01911600000003,5.018498,43.008829000000006,0.9808839999999748,-0.018498000000000125,-0.008829000000005749,0.9810981340829013,1.0
1008.0,247.0,126.0,43.0,247.0,126.0,43.0,247.00392000000002,126.020979,42.995249,-0.003920000000022128,-0.020978999999996972,0.0047509999999988395,0.021864511016714633,0.0
1009.0,121.0,148.0,43.0,121.0,148.0,43.0,120.98879399999998,148.01467499999998,43.000937,0.011206000000015592,-0.014674999999982674,-0.0009370000000004097,0.018488051005983344,0.0
1010.0,244.0,120.0,44.0,244.0,120.0,46.0,244.00439400000002,120.02033399999999,45.996059,-0.004394000000019105,-0.020333999999991192,-1.9960590000000025,1.9961674053728584,2.0
1011.0,246.0,127.0,44.0,246.0,127.0,44.0,246.00368200000003,127.02081499999998,43.995195,-0.0036820000000261643,-0.020814999999984707,0.004804999999997506,0.021677393155071303,0.0
1012.0,121.0,149.0,44.0,121.0,149.0,44.0,120.988653,149.01456399999998,44.000819,0.011347000000000662,-0.014563999999978705,-0.0008189999999999031,0.018480672769122738,0.0
1013.0,211.0,190.0,44.0,211.0,190.0,44.0,210.991971,190.020031,43.990631,0.008028999999993403,-0.020030999999988808,0.009368999999999517,0.023526239882298162,0.0
1014.0,45.0,16.0,45.0,45.0,16.0,45.0,44.998828,16.008146999999997,45.020037,0.0011719999999968422,-0.008146999999997462,-0.02003700000000208,0.021661684191217327,0.0
1015.0,52.0,23.0,45.0,52.0,23.0,45.0,51.998582999999996,23.008637,45.018833,0.0014170000000035543,-0.008637000000000228,-0.018833000000000766,0.020767463663144876,0.0
1016.0,212.0,191.0,45.0,212.0,191.0,45.0,211.991927,191.01997299999996,44.990449000000005,0.008072999999996,-0.019972999999964713,0.009550999999994758,0.02356513651559069,0.0
1017.0,44.0,16.0,46.0,44.0,16.0,46.0,43.99872200000001,16.007965999999996,46.020091,0.0012779999999921188,-0.007965999999996143,-0.020091000000000747,0.021650374615695415,0.0
1018.0,128.0,162.0,46.0,128.0,162.0,46.0,127.98759799999999,162.01489999999998,45.998947,0.012402000000008684,-0.014899999999983038,0.0010529999999988604,0.019414644292381655,0.0
1019.0,129.0,163.0,46.0,129.0,163.0,46.0,128.98756300000002,163.01496999999998,45.998775,0.01243699999997716,-0.014969999999976835,0.0012249999999980332,0.019500781881728064,0.0
1020.0,130.0,164.0,46.0,130.0,164.0,46.0,129.987528,164.01503999999997,45.998603,0.012472000000002481,-0.015039999999970632,0.001396999999997206,0.01958836371418426,0.0
1021.0,131.0,165.0,46.0,131.0,165.0,46.0,130.987493,165.01511,45.998431000000004,0.01250699999999938,-0.015109999999992851,0.0015689999999963788,0.019677370505221402,0.0
1022.0,213.0,192.0,46.0,213.0,192.0,46.0,212.991883,192.01991499999997,45.990267,0.008116999999998598,-0.01991499999996904,0.009732999999997105,0.02360559685749733,0.0
1023.0,195.0,239.0,46.0,195.0,239.0,45.0,194.983942,239.01988799999995,44.986353,0.016057999999986805,-0.019887999999951944,1.0136469999999989,1.0139692463368875,1.0
1024.0,197.0,90.0,47.0,197.0,90.0,47.0,197.00378600000002,90.01720499999999,47.002297000000006,-0.003786000000019385,-0.017204999999989923,-0.0022970000000057667,0.017765754416850035,0.0
1025.0,115.0,225.0,47.0,115.0,225.0,47.0,114.97801199999999,225.015154,46.992965000000005,0.021988000000007446,-0.015153999999995449,0.007034999999994795,0.027615341478969914,0.0
1026.0,239.0,140.0,48.0,240.0,139.0,48.0,240.00148000000002,139.020189,47.994243000000004,-1.001480000000015,0.9798110000000122,0.005756999999995571,1.4010799153403255,1.4142135623730951
1027.0,108.0,87.0,50.0,107.0,89.0,49.0,106.99517,89.012162,49.008145000000006,1.0048299999999983,-2.0121620000000036,0.9918549999999939,2.458099994745738,2.449489742783178
1028.0,120.0,23.0,53.0,120.0,23.0,53.0,120.005107,23.011217,53.014401,-0.00510699999999531,-0.011216999999998478,-0.014400999999999442,0.018954981904499457,0.0
1029.0,186.0,62.0,53.0,186.0,62.0,53.0,186.00636100000003,62.01537799999999,53.005965,-0.006361000000026706,-0.015377999999991232,-0.005965000000003329,0.017678417067150266,0.0
1030.0,231.0,101.0,53.0,231.0,101.0,53.0,231.00557800000004,101.018426,52.998873,-0.005578000000042493,-0.01842600000000516,0.0011269999999967695,0.019284752759645557,0.0
1031.0,128.0,155.0,53.0,128.0,154.0,53.0,127.98859099999999,154.01386799999997,52.999741,0.011409000000014657,0.9861320000000262,0.0002589999999997872,0.9861980297009582,1.0
1032.0,120.0,216.0,53.0,120.0,216.0,53.0,119.97963099999998,216.01449799999997,52.993557,0.020369000000016513,-0.014497999999974809,0.006442999999997312,0.02581860596546428,0.0
1033.0,96.0,52.0,55.0,96.0,52.0,55.0,95.998933,52.01018199999999,55.012785,0.0010670000000061464,-0.010181999999993252,-0.012785000000000935,0.016378883905806878,0.0
1034.0,192.0,60.0,56.0,193.0,60.0,57.0,193.00726799999998,60.015203,57.005693,-1.007267999999982,-0.015202999999999633,-1.0056930000000008,1.4234599977807476,1.4142135623730951
1035.0,122.0,84.0,56.0,122.0,84.0,56.0,121.997222,84.011976,56.007655,0.0027780000000063865,-0.011976000000004206,-0.007654999999999745,0.014482433669799158,0.0
1036.0,88.0,151.0,56.0,89.0,151.0,56.0,88.985177,151.01136599999998,56.002531000000005,-0.9851769999999931,-0.011365999999981113,-0.002531000000004724,0.985245813615052,1.0
1037.0,149.0,153.0,56.0,149.0,153.0,56.0,148.990733,153.01457999999997,55.998475000000006,0.009266999999994141,-0.01457999999996673,0.0015249999999937813,0.017342990341890362,0.0
1038.0,243.0,164.0,56.0,243.0,164.0,56.0,242.998399,164.01974899999996,55.991271000000005,0.0016009999999937463,-0.019748999999961825,0.008728999999995324,0.021651365846024367,0.0
1039.0,123.0,83.0,57.0,123.0,83.0,57.0,122.997442,83.011884,57.007689000000006,0.002557999999993399,-0.011883999999994899,-0.007689000000006274,0.014383794388127962,0.0
1040.0,220.0,94.0,57.0,220.0,94.0,57.0,220.005399,94.017212,57.000293000000006,-0.005399000000011256,-0.01721200000000067,-0.000293000000006316,0.018041285818925112,0.0
1041.0,153.0,153.0,58.0,153.0,153.0,58.0,152.991103,153.014536,57.998199,0.008896999999990385,-0.014535999999992555,0.0018010000000003856,0.017137546673885787,0.0
1042.0,93.0,160.0,58.0,93.0,160.0,58.0,92.984359,160.011475,58.001283,0.015641000000002236,-0.011474999999990132,-0.0012830000000008113,0.019441260118620025,0.0
1043.0,55.0,190.0,58.0,56.0,190.0,57.0,55.976819,190.01015199999998,57.000421,-0.976818999999999,-0.010151999999976624,0.9995789999999971,1.3976539625765714,1.4142135623730951
1044.0,40.0,51.0,60.0,40.0,51.0,60.0,39.993588,51.006556999999994,60.016427,0.00641199999999742,-0.006556999999993707,-0.01642700000000019,0.018813673803908974,0.0
1045.0,83.0,196.0,60.0,83.0,196.0,61.0,82.97860999999997,196.01117299999996,60.998005000000006,0.02139000000002511,-0.0111729999999568,-0.9980050000000062,0.998296723451506,1.0
1046.0,7.0,9.0,61.0,7.0,10.0,61.0,6.9957899999999995,10.003983,61.022957000000005,0.004210000000000491,-1.0039829999999998,-0.022957000000005223,1.004254256768673,1.0
1047.0,41.0,52.0,62.0,41.0,52.0,62.0,40.993535,52.006370999999994,62.016235,0.006464999999998611,-0.006370999999994353,-0.016235000000001776,0.018600029327933,0.0
1048.0,42.0,52.0,63.0,42.0,52.0,63.0,41.99362300000001,52.006296,63.016161000000004,0.006376999999993416,-0.006295999999998969,-0.016161000000003867,0.01847927666333366,0.0
1049.0,133.0,61.0,63.0,133.0,61.0,63.0,133.00126200000003,61.011272,63.009365,-0.0012620000000254095,-0.011271999999998172,-0.00936500000000251,0.014708971853942408,0.0
1050.0,222.0,38.0,65.0,222.0,38.0,65.0,222.012913,38.015342,65.00613299999999,-0.01291299999999751,-0.015341999999996858,-0.006132999999991284,0.020969888459401315,0.0
1051.0,57.0,34.0,66.0,57.0,34.0,66.0,56.997427,34.006401,66.01711499999999,0.00257299999999816,-0.00640099999999677,-0.017114999999989777,0.01845308524338408,0.0
1052.0,229.0,100.0,66.0,229.0,100.0,66.0,229.00539899999998,100.016639,65.99897899999999,-0.005398999999982834,-0.01663899999999785,0.0010210000000085984,0.017522784110972793,0.0
1053.0,226.0,79.0,67.0,226.0,78.0,67.0,226.00800299999997,78.01597799999999,67.001537,-0.008002999999973781,0.9840220000000102,-0.0015369999999990114,0.9840557437777697,1.0
1054.0,103.0,17.0,68.0,103.0,17.0,68.0,103.00411499999998,17.008294,68.015987,-0.004114999999984548,-0.008293999999999357,-0.015986999999995533,0.018474518396962864,0.0
1055.0,60.0,36.0,69.0,60.0,36.0,69.0,59.997426999999995,36.006209999999996,69.016677,0.0025730000000052655,-0.00620999999999583,-0.016677000000001385,0.01798073296615078,0.0
1056.0,209.0,55.0,69.0,209.0,55.0,70.0,209.009363,55.014301999999994,70.005079,-0.00936300000000756,-0.014301999999993598,-1.005078999999995,1.0052243576505644,1.0
1057.0,208.0,56.0,69.0,208.0,56.0,69.0,208.009143,56.014393999999996,69.005045,-0.009142999999994572,-0.014393999999995799,-0.005044999999995525,0.017782961226964836,0.0
1058.0,207.0,57.0,69.0,207.0,57.0,69.0,207.00891400000003,57.014357999999994,69.005001,-0.008914000000032729,-0.01435799999999432,-0.005000999999992928,0.017624459169017063,0.0
1059.0,215.0,49.0,70.0,215.0,49.0,70.0,215.010737,49.01451799999999,70.005343,-0.010737000000005992,-0.014517999999988263,-0.005342999999996323,0.018830909218615775,0.0
1060.0,107.0,84.0,70.0,107.0,84.0,71.0,106.99563199999999,84.009261,71.008465,0.004368000000013694,-0.009260999999995079,-1.008465000000001,1.0085169813989263,1.0
1061.0,71.0,40.0,72.0,71.0,40.0,72.0,70.997939,40.00647699999999,72.01551099999999,0.002060999999997648,-0.00647699999998963,-0.015510999999989394,0.016934886211590765,0.0
1062.0,48.0,76.0,72.0,48.0,76.0,72.0,47.990956,76.00587,72.01309499999999,0.009044000000002939,-0.005870000000001596,-0.013094999999992751,0.01696260183462083,0.0
1063.0,42.0,243.0,74.0,42.0,243.0,74.0,41.968312,243.00813499999998,73.995423,0.0316880000000026,-0.008134999999981574,0.004576999999997611,0.03303417167116263,0.0
1064.0,6.0,13.0,75.0,6.0,13.0,75.0,5.995170999999999,13.002189,75.02255699999999,0.00482900000000086,-0.0021889999999995524,-0.022556999999991945,0.02317173301675218,0.0
1065.0,33.0,28.0,76.0,33.0,28.0,76.0,32.995801,28.003747,76.019199,0.004198999999999842,-0.003747000000000611,-0.01919900000000041,0.020006829109082202,0.0
1066.0,86.0,39.0,76.0,87.0,38.0,75.0,86.99972799999999,38.006907,75.014673,-0.9997279999999904,0.9930930000000018,0.9853269999999981,1.7194647648503822,1.7320508075688772
1067.0,83.0,42.0,76.0,84.0,41.0,76.0,83.99903199999999,41.00667099999999,76.01453099999999,-0.9990319999999855,0.9933290000000099,-0.014530999999990968,1.408892681940676,1.4142135623730951
1068.0,44.0,244.0,76.0,44.0,244.0,76.0,43.96835600000001,244.00800199999998,75.995167,0.0316439999999929,-0.008001999999976306,0.004833000000004972,0.032995948675545304,0.0
1069.0,68.0,77.0,78.0,68.0,77.0,78.0,67.99270999999999,77.006179,78.011647,0.007290000000011787,-0.006179000000003043,-0.01164699999999641,0.01506574757521597,0.0
1070.0,21.0,12.0,80.0,21.0,12.0,80.0,20.996713,12.002327,80.021655,0.003287000000000262,-0.002326999999999302,-0.02165499999999554,0.022026309790788953,0.0
1071.0,211.0,60.0,80.0,211.0,60.0,80.0,211.008807,60.01321299999999,80.004311,-0.00880699999999024,-0.013212999999993258,-0.004311000000001286,0.01645391561299805,0.0
1072.0,229.0,81.0,81.0,228.0,82.0,79.0,228.007561,82.01461599999999,79.000857,0.9924389999999903,-1.0146159999999895,1.9991430000000037,2.4517246033406717,2.449489742783178
1073.0,193.0,149.0,81.0,193.0,149.0,81.0,192.995304,149.01364399999997,80.995841,0.004695999999995593,-0.013643999999970902,0.004159000000001356,0.015016938203214923,0.0
1074.0,31.0,20.0,82.0,31.0,20.0,82.0,30.996609000000003,20.002737,82.02013099999999,0.0033909999999970353,-0.0027369999999997674,-0.020130999999992127,0.020597262220976402,0.0
1075.0,26.0,5.0,83.0,26.0,5.0,83.0,25.998095,5.002089,83.022061,0.0019050000000007117,-0.0020889999999997855,-0.02206099999999367,0.02224141782800104,0.0
1076.0,9.0,87.0,83.0,9.0,87.0,83.0,8.985622000000001,87.00258199999999,83.014293,0.014377999999998892,-0.002581999999989648,-0.014292999999995004,0.020437305522004897,0.0
1077.0,214.0,70.0,84.0,214.0,70.0,84.0,214.007742,70.01303,84.002999,-0.007742000000007465,-0.013030000000000541,-0.0029990000000026384,0.0154503548502986,0.0
1078.0,34.0,22.0,85.0,34.0,22.0,85.0,33.996609,22.002546,85.019693,0.003391000000000588,-0.002545999999998827,-0.019693000000003735,0.02014436015365455,0.0
1079.0,215.0,71.0,85.0,215.0,71.0,85.0,215.007698,71.012972,85.002817,-0.007698000000004868,-0.012972000000004869,-0.002816999999993186,0.01534494956003971,0.0
1080.0,82.0,180.0,86.0,82.0,180.0,86.0,81.98039999999999,180.00764799999996,85.99954699999999,0.019600000000011164,-0.007647999999960575,0.0004530000000073642,0.021044170522970043,0.0
1081.0,216.0,184.0,86.0,216.0,184.0,86.0,215.99286999999998,184.01481799999996,85.990539,0.007130000000017844,-0.014817999999962694,0.009461000000001718,0.01897157202234916,0.0
1082.0,126.0,29.0,90.0,126.0,29.0,90.0,126.004564,29.006901,90.012999,-0.004564000000002011,-0.006900999999999158,-0.012998999999993543,0.01540869553206367,0.0
1083.0,230.0,75.0,90.0,230.0,76.0,90.0,230.00844800000002,76.013212,90.001267,-0.008448000000015554,-1.0132119999999958,-0.0012669999999985748,1.01324801057638,1.0
1084.0,169.0,147.0,90.0,169.0,147.0,90.0,168.993159,147.01118599999998,89.997503,0.006841000000008535,-0.011185999999980822,0.0024970000000053005,0.013347692160059514,0.0
1085.0,232.0,75.0,91.0,232.0,75.0,91.0,232.008765,75.01317300000001,91.001237,-0.008765000000011014,-0.013173000000008983,-0.0012370000000032633,0.015870832460852136,0.0
1086.0,170.0,146.0,91.0,170.0,146.0,91.0,169.993379,146.01109399999999,90.997537,0.006620999999995547,-0.011093999999985726,0.002463000000005877,0.013152218291970875,0.0
1087.0,169.0,146.0,92.0,169.0,146.0,92.0,168.993273,146.010913,91.997591,0.00672700000001214,-0.01091299999998796,0.0024090000000001055,0.01304413197571617,0.0
1088.0,110.0,237.0,92.0,110.0,237.0,92.0,109.975538,237.00933299999997,91.991539,0.02446199999999976,-0.009332999999969616,0.008460999999996943,0.027515138633111943,0.0
1089.0,18.0,7.0,93.0,18.0,7.0,93.0,17.996965,7.000419,93.022257,0.003035000000000565,-0.0004189999999999472,-0.022256999999996196,0.022466883072643478,0.0
1090.0,234.0,74.0,93.0,234.0,74.0,93.0,234.009073,74.013006,93.00119699999999,-0.009073000000000775,-0.013006000000004292,-0.0011969999999905667,0.015903086933048663,0.0
1091.0,80.0,238.0,93.0,81.0,238.0,93.0,80.972584,238.00768499999998,92.99327699999999,-0.9725839999999977,-0.007684999999980846,0.006723000000008028,0.9726375969547935,1.0
1092.0,110.0,121.0,94.0,110.0,121.0,94.0,109.990832,121.007105,94.004047,0.009168000000002507,-0.007104999999995698,-0.004046999999999912,0.012284602476270208,0.0
1093.0,105.0,144.0,95.0,105.0,144.0,96.0,104.987293,144.00697499999995,96.001863,0.012707000000006019,-0.006974999999954434,-1.0018630000000002,1.001967858388182,1.0
1094.0,91.0,235.0,95.0,91.0,235.0,95.0,90.97393199999999,235.007908,94.992941,0.026068000000009306,-0.00790799999998626,0.00705899999999815,0.028140834546975354,0.0
1095.0,103.0,146.0,96.0,103.0,146.0,96.0,102.98683499999999,146.00690299999997,96.001775,0.01316500000001497,-0.006902999999965687,-0.001774999999994975,0.014970613180491392,0.0
1096.0,196.0,4.0,98.0,195.0,4.0,99.0,195.014476,4.008981,99.01119299999999,0.9855239999999981,-0.00898100000000035,-1.0111929999999916,1.412037356512206,1.4142135623730951
1097.0,81.0,23.0,98.0,81.0,23.0,98.0,81.000919,23.00339,98.016447,-0.0009189999999961174,-0.00338999999999956,-0.016446999999999434,0.016817861635771987,0.0
1098.0,85.0,173.0,98.0,85.0,173.0,98.0,84.981507,173.006152,97.999991,0.018493000000006532,-0.0061519999999859465,9.000000005698894e-06,0.01948943903759338,0.0
1099.0,7.0,218.0,100.0,7.0,218.0,100.0,6.967983,218.002527,100.000103,0.03201699999999974,-0.0025269999999864012,-0.00010299999999574538,0.03211673437633275,0.0
1100.0,7.0,139.0,102.0,7.0,139.0,102.0,6.978393,139.000928,102.00861499999999,0.021607000000000376,-0.0009279999999876054,-0.008614999999991824,0.023279644713780585,0.0
1101.0,53.0,60.0,104.0,53.0,60.0,104.0,52.993265,60.001766999999994,104.014183,0.006734999999999047,-0.0017669999999938568,-0.014183000000002721,0.01580000009493806,0.0
1102.0,26.0,239.0,105.0,26.0,239.0,105.0,25.967008999999997,239.00325099999998,104.996569,0.03299100000000266,-0.0032509999999774664,0.003431000000006179,0.033327868863761316,0.0
1103.0,27.0,240.0,105.0,27.0,240.0,105.0,26.966973999999997,240.00332099999997,104.996397,0.03302600000000311,-0.0033209999999712636,0.0036029999999982465,0.03338753249343236,0.0
1104.0,178.0,68.0,106.0,178.0,68.0,106.0,178.00431600000002,68.00827199999999,106.005299,-0.004316000000017084,-0.008271999999990953,-0.005298999999993725,0.010730015890012993,0.0
1105.0,179.0,70.0,106.0,179.0,70.0,106.0,179.00414899999998,70.008359,106.005019,-0.004148999999983971,-0.008358999999998673,-0.0050190000000043256,0.010596105086298845,0.0
1106.0,103.0,53.0,107.0,103.0,53.0,107.0,102.999012,53.00391399999999,107.011709,0.0009880000000066502,-0.0039139999999875386,-0.011708999999996195,0.012385322805636778,0.0
1107.0,246.0,241.0,111.0,246.0,241.0,111.0,245.988031,241.014177,110.982213,0.011968999999993457,-0.014176999999989448,0.017786999999998443,0.02570256133149941,0.0
1108.0,188.0,96.0,112.0,188.0,96.0,112.0,188.001536,96.00851,112.001575,-0.0015359999999873253,-0.008510000000001128,-0.0015750000000025466,0.00878976797190849,0.0
1109.0,246.0,240.0,112.0,246.0,240.0,112.0,245.988154,240.014032,111.982311,0.011845999999991363,-0.014031999999986056,0.017689000000004285,0.025497557941880546,0.0
1110.0,130.0,51.0,113.0,130.0,51.0,113.0,130.001841,51.004543,113.010137,-0.0018410000000130822,-0.004542999999998187,-0.010137000000000285,0.011259968872072314,0.0
1111.0,26.0,42.0,114.0,26.0,42.0,114.0,25.992932,41.998749999999994,114.017755,0.007068000000000296,0.0012500000000059686,-0.01775499999999397,0.019150956869039337,0.0
1112.0,131.0,52.0,115.0,131.0,52.0,115.0,131.001788,52.004357,115.009945,-0.0017880000000047858,-0.004356999999998834,-0.009945000000001869,0.011003791073991005,0.0
1113.0,133.0,51.0,116.0,133.0,51.0,116.0,133.002105,51.00431799999999,116.00991499999999,-0.0021050000000002456,-0.004317999999990718,-0.009914999999992347,0.011017412309601973,0.0
1114.0,11.0,95.0,116.0,11.0,95.0,116.0,10.984463000000002,94.9986,116.012971,0.015536999999998358,0.0014000000000038426,-0.012970999999993182,0.020288055845737975,0.0
1115.0,110.0,113.0,116.0,110.0,113.0,116.0,109.99169,113.004153,116.004691,0.008309999999994488,-0.004153000000002294,-0.0046909999999940055,0.010407160515715668,0.0
1116.0,192.0,104.0,118.0,192.0,104.0,118.0,192.00081400000002,104.00809000000001,118.000395,-0.0008140000000196324,-0.008090000000009923,-0.0003949999999974807,0.008140437396122552,0.0
1117.0,85.0,58.0,119.0,85.0,58.0,119.0,84.996498,58.001509,119.012201,0.0035019999999974516,-0.0015089999999986503,-0.01220100000000457,0.012783015528430277,0.0
1118.0,154.0,156.0,119.0,154.0,156.0,119.0,153.99025500000002,156.00683199999997,118.997201,0.009744999999981019,-0.006831999999974414,0.002798999999995999,0.01222602347450953,0.0
1119.0,190.0,124.0,122.0,190.0,124.0,122.0,189.997944,124.007812,121.998323,0.002056000000010272,-0.007812000000001262,0.0016770000000008167,0.008250261147385864,0.0
1120.0,220.0,136.0,122.0,220.0,136.0,122.0,219.99927,136.009606,121.995107,0.0007300000000043383,-0.0096059999999909,0.004892999999995595,0.010805072188550542,0.0
1121.0,107.0,108.0,123.0,107.0,108.0,123.0,106.99199599999999,108.003013,123.005353,0.008004000000013889,-0.0030129999999957136,-0.005352999999999497,0.010089439726773291,0.0
1122.0,172.0,149.0,125.0,172.0,149.0,125.0,171.992871,149.00689899999998,124.996745,0.007128999999991947,-0.006898999999975786,0.003254999999995789,0.010440970596621928,0.0
1123.0,145.0,206.0,125.0,145.0,206.0,125.0,144.98272799999998,206.00643699999998,124.992317,0.017272000000019716,-0.006436999999976933,0.007683000000000106,0.019969612965713326,0.0
1124.0,76.0,41.0,127.0,76.0,42.0,127.0,75.997665,41.999736,127.014425,0.0023350000000021964,-0.9997359999999986,-0.014425000000002797,0.9998427889153361,1.0
1125.0,23.0,99.0,127.0,23.0,99.0,127.0,22.985000000000003,98.997896,127.011661,0.014999999999997016,0.0021040000000027703,-0.011661000000003696,0.01911558884784898,0.0
1126.0,123.0,77.0,130.0,123.0,77.0,130.0,122.99757699999999,77.002438,130.007607,0.0024230000000073915,-0.002437999999997942,-0.007607000000007247,0.008347527897535656,0.0
1127.0,108.0,88.0,130.0,108.0,88.0,130.0,107.99466999999999,88.00183,130.007379,0.005330000000014934,-0.001829999999998222,-0.007378999999986036,0.00928479622824037,0.0
1128.0,143.0,129.0,130.0,143.0,130.0,130.0,142.992521,130.00439899999998,130.000603,0.007478999999989355,-1.004398999999978,-0.0006030000000123437,1.0044270258465549,1.0
1129.0,15.0,136.0,130.0,15.0,136.0,130.0,14.979313000000001,135.997717,130.008147,0.02068699999999879,0.002283000000005586,-0.00814700000000812,0.022350339303914554,0.0
1130.0,126.0,78.0,135.0,126.0,78.0,135.0,125.997691,78.001974,135.007257,0.002308999999996786,-0.001974000000004139,-0.007257000000009839,0.007867159970417805,0.0
1131.0,23.0,133.0,136.0,23.0,133.0,136.0,22.980431000000003,132.997322,136.007899,0.01956899999999706,0.002678000000003067,-0.007899000000008982,0.021272321123940455,0.0
1132.0,219.0,127.0,137.0,219.0,127.0,137.0,219.000226,127.00747999999999,136.995993,-0.00022599999999783904,-0.0074799999999868305,0.004007000000001426,0.008488670390574335,0.0
1133.0,224.0,209.0,138.0,223.0,209.0,137.0,222.98979,209.00908599999997,136.986881,1.0102100000000007,-0.009085999999967953,1.013118999999989,1.430739986041132,1.4142135623730951
1134.0,81.0,55.0,140.0,81.0,55.0,140.0,80.99631699999999,54.998557999999996,140.012571,0.0036830000000094287,0.0014420000000043842,-0.012571000000008326,0.013178539145151538,0.0
1135.0,57.0,217.0,141.0,57.0,217.0,141.0,56.972596,216.999912,140.996601,0.027403999999997097,8.800000000519503e-05,0.003399000000001706,0.027614129734609662,0.0
1136.0,244.0,168.0,143.0,243.0,168.0,143.0,242.99708800000002,168.00868099999997,142.989969,1.0029119999999807,-0.008680999999967298,0.010030999999997903,1.0029997310398246,1.0
1137.0,142.0,62.0,145.0,142.0,62.0,145.0,142.00126500000002,62.00126999999999,145.007861,-0.0012650000000178352,-0.0012699999999910005,-0.007860999999991236,0.008062781529961262,0.0
1138.0,185.0,195.0,145.0,184.0,195.0,145.0,183.987783,195.00575699999996,144.990809,1.0122169999999926,-0.005756999999960044,0.00919099999998707,1.012275097302598,1.0
1139.0,50.0,32.0,146.0,50.0,32.0,146.0,49.996292,31.995756,146.016979,0.0037080000000031532,0.0042439999999999145,-0.016978999999992084,0.01788986419735359,0.0
1140.0,51.0,33.0,146.0,51.0,33.0,146.0,50.996257,32.995825999999994,146.016807,0.003743000000000052,0.004174000000006117,-0.016807000000000016,0.017717437004263682,0.0
1141.0,181.0,92.0,147.0,181.0,92.0,147.0,181.00107,92.003591,147.002105,-0.001069999999998572,-0.003591000000000122,-0.0021050000000002456,0.004297814095560539,0.0
1142.0,84.0,112.0,147.0,84.0,112.0,147.0,83.989021,111.99879,147.006153,0.010979000000006067,0.0012100000000003774,-0.0061530000000118434,0.012643652557717643,0.0
1143.0,193.0,109.0,148.0,193.0,108.0,147.0,193.000122,108.004499,146.999609,-0.00012200000000461841,0.9955010000000044,1.0003910000000076,1.4113130087850903,1.4142135623730951
1144.0,82.0,115.0,148.0,82.0,115.0,148.0,81.98842199999999,114.99860699999999,148.005947,0.011578000000014299,0.001393000000007305,-0.005946999999991931,0.013090353012820376,0.0
1145.0,110.0,180.0,148.0,110.0,180.0,148.0,109.982558,180.00119599999996,147.997135,0.017442000000002622,-0.0011959999999646698,0.0028650000000141063,0.017716150964588437,0.0
1146.0,124.0,4.0,149.0,124.0,4.0,149.0,124.007139,3.998818,149.015237,-0.0071389999999951215,0.0011820000000000164,-0.015237000000013268,0.016867975990033146,0.0
1147.0,63.0,117.0,149.0,63.0,117.0,149.0,62.986306000000006,116.997506,149.006937,0.013693999999993878,0.002493999999998664,-0.006936999999993532,0.015552094424859178,0.0
1148.0,122.0,18.0,150.0,122.0,18.0,150.0,122.005088,17.998821999999997,150.013843,-0.0050880000000006476,0.00117800000000301,-0.013843000000008487,0.014795407294165602,0.0
1149.0,245.0,191.0,150.0,245.0,191.0,150.0,244.994183,191.00828199999995,149.987287,0.005817000000007511,-0.008281999999951495,0.01271299999999087,0.016249596364188615,0.0
1150.0,194.0,112.0,151.0,194.0,112.0,151.0,193.99965500000002,112.00410799999999,150.999073,0.00034499999998161,-0.00410799999998801,0.0009269999999901302,0.004225401519367183,0.0
1151.0,226.0,201.0,151.0,226.0,201.0,151.0,225.991011,201.00731699999997,150.987413,0.008989000000013903,-0.00731699999997204,0.012586999999996351,0.0171106159737091,0.0
1152.0,185.0,96.0,152.0,185.0,96.0,152.0,185.00088499999998,96.00323099999999,152.001367,-0.0008849999999824831,-0.003230999999985329,-0.0013669999999876836,0.003618186700522862,0.0
1153.0,46.0,206.0,153.0,46.0,206.0,153.0,45.97287300000001,205.99760599999996,152.998373,0.027126999999993018,0.002394000000037977,0.0016270000000133678,0.02728099144092543,0.0
1154.0,133.0,4.0,154.0,133.0,3.0,154.0,133.00809900000002,2.9986379999999997,154.014719,-0.008099000000015621,1.0013620000000003,-0.014719000000013693,1.0015029195194598,1.0
1155.0,132.0,5.0,154.0,132.0,5.0,154.0,132.007738,4.998619,154.014567,-0.0077379999999891425,0.0013810000000002987,-0.014566999999999553,0.01655238031220343,0.0
1156.0,228.0,118.0,157.0,228.0,118.0,157.0,228.002107,118.005244,156.996189,-0.002106999999995196,-0.005244000000004689,0.0038110000000131095,0.00681635577124088,0.0
1157.0,185.0,16.0,158.0,185.0,16.0,158.0,185.011391,16.001102999999997,158.009947,-0.01139100000000326,-0.0011029999999969675,-0.00994700000001103,0.015162925146563476,0.0
1158.0,186.0,16.0,159.0,186.0,16.0,159.0,186.011479,16.001027999999998,159.009873,-0.011479000000008455,-0.0010279999999980305,-0.00987299999999891,0.015175650035506505,0.0
1159.0,77.0,120.0,159.0,77.0,120.0,159.0,76.987178,119.997019,159.005617,0.012821999999999889,0.0029810000000054515,-0.005617000000000871,0.014312258172630883,0.0
1160.0,59.0,37.0,160.0,59.0,37.0,160.0,58.996379000000005,36.99452599999999,160.015723,0.0036209999999954334,0.00547400000000664,-0.01572300000000837,0.01703787093507586,0.0
1161.0,76.0,120.0,160.0,76.0,120.0,160.0,75.987072,119.996838,160.005671,0.012928000000002271,0.003162000000003218,-0.005671000000006643,0.014466916361137725,0.0
1162.0,182.0,30.0,161.0,182.0,30.0,161.0,182.009225,30.000798,161.008597,-0.009224999999986494,-0.0007979999999996323,-0.008597000000008848,0.012635103402817975,0.0
1163.0,60.0,38.0,161.0,60.0,38.0,161.0,59.996335,37.99446799999999,161.015541,0.003664999999998031,0.005532000000009418,-0.015541000000013128,0.016898459397249734,0.0
1164.0,127.0,241.0,161.0,126.0,241.0,161.0,125.975941,241.00141699999998,160.989393,1.024058999999994,-0.0014169999999751326,0.01060699999999315,1.0241149114327883,1.0
1165.0,61.0,38.0,162.0,61.0,38.0,162.0,60.99642300000001,37.994392999999995,162.015467,0.003576999999992836,0.005607000000004803,-0.015467000000001008,0.01683631393743992,0.0
1166.0,242.0,245.0,165.0,242.0,245.0,165.0,241.986629,245.00712099999998,164.981497,0.013371000000006461,-0.007120999999983724,0.018503000000009706,0.023913454183791604,0.0
1167.0,146.0,192.0,166.0,146.0,192.0,166.0,145.984304,192.00100399999997,165.993355,0.015695999999991272,-0.0010039999999662541,0.006644999999991796,0.01707420443240473,0.0
1168.0,152.0,4.0,168.0,151.0,5.0,167.0,151.00946399999998,4.997962,167.013221,0.9905360000000201,-0.9979620000000002,0.9867790000000127,1.7177958305867043,1.7320508075688772
1169.0,225.0,105.0,168.0,225.0,105.0,168.0,225.00343300000003,105.003456,167.997675,-0.0034330000000295513,-0.0034559999999999036,0.002325000000013233,0.0053976893204651715,0.0
1170.0,203.0,14.0,169.0,203.0,14.0,169.0,203.013302,14.000615,169.008901,-0.013302000000010139,-0.0006149999999998101,-0.008901000000008708,0.016017154241638073,0.0
1171.0,42.0,12.0,170.0,42.0,12.0,170.0,41.99794,11.991919999999999,170.019411,0.002060000000000173,0.00808000000000142,-0.019410999999990963,0.02112621407161427,0.0
1172.0,103.0,162.0,171.0,103.0,162.0,171.0,102.984048,161.99757499999998,170.999297,0.015951999999998634,0.002425000000016553,0.0007029999999872416,0.01615057701755633,0.0
1173.0,225.0,72.0,173.0,225.0,72.0,173.0,225.00774400000003,72.002255,173.001189,-0.007744000000030837,-0.002255000000005225,-0.0011890000000107648,0.008152808227876255,0.0
1174.0,63.0,42.0,174.0,63.0,42.0,174.0,62.99598100000001,41.993030999999995,174.014787,0.004018999999992445,0.00696900000000511,-0.01478700000001254,0.016833736691548355,0.0
1175.0,76.0,121.0,174.0,76.0,120.0,174.0,75.986946,119.995046,174.005531,0.01305399999999679,1.004953999999998,-0.005530999999990627,1.005053999043333,1.0
1176.0,88.0,59.0,175.0,88.0,59.0,175.0,87.99615299999999,58.994516999999995,175.011341,0.0038470000000074833,0.005483000000005234,-0.011340999999987389,0.013171217825236545,0.0
1177.0,97.0,93.0,175.0,97.0,93.0,175.0,96.992538,92.995572,175.007093,0.0074620000000038544,0.004428000000004317,-0.0070929999999975735,0.011207108324633137,0.0
1178.0,215.0,29.0,178.0,215.0,29.0,178.0,215.01240500000003,29.000353999999998,178.006423,-0.012405000000029531,-0.00035399999999796705,-0.00642300000001228,0.01397369922393097,0.0
1179.0,137.0,37.0,179.0,137.0,37.0,179.0,137.00377400000002,36.996227999999995,179.010541,-0.0037740000000212603,0.0037720000000049936,-0.010540999999989253,0.011814556318371484,0.0
1180.0,45.0,158.0,180.0,45.0,158.0,180.0,44.978868999999996,157.99328099999997,180.003351,0.021131000000004008,0.006719000000032338,-0.0033510000000092077,0.02242528311974379,0.0
1181.0,61.0,3.0,181.0,61.0,2.0,181.0,61.001004,1.9913489999999996,181.01916500000002,-0.0010040000000017812,1.0086510000000004,-0.019165000000015198,1.0088335566593736,1.0
1182.0,230.0,22.0,182.0,230.0,22.0,182.0,230.014748,22.000518,182.006179,-0.014747999999997319,-0.0005179999999995744,-0.006179000000003043,0.01599849583554523,0.0
1183.0,96.0,155.0,183.0,97.0,154.0,185.0,96.98439599999999,153.99532899999997,185.000405,-0.9843959999999896,1.0046710000000303,-2.0004050000000007,2.4454078324651785,2.449489742783178
1184.0,15.0,22.0,184.0,15.0,22.0,184.0,14.993875000000001,21.988867,184.01991900000002,0.006124999999999048,0.011133000000000948,-0.019919000000015785,0.023626804163928695,0.0
1185.0,244.0,105.0,184.0,244.0,105.0,184.0,244.00513200000003,105.002415,183.996299,-0.005132000000031667,-0.002414999999999168,0.0037010000000066157,0.0067725216869619536,0.0
1186.0,61.0,240.0,184.0,61.0,240.0,184.0,60.969561000000006,239.99501099999998,183.99343100000002,0.03043899999999411,0.004989000000023225,0.006568999999984726,0.031536876874536456,0.0
1187.0,132.0,48.0,185.0,132.0,48.0,185.0,132.001783,47.99538199999999,185.009613,-0.0017829999999889878,0.0046180000000077825,-0.009613000000001648,0.01081271390540156,0.0
1188.0,147.0,208.0,185.0,147.0,208.0,185.0,146.982118,207.99889699999997,184.991373,0.017881999999985965,0.001103000000028942,0.008626999999989948,0.019884860120186625,0.0
1189.0,61.0,230.0,185.0,61.0,230.0,185.0,60.970872,229.99471299999996,184.994501,0.029128000000000043,0.005287000000038233,0.005498999999986154,0.030110326368212193,0.0
1190.0,131.0,49.0,186.0,131.0,49.0,186.0,131.001545,48.995217999999994,186.009559,-0.0015449999999930242,0.004782000000005837,-0.009558999999995876,0.010799492117685694,0.0
1191.0,66.0,50.0,186.0,66.0,50.0,186.0,65.99510799999999,49.99178999999999,186.013611,0.004892000000012331,0.008210000000012485,-0.013610999999997375,0.01663114803614754,0.0
1192.0,148.0,208.0,186.0,148.0,208.0,186.0,147.982206,207.99882199999996,185.991299,0.01779400000000919,0.0011780000000385371,0.008701000000002068,0.019842417216671307,0.0
1193.0,59.0,227.0,186.0,59.0,227.0,186.0,58.971065,226.99442799999997,185.994943,0.028934999999997046,0.00557200000002922,0.00505699999999365,0.029897402194841115,0.0
1194.0,60.0,228.0,186.0,60.0,228.0,186.0,59.97103,227.99449799999996,185.99477100000001,0.02897000000000105,0.005502000000035423,0.005228999999985717,0.029947877136790535,0.0
1195.0,66.0,51.0,187.0,66.0,51.0,187.0,65.99496699999999,50.991679,187.013493,0.0050330000000116115,0.008321000000002243,-0.01349300000001108,0.016632233133300325,0.0
1196.0,186.0,164.0,187.0,186.0,164.0,187.0,185.991691,163.99996,186.993609,0.008308999999997013,4.0000000012696546e-05,0.006391000000007807,0.010482650523605716,0.0
1197.0,184.0,162.0,188.0,184.0,162.0,188.0,183.99175200000002,161.99969199999998,187.993943,0.008247999999980493,0.0003080000000181826,0.006056999999998425,0.010237754490105257,0.0
1198.0,161.0,123.0,189.0,161.0,123.0,190.0,160.994651,122.997554,189.999607,0.005348999999995385,0.0024460000000061655,-0.9996069999999975,0.9996243040092587,1.0
1199.0,41.0,72.0,190.0,41.0,72.0,190.0,40.989743,71.990327,190.012795,0.010257000000002847,0.009673000000006482,-0.012795000000011214,0.019039038920083934,0.0
1200.0,194.0,88.0,191.0,194.0,88.0,191.0,194.002463,87.99857999999999,191.001265,-0.002463000000005877,0.0014200000000101909,-0.0012649999999894135,0.003111750954050004,0.0
1201.0,149.0,106.0,191.0,149.0,106.0,191.0,148.995722,105.996501,191.002201,0.004277999999999338,0.003499000000005026,-0.0022010000000136642,0.005948839046409783,0.0
1202.0,50.0,207.0,191.0,50.0,207.0,191.0,49.972787,206.99297099999998,190.997629,0.027213000000003262,0.007029000000017049,0.002371000000010781,0.028205954176387445,0.0
1203.0,103.0,230.0,192.0,104.0,230.0,192.0,103.97497999999999,229.99609599999997,191.991679,-0.974979999999988,0.0039040000000341024,0.008320999999995138,0.9750233231348759,1.0
1204.0,137.0,241.0,192.0,137.0,241.0,192.0,136.976729,240.99803199999997,191.988379,0.023270999999994046,0.0019680000000334985,0.011620999999991,0.026085630258815783,0.0
1205.0,191.0,87.0,193.0,191.0,87.0,193.0,191.00228600000003,86.998148,193.001545,-0.0022860000000264336,0.0018519999999995207,-0.0015449999999930242,0.0033230595841930856,0.0
1206.0,169.0,198.0,193.0,169.0,198.0,193.0,168.9855,197.99886899999996,192.990965,0.014499999999998181,0.0011310000000435139,0.00903500000001145,0.017121927052766363,0.0
1207.0,244.0,187.0,194.0,244.0,187.0,194.0,243.99421800000002,187.00252899999998,193.987343,0.00578199999998219,-0.0025289999999813517,0.012656999999990148,0.014143090680592073,0.0
1208.0,39.0,200.0,194.0,40.0,201.0,194.0,39.972582,200.99195499999996,193.998887,-0.9725820000000027,-0.9919549999999617,0.0011130000000036944,1.3892054230810968,1.4142135623730951
1209.0,105.0,225.0,194.0,105.0,225.0,194.0,104.975719,224.99580799999998,193.992135,0.024281000000001995,0.004192000000017515,0.007865000000009559,0.025864996617057465,0.0
1210.0,101.0,228.0,194.0,101.0,228.0,194.0,100.974935,227.99564699999996,193.992067,0.025064999999997895,0.004353000000037355,0.007933000000008406,0.02664836435881859,0.0
1211.0,157.0,144.0,195.0,157.0,144.0,195.0,156.991446,143.99705899999998,194.997545,0.008554000000003725,0.0029410000000211767,0.0024549999999976535,0.009372695556784973,0.0
1212.0,104.0,224.0,195.0,104.0,224.0,195.0,103.97574499999999,223.99560999999997,194.992297,0.024255000000010796,0.004390000000029204,0.007702999999992244,0.025824665225335657,0.0
1213.0,105.0,242.0,195.0,105.0,242.0,195.0,104.973466,241.99596899999997,194.990289,0.02653399999999806,0.004031000000026097,0.009711000000010017,0.02854129706233236,0.0
1214.0,138.0,105.0,196.0,138.0,105.0,196.0,137.994742,104.995261,196.002963,0.0052579999999977645,0.004739000000000715,-0.0029629999999940537,0.007673594594448422,0.0
1215.0,2.0,213.0,197.0,1.0,213.0,197.0,0.9671879999999999,212.98970799999998,197.000057,1.032812,0.010292000000021062,-5.699999999819738e-05,1.032863280331429,1.0
1216.0,25.0,172.0,198.0,27.0,172.0,197.0,26.975122,171.99038899999996,197.002821,-1.975121999999999,0.00961100000003512,0.9971789999999885,2.2125924261476566,2.23606797749979
1217.0,17.0,218.0,198.0,17.0,218.0,198.0,16.968071000000002,217.990513,197.998483,0.0319289999999981,0.009487000000007129,0.001517000000006874,0.03334314770683828,0.0
1218.0,36.0,160.0,199.0,36.0,160.0,199.0,35.977561,159.99040599999998,199.003521,0.022438999999998543,0.009594000000021197,-0.0035210000000063246,0.024656662345102304,0.0
1219.0,14.0,230.0,200.0,14.0,230.0,200.0,13.966178000000001,229.99030199999999,199.997359,0.03382199999999891,0.009698000000014417,0.0026410000000112177,0.03528390240605856,0.0
1220.0,106.0,210.0,201.0,106.0,210.0,201.0,105.977733,209.99471,200.993621,0.02226699999999937,0.005290000000002237,0.0063790000000096825,0.023759104149780545,0.0
1221.0,13.0,229.0,201.0,14.0,229.0,201.0,13.966301000000001,228.99015699999998,200.997457,-0.9663010000000014,0.00984300000001781,0.0025430000000028485,0.9663544764210507,1.0
1222.0,199.0,198.0,202.0,199.0,198.0,202.0,198.98832900000002,197.99930699999996,201.988955,0.011670999999978449,0.0006930000000409109,0.011044999999995753,0.016083672310746068,0.0
1223.0,177.0,66.0,203.0,177.0,66.0,203.0,177.00361,65.99576900000001,203.00460900000002,-0.003610000000008995,0.004230999999990104,-0.0046090000000162945,0.007223319320100102,0.0
1224.0,198.0,198.0,203.0,198.0,198.0,203.0,197.988223,197.999126,202.989009,0.011776999999995041,0.0008740000000102555,0.010990999999989981,0.01613268998027548,0.0
1225.0,209.0,201.0,203.0,209.0,202.0,203.0,208.988762,201.999777,202.987873,0.011237999999991644,-0.9997769999999946,0.01212699999999245,0.9999136995271086,1.0
1226.0,176.0,68.0,204.0,176.0,68.0,204.0,176.00324000000003,67.995622,204.004447,-0.0032400000000336604,0.0043780000000026575,-0.0044469999999989795,0.00703137916771897,0.0
1227.0,196.0,70.0,204.0,196.0,70.0,204.0,196.004916,69.996716,204.002951,-0.00491600000000858,0.0032839999999936254,-0.002950999999995929,0.006607579965465304,0.0
1228.0,216.0,169.0,204.0,216.0,169.0,204.0,215.993788,168.99945899999997,203.990979,0.006212000000004991,0.0005410000000267701,0.009020999999989954,0.010966315060215519,0.0
1229.0,8.0,174.0,204.0,8.0,174.0,204.0,7.972952,173.98851999999997,204.003751,0.02704799999999974,0.011480000000034352,-0.0037509999999940646,0.029621861943516143,0.0
1230.0,195.0,197.0,204.0,195.0,197.0,204.0,194.988055,196.99882199999996,203.989299,0.011944999999997208,0.0011780000000385371,0.010701000000011618,0.016080488487613575,0.0
1231.0,10.0,238.0,204.0,10.0,238.0,204.0,9.964698,237.98971399999996,203.996711,0.03530199999999972,0.01028600000003621,0.0032889999999952124,0.03691680540080213,0.0
1232.0,177.0,97.0,205.0,177.0,97.0,205.0,176.9995,96.99604,205.001241,0.0004999999999881766,0.003960000000006403,-0.0012409999999931642,0.0041799139943331275,0.0
1233.0,175.0,71.0,206.0,175.0,71.0,206.0,175.002729,70.995364,206.004167,-0.002728999999987991,0.0046360000000049695,-0.004166999999995369,0.006804691469856803,0.0
1234.0,106.0,23.0,207.0,106.0,24.0,207.0,106.002231,23.990779999999997,207.01364900000002,-0.002230999999994765,-0.9907799999999973,-0.013649000000015121,0.9908765215514974,1.0
1235.0,198.0,202.0,207.0,198.0,202.0,207.0,197.987659,201.99868199999997,206.988537,0.012340999999992164,0.0013180000000261316,0.011462999999992007,0.01689490378781993,0.0
1236.0,197.0,202.0,208.0,197.0,202.0,208.0,196.98755300000002,201.99850099999998,207.988591,0.012446999999980335,0.0014990000000238979,0.011408999999986236,0.016951108842765066,0.0
1237.0,198.0,203.0,208.0,198.0,203.0,208.0,197.98751800000002,202.99857099999997,207.988419,0.012481999999977234,0.0014290000000301006,0.011581000000006725,0.017086893398147993,0.0
1238.0,151.0,57.0,209.0,150.0,57.0,210.0,150.00211600000003,56.993289,210.007239,0.9978839999999707,0.006711000000002798,-1.0072389999999984,1.4178673838190716,1.4142135623730951
1239.0,81.0,95.0,209.0,81.0,95.0,209.0,80.990416,94.990406,209.007561,0.009584000000003812,0.009594000000006986,-0.007561000000009699,0.015526320008306983,0.0
1240.0,6.0,172.0,209.0,6.0,172.0,209.0,5.972976999999999,171.98774,209.004045,0.027023000000000685,0.012259999999997717,-0.0040449999999907504,0.029948491681550612,0.0
1241.0,211.0,219.0,209.0,211.0,219.0,209.0,210.986658,218.999404,208.985849,0.013341999999994414,0.0005960000000015953,0.014150999999998248,0.01945803127245414,0.0
1242.0,110.0,196.0,210.0,110.0,196.0,210.0,109.97988799999999,195.99353199999996,209.994787,0.020112000000011676,0.0064680000000407745,0.005212999999997692,0.021760122632948856,0.0
1243.0,199.0,206.0,210.0,199.0,206.0,210.0,198.987201,205.99841899999998,209.988011,0.012799000000001115,0.0015810000000158198,0.011988999999999805,0.01760823906584852,0.0
1244.0,188.0,204.0,211.0,188.0,204.0,211.0,187.986389,203.997674,210.988921,0.013610999999997375,0.0023260000000107084,0.011078999999995176,0.017703497902953287,0.0
1245.0,197.0,207.0,212.0,197.0,207.0,212.0,196.98685700000004,206.99807399999997,211.988011,0.013142999999956828,0.0019260000000258515,0.011988999999999805,0.017893687322599557,0.0
1246.0,174.0,146.0,213.0,174.0,146.0,213.0,173.992669,145.99568999999997,212.996061,0.007330999999993537,0.0043100000000322325,0.003939000000002579,0.009372053243564262,0.0
1247.0,172.0,188.0,213.0,172.0,188.0,213.0,171.98693100000003,187.99629799999997,212.991653,0.01306899999997313,0.0037020000000325126,0.008346999999986338,0.015942897289994387,0.0
1248.0,6.0,210.0,214.0,6.0,210.0,214.0,5.967915999999999,209.987746,213.999891,0.03208400000000111,0.012254000000012866,0.00010900000000901855,0.03434465683334729,0.0
1249.0,13.0,21.0,215.0,13.0,21.0,215.0,12.993534,20.984776,215.019845,0.006465999999999639,0.015223999999999904,-0.019845000000003665,0.025834150982761903,0.0
1250.0,130.0,48.0,215.0,130.0,48.0,215.0,130.001319,47.99143599999999,215.009441,-0.0013189999999951851,0.0085640000000069,-0.00944100000000958,0.012814614235328599,0.0
1251.0,170.0,173.0,215.0,170.0,173.0,215.0,169.988699,172.99568099999996,214.993381,0.011301000000003114,0.004319000000037931,0.006619000000000597,0.013790486684682522,0.0
1252.0,199.0,65.0,217.0,199.0,65.0,217.0,199.00575000000003,64.995126,217.003169,-0.005750000000034561,0.004874000000000933,-0.003169000000013966,0.00817685373481115,0.0
1253.0,185.0,210.0,217.0,185.0,211.0,218.0,184.98511100000002,210.99673799999997,217.988287,0.014888999999982389,-0.996737999999965,-0.9882870000000139,1.4037163236686954,1.4142135623730951
1254.0,8.0,174.0,218.0,8.0,174.0,218.0,7.972826,173.98672799999997,218.003611,0.027173999999999587,0.013272000000029038,-0.00361100000000647,0.030456716517063935,0.0
1255.0,201.0,65.0,220.0,201.0,65.0,220.0,201.005917,64.994848,220.00301100000001,-0.00591700000001083,0.0051519999999953825,-0.003011000000014974,0.00840357745250026,0.0
1256.0,52.0,80.0,223.0,52.0,80.0,223.0,51.989457,79.986822,223.010897,0.010542999999998415,0.01317799999999636,-0.010896999999999935,0.020088781496145285,0.0
1257.0,125.0,20.0,224.0,125.0,20.0,224.0,125.004449,19.989542999999998,224.012695,-0.00444899999999393,0.010457000000002381,-0.012695000000007894,0.017038353060087594,0.0
1258.0,84.0,74.0,224.0,84.0,74.0,224.0,83.99334400000001,73.988288,224.009487,0.006655999999992446,0.011712000000002831,-0.009487000000007129,0.01647654238607424,0.0
1259.0,83.0,75.0,224.0,82.0,75.0,224.0,81.99301799999999,74.988199,224.009507,1.0069820000000078,0.011801000000005502,-0.009507000000013477,1.0070960207318942,1.0
1260.0,152.0,150.0,224.0,152.0,150.0,224.0,151.989908,149.99318399999999,223.996927,0.010091999999986001,0.00681600000001481,0.0030730000000005475,0.012559842713980248,0.0
1261.0,151.0,150.0,225.0,151.0,150.0,225.0,150.989802,149.993003,224.996981,0.010198000000002594,0.0069970000000125765,0.003018999999994776,0.012730733443136627,0.0
1262.0,145.0,64.0,226.0,144.0,62.0,224.0,144.00074800000002,61.991263999999994,224.006943,0.9992519999999843,2.008736000000006,1.9930569999999932,3.000966691326141,3.0
1263.0,44.0,23.0,228.0,44.0,24.0,228.0,43.996028,23.984806,228.017407,0.003971999999997422,-0.984805999999999,-0.017406999999991513,0.9849678360581109,1.0
1264.0,12.0,52.0,228.0,13.0,52.0,229.0,12.989316,51.98351099999999,229.016357,-0.9893160000000005,0.01648900000000708,-1.0163569999999993,1.4184497123359712,1.4142135623730951
1265.0,92.0,69.0,229.0,93.0,69.0,229.0,92.994832,68.98804,229.009401,-0.9948320000000024,0.011960000000001969,-0.009400999999996884,0.9949483044987839,1.0
1266.0,154.0,157.0,229.0,154.0,157.0,229.0,153.989133,156.99276899999998,228.995993,0.010866999999990412,0.007231000000018639,0.004007000000001426,0.013654123882551843,0.0
1267.0,155.0,158.0,229.0,155.0,158.0,229.0,154.989098,157.99283899999998,228.995821,0.01090199999998731,0.007161000000024842,0.0041789999999934935,0.013696626080901265,0.0
1268.0,177.0,233.0,229.0,177.0,233.0,229.0,176.981332,232.99527999999998,228.986313,0.018667999999991025,0.0047200000000202635,0.013687000000004446,0.023624279735051774,0.0
1269.0,154.0,158.0,230.0,154.0,158.0,230.0,153.988992,157.99265799999998,229.995875,0.011008000000003904,0.007342000000022608,0.004124999999987722,0.013859893686472368,0.0
1270.0,25.0,81.0,231.0,25.0,81.0,231.0,24.986634000000002,80.984384,231.012437,0.013365999999997769,0.015615999999994301,-0.012437000000005582,0.024024745180748562,0.0
1271.0,203.0,98.0,233.0,203.0,98.0,233.0,203.001638,97.99385099999999,232.999189,-0.0016380000000140171,0.006149000000007732,0.0008109999999987849,0.006414901869876034,0.0
1272.0,234.0,45.0,235.0,234.0,45.0,235.0,234.011623,44.994336999999994,235.00290900000002,-0.01162299999998595,0.005663000000005525,-0.0029090000000167038,0.013252395217462885,0.0
1273.0,220.0,74.0,236.0,220.0,74.0,236.0,220.006428,73.99396,236.000663,-0.006427999999999656,0.006039999999998713,-0.0006630000000029668,0.008845357708989726,0.0
1274.0,139.0,153.0,236.0,139.0,153.0,236.0,138.988143,152.99101,235.99731500000001,0.011856999999992013,0.008990000000011378,0.0026849999999853935,0.01512011157366032,0.0
1275.0,112.0,207.0,236.0,112.0,207.0,236.0,111.978396,206.99049699999998,235.993211,0.021603999999996404,0.009503000000023576,0.0067889999999977135,0.024558712221943998,0.0
1276.0,219.0,74.0,237.0,219.0,74.0,237.0,219.006322,73.99377899999999,237.000717,-0.006322000000011485,0.00622100000001069,-0.0007170000000087384,0.008898461327684171,0.0
1277.0,139.0,154.0,237.0,139.0,154.0,237.0,138.98800200000002,153.99089899999998,236.997197,0.011997999999977083,0.009101000000015347,0.002803000000000111,0.015317865843508685,0.0
1278.0,140.0,158.0,240.0,140.0,158.0,240.0,139.98754399999999,157.99063599999997,239.996671,0.012456000000014456,0.009364000000033457,0.003329000000007909,0.01593482579136149,0.0
1279.0,155.0,213.0,240.0,155.0,213.0,240.0,154.981739,212.99236599999998,239.989771,0.01826099999999542,0.0076340000000243435,0.010229000000009592,0.02227946404203657,0.0
1280.0,112.0,57.0,241.0,112.0,57.0,241.0,111.998151,56.987306999999994,241.009361,0.001849000000007095,0.012693000000005839,-0.00936100000001261,0.015879526787672564,0.0
1281.0,139.0,158.0,241.0,139.0,158.0,241.0,138.987438,157.990455,240.996725,0.012562000000002627,0.009545000000002801,0.0032750000000021373,0.016113239711496054,0.0
1282.0,110.0,59.0,242.0,110.0,59.0,242.0,109.99768399999999,58.98710699999999,242.009263,0.0023160000000075343,0.012893000000012478,-0.00926300000000424,0.016043580460746137,0.0
1283.0,242.0,74.0,242.0,242.0,74.0,242.0,242.008508,73.994358,241.99919500000001,-0.008508000000006177,0.005641999999994596,0.0008049999999855117,0.010240422501050473,0.0
1284.0,97.0,186.0,242.0,97.0,186.0,242.0,96.979659,185.98857699999996,241.996379,0.02034100000000194,0.011423000000036154,0.0036210000000096443,0.02360832164727037,0.0
1285.0,118.0,206.0,242.0,118.0,206.0,242.0,117.979056,205.99002999999996,241.992875,0.020944000000000074,0.009970000000038226,0.007125000000002046,0.02426556533445686,0.0
1286.0,138.0,13.0,243.0,138.0,13.0,243.0,138.00646300000002,12.987681,243.012429,-0.0064630000000249765,0.012318999999999747,-0.012428999999997359,0.01865497711068687,0.0
1287.0,81.0,151.0,243.0,81.0,151.0,243.0,80.98271799999999,150.98700599999998,243.001173,0.01728200000000868,0.012994000000020378,-0.0011729999999943175,0.021653810034283023,0.0
1288.0,120.0,205.0,244.0,120.0,205.0,244.0,119.97936399999999,204.98986299999999,243.992835,0.020636000000010313,0.010137000000014496,0.007164999999986321,0.024081953616775436,0.0
1289.0,137.0,16.0,245.0,137.0,16.0,245.0,137.005952,15.987423,245.012149,-0.005952000000007729,0.012577000000000282,-0.012148999999993748,0.01847174691251337,0.0
1290.0,225.0,131.0,245.0,225.0,131.0,245.0,224.999308,130.99404199999998,244.994097,0.0006919999999865922,0.005958000000021002,0.0059029999999893334,0.008415582986347753,0.0
1291.0,121.0,205.0,245.0,121.0,205.0,245.0,120.97945199999998,204.98978799999998,244.992761,0.02054800000001933,0.01021200000002409,0.007238999999998441,0.024060514728518667,0.0
1292.0,144.0,241.0,245.0,144.0,241.0,245.0,143.976931,240.99161899999996,244.987401,0.023068999999992457,0.008381000000042604,0.012598999999994476,0.027589032657928166,0.0
1293.0,98.0,60.0,4.0,98.0,60.0,4.0,97.99853,60.01695199999999,4.012303,0.0014699999999976399,-0.016951999999989198,-0.012303000000000175,0.020997500160724637,0.0
1294.0,112.0,66.0,6.0,112.0,66.0,6.0,111.99907799999998,66.01754000000001,6.010739000000001,0.0009220000000169648,-0.01754000000001099,-0.010739000000000942,0.020587078593147623,0.0
1295.0,238.0,106.0,10.0,238.0,106.0,10.0,238.005984,106.024386,9.998315000000002,-0.005984000000012202,-0.024386000000006902,0.0016849999999983822,0.025165938826129202,0.0
1296.0,138.0,162.0,10.0,138.0,162.0,10.0,137.988892,162.02003799999997,9.998667000000001,0.011108000000007223,-0.020037999999971134,0.0013329999999989184,0.022949640454678167,0.0
1297.0,140.0,164.0,10.0,140.0,164.0,10.0,139.988822,164.02017799999996,9.998323000000001,0.01117800000000102,-0.02017799999995873,0.0016769999999990404,0.02312815809783291,0.0
1298.0,160.0,242.0,14.0,160.0,242.0,14.0,159.98043,242.02205199999997,13.988579000000001,0.01956999999998743,-0.02205199999997376,0.011420999999998571,0.0316182675837611,0.0
1299.0,126.0,136.0,16.0,126.0,136.0,16.0,125.991106,136.01819199999997,16.002183,0.008893999999997959,-0.018191999999970676,-0.0021829999999987137,0.020367071193445833,0.0
1300.0,44.0,228.0,16.0,44.0,228.0,16.0,43.971008000000005,228.01540999999997,15.997495,0.028991999999995244,-0.015409999999974389,0.0025049999999993133,0.03292839487431678,0.0
1301.0,46.0,144.0,18.0,46.0,144.0,18.0,45.982272,144.01383199999998,18.006419,0.01772799999999819,-0.013831999999979416,-0.006419000000001063,0.023383963928285983,0.0
1302.0,140.0,104.0,20.0,140.0,104.0,20.0,139.996652,104.017878,20.004703000000003,0.0033479999999883603,-0.017877999999996064,-0.004703000000002788,0.01878696880818743,0.0
1303.0,140.0,120.0,26.0,140.0,120.0,26.0,139.994486,120.017382,26.002915,0.005514000000005126,-0.017381999999997788,-0.0029150000000015552,0.018467142307351962,0.0
1304.0,40.0,140.0,26.0,40.0,140.0,26.0,39.98214600000001,140.01242199999996,26.007155,0.01785399999999271,-0.012421999999958189,-0.007155000000000911,0.022896843122987804,0.0
1305.0,38.0,42.0,28.0,38.0,42.0,28.0,37.99487,42.010394,28.017847000000003,0.005130000000001189,-0.010393999999998016,-0.017847000000003277,0.02128068478691623,0.0
1306.0,226.0,142.0,30.0,224.0,144.0,28.0,223.999448,144.021986,27.994927,2.000551999999999,-2.0219859999999983,2.0050729999999994,3.480079514067026,3.4641016151377544
1307.0,224.0,6.0,32.0,224.0,6.0,32.0,224.017628,6.019128,32.009791,-0.017628000000001975,-0.019128000000000256,-0.009790999999999883,0.02779371240047067,0.0
1308.0,244.0,110.0,32.0,244.0,110.0,32.0,244.00584,110.02195599999999,31.997279000000002,-0.005840000000006285,-0.021955999999988762,0.002720999999997531,0.02288176953383559,0.0
1309.0,38.0,124.0,32.0,38.0,124.0,32.0,37.984010000000005,124.011276,32.008951,0.015989999999995064,-0.011275999999995179,-0.008951000000003262,0.02151624216725104,0.0
1310.0,46.0,178.0,34.0,46.0,178.0,34.0,45.97764,178.01236199999997,34.002587,0.022359999999999047,-0.012361999999967566,-0.0025869999999983406,0.02568036629409999,0.0
1311.0,76.0,212.0,36.0,76.0,212.0,36.0,75.97604399999999,212.01427399999997,35.996975,0.023956000000012523,-0.01427399999997192,0.0030250000000009436,0.028049735061133896,0.0
1312.0,78.0,226.0,36.0,78.0,226.0,36.0,77.97438999999999,226.01461799999998,35.995335000000004,0.025610000000014566,-0.014617999999984477,0.0046649999999957,0.029854987003853344,0.0
1313.0,88.0,222.0,38.0,88.0,222.0,38.0,87.97587,222.01482399999998,37.995107000000004,0.02412999999999954,-0.014823999999975968,0.004892999999995595,0.028739334108486617,0.0
1314.0,244.0,96.0,42.0,244.0,96.0,42.0,244.007598,96.020438,41.998691,-0.007598000000001548,-0.020437999999998624,0.0013089999999991164,0.02184387623568594,0.0
1315.0,124.0,150.0,42.0,124.0,150.0,42.0,123.98883,150.01499599999997,42.000539,0.011170000000007008,-0.014995999999968035,-0.0005390000000033979,0.018706668249562814,0.0
1316.0,42.0,200.0,42.0,42.0,200.0,42.0,41.974276,200.01149999999996,42.000387,0.02572399999999675,-0.011499999999955435,-0.0003870000000034679,0.028180204843095275,0.0
1317.0,206.0,22.0,44.0,206.0,22.0,44.0,206.013662,22.01691,44.009095,-0.013662000000010721,-0.016909999999999314,-0.009095000000002074,0.023565172798015028,0.0
1318.0,86.0,48.0,44.0,86.0,48.0,44.0,85.99859,48.010991999999995,44.013967,0.0014100000000070168,-0.010991999999994562,-0.013967000000000951,0.01782944903803611,0.0
1319.0,106.0,136.0,44.0,106.0,136.0,44.0,105.98891400000001,136.013548,44.003183,0.011085999999991714,-0.013547999999985905,-0.003182999999999936,0.017792672340023404,0.0
1320.0,44.0,140.0,46.0,44.0,140.0,46.0,43.98235400000001,140.01007399999997,46.006699000000005,0.017645999999992057,-0.010073999999974603,-0.0066990000000046734,0.021394938490196008,0.0
1321.0,118.0,184.0,48.0,118.0,184.0,48.0,117.983706,184.01448799999997,47.997191,0.01629400000000203,-0.014487999999971635,0.0028089999999991733,0.02198379086962118,0.0
1322.0,24.0,64.0,50.0,24.0,64.0,50.0,23.990409999999997,64.00721,50.016147000000004,0.009590000000002874,-0.007210000000000605,-0.016147000000003686,0.02011660530507528,0.0
1323.0,30.0,50.0,52.0,30.0,50.0,52.0,29.992822,50.007034,52.017255000000006,0.007177999999999685,-0.00703399999999732,-0.017255000000005793,0.019968371616137296,0.0
1324.0,222.0,100.0,52.0,222.0,100.0,52.0,222.004846,100.01805999999999,51.999567000000006,-0.004845999999986361,-0.018059999999991305,0.0004329999999939105,0.01870387139069205,0.0
1325.0,134.0,56.0,56.0,134.0,56.0,56.0,134.002082,56.01213599999999,56.009911,-0.0020820000000014716,-0.012135999999991043,-0.009911000000002446,0.015806490470684414,0.0
1326.0,194.0,58.0,56.0,194.0,58.0,56.0,194.00763800000001,58.01534999999999,56.005855000000004,-0.0076380000000142445,-0.015349999999990871,-0.00585500000000394,0.018117465854803852,0.0
1327.0,52.0,130.0,56.0,52.0,130.0,56.0,51.98436,130.00904799999998,56.007167,0.015639999999997656,-0.009047999999978629,-0.007167000000002588,0.019438153024389355,0.0
1328.0,104.0,202.0,56.0,104.0,202.0,56.0,103.97989999999999,202.01302799999996,55.996063,0.02010000000001355,-0.013027999999962958,0.003937000000000523,0.02427424052364118,0.0
1329.0,240.0,174.0,58.0,240.0,174.0,58.0,239.99677000000003,174.01950399999998,57.990363,0.003229999999973643,-0.019503999999983535,0.009636999999997897,0.021993423676161628,0.0
1330.0,240.0,26.0,60.0,240.0,26.0,60.0,240.016288,26.016731999999998,60.006327000000006,-0.016288000000002967,-0.016731999999997527,-0.006327000000005967,0.024192761252078882,0.0
1331.0,124.0,90.0,60.0,124.0,92.0,60.0,123.99632399999999,92.011706,60.006623000000005,0.003676000000012891,-2.0117060000000038,-0.0066230000000047085,2.0117202607572,2.0
1332.0,238.0,176.0,60.0,238.0,176.0,60.0,237.996294,176.019176,59.990255000000005,0.003705999999993992,-0.019175999999987425,0.00974499999999523,0.021827011636946093,0.0
1333.0,34.0,90.0,62.0,34.0,90.0,62.0,33.987840000000006,90.006646,62.012579,0.012159999999994398,-0.0066460000000034825,-0.012579000000002338,0.018715398927085923,0.0
1334.0,4.0,120.0,62.0,4.0,120.0,62.0,3.9809700000000006,120.005566,62.011259,0.019029999999999436,-0.005566000000001736,-0.011259000000002573,0.022801016139638513,0.0
1335.0,14.0,8.0,64.0,14.0,8.0,64.0,13.996706,8.003936,64.022695,0.003294000000000352,-0.0039359999999994955,-0.0226949999999988,0.02326812319461851,0.0
1336.0,98.0,204.0,64.0,98.0,204.0,64.0,97.978982,204.01171999999997,63.996151000000005,0.021017999999997983,-0.011719999999968422,0.0038489999999953284,0.024370669358865362,0.0
1337.0,68.0,116.0,66.0,68.0,116.0,66.0,67.98767,116.008378,66.007555,0.012330000000005725,-0.008377999999993335,-0.007554999999996426,0.016712205390072715,0.0
1338.0,144.0,236.0,66.0,144.0,236.0,66.0,143.97920200000002,236.014446,65.98973099999999,0.020797999999984995,-0.01444599999999241,0.010269000000008077,0.027325740264434236,0.0
1339.0,246.0,34.0,68.0,246.0,34.0,68.0,246.01574200000002,34.016161999999994,68.004999,-0.015742000000017242,-0.016161999999994237,-0.004998999999997977,0.023108673890994615,0.0
1340.0,104.0,150.0,70.0,104.0,150.0,70.0,103.98663799999999,150.01035199999998,70.001539,0.013362000000014973,-0.010351999999983263,-0.0015389999999939619,0.016972786129567385,0.0
1341.0,218.0,224.0,70.0,218.0,224.0,70.0,217.987928,224.01765199999997,69.986251,0.012071999999989202,-0.017651999999969803,0.01374900000000423,0.025423636423587984,0.0
1342.0,236.0,214.0,72.0,236.0,214.0,72.0,235.99097600000002,214.01817999999997,71.986159,0.00902399999998238,-0.01817999999997255,0.013840999999999326,0.024566608577470866,0.0
1343.0,220.0,36.0,76.0,220.0,36.0,76.0,220.012884,36.01379399999999,76.006367,-0.012884000000013884,-0.013793999999990092,-0.006366999999997347,0.019920104944503948,0.0
1344.0,178.0,134.0,76.0,178.0,134.0,76.0,177.99587400000001,134.01323399999998,75.998471,0.004125999999985197,-0.01323399999998287,0.0015290000000049986,0.013946342638822544,0.0
1345.0,212.0,210.0,82.0,212.0,210.0,82.0,211.98908600000001,210.01556,81.988027,0.010913999999985435,-0.015559999999993579,0.011972999999997569,0.022462896629763137,0.0
1346.0,238.0,44.0,84.0,238.0,44.0,84.0,238.01350200000002,44.013859999999994,84.004271,-0.013502000000016778,-0.013859999999993988,-0.0042710000000028,0.01981527302361263,0.0
1347.0,32.0,70.0,86.0,32.0,70.0,86.0,31.990070000000003,70.00312799999999,86.01462699999999,0.009929999999997108,-0.0031279999999895836,-0.014626999999990176,0.017953785478265857,0.0
1348.0,224.0,26.0,88.0,224.0,26.0,88.0,224.014484,26.0123,88.007071,-0.014484000000010155,-0.012299999999999756,-0.007070999999996275,0.020274991911224907,0.0
1349.0,162.0,142.0,92.0,162.0,142.0,92.0,161.993122,142.010474,91.998471,0.006878000000000384,-0.010473999999987882,0.0015290000000049986,0.012623367260749674,0.0
1350.0,14.0,236.0,92.0,14.0,236.0,92.0,13.966358,236.00422799999998,91.99779099999999,0.033642000000000394,-0.004227999999983467,0.002209000000007677,0.033978520111975455,0.0
1351.0,6.0,154.0,96.0,6.0,154.0,96.0,5.976369999999999,154.00189799999995,96.007119,0.023630000000000706,-0.0018979999999544361,-0.007119000000002984,0.02475195881137295,0.0
1352.0,160.0,222.0,98.0,160.0,222.0,98.0,159.98231400000003,222.01095999999998,97.989899,0.017685999999969226,-0.010959999999982983,0.01010100000000591,0.023128908253496484,0.0
1353.0,158.0,224.0,98.0,158.0,224.0,98.0,157.98185600000002,224.010888,97.989811,0.018143999999978178,-0.010887999999994236,0.010188999999996895,0.02348550618996787,0.0
1354.0,80.0,24.0,100.0,80.0,24.0,100.0,80.000672,24.003098,100.016383,-0.0006719999999944548,-0.0030980000000013774,-0.0163830000000047,0.016686877389138897,0.0
1355.0,174.0,56.0,100.0,174.0,56.0,100.0,174.005566,56.008624,100.006911,-0.005565999999987525,-0.008623999999997523,-0.006911000000002332,0.012373990989161527,0.0
1356.0,150.0,124.0,100.0,152.0,124.0,98.0,151.99447400000003,124.00886999999999,98.000995,-1.9944740000000252,-0.008869999999987499,1.9990049999999968,2.823831829907916,2.8284271247461903
1357.0,244.0,58.0,102.0,244.0,58.0,102.0,244.012074,58.012111999999995,102.002195,-0.012074000000012575,-0.012111999999994794,-0.002195000000000391,0.01724239093049973,0.0
1358.0,242.0,4.0,104.0,242.0,4.0,104.0,242.01899,4.010832,104.008135,-0.018990000000002283,-0.01083199999999973,-0.008134999999995784,0.02332660603259746,0.0
1359.0,70.0,6.0,104.0,70.0,6.0,104.0,70.00204199999999,6.00175,104.018927,-0.002041999999988775,-0.0017500000000003624,-0.018927000000005023,0.01911710210780247,0.0
1360.0,68.0,8.0,104.0,68.0,8.0,104.0,68.001584,8.001677999999998,104.018839,-0.0015839999999940346,-0.001677999999998292,-0.018838999999999828,0.01897979612640686,0.0
1361.0,78.0,26.0,106.0,78.0,26.0,106.0,78.00016,26.002257999999998,106.016235,-0.00015999999999394277,-0.0022579999999976508,-0.01623499999999467,0.016392052617040197,0.0
1362.0,202.0,152.0,108.0,202.0,152.0,108.0,201.99553800000004,152.01071599999997,107.994671,0.004461999999961108,-0.010715999999973747,0.005329000000003248,0.012772640329983652,0.0
1363.0,186.0,14.0,110.0,186.0,14.0,110.0,186.01218400000002,14.007266,110.01057899999999,-0.012184000000019068,-0.007265999999999551,-0.010578999999992789,0.01769632314918287,0.0
1364.0,162.0,48.0,110.0,162.0,48.0,110.0,162.005368,48.00657199999999,110.008443,-0.005368000000004258,-0.0065719999999913625,-0.008442999999999756,0.011970415907558436,0.0
1365.0,178.0,160.0,118.0,178.0,160.0,118.0,177.99206400000003,160.00829999999996,117.995243,0.00793599999997241,-0.008299999999962893,0.004756999999997902,0.012429768501421343,0.0
1366.0,160.0,150.0,126.0,160.0,150.0,126.0,159.991566,150.00615199999996,125.997395,0.008433999999994057,-0.006151999999957525,0.002605000000002633,0.010759437020559712,0.0
1367.0,178.0,154.0,126.0,178.0,154.0,126.0,177.992784,154.00717399999996,125.995811,0.007215999999999667,-0.007173999999963598,0.004188999999996668,0.011003847190843982,0.0
1368.0,180.0,156.0,126.0,180.0,156.0,126.0,179.992714,156.00731399999998,125.995467,0.007285999999993464,-0.007313999999979615,0.004532999999995013,0.011275126651153917,0.0
1369.0,6.0,90.0,128.0,6.0,90.0,128.0,5.9845299999999995,89.996714,128.013711,0.015470000000000539,0.0032860000000027867,-0.013711000000000695,0.020931082556811392,0.0
1370.0,8.0,92.0,128.0,8.0,92.0,128.0,7.9844599999999994,91.996854,128.01336700000002,0.015540000000000553,0.0031460000000009813,-0.01336700000001656,0.020738023170024336,0.0
1371.0,226.0,164.0,128.0,226.0,164.0,128.0,225.996102,164.00963199999998,127.99163899999999,0.0038979999999924075,-0.0096319999999821,0.008361000000007834,0.013337021743992435,0.0
1372.0,114.0,104.0,130.0,114.0,104.0,130.0,113.99314,104.00242,130.005267,0.006860000000003197,-0.002420000000000755,-0.005267000000003463,0.008980940318256435,0.0
1373.0,42.0,76.0,132.0,42.0,76.0,132.0,41.989834,75.997872,132.012879,0.010165999999998121,0.0021279999999990196,-0.012878999999998086,0.016545228345354088,0.0
1374.0,232.0,162.0,132.0,232.0,162.0,132.0,231.99691199999998,162.009404,131.991431,0.0030880000000195196,-0.00940399999998931,0.008568999999994276,0.013091933432454558,0.0
1375.0,218.0,200.0,132.0,218.0,200.0,132.0,217.99053800000002,200.00930799999998,131.988223,0.009461999999984982,-0.009307999999975891,0.011776999999995041,0.01774446496795973,0.0
1376.0,10.0,100.0,134.0,10.0,100.0,134.0,9.983544000000002,99.996328,134.012315,0.016455999999998028,0.0036719999999945685,-0.012315000000000964,0.02087924196420739,0.0
1377.0,8.0,92.0,136.0,8.0,92.0,136.0,7.984388,91.99583,136.013287,0.01561199999999996,0.0041700000000020054,-0.013286999999991167,0.020920511776717624,0.0
1378.0,182.0,174.0,138.0,182.0,174.0,138.0,181.99042400000002,174.00618999999998,137.993275,0.009575999999981377,-0.006189999999975271,0.006724999999988768,0.013237881288151293,0.0
1379.0,178.0,6.0,140.0,178.0,6.0,140.0,178.01219400000002,6.002866,140.011655,-0.012194000000022243,-0.002866000000000035,-0.011654999999990423,0.017109839771322216,0.0
1380.0,88.0,66.0,142.0,88.0,66.0,142.0,87.995526,65.99886000000001,142.010915,0.004474000000001865,0.0011399999999923693,-0.010915000000011332,0.01185130798689523,0.0
1381.0,194.0,120.0,142.0,194.0,120.0,142.0,193.99868,120.005396,141.998299,0.0013199999999926604,-0.005396000000004619,0.001700999999997066,0.005809700250444983,0.0
1382.0,230.0,196.0,142.0,230.0,196.0,142.0,229.99214,196.00859599999995,141.987787,0.00785999999999376,-0.008595999999954529,0.012213000000002694,0.016876853527810983,0.0
1383.0,130.0,246.0,142.0,130.0,246.0,142.0,129.97583999999998,246.00414599999996,141.988787,0.024160000000023274,-0.004145999999963124,0.011212999999997919,0.026956006473525935,0.0
1384.0,168.0,144.0,144.0,168.0,144.0,144.0,167.992972,144.00417,143.997351,0.0070279999999911524,-0.004169999999987795,0.0026489999999910196,0.008590627741889777,0.0
1385.0,132.0,244.0,144.0,132.0,244.0,144.0,131.97628,244.00396199999997,143.988855,0.0237199999999973,-0.003961999999972932,0.011144999999999072,0.02650560071003177,0.0
1386.0,186.0,14.0,148.0,186.0,14.0,148.0,186.01184200000003,14.002402,148.010199,-0.011842000000029884,-0.0024020000000000152,-0.010199000000000069,0.015812089330658023,0.0
1387.0,124.0,74.0,150.0,124.0,74.0,150.0,123.99789,73.99988,150.007667,0.0021100000000018326,0.00011999999999545707,-0.00766699999999787,0.007952948446958145,0.0
1388.0,60.0,120.0,150.0,60.0,120.0,150.0,59.98561,119.99727,150.006795,0.014389999999998793,0.002729999999999677,-0.006795000000010987,0.01614611485776417,0.0
1389.0,98.0,56.0,152.0,98.0,56.0,152.0,97.997726,55.99793999999999,152.011255,0.0022739999999998872,0.0020600000000072782,-0.011255000000005566,0.011665749054396584,0.0
1390.0,178.0,54.0,154.0,178.0,54.0,154.0,178.00573200000002,54.001889999999996,154.006331,-0.005732000000023163,-0.0018899999999959505,-0.006330999999988762,0.008746970046828098,0.0
1391.0,242.0,188.0,156.0,244.0,186.0,156.0,243.99469200000001,186.00737599999997,155.987831,-1.9946920000000148,1.9926240000000348,0.012169000000000096,2.819484822587488,2.8284271247461903
1392.0,202.0,6.0,158.0,202.0,6.0,158.0,202.01436000000004,6.001834000000001,158.009939,-0.014360000000039008,-0.0018340000000005574,-0.009939000000002807,0.017560093308441677,0.0
1393.0,176.0,48.0,158.0,176.0,48.0,158.0,176.00629400000003,48.001169999999995,158.007067,-0.006294000000025335,-0.0011699999999947863,-0.007067000000006374,0.009535503395227586,0.0
1394.0,224.0,114.0,160.0,224.0,114.0,160.0,224.00222,114.00457999999999,159.996847,-0.0022199999999941156,-0.0045799999999900365,0.003152999999997519,0.005987170366698025,0.0
1395.0,212.0,42.0,168.0,212.0,42.0,168.0,212.01048800000004,42.001695999999995,168.005311,-0.0104880000000378,-0.001695999999995479,-0.005311000000006061,0.011877764141489,0.0
1396.0,214.0,70.0,170.0,214.0,72.0,171.0,214.006695,72.00192799999999,171.001913,-0.006695000000007667,-2.0019279999999924,-1.0019130000000018,2.238658124810033,2.23606797749979
1397.0,54.0,48.0,174.0,54.0,48.0,174.0,53.994316000000005,47.99265599999999,174.014715,0.005683999999995137,0.007344000000010453,-0.01471499999999537,0.017400385541704585,0.0
1398.0,228.0,62.0,174.0,228.0,62.0,174.0,228.00934600000002,62.002115999999994,174.002067,-0.009346000000022059,-0.0021159999999937895,-0.002067000000010921,0.009802941446343092,0.0
1399.0,244.0,96.0,176.0,244.0,96.0,176.0,244.006392,96.003286,175.997351,-0.006392000000005282,-0.0032860000000027867,0.0026489999999910196,0.007659808156869091,0.0
1400.0,82.0,102.0,178.0,82.0,102.0,178.0,81.98986799999999,101.994546,178.007051,0.010132000000012908,0.005454000000000292,-0.0070509999999899264,0.013495189550359147,0.0
1401.0,168.0,182.0,178.0,168.0,182.0,178.0,167.98765000000003,182.00046399999997,177.992907,0.012349999999969441,-0.000463999999965381,0.0070929999999975735,0.014249506833542648,0.0
1402.0,150.0,208.0,178.0,150.0,208.0,178.0,149.98247200000003,207.99995199999998,177.991251,0.017527999999970234,4.80000000209202e-05,0.008748999999994567,0.019590254949817868,0.0
1403.0,154.0,208.0,180.0,154.0,208.0,180.0,153.982842,207.99990799999998,179.990975,0.0171579999999949,9.200000002351771e-05,0.009025000000008276,0.019387007324493864,0.0
1404.0,64.0,98.0,182.0,64.0,98.0,182.0,63.988614,97.993012,182.008595,0.011386000000001673,0.006988000000006878,-0.008595000000013897,0.015885438772673958,0.0
1405.0,110.0,156.0,186.0,110.0,156.0,186.0,109.98538400000001,155.99592399999997,185.999347,0.014615999999989526,0.00407600000002617,0.0006529999999997926,0.015187746409520633,0.0
1406.0,188.0,54.0,188.0,188.0,54.0,188.0,188.00639600000002,53.99806799999999,188.005351,-0.006396000000023605,0.001932000000010703,-0.005350999999990336,0.00856006080587281,0.0
1407.0,116.0,244.0,188.0,116.0,244.0,188.0,115.97433199999999,243.99748199999996,187.989439,0.025668000000010238,0.0025180000000375458,0.010560999999995602,0.0278697195716179,0.0
1408.0,2.0,50.0,190.0,2.0,50.0,190.0,1.988864,49.98788599999999,190.017667,0.011136000000000035,0.01211400000001106,-0.017666999999988775,0.02414295717181042,0.0
1409.0,94.0,94.0,190.0,94.0,94.0,190.0,93.99198,93.99351,190.007027,0.008020000000001914,0.006489999999999441,-0.007026999999993677,0.012482757267524455,0.0
1410.0,52.0,218.0,190.0,52.0,218.0,190.0,51.971537999999995,217.993392,189.996323,0.02846200000000465,0.006607999999999947,0.0036770000000103664,0.02944947260988455,0.0
1411.0,234.0,32.0,194.0,234.0,32.0,194.0,234.013708,31.999364,194.004723,-0.013708000000008269,0.0006360000000000809,-0.004723000000012689,0.014512769859690694,0.0
1412.0,168.0,112.0,194.0,168.0,112.0,194.0,167.99674600000003,111.997226,194.000307,0.003253999999969892,0.0027740000000022746,-0.00030699999999228567,0.004286938418010217,0.0
1413.0,166.0,160.0,194.0,166.0,160.0,194.0,165.990216,159.99793599999998,193.995251,0.00978399999999624,0.0020640000000184955,0.004749000000003889,0.011069767522402615,0.0
1414.0,236.0,176.0,194.0,236.0,176.0,194.0,235.99489400000002,176.00191799999996,193.989043,0.005105999999983624,-0.0019179999999607844,0.010956999999990558,0.012239518332004548,0.0
1415.0,118.0,218.0,194.0,118.0,218.0,194.0,117.97790400000001,217.99637799999996,193.992059,0.022095999999990568,0.0036220000000355412,0.007940999999988207,0.02375734793699948,0.0
1416.0,92.0,232.0,196.0,92.0,232.0,196.0,91.973516,231.99498199999996,195.992191,0.0264839999999964,0.005018000000035272,0.007809000000008837,0.028063553962395803,0.0
1417.0,134.0,24.0,200.0,134.0,24.0,200.0,134.00501000000003,23.99316,200.01192700000001,-0.005010000000027048,0.006840000000000401,-0.011927000000014232,0.014633489980200075,0.0
1418.0,104.0,182.0,200.0,104.0,184.0,200.0,103.98097999999999,183.99428999999998,199.996567,0.019020000000011805,-1.9942899999999781,0.0034330000000011296,1.9943836516550453,2.0
1419.0,212.0,194.0,200.0,212.0,194.0,200.0,211.990136,194.000184,199.988575,0.009863999999993212,-0.000183999999990192,0.011425000000002683,0.015095130903702816,0.0
1420.0,46.0,100.0,202.0,46.0,100.0,202.0,45.98642400000001,99.989532,202.009331,0.013575999999993371,0.01046800000000303,-0.009331000000003087,0.01951805218252941,0.0
1421.0,190.0,62.0,204.0,192.0,60.0,204.0,192.005848,59.996334,204.004287,-2.005847999999986,2.0036660000000026,-0.004287000000005037,2.8351581996475885,2.8284271247461903
1422.0,212.0,162.0,204.0,212.0,162.0,204.0,211.994324,161.99912799999996,203.991991,0.005675999999994019,0.0008720000000437267,0.008008999999987054,0.009855021106004848,0.0
1423.0,102.0,16.0,206.0,102.0,16.0,206.0,102.002908,15.99056,206.014779,-0.0029080000000050177,0.009439999999999671,-0.014779000000004316,0.01777607676063958,0.0
1424.0,224.0,98.0,206.0,224.0,98.0,206.0,224.003918,97.99842,205.998115,-0.003917999999998756,0.0015800000000041337,0.001884999999987258,0.004626051123793951,0.0
1425.0,8.0,220.0,206.0,8.0,220.0,206.0,7.966862,219.98904599999997,205.998763,0.03313800000000011,0.010954000000026554,0.0012370000000032633,0.0349234495575766,0.0
1426.0,48.0,182.0,210.0,48.0,182.0,210.0,47.975722,181.99000799999996,210.000267,0.024278000000002464,0.009992000000039525,-0.00026700000000801083,0.026255144962481426,0.0
1427.0,48.0,180.0,212.0,48.0,180.0,212.0,47.975967999999995,179.98971799999995,212.000463,0.024032000000005382,0.01028200000004631,-0.00046299999999632746,0.026143276707429153,0.0
1428.0,234.0,126.0,214.0,234.0,126.0,214.0,234.00112000000001,125.99840199999998,213.994371,-0.0011200000000144428,0.0015980000000155314,0.005628999999998996,0.005957654320290049,0.0
1429.0,8.0,186.0,214.0,8.0,186.0,214.0,7.971278,185.98744399999998,214.002355,0.028722000000000136,0.012556000000017775,-0.002354999999994334,0.03143489215824396,0.0
1430.0,242.0,168.0,216.0,242.0,168.0,216.0,241.996334,167.999284,215.989303,0.003666000000009717,0.0007160000000112632,0.010696999999993295,0.011330402508293513,0.0
1431.0,8.0,184.0,216.0,8.0,184.0,216.0,7.971524,183.98715399999998,216.002551,0.02847600000000039,0.01284600000002456,-0.002551000000011072,0.031343418655288856,0.0
1432.0,200.0,54.0,222.0,200.0,54.0,222.0,200.00725400000002,53.99435199999999,222.004243,-0.007254000000017413,0.005648000000007869,-0.004243000000002439,0.01012538735063317,0.0
1433.0,210.0,60.0,226.0,210.0,60.0,226.0,210.007396,59.994471999999995,226.002915,-0.007395999999999958,0.0055280000000053064,-0.0029150000000015552,0.009682810800592311,0.0
1434.0,224.0,10.0,228.0,224.0,10.0,226.0,224.015354,9.994364,226.007419,-0.015354000000002088,0.0056360000000008625,1.9925810000000013,1.9926481253279529,2.0
1435.0,134.0,14.0,228.0,134.0,14.0,228.0,134.00607800000003,13.989405999999999,228.012727,-0.00607800000003067,0.010594000000001103,-0.012727000000012367,0.017639485508390288,0.0
1436.0,142.0,48.0,228.0,142.0,48.0,228.0,142.00236600000002,47.990407999999995,228.008543,-0.002366000000023405,0.00959200000000493,-0.008543000000003076,0.013060906132434222,0.0
1437.0,94.0,158.0,228.0,91.0,160.0,230.0,90.98261699999999,159.989353,229.999691,3.0173830000000095,-1.9893529999999942,-1.9996910000000128,4.130482976938542,4.123105625617661
1438.0,166.0,222.0,230.0,166.0,222.0,230.0,165.981708,221.99438199999997,229.988195,0.018292000000002417,0.005618000000026768,0.011805000000009613,0.022483709947440086,0.0
1439.0,138.0,12.0,232.0,138.0,12.0,232.0,138.006694,11.989072,232.01264700000002,-0.006694000000010192,0.010927999999999827,-0.012647000000015396,0.018004927908784364,0.0
1440.0,222.0,120.0,232.0,222.0,120.0,232.0,222.00058600000003,119.99535999999999,231.995607,-0.0005860000000268428,0.004640000000009081,0.004392999999993208,0.0064164978765722394,0.0
1441.0,164.0,222.0,232.0,164.0,222.0,232.0,163.98149600000002,221.99401999999998,231.988303,0.01850399999997876,0.005980000000022301,0.01169699999999807,0.022693131670164773,0.0
1442.0,242.0,72.0,234.0,242.0,72.0,234.0,242.008844,71.995348,233.999491,-0.00884400000001051,0.004651999999992995,0.0005089999999938755,0.010005824353850836,0.0
1443.0,244.0,94.0,234.0,244.0,94.0,234.0,244.00613400000003,93.995828,233.996987,-0.006134000000031392,0.004171999999996956,0.0030130000000099244,0.008006853876549735,0.0
1444.0,140.0,6.0,236.0,140.0,6.0,236.0,140.007644,5.988564,236.013127,-0.007643999999999096,0.01143599999999978,-0.013126999999997224,0.019013967523899587,0.0
1445.0,96.0,66.0,236.0,96.0,66.0,236.0,95.99545599999999,65.987252,236.009463,0.0045440000000098735,0.01274800000000198,-0.00946300000001088,0.016513867172783792,0.0
1446.0,240.0,72.0,236.0,240.0,72.0,236.0,240.008632,71.994986,235.99959900000002,-0.008632000000005746,0.0050140000000027385,0.00040099999998233216,0.00999061664764055,0.0
1447.0,234.0,12.0,240.0,234.0,12.0,240.0,234.015934,11.993136,240.006423,-0.015933999999987236,0.006864000000000203,-0.00642300000001228,0.018500318402658745,0.0
1448.0,118.0,162.0,242.0,118.0,162.0,242.0,117.984864,161.98928199999997,241.997627,0.015135999999998262,0.01071800000002554,0.0023730000000057316,0.018697731119056187,0.0
1449.0,78.0,236.0,4.0,78.0,236.0,4.0,77.97335799999999,236.01888399999999,3.994575,0.026642000000009602,-0.01888399999998569,0.005424999999999791,0.03310335700499224,0.0
1450.0,100.0,58.0,6.0,100.0,58.0,6.0,99.99896999999999,58.01676799999999,6.012371000000001,0.0010300000000142973,-0.0167679999999919,-0.012371000000000798,0.02086308618109453,0.0
1451.0,98.0,60.0,6.0,98.0,60.0,6.0,97.99851199999999,60.01669599999999,6.012283000000001,0.0014880000000090376,-0.016695999999988942,-0.012283000000000932,0.020780824069311605,0.0
1452.0,198.0,66.0,6.0,198.0,66.0,6.0,198.00742,66.022098,6.005235000000001,-0.007419999999996207,-0.02209799999999973,-0.005235000000000767,0.02389107006812252,0.0
1453.0,24.0,78.0,6.0,24.0,78.0,6.0,23.988958,78.01308,6.015075,0.011041999999999774,-0.013080000000002201,-0.015075000000000394,0.022809379408481604,0.0
1454.0,160.0,182.0,6.0,160.0,182.0,6.0,159.988422,182.022056,5.995139000000001,0.011577999999985877,-0.022055999999992082,0.004860999999999116,0.025380042178832468,0.0
1455.0,146.0,98.0,8.0,146.0,98.0,8.0,145.99813400000002,98.01962999999999,8.005087,0.001865999999978385,-0.019629999999992265,-0.00508699999999962,0.02036409646902145,0.0
1456.0,160.0,198.0,8.0,160.0,198.0,8.0,159.98629200000002,198.02207199999998,7.993391000000001,0.013707999999979847,-0.022071999999980108,0.006608999999999199,0.02680972452298902,0.0
1457.0,150.0,48.0,10.0,150.0,48.0,10.0,150.00510400000002,48.01873599999999,10.010211,-0.005104000000017095,-0.018735999999989872,-0.01021099999999997,0.021939759182812248,0.0
1458.0,144.0,102.0,10.0,144.0,102.0,10.0,143.997394,102.01933600000001,10.004763,0.0026059999999858974,-0.01933600000000979,-0.004763000000000517,0.020083782039255205,0.0
1459.0,200.0,190.0,10.0,200.0,190.0,10.0,199.99121,190.02379999999997,9.991675,0.008790000000004738,-0.02379999999996585,0.00832499999999925,0.02670224194704342,0.0
1460.0,230.0,178.0,12.0,230.0,178.0,12.0,229.995686,178.02492999999998,11.991031000000001,0.004313999999993712,-0.024929999999983465,0.008968999999998672,0.02684321994469176,0.0
1461.0,176.0,184.0,12.0,176.0,184.0,12.0,175.989656,184.02217,11.993839000000001,0.010344000000003462,-0.022169999999988477,0.006160999999998751,0.025228261077599963,0.0
1462.0,160.0,228.0,12.0,162.0,230.0,10.0,161.982244,230.02246599999998,9.989787000000002,-1.9822440000000086,-2.02246599999998,2.0102129999999985,3.472839803685299,3.4641016151377544
1463.0,108.0,12.0,14.0,108.0,12.0,14.0,108.005746,12.015386,14.016747,-0.005746000000002027,-0.015385999999999456,-0.01674700000000051,0.023456502744442182,0.0
1464.0,48.0,128.0,14.0,48.0,128.0,14.0,47.98461399999999,128.014178,14.008059000000001,0.015386000000006561,-0.014177999999986923,-0.008059000000001149,0.022420797510344044,0.0
1465.0,190.0,24.0,16.0,190.0,24.0,16.0,190.012098,24.01968,16.010183,-0.012098000000008824,-0.01968000000000103,-0.010183000000001385,0.025245940129063962,0.0
1466.0,212.0,176.0,16.0,212.0,176.0,16.0,211.994168,176.02342999999996,15.992359,0.005831999999998061,-0.023429999999962092,0.007640999999999565,0.02532512596213875,0.0
1467.0,158.0,242.0,16.0,158.0,242.0,16.0,157.980218,242.02168999999998,15.988687,0.019781999999992195,-0.021689999999978227,0.011312999999999462,0.031460572038644406,0.0
1468.0,192.0,38.0,18.0,192.0,38.0,18.0,192.010426,38.01976799999999,18.008523,-0.010425999999995383,-0.019767999999992014,-0.00852300000000028,0.023918963794437097,0.0
1469.0,140.0,102.0,18.0,140.0,102.0,18.0,139.996934,102.0181,18.004939,0.003065999999989799,-0.018100000000004002,-0.004939000000000249,0.019010630631309547,0.0
1470.0,126.0,134.0,18.0,126.0,134.0,18.0,125.99135199999999,134.01790199999996,18.002379,0.008648000000007983,-0.01790199999996389,-0.0023790000000012412,0.020023215251273988,0.0
1471.0,128.0,24.0,20.0,128.0,24.0,20.0,128.00604800000002,24.015882,20.014111,-0.006048000000021148,-0.015882000000001284,-0.014110999999999763,0.022089285841789676,0.0
1472.0,150.0,26.0,20.0,150.0,26.0,20.0,150.00791800000002,26.017082,20.012487,-0.007918000000017855,-0.017081999999998487,-0.012487000000000137,0.022592357490979875,0.0
1473.0,196.0,52.0,22.0,196.0,52.0,22.0,196.00893,52.01970599999999,22.006715,-0.008929999999992333,-0.01970599999999223,-0.0067149999999998045,0.022653091643295716,0.0
1474.0,76.0,84.0,24.0,78.0,84.0,26.0,77.99322399999998,84.013484,26.010771000000002,-1.9932239999999837,-0.01348400000000538,-2.010771000000002,2.8313113122496687,2.8284271247461903
1475.0,142.0,118.0,24.0,142.0,118.0,24.0,141.99496200000002,118.01771,24.003023000000002,0.005037999999984777,-0.017709999999993897,-0.0030230000000024404,0.0186591552059477,0.0
1476.0,240.0,132.0,24.0,240.0,132.0,24.0,240.00262,132.02314199999998,23.995239,-0.002620000000007394,-0.02314199999997868,0.004760999999998461,0.023771488910016493,0.0
1477.0,134.0,110.0,26.0,134.0,110.0,26.0,133.995224,110.016894,26.004379,0.004775999999992564,-0.016893999999993525,-0.004379000000000133,0.018094005996453947,0.0
1478.0,130.0,138.0,26.0,130.0,138.0,26.0,129.99114,138.01715799999997,26.001611,0.008859999999998536,-0.017157999999966478,-0.0016110000000004732,0.01937761298506153,0.0
1479.0,214.0,4.0,28.0,214.0,4.0,28.0,214.01695800000002,4.019076,28.010687,-0.016958000000016682,-0.019076000000000093,-0.01068700000000078,0.02767091449519849,0.0
1480.0,140.0,122.0,28.0,140.0,122.0,28.0,139.994204,122.01715999999999,28.002679,0.005796000000003687,-0.01715999999998985,-0.002679000000000542,0.018309458129603325,0.0
1481.0,60.0,224.0,28.0,60.0,224.0,28.0,59.97298,224.01465399999998,27.996783,0.027020000000000266,-0.01465399999997885,0.0032169999999993593,0.03090581183207117,0.0
1482.0,74.0,240.0,30.0,74.0,240.0,30.0,73.972208,240.01541199999997,29.994139,0.027792000000005146,-0.015411999999969339,0.00586099999999945,0.032315264643807795,0.0
1483.0,220.0,8.0,32.0,220.0,8.0,32.0,220.016976,8.018949999999998,32.009831,-0.016975999999999658,-0.018949999999998468,-0.009830999999998369,0.027275183537419107,0.0
1484.0,244.0,108.0,32.0,244.0,108.0,32.0,244.00610400000002,108.02192199999999,31.997495,-0.00610400000002187,-0.02192199999998934,0.0025049999999993133,0.022893403525902307,0.0
1485.0,48.0,180.0,34.0,48.0,180.0,34.0,47.97756999999999,180.01250199999996,34.002243,0.022430000000007055,-0.01250199999995516,-0.002242999999999995,0.025776655194171244,0.0
1486.0,50.0,184.0,34.0,50.0,184.0,34.0,49.977236,184.01267599999997,34.001683,0.022764000000002227,-0.0126759999999706,-0.001682999999999879,0.026109637320333574,0.0
1487.0,62.0,206.0,34.0,62.0,206.0,34.0,61.975496,206.01368599999998,33.998539,0.024504000000000303,-0.013685999999978549,0.0014609999999990464,0.028104930759555787,0.0
1488.0,194.0,26.0,36.0,194.0,26.0,36.0,194.012042,26.017366,36.009511,-0.012042000000008102,-0.017365999999999104,-0.009511000000003378,0.023174271099653344,0.0
1489.0,196.0,26.0,38.0,196.0,26.0,38.0,196.01221800000002,26.017215999999998,38.009363,-0.012218000000018492,-0.017215999999997678,-0.009363000000000454,0.02309406739836836,0.0
1490.0,96.0,102.0,38.0,96.0,102.0,38.0,95.99248599999999,102.013208,38.007555,0.007514000000014676,-0.013208000000005882,-0.007555000000003531,0.016970252944503487,0.0
1491.0,64.0,202.0,38.0,64.0,202.0,38.0,63.976182,202.01321199999998,37.998803,0.023817999999998563,-0.013211999999981572,0.0011969999999976721,0.027263288081217186,0.0
1492.0,46.0,164.0,40.0,46.0,164.0,40.0,45.979434000000005,164.01135599999998,40.004039,0.0205659999999952,-0.01135599999997794,-0.0040389999999987936,0.02383763018840782,0.0
1493.0,186.0,216.0,40.0,186.0,216.0,40.0,185.98615,216.01965999999996,39.989463,0.013849999999990814,-0.019659999999959155,0.010536999999999352,0.02625578924729032,0.0
1494.0,240.0,132.0,42.0,240.0,132.0,42.0,240.002458,132.02083799999997,41.995059000000005,-0.0024579999999900792,-0.02083799999996927,0.004940999999995199,0.021556379310974816,0.0
1495.0,122.0,148.0,42.0,122.0,148.0,42.0,121.9889,148.01485599999998,42.000883,0.011099999999999,-0.01485599999998044,-0.0008830000000017435,0.018565840271837945,0.0
1496.0,64.0,188.0,42.0,64.0,188.0,42.0,63.977994,188.01246199999997,42.000275,0.022005999999997528,-0.012461999999970885,-0.0002750000000020236,0.02529112700136486,0.0
1497.0,64.0,202.0,42.0,64.0,202.0,42.0,63.97614600000001,202.01269999999997,41.998763000000004,0.023853999999992936,-0.012699999999966849,0.0012369999999961578,0.027052421056142303,0.0
1498.0,70.0,128.0,44.0,70.0,128.0,44.0,69.98647799999999,128.011504,44.006351,0.013522000000008916,-0.01150400000000218,-0.006351000000002216,0.018855283105812,0.0
1499.0,64.0,186.0,44.0,64.0,186.0,44.0,63.97824,186.012172,44.000471000000005,0.021760000000000446,-0.012171999999992522,-0.0004710000000045511,0.02493746228067005,0.0
1500.0,62.0,204.0,44.0,62.0,204.0,44.0,61.97567,204.01237199999997,43.998655,0.024329999999999075,-0.01237199999997074,0.0013450000000005957,0.027328086449644302,0.0
1501.0,194.0,228.0,44.0,194.0,228.0,44.0,193.98530600000004,228.01977599999998,43.987615000000005,0.014693999999963125,-0.01977599999997892,0.012384999999994761,0.0275752069257504,0.0
1502.0,120.0,116.0,46.0,120.0,116.0,46.0,119.99289399999999,116.013694,46.004427,0.007106000000007384,-0.013694000000000983,-0.004426999999999737,0.016050520271945378,0.0
1503.0,48.0,138.0,46.0,48.0,138.0,46.0,47.983005999999996,138.01025199999998,46.006659,0.01699400000000395,-0.010251999999979944,-0.006658999999999082,0.020934226066413604,0.0
1504.0,42.0,140.0,46.0,42.0,140.0,46.0,41.98216000000001,140.009968,46.006827,0.01783999999999253,-0.009967999999986432,-0.006827000000001249,0.021546102965489606,0.0
1505.0,64.0,184.0,46.0,64.0,184.0,46.0,63.978486000000004,184.01188199999999,46.000667,0.02151399999999626,-0.011881999999985737,-0.0006669999999999732,0.024586154823385865,0.0
1506.0,152.0,54.0,48.0,152.0,56.0,48.0,152.00390000000002,56.01411399999999,48.008839,-0.0039000000000157797,-2.014113999999992,-0.008839000000001818,2.0141371708294766,2.0
1507.0,102.0,144.0,48.0,102.0,144.0,48.0,101.987434,144.01295999999996,48.002535,0.012566000000006738,-0.012959999999964111,-0.0025350000000017303,0.01822888315282228,0.0
1508.0,116.0,224.0,48.0,116.0,224.0,48.0,115.97823199999999,224.01506199999997,47.992999000000005,0.02176800000000867,-0.015061999999971931,0.007000999999995372,0.027381082319723356,0.0
1509.0,214.0,14.0,50.0,214.0,14.0,50.0,214.01544,14.01643,50.009387000000004,-0.015440000000012333,-0.016429999999999723,-0.009387000000003809,0.024422413250955427,0.0
1510.0,26.0,50.0,50.0,26.0,50.0,50.0,25.992452,50.00707799999999,50.017531000000005,0.007547999999999888,-0.007077999999992812,-0.017531000000005292,0.02035697298225063,0.0
1511.0,22.0,64.0,50.0,22.0,64.0,50.0,21.990216,64.007104,50.016275,0.009783999999999793,-0.007103999999998223,-0.01627500000000026,0.020274839012923856,0.0
1512.0,206.0,240.0,50.0,206.0,240.0,50.0,205.984832,240.01984799999997,49.985491,0.015167999999988524,-0.01984799999996767,0.014508999999996774,0.028888101512530635,0.0
1513.0,124.0,6.0,52.0,124.0,6.0,52.0,124.00774799999999,6.011267999999999,52.015991,-0.007747999999992317,-0.01126799999999939,-0.015990999999999644,0.021040708376854993,0.0
1514.0,200.0,58.0,52.0,200.0,58.0,52.0,200.008256,58.01617999999999,52.005511000000006,-0.008255999999988717,-0.016179999999991423,-0.005511000000005595,0.01898223003231174,0.0
1515.0,198.0,60.0,52.0,198.0,60.0,52.0,198.00779799999998,60.016107999999996,52.005423,-0.0077979999999797656,-0.01610799999999557,-0.0054230000000004,0.018699876924716537,0.0
1516.0,158.0,92.0,52.0,158.0,92.0,52.0,157.999694,92.01453199999999,52.004527,0.0003059999999948104,-0.014531999999988443,-0.004527000000003056,0.015223875623496422,0.0
1517.0,216.0,16.0,54.0,216.0,16.0,54.0,216.015334,16.016058,54.009003,-0.01533399999999574,-0.016058000000001016,-0.009002999999999872,0.02395923473318586,0.0
1518.0,136.0,56.0,54.0,136.0,56.0,54.0,136.002294,56.012497999999994,54.009803000000005,-0.0022940000000062355,-0.01249799999999368,-0.009803000000005113,0.01604871487066709,0.0
1519.0,188.0,62.0,54.0,188.0,62.0,54.0,188.00654600000001,62.01535599999999,54.005827000000004,-0.006546000000014374,-0.015355999999989933,-0.005827000000003579,0.01768080261187033,0.0
1520.0,232.0,102.0,54.0,232.0,102.0,54.0,232.005534,102.018368,53.998691,-0.005534000000011474,-0.018367999999995277,0.0013089999999991164,0.01922815802410494,0.0
1521.0,36.0,184.0,54.0,36.0,184.0,54.0,35.975698,184.00937399999998,54.002379000000005,0.024301999999998714,-0.009373999999979787,-0.002379000000004794,0.02615566326820219,0.0
1522.0,128.0,96.0,56.0,128.0,96.0,56.0,127.99622,96.01249800000001,56.005975,0.003780000000006112,-0.012498000000007892,-0.0059749999999993975,0.014359283721698526,0.0
1523.0,24.0,108.0,56.0,24.0,108.0,56.0,23.984548,108.00719000000001,56.011335,0.0154519999999998,-0.007190000000008467,-0.011335000000002537,0.020468088064110265,0.0
1524.0,30.0,72.0,58.0,30.0,72.0,58.0,29.989864,72.00664,58.014819,0.010135999999999257,-0.00664000000000442,-0.014819000000002802,0.019142383785728637,0.0
1525.0,162.0,162.0,58.0,162.0,162.0,58.0,161.990788,162.015166,57.996651,0.009211999999990894,-0.015165999999993574,0.0033490000000000464,0.018057804434638162,0.0
1526.0,240.0,172.0,58.0,240.0,172.0,58.0,239.997034,172.01946999999998,57.990579000000004,0.0029659999999864795,-0.01946999999998411,0.009420999999996127,0.02183193296525134,0.0
1527.0,94.0,200.0,58.0,94.0,200.0,58.0,93.979176,200.012208,57.996899000000006,0.020824000000004617,-0.012207999999986896,0.003100999999993803,0.024337017915098676,0.0
1528.0,26.0,242.0,58.0,26.0,242.0,58.0,25.967036,242.00931799999998,57.996715,0.03296399999999977,-0.009317999999979065,0.003284999999998206,0.034412812221606984,0.0
1529.0,18.0,10.0,60.0,18.0,10.0,60.0,17.996866,10.004693999999999,60.022263,0.003133999999999304,-0.004693999999998866,-0.022263000000002364,0.022967297642519684,0.0
1530.0,84.0,22.0,60.0,84.0,22.0,60.0,84.001684,22.008395999999998,60.016743000000005,-0.0016839999999973543,-0.008395999999997628,-0.01674300000000528,0.018805762973092267,0.0
1531.0,196.0,52.0,60.0,196.0,52.0,60.0,196.008588,52.014841999999994,60.006335,-0.008588000000003149,-0.01484199999999447,-0.0063349999999999795,0.018280342803128437,0.0
1532.0,156.0,76.0,60.0,156.0,76.0,60.0,156.00154,76.01313,60.006303,-0.001540000000005648,-0.01313000000000386,-0.006303000000002612,0.014645692506677577,0.0
1533.0,236.0,184.0,60.0,236.0,184.0,60.0,235.995044,184.019206,59.989519,0.004955999999992855,-0.019205999999996948,0.01048099999999863,0.022433986114816583,0.0
1534.0,62.0,38.0,62.0,62.0,38.0,62.0,61.997420000000005,38.007245999999995,62.016403000000004,0.0025799999999946976,-0.007245999999994979,-0.016403000000003942,0.01811682436300659,0.0
1535.0,92.0,194.0,62.0,92.0,194.0,62.0,91.979738,194.01148799999999,61.997635,0.020262000000002445,-0.011487999999985732,0.002364999999997508,0.023411877605176382,0.0
1536.0,64.0,40.0,64.0,64.0,40.0,64.0,63.99733200000001,40.00713,64.016039,0.0026679999999927873,-0.007129999999996528,-0.016039000000006354,0.017754003632987007,0.0
1537.0,124.0,50.0,66.0,124.0,50.0,66.0,124.00181399999998,50.010223999999994,66.011099,-0.0018139999999817746,-0.010223999999993794,-0.011099000000001524,0.015198966181942797,0.0
1538.0,220.0,220.0,66.0,220.0,220.0,66.0,219.988686,220.01820199999997,65.986595,0.011313999999998714,-0.01820199999997385,0.013405000000005884,0.025278714860514105,0.0
1539.0,146.0,236.0,66.0,146.0,236.0,66.0,145.979396,236.01455199999998,65.989603,0.02060399999999163,-0.01455199999998058,0.010396999999997547,0.027283385585352836,0.0
1540.0,108.0,92.0,68.0,108.0,92.0,68.0,107.99469999999998,92.009834,68.007567,0.005300000000019622,-0.0098339999999979,-0.00756699999999455,0.01349285162595677,0.0
1541.0,176.0,244.0,68.0,176.0,244.0,68.0,175.98123200000003,244.016022,67.98679899999999,0.018767999999965923,-0.01602199999999243,0.013201000000009344,0.027985866236347322,0.0
1542.0,8.0,150.0,70.0,8.0,148.0,70.0,7.977589999999999,148.00522999999998,70.007899,0.022410000000000707,1.9947700000000168,-0.007898999999994771,1.9949115156319759,2.0
1543.0,208.0,160.0,70.0,208.0,160.0,70.0,207.995406,160.016034,69.993803,0.0045939999999973224,-0.016033999999990556,0.00619700000000023,0.017793167255991144,0.0
1544.0,6.0,150.0,72.0,6.0,150.0,72.0,5.977113999999999,150.00490199999996,72.007791,0.022886000000000628,-0.004901999999958662,-0.007790999999997439,0.024667757924051053,0.0
1545.0,206.0,158.0,72.0,206.0,158.0,72.0,205.99545799999999,158.01563799999997,71.99412699999999,0.004542000000014923,-0.015637999999967178,0.005873000000008233,0.01731094847197015,0.0
1546.0,68.0,98.0,74.0,68.0,98.0,74.0,67.989974,98.007048,74.009419,0.010025999999996316,-0.007047999999997501,-0.009418999999994071,0.015456795948700985,0.0
1547.0,102.0,216.0,74.0,100.0,214.0,72.0,99.97778399999999,214.01097199999995,71.994863,2.0222160000000144,1.9890280000000473,2.005137000000005,3.4736384849620237,3.4641016151377544
1548.0,236.0,216.0,74.0,236.0,216.0,74.0,235.99069400000002,216.017958,73.985923,0.00930599999998094,-0.017957999999993035,0.01407700000000034,0.024642510606661096,0.0
1549.0,36.0,236.0,74.0,36.0,236.0,74.0,35.968654,236.00769799999998,73.996563,0.03134599999999921,-0.007697999999976446,0.0034370000000052414,0.03245988122282063,0.0
1550.0,180.0,136.0,76.0,180.0,136.0,76.0,179.995804,136.013374,75.998127,0.004196000000007416,-0.013373999999998887,0.0018730000000033442,0.01414137267029071,0.0
1551.0,80.0,180.0,76.0,80.0,180.0,76.0,79.980296,180.00882199999998,75.999775,0.019704000000004385,-0.00882199999998079,0.0002250000000003638,0.02158994962939548,0.0
1552.0,28.0,12.0,78.0,28.0,12.0,78.0,27.99741,12.002954,78.021227,0.0025900000000014245,-0.0029540000000007893,-0.02122699999999611,0.021587490474806164,0.0
1553.0,78.0,82.0,78.0,78.0,82.0,78.0,77.99301999999999,82.006794,78.01046699999999,0.006980000000012865,-0.006793999999999301,-0.010466999999991344,0.014298144110337847,0.0
1554.0,180.0,134.0,78.0,180.0,134.0,78.0,179.99605000000003,134.013084,77.998323,0.003949999999974807,-0.013083999999992102,0.0016770000000008167,0.013769745277222706,0.0
1555.0,160.0,224.0,78.0,160.0,224.0,78.0,159.98223000000002,224.01355399999997,77.98988299999999,0.01776999999998452,-0.013553999999970756,0.010117000000008147,0.02453237666837076,0.0
1556.0,28.0,30.0,80.0,28.0,30.0,80.0,27.995016,30.003003999999997,80.019263,0.0049840000000003215,-0.00300399999999712,-0.019262999999995145,0.020122808973893253,0.0
1557.0,30.0,34.0,80.0,30.0,34.0,80.0,29.994682,34.00317799999999,80.018703,0.005317999999999046,-0.0031779999999912434,-0.018703000000002135,0.019702360696119997,0.0
1558.0,128.0,150.0,80.0,128.0,150.0,80.0,127.98887599999999,150.01034399999998,79.999903,0.01112400000000946,-0.01034399999997504,9.699999999668307e-05,0.015190494429072854,0.0
1559.0,160.0,222.0,80.0,160.0,222.0,80.0,159.98247600000002,222.01326399999996,79.990079,0.017523999999980333,-0.013263999999963971,0.00992100000000562,0.024113284989782425,0.0
1560.0,230.0,80.0,82.0,230.0,80.0,82.0,230.007992,80.014304,82.00091499999999,-0.007992000000001553,-0.014303999999995654,-0.0009149999999920055,0.016410780145985928,0.0
1561.0,158.0,220.0,82.0,158.0,220.0,82.0,157.982528,220.012868,81.990403,0.017471999999997934,-0.012867999999997437,0.009596999999999412,0.023726748976626584,0.0
1562.0,214.0,70.0,84.0,214.0,70.0,84.0,214.007742,70.01303,84.002999,-0.007742000000007465,-0.013030000000000541,-0.0029990000000026384,0.0154503548502986,0.0
1563.0,168.0,142.0,84.0,168.0,142.0,84.0,167.99377600000003,142.01181599999998,83.998167,0.006223999999974694,-0.011815999999981841,0.0018330000000048585,0.01348020478328403,0.0
1564.0,222.0,206.0,84.0,222.0,206.0,84.0,221.990566,206.01576599999999,83.987799,0.009433999999998832,-0.01576599999998507,0.01220100000000457,0.02205519242717276,0.0
1565.0,126.0,16.0,86.0,126.0,16.0,86.0,126.006316,16.007192,86.014443,-0.006315999999998212,-0.007191999999999865,-0.014442999999999984,0.01732677029916352,0.0
1566.0,242.0,54.0,86.0,242.0,54.0,86.0,242.012552,54.013985999999996,86.002915,-0.012551999999999452,-0.013985999999995613,-0.0029150000000015552,0.019017311192696843,0.0
1567.0,216.0,72.0,86.0,216.0,72.0,86.0,216.007654,72.012914,86.002635,-0.00765400000000227,-0.012913999999994985,-0.0026349999999979445,0.015241336457144905,0.0
1568.0,166.0,142.0,86.0,166.0,142.0,86.0,165.993564,142.011454,85.99827499999999,0.00643600000000788,-0.011453999999986308,0.001725000000007526,0.01325110701035252,0.0
1569.0,210.0,188.0,86.0,210.0,188.0,86.0,209.99176000000003,188.01456799999997,85.99049099999999,0.00823999999997227,-0.014567999999968606,0.009509000000008427,0.01924955337141069,0.0
1570.0,96.0,24.0,88.0,96.0,24.0,88.0,96.00233199999998,24.005481999999997,88.015479,-0.002331999999981349,-0.0054819999999971,-0.015478999999999132,0.016585837000279918,0.0
1571.0,236.0,56.0,88.0,236.0,56.0,88.0,236.01168800000002,56.013445999999995,88.003063,-0.011688000000020793,-0.01344599999999474,-0.0030629999999973734,0.018077229572042518,0.0
1572.0,182.0,76.0,88.0,182.0,76.0,88.0,182.00381000000002,76.010924,88.004359,-0.003810000000015634,-0.01092400000000282,-0.0043589999999937845,0.012363282614262547,0.0
1573.0,32.0,18.0,90.0,32.0,18.0,90.0,31.996898,18.001731999999997,90.020203,0.003101999999998384,-0.0017319999999969582,-0.020202999999995086,0.02051300653243646,0.0
1574.0,230.0,234.0,90.0,230.0,234.0,90.0,229.987592,234.015898,89.984203,0.012407999999993535,-0.015897999999992862,0.015797000000006278,0.025617378417781375,0.0
1575.0,32.0,20.0,92.0,32.0,20.0,92.0,31.996616000000003,20.00151,92.019967,0.003383999999996945,-0.0015099999999996783,-0.019966999999994073,0.020307945366278238,0.0
1576.0,164.0,140.0,92.0,162.0,140.0,92.0,161.993386,140.01044,91.998687,2.006614000000013,-0.010439999999988459,0.0013129999999961228,2.006641587968577,2.0
1577.0,152.0,214.0,92.0,152.0,214.0,92.0,151.982648,214.01116799999997,91.99133499999999,0.017351999999988266,-0.011167999999969425,0.008665000000007694,0.022380758543870744,0.0
1578.0,82.0,22.0,96.0,82.0,22.0,94.0,82.001184,22.003937999999998,94.016531,-0.0011839999999949669,-0.003937999999997999,1.9834689999999995,1.9834732626534188,2.0
1579.0,6.0,84.0,96.0,6.0,84.0,96.0,5.985609999999999,84.000708,96.014679,0.014390000000000569,-0.0007080000000030395,-0.014679000000000997,0.0205680919144205,0.0
1580.0,80.0,22.0,98.0,80.0,22.0,98.0,80.000954,22.003320000000002,98.01661899999999,-0.000953999999993016,-0.00332000000000221,-0.0166189999999915,0.016974206225909914,0.0
1581.0,78.0,60.0,98.0,78.0,60.0,98.0,77.99574399999999,60.003859999999996,98.012643,0.00425600000001225,-0.0038599999999959778,-0.012642999999997073,0.013887353419568439,0.0
1582.0,146.0,80.0,98.0,146.0,80.0,98.0,145.99970000000002,80.007804,98.006131,0.00029999999998153726,-0.007803999999993039,-0.006130999999996334,0.009928825559945915,0.0
1583.0,226.0,236.0,98.0,226.0,236.0,98.0,225.98686800000002,236.014696,97.984163,0.0131319999999846,-0.014695999999986498,0.015837000000004764,0.02528304588057676,0.0
1584.0,6.0,138.0,100.0,6.0,138.0,100.0,5.978446,138.00111399999997,100.008807,0.021554000000000073,-0.001113999999972748,-0.00880700000000445,0.023310494653696664,0.0
1585.0,8.0,138.0,102.0,8.0,138.0,102.0,7.978622,138.00096399999998,102.008659,0.02137800000000034,-0.0009639999999819793,-0.008658999999994421,0.023085200042448913,0.0
1586.0,242.0,2.0,104.0,242.0,2.0,106.0,242.019236,2.010542,106.008331,-0.01923600000000647,-0.010542000000000051,-2.0083309999999983,2.008450786805839,2.0
1587.0,180.0,8.0,104.0,180.0,8.0,104.0,180.012448,8.007613999999998,104.01167099999999,-0.012448000000006232,-0.007613999999998455,-0.01167099999999266,0.018685233233758692,0.0
1588.0,58.0,8.0,106.0,58.0,8.0,106.0,58.000596,8.000891999999999,106.019459,-0.0005960000000015953,-0.0008919999999985606,-0.019458999999997673,0.019488549484246095,0.0
1589.0,6.0,96.0,106.0,6.0,96.0,106.0,5.983935999999999,95.99963199999999,106.013283,0.016064000000000966,0.00036800000000880573,-0.013283000000001266,0.020847676345340533,0.0
1590.0,242.0,238.0,106.0,242.0,238.0,108.0,241.988066,238.01429799999997,107.982823,0.011933999999996558,-0.01429799999996817,-1.9828229999999962,1.9829104625496794,2.0
1591.0,174.0,20.0,108.0,174.0,18.0,108.0,174.01051,18.006954,108.010935,-0.010510000000010677,1.9930459999999997,-0.01093500000000347,1.9931037084007943,2.0
1592.0,172.0,22.0,108.0,172.0,22.0,108.0,172.00978800000001,22.006916,108.010631,-0.009788000000014563,-0.006916000000000366,-0.01063100000000361,0.01602042948863628,0.0
1593.0,236.0,240.0,108.0,236.0,240.0,108.0,235.98722000000004,240.01401399999997,107.982991,0.01277999999996382,-0.014013999999974658,0.017009000000001606,0.025476001982226718,0.0
1594.0,170.0,24.0,110.0,170.0,24.0,110.0,170.00931200000002,24.006588,110.01052299999999,-0.009312000000022636,-0.006588000000000704,-0.010522999999992066,0.015519298212234465,0.0
1595.0,88.0,34.0,110.0,88.0,34.0,110.0,88.000038,34.00241199999999,110.014691,-3.8000000003535206e-05,-0.0024119999999925312,-0.014690999999999121,0.014887735522904027,0.0
1596.0,186.0,16.0,112.0,186.0,16.0,112.0,186.011902,16.007044,112.01034299999999,-0.011901999999992086,-0.007044000000000494,-0.010342999999991775,0.01727000836709839,0.0
1597.0,208.0,182.0,112.0,208.0,182.0,112.0,207.992124,182.011032,111.991007,0.007876000000010208,-0.011032000000000153,0.008993000000003804,0.016266851231883588,0.0
1598.0,116.0,108.0,118.0,116.0,108.0,118.0,115.99291399999998,108.00413,118.00482699999999,0.007086000000015247,-0.00413000000000352,-0.004826999999991699,0.009516733946063902,0.0
1599.0,42.0,28.0,120.0,42.0,28.0,120.0,41.996278000000004,27.998592,120.018183,0.0037219999999962283,0.0014080000000014081,-0.0181829999999934,0.018613361786623494,0.0
1600.0,190.0,214.0,120.0,190.0,214.0,120.0,189.986082,214.00959799999998,119.988623,0.01391799999998966,-0.009597999999982676,0.011376999999995974,0.020378136740126365,0.0
1601.0,184.0,128.0,126.0,184.0,128.0,126.0,183.996798,128.00705,125.998235,0.0032019999999874926,-0.007049999999992451,0.0017650000000060118,0.007941695599796978,0.0
1602.0,148.0,144.0,126.0,148.0,144.0,126.0,147.99119399999998,144.00541399999997,125.998811,0.008806000000021186,-0.0054139999999733845,0.001188999999996554,0.010405323301083765,0.0
1603.0,38.0,88.0,128.0,38.0,88.0,128.0,37.98789800000001,87.998376,128.011879,0.01210199999999162,0.0016240000000067312,-0.011878999999993312,0.01703544601704517,0.0
1604.0,12.0,118.0,128.0,12.0,118.0,128.0,11.981416000000001,117.997508,128.010303,0.018583999999998824,0.0024920000000037135,-0.01030299999999329,0.02139455372284817,0.0
1605.0,224.0,166.0,128.0,224.0,166.0,128.0,223.99564400000003,166.00956,127.991551,0.004355999999972937,-0.009559999999993352,0.008448999999998819,0.013481614777155485,0.0
1606.0,182.0,174.0,130.0,182.0,174.0,130.0,181.990496,174.00721399999998,129.993355,0.00950399999999263,-0.007213999999976295,0.006644999999991796,0.013657372990418356,0.0
1607.0,66.0,236.0,130.0,66.0,236.0,130.0,65.97105999999998,236.00212,129.994083,0.02894000000001995,-0.002119999999990796,0.00591700000001083,0.02961467354203392,0.0
1608.0,130.0,196.0,132.0,130.0,196.0,132.0,129.98253,196.004576,131.99428699999999,0.017470000000002983,-0.004575999999985925,0.00571300000001429,0.018941463644611484,0.0
1609.0,74.0,56.0,134.0,74.0,56.0,134.0,73.99556,55.99897199999999,134.012971,0.004440000000002442,0.0010280000000122413,-0.012970999999993182,0.013748353537782988,0.0
1610.0,32.0,84.0,134.0,32.0,84.0,134.0,31.98779,83.99722200000001,134.012635,0.01220999999999961,0.0027779999999921756,-0.01263499999998885,0.017788890044060233,0.0
1611.0,220.0,200.0,134.0,220.0,200.0,134.0,219.99071400000003,200.00915799999996,133.988075,0.009285999999974592,-0.0091579999999567,0.01192499999999086,0.01767213583578728,0.0
1612.0,76.0,38.0,136.0,76.0,38.0,136.0,75.998112,37.99851599999999,136.014767,0.0018879999999938946,0.0014840000000120313,-0.014767000000006192,0.01496098556246197,0.0
1613.0,84.0,60.0,136.0,86.0,60.0,136.0,85.996178,59.999419999999986,136.011751,-1.9961780000000005,0.0005800000000135697,-0.011751000000003842,1.996212671557067,2.0
1614.0,94.0,164.0,136.0,94.0,164.0,136.0,93.983226,164.001612,136.000007,0.016773999999998068,-0.0016119999999943957,-7.000000010748408e-06,0.016851280930538108,0.0
1615.0,240.0,180.0,136.0,240.0,180.0,136.0,239.995276,180.00962199999998,135.988935,0.0047240000000101645,-0.009621999999978925,0.011065000000002101,0.015405625109022256,0.0
1616.0,24.0,132.0,138.0,24.0,132.0,138.0,23.980642,131.99710199999998,138.007923,0.01935800000000043,0.0028980000000160544,-0.007923000000005231,0.021116450861832642,0.0
1617.0,176.0,8.0,140.0,176.0,8.0,140.0,176.011736,8.002794,140.011567,-0.011736000000013291,-0.002793999999999741,-0.01156700000001365,0.01671333662081352,0.0
1618.0,26.0,130.0,140.0,26.0,130.0,140.0,25.981082,129.99691799999997,140.007991,0.018917999999999324,0.003082000000034668,-0.007991000000004078,0.02076645200799244,0.0
1619.0,168.0,144.0,142.0,168.0,144.0,142.0,167.99299,144.00442599999997,141.997371,0.007010000000008176,-0.004425999999966734,0.002629000000013093,0.008697195927417585,0.0
1620.0,92.0,162.0,142.0,92.0,162.0,142.0,91.983242,162.00070399999996,142.000291,0.016757999999995832,-0.0007039999999562951,-0.0002910000000042601,0.01677530509408998,0.0
1621.0,54.0,38.0,146.0,54.0,38.0,146.0,53.995888,37.996069999999996,146.016075,0.004111999999999227,0.003930000000003986,-0.016075000000000728,0.0170516588342615,0.0
1622.0,98.0,46.0,146.0,98.0,46.0,146.0,97.9991,45.998537999999996,146.012395,0.0009000000000014552,0.001462000000003627,-0.012394999999997935,0.012513331650682085,0.0
1623.0,48.0,110.0,146.0,48.0,110.0,146.0,47.985802,109.996976,146.008683,0.014198000000000377,0.003023999999996363,-0.00868299999999067,0.016915149097771108,0.0
1624.0,234.0,170.0,146.0,234.0,170.0,146.0,233.995924,170.00785399999998,145.990299,0.004075999999997748,-0.007853999999980488,0.009701000000006843,0.013130441462487387,0.0
1625.0,176.0,118.0,152.0,176.0,118.0,152.0,175.997108,118.00312799999999,151.999567,0.0028920000000027812,-0.0031279999999895836,0.00043299999998680505,0.004282001517974917,0.0
1626.0,202.0,4.0,156.0,202.0,4.0,156.0,202.014642,4.002056,156.010175,-0.014642000000009148,-0.0020559999999996137,-0.01017500000000382,0.017948424025533385,0.0
1627.0,200.0,8.0,156.0,200.0,8.0,156.0,200.01391999999998,8.002018,156.009871,-0.013919999999984611,-0.002017999999999631,-0.00987100000000396,0.017183578352591412,0.0
1628.0,222.0,116.0,156.0,222.0,116.0,156.0,222.001798,116.00501999999999,155.996799,-0.00179800000000796,-0.00501999999998759,0.0032009999999900174,0.00621929296623339,0.0
1629.0,174.0,48.0,158.0,174.0,48.0,158.0,174.0061,48.00106399999999,158.007195,-0.006100000000003547,-0.0010639999999924044,-0.007194999999995844,0.009492635092531858,0.0
1630.0,180.0,94.0,158.0,180.0,94.0,158.0,180.00061000000002,94.002164,158.001843,-0.0006100000000230921,-0.0021639999999933934,-0.0018430000000080327,0.0029071713055871316,0.0
1631.0,224.0,116.0,158.0,224.0,116.0,158.0,224.00197400000002,116.00487,157.996651,-0.00197400000001835,-0.004869999999996821,0.0033489999999858355,0.0062313222513321045,0.0
1632.0,164.0,182.0,158.0,164.0,182.0,158.0,163.98744200000002,182.00281199999998,157.993363,0.012557999999984304,-0.002811999999977388,0.006637000000011994,0.014479657350905712,0.0
1633.0,180.0,30.0,160.0,180.0,30.0,160.0,180.00904,30.00082,160.008735,-0.009039999999998827,-0.0008200000000009311,-0.008735000000001492,0.012597389610550527,0.0
1634.0,162.0,182.0,160.0,162.0,182.0,160.0,161.98723,182.00244999999998,159.993471,0.012769999999989068,-0.0024499999999818556,0.006529000000000451,0.014550025463882796,0.0
1635.0,190.0,4.0,162.0,190.0,4.0,162.0,190.013424,4.000652,162.010883,-0.013423999999986336,-0.0006519999999996529,-0.01088300000000686,0.017293599075952407,0.0
1636.0,240.0,104.0,164.0,240.0,104.0,164.0,240.00505600000002,104.004746,163.996863,-0.005056000000024596,-0.004745999999997252,0.0031370000000094933,0.007611072263504151,0.0
1637.0,210.0,56.0,166.0,210.0,56.0,166.0,210.008464,56.002083999999996,166.003947,-0.00846400000000358,-0.002083999999996422,-0.003947000000010803,0.009568759637493825,0.0
1638.0,212.0,58.0,166.0,212.0,58.0,166.0,212.008394,58.00222399999999,166.003603,-0.008394000000009783,-0.002223999999991122,-0.0036029999999982465,0.009401437177374112,0.0
1639.0,238.0,104.0,166.0,238.0,104.0,166.0,238.00484400000002,104.004384,165.996971,-0.0048440000000198324,-0.00438400000000172,0.00302899999999795,0.007201293842094961,0.0
1640.0,146.0,192.0,166.0,146.0,192.0,166.0,145.984304,192.00100399999997,165.993355,0.015695999999991272,-0.0010039999999662541,0.006644999999991796,0.01707420443240473,0.0
1641.0,212.0,60.0,168.0,212.0,60.0,168.0,212.008112,60.00200199999999,168.003367,-0.008112000000011221,-0.0020019999999902893,-0.0033669999999972333,0.009008287129089777,0.0
1642.0,226.0,106.0,168.0,226.0,106.0,168.0,226.003398,106.00352600000001,167.997503,-0.003398000000004231,-0.0035260000000079117,0.0024970000000053005,0.005496734394175419,0.0
1643.0,220.0,10.0,170.0,220.0,10.0,170.0,220.01547000000002,10.00132,170.008235,-0.015470000000021855,-0.0013199999999997658,-0.008235000000013315,0.01757494025596943,0.0
1644.0,52.0,18.0,170.0,52.0,18.0,170.0,51.998118,17.992552,170.018123,0.0018820000000019377,0.007448000000000121,-0.018123000000002776,0.01968394668251542,0.0
1645.0,142.0,34.0,170.0,142.0,34.0,170.0,142.004736,33.99759399999999,170.010635,-0.004736000000008289,0.0024060000000076798,-0.010635000000007722,0.011887882780389438,0.0
1646.0,220.0,70.0,170.0,220.0,70.0,170.0,220.00755,70.00234,170.001755,-0.0075500000000090495,-0.0023400000000037835,-0.0017550000000028376,0.00809679720631339,0.0
1647.0,226.0,104.0,170.0,226.0,104.0,170.0,226.003644,104.003236,169.997699,-0.0036440000000084183,-0.003236000000001127,0.002300999999988562,0.005389344394266895,0.0
1648.0,146.0,4.0,172.0,146.0,4.0,172.0,146.009066,3.9970399999999997,172.013599,-0.009065999999990026,0.0029600000000002957,-0.01359899999999925,0.01660983916237001,0.0
1649.0,54.0,46.0,172.0,54.0,46.0,172.0,53.994597999999996,45.99287799999999,172.014951,0.005402000000003682,0.007122000000009621,-0.014950999999996384,0.017419439973778397,0.0
1650.0,242.0,106.0,172.0,242.0,106.0,172.0,242.00491399999999,106.003862,171.996439,-0.004913999999985208,-0.0038619999999980337,0.0035609999999905995,0.0071932719258882795,0.0
1651.0,148.0,4.0,174.0,148.0,4.0,174.0,148.009242,3.99689,174.013451,-0.009242000000000417,0.003109999999999946,-0.013451000000003432,0.016613731218486104,0.0
1652.0,6.0,44.0,174.0,6.0,44.0,174.0,5.990187999999999,43.99004399999999,174.018219,0.009812000000001042,0.009956000000009624,-0.018218999999987773,0.02296365042844379,0.0
1653.0,160.0,192.0,174.0,160.0,192.0,174.0,159.98559000000003,192.000722,173.992379,0.014409999999969614,-0.0007219999999961146,0.007621000000000322,0.016317138995520127,0.0
1654.0,150.0,48.0,176.0,150.0,48.0,176.0,150.00361,47.99748799999999,176.008551,-0.003610000000008995,0.0025120000000100617,-0.0085510000000113,0.009615708242262176,0.0
1655.0,228.0,62.0,176.0,228.0,62.0,176.0,228.009328,62.00185999999999,176.002047,-0.009328000000010661,-0.0018599999999935335,-0.002047000000004573,0.009729408666522008,0.0
1656.0,212.0,64.0,176.0,212.0,64.0,176.0,212.00751200000002,64.00104599999999,176.002855,-0.007512000000019725,-0.001045999999988112,-0.002855000000010932,0.00810402893629668,0.0
1657.0,44.0,72.0,176.0,44.0,72.0,176.0,43.99016,71.992278,176.012743,0.009839999999996962,0.007722000000001117,-0.012743000000000393,0.017856061519830387,0.0
1658.0,110.0,172.0,176.0,110.0,172.0,176.0,109.983362,171.99747599999998,175.997719,0.016638000000000375,0.002524000000022397,0.0022810000000106356,0.01698224310861713,0.0
1659.0,120.0,178.0,176.0,120.0,178.0,176.0,119.98354,177.99810799999997,175.996431,0.016459999999995034,0.001892000000026428,0.003568999999998823,0.01694842249296164,0.0
1660.0,150.0,50.0,178.0,150.0,50.0,178.0,150.00332800000004,49.99726599999999,178.008315,-0.0033280000000388554,0.0027340000000108944,-0.008315000000010286,0.009364270660360541,0.0
1661.0,244.0,84.0,178.0,246.0,84.0,178.0,246.00815200000002,84.002932,177.998499,-2.008152000000024,-0.002932000000001267,0.0015009999999904267,2.008154701393569,2.0
1662.0,90.0,158.0,178.0,90.0,158.0,178.0,89.983252,157.99592199999998,178.000491,0.01674800000000687,0.00407800000002112,-0.0004910000000108994,0.01724432280492374,0.0
1663.0,80.0,162.0,178.0,80.0,162.0,178.0,79.981754,161.99545999999998,178.000699,0.01824600000000487,0.0045400000000199725,-0.0006989999999973406,0.018815331966254418,0.0
1664.0,78.0,164.0,182.0,78.0,164.0,182.0,77.98125999999999,163.994876,182.000571,0.018740000000008195,0.005123999999995021,-0.0005710000000078708,0.019436280945702166,0.0
1665.0,132.0,102.0,184.0,132.0,102.0,184.0,131.994664,101.99642800000001,184.003791,0.005335999999999785,0.003571999999991249,-0.003791000000006761,0.007456792943349471,0.0
1666.0,48.0,220.0,184.0,48.0,220.0,184.0,47.97094,219.993982,183.996423,0.029060000000001196,0.006018000000011625,0.0035770000000070468,0.029891384260356025,0.0
1667.0,190.0,54.0,186.0,190.0,54.0,186.0,190.006608,53.99842999999999,186.005243,-0.006607999999999947,0.001570000000008065,-0.005243000000007214,0.00858018723572512,0.0
1668.0,56.0,178.0,188.0,56.0,178.0,188.0,55.977224,177.99317999999997,188.000407,0.02277600000000035,0.006820000000033133,-0.0004069999999956053,0.023778650613532813,0.0
1669.0,232.0,178.0,190.0,232.0,178.0,190.0,231.994278,178.002252,189.989123,0.005721999999991567,-0.0022519999999985885,0.010876999999993586,0.012494875629623434,0.0
1670.0,138.0,52.0,192.0,138.0,52.0,192.0,138.00177399999998,51.99487199999999,192.008727,-0.001773999999983289,0.005128000000013344,-0.008726999999993268,0.010276380150615296,0.0
1671.0,64.0,134.0,192.0,64.0,134.0,192.0,63.983772,133.99234399999997,192.004607,0.016227999999998133,0.007656000000025642,-0.004606999999992922,0.018525300780291444,0.0
1672.0,8.0,192.0,192.0,8.0,192.0,192.0,7.970684,191.99036199999998,192.001927,0.029315999999999676,0.009638000000023794,-0.001926999999994905,0.030919770843271462,0.0
1673.0,170.0,196.0,192.0,170.0,196.0,192.0,169.98587,195.99901599999998,191.991127,0.014129999999994425,0.0009840000000167493,0.008872999999994136,0.016713924883155703,0.0
1674.0,168.0,198.0,192.0,168.0,198.0,192.0,167.985412,197.998944,191.991039,0.014588000000003376,0.001056000000005497,0.00896099999999933,0.017152970617362408,0.0
1675.0,26.0,234.0,192.0,26.0,234.0,192.0,25.966886,233.99202999999997,191.996239,0.0331140000000012,0.007970000000028676,0.0037609999999972388,0.03426664583819834,0.0
1676.0,34.0,14.0,194.0,34.0,14.0,194.0,33.996684,13.988458,194.019467,0.0033159999999980982,0.011542000000000385,-0.019466999999991685,0.022873078258067333,0.0
1677.0,82.0,112.0,194.0,82.0,112.0,194.0,81.98840399999999,111.992668,194.005811,0.011596000000011486,0.007332000000005223,-0.0058109999999942374,0.014899434922179967,0.0
1678.0,238.0,178.0,194.0,238.0,178.0,194.0,237.99482400000002,178.00205799999998,193.988699,0.005175999999977421,-0.0020579999999768006,0.011301000000003114,0.012599164297672332,0.0
1679.0,234.0,174.0,196.0,234.0,174.0,196.0,233.994946,174.00152199999997,195.98936700000002,0.005054000000001224,-0.0015219999999658285,0.01063299999998435,0.011870976750022532,0.0
1680.0,84.0,224.0,196.0,84.0,224.0,196.0,83.97379600000001,223.99442199999996,195.993567,0.02620399999999279,0.005578000000042493,0.006432999999987032,0.027552625809529104,0.0
1681.0,144.0,10.0,198.0,144.0,10.0,198.0,144.00784600000003,9.993708,198.012819,-0.007846000000029107,0.006292000000000186,-0.012819000000007463,0.016293426312493343,0.0
1682.0,100.0,164.0,198.0,100.0,164.0,198.0,99.98324999999998,163.993994,197.99900300000002,0.01675000000001603,0.0060060000000135005,0.0009969999999839274,0.01782213637588567,0.0
1683.0,232.0,172.0,198.0,232.0,172.0,198.0,231.994998,172.001126,197.989691,0.005001999999990403,-0.0011259999999992942,0.010309000000006563,0.011513616330242976,0.0
1684.0,68.0,194.0,200.0,68.0,194.0,200.0,67.97616799999999,193.992552,199.997791,0.023832000000012954,0.007448000000010779,0.002208999999993466,0.025066244413568403,0.0
1685.0,8.0,198.0,200.0,8.0,198.0,200.0,7.9698199999999995,197.98943999999997,200.001199,0.03018000000000054,0.010560000000026548,-0.001199000000013939,0.03199661858697926,0.0
1686.0,6.0,234.0,200.0,6.0,234.0,200.0,5.964873999999999,233.98994599999997,199.997439,0.03512600000000088,0.010054000000025098,0.0025609999999858246,0.03662618616509906,0.0
1687.0,136.0,20.0,202.0,136.0,20.0,202.0,136.005714,19.992942,202.012211,-0.005714000000011765,0.007058000000000675,-0.012211000000007743,0.015217545169978405,0.0
1688.0,160.0,8.0,204.0,160.0,8.0,204.0,160.00960800000001,7.993754,204.011951,-0.009608000000014272,0.006245999999999974,-0.011951000000010481,0.01655755359346677,0.0
1689.0,190.0,64.0,206.0,190.0,64.0,206.0,190.005108,63.996039999999994,206.003963,-0.005108000000006996,0.003960000000006403,-0.003962999999998829,0.007581466414890519,0.0
1690.0,194.0,198.0,206.0,194.0,198.0,206.0,193.987808,197.99853,205.989235,0.01219199999999887,0.0014700000000118507,0.010764999999992142,0.016330676317894432,0.0
1691.0,94.0,218.0,206.0,94.0,218.0,206.0,93.975468,217.99356999999998,205.993475,0.02453199999999356,0.006430000000023028,0.00652500000001055,0.026186629202707968,0.0
1692.0,92.0,206.0,208.0,92.0,206.0,208.0,91.97684,205.99300399999998,207.994879,0.02316000000000429,0.006996000000015101,0.005121000000002596,0.024729623066283006,0.0
1693.0,190.0,58.0,210.0,190.0,58.0,210.0,190.005864,57.995425999999995,210.004571,-0.005864000000002534,0.004574000000005185,-0.0045709999999985484,0.00872937643821504,0.0
1694.0,172.0,76.0,210.0,172.0,76.0,210.0,172.001742,75.994778,210.003779,-0.0017420000000072378,0.005222000000003391,-0.0037790000000086366,0.006677176723745292,0.0
1695.0,40.0,100.0,210.0,40.0,100.0,210.0,39.98577,99.98818999999999,210.009635,0.014229999999997744,0.0118100000000112,-0.009635000000002947,0.020851911782861953,0.0
1696.0,94.0,246.0,210.0,94.0,244.0,210.0,93.972,243.99349999999995,209.990627,0.028000000000005798,2.0065000000000452,0.009373000000010734,2.0067172454357345,2.0
1697.0,130.0,20.0,212.0,130.0,20.0,212.0,130.005042,19.991344,212.012495,-0.0050420000000030996,0.008655999999998443,-0.012495000000001255,0.016014778331280007,0.0
1698.0,228.0,38.0,212.0,228.0,38.0,212.0,228.01217200000002,37.996843999999996,212.004279,-0.012172000000020944,0.0031560000000041555,-0.004278999999996813,0.013282611226732069,0.0
1699.0,192.0,58.0,212.0,192.0,58.0,212.0,192.00604,57.995276,212.004423,-0.006040000000012924,0.004724000000003059,-0.00442300000000273,0.00885215821143122,0.0
1700.0,204.0,64.0,212.0,204.0,64.0,212.0,204.00641200000004,63.996013999999995,212.003007,-0.006412000000040052,0.003986000000004708,-0.0030069999999966512,0.00812674528950742,0.0
1701.0,170.0,78.0,212.0,170.0,78.0,212.0,170.00126600000002,77.99445,212.003671,-0.0012660000000153104,0.0055499999999995,-0.0036709999999970933,0.0067735881923845845,0.0
1702.0,164.0,102.0,212.0,164.0,102.0,212.0,163.99751600000002,101.99454,212.001463,0.002483999999981279,0.005459999999999354,-0.0014630000000011023,0.006174319800585581,0.0
1703.0,198.0,208.0,212.0,198.0,208.0,212.0,197.98682200000002,207.99814399999997,211.987839,0.013177999999982148,0.0018560000000320542,0.012160999999991873,0.01802759942420096,0.0
1704.0,4.0,20.0,214.0,4.0,20.0,214.0,3.992802,19.98441,214.020539,0.007197999999999816,0.015589999999999549,-0.02053900000001363,0.026771436737697572,0.0
1705.0,206.0,210.0,216.0,206.0,210.0,216.0,205.987298,209.99809,215.98707100000001,0.012701999999990221,0.0019100000000094042,0.012928999999985535,0.018224926474458367,0.0
1706.0,16.0,60.0,218.0,16.0,60.0,218.0,15.98865,59.98521399999999,218.015411,0.011350000000000193,0.01478600000000796,-0.015411000000000286,0.02418568206605405,0.0
1707.0,156.0,72.0,218.0,156.0,72.0,218.0,156.00064600000002,71.99283799999999,218.005155,-0.0006460000000174659,0.007162000000008106,-0.005155000000002019,0.008847914160985034,0.0
1708.0,244.0,166.0,218.0,244.0,166.0,218.0,243.99677400000004,165.99909999999997,217.989371,0.00322599999995532,0.0009000000000298769,0.010628999999994448,0.011144178614848538,0.0
1709.0,40.0,94.0,220.0,40.0,94.0,220.0,39.986472,93.986808,220.010183,0.013528000000000873,0.013192000000003645,-0.010183000000012044,0.021464601952991467,0.0
1710.0,38.0,92.0,222.0,38.0,92.0,222.0,37.986524,91.98641199999999,222.010507,0.013475999999997157,0.013588000000012812,-0.01050699999998983,0.021831934614231004,0.0
1711.0,90.0,244.0,222.0,90.0,246.0,222.0,89.97124,245.991786,221.990547,0.028760000000005448,-1.9917859999999905,0.009453000000007705,1.9920160558100337,2.0
1712.0,30.0,6.0,224.0,30.0,6.0,222.0,29.9971,5.984526,222.020307,0.0029000000000003467,0.01547400000000021,1.9796929999999975,1.9797555982810076,2.0
1713.0,132.0,22.0,224.0,132.0,22.0,224.0,132.004864,21.989948,224.012031,-0.004863999999997759,0.010052000000001726,-0.012031000000007452,0.016414815289859105,0.0
1714.0,114.0,48.0,224.0,114.0,48.0,224.0,113.999686,47.98943599999999,224.010375,0.0003140000000030341,0.010564000000009344,-0.01037500000001046,0.01481004108706037,0.0
1715.0,96.0,162.0,224.0,96.0,162.0,224.0,95.98289199999999,161.99041999999997,223.999215,0.01710800000000745,0.009580000000028122,0.0007850000000075852,0.019623360797804374,0.0
1716.0,234.0,52.0,226.0,234.0,52.0,226.0,234.01077999999998,51.99560799999999,226.002243,-0.010779999999982692,0.0043920000000099435,-0.0022429999999928896,0.011854497585291512,0.0
1717.0,152.0,152.0,226.0,152.0,152.0,226.0,151.98962600000002,151.99296199999998,225.996691,0.010373999999984562,0.007038000000022748,0.0033090000000015607,0.01296544642501793,0.0
1718.0,174.0,170.0,226.0,174.0,170.0,226.0,173.989384,169.99443399999998,225.993339,0.010615999999998849,0.005566000000015947,0.006661000000008244,0.013713086195319524,0.0
1719.0,58.0,174.0,226.0,58.0,174.0,226.0,57.977604,173.98835399999996,226.00033100000002,0.022396000000000527,0.011646000000041568,-0.0003310000000169566,0.02524519148275574,0.0
1720.0,12.0,52.0,228.0,12.0,52.0,228.0,11.989227999999999,51.983585999999995,228.016431,0.010772000000001114,0.01641400000000459,-0.01643100000001141,0.025601428495311537,0.0
1721.0,46.0,158.0,228.0,44.0,156.0,230.0,43.978586,155.98679399999997,230.003131,2.021414,2.013206000000025,-2.003130999999996,3.485921221283276,3.4641016151377544
1722.0,156.0,158.0,228.0,156.0,158.0,228.0,155.989204,157.99302,227.995767,0.01079599999999914,0.006979999999998654,0.004232999999999265,0.013534855189471234,0.0
1723.0,58.0,172.0,228.0,58.0,172.0,228.0,57.977850000000004,171.98806399999998,228.000527,0.02214999999999634,0.01193600000001993,-0.0005270000000052733,0.02516680998856071,0.0
1724.0,8.0,46.0,230.0,8.0,46.0,230.0,7.989614,45.98301599999999,230.017315,0.010385999999999562,0.01698400000000788,-0.017314999999996417,0.026384360462215765,0.0
1725.0,228.0,52.0,230.0,228.0,52.0,230.0,228.010162,51.99477799999999,230.002587,-0.01016200000000822,0.005222000000010496,-0.002587000000005446,0.011714439679314792,0.0
1726.0,158.0,162.0,230.0,158.0,162.0,230.0,157.988852,161.99293799999998,229.99518700000002,0.011147999999991498,0.0070620000000189975,0.004812999999984413,0.01404687570244461,0.0
1727.0,120.0,176.0,230.0,120.0,176.0,230.0,119.983318,175.99116199999997,229.996107,0.016682000000002972,0.008838000000025659,0.0038930000000050313,0.019275757235465277,0.0
1728.0,166.0,224.0,230.0,166.0,224.0,230.0,165.98144399999998,223.99441599999997,229.987979,0.018556000000018003,0.005584000000027345,0.012021000000004278,0.022803741644762517,0.0
1729.0,124.0,38.0,234.0,124.0,38.0,234.0,124.001886,37.98851599999999,234.010715,-0.001885999999998944,0.011484000000010042,-0.010715000000004693,0.01581930709608759,0.0
1730.0,138.0,16.0,236.0,138.0,16.0,236.0,138.00612999999998,15.988628,236.012175,-0.006129999999984648,0.011371999999999716,-0.01217500000001337,0.01775189874351842,0.0
1731.0,14.0,110.0,236.0,14.0,110.0,236.0,13.981694000000001,109.983654,236.009959,0.018305999999999045,0.01634599999999864,-0.009959000000009155,0.02648552497120083,0.0
1732.0,120.0,52.0,238.0,120.0,52.0,238.0,119.999614,51.988029999999995,238.009419,0.00038600000000599266,0.011970000000005143,-0.009419000000008282,0.015236385956002945,0.0
1733.0,236.0,12.0,240.0,236.0,12.0,240.0,236.016128,11.993241999999999,240.006295,-0.016128000000009024,0.006758000000001374,-0.006294999999994388,0.01858520844651033,0.0
1734.0,26.0,36.0,240.0,26.0,36.0,240.0,25.99259,35.982519999999994,240.017143,0.007410000000000139,0.017480000000006157,-0.01714300000000435,0.025580088916975375,0.0
1735.0,10.0,100.0,240.0,10.0,100.0,240.0,9.982590000000002,99.98276,240.011255,0.01740999999999815,0.017240000000001032,-0.011255000000005566,0.026962950969804778,0.0
1736.0,228.0,122.0,240.0,228.0,122.0,240.0,228.000832,121.994688,239.99492700000002,-0.0008320000000026084,0.005312000000003536,0.0050729999999816755,0.007392218679114951,0.0
1737.0,92.0,148.0,240.0,92.0,148.0,240.0,91.984208,147.98792199999997,240.000823,0.01579200000000469,0.012078000000030897,-0.0008229999999969095,0.019898308395461396,0.0
1738.0,108.0,186.0,240.0,108.0,186.0,240.0,107.98074399999999,185.98941599999998,239.995695,0.01925600000001282,0.010584000000022797,0.004304999999988013,0.02239079313023264,0.0
1739.0,224.0,82.0,242.0,224.0,82.0,242.0,224.005706,81.99354000000001,241.999483,-0.005706000000003542,0.006459999999989918,0.0005170000000020991,0.008634658360347115,0.0
1740.0,96.0,86.0,242.0,96.0,86.0,242.0,95.99276199999998,85.986824,242.00724300000002,0.007238000000015177,0.013176000000001409,-0.007243000000016764,0.01668702097441301,0.0
1741.0,98.0,88.0,242.0,98.0,88.0,244.0,97.992674,87.986708,244.006879,0.007326000000006161,0.013292000000006965,-2.006878999999998,2.0069363886732914,2.0
1742.0,204.0,90.0,242.0,204.0,90.0,242.0,204.00271000000004,89.992616,241.999899,-0.0027100000000359614,0.0073840000000018335,0.0001010000000007949,0.007866241605762065,0.0
1743.0,168.0,170.0,242.0,168.0,170.0,242.0,167.98865800000004,169.99206799999996,241.993563,0.011341999999956442,0.007932000000039352,0.006437000000005355,0.01526409371694583,0.0
1744.0,138.0,164.0,244.0,138.0,164.0,244.0,137.986522,163.99012,243.996111,0.013477999999992107,0.009880000000009659,0.0038889999999867086,0.0171579487410318,0.0
1745.0,162.0,182.0,4.0,162.0,182.0,4.0,161.98863400000002,182.022418,3.995031,0.011365999999981113,-0.022417999999987615,0.004969000000000001,0.02562115612143635,0.0
1746.0,166.0,194.0,4.0,166.0,194.0,4.0,165.987438,194.022834,3.9934790000000002,0.012562000000002627,-0.02283399999998892,0.006520999999999777,0.0268648253483911,0.0
1747.0,138.0,212.0,4.0,138.0,212.0,4.0,137.982346,212.02165599999998,3.993327,0.017653999999993175,-0.021655999999978803,0.006673000000000151,0.028725859099404547,0.0
1748.0,100.0,48.0,6.0,100.0,48.0,6.0,100.00028999999998,48.016597999999995,6.013451000000001,-0.0002899999999783631,-0.016597999999994784,-0.013451000000000768,0.02136602688849368,0.0
1749.0,76.0,42.0,8.0,76.0,42.0,8.0,75.998736,42.014967999999996,8.015615,0.001264000000006149,-0.014967999999996096,-0.015615000000000379,0.021667185904032632,0.0
1750.0,102.0,46.0,8.0,102.0,46.0,8.0,102.00072999999999,46.01641399999999,8.013519,-0.0007299999999901274,-0.01641399999999038,-0.013519000000000503,0.0212771158054771,0.0
1751.0,142.0,90.0,8.0,142.0,90.0,8.0,141.99880200000004,90.019282,8.006207,0.0011979999999596203,-0.019282000000004018,-0.0062069999999998515,0.020291810589497833,0.0
1752.0,140.0,94.0,8.0,140.0,94.0,8.0,139.99808000000002,94.019244,8.005903,0.0019199999999841566,-0.019244000000000483,-0.005902999999999992,0.020220369556463544,0.0
1753.0,146.0,100.0,8.0,146.0,100.0,8.0,145.99787,100.01966399999999,8.004871,0.00212999999999397,-0.019663999999991688,-0.004870999999999626,0.020369988635236,0.0
1754.0,84.0,118.0,8.0,84.0,118.0,8.0,83.98948,118.016684,8.006895,0.01051999999999964,-0.016683999999997923,-0.0068950000000000955,0.02089419251849481,0.0
1755.0,54.0,128.0,8.0,54.0,128.0,8.0,53.98524999999999,128.01526399999997,8.007735,0.01475000000000648,-0.015263999999973521,-0.0077350000000002694,0.022591644937883276,0.0
1756.0,200.0,192.0,8.0,200.0,192.0,8.0,199.99096400000002,192.02408999999997,7.991479000000001,0.009035999999980504,-0.024089999999972633,0.008520999999999113,0.02710322558291382,0.0
1757.0,162.0,196.0,8.0,162.0,196.0,8.0,161.98675000000003,196.02214399999997,7.993479000000001,0.013249999999970896,-0.022143999999968855,0.006520999999999333,0.026616586501612874,0.0
1758.0,198.0,4.0,10.0,198.0,4.0,10.0,198.015568,4.020531999999999,10.011891,-0.015568000000001803,-0.02053199999999933,-0.011891000000000318,0.0283781875566435,0.0
1759.0,102.0,22.0,10.0,102.0,22.0,10.0,102.00388,22.015749999999997,10.016091000000001,-0.0038799999999952206,-0.015749999999997044,-0.016091000000001188,0.02284813298718099,0.0
1760.0,152.0,48.0,10.0,152.0,48.0,10.0,152.005298,48.01884199999999,10.010083000000002,-0.005298000000010461,-0.018841999999992254,-0.010083000000001618,0.022017190034149488,0.0
1761.0,142.0,92.0,10.0,142.0,92.0,10.0,141.99852,92.01906000000001,10.005971,0.0014799999999866031,-0.01906000000001029,-0.005971000000000615,0.020028151212739532,0.0
1762.0,130.0,104.0,10.0,130.0,104.0,10.0,129.99577200000002,104.018628,10.005443000000001,0.004227999999983467,-0.01862800000000675,-0.005443000000001419,0.01986214029252958,0.0
1763.0,54.0,120.0,10.0,54.0,120.0,10.0,53.986288,120.014872,10.008579000000001,0.01371199999999817,-0.014871999999996888,-0.008579000000001002,0.021972586761687264,0.0
1764.0,54.0,130.0,10.0,54.0,130.0,10.0,53.984968,130.01504199999997,10.007499000000001,0.015031999999997936,-0.015041999999965583,-0.007499000000001033,0.022549008603460107,0.0
1765.0,170.0,198.0,10.0,170.0,198.0,10.0,169.987244,198.02234599999997,9.992731000000001,0.012755999999995993,-0.022345999999970445,0.007268999999999082,0.026737569317321342,0.0
1766.0,224.0,160.0,12.0,224.0,160.0,12.0,223.99748,160.024306,11.993359000000002,0.0025200000000040745,-0.02430599999999572,0.006640999999998343,0.02532261670917503,0.0
1767.0,224.0,158.0,14.0,224.0,158.0,14.0,223.997726,158.024016,13.993555,0.0022739999999998872,-0.024015999999988935,0.006444999999999368,0.02496952856982806,0.0
1768.0,132.0,200.0,14.0,132.0,200.0,14.0,131.983258,200.01985399999998,13.994907000000001,0.016741999999993595,-0.019853999999980942,0.005092999999998682,0.026465345812949723,0.0
1769.0,138.0,50.0,16.0,138.0,50.0,16.0,138.003622,50.01736599999999,16.010703,-0.0036220000000071195,-0.017365999999988446,-0.010702999999999463,0.020718374670799802,0.0
1770.0,140.0,80.0,16.0,140.0,80.0,16.0,139.999856,80.017982,16.007335,0.00014400000000591717,-0.017982000000003495,-0.007335000000001202,0.0194210011327981,0.0
1771.0,152.0,86.0,16.0,152.0,86.0,16.0,152.00022800000002,86.01872,16.005919,-0.00022800000002121124,-0.018720000000001846,-0.005918999999998675,0.019634789150893957,0.0
1772.0,222.0,86.0,16.0,222.0,86.0,16.0,222.00701800000002,86.02243,16.001439,-0.0070180000000164,-0.02242999999999995,-0.0014390000000013004,0.023546293657393972,0.0
1773.0,124.0,218.0,16.0,124.0,218.0,16.0,123.980088,218.01948,15.993455,0.019912000000005037,-0.019479999999987285,0.006544999999999135,0.02861459713152876,0.0
1774.0,104.0,242.0,16.0,104.0,242.0,16.0,103.97497999999999,242.01882799999998,15.992143,0.025020000000012033,-0.018827999999984968,0.007856999999999559,0.03228353191644354,0.0
1775.0,70.0,68.0,18.0,70.0,68.0,18.0,69.99463199999998,68.013812,18.013091000000003,0.005368000000018469,-0.01381200000000149,-0.01309100000000285,0.01977273499039306,0.0
1776.0,72.0,70.0,18.0,72.0,70.0,18.0,71.99456199999999,70.013952,18.012747,0.005438000000012266,-0.013952000000003295,-0.012747000000000952,0.019665099974326337,0.0
1777.0,80.0,82.0,18.0,80.0,82.0,18.0,79.993754,82.01458000000001,18.010939,0.006246000000004415,-0.014580000000009363,-0.010939000000000476,0.01926786539812697,0.0
1778.0,80.0,120.0,18.0,80.0,120.0,18.0,79.988738,120.015226,18.006835000000002,0.011262000000002104,-0.015225999999998407,-0.006835000000002367,0.02013407422753853,0.0
1779.0,148.0,172.0,18.0,148.0,172.0,18.0,147.98847,172.01971399999996,17.996867,0.011529999999993379,-0.019713999999964926,0.003132999999998276,0.02305207984105672,0.0
1780.0,192.0,10.0,20.0,192.0,10.0,20.0,192.014104,10.019036,20.011527,-0.014104000000003225,-0.01903599999999983,-0.011527000000000953,0.02634698922078397,0.0
1781.0,146.0,110.0,20.0,146.0,110.0,20.0,145.996442,110.01829799999999,20.003671,0.0035579999999981737,-0.01829799999998727,-0.003671000000000646,0.018998747563971838,0.0
1782.0,134.0,210.0,20.0,134.0,210.0,20.0,133.98207800000003,210.019362,19.993639,0.01792199999997024,-0.01936200000000099,0.006360999999998285,0.027139407675904604,0.0
1783.0,132.0,214.0,20.0,132.0,214.0,20.0,131.981356,214.01932399999998,19.993335000000002,0.018643999999994776,-0.019323999999983243,0.006664999999998145,0.027666549061983372,0.0
1784.0,144.0,204.0,22.0,144.0,204.0,22.0,143.983822,204.019534,21.993627,0.016177999999996473,-0.019533999999993057,0.006372999999999962,0.026151863585595847,0.0
1785.0,20.0,44.0,26.0,20.0,44.0,26.0,19.992878000000005,44.00972999999999,26.018803000000002,0.00712199999999541,-0.009729999999990468,-0.0188030000000019,0.022337157227360436,0.0
1786.0,140.0,86.0,26.0,140.0,86.0,26.0,139.998974,86.01680400000001,26.006587000000003,0.0010259999999959746,-0.01680400000000759,-0.006587000000003229,0.01807804361650589,0.0
1787.0,94.0,106.0,26.0,94.0,106.0,26.0,93.99187199999999,106.014706,26.007371000000003,0.008128000000013458,-0.014706000000003883,-0.007371000000002681,0.01834836398702545,0.0
1788.0,142.0,120.0,26.0,142.0,120.0,26.0,141.99468000000002,120.017488,26.002787,0.005319999999983338,-0.01748800000000017,-0.0027870000000014272,0.018490535768328528,0.0
1789.0,26.0,126.0,26.0,28.0,128.0,24.0,27.982584,128.01183799999998,24.009239,-1.9825839999999992,-2.011837999999983,1.9907609999999991,3.4556129433750136,3.4641016151377544
1790.0,174.0,52.0,28.0,174.0,52.0,28.0,174.006742,52.017771999999994,28.008063,-0.00674200000000269,-0.017771999999993682,-0.008062999999999931,0.02064728836917358,0.0
1791.0,46.0,126.0,28.0,46.0,126.0,28.0,45.984558,126.01224599999999,28.008263000000003,0.015442000000000178,-0.012245999999990431,-0.008263000000003018,0.021370471426709826,0.0
1792.0,226.0,174.0,30.0,226.0,174.0,30.0,225.995664,174.02234599999997,29.991539000000003,0.0043359999999950105,-0.022345999999970445,0.008460999999996943,0.024284421611366087,0.0
1793.0,174.0,228.0,30.0,174.0,228.0,30.0,173.983492,228.02050799999998,29.989035,0.016507999999987533,-0.02050799999997821,0.010964999999998781,0.02851882453746416,0.0
1794.0,76.0,238.0,30.0,76.0,238.0,30.0,75.972666,238.015484,29.994227000000002,0.027333999999996195,-0.015483999999986509,0.005772999999997808,0.0319410291161595,0.0
1795.0,58.0,36.0,32.0,58.0,36.0,32.0,57.997566,36.010839999999995,32.017175,0.0024340000000009354,-0.010839999999994632,-0.017175000000001717,0.020455086922326855,0.0
1796.0,26.0,110.0,32.0,26.0,110.0,32.0,25.984693999999998,110.010402,32.011231,0.015306000000002484,-0.010401999999999134,-0.011231000000002211,0.0216474155732297,0.0
1797.0,186.0,82.0,34.0,186.0,82.0,34.0,186.003892,82.01815,34.003995,-0.003892000000007556,-0.01815000000000566,-0.0039950000000033015,0.018987632527524084,0.0
1798.0,128.0,144.0,34.0,128.0,144.0,34.0,127.990082,144.01612999999998,34.001011,0.009917999999998983,-0.016129999999975553,-0.0010109999999983188,0.01896221888385396,0.0
1799.0,50.0,182.0,34.0,50.0,182.0,34.0,49.9775,182.01264199999997,34.001899,0.022500000000000853,-0.012641999999971176,-0.0018990000000016494,0.02587810590053522,0.0
1800.0,52.0,186.0,34.0,52.0,186.0,34.0,51.977166,186.01281599999996,34.001339,0.02283400000000313,-0.012815999999958194,-0.0013390000000015334,0.02621896895377611,0.0
1801.0,194.0,24.0,36.0,194.0,24.0,36.0,194.01230600000002,24.017331999999996,36.009727000000005,-0.012306000000023687,-0.01733199999999613,-0.009727000000005148,0.02337627833938818,0.0
1802.0,194.0,236.0,36.0,194.0,236.0,36.0,193.98432200000002,236.02093599999998,35.986831,0.015677999999979875,-0.02093599999997764,0.013168999999997766,0.02928375558220588,0.0
1803.0,34.0,38.0,38.0,34.0,38.0,38.0,33.99492,38.00883399999999,38.018435000000004,0.005079999999999529,-0.008833999999993125,-0.018435000000003754,0.021064073229079227,0.0
1804.0,98.0,110.0,40.0,98.0,110.0,40.0,97.99160599999999,110.013194,40.006543,0.008394000000009783,-0.013193999999998596,-0.006543000000000632,0.016951451884724668,0.0
1805.0,78.0,132.0,40.0,78.0,132.0,40.0,77.98676199999998,132.01250799999997,40.005447000000004,0.013238000000015404,-0.012507999999968433,-0.005447000000003754,0.01900959013234265,0.0
1806.0,128.0,188.0,40.0,128.0,188.0,40.0,127.98422,188.01610999999997,39.996199000000004,0.015780000000006567,-0.016109999999969205,0.0038009999999957245,0.02286893309709009,0.0
1807.0,204.0,14.0,42.0,204.0,14.0,42.0,204.014542,14.016924,42.010107000000005,-0.014542000000005828,-0.016923999999999495,-0.010107000000004973,0.024495774921407424,0.0
1808.0,100.0,108.0,42.0,100.0,108.0,42.0,99.99204599999999,108.01301,42.006611,0.007954000000012229,-0.013009999999994193,-0.006610999999999478,0.016620214709805542,0.0
1809.0,38.0,8.0,46.0,38.0,8.0,46.0,37.999196000000005,8.007512,46.021339000000005,0.0008039999999951419,-0.007512000000000185,-0.02133900000000466,0.022636905287609296,0.0
1810.0,214.0,192.0,46.0,214.0,192.0,46.0,213.99198,192.01996799999998,45.990203,0.008019999999987704,-0.019967999999977337,0.009796999999998945,0.023643659467156877,0.0
1811.0,72.0,212.0,46.0,72.0,212.0,46.0,71.97556599999999,212.012782,45.997131,0.02443400000001361,-0.012781999999987192,0.002868999999996902,0.02772419594867126,0.0
1812.0,194.0,230.0,46.0,194.0,230.0,46.0,193.985024,230.01955399999997,45.987379000000004,0.014975999999990108,-0.019553999999970983,0.012620999999995774,0.027675424712160467,0.0
1813.0,196.0,60.0,48.0,196.0,62.0,50.0,196.007358,62.01629199999999,50.005355,-0.007358000000010634,-2.016291999999993,-2.0053550000000016,2.84375390029675,2.8284271247461903
1814.0,18.0,72.0,48.0,18.0,72.0,48.0,17.98879,72.007284,48.015687,0.011209999999998388,-0.007283999999998514,-0.015686999999999784,0.020610742951187748,0.0
1815.0,232.0,164.0,48.0,232.0,164.0,48.0,231.99740400000002,164.02018999999999,47.992055,0.0025959999999827232,-0.020189999999985275,0.007944999999999425,0.021851735423057513,0.0
1816.0,228.0,206.0,48.0,228.0,206.0,48.0,227.99147200000002,206.02069199999997,47.987775,0.008527999999984104,-0.020691999999968402,0.012225000000000819,0.02550169157131427,0.0
1817.0,158.0,242.0,48.0,158.0,242.0,48.0,157.97993000000002,242.01759399999997,47.988367000000004,0.020069999999975607,-0.01759399999997413,0.01163299999999623,0.029114951914746875,0.0
1818.0,212.0,16.0,50.0,212.0,16.0,50.0,212.014982,16.016358,50.009299000000006,-0.014982000000003382,-0.016358000000000317,-0.00929900000000572,0.024052357244150065,0.0
1819.0,26.0,48.0,50.0,26.0,48.0,50.0,25.992715999999998,48.00704399999999,50.017747,0.007284000000002067,-0.007043999999993389,-0.017746999999999957,0.020436012355641582,0.0
1820.0,198.0,60.0,50.0,198.0,60.0,50.0,198.007816,60.016363999999996,50.005443,-0.007815999999991163,-0.016363999999995826,-0.005442999999999643,0.01893400646983415,0.0
1821.0,182.0,64.0,50.0,182.0,64.0,50.0,182.005736,64.015584,50.006035000000004,-0.005736000000013064,-0.015584000000004039,-0.006035000000004231,0.017668728788464858,0.0
1822.0,182.0,78.0,50.0,182.0,78.0,50.0,182.003888,78.015822,50.004523000000006,-0.0038879999999892334,-0.015822000000000003,-0.00452300000000605,0.016908866224557194,0.0
1823.0,214.0,16.0,52.0,214.0,14.0,52.0,214.015422,14.016174,52.009367000000005,-0.015422000000000935,1.9838260000000005,-0.009367000000004566,1.983908056601667,2.0
1824.0,30.0,48.0,52.0,30.0,48.0,52.0,29.993085999999998,48.00699999999999,52.017471,0.006914000000001863,-0.006999999999990791,-0.01747100000000046,0.020050916113731884,0.0
1825.0,186.0,54.0,52.0,186.0,54.0,52.0,186.007426,54.01537,52.006839,-0.007426000000009481,-0.01536999999999722,-0.006838999999999373,0.018388972157248124,0.0
1826.0,192.0,80.0,52.0,192.0,80.0,52.0,192.004576,80.01612999999999,52.003647,-0.004575999999985925,-0.016129999999989764,-0.003647000000000844,0.017158592162515755,0.0
1827.0,34.0,180.0,52.0,34.0,180.0,52.0,33.97605,180.00945599999997,52.002959000000004,0.02394999999999925,-0.00945599999997171,-0.0029590000000041528,0.025918605614489634,0.0
1828.0,132.0,204.0,52.0,132.0,202.0,52.0,131.98265199999997,202.01502399999998,51.994311,0.017348000000026786,1.9849760000000174,0.0056889999999967245,1.9850599583894362,2.0
1829.0,10.0,10.0,54.0,10.0,10.0,54.0,9.996144000000001,10.005038,54.022835,0.0038559999999989714,-0.005038000000000764,-0.022835000000000605,0.0236999452531019,0.0
1830.0,28.0,58.0,54.0,28.0,58.0,54.0,27.991554,58.00680799999999,54.016499,0.008445999999999287,-0.006807999999992376,-0.01649900000000315,0.019745905423656524,0.0
1831.0,238.0,96.0,54.0,238.0,96.0,54.0,238.006908,96.018584,53.998955,-0.006908000000009906,-0.018584000000004153,0.0010449999999977422,0.019853905031511725,0.0
1832.0,128.0,204.0,54.0,128.0,204.0,54.0,127.981982,204.01458999999997,53.994331,0.01801799999999787,-0.014589999999969905,0.005668999999997482,0.02386742518578442,0.0
1833.0,14.0,10.0,56.0,14.0,10.0,56.0,13.996514000000001,10.004994,56.022559,0.003485999999998768,-0.004993999999999943,-0.022559000000001106,0.023366658147883294,0.0
1834.0,78.0,20.0,56.0,78.0,20.0,56.0,78.00140199999998,20.008556,56.017383,-0.0014019999999845822,-0.008555999999998676,-0.01738300000000237,0.01942522661386519,0.0
1835.0,190.0,62.0,56.0,190.0,62.0,56.0,190.006722,62.01520599999999,56.005679,-0.006721999999996342,-0.01520599999999206,-0.005679000000000656,0.017568686945805503,0.0
1836.0,24.0,106.0,56.0,24.0,106.0,56.0,23.984812,106.00715600000001,56.011551000000004,0.015187999999998425,-0.007156000000009044,-0.011551000000004308,0.020379138377276434,0.0
1837.0,242.0,116.0,56.0,242.0,116.0,56.0,242.004638,116.01888000000001,55.996519000000006,-0.00463799999999992,-0.01888000000001,0.003480999999993628,0.01975051404395168,0.0
1838.0,54.0,130.0,56.0,54.0,130.0,56.0,53.984554,130.00915399999997,56.007039000000006,0.015445999999997184,-0.0091539999999668,-0.007039000000006013,0.019285283326915106,0.0
1839.0,36.0,186.0,56.0,36.0,186.0,56.0,35.975416,186.00915199999997,56.002143000000004,0.024583999999997275,-0.00915199999997185,-0.0021430000000037808,0.026319662022893965,0.0
1840.0,90.0,198.0,56.0,90.0,198.0,56.0,89.97907,198.01221799999996,55.997391,0.020930000000007,-0.012217999999961648,0.0026089999999996394,0.02437521907592533,0.0
1841.0,228.0,216.0,56.0,228.0,216.0,56.0,227.99008,216.01983799999996,55.986615,0.009919999999993934,-0.019837999999964495,0.013384999999999536,0.025905807630692747,0.0
1842.0,150.0,236.0,56.0,150.0,236.0,56.0,149.97987400000002,236.01604399999997,55.989447000000006,0.02012599999997633,-0.016043999999965308,0.010552999999994483,0.027817829192764442,0.0
1843.0,38.0,94.0,58.0,38.0,94.0,58.0,37.987736000000005,94.007438,58.011931000000004,0.012263999999994724,-0.007437999999993394,-0.011931000000004133,0.018656856675224553,0.0
1844.0,30.0,160.0,58.0,30.0,164.0,56.0,29.977738000000002,164.00845999999999,56.004903000000006,0.022261999999997784,-4.008459999999985,1.9950969999999941,4.477572914833756,4.47213595499958
1845.0,152.0,238.0,58.0,152.0,238.0,58.0,151.97978600000002,238.01592799999997,57.989083,0.020213999999981525,-0.015927999999973963,0.010916999999999177,0.027955104524905745,0.0
1846.0,86.0,22.0,60.0,86.0,22.0,60.0,86.00187799999999,22.008502,60.016615,-0.0018779999999907204,-0.00850200000000001,-0.0166150000000016,0.018758174564706943,0.0
1847.0,76.0,144.0,60.0,76.0,144.0,60.0,75.984804,144.010046,60.004079000000004,0.015196000000003096,-0.010045999999988453,-0.004079000000004385,0.018667586158898474,0.0
1848.0,164.0,242.0,60.0,164.0,242.0,60.0,163.980404,242.01637599999998,59.987863000000004,0.019596000000007052,-0.01637599999997974,0.012136999999995624,0.028275136798953007,0.0
1849.0,144.0,78.0,62.0,144.0,78.0,62.0,144.000094,78.012272,62.006835,-9.399999999004649e-05,-0.012271999999995842,-0.006835000000002367,0.014047350105978296,0.0
1850.0,234.0,180.0,62.0,234.0,180.0,62.0,233.99535999999998,180.01877599999997,61.990059,0.004640000000023292,-0.018775999999974147,0.009940999999997757,0.021746063022975003,0.0
1851.0,34.0,34.0,64.0,34.0,34.0,64.0,33.995214,34.00543799999999,64.018607,0.0047860000000028435,-0.00543799999999095,-0.018607000000002927,0.019967425697871966,0.0
1852.0,64.0,42.0,64.0,64.0,42.0,64.0,63.997068000000006,42.007163999999996,64.015823,0.0029319999999941615,-0.007163999999995951,-0.015822999999997478,0.01761496094233047,0.0
1853.0,94.0,42.0,64.0,94.0,42.0,64.0,93.999978,42.008753999999996,64.013903,2.200000000129876e-05,-0.008753999999996154,-0.01390299999999911,0.01642943726972741,0.0
1854.0,210.0,62.0,64.0,210.0,62.0,64.0,210.00859000000003,62.01524199999999,64.004319,-0.00859000000002652,-0.015241999999993538,-0.004318999999995299,0.018021110537373052,0.0
1855.0,92.0,194.0,64.0,92.0,194.0,64.0,91.97972,194.01123199999998,63.997615,0.02027999999999963,-0.01123199999997837,0.002384999999996751,0.023305030551352718,0.0
1856.0,56.0,34.0,66.0,56.0,34.0,66.0,55.99733,34.006347999999996,66.017179,0.0026700000000019486,-0.006347999999995579,-0.017178999999998723,0.018507945455936228,0.0
1857.0,64.0,44.0,66.0,64.0,44.0,66.0,63.996786,44.006941999999995,66.015587,0.003213999999999828,-0.006941999999995119,-0.015586999999996465,0.01736305644176223,0.0
1858.0,76.0,116.0,66.0,76.0,116.0,66.0,75.988446,116.00880199999999,66.007043,0.011554000000003839,-0.008801999999988652,-0.007042999999995914,0.016142303707954185,0.0
1859.0,238.0,218.0,66.0,238.0,218.0,66.0,237.990696,218.01912199999998,65.985659,0.00930399999998599,-0.019121999999981654,0.014341000000001713,0.025649163358657273,0.0
1860.0,28.0,20.0,68.0,28.0,20.0,68.0,27.996444,20.004369999999998,68.02046299999999,0.0035559999999996705,-0.004369999999997987,-0.02046299999999235,0.021224429438730902,0.0
1861.0,102.0,198.0,68.0,102.0,198.0,68.0,101.980126,198.011318,67.99650299999999,0.0198740000000015,-0.011317999999988615,0.0034970000000100754,0.023136594585199274,0.0
1862.0,244.0,216.0,68.0,244.0,216.0,68.0,243.99152400000003,216.01914999999997,67.98547099999999,0.008475999999973283,-0.019149999999967804,0.014529000000010228,0.02548836826865563,0.0
1863.0,34.0,230.0,68.0,34.0,230.0,68.0,33.969306,230.00825799999998,67.997399,0.03069399999999689,-0.008257999999983667,0.002600999999998521,0.03189171367298301,0.0
1864.0,6.0,148.0,70.0,6.0,148.0,70.0,5.977395999999999,148.00512399999997,70.008027,0.02260400000000118,-0.0051239999999666,-0.008026999999998452,0.024528125101598904,0.0
1865.0,224.0,54.0,72.0,224.0,54.0,72.0,224.010932,54.01482399999999,72.004207,-0.010931999999996833,-0.014823999999990178,-0.0042069999999938545,0.01889334403962379,0.0
1866.0,62.0,74.0,72.0,62.0,74.0,72.0,61.992578,74.006578,72.01241499999999,0.007421999999998263,-0.006578000000004636,-0.012414999999990073,0.015889883353876096,0.0
1867.0,216.0,188.0,72.0,216.0,188.0,72.0,215.992468,188.01667799999996,71.990247,0.007531999999997652,-0.016677999999956228,0.009753000000003453,0.020736627425851386,0.0
1868.0,90.0,194.0,72.0,90.0,194.0,72.0,89.97945399999999,194.01010199999996,71.997663,0.020546000000010167,-0.010101999999960753,0.002336999999997147,0.023014128030399317,0.0
1869.0,214.0,198.0,72.0,214.0,198.0,72.0,213.990954,198.01674199999997,71.989295,0.0090460000000121,-0.016741999999965174,0.010705000000001519,0.02183395761191922,0.0
1870.0,98.0,214.0,72.0,98.0,214.0,72.0,97.97758999999999,214.01086599999996,71.994991,0.022410000000007813,-0.010865999999964515,0.005009000000001151,0.02540409685463332,0.0
1871.0,226.0,12.0,74.0,226.0,12.0,74.0,226.016652,12.013959999999999,74.008595,-0.01665199999999345,-0.013959999999999084,-0.008594999999999686,0.023367599983732838,0.0
1872.0,224.0,56.0,74.0,224.0,56.0,74.0,224.01065,56.01460199999999,74.00397099999999,-0.010649999999998272,-0.014601999999989346,-0.003970999999992841,0.018504316928749227,0.0
1873.0,212.0,66.0,74.0,212.0,66.0,74.0,212.00816600000002,66.014136,74.003659,-0.008166000000016993,-0.014135999999993487,-0.0036589999999989686,0.016730162372197287,0.0
1874.0,40.0,240.0,74.0,40.0,240.0,74.0,39.968514,240.00797799999998,73.995875,0.03148600000000101,-0.007977999999980057,0.004125000000001933,0.032741904419257006,0.0
1875.0,160.0,242.0,74.0,160.0,242.0,74.0,159.97989,242.01437199999998,73.987979,0.020109999999988304,-0.01437199999998029,0.012021000000004278,0.027485831349971315,0.0
1876.0,240.0,130.0,76.0,240.0,130.0,76.0,240.002416,130.016452,75.994935,-0.002416000000010854,-0.01645199999998681,0.0050650000000018736,0.017382738132976562,0.0
1877.0,180.0,138.0,76.0,180.0,138.0,76.0,179.99554,138.013408,75.997911,0.004459999999994579,-0.01340799999999831,0.002088999999998009,0.01428390650347089,0.0
1878.0,104.0,202.0,76.0,102.0,200.0,76.0,101.97979,200.010328,75.996207,2.020210000000006,1.989672000000013,0.0037930000000017117,2.835499514817993,2.8284271247461903
1879.0,160.0,224.0,76.0,160.0,224.0,76.0,159.982248,224.01380999999998,75.989903,0.017752000000001544,-0.013809999999978118,0.010097000000001799,0.02465358012539937,0.0
1880.0,160.0,222.0,78.0,160.0,222.0,78.0,159.98249400000003,222.01351999999997,77.990099,0.017505999999968935,-0.013519999999971333,0.009900999999999271,0.02423386549847388,0.0
1881.0,42.0,238.0,78.0,42.0,238.0,78.0,41.96893600000001,238.00753799999998,77.99592299999999,0.03106399999999354,-0.007537999999982503,0.004077000000009434,0.032224454518260066,0.0
1882.0,30.0,16.0,80.0,30.0,16.0,80.0,29.997058,16.002872,80.020647,0.0029420000000008883,-0.0028719999999999857,-0.02064699999999675,0.021052371766617436,0.0
1883.0,132.0,28.0,82.0,132.0,28.0,82.0,132.00535,28.008225999999997,82.01280299999999,-0.0053499999999928605,-0.008225999999996958,-0.012802999999991016,0.01613091395425701,0.0
1884.0,240.0,124.0,82.0,240.0,124.0,82.0,240.003154,124.015582,81.99552299999999,-0.003153999999994994,-0.015581999999994878,0.004477000000008502,0.016516354591733763,0.0
1885.0,210.0,190.0,82.0,208.0,186.0,86.0,207.99183,186.01442799999998,85.990835,2.008170000000007,3.985572000000019,-3.990835000000004,5.987010515550245,6.0
1886.0,210.0,210.0,82.0,210.0,210.0,82.0,209.98889200000002,210.01545399999998,81.98815499999999,0.011107999999978801,-0.015453999999976986,0.011845000000008099,0.02241690890821055,0.0
1887.0,34.0,22.0,84.0,34.0,22.0,84.0,33.996618,22.002674,84.01970299999999,0.0033820000000019945,-0.002673999999998955,-0.0197029999999927,0.02016919455505649,0.0
1888.0,234.0,70.0,84.0,236.0,66.0,80.0,236.01044000000002,66.01464,80.00206299999999,-2.010440000000017,3.98536,3.9979370000000074,5.992367109846419,6.0
1889.0,212.0,72.0,84.0,212.0,72.0,84.0,212.00728400000003,72.012958,84.002911,-0.007284000000026936,-0.012957999999997583,-0.0029109999999974434,0.015147288239163961,0.0
1890.0,84.0,28.0,86.0,84.0,28.0,86.0,84.00065799999999,28.00517,86.015835,-0.0006579999999871688,-0.005169999999999675,-0.015834999999995603,0.016670605537887354,0.0
1891.0,240.0,54.0,86.0,240.0,54.0,86.0,240.012358,54.01387999999999,86.00304299999999,-0.012358000000006086,-0.013879999999993231,-0.003042999999991025,0.01883173951072784,0.0
1892.0,214.0,74.0,86.0,214.0,74.0,86.0,214.007196,74.01284199999999,86.00254699999999,-0.007195999999993319,-0.012841999999992026,-0.0025469999999927495,0.014939430678565435,0.0
1893.0,186.0,98.0,86.0,186.0,98.0,86.0,186.001312,98.011766,86.001747,-0.0013120000000128584,-0.011765999999994392,-0.001746999999994614,0.011967126179659131,0.0
1894.0,146.0,140.0,86.0,146.0,140.0,86.0,145.991888,140.01035999999996,85.999771,0.008112000000011221,-0.010359999999963065,0.00022900000000447562,0.013160037423936864,0.0
1895.0,168.0,140.0,86.0,168.0,140.0,86.0,167.994022,140.01152599999998,85.998363,0.005977999999998929,-0.011525999999975056,0.001637000000002331,0.013086822723618588,0.0
1896.0,154.0,236.0,86.0,154.0,236.0,86.0,153.979992,236.01241599999997,85.988891,0.020007999999990034,-0.012415999999973337,0.011109000000004698,0.026036263191922215,0.0
1897.0,38.0,26.0,88.0,38.0,26.0,88.0,37.99644200000001,26.002442,88.018975,0.0035579999999910683,-0.002441999999998501,-0.01897499999999752,0.019459531160843393,0.0
1898.0,112.0,128.0,88.0,112.0,128.0,88.0,111.99015599999998,128.008098,88.00322299999999,0.009844000000015285,-0.008097999999989725,-0.003222999999991316,0.013147991063279536,0.0
1899.0,164.0,142.0,88.0,164.0,142.0,88.0,163.99335200000002,142.01109199999996,87.998383,0.006647999999984222,-0.011091999999962354,0.0016169999999959828,0.013032384931352437,0.0
1900.0,154.0,234.0,88.0,154.0,234.0,88.0,153.980238,234.01212599999997,87.989087,0.019761999999985846,-0.012125999999966552,0.010913000000002171,0.02562557490084226,0.0
1901.0,164.0,140.0,90.0,164.0,140.0,90.0,163.993598,140.01080199999998,89.99857899999999,0.0064020000000084565,-0.010801999999983991,0.0014210000000076661,0.01263677367842695,0.0
1902.0,148.0,144.0,90.0,148.0,144.0,90.0,147.99151799999999,144.010022,89.999171,0.008482000000014978,-0.010021999999992204,0.0008289999999959718,0.01315568504488045,0.0
1903.0,8.0,8.0,94.0,8.0,8.0,96.0,7.995836,7.999522000000001,96.022759,0.004164000000000279,0.0004779999999993123,-2.0227589999999935,2.022763342425647,2.0
1904.0,142.0,140.0,94.0,142.0,140.0,94.0,141.991428,140.00912399999999,93.99994699999999,0.008571999999986701,-0.009123999999985699,5.300000000829641e-05,0.012519160075640535,0.0
1905.0,150.0,212.0,94.0,150.0,212.0,94.0,149.98270000000002,212.01077199999997,93.991659,0.017299999999977445,-0.010771999999974469,0.008341000000001486,0.022020405650184885,0.0
1906.0,148.0,212.0,96.0,148.0,212.0,96.0,147.982488,212.01040999999995,95.991767,0.01751200000001063,-0.010409999999950514,0.008233000000004154,0.021973177580846392,0.0
1907.0,174.0,66.0,98.0,174.0,66.0,98.0,174.004264,66.00904999999999,98.00585099999999,-0.004264000000006263,-0.00904999999998779,-0.005850999999992723,0.011589581398814507,0.0
1908.0,186.0,76.0,98.0,186.0,76.0,98.0,186.00410800000003,76.009856,98.004003,-0.004108000000030643,-0.009855999999999199,-0.004002999999997314,0.011403526165191821,0.0
1909.0,102.0,146.0,98.0,102.0,146.0,98.0,101.98671999999999,146.00659399999998,98.001819,0.01328000000000884,-0.00659399999997845,-0.0018189999999975726,0.014938139007250596,0.0
1910.0,96.0,46.0,100.0,96.0,48.0,100.0,95.99905599999998,48.00435399999999,100.012767,0.0009440000000182636,-2.004353999999992,-0.012766999999996642,2.0043948824373325,2.0
1911.0,58.0,56.0,100.0,58.0,56.0,100.0,57.994313999999996,56.002475999999994,100.014335,0.005686000000004299,-0.0024759999999943716,-0.014335000000002651,0.015619007554902361,0.0
1912.0,172.0,64.0,100.0,172.0,66.0,100.0,172.004052,66.008688,100.005959,-0.004052000000001499,-2.0086880000000065,-0.0059590000000042664,2.0087009259043582,2.0
1913.0,176.0,94.0,100.0,176.0,94.0,100.0,176.00074400000003,94.009376,100.002679,-0.0007440000000258351,-0.00937600000000316,-0.002679000000000542,0.009779568139754464,0.0
1914.0,112.0,206.0,100.0,112.0,206.0,100.0,111.97975199999999,206.00788799999998,99.99467899999999,0.02024800000000937,-0.007887999999979911,0.005321000000009235,0.022372194550382418,0.0
1915.0,168.0,64.0,102.0,168.0,64.0,102.0,168.00391000000002,64.008186,102.006411,-0.003910000000018954,-0.00818599999999492,-0.0064109999999999445,0.011108538022623154,0.0
1916.0,114.0,102.0,102.0,114.0,102.0,102.0,113.993656,102.00596999999999,102.005763,0.006343999999998573,-0.005969999999990705,-0.005763000000001739,0.01044506606010182,0.0
1917.0,78.0,40.0,104.0,78.0,40.0,102.0,77.998348,40.003007999999994,102.014763,0.0016520000000070922,-0.0030079999999941265,1.985236999999998,1.9852399661846907,2.0
1918.0,144.0,76.0,106.0,144.0,76.0,106.0,143.999962,76.00660599999999,106.00661099999999,3.799999998932435e-05,-0.006605999999990786,-0.006610999999992373,0.009345908249056194,0.0
1919.0,68.0,10.0,108.0,68.0,8.0,106.0,68.001566,8.001421999999998,106.018819,-0.0015659999999968477,1.998578000000002,1.9811810000000065,2.814141899265393,2.8284271247461903
1920.0,76.0,42.0,108.0,76.0,42.0,108.0,75.99783599999999,42.002168,108.01461499999999,0.0021640000000076043,-0.0021679999999975053,-0.014614999999992051,0.014932559894398206,0.0
1921.0,102.0,52.0,108.0,102.0,52.0,108.0,101.999038,52.003716,108.011871,0.0009620000000012396,-0.003715999999997166,-0.011870999999999299,0.012476166919369293,0.0
1922.0,184.0,64.0,108.0,184.0,64.0,108.0,184.00540800000005,64.008266,108.005327,-0.0054080000000453765,-0.008266000000006102,-0.0053269999999940865,0.011222751400638288,0.0
1923.0,38.0,74.0,108.0,38.0,74.0,108.0,37.989926000000004,74.000698,108.01359099999999,0.01007399999999592,-0.0006979999999998654,-0.013590999999991027,0.01693186230158023,0.0
1924.0,232.0,238.0,108.0,232.0,238.0,108.0,231.987096,238.01376799999997,107.983463,0.012903999999991811,-0.01376799999997047,0.01653699999999958,0.02509070363698399,0.0
1925.0,234.0,240.0,108.0,234.0,240.0,108.0,233.98702600000001,240.013908,107.983119,0.012973999999985608,-0.013907999999986487,0.016880999999997925,0.0254307943446362,0.0
1926.0,32.0,242.0,108.0,32.0,242.0,108.0,31.967168,242.003236,107.995831,0.032831999999999084,-0.003235999999986916,0.00416900000000453,0.033253458181065815,0.0
1927.0,168.0,26.0,110.0,168.0,26.0,110.0,168.008854,26.006515999999998,110.010435,-0.008854000000013684,-0.006515999999997746,-0.010435000000001082,0.015157202809233487,0.0
1928.0,76.0,44.0,110.0,76.0,44.0,110.0,75.997554,44.001946,110.014379,0.0024460000000061655,-0.0019459999999966726,-0.014379000000005249,0.01471480455188475,0.0
1929.0,182.0,64.0,110.0,182.0,64.0,110.0,182.005196,64.007904,110.00543499999999,-0.005196000000012191,-0.007903999999996358,-0.005434999999991419,0.010909209733063887,0.0
1930.0,202.0,208.0,110.0,202.0,208.0,110.0,201.98812800000002,208.01141199999998,109.988603,0.011871999999982563,-0.011411999999978661,0.011397000000002322,0.0200267255685784,0.0
1931.0,234.0,238.0,110.0,234.0,238.0,110.0,233.987272,238.01361799999998,109.983315,0.012728000000009843,-0.013617999999979702,0.016684999999995398,0.025016817003758574,0.0
1932.0,188.0,12.0,112.0,188.0,14.0,110.0,188.012378,14.007372,110.010451,-0.012378000000012435,-2.007372,1.9895489999999967,2.826305147125658,2.8284271247461903
1933.0,180.0,64.0,112.0,180.0,64.0,112.0,180.004984,64.007542,112.005543,-0.004984000000007427,-0.007542000000000826,-0.005543000000002962,0.010604096802656948,0.0
1934.0,206.0,186.0,112.0,206.0,186.0,112.0,205.991402,186.01099399999998,111.990703,0.008598000000006323,-0.010993999999982407,0.009297000000003663,0.016769849403014625,0.0
1935.0,186.0,18.0,114.0,186.0,18.0,114.0,186.01162000000002,18.006822,114.010107,-0.011620000000021946,-0.006821999999999662,-0.010107000000004973,0.016843857426391554,0.0
1936.0,160.0,34.0,114.0,160.0,34.0,114.0,160.006986,34.00571599999999,114.010043,-0.006986000000011927,-0.005715999999992505,-0.010042999999996027,0.013503284822590434,0.0
1937.0,214.0,154.0,114.0,214.0,154.0,114.0,213.996384,154.010618,113.993627,0.0036159999999938464,-0.010617999999993799,0.006372999999996409,0.012900872412351733,0.0
1938.0,180.0,10.0,116.0,180.0,10.0,116.0,180.012076,10.006112,116.011335,-0.012076000000007525,-0.006111999999999895,-0.011335000000002537,0.01765413676734827,0.0
1939.0,174.0,62.0,116.0,174.0,62.0,116.0,174.00463,62.006677999999994,116.006103,-0.004629999999991696,-0.0066779999999937445,-0.006102999999995973,0.010162637108535875,0.0
1940.0,96.0,196.0,116.0,96.0,196.0,116.0,95.97937599999999,196.004822,115.996623,0.020624000000012188,-0.004821999999990112,0.0033770000000004075,0.021447731558381884,0.0
1941.0,170.0,58.0,118.0,170.0,58.0,118.0,170.00475200000002,58.00614199999999,118.006771,-0.0047520000000247364,-0.006141999999989878,-0.006771000000000527,0.010303014558861784,0.0
1942.0,22.0,48.0,120.0,22.0,48.0,120.0,21.991698,47.997871999999994,120.017303,0.008302000000000476,0.002128000000006125,-0.017302999999998292,0.01930920498104401,0.0
1943.0,118.0,82.0,120.0,118.0,82.0,120.0,117.996522,82.00353799999999,120.007487,0.0034780000000012024,-0.0035379999999918255,-0.007486999999997579,0.008981597686375974,0.0
1944.0,114.0,104.0,120.0,114.0,104.0,120.0,113.99323,104.0037,120.00536699999999,0.006770000000003051,-0.0036999999999949296,-0.005366999999992572,0.00939827585251274,0.0
1945.0,172.0,38.0,122.0,172.0,38.0,122.0,172.00754999999998,38.00539599999999,122.008763,-0.007549999999980628,-0.0053959999999904085,-0.008763000000001853,0.012763600001552714,0.0
1946.0,126.0,80.0,122.0,126.0,80.0,122.0,125.997544,80.00367200000001,122.007171,0.0024559999999951287,-0.0036720000000087794,-0.007170999999999594,0.008422515123170438,0.0
1947.0,190.0,124.0,122.0,190.0,124.0,122.0,189.997944,124.007812,121.998323,0.002056000000010272,-0.007812000000001262,0.0016770000000008167,0.008250261147385864,0.0
1948.0,166.0,158.0,122.0,166.0,158.0,122.0,165.99112799999997,158.007118,121.99618699999999,0.008872000000025082,-0.007117999999991298,0.00381300000000806,0.011996552713191512,0.0
1949.0,208.0,182.0,126.0,208.0,182.0,126.0,207.991998,182.00923999999998,125.990867,0.008002000000004728,-0.009239999999977044,0.009133000000005609,0.015258482657189537,0.0
1950.0,190.0,132.0,128.0,190.0,132.0,128.0,189.996834,132.00718,127.997399,0.0031659999999931188,-0.007180000000005293,0.002600999999998521,0.008266871052582394,0.0
1951.0,148.0,184.0,128.0,148.0,184.0,128.0,147.985896,184.00583799999998,127.994471,0.014104000000003225,-0.005837999999982912,0.005528999999995676,0.016234990021550478,0.0
1952.0,152.0,186.0,128.0,152.0,186.0,128.0,151.98602000000002,186.006084,127.993999,0.013979999999975234,-0.0060839999999871,0.006000999999997703,0.0163849765638869,0.0
1953.0,154.0,208.0,128.0,154.0,208.0,128.0,153.98331000000002,208.006564,127.991495,0.016689999999982774,-0.00656399999999735,0.00850499999999954,0.019848859438249402,0.0
1954.0,120.0,78.0,132.0,120.0,78.0,132.0,119.997136,78.00204,132.007671,0.00286400000000242,-0.0020399999999938245,-0.007670999999987771,0.008438503244047551,0.0
1955.0,106.0,90.0,132.0,106.0,90.0,132.0,105.994194,90.001502,132.007271,0.005806000000006861,-0.0015020000000021128,-0.007271000000002914,0.00942513029088343,0.0
1956.0,68.0,234.0,132.0,68.0,236.0,132.0,67.97123599999999,236.00196999999997,131.993935,0.02876400000000956,-2.0019699999999716,0.006065000000006648,2.0021858137597737,2.0
1957.0,84.0,60.0,134.0,84.0,60.0,134.0,83.996002,59.99956999999999,134.011899,0.003997999999995727,0.0004300000000085902,-0.01189899999999966,0.0125600599122761,0.0
1958.0,102.0,78.0,134.0,102.0,78.0,134.0,101.995372,78.00083000000001,134.008803,0.004627999999996746,-0.0008300000000076579,-0.008803000000000338,0.009979984619226051,0.0
1959.0,178.0,80.0,134.0,178.0,80.0,134.0,178.00248000000002,80.004892,134.003723,-0.0024800000000197997,-0.00489199999999812,-0.0037230000000079144,0.0066289360383200826,0.0
1960.0,180.0,82.0,134.0,180.0,82.0,134.0,180.00241,82.005032,134.003379,-0.0024099999999975807,-0.005031999999999925,-0.003378999999995358,0.0065227881308498915,0.0
1961.0,112.0,104.0,134.0,112.0,104.0,134.0,111.99291,104.001802,134.005355,0.007090000000005148,-0.0018019999999978609,-0.005355000000008658,0.009065943359637651,0.0
1962.0,78.0,42.0,136.0,78.0,42.0,136.0,77.997778,41.99868999999999,136.014207,0.002222000000003277,0.0013100000000108025,-0.01420699999999897,0.014439260126475097,0.0
1963.0,98.0,76.0,136.0,98.0,76.0,136.0,97.99523,76.000328,136.009255,0.004769999999993502,-0.0003279999999961092,-0.009254999999996016,0.010417077757214914,0.0
1964.0,192.0,122.0,138.0,192.0,122.0,138.0,191.998258,122.005836,137.998251,0.0017420000000072378,-0.005836000000002173,0.0017489999999895645,0.006336596957359216,0.0
1965.0,220.0,126.0,138.0,220.0,126.0,138.0,220.00044600000004,126.007388,137.996027,-0.00044600000003924833,-0.007388000000005945,0.003973000000002003,0.008400368384787584,0.0
1966.0,232.0,190.0,138.0,232.0,190.0,138.0,231.993162,190.009112,137.988347,0.006837999999987687,-0.009111999999987574,0.011652999999995473,0.01629660078051554,0.0
1967.0,26.0,132.0,140.0,26.0,132.0,140.0,25.980818000000003,131.99695199999996,140.007775,0.019181999999997146,0.0030480000000352447,-0.007775000000009413,0.020921043305730518,0.0
1968.0,174.0,12.0,142.0,174.0,12.0,142.0,174.01099599999998,12.0025,142.011243,-0.010995999999977357,-0.0024999999999995026,-0.011243000000007441,0.01592378927892689,0.0
1969.0,56.0,116.0,142.0,56.0,116.0,142.0,55.985822,115.998014,142.007563,0.014178000000001134,0.0019860000000022637,-0.007563000000004649,0.016191320174714335,0.0
1970.0,98.0,180.0,142.0,98.0,180.0,142.0,97.981448,180.00132799999997,141.997963,0.01855199999999968,-0.0013279999999724623,0.002037000000001399,0.018710682964550508,0.0
1971.0,62.0,34.0,144.0,62.0,34.0,144.0,61.997209999999995,33.996682,144.016015,0.002790000000004511,0.003318000000000154,-0.016015000000010104,0.016591366700798034,0.0
1972.0,52.0,36.0,144.0,52.0,36.0,144.0,51.99597599999999,35.996185999999994,144.016439,0.004024000000008243,0.003814000000005535,-0.01643899999999121,0.0173487720891082,0.0
1973.0,174.0,60.0,144.0,176.0,60.0,146.0,176.004818,60.00290999999999,146.005891,-2.004818,-0.0029099999999928627,-2.005890999999991,2.8360011257235014,2.8284271247461903
1974.0,140.0,66.0,144.0,140.0,66.0,144.0,140.000552,66.00135999999999,144.007567,-0.0005519999999989977,-0.001359999999991146,-0.00756699999999455,0.007708034314914039,0.0
1975.0,170.0,70.0,144.0,170.0,70.0,144.0,170.002934,70.003018,144.005215,-0.0029340000000104283,-0.0030179999999973006,-0.005214999999992642,0.0067017091103664115,0.0
1976.0,234.0,130.0,144.0,234.0,130.0,144.0,234.001222,130.00743,143.994639,-0.001222000000012713,-0.0074299999999993815,0.00536099999999351,0.009243295137555238,0.0
1977.0,240.0,194.0,144.0,240.0,194.0,144.0,239.993356,194.00883599999997,143.987343,0.006643999999994321,-0.008835999999973865,0.012656999999990148,0.01680527539194801,0.0
1978.0,52.0,204.0,144.0,52.0,204.0,144.0,51.9738,203.99904199999997,143.998295,0.026200000000002888,0.0009580000000255495,0.001704999999986967,0.0262728907621555,0.0
1979.0,100.0,46.0,146.0,100.0,46.0,146.0,99.99929399999999,45.998644,146.012267,0.000706000000008089,0.001356000000001245,-0.012267000000008466,0.01236189552618135,0.0
1980.0,174.0,54.0,146.0,174.0,54.0,146.0,174.005416,54.002702,146.006667,-0.005415999999996757,-0.002701999999999316,-0.006666999999993095,0.009004595993150892,0.0
1981.0,46.0,108.0,146.0,46.0,108.0,146.0,45.985872,107.996836,146.009027,0.014127999999999474,0.0031639999999981683,-0.009027000000003227,0.017061594562057553,0.0
1982.0,80.0,60.0,148.0,80.0,60.0,148.0,79.995488,59.99756599999999,148.012015,0.004512000000005401,0.002434000000008041,-0.012014999999991005,0.01306302893665446,0.0
1983.0,106.0,72.0,148.0,106.0,72.0,148.0,105.99642599999999,71.99914799999999,148.009055,0.003574000000014621,0.0008520000000089567,-0.009054999999989377,0.009772021541110489,0.0
1984.0,30.0,104.0,148.0,30.0,104.0,148.0,29.98483,103.99566399999999,148.010463,0.015170000000001238,0.004336000000009221,-0.010462999999987233,0.018931565307703704,0.0
1985.0,236.0,118.0,148.0,236.0,118.0,148.0,236.00296400000002,118.00681999999999,147.995767,-0.0029640000000199507,-0.0068199999999905,0.004232999999999265,0.008556633976043528,0.0
1986.0,116.0,174.0,148.0,116.0,174.0,148.0,115.98393199999998,174.00141199999996,147.997399,0.0160680000000184,-0.0014119999999593347,0.002600999999998521,0.016338285375169233,0.0
1987.0,210.0,208.0,148.0,210.0,208.0,148.0,209.98856200000003,208.00697199999996,147.987711,0.011437999999969861,-0.006971999999962009,0.012289000000009764,0.018178452876937045,0.0
1988.0,30.0,102.0,150.0,30.0,102.0,150.0,29.985076000000003,101.995374,150.010659,0.01492399999999705,0.004626000000001795,-0.01065900000000397,0.018914014195828797,0.0
1989.0,110.0,180.0,150.0,110.0,180.0,150.0,109.98254,180.00093999999996,149.997115,0.01745999999999981,-0.0009399999999573083,0.002884999999992033,0.017721693626735202,0.0
1990.0,176.0,44.0,152.0,176.0,44.0,152.0,176.006876,44.00187,152.007559,-0.006876000000005433,-0.0018699999999967076,-0.007558999999986327,0.010388202780070077,0.0
1991.0,30.0,100.0,152.0,30.0,100.0,152.0,29.985322,99.99508399999999,152.010855,0.014677999999999969,0.00491600000000858,-0.010854999999992287,0.018906130354991103,0.0
1992.0,174.0,118.0,152.0,174.0,118.0,152.0,173.99691399999998,118.00302199999999,151.999695,0.003086000000024569,-0.0030219999999872016,0.0003049999999973352,0.004330000577375558,0.0
1993.0,132.0,38.0,156.0,132.0,38.0,156.0,132.00336399999998,37.998923999999995,156.010983,-0.003363999999976386,0.0010760000000047398,-0.010983000000010179,0.01153692164314532,0.0
1994.0,136.0,40.0,156.0,136.0,40.0,156.0,136.003488,39.99916999999999,156.010511,-0.0034880000000043765,0.0008300000000076579,-0.010511000000008153,0.011105681654010015,0.0
1995.0,138.0,42.0,156.0,138.0,42.0,156.0,138.003418,41.999309999999994,156.010167,-0.0034180000000105792,0.0006900000000058526,-0.010166999999995596,0.010748335359486643,0.0
1996.0,166.0,60.0,156.0,166.0,60.0,156.0,166.00375799999998,60.001099999999994,156.006431,-0.0037579999999763913,-0.0010999999999938836,-0.006430999999992082,0.007529297776001907,0.0
1997.0,102.0,66.0,156.0,102.0,66.0,156.0,101.996758,65.99780999999999,156.009879,0.003242000000000189,0.002190000000013015,-0.009879000000012184,0.010625502576363103,0.0
1998.0,86.0,102.0,156.0,86.0,102.0,156.0,85.990454,101.99757399999999,156.007015,0.009546000000000276,0.002426000000014028,-0.007014999999995553,0.012092221342665332,0.0
1999.0,92.0,108.0,156.0,92.0,108.0,156.0,91.990244,107.99799399999999,156.005983,0.009755999999995879,0.002006000000008612,-0.005982999999986305,0.011618944057004074,0.0
2000.0,104.0,182.0,156.0,104.0,182.0,156.0,103.98164,181.99988799999997,155.997223,0.018360000000001264,0.00011200000002986599,0.0027770000000089112,0.01856916457464101,0.0
2001.0,206.0,4.0,158.0,206.0,4.0,158.0,206.015012,4.002012000000001,158.009899,-0.015012000000012904,-0.002012000000000569,-0.00989899999999011,0.018094156211335026,0.0
2002.0,120.0,18.0,158.0,120.0,18.0,158.0,120.00482199999999,17.997692,158.013891,-0.004821999999990112,0.0023079999999993106,-0.013891000000000986,0.014884167057646485,0.0
2003.0,134.0,40.0,158.0,134.0,40.0,158.0,134.00327600000003,39.998808,158.010619,-0.0032760000000280343,0.0011920000000031905,-0.010618999999991274,0.011176591653988524,0.0
2004.0,136.0,42.0,158.0,136.0,42.0,158.0,136.00320600000003,41.998948,158.010275,-0.003206000000034237,0.0010520000000013852,-0.01027500000000714,0.010814840035819725,0.0
2005.0,168.0,60.0,158.0,168.0,60.0,158.0,168.00393400000002,60.000949999999996,158.006283,-0.003934000000015203,-0.0009499999999960096,-0.006282999999996264,0.007473616594398262,0.0
2006.0,208.0,112.0,160.0,208.0,112.0,160.0,208.000932,112.00369799999999,159.998087,-0.0009320000000059281,-0.0036979999999857682,0.00191300000000183,0.0042665439174949076,0.0
2007.0,160.0,180.0,160.0,162.0,180.0,158.0,161.987512,180.00267199999996,157.993707,-1.9875120000000095,-0.002671999999961372,2.0062929999999994,2.824079087344587,2.8284271247461903
2008.0,196.0,200.0,160.0,196.0,200.0,160.0,195.988152,200.00455799999997,159.989351,0.011847999999986314,-0.004557999999974527,0.010649000000000797,0.01656960074954917,0.0
2009.0,230.0,208.0,160.0,230.0,208.0,160.0,229.990394,208.00649599999997,159.986311,0.0096059999999909,-0.006495999999970081,0.013688999999999396,0.017940512060680428,0.0
2010.0,186.0,8.0,162.0,186.0,8.0,162.0,186.012508,8.000507999999998,162.010707,-0.012507999999996855,-0.0005079999999981766,-0.01070699999999647,0.01647264329122208,0.0
2011.0,108.0,182.0,162.0,108.0,182.0,162.0,107.981974,181.99933199999998,161.996907,0.018026000000006093,0.0006680000000187647,0.003093000000006896,0.018301626949544333,0.0
2012.0,120.0,232.0,162.0,120.0,232.0,162.0,119.97653799999999,232.00081799999998,161.990739,0.023462000000009198,-0.0008179999999811116,0.00926100000000929,0.02523689142902851,0.0
2013.0,146.0,12.0,166.0,146.0,12.0,166.0,146.008064,11.997944,166.012795,-0.008063999999990301,0.0020559999999996137,-0.012795000000011214,0.015263264952169604,0.0
2014.0,144.0,18.0,168.0,144.0,18.0,168.0,144.00706000000002,17.997684,168.012255,-0.007060000000024047,0.002316000000000429,-0.012255000000010341,0.014331520540424,0.0
2015.0,62.0,4.0,170.0,62.0,4.0,170.0,62.000935999999996,3.992844,170.018995,-0.0009359999999958291,0.007156000000000162,-0.01899499999998966,0.020319804551215587,0.0
2016.0,142.0,36.0,170.0,142.0,36.0,170.0,142.00447200000002,35.99762799999999,170.010419,-0.004472000000021126,0.0023720000000082564,-0.010419000000013057,0.01158364057628258,0.0
2017.0,200.0,50.0,170.0,200.0,50.0,170.0,200.00825,50.00093999999999,170.00519500000001,-0.008250000000003865,-0.0009399999999928355,-0.005195000000014716,0.009794596724735694,0.0
2018.0,98.0,68.0,170.0,98.0,68.0,170.0,97.99597999999999,67.99584,170.009779,0.004020000000011237,0.004159999999998831,-0.009779000000008864,0.011361991066721271,0.0
2019.0,136.0,176.0,170.0,136.0,176.0,170.0,135.98541,175.99969,169.995683,0.014589999999998327,0.0003100000000131331,0.0043169999999861375,0.015218432540831517,0.0
2020.0,136.0,218.0,170.0,136.0,218.0,170.0,135.97986600000002,218.00040399999997,169.991147,0.020133999999984553,-0.0004039999999747579,0.008852999999987787,0.021998108577765074,0.0
2021.0,198.0,8.0,172.0,198.0,8.0,172.0,198.01358199999999,7.999864,172.009839,-0.013581999999985328,0.00013600000000035806,-0.009838999999999487,0.01677185562183241,0.0
2022.0,222.0,10.0,172.0,224.0,12.0,172.0,224.01557599999998,12.001309999999998,172.007743,-2.0155759999999816,-2.0013099999999984,-0.00774300000000494,2.8403957967024454,2.8284271247461903
2023.0,218.0,106.0,172.0,218.0,106.0,172.0,218.002586,106.00259,171.997975,-0.002586000000007971,-0.0025899999999978718,0.002025000000003274,0.004182836477803485,0.0
2024.0,150.0,176.0,172.0,154.0,178.0,174.0,153.98685600000002,178.00016599999998,173.994275,-3.9868560000000173,-2.000165999999979,-1.9942749999999876,4.885981740440401,4.898979485566356
2025.0,148.0,2.0,174.0,148.0,2.0,174.0,148.00950600000002,1.9968559999999997,174.013667,-0.009506000000016002,0.0031440000000002577,-0.013666999999998097,0.01694212681454881,0.0
2026.0,186.0,28.0,174.0,184.0,28.0,172.0,184.00958400000002,27.999461999999998,172.008575,1.990415999999982,0.0005380000000023699,1.9914249999999925,2.815586914503777,2.8284271247461903
2027.0,52.0,48.0,174.0,52.0,48.0,174.0,51.994122000000004,47.992549999999994,174.014843,0.005877999999995609,0.00745000000000573,-0.014843000000013262,0.017617265196403994,0.0
2028.0,14.0,50.0,174.0,14.0,48.0,172.0,13.990454000000001,47.99079199999999,172.017295,0.0095459999999985,2.009208000000008,1.98270500000001,2.8227871032731233,2.8284271247461903
2029.0,44.0,72.0,174.0,44.0,72.0,174.0,43.99017800000001,71.99253399999999,174.012763,0.00982199999999267,0.007466000000007966,-0.012763000000006741,0.017751253730374852,0.0
2030.0,76.0,128.0,174.0,76.0,128.0,174.0,75.98589,127.995182,174.004667,0.014110000000002287,0.004818000000000211,-0.004667000000011967,0.015623255518622816,0.0
2031.0,6.0,182.0,174.0,6.0,182.0,174.0,5.971971999999999,181.99239,174.00331500000001,0.02802800000000083,0.007609999999999673,-0.003315000000014834,0.029231320685185264,0.0
2032.0,6.0,46.0,176.0,6.0,46.0,176.0,5.9899059999999995,45.98982199999999,176.01798300000002,0.010094000000000491,0.010178000000010456,-0.01798300000001518,0.02299714784491261,0.0
2033.0,200.0,70.0,176.0,200.0,70.0,176.0,200.00555599999998,70.000512,176.002975,-0.005555999999984351,-0.000512000000000512,-0.0029749999999921783,0.006323124623141639,0.0
2034.0,178.0,192.0,176.0,180.0,192.0,176.0,179.987512,192.00152599999998,175.991079,-1.9875120000000095,-0.0015259999999841511,0.008920999999986634,1.9875326067919081,2.0
2035.0,238.0,224.0,176.0,238.0,224.0,176.0,237.988914,224.00514399999997,175.983911,0.011086000000005924,-0.005143999999972948,0.016088999999993803,0.020204357277568953,0.0
2036.0,140.0,32.0,178.0,140.0,32.0,178.0,140.004734,31.99643,178.010899,-0.004734000000013339,0.003569999999999851,-0.010898999999994885,0.012407411373852878,0.0
2037.0,210.0,60.0,178.0,210.0,60.0,178.0,210.00782800000002,60.000615999999994,178.003395,-0.00782800000001771,-0.0006159999999937327,-0.0033950000000118052,0.008554710106154953,0.0
2038.0,236.0,90.0,178.0,236.0,90.0,178.0,236.00639000000004,90.002504,177.998491,-0.006390000000038754,-0.002504000000001838,0.0015089999999986503,0.00702703330008478,0.0
2039.0,96.0,94.0,178.0,96.0,94.0,178.0,95.99228199999999,93.99515199999999,178.007019,0.007718000000011216,0.004848000000009733,-0.007019000000013875,0.01150378150872409,0.0
2040.0,120.0,176.0,178.0,120.0,176.0,178.0,119.983786,175.99781799999997,177.996627,0.016214000000005058,0.002182000000033213,0.0033730000000105065,0.01670425242267309,0.0
2041.0,198.0,32.0,180.0,198.0,32.0,180.0,198.010342,31.999247999999998,180.007167,-0.010342000000008511,0.0007520000000020843,-0.007167000000009693,0.012605092502648211,0.0
2042.0,68.0,56.0,180.0,68.0,56.0,180.0,67.994564,55.99276599999999,180.01289500000001,0.005436000000003105,0.007234000000011065,-0.012895000000014534,0.01575315450951233,0.0
2043.0,60.0,138.0,180.0,60.0,138.0,180.0,59.982963999999996,137.99373599999998,180.004551,0.017036000000004492,0.0062640000000158125,-0.0045509999999922,0.018712952546305464,0.0
2044.0,82.0,144.0,180.0,82.0,144.0,180.0,81.98430599999999,143.99500399999997,180.002495,0.015694000000010533,0.004996000000033973,-0.00249500000001035,0.01665793135418446,0.0
2045.0,224.0,26.0,182.0,224.0,26.0,182.0,224.013638,26.000268000000002,182.006131,-0.01363799999998605,-0.00026800000000193336,-0.006131000000010545,0.014955133867663967,0.0
2046.0,54.0,144.0,182.0,54.0,144.0,182.0,53.981572,143.99326399999998,182.004267,0.01842800000000011,0.006736000000017839,-0.0042669999999986885,0.02007914761637638,0.0
2047.0,60.0,172.0,182.0,60.0,172.0,182.0,59.978458,171.994058,182.000859,0.02154199999999662,0.005942000000004555,-0.0008589999999912834,0.022362983007637723,0.0
2048.0,10.0,182.0,182.0,10.0,182.0,182.0,9.972288,181.991578,182.002979,0.027711999999999293,0.008421999999995933,-0.002979000000010501,0.029116309329995017,0.0
2049.0,168.0,194.0,182.0,170.0,194.0,182.0,169.986224,194.000262,181.991443,-1.9862239999999929,-0.0002619999999922129,0.008556999999996151,1.986242449719815,2.0
2050.0,154.0,212.0,182.0,154.0,212.0,182.0,153.982296,211.99972,181.990523,0.017704000000009046,0.0002800000000036107,0.009477000000003954,0.020082916745343474,0.0
2051.0,26.0,8.0,184.0,26.0,8.0,184.0,25.99679,7.989212000000001,184.020727,0.003209999999999269,0.01078799999999891,-0.020726999999993723,0.02358587655779856,0.0
2052.0,222.0,24.0,184.0,222.0,24.0,184.0,222.01369000000003,23.999872,184.006455,-0.013690000000025293,0.000128000000000128,-0.006454999999988331,0.015136033463247297,0.0
2053.0,192.0,54.0,184.0,192.0,54.0,184.0,192.00682,53.998791999999995,184.005135,-0.006820000000004711,0.001208000000005427,-0.005134999999995671,0.008622058280946199,0.0
2054.0,80.0,134.0,184.0,80.0,134.0,184.0,79.985396,133.994216,184.003663,0.014604000000005612,0.0057840000000055625,-0.0036629999999888696,0.016129136399700598,0.0
2055.0,230.0,172.0,184.0,230.0,172.0,184.0,229.99493,172.00281199999998,183.989959,0.00506999999998925,-0.002811999999977388,0.010041000000001077,0.011594564459253545,0.0
2056.0,56.0,176.0,184.0,56.0,176.0,186.0,55.977506,175.99340199999997,186.000643,0.02249400000000179,0.006598000000025195,-2.0006429999999966,2.0007803295436974,2.0
2057.0,154.0,214.0,184.0,154.0,214.0,184.0,153.98201400000002,213.999498,183.990287,0.017985999999979185,0.0005020000000115488,0.009713000000004968,0.0204472631175754,0.0
2058.0,62.0,232.0,184.0,62.0,232.0,184.0,61.970714,231.994928,183.994231,0.029285999999999035,0.005072000000012622,0.00576899999998659,0.030276663306908785,0.0
2059.0,10.0,26.0,186.0,10.0,26.0,186.0,9.992844000000002,25.988414,186.019787,0.007155999999998386,0.011586000000001206,-0.019787000000007993,0.024020181119223917,0.0
2060.0,240.0,172.0,186.0,240.0,172.0,186.0,239.995882,172.00308599999997,185.989299,0.004118000000005395,-0.0030859999999677257,0.010701000000011618,0.011874035581894383,0.0
2061.0,60.0,228.0,186.0,60.0,228.0,186.0,59.97103,227.99449799999996,185.99477100000001,0.02897000000000105,0.005502000000035423,0.005228999999985717,0.029947877136790535,0.0
2062.0,126.0,96.0,188.0,126.0,96.0,188.0,125.994838,95.995496,188.004783,0.005161999999998557,0.004503999999997177,-0.004783000000003312,0.008355198920432199,0.0
2063.0,186.0,164.0,188.0,186.0,164.0,188.0,185.99168200000003,163.99983199999997,187.993599,0.00831799999997429,0.00016800000003058813,0.006401000000010981,0.0104971495654641,0.0
2064.0,98.0,238.0,190.0,98.0,238.0,190.0,97.97336,237.99616999999998,189.991219,0.02664000000000044,0.0038300000000219825,0.00878099999999904,0.028310147668286278,0.0
2065.0,24.0,246.0,190.0,24.0,246.0,190.0,23.965126,245.992384,189.995091,0.03487399999999852,0.007616000000012946,0.004908999999997832,0.036031897160711264,0.0
2066.0,30.0,20.0,192.0,30.0,20.0,192.0,29.995522,19.988604,192.019095,0.004477999999998872,0.011396000000001294,-0.01909499999999298,0.022683481324517876,0.0
2067.0,32.0,16.0,194.0,32.0,16.0,194.0,31.996226000000004,15.988385999999998,194.01937900000001,0.0037739999999963914,0.011614000000001568,-0.019379000000014912,0.02290575720207885,0.0
2068.0,30.0,18.0,194.0,30.0,18.0,194.0,29.995767999999998,17.988314,194.019291,0.00423200000000179,0.011686000000000973,-0.019291000000009717,0.02294809580336488,0.0
2069.0,240.0,40.0,194.0,240.0,40.0,194.0,240.013234,39.99981799999999,194.003475,-0.013234000000011292,0.00018200000000945238,-0.0034750000000087766,0.013683841017797719,0.0
2070.0,112.0,58.0,194.0,112.0,58.0,194.0,111.998442,57.99333999999999,194.009723,0.001558000000002835,0.006660000000010768,-0.009723000000008142,0.011887795968988977,0.0
2071.0,200.0,58.0,194.0,200.0,58.0,194.0,200.006978,57.99800399999999,194.004091,-0.0069780000000037035,0.0019960000000125433,-0.0040909999999882984,0.008331433310061722,0.0
2072.0,228.0,90.0,194.0,228.0,92.0,194.0,228.00520600000002,92.00006599999999,193.998627,-0.005206000000015365,-2.0000659999999897,0.0013730000000009568,2.0000732466389723,2.0
2073.0,54.0,158.0,194.0,54.0,158.0,194.0,53.979616,157.99196599999996,194.002635,0.020383999999999958,0.008034000000037622,-0.0026349999999979445,0.02206798216875734,0.0
2074.0,170.0,198.0,194.0,170.0,198.0,194.0,169.985588,197.99879399999998,193.990891,0.014411999999992986,0.0012060000000246873,0.009108999999995149,0.017091929703803754,0.0
2075.0,168.0,200.0,194.0,168.0,200.0,194.0,167.98513000000003,199.998722,193.990803,0.014869999999973516,0.001278000000013435,0.009197000000000344,0.017530972391720117,0.0
2076.0,102.0,228.0,194.0,102.0,228.0,194.0,101.975032,227.99569999999997,193.992003,0.02496800000000121,0.004300000000029058,0.00799699999998893,0.026567706581489742,0.0
2077.0,114.0,58.0,196.0,114.0,58.0,196.0,113.99861800000001,57.99319,196.009575,0.0013819999999924448,0.006810000000001537,-0.009575000000012324,0.01183075014528817,0.0
2078.0,142.0,10.0,198.0,142.0,10.0,198.0,142.00765200000004,9.993602,198.012947,-0.007652000000035741,0.006398000000000792,-0.012946999999996933,0.016343571121406657,0.0
2079.0,116.0,226.0,198.0,116.0,226.0,198.0,115.97661799999999,225.995896,197.991283,0.023382000000012226,0.00410400000001232,0.008716999999990094,0.025289263116992953,0.0
2080.0,138.0,10.0,200.0,138.0,10.0,200.0,138.007246,9.993134,200.013183,-0.0072460000000091895,0.006866000000000483,-0.013182999999997946,0.01653595963348017,0.0
2081.0,136.0,56.0,200.0,136.0,56.0,200.0,136.00098,55.993809999999996,200.008343,-0.0009799999999984266,0.0061900000000036925,-0.008342999999996437,0.010434660943221067,0.0
2082.0,230.0,166.0,200.0,230.0,166.0,200.0,229.99557800000002,166.00066199999998,199.990447,0.004421999999976833,-0.0006619999999770698,0.009553000000011025,0.01054761285789232,0.0
2083.0,132.0,218.0,200.0,132.0,218.0,200.0,131.979208,217.99635199999997,199.991103,0.020792000000000144,0.003648000000026741,0.008896999999990385,0.022907897699265857,0.0
2084.0,142.0,6.0,202.0,142.0,6.0,202.0,142.00814400000004,5.993022,202.013339,-0.008144000000044116,0.006978000000000151,-0.013339000000001988,0.01711566945815365,0.0
2085.0,230.0,30.0,202.0,230.0,30.0,202.0,230.01351200000002,29.998094,202.005115,-0.013512000000019952,0.0019060000000017396,-0.0051149999999893225,0.014572927125338841,0.0
2086.0,78.0,190.0,202.0,78.0,190.0,202.0,77.97764799999999,189.99275799999998,201.997563,0.02235200000001214,0.0072420000000192886,0.0024369999999862557,0.023621969371768203,0.0
2087.0,90.0,222.0,202.0,90.0,222.0,202.0,89.974588,221.99393799999996,201.993339,0.025412000000002877,0.006062000000042644,0.006661000000008244,0.026960832869196996,0.0
2088.0,160.0,10.0,204.0,160.0,10.0,204.0,160.00934400000003,9.993788,204.01173500000002,-0.009344000000027108,0.006211999999999662,-0.011735000000015816,0.016236055709465697,0.0
2089.0,228.0,50.0,204.0,228.0,50.0,204.0,228.01066000000003,49.99807199999999,204.003063,-0.010660000000029868,0.001928000000006591,-0.0030629999999973734,0.011257653085818825,0.0
2090.0,214.0,110.0,204.0,214.0,110.0,204.0,214.001382,109.99835,203.997479,-0.0013820000000066557,0.001649999999997931,0.0025210000000015498,0.0033147948654508592,0.0
2091.0,228.0,158.0,204.0,228.0,158.0,204.0,227.996404,157.99990799999998,203.991399,0.003595999999987498,9.200000002351771e-05,0.008600999999998749,0.009322922342264409,0.0
2092.0,84.0,240.0,204.0,84.0,240.0,204.0,83.97161200000001,239.99366999999995,203.991759,0.02838799999999253,0.0063300000000481305,0.008240999999998166,0.03023014265596765,0.0
2093.0,158.0,10.0,206.0,158.0,10.0,206.0,158.00913200000002,9.993426,206.011843,-0.009132000000022344,0.006574000000000524,-0.011842999999998938,0.01633608120083852,0.0
2094.0,240.0,114.0,206.0,240.0,114.0,206.0,240.003358,113.99954,205.995363,-0.0033579999999915344,0.00046000000000390173,0.004637000000002445,0.005743651538870495,0.0
2095.0,82.0,186.0,206.0,82.0,186.0,206.0,81.978528,185.99239,205.997699,0.021472000000002822,0.007609999999999673,0.002300999999988562,0.02289658238689922,0.0
2096.0,26.0,202.0,206.0,26.0,202.0,206.0,25.970983999999998,201.989694,205.99955500000002,0.02901600000000215,0.010306000000014137,0.00044499999998492967,0.03079512813742464,0.0
2097.0,212.0,242.0,206.0,212.0,242.0,206.0,211.983746,242.00023199999998,205.983331,0.016254000000003543,-0.0002319999999826905,0.016669000000007372,0.023283081862166637,0.0
2098.0,174.0,74.0,208.0,174.0,74.0,208.0,174.002218,73.995106,208.003887,-0.002217999999999165,0.0048939999999930706,-0.003886999999991758,0.00663170634149797,0.0
2099.0,156.0,90.0,208.0,156.0,90.0,208.0,155.99836000000002,89.994424,208.003311,0.001639999999980546,0.00557600000000491,-0.003310999999996511,0.00668910285464111,0.0
2100.0,116.0,152.0,208.0,116.0,152.0,208.0,115.98629599999998,151.99335799999997,207.999175,0.013704000000018368,0.006642000000027792,0.00082499999999186,0.015251111598859252,0.0
2101.0,24.0,170.0,208.0,24.0,170.0,208.0,23.974996,169.98878799999997,208.003119,0.025003999999999138,0.011212000000028866,-0.0031189999999980955,0.02757965048728124,0.0
2102.0,192.0,200.0,208.0,192.0,200.0,208.0,191.987332,199.998202,207.989127,0.012667999999990798,0.00179800000000796,0.010873000000003685,0.01679086528442997,0.0
2103.0,220.0,240.0,208.0,220.0,240.0,208.0,219.98476800000003,240.00036599999999,207.983015,0.015231999999969048,-0.00036599999998543353,0.016985000000005357,0.02281749339868927,0.0
2104.0,230.0,34.0,210.0,230.0,34.0,210.0,230.012912,33.997138,210.004603,-0.012912000000000035,0.0028620000000003643,-0.004603000000003021,0.01400351373763138,0.0
2105.0,190.0,202.0,210.0,190.0,202.0,210.0,189.986856,201.99787399999997,209.989019,0.013144000000011147,0.002126000000032491,0.010980999999986807,0.017258823047941057,0.0
2106.0,230.0,36.0,212.0,230.0,36.0,212.0,230.01263000000003,35.996916,212.004367,-0.012630000000029895,0.003084000000001197,-0.004367000000002008,0.013714905942104746,0.0
2107.0,38.0,100.0,212.0,38.0,100.0,212.0,37.985558000000005,99.987828,212.00974300000001,0.014441999999995403,0.012172000000006733,-0.00974300000001449,0.021252176288566627,0.0
2108.0,186.0,216.0,212.0,186.0,216.0,212.0,185.98460200000002,215.99764399999995,211.987743,0.015397999999976264,0.0023560000000486525,0.012257000000005291,0.019821281214886893,0.0
2109.0,222.0,104.0,214.0,222.0,104.0,214.0,222.00286000000003,103.99739199999999,213.997515,-0.00286000000002673,0.0026080000000092696,0.002485000000007176,0.004599618353759028,0.0
2110.0,204.0,144.0,214.0,204.0,144.0,214.0,203.995834,143.997118,213.994347,0.004165999999997894,0.002881999999999607,0.005652999999995245,0.007590644834263188,0.0
2111.0,242.0,170.0,214.0,242.0,170.0,214.0,241.99608800000001,169.999574,213.989107,0.003911999999985483,0.00042600000000447835,0.010893000000010034,0.011581997625630426,0.0
2112.0,192.0,60.0,216.0,192.0,60.0,216.0,192.00573999999997,59.994797999999996,216.004167,-0.005739999999974543,0.005202000000004148,-0.004166999999995369,0.008796152170108946,0.0
2113.0,50.0,68.0,216.0,50.0,68.0,216.0,49.99091,67.987408,216.012391,0.009090000000000487,0.012591999999997938,-0.012391000000008034,0.01986764820003002,0.0
2114.0,220.0,104.0,216.0,220.0,104.0,216.0,220.00264800000002,103.99703,215.997623,-0.002648000000021966,0.002970000000004802,0.0023769999999956326,0.004634968500445725,0.0
2115.0,60.0,166.0,216.0,60.0,166.0,216.0,59.978944,165.98960399999999,216.001167,0.021056000000001518,0.010396000000014283,-0.001167000000009466,0.02351156823779271,0.0
2116.0,206.0,208.0,216.0,206.0,208.0,216.0,205.987562,207.99805599999996,215.987287,0.012438000000003058,0.0019440000000372493,0.01271299999999087,0.017891432279166158,0.0
2117.0,42.0,96.0,218.0,44.0,96.0,218.0,43.986614,95.98731,218.00973100000002,-1.986614000000003,0.012690000000006307,-0.009731000000016365,1.9866783618535266,2.0
2118.0,14.0,190.0,218.0,14.0,190.0,218.0,13.971295999999999,189.98731799999996,218.001499,0.028704000000001173,0.012682000000040716,-0.0014989999999954762,0.031416552022796626,0.0
2119.0,58.0,80.0,220.0,58.0,80.0,220.0,57.990066,79.987524,220.010543,0.00993400000000122,0.012476000000006593,-0.010543000000012626,0.01911778703198817,0.0
2120.0,42.0,94.0,220.0,42.0,94.0,220.0,41.986666,93.986914,220.010055,0.013334000000000401,0.013086000000001263,-0.010054999999994152,0.02121654960166535,0.0
2121.0,122.0,168.0,220.0,122.0,168.0,220.0,121.984658,167.99241199999997,219.99694300000002,0.015342000000003964,0.0075880000000267955,0.0030569999999841,0.017386775347960043,0.0
2122.0,56.0,180.0,220.0,56.0,180.0,220.0,55.97667199999999,179.98911799999996,219.999871,0.023328000000006455,0.010882000000037806,0.0001289999999869451,0.02574160346600655,0.0
2123.0,40.0,92.0,222.0,40.0,92.0,222.0,39.986718,91.98651799999999,222.010379,0.013281999999996685,0.01348200000001043,-0.01037900000000036,0.021584704978298883,0.0
2124.0,216.0,126.0,222.0,216.0,126.0,222.0,215.99930200000003,125.99642399999999,221.995443,0.0006979999999714437,0.0035760000000095715,0.004557000000005473,0.005834486181325522,0.0
2125.0,122.0,34.0,224.0,122.0,34.0,224.0,122.00231000000001,33.989622,224.01137500000002,-0.002310000000008472,0.010378000000002885,-0.011375000000015234,0.015570151219575407,0.0
2126.0,56.0,40.0,224.0,56.0,40.0,224.0,55.995116,39.986225999999995,224.014951,0.004883999999997002,0.01377400000000506,-0.014950999999996384,0.020907150284053586,0.0
2127.0,116.0,46.0,224.0,116.0,46.0,224.0,116.00014399999999,45.989507999999994,224.01046300000002,-0.00014399999999170632,0.010492000000006385,-0.010463000000015654,0.014818136488791671,0.0
2128.0,52.0,48.0,224.0,52.0,48.0,224.0,51.993672000000004,47.986149999999995,224.014343,0.0063279999999963366,0.013850000000005025,-0.014342999999996664,0.020918597778053792,0.0
2129.0,198.0,58.0,224.0,198.0,58.0,224.0,198.006514,57.994057999999995,224.003919,-0.006514000000009901,0.005942000000004555,-0.003918999999996231,0.009648736756703106,0.0
2130.0,50.0,46.0,226.0,50.0,46.0,226.0,49.99372399999999,45.98575399999999,226.014667,0.006276000000006832,0.014246000000007086,-0.014667000000002872,0.021388258016967438,0.0
2131.0,236.0,52.0,226.0,236.0,52.0,226.0,236.010974,51.99571399999999,226.002115,-0.01097400000000448,0.0042860000000075615,-0.0021150000000034197,0.011969615574452573,0.0
2132.0,160.0,144.0,226.0,160.0,144.0,226.0,159.991458,143.99324999999996,225.997043,0.0085420000000056,0.006750000000039336,0.0029570000000092023,0.011281494271623824,0.0
2133.0,150.0,150.0,226.0,150.0,150.0,226.0,149.989696,149.99282199999996,225.997035,0.010303999999990765,0.0071780000000387645,0.002964999999989004,0.01290299674495429,0.0
2134.0,236.0,68.0,228.0,236.0,68.0,228.0,236.00884400000004,67.99573,228.000367,-0.008844000000038932,0.004270000000005325,-0.0003670000000113305,0.00982771209390784,0.0
2135.0,166.0,156.0,228.0,166.0,156.0,228.0,165.990438,155.993516,227.995343,0.009561999999988302,0.006484000000000378,0.004657000000008793,0.012456393900317343,0.0
2136.0,60.0,174.0,228.0,60.0,174.0,228.0,59.97778,173.988204,228.000183,0.022219999999997242,0.011796000000003914,-0.00018299999999271677,0.02515765301056454,0.0
2137.0,118.0,174.0,228.0,118.0,174.0,228.0,117.98340599999999,173.991278,227.996471,0.016594000000011988,0.008722000000005892,0.0035289999999861266,0.019075847582752454,0.0
2138.0,136.0,14.0,230.0,136.0,14.0,230.0,136.006254,13.989256000000001,230.01257900000002,-0.006254000000012638,0.010743999999998977,-0.01257900000001655,0.01768551082102387,0.0
2139.0,234.0,70.0,230.0,234.0,70.0,230.0,234.008368,69.995402,230.000259,-0.008367999999990161,0.004598000000001434,-0.0002589999999997872,0.009551550083617235,0.0
2140.0,92.0,160.0,230.0,92.0,160.0,230.0,91.982714,159.98940599999997,229.999627,0.01728599999999858,0.010594000000025972,0.00037299999999618194,0.02027751861053266,0.0
2141.0,156.0,160.0,230.0,156.0,160.0,230.0,155.988922,159.992798,229.995531,0.0110779999999977,0.007202000000006592,0.004469000000000278,0.013948578744805741,0.0
2142.0,58.0,172.0,230.0,56.0,172.0,230.0,55.977638,171.98770199999998,230.00063500000002,2.022362000000001,0.012298000000015463,-0.0006350000000168166,2.022399491463792,2.0
2143.0,54.0,6.0,232.0,54.0,6.0,232.0,53.999338,5.984518,232.018671,0.0006619999999983861,0.01548200000000044,-0.018671000000011873,0.024263899295052616,0.0
2144.0,10.0,46.0,232.0,10.0,46.0,232.0,9.989790000000001,45.982865999999994,232.017167,0.010209999999998942,0.017134000000005756,-0.0171670000000006,0.026315849691776933,0.0
2145.0,42.0,76.0,232.0,42.0,76.0,232.0,41.988934,75.985072,232.011879,0.011065999999999576,0.01492799999999761,-0.011878999999993312,0.022054754158678812,0.0
2146.0,24.0,80.0,232.0,24.0,80.0,232.0,23.986659999999997,79.984186,232.012599,0.013340000000003016,0.01581400000000599,-0.012598999999994476,0.02422339771791172,0.0
2147.0,12.0,46.0,234.0,12.0,46.0,234.0,11.989966,45.98271599999999,234.017019,0.01003399999999921,0.017284000000010735,-0.01701900000000478,0.026250031866657187,0.0
2148.0,242.0,70.0,234.0,242.0,70.0,234.0,242.009108,69.99531400000001,233.999707,-0.009107999999997674,0.0046859999999924185,0.00029299999999921056,0.010246956084608058,0.0
2149.0,140.0,150.0,234.0,140.0,150.0,234.0,139.988654,149.99126799999996,233.997595,0.011346000000003187,0.008732000000037488,0.0024050000000102045,0.014517698336884401,0.0
2150.0,162.0,178.0,234.0,162.0,178.0,234.0,161.98709200000002,177.99290999999997,233.993163,0.012907999999981712,0.0070900000000335694,0.006836999999990212,0.016236660155335828,0.0
2151.0,128.0,184.0,234.0,128.0,184.0,234.0,127.983002,183.99120999999997,233.99469100000002,0.016998000000000957,0.00879000000003316,0.005308999999982689,0.019859042902426884,0.0
2152.0,240.0,68.0,236.0,240.0,68.0,236.0,240.00916,67.994918,236.000031,-0.009160000000008495,0.005082000000001585,-3.100000000699765e-05,0.010475365626085429,0.0
2153.0,150.0,146.0,236.0,150.0,146.0,236.0,149.990134,145.99147399999998,235.997367,0.009865999999988162,0.008526000000017575,0.002633000000002994,0.013302756142998407,0.0
2154.0,166.0,178.0,236.0,166.0,178.0,236.0,165.987462,177.992866,235.992887,0.012538000000006377,0.007134000000007745,0.007113000000003922,0.01608384807812876,0.0
2155.0,122.0,50.0,238.0,122.0,50.0,238.0,122.00007199999999,49.98810199999999,238.009507,-7.199999998874773e-05,0.01189800000000929,-0.009507000000013477,0.015229925705678138,0.0
2156.0,106.0,52.0,238.0,106.0,52.0,238.0,105.998256,51.98728799999999,238.010315,0.0017440000000021882,0.012712000000007606,-0.010314999999991414,0.016463162059580896,0.0
2157.0,218.0,74.0,238.0,218.0,74.0,238.0,218.00621600000002,73.993598,238.00077100000001,-0.006216000000023314,0.006401999999994246,-0.0007710000000145101,0.00895648932340337,0.0
2158.0,148.0,146.0,238.0,148.0,146.0,238.0,147.989922,145.991112,237.997475,0.010077999999992926,0.008888000000013108,0.0025249999999914507,0.01367253645085824,0.0
2159.0,114.0,206.0,238.0,114.0,206.0,238.0,113.978704,205.99032999999997,237.99317100000002,0.021296000000006643,0.009670000000028267,0.006828999999981988,0.02436521612874763,0.0
2160.0,120.0,52.0,240.0,120.0,52.0,240.0,119.999596,51.987773999999995,240.009399,0.0004040000000031796,0.0122260000000054,-0.009399000000001934,0.015426583970541597,0.0
2161.0,214.0,80.0,240.0,214.0,80.0,240.0,214.005018,79.99323199999999,240.000359,-0.00501800000000685,0.006768000000008101,-0.00035900000000310683,0.008432972726161317,0.0
2162.0,8.0,100.0,240.0,8.0,100.0,240.0,7.982396,99.982654,240.011383,0.017604000000000397,0.017346000000003414,-0.011382999999995036,0.02720950607784014,0.0
2163.0,224.0,118.0,240.0,224.0,118.0,240.0,224.000972,117.99440799999999,239.99561500000002,-0.0009719999999902029,0.005592000000007147,0.004384999999984984,0.007172410543180668,0.0
2164.0,146.0,148.0,240.0,146.0,148.0,240.0,145.98944600000002,147.990784,239.997367,0.010553999999984853,0.009216000000009217,0.002633000000002994,0.01425672686838974,0.0
2165.0,46.0,158.0,240.0,46.0,158.0,240.0,45.978426,157.98565399999998,240.002687,0.021574000000001092,0.014346000000017511,-0.0026870000000087657,0.02604736380136379,0.0
2166.0,140.0,158.0,240.0,140.0,158.0,240.0,139.98754399999999,157.99063599999997,239.996671,0.012456000000014456,0.009364000000033457,0.003329000000007909,0.01593482579136149,0.0
2167.0,166.0,164.0,240.0,166.0,164.0,240.0,165.989274,163.99211599999998,239.994359,0.010726000000005342,0.007884000000018432,0.0056409999999971205,0.014457711195081078,0.0
2168.0,102.0,178.0,240.0,102.0,178.0,240.0,101.981218,177.988962,239.99694300000002,0.01878200000000163,0.011038000000013426,0.0030569999999841,0.02199877762513773,0.0
2169.0,98.0,186.0,240.0,98.0,186.0,240.0,97.97977399999999,185.98888599999998,239.99633500000002,0.02022600000000807,0.011114000000020496,0.00366499999998382,0.023367590740182513,0.0
2170.0,110.0,188.0,240.0,110.0,188.0,240.0,109.980674,187.98955599999996,239.995351,0.019326000000006616,0.010444000000035203,0.004649000000000569,0.022454055602518584,0.0
2171.0,118.0,204.0,240.0,118.0,204.0,240.0,117.979338,203.99025199999997,239.993111,0.020662000000001512,0.009748000000030288,0.006889000000001033,0.023862105292716047,0.0
2172.0,116.0,206.0,240.0,116.0,206.0,240.0,115.97887999999999,205.99017999999998,239.993023,0.021120000000010464,0.009820000000019036,0.006977000000006228,0.02431389168769374,0.0
2173.0,130.0,8.0,242.0,130.0,8.0,242.0,130.006356,7.9873,242.01349100000002,-0.0063560000000109085,0.012699999999999712,-0.013491000000016129,0.019588155017779663,0.0
2174.0,140.0,46.0,242.0,140.0,46.0,242.0,140.00231000000002,45.98847599999999,242.008747,-0.002310000000022683,0.011524000000008527,-0.008746999999999616,0.014650893658760022,0.0
2175.0,226.0,84.0,242.0,226.0,84.0,242.0,226.005636,83.99368,241.999139,-0.005636000000009744,0.006320000000002324,0.0008609999999862339,0.008511651837341299,0.0
2176.0,120.0,90.0,242.0,120.0,90.0,242.0,119.99456199999999,89.988164,242.005275,0.005438000000012266,0.0118360000000024,-0.005275000000011687,0.014053055361746553,0.0
2177.0,144.0,174.0,242.0,144.0,174.0,242.0,143.98580200000004,173.99086399999996,241.994667,0.01419799999996485,0.009136000000040667,0.00533300000000736,0.017705665449223404,0.0
2178.0,126.0,180.0,242.0,126.0,180.0,242.0,125.983264,179.99001199999998,241.995171,0.016735999999994533,0.009988000000021202,0.00482900000000086,0.020079170326491303,0.0
2179.0,120.0,204.0,242.0,120.0,204.0,242.0,119.979514,203.99010199999998,241.992963,0.020486000000005333,0.009898000000021057,0.007036999999996851,0.023815246566025534,0.0
2180.0,118.0,206.0,242.0,118.0,206.0,242.0,117.979056,205.99002999999996,241.992875,0.020944000000000074,0.009970000000038226,0.007125000000002046,0.02426556533445686,0.0
2181.0,38.0,166.0,244.0,38.0,166.0,244.0,37.976558000000004,165.98485399999998,244.002295,0.023441999999995744,0.015146000000015647,-0.0022950000000037107,0.028003494514083262,0.0
2182.0,166.0,168.0,244.0,166.0,168.0,244.0,165.98871,167.991672,243.993887,0.011290000000002465,0.008328000000005886,0.006112999999999147,0.015303217080082974,0.0
2183.0,168.0,170.0,244.0,168.0,170.0,244.0,167.98864000000003,169.99181199999998,243.99354300000002,0.01135999999996784,0.008188000000018292,0.006456999999983282,0.0154203045689556,0.0
2184.0,128.0,180.0,244.0,128.0,180.0,244.0,127.98344,179.989862,243.995023,0.016559999999998354,0.01013800000001197,0.0049769999999966785,0.020044529752532365,0.0
2185.0,86.0,176.0,246.0,86.0,176.0,246.0,85.979876,175.98731199999997,245.998123,0.02012399999999559,0.012688000000025568,0.001877000000007456,0.02386386073125007,0.0
2186.0,52.0,48.0,4.0,52.0,48.0,4.0,51.995652,48.014309999999995,4.016543,0.0043480000000002406,-0.014309999999994716,-0.01654300000000042,0.022301391279466506,0.0
2187.0,132.0,60.0,4.0,132.0,60.0,4.0,132.001828,60.018753999999994,4.010127000000001,-0.0018279999999890606,-0.018753999999994164,-0.010127000000000663,0.021391826219370674,0.0
2188.0,200.0,64.0,4.0,200.0,64.0,4.0,200.00789600000002,64.022426,4.005343,-0.007896000000016556,-0.022425999999995838,-0.005342999999999876,0.0243684209788011,0.0
2189.0,168.0,72.0,4.0,168.0,72.0,4.0,168.00373600000003,72.020866,4.006527,-0.003736000000031936,-0.020865999999998053,-0.0065270000000001716,0.02217993194309125,0.0
2190.0,224.0,80.0,4.0,224.0,80.0,4.0,224.008112,80.02396999999999,4.002079,-0.008112000000011221,-0.023969999999991387,-0.002079000000000164,0.025390700758343987,0.0
2191.0,228.0,84.0,4.0,228.0,84.0,4.0,228.00797200000002,84.02425,4.001391,-0.007972000000023627,-0.024249999999994998,-0.00139099999999992,0.025564627222006073,0.0
2192.0,76.0,120.0,4.0,76.0,120.0,4.0,75.988476,120.016806,4.007231,0.011523999999994317,-0.01680600000000254,-0.0072309999999999874,0.02162247841945863,0.0
2193.0,228.0,176.0,4.0,228.0,176.0,4.0,227.99582800000002,176.025814,3.991455,0.004171999999982745,-0.025813999999996895,0.008544999999999803,0.02750972927892407,0.0
2194.0,224.0,184.0,4.0,224.0,184.0,4.0,223.994384,184.025738,3.990847,0.005616000000003396,-0.025737999999989825,0.009152999999999967,0.027888375875972298,0.0
2195.0,192.0,188.0,4.0,192.0,188.0,4.0,191.99075200000001,188.02410999999998,3.992463,0.009247999999985268,-0.02410999999997898,0.007537000000000127,0.026900259719911924,0.0
2196.0,140.0,212.0,4.0,140.0,212.0,4.0,139.98254,212.021762,3.993199,0.01745999999999981,-0.021761999999995396,0.006800999999999835,0.028717413619610502,0.0
2197.0,160.0,236.0,4.0,160.0,236.0,4.0,159.98131200000003,236.02322999999998,3.989327,0.01868799999996895,-0.023229999999983875,0.010673000000000155,0.03166681501190313,0.0
2198.0,132.0,20.0,8.0,132.0,20.0,8.0,132.007072,20.017561999999998,8.014407,-0.00707199999999375,-0.01756199999999808,-0.01440700000000028,0.02379072670180237,0.0
2199.0,76.0,44.0,8.0,76.0,44.0,8.0,75.99847199999999,44.015001999999996,8.015399,0.0015280000000075233,-0.015001999999995519,-0.015399000000000385,0.021552818585973865,0.0
2200.0,220.0,72.0,8.0,220.0,72.0,8.0,220.00874400000004,72.02311,8.003159,-0.008744000000035612,-0.02311000000000263,-0.003159000000000134,0.02491001639904609,0.0
2201.0,140.0,92.0,8.0,140.0,92.0,8.0,139.998344,92.01921,8.006119,0.0016559999999969932,-0.01921000000000106,-0.0061189999999999856,0.020228904987666302,0.0
2202.0,128.0,104.0,8.0,128.0,104.0,8.0,127.99559599999999,104.018778,8.005591,0.004404000000008068,-0.01877799999999752,-0.00559100000000079,0.02008152835319032,0.0
2203.0,60.0,116.0,8.0,60.0,116.0,8.0,59.987415999999996,116.015378,8.008647,0.012584000000003925,-0.015377999999998337,-0.00864699999999985,0.021670499509703164,0.0
2204.0,76.0,124.0,8.0,76.0,124.0,8.0,75.987912,124.016362,8.006759,0.01208800000000565,-0.016362000000000876,-0.006759000000000626,0.02143639123080594,0.0
2205.0,48.0,136.0,8.0,48.0,136.0,8.0,47.983611999999994,136.01508199999998,8.007255,0.016388000000006286,-0.01508199999997828,-0.007255000000000678,0.023423669503294327,0.0
2206.0,132.0,168.0,8.0,132.0,168.0,8.0,131.987536,168.02007799999998,7.998423000000001,0.012463999999994257,-0.02007799999998383,0.0015769999999992734,0.023684685115052836,0.0
2207.0,132.0,228.0,8.0,132.0,228.0,8.0,131.97961600000002,228.02109799999997,7.991943000000001,0.02038399999997864,-0.021097999999966532,0.008056999999999093,0.030422825460461465,0.0
2208.0,128.0,4.0,12.0,128.0,4.0,12.0,128.00876,4.016566,12.016351,-0.008759999999995216,-0.01656600000000008,-0.016351000000000226,0.024870166002661225,0.0
2209.0,156.0,44.0,12.0,156.0,44.0,12.0,156.006196,44.01872999999999,12.010239,-0.006195999999988544,-0.01872999999999081,-0.010239000000000331,0.022227020425588325,0.0
2210.0,52.0,120.0,12.0,52.0,120.0,12.0,51.986076000000004,120.01451,12.008687,0.013923999999995829,-0.014510000000001355,-0.008687000000000111,0.0219062056276281,0.0
2211.0,28.0,124.0,12.0,28.0,124.0,12.0,27.98322,124.013306,12.009791000000002,0.016780000000000683,-0.01330600000000004,-0.00979100000000166,0.023547435465461126,0.0
2212.0,224.0,160.0,12.0,224.0,160.0,12.0,223.99748,160.024306,11.993359000000002,0.0025200000000040745,-0.02430599999999572,0.006640999999998343,0.02532261670917503,0.0
2213.0,136.0,188.0,12.0,136.0,188.0,12.0,135.985248,188.020118,11.995967,0.01475199999998722,-0.020117999999996528,0.004032999999999731,0.025270942147048676,0.0
2214.0,112.0,232.0,12.0,112.0,232.0,12.0,111.97711199999999,232.01959399999998,11.992751,0.0228880000000089,-0.01959399999998368,0.007248999999999839,0.030989246215417463,0.0
2215.0,108.0,236.0,12.0,108.0,236.0,12.0,107.97619599999999,236.01944999999998,11.992575,0.023804000000012593,-0.019449999999977763,0.007424999999999571,0.031623781257144566,0.0
2216.0,132.0,28.0,16.0,132.0,28.0,16.0,132.005944,28.016674,16.013463,-0.005943999999999505,-0.0166739999999983,-0.013463000000001557,0.02223973428348413,0.0
2217.0,192.0,40.0,16.0,192.0,40.0,16.0,192.01018,40.02005799999999,16.008327,-0.010179999999991196,-0.020057999999991694,-0.008327000000001306,0.023985301603263388,0.0
2218.0,136.0,48.0,16.0,136.0,48.0,16.0,136.003692,48.017225999999994,16.011047,-0.0036920000000009168,-0.017225999999993746,-0.011047000000001361,0.020794281641831763,0.0
2219.0,152.0,88.0,16.0,152.0,88.0,16.0,151.999964,88.018754,16.005703,3.5999999994373866e-05,-0.01875400000000127,-0.005703000000000458,0.019601990230587618,0.0
2220.0,84.0,92.0,16.0,84.0,92.0,16.0,83.99283999999999,92.01521799999999,16.009623,0.007160000000013156,-0.015217999999990184,-0.00962300000000127,0.019376667747575023,0.0
2221.0,128.0,108.0,16.0,128.0,108.0,16.0,127.99499599999999,108.017822,16.005079,0.005004000000013775,-0.01782199999999534,-0.005078999999998501,0.019195310390820893,0.0
2222.0,20.0,116.0,16.0,20.0,116.0,16.0,19.983464,116.01223399999999,16.011127000000002,0.016535999999998552,-0.012233999999992307,-0.011127000000001885,0.02338632465779533,0.0
2223.0,24.0,120.0,16.0,24.0,120.0,16.0,23.983324,120.012514,16.010439,0.016676000000000357,-0.012513999999995917,-0.010439000000001641,0.023316558343802456,0.0
2224.0,128.0,152.0,16.0,128.0,152.0,16.0,127.98918799999998,152.01856999999998,16.000327,0.010812000000015587,-0.018569999999982656,-0.00032699999999863394,0.021490722952001683,0.0
2225.0,140.0,152.0,16.0,140.0,152.0,16.0,139.990352,152.01920599999997,15.999559000000001,0.009647999999998547,-0.019205999999968526,0.0004409999999985814,0.021497646871198758,0.0
2226.0,212.0,176.0,16.0,212.0,176.0,16.0,211.994168,176.02342999999996,15.992359,0.005831999999998061,-0.023429999999962092,0.007640999999999565,0.02532512596213875,0.0
2227.0,136.0,192.0,16.0,136.0,192.0,16.0,135.98468400000002,192.01967399999998,15.995495000000002,0.015315999999984342,-0.01967399999998065,0.004504999999998205,0.02533655771802363,0.0
2228.0,128.0,212.0,16.0,128.0,212.0,16.0,127.98126799999999,212.01958999999997,15.993847,0.018732000000014182,-0.019589999999965357,0.006152999999999409,0.027794160052053502,0.0
2229.0,116.0,224.0,16.0,120.0,220.0,16.0,119.97943599999999,220.01930199999998,15.993495000000001,-3.9794359999999926,3.980698000000018,0.006504999999998873,5.6286685601770055,5.656854249492381
2230.0,48.0,236.0,16.0,48.0,236.0,16.0,47.97034,236.01575799999998,15.996375,0.029659999999999798,-0.015757999999976846,0.0036249999999995453,0.03378121947176056,0.0
2231.0,148.0,8.0,20.0,148.0,8.0,20.0,148.0101,8.01667,20.014559000000002,-0.010099999999994225,-0.01666999999999952,-0.014559000000001987,0.02432824245604119,0.0
2232.0,192.0,8.0,20.0,192.0,8.0,20.0,192.014368,8.019001999999999,20.011743000000003,-0.014367999999990388,-0.01900199999999863,-0.011743000000002723,0.026559621175757303,0.0
2233.0,16.0,52.0,20.0,16.0,52.0,20.0,15.991488,52.01042199999999,20.018255,0.008511999999999631,-0.010421999999991272,-0.01825499999999991,0.022678563733177826,0.0
2234.0,164.0,60.0,20.0,164.0,60.0,20.0,164.004788,60.01840199999999,20.007919,-0.004787999999990689,-0.018401999999987595,-0.00791900000000112,0.020597793789614266,0.0
2235.0,216.0,76.0,20.0,216.0,76.0,20.0,216.00772,76.02143,20.002863,-0.007720000000006166,-0.021429999999995175,-0.002863000000001392,0.022957353266435058,0.0
2236.0,148.0,108.0,20.0,148.0,108.0,20.0,147.9969,108.01836999999999,20.003759000000002,0.0030999999999892225,-0.018369999999990227,-0.0037590000000022883,0.019005183003580662,0.0
2237.0,148.0,172.0,20.0,148.0,172.0,20.0,147.988452,172.019458,19.996847000000002,0.011548000000004777,-0.019457999999985987,0.003152999999997519,0.022845381962216114,0.0
2238.0,132.0,212.0,20.0,132.0,212.0,20.0,131.98162,212.01928999999998,19.993551,0.018380000000007612,-0.01928999999998382,0.006448999999999927,0.027413830469302437,0.0
2239.0,128.0,216.0,20.0,128.0,216.0,20.0,127.98070399999999,216.01914599999998,19.993375,0.019296000000011304,-0.019145999999977903,0.006624999999999659,0.027978483822387257,0.0
2240.0,128.0,20.0,24.0,128.0,20.0,24.0,128.00654,20.015302,24.014503,-0.0065400000000011005,-0.015301999999998372,-0.014503000000001265,0.022073962331217323,0.0
2241.0,200.0,72.0,24.0,200.0,72.0,24.0,200.00666,72.02000199999999,24.004279,-0.006660000000010768,-0.02000199999999097,-0.004279000000000366,0.021511518891044988,0.0
2242.0,232.0,76.0,24.0,232.0,76.0,24.0,232.00923600000002,76.021766,24.001799000000002,-0.009236000000015565,-0.021765999999999508,-0.0017990000000018824,0.023712841521004457,0.0
2243.0,32.0,132.0,24.0,32.0,132.0,24.0,31.982444,132.012118,24.008551,0.017555999999999017,-0.01211799999998675,-0.008551000000000641,0.02298213786834583,0.0
2244.0,40.0,188.0,24.0,40.0,188.0,24.0,39.975828,188.01349399999998,24.001991,0.024172000000000082,-0.013493999999980133,-0.001991000000000298,0.02775495813362847,0.0
2245.0,144.0,208.0,24.0,144.0,208.0,24.0,143.98327600000002,208.01934599999998,23.993175,0.016723999999982198,-0.019345999999984542,0.006824999999999193,0.026467725950651586,0.0
2246.0,204.0,28.0,28.0,204.0,28.0,28.0,204.01282000000003,28.018953999999997,28.008735,-0.01282000000003336,-0.01895399999999725,-0.008735000000001492,0.02449299371250434,0.0
2247.0,20.0,40.0,28.0,20.0,40.0,28.0,19.993388000000003,40.009406,28.019215000000003,0.006611999999996954,-0.009405999999998471,-0.019215000000002647,0.02239213265859312,0.0
2248.0,28.0,64.0,28.0,28.0,64.0,28.0,27.990996,64.010238,28.016111000000002,0.0090040000000009,-0.01023800000000108,-0.016111000000002207,0.0211057570582083,0.0
2249.0,28.0,108.0,28.0,28.0,108.0,28.0,27.985188,108.01098599999999,28.011359000000002,0.01481199999999916,-0.010985999999988394,-0.01135900000000234,0.02165904940203455,0.0
2250.0,128.0,160.0,28.0,128.0,160.0,28.0,127.988024,160.01717,27.999343000000003,0.011976000000004206,-0.017169999999993024,0.000656999999996799,0.020944333959327925,0.0
2251.0,188.0,200.0,28.0,188.0,200.0,28.0,187.98856400000003,200.02103,27.991183000000003,0.01143599999997491,-0.021029999999996107,0.008816999999996966,0.025510438745721502,0.0
2252.0,184.0,232.0,28.0,184.0,232.0,28.0,183.98395200000004,232.02136199999998,27.987983,0.01604799999995521,-0.021361999999982118,0.012017000000000166,0.02929644410159367,0.0
2253.0,212.0,24.0,32.0,212.0,24.0,32.0,212.01408800000002,24.018797999999997,32.008615,-0.0140880000000152,-0.018797999999996762,-0.008614999999998929,0.025021086567139486,0.0
2254.0,152.0,52.0,32.0,152.0,52.0,32.0,152.004572,52.016093999999995,32.009431,-0.004571999999996024,-0.01609399999999539,-0.009430999999999301,0.019205826746063342,0.0
2255.0,144.0,80.0,32.0,144.0,80.0,32.0,144.0001,80.01614599999999,32.006919,-0.00010000000000331966,-0.016145999999992,-0.00691900000000345,0.017566327931579497,0.0
2256.0,184.0,80.0,32.0,184.0,80.0,32.0,184.00398,80.018266,32.004359,-0.003980000000012751,-0.018265999999997007,-0.00435900000000089,0.01919604222229155,0.0
2257.0,224.0,80.0,32.0,224.0,80.0,32.0,224.00786,80.02038599999999,32.001799,-0.00785999999999376,-0.020385999999987803,-0.0017989999999983297,0.0219227050566165,0.0
2258.0,156.0,92.0,32.0,156.0,92.0,32.0,155.99967999999998,92.01698599999999,32.004855,0.00032000000001630724,-0.01698599999998862,-0.0048549999999991655,0.01766911489010176,0.0
2259.0,20.0,104.0,32.0,20.0,104.0,32.0,19.984904,104.009982,32.012263,0.015095999999999776,-0.009981999999993718,-0.012262999999997248,0.021861168976058908,0.0
2260.0,24.0,108.0,32.0,24.0,108.0,32.0,23.984764,108.010262,32.011575,0.015236000000001582,-0.010261999999997329,-0.011575000000000557,0.02171232288356099,0.0
2261.0,36.0,116.0,32.0,36.0,116.0,32.0,35.984872,116.011034,32.009943,0.015127999999997144,-0.011033999999995103,-0.009942999999999813,0.021200678974971576,0.0
2262.0,44.0,124.0,32.0,44.0,124.0,32.0,43.984592000000006,124.01159399999999,32.008567,0.015407999999993649,-0.011593999999988114,-0.008566999999999325,0.02110025566194678,0.0
2263.0,216.0,160.0,32.0,216.0,160.0,32.0,215.996524,160.02132199999997,31.993671000000003,0.003476000000006252,-0.02132199999996942,0.0063289999999973645,0.02251147487391055,0.0
2264.0,180.0,216.0,32.0,180.0,216.0,32.0,179.98564,216.02036599999997,31.989927,0.014360000000010587,-0.020365999999967244,0.010072999999998444,0.026878409272107946,0.0
2265.0,188.0,236.0,32.0,188.0,236.0,32.0,187.983776,236.02112999999997,31.987255,0.01622399999999402,-0.021129999999971005,0.012744999999998896,0.029531848926177186,0.0
2266.0,192.0,24.0,36.0,192.0,24.0,36.0,192.012112,24.017225999999997,36.009855,-0.012112000000001899,-0.0172259999999973,-0.009855000000001723,0.02324987408568027,0.0
2267.0,36.0,36.0,36.0,36.0,36.0,36.0,35.995396,36.009161999999996,36.018543,0.004604000000000497,-0.00916199999999634,-0.018543000000001086,0.02118919321257838,0.0
2268.0,8.0,56.0,36.0,8.0,56.0,36.0,7.99004,56.00801799999999,36.018175,0.009960000000000413,-0.008017999999992753,-0.018174999999999386,0.02222207346311027,0.0
2269.0,188.0,92.0,36.0,188.0,92.0,36.0,188.002748,92.01817,36.002767,-0.002747999999996864,-0.0181699999999978,-0.0027669999999986317,0.018583774993254067,0.0
2270.0,240.0,108.0,36.0,240.0,108.0,36.0,240.00568,108.021198,35.997711,-0.005680000000012342,-0.021197999999998274,0.002288999999997543,0.022064839111130084,0.0
2271.0,12.0,112.0,36.0,12.0,112.0,36.0,11.983035999999998,112.009182,36.011871,0.016964000000001533,-0.009181999999995583,-0.011870999999999299,0.02264965918065776,0.0
2272.0,128.0,144.0,36.0,128.0,144.0,36.0,127.99006399999999,144.015874,36.000991,0.009936000000010381,-0.015873999999996613,-0.000990999999999076,0.01875340110486887,0.0
2273.0,52.0,188.0,36.0,52.0,188.0,36.0,51.976884,188.01259399999998,36.001103,0.02311600000000169,-0.012593999999978678,-0.0011030000000005202,0.026347199111092286,0.0
2274.0,132.0,188.0,36.0,132.0,188.0,36.0,131.984644,188.016834,35.995983,0.015355999999997039,-0.01683399999998869,0.004016999999997495,0.023137125599337272,0.0
2275.0,128.0,212.0,36.0,128.0,212.0,36.0,127.98108799999999,212.01702999999998,35.993647,0.018912000000014473,-0.017029999999977008,0.0063529999999971665,0.02623061671024393,0.0
2276.0,196.0,236.0,36.0,196.0,236.0,36.0,195.984516,236.021042,35.986703,0.015483999999986509,-0.021041999999994232,0.013297000000001447,0.02931433487219824,0.0
2277.0,100.0,240.0,36.0,100.0,240.0,36.0,99.97467599999999,240.016022,35.992415,0.025324000000011893,-0.01602199999999243,0.007584999999998843,0.030911837295772994,0.0
2278.0,200.0,16.0,40.0,200.0,16.0,40.0,200.013908,16.017001999999998,40.010167,-0.013907999999986487,-0.017001999999997963,-0.010167000000002702,0.024204717659985414,0.0
2279.0,36.0,40.0,40.0,36.0,40.0,40.0,35.994832,40.008717999999995,40.018071,0.005167999999997619,-0.008717999999994674,-0.01807099999999906,0.02071889931921695,0.0
2280.0,32.0,44.0,40.0,32.0,44.0,40.0,31.993916000000002,44.008573999999996,40.017895,0.006083999999997758,-0.008573999999995863,-0.01789500000000288,0.020754747818270518,0.0
2281.0,156.0,96.0,40.0,156.0,96.0,40.0,155.99908,96.01602999999999,40.004343,0.0009200000000078035,-0.016029999999986444,-0.0043429999999986535,0.01663336854036392,0.0
2282.0,80.0,132.0,40.0,80.0,132.0,40.0,79.98695599999999,132.01261399999999,40.005319,0.013044000000007827,-0.012613999999985026,-0.005319000000000074,0.01890901089427544,0.0
2283.0,228.0,168.0,40.0,228.0,168.0,40.0,227.99656000000002,168.02106999999998,39.991959,0.0034399999999834563,-0.021069999999980382,0.008040999999998633,0.022813070398327306,0.0
2284.0,204.0,184.0,40.0,204.0,184.0,40.0,203.99212,184.02006999999998,39.991767,0.00788000000000011,-0.020069999999975607,0.008232999999997048,0.0230798957753057,0.0
2285.0,128.0,188.0,40.0,128.0,188.0,40.0,127.98422,188.01610999999997,39.996199000000004,0.015780000000006567,-0.016109999999969205,0.0038009999999957245,0.02286893309709009,0.0
2286.0,124.0,208.0,40.0,124.0,208.0,40.0,123.981192,208.01623799999996,39.994295,0.01880800000000704,-0.016237999999958674,0.005704999999998961,0.02549432354464246,0.0
2287.0,172.0,228.0,40.0,172.0,228.0,40.0,171.98320800000002,228.01912199999998,39.989063,0.016791999999981044,-0.019121999999981654,0.01093699999999842,0.027699099570177858,0.0
2288.0,224.0,20.0,44.0,224.0,20.0,44.0,224.015672,20.01783,44.008159,-0.015671999999995023,-0.017830000000000013,-0.00815899999999914,0.02510158889392921,0.0
2289.0,120.0,88.0,44.0,120.0,88.0,44.0,119.996608,88.01347399999999,44.007471,0.0033920000000051687,-0.013473999999987996,-0.007471000000002448,0.01577561982933628,0.0
2290.0,104.0,128.0,44.0,104.0,128.0,44.0,103.98977599999999,128.013306,44.004175000000004,0.010224000000008004,-0.01330600000000004,-0.0041750000000035925,0.01729191825680988,0.0
2291.0,124.0,168.0,44.0,124.0,168.0,44.0,123.986436,168.01504599999998,43.998575,0.013564000000002352,-0.015045999999983906,0.001424999999997567,0.020307506912459063,0.0
2292.0,224.0,176.0,44.0,224.0,176.0,44.0,223.99508,176.020482,43.991311,0.004919999999998481,-0.02048199999998701,0.008688999999996838,0.022786343388077824,0.0
2293.0,64.0,184.0,44.0,64.0,184.0,44.0,63.978504,184.012138,44.000687,0.02149599999999907,-0.012137999999993099,-0.000686999999999216,0.024695769455511836,0.0
2294.0,196.0,228.0,44.0,196.0,228.0,44.0,195.98550000000003,228.019882,43.987487,0.01449999999996976,-0.019881999999995514,0.012512999999998442,0.027606504541482713,0.0
2295.0,120.0,236.0,44.0,120.0,236.0,44.0,119.97707199999999,236.01599,43.991487,0.022928000000007387,-0.01598999999998796,0.008513000000000659,0.029220616916827147,0.0
2296.0,232.0,12.0,48.0,232.0,12.0,48.0,232.017468,12.017605999999999,48.008471,-0.017468000000008033,-0.0176059999999989,-0.008471000000000117,0.026208015968406384,0.0
2297.0,152.0,52.0,48.0,152.0,52.0,48.0,152.00442800000002,52.01404599999999,48.009271000000005,-0.004428000000018528,-0.014045999999993342,-0.009271000000005358,0.017402549841907547,0.0
2298.0,196.0,60.0,48.0,196.0,60.0,48.0,196.00764,60.016513999999994,48.005591,-0.007640000000009195,-0.0165139999999937,-0.005591000000002566,0.019035258784685885,0.0
2299.0,112.0,68.0,48.0,112.0,68.0,48.0,111.99843599999998,68.012198,48.010103,0.001564000000016108,-0.012197999999997933,-0.010103000000000861,0.01591564981394154,0.0
2300.0,236.0,104.0,48.0,236.0,104.0,48.0,236.00571200000005,104.019382,47.998279000000004,-0.0057120000000452364,-0.019381999999993127,0.0017209999999963088,0.02027931727155127,0.0
2301.0,228.0,108.0,48.0,228.0,108.0,48.0,228.00440800000004,108.019026,47.998359,-0.004408000000040602,-0.019025999999996657,0.0016409999999993374,0.019598776007705904,0.0
2302.0,232.0,164.0,48.0,232.0,164.0,48.0,231.99740400000002,164.02018999999999,47.992055,0.0025959999999827232,-0.020189999999985275,0.007944999999999425,0.021851735423057513,0.0
2303.0,140.0,200.0,48.0,140.0,200.0,48.0,139.983728,200.01592599999998,47.994055,0.01627199999998652,-0.015925999999979013,0.0059449999999969805,0.02353207353802161,0.0
2304.0,228.0,204.0,48.0,228.0,204.0,48.0,227.99173600000003,204.02065799999997,47.987991,0.008263999999968519,-0.02065799999996898,0.012008999999999048,0.02528364572205075,0.0
2305.0,192.0,232.0,48.0,192.0,232.0,48.0,191.98454800000002,232.01922599999997,47.987271,0.015451999999982036,-0.019225999999974874,0.012729000000000212,0.027756635621027346,0.0
2306.0,28.0,48.0,52.0,28.0,48.0,52.0,27.992891999999998,48.006893999999996,52.017599000000004,0.007108000000002335,-0.006893999999995515,-0.01759900000000414,0.020193456885835993,0.0
2307.0,108.0,52.0,52.0,108.0,52.0,52.0,108.000124,52.011202,52.012047,-0.0001239999999995689,-0.01120199999999727,-0.012047000000002583,0.016450847668129476,0.0
2308.0,184.0,64.0,52.0,184.0,64.0,52.0,184.00591200000002,64.015434,52.005887,-0.005912000000023454,-0.01543399999999906,-0.005887000000001308,0.017544710570433004,0.0
2309.0,136.0,68.0,52.0,136.0,68.0,52.0,136.000728,68.012958,52.008527,-0.0007280000000093878,-0.012957999999997583,-0.00852700000000084,0.015528988279986732,0.0
2310.0,192.0,80.0,52.0,192.0,80.0,52.0,192.004576,80.01612999999999,52.003647,-0.004575999999985925,-0.016129999999989764,-0.003647000000000844,0.017158592162515755,0.0
2311.0,240.0,96.0,52.0,240.0,96.0,52.0,240.00712,96.01894599999999,51.998847000000005,-0.0071199999999862484,-0.018945999999985474,0.0011529999999950746,0.020272511561206283,0.0
2312.0,208.0,100.0,52.0,208.0,100.0,52.0,208.00348799999998,100.01731799999999,52.000463,-0.0034879999999759548,-0.017317999999988842,-0.0004630000000034329,0.017671831738658248,0.0
2313.0,32.0,108.0,52.0,32.0,108.0,52.0,31.98536,108.00812599999999,52.010863,0.014639999999999986,-0.008125999999990086,-0.010863000000000511,0.019959114334054243,0.0
2314.0,28.0,112.0,52.0,28.0,112.0,52.0,27.984444,112.00798199999998,52.010687000000004,0.015556000000000125,-0.007981999999984168,-0.010687000000004332,0.020491789306935685,0.0
2315.0,24.0,116.0,52.0,24.0,116.0,52.0,23.983527999999996,116.00783799999999,52.010511,0.016472000000003817,-0.007837999999992462,-0.010511000000001047,0.021053316817072544,0.0
2316.0,56.0,140.0,52.0,56.0,140.0,52.0,55.983464000000005,140.009942,52.005871000000006,0.016535999999995,-0.009941999999995232,-0.005871000000006177,0.020168076284063693,0.0
2317.0,28.0,164.0,52.0,28.0,164.0,52.0,27.97758,164.00886599999998,52.005071,0.02242000000000033,-0.008865999999983387,-0.005071000000000936,0.02463691127149931,0.0
2318.0,36.0,184.0,52.0,36.0,184.0,52.0,35.975716000000006,184.00963,52.002399000000004,0.02428399999999442,-0.009629999999987149,-0.002399000000004037,0.026233656950556874,0.0
2319.0,136.0,196.0,52.0,136.0,196.0,52.0,135.983832,196.015134,51.994703,0.0161679999999933,-0.0151339999999891,0.005296999999998775,0.022770603615175432,0.0
2320.0,132.0,204.0,52.0,132.0,204.0,52.0,131.982388,204.01505799999998,51.994095,0.01761200000001395,-0.01505799999998203,0.005904999999998495,0.023912233960881452,0.0
2321.0,84.0,216.0,52.0,84.0,216.0,52.0,83.976148,216.01271799999998,51.995871,0.02385200000000509,-0.012717999999978247,0.004128999999998939,0.02734436082631446,0.0
2322.0,232.0,4.0,56.0,232.0,4.0,56.0,232.018452,4.016446,56.009255,-0.01845199999999636,-0.016446000000000183,-0.009255000000003122,0.026393223467396504,0.0
2323.0,216.0,16.0,56.0,216.0,16.0,56.0,216.01531599999998,16.015802,56.008983,-0.015315999999984342,-0.01580200000000076,-0.00898300000000063,0.023769252175858534,0.0
2324.0,80.0,20.0,56.0,80.0,20.0,56.0,80.00159599999999,20.008661999999998,56.017255000000006,-0.0015959999999921592,-0.008661999999997505,-0.017255000000005793,0.019372983378925707,0.0
2325.0,84.0,32.0,56.0,84.0,32.0,56.0,84.0004,32.009077999999995,56.015703,-0.00039999999999906777,-0.009077999999995257,-0.01570300000000202,0.018142609872892505,0.0
2326.0,36.0,48.0,56.0,36.0,48.0,56.0,35.993632000000005,48.00680599999999,56.017047000000005,0.006367999999994822,-0.00680599999999032,-0.01704700000000514,0.019428671313293084,0.0
2327.0,44.0,56.0,56.0,44.0,56.0,56.0,43.993352,56.00736599999999,56.015671000000005,0.006647999999998433,-0.007365999999990436,-0.015671000000004653,0.018548156269559087,0.0
2328.0,32.0,72.0,56.0,32.0,72.0,56.0,31.990076000000002,72.007002,56.014711000000005,0.009923999999998045,-0.007001999999999953,-0.01471100000000547,0.019076878701719563,0.0
2329.0,36.0,112.0,56.0,36.0,112.0,56.0,35.985184000000004,112.00789400000001,56.010135000000005,0.014815999999996166,-0.007894000000007395,-0.010135000000005334,0.019609878046538465,0.0
2330.0,56.0,128.0,56.0,56.0,128.0,56.0,55.985012,128.009226,56.007127000000004,0.014988000000002444,-0.009226000000012391,-0.007127000000004102,0.018988242388392886,0.0
2331.0,68.0,140.0,56.0,68.0,140.0,56.0,67.98459199999999,140.01006599999997,56.005063,0.01540800000000786,-0.01006599999996638,-0.005062999999999818,0.01908834170376158,0.0
2332.0,44.0,180.0,56.0,44.0,180.0,56.0,43.976984,180.00947399999998,56.002279,0.02301599999999837,-0.009473999999983107,-0.0022790000000014743,0.024993734674906263,0.0
2333.0,92.0,200.0,56.0,92.0,200.0,56.0,91.979,200.01235799999998,55.997047,0.021000000000000796,-0.012357999999977665,0.002952999999997985,0.02454466078395604,0.0
2334.0,228.0,216.0,56.0,228.0,216.0,56.0,227.99008,216.01983799999996,55.986615,0.009919999999993934,-0.019837999999964495,0.013384999999999536,0.025905807630692747,0.0
2335.0,88.0,24.0,60.0,88.0,24.0,60.0,88.001808,24.008642,60.016271,-0.0018079999999969232,-0.008641999999998262,-0.016271000000003255,0.018512116815752454,0.0
2336.0,200.0,48.0,60.0,200.0,48.0,60.0,200.009504,48.01498599999999,60.006511,-0.00950399999999263,-0.014985999999993282,-0.006511000000003264,0.018902363159131744,0.0
2337.0,220.0,48.0,60.0,220.0,48.0,60.0,220.011444,48.016045999999996,60.005231,-0.011444000000011556,-0.016045999999995786,-0.005231000000001984,0.020391238633299107,0.0
2338.0,48.0,56.0,60.0,48.0,56.0,60.0,47.993703999999994,56.007065999999995,60.015375000000006,0.0062960000000060745,-0.007065999999994688,-0.015375000000005912,0.018054323498823854,0.0
2339.0,92.0,60.0,60.0,92.0,60.0,60.0,91.997444,60.00946599999999,60.012127,0.0025559999999984484,-0.009465999999989094,-0.012126999999999555,0.015594948573168647,0.0
2340.0,200.0,84.0,60.0,200.0,84.0,60.0,200.004752,84.01559800000001,60.002623,-0.004751999999996315,-0.015598000000011325,-0.00262299999999982,0.01651542421496697,0.0
2341.0,236.0,112.0,60.0,236.0,112.0,60.0,236.00454800000003,112.017982,59.997295,-0.004548000000028196,-0.017982000000003495,0.002704999999998847,0.01874442991932206,0.0
2342.0,76.0,144.0,60.0,76.0,144.0,60.0,75.984804,144.010046,60.004079000000004,0.015196000000003096,-0.010045999999988453,-0.004079000000004385,0.018667586158898474,0.0
2343.0,152.0,144.0,60.0,152.0,144.0,60.0,151.992176,144.014074,59.999215,0.007823999999999387,-0.014073999999993703,0.0007850000000004798,0.016121683441868408,0.0
2344.0,144.0,160.0,60.0,144.0,160.0,60.0,143.98928800000002,160.01392199999998,59.997999,0.010711999999983846,-0.013921999999979562,0.0020009999999999195,0.017679734981019497,0.0
2345.0,116.0,16.0,64.0,116.0,16.0,64.0,116.005544,16.009477999999998,64.015303,-0.0055440000000004375,-0.009477999999997877,-0.015303000000002953,0.018834814281007792,0.0
2346.0,228.0,40.0,64.0,228.0,40.0,64.0,228.01324000000002,40.01582199999999,64.005543,-0.013240000000024565,-0.015821999999992897,-0.005543000000002962,0.02136254041542013,0.0
2347.0,128.0,56.0,64.0,128.0,56.0,64.0,128.001428,56.01079399999999,64.010215,-0.0014280000000042037,-0.010793999999989978,-0.010215000000002306,0.014929696748422011,0.0
2348.0,104.0,72.0,64.0,104.0,72.0,64.0,103.99698799999999,72.009794,64.010023,0.003012000000012449,-0.009793999999999414,-0.01002300000000389,0.014333705347890387,0.0
2349.0,84.0,144.0,64.0,84.0,144.0,64.0,83.985544,144.00995799999998,64.003527,0.014455999999995583,-0.009957999999983258,-0.003527000000005387,0.01790467617689795,0.0
2350.0,104.0,160.0,64.0,104.0,160.0,64.0,103.985372,160.01128999999997,64.000519,0.014628000000001862,-0.011289999999974043,-0.0005189999999970496,0.0184854495482113,0.0
2351.0,76.0,176.0,64.0,76.0,176.0,64.0,75.98054400000001,176.01007799999996,64.000583,0.019455999999991036,-0.010077999999964504,-0.0005830000000059954,0.021918985127029552,0.0
2352.0,60.0,184.0,64.0,60.0,184.0,64.0,59.977936,184.00936599999997,64.000743,0.022064000000000306,-0.009365999999971564,-0.0007429999999999382,0.023981119677769024,0.0
2353.0,216.0,236.0,64.0,216.0,236.0,64.0,215.98620400000001,236.01851799999997,63.985143,0.013795999999985042,-0.018517999999971835,0.014856999999999232,0.027458630501147017,0.0
2354.0,28.0,20.0,68.0,28.0,20.0,68.0,27.996444,20.004369999999998,68.02046299999999,0.0035559999999996705,-0.004369999999997987,-0.02046299999999235,0.021224429438730902,0.0
2355.0,48.0,52.0,68.0,48.0,52.0,68.0,47.99416,52.005973999999995,68.015727,0.005839999999999179,-0.005973999999994817,-0.01572699999999827,0.017808222960191005,0.0
2356.0,192.0,56.0,68.0,192.0,56.0,68.0,192.0076,56.013673999999995,68.006079,-0.0075999999999964984,-0.013673999999994635,-0.0060789999999997235,0.016783697953663152,0.0
2357.0,208.0,68.0,68.0,208.0,68.0,68.0,208.00756800000002,68.01472600000001,68.003759,-0.007568000000020447,-0.014726000000010231,-0.0037590000000022883,0.01697821489440595,0.0
2358.0,52.0,84.0,68.0,52.0,84.0,68.0,51.990324,84.00673,68.01201499999999,0.009675999999998908,-0.006730000000004566,-0.012014999999991005,0.0168308675058603,0.0
2359.0,236.0,108.0,68.0,236.0,108.0,68.0,236.00500400000004,108.01689,67.997647,-0.005004000000042197,-0.016890000000003624,0.0023529999999993834,0.017772133383489496,0.0
2360.0,160.0,140.0,68.0,160.0,140.0,68.0,159.99340800000002,140.01340599999997,67.999055,0.0065919999999835,-0.013405999999974938,0.000945000000001528,0.014968911951077586,0.0
2361.0,160.0,236.0,68.0,160.0,236.0,68.0,159.98073600000004,236.01503799999998,67.988687,0.0192639999999642,-0.015037999999975682,0.011313000000001239,0.026930041013669425,0.0
2362.0,36.0,40.0,72.0,36.0,40.0,72.0,35.994544000000005,40.00462199999999,72.01775099999999,0.005455999999995242,-0.004621999999990578,-0.017750999999989858,0.019137105867907532,0.0
2363.0,200.0,52.0,72.0,200.0,52.0,72.0,200.00886799999998,52.01351799999999,72.00595899999999,-0.008867999999978338,-0.013517999999990593,-0.005958999999990056,0.01723042161408835,0.0
2364.0,196.0,56.0,72.0,196.0,56.0,72.0,196.007952,56.01337399999999,72.005783,-0.007951999999988857,-0.013373999999991781,-0.005782999999993876,0.016599435803651044,0.0
2365.0,212.0,64.0,72.0,212.0,64.0,72.0,212.00844800000002,64.014358,72.003895,-0.008448000000015554,-0.014358000000001425,-0.003894999999999982,0.01710824049983819,0.0
2366.0,96.0,88.0,72.0,96.0,88.0,72.0,95.99402799999999,88.008618,72.008727,0.005972000000014077,-0.00861799999999846,-0.008726999999993268,0.013641672807981581,0.0
2367.0,180.0,112.0,72.0,180.0,112.0,72.0,179.999008,112.013478,72.000759,0.0009919999999965512,-0.013478000000006318,-0.0007590000000021746,0.013535753728557814,0.0
2368.0,8.0,136.0,72.0,8.0,136.0,72.0,7.979156,136.00476999999998,72.009175,0.020844000000000307,-0.004769999999979291,-0.009174999999999045,0.023268129727156795,0.0
2369.0,216.0,188.0,72.0,216.0,188.0,72.0,215.992468,188.01667799999996,71.990247,0.007531999999997652,-0.016677999999956228,0.009753000000003453,0.020736627425851386,0.0
2370.0,88.0,192.0,72.0,88.0,192.0,72.0,87.979524,192.00996199999997,71.998007,0.02047600000000216,-0.009961999999973159,0.0019929999999988013,0.022857822927819457,0.0
2371.0,92.0,196.0,72.0,92.0,196.0,72.0,91.979384,196.01024199999998,71.99731899999999,0.020616000000003964,-0.01024199999997677,0.0026810000000097034,0.023175542733660837,0.0
2372.0,104.0,216.0,72.0,104.0,216.0,72.0,103.97790799999999,216.01121799999996,71.994391,0.022092000000014878,-0.011217999999956874,0.0056090000000068585,0.025403953806440577,0.0
2373.0,152.0,228.0,72.0,152.0,228.0,72.0,151.98098000000002,228.01396599999995,71.990023,0.019019999999983384,-0.013965999999953738,0.009977000000006342,0.02561933029956486,0.0
2374.0,28.0,12.0,76.0,28.0,12.0,76.0,27.997428,12.00321,76.021247,0.002572000000000685,-0.003209999999999269,-0.02124700000000246,0.021641494703464992,0.0
2375.0,228.0,40.0,76.0,228.0,40.0,76.0,228.013132,40.01428599999999,76.005423,-0.013132000000013022,-0.014285999999991361,-0.005422999999993294,0.02014815497756612,0.0
2376.0,92.0,48.0,76.0,92.0,48.0,76.0,91.99888399999999,48.00721399999999,76.013263,0.001116000000010331,-0.007213999999990506,-0.013262999999994918,0.015139168438185475,0.0
2377.0,112.0,56.0,76.0,112.0,56.0,76.0,111.99976799999999,56.00840999999999,76.011119,0.0002320000000111122,-0.008409999999990703,-0.011118999999993662,0.013943245138765503,0.0
2378.0,216.0,68.0,76.0,216.0,68.0,76.0,216.008272,68.014126,76.00316699999999,-0.008272000000005164,-0.014126000000004524,-0.003166999999990594,0.01667332447354617,0.0
2379.0,212.0,76.0,76.0,212.0,76.0,76.0,212.006828,76.01405,76.00255899999999,-0.006828000000012935,-0.014049999999997453,-0.002558999999990874,0.015829484040866853,0.0
2380.0,76.0,84.0,76.0,76.0,84.0,76.0,75.99257999999999,84.006978,76.01039899999999,0.007420000000010418,-0.0069780000000037035,-0.010398999999992498,0.014556376094346088,0.0
2381.0,184.0,120.0,76.0,184.0,120.0,76.0,183.99830400000002,120.013314,75.999599,0.001695999999981268,-0.013313999999994053,0.000400999999996543,0.013427576587000922,0.0
2382.0,132.0,136.0,76.0,132.0,136.0,76.0,131.99114799999998,136.01083,76.001199,0.008852000000018734,-0.010829999999998563,-0.001198999999999728,0.014038675329257382,0.0
2383.0,8.0,168.0,76.0,8.0,168.0,76.0,7.974896,168.00480199999998,76.005679,0.025103999999999793,-0.004801999999983764,-0.005679000000000656,0.026182457123040254,0.0
2384.0,80.0,180.0,76.0,80.0,180.0,76.0,79.980296,180.00882199999998,75.999775,0.019704000000004385,-0.00882199999998079,0.0002250000000003638,0.02158994962939548,0.0
2385.0,92.0,212.0,76.0,92.0,212.0,76.0,91.97723599999999,212.010002,75.99555099999999,0.022764000000009332,-0.010001999999985856,0.004449000000008141,0.02525932107164035,0.0
2386.0,160.0,224.0,76.0,160.0,224.0,76.0,159.982248,224.01380999999998,75.989903,0.017752000000001544,-0.013809999999978118,0.010097000000001799,0.02465358012539937,0.0
2387.0,36.0,236.0,76.0,36.0,236.0,76.0,35.968636000000004,236.00744199999997,75.996543,0.031363999999996395,-0.0074419999999690845,0.003456999999997379,0.03241966546710955,0.0
2388.0,220.0,12.0,80.0,220.0,12.0,80.0,220.016016,12.012874,80.00891899999999,-0.01601600000000758,-0.012874000000000052,-0.008918999999991684,0.022400908307479313,0.0
2389.0,28.0,16.0,80.0,28.0,16.0,80.0,27.996864,16.002766,80.020775,0.00313600000000136,-0.0027660000000011564,-0.020775000000000432,0.021191646396635466,0.0
2390.0,132.0,28.0,80.0,132.0,28.0,80.0,132.005368,28.008481999999997,80.012823,-0.005368000000004258,-0.008481999999997214,-0.012822999999997364,0.01628462701445541,0.0
2391.0,112.0,40.0,80.0,112.0,40.0,80.0,112.00184399999999,40.00762599999999,80.012807,-0.001843999999991297,-0.007625999999987698,-0.012806999999995128,0.015019169783967936,0.0
2392.0,216.0,56.0,80.0,216.0,56.0,80.0,216.00982,56.01340999999999,80.004423,-0.009819999999990614,-0.01340999999999326,-0.00442300000000273,0.017199518278127997,0.0
2393.0,8.0,148.0,80.0,8.0,148.0,80.0,7.977499999999999,148.00394999999997,80.00779899999999,0.022500000000000853,-0.003949999999974807,-0.007798999999991452,0.024138701311373526,0.0
2394.0,24.0,168.0,80.0,24.0,168.0,80.0,23.976411999999996,168.00513799999996,80.004615,0.023588000000003717,-0.005137999999959675,-0.004615000000001146,0.024578263018361805,0.0
2395.0,208.0,184.0,80.0,208.0,184.0,80.0,207.992148,184.01516199999998,79.991111,0.007852000000013959,-0.01516199999997525,0.008888999999996372,0.01924979140145171,0.0
2396.0,160.0,220.0,80.0,160.0,220.0,80.0,159.98274,220.01322999999996,79.990295,0.01725999999999317,-0.013229999999964548,0.009704999999996744,0.023814439422307696,0.0
2397.0,24.0,236.0,80.0,24.0,236.0,80.0,23.967436,236.00629399999997,79.997271,0.032564000000000703,-0.0062939999999684915,0.002729000000002202,0.0332787615905349,0.0
2398.0,44.0,240.0,80.0,44.0,240.0,80.0,43.968848,240.00742199999996,79.995559,0.031151999999998736,-0.007421999999962736,0.004440999999999917,0.03233041399362785,0.0
2399.0,24.0,12.0,84.0,24.0,12.0,84.0,23.996968,12.001973999999999,84.021423,0.003032000000001034,-0.00197399999999881,-0.021422999999998638,0.02172635793224311,0.0
2400.0,40.0,12.0,84.0,40.0,12.0,84.0,39.99852,12.002822,84.020399,0.001480000000000814,-0.002822000000000102,-0.020398999999997613,0.020646386729883406,0.0
2401.0,100.0,24.0,84.0,100.0,24.0,84.0,100.00275599999999,24.006206,84.01526299999999,-0.002755999999990877,-0.006205999999998824,-0.015262999999990257,0.01670536264196733,0.0
2402.0,132.0,32.0,84.0,132.0,32.0,84.0,132.004804,32.008038,84.012351,-0.004804000000007136,-0.008037999999999101,-0.012350999999995338,0.015499518089280679,0.0
2403.0,212.0,72.0,84.0,212.0,72.0,84.0,212.00728400000003,72.012958,84.002911,-0.007284000000026936,-0.012957999999997583,-0.0029109999999974434,0.015147288239163961,0.0
2404.0,60.0,80.0,84.0,60.0,80.0,84.0,59.991484,80.005038,84.011775,0.00851600000000019,-0.005037999999998988,-0.011775000000000091,0.015380322655913145,0.0
2405.0,144.0,220.0,84.0,144.0,220.0,84.0,143.981152,220.01187,83.99127899999999,0.018847999999991316,-0.011869999999987613,0.008721000000008416,0.02392069909094476,0.0
2406.0,152.0,240.0,84.0,152.0,240.0,84.0,151.97928800000003,240.012634,83.988607,0.02071199999997475,-0.012633999999991374,0.01139299999999821,0.026803084691853944,0.0
2407.0,196.0,4.0,88.0,196.0,4.0,88.0,196.01467200000002,4.010441999999999,88.011239,-0.01467200000001867,-0.010441999999999396,-0.01123900000000333,0.02122776646283377,0.0
2408.0,208.0,8.0,88.0,208.0,8.0,88.0,208.015308,8.011146,88.01003899999999,-0.01530800000000454,-0.0111460000000001,-0.010038999999991916,0.021432445054169132,0.0
2409.0,132.0,40.0,88.0,132.0,40.0,88.0,132.003712,40.007661999999996,88.011447,-0.003712000000007265,-0.007661999999996283,-0.011447000000003982,0.014266008446656974,0.0
2410.0,48.0,44.0,88.0,48.0,44.0,88.0,47.995036,44.003277999999995,88.016391,0.004964000000001079,-0.003277999999994563,-0.016390999999998712,0.017437071457097744,0.0
2411.0,220.0,56.0,88.0,220.0,56.0,88.0,220.01013600000002,56.012598,88.004087,-0.01013600000001702,-0.012597999999997,-0.0040869999999983975,0.016677879631423666,0.0
2412.0,240.0,64.0,88.0,240.0,64.0,88.0,240.01102000000003,64.013794,88.001943,-0.01102000000003045,-0.013794000000004303,-0.0019429999999971415,0.017762040564101262,0.0
2413.0,216.0,76.0,88.0,216.0,76.0,88.0,216.00710800000002,76.012726,88.002183,-0.0071080000000165455,-0.012726000000000681,-0.0021830000000022665,0.014739071510792748,0.0
2414.0,116.0,88.0,88.0,116.0,88.0,88.0,115.99582399999998,88.00763,88.00728699999999,0.004176000000015279,-0.007630000000006021,-0.00728699999999094,0.011347080902156617,0.0
2415.0,128.0,148.0,88.0,128.0,148.0,88.0,127.98906799999999,148.00928599999997,88.000039,0.010932000000011044,-0.009285999999974592,-3.900000000101045e-05,0.014343637648789433,0.0
2416.0,28.0,176.0,88.0,28.0,176.0,88.0,27.975672,176.00446199999996,88.003415,0.02432800000000057,-0.004461999999961108,-0.0034150000000039427,0.024968445145817704,0.0
2417.0,152.0,236.0,88.0,152.0,236.0,88.0,151.97978000000003,236.01205399999995,87.98899899999999,0.020219999999966376,-0.012053999999949383,0.011001000000007366,0.02598402041635555,0.0
2418.0,100.0,32.0,92.0,100.0,32.0,92.0,100.001628,32.005317999999995,92.014319,-0.0016279999999966321,-0.005317999999995493,-0.014319000000000415,0.015361161056376988,0.0
2419.0,116.0,36.0,92.0,116.0,36.0,92.0,116.002652,36.006234,92.012863,-0.0026519999999976562,-0.006233999999999185,-0.01286299999999585,0.01453797196997816,0.0
2420.0,224.0,72.0,92.0,224.0,72.0,92.0,224.008376,72.01257,92.00206299999999,-0.008375999999998385,-0.01256999999999664,-0.0020629999999925985,0.01524526959420062,0.0
2421.0,232.0,76.0,92.0,232.0,76.0,92.0,232.008624,76.013062,92.001119,-0.008623999999997523,-0.013062000000005014,-0.0011190000000027567,0.015692080199900028,0.0
2422.0,80.0,80.0,92.0,80.0,80.0,92.0,79.993352,80.00507400000001,92.010415,0.006647999999998433,-0.0050740000000075725,-0.010414999999994734,0.013357155572948394,0.0
2423.0,108.0,152.0,92.0,108.0,152.0,92.0,107.98656399999999,152.007782,92.000847,0.013436000000012882,-0.00778199999999174,-0.0008469999999931588,0.015550017009643624,0.0
2424.0,144.0,212.0,92.0,144.0,212.0,92.0,143.982136,212.01071,91.992063,0.01786400000000299,-0.010709999999988895,0.007936999999998307,0.022289516930607583,0.0
2425.0,152.0,212.0,92.0,152.0,212.0,92.0,151.982912,212.01113399999997,91.991551,0.017088000000001102,-0.011133999999970001,0.008448999999998819,0.02207603453972995,0.0
2426.0,152.0,232.0,92.0,152.0,232.0,92.0,151.980272,232.01147399999996,91.989391,0.019727999999986423,-0.011473999999964235,0.010609000000002311,0.025167390428860372,0.0
2427.0,140.0,236.0,92.0,140.0,236.0,92.0,139.97858,236.01090599999998,91.989727,0.021420000000006212,-0.010905999999977212,0.010272999999997978,0.026139850133459593,0.0
2428.0,80.0,24.0,96.0,80.0,24.0,96.0,80.00070799999999,24.00361,96.016423,-0.0007079999999888287,-0.0036099999999983368,-0.016423000000003185,0.016829981966718702,0.0
2429.0,96.0,44.0,96.0,96.0,44.0,96.0,95.99961999999998,44.004797999999994,96.013239,0.0003800000000211412,-0.004797999999993863,-0.013238999999998668,0.014086742881160354,0.0
2430.0,76.0,52.0,96.0,76.0,52.0,96.0,75.996624,52.003873999999996,96.013655,0.003376000000002932,-0.0038739999999961583,-0.013654999999999973,0.01458986898501797,0.0
2431.0,64.0,56.0,96.0,64.0,56.0,96.0,63.994932,56.003305999999995,96.013991,0.005068000000001405,-0.003305999999994924,-0.013991000000004306,0.015243435997179283,0.0
2432.0,176.0,68.0,96.0,176.0,68.0,96.0,176.00421200000002,68.009446,96.005527,-0.004212000000023863,-0.009445999999996957,-0.005527000000000726,0.011726704097919054,0.0
2433.0,188.0,76.0,96.0,188.0,76.0,96.0,188.00432,76.010218,96.003895,-0.004320000000006985,-0.010217999999994731,-0.003894999999999982,0.011757591122332522,0.0
2434.0,104.0,144.0,96.0,104.0,144.0,96.0,103.98719599999998,144.00692199999997,96.001927,0.012804000000016913,-0.00692199999997456,-0.001926999999994905,0.014682296448446383,0.0
2435.0,84.0,160.0,96.0,84.0,160.0,96.0,83.983144,160.00613399999997,96.001479,0.0168560000000042,-0.006133999999974549,-0.0014790000000033388,0.017998281390172764,0.0
2436.0,220.0,176.0,96.0,220.0,176.0,96.0,219.994224,176.01361399999996,95.991047,0.005775999999997339,-0.01361399999996138,0.008953000000005318,0.017287549884208952,0.0
2437.0,148.0,232.0,96.0,148.0,232.0,96.0,147.979848,232.01074999999997,95.98960699999999,0.02015199999999595,-0.01074999999997317,0.010393000000007646,0.025093426489808418,0.0
2438.0,40.0,4.0,100.0,40.0,4.0,100.0,39.999432,4.0006379999999995,100.021103,0.0005680000000012342,-0.0006379999999994723,-0.02110299999999654,0.021120281177102136,0.0
2439.0,96.0,32.0,100.0,96.0,32.0,100.0,96.00116799999999,32.004082,100.014495,-0.0011679999999927304,-0.00408199999999681,-0.014494999999996594,0.015104038301059032,0.0
2440.0,120.0,36.0,100.0,120.0,36.0,100.0,120.002968,36.005421999999996,100.01252699999999,-0.002967999999995641,-0.005421999999995819,-0.012526999999991517,0.013968995561589825,0.0
2441.0,80.0,40.0,100.0,80.0,40.0,100.0,79.99856,40.00337,100.014655,0.0014400000000023283,-0.0033699999999967645,-0.014655000000004748,0.01510627435869361,0.0
2442.0,96.0,48.0,100.0,96.0,48.0,100.0,95.99905599999998,48.00435399999999,100.012767,0.0009440000000182636,-0.0043539999999921974,-0.012766999999996642,0.01352200950302435,0.0
2443.0,100.0,56.0,100.0,100.0,56.0,100.0,99.99838799999999,56.004701999999995,100.011647,0.0016120000000086065,-0.004701999999994655,-0.01164699999999641,0.012663331196801806,0.0
2444.0,172.0,64.0,100.0,172.0,64.0,100.0,172.00431600000002,64.008654,100.006175,-0.004316000000017084,-0.008654000000007045,-0.006174999999998931,0.01147389197265933,0.0
2445.0,184.0,76.0,100.0,184.0,76.0,100.0,184.00389600000003,76.009494,100.004111,-0.0038960000000258788,-0.009494000000003666,-0.004110999999994647,0.011055097150193989,0.0
2446.0,160.0,144.0,100.0,160.0,144.0,100.0,159.992592,144.00937799999997,99.99830299999999,0.007407999999998083,-0.009377999999969688,0.001697000000007165,0.012070839117452745,0.0
2447.0,4.0,208.0,100.0,4.0,208.0,100.0,3.969012,208.00219799999996,100.001375,0.030987999999999793,-0.002197999999964395,-0.0013749999999959073,0.031096269438629122,0.0
2448.0,124.0,208.0,100.0,124.0,208.0,100.0,123.98065199999999,208.00855799999997,99.993695,0.019348000000007914,-0.008557999999965205,0.0063049999999975626,0.022075721800196704,0.0
2449.0,148.0,228.0,100.0,148.0,228.0,100.0,147.98034,228.01017,99.989999,0.019659999999987576,-0.010169999999988022,0.010001000000002591,0.02428918485662538,0.0
2450.0,228.0,240.0,100.0,228.0,240.0,100.0,227.98651600000002,240.01461399999997,99.983583,0.013483999999976959,-0.014613999999966154,0.016417000000004123,0.025785754613711128,0.0
2451.0,196.0,12.0,104.0,196.0,12.0,104.0,196.013472,12.008529999999999,104.010215,-0.013472000000007256,-0.008529999999998594,-0.010215000000002306,0.018936787187910694,0.0
2452.0,24.0,16.0,104.0,24.0,16.0,104.0,23.99626,15.999481999999999,104.020791,0.0037400000000005207,0.0005180000000013507,-0.02079100000000267,0.021131057829652453,0.0
2453.0,96.0,36.0,104.0,96.0,36.0,104.0,96.000604,36.003637999999995,104.014023,-0.000603999999995608,-0.003637999999995145,-0.014022999999994568,0.014499806515943825,0.0
2454.0,24.0,236.0,104.0,24.0,236.0,104.0,23.96722,236.00322199999997,103.99703099999999,0.03277999999999892,-0.003221999999965419,0.002969000000007327,0.033071508054513477,0.0
2455.0,64.0,12.0,108.0,64.0,12.0,108.0,64.000632,12.001022,108.018623,-0.0006319999999959691,-0.0010220000000007445,-0.018623000000005163,0.01866172652784808,0.0
2456.0,68.0,20.0,108.0,68.0,20.0,108.0,67.99996399999999,20.001369999999998,108.017503,3.600000000858472e-05,-0.001369999999997873,-0.01750300000000493,0.017556571561673635,0.0
2457.0,96.0,40.0,108.0,96.0,40.0,108.0,96.00003999999998,40.00319399999999,108.01355099999999,-3.9999999984274837e-05,-0.00319399999999348,-0.013550999999992541,0.013922386181964461,0.0
2458.0,76.0,44.0,108.0,76.0,44.0,108.0,75.99757199999999,44.002202,108.014399,0.0024280000000089785,-0.0022019999999969286,-0.014398999999997386,0.014767369061547653,0.0
2459.0,40.0,56.0,108.0,40.0,56.0,108.0,39.992496,56.00049799999999,108.015407,0.007503999999997291,-0.0004979999999932261,-0.015406999999996174,0.017144493839126154,0.0
2460.0,36.0,76.0,108.0,36.0,76.0,108.0,35.989468,76.000626,108.013503,0.010531999999997765,-0.0006259999999969068,-0.013503000000000043,0.01713609958537678,0.0
2461.0,236.0,100.0,108.0,236.0,100.0,108.0,236.00570000000002,100.011634,107.998111,-0.00570000000001869,-0.01163400000000081,0.0018890000000055807,0.01309229838493811,0.0
2462.0,116.0,220.0,108.0,116.0,220.0,108.0,115.97822,220.00731399999998,107.992831,0.021780000000006794,-0.007313999999979615,0.007169000000004644,0.024067770087817946,0.0
2463.0,184.0,4.0,112.0,184.0,4.0,112.0,184.013292,4.006734,112.01176699999999,-0.013292000000006965,-0.006733999999999796,-0.011766999999991867,0.018986477003382986,0.0
2464.0,192.0,8.0,112.0,192.0,8.0,112.0,192.01353999999998,8.007226,112.010823,-0.013539999999977681,-0.0072259999999992885,-0.010823000000002025,0.01877988298684071,0.0
2465.0,88.0,32.0,112.0,88.0,32.0,112.0,88.00028400000001,32.00212199999999,112.014887,-0.0002840000000077225,-0.002121999999992852,-0.014887000000001649,0.015040156548388157,0.0
2466.0,160.0,36.0,112.0,156.0,36.0,116.0,156.006316,36.005281999999994,116.010063,3.993684000000002,-0.005281999999994014,-4.010063000000002,5.6595180939148015,5.656854249492381
2467.0,76.0,48.0,112.0,76.0,48.0,112.0,75.997008,48.001757999999995,112.013927,0.002992000000006101,-0.0017579999999952634,-0.01392699999999536,0.014352837942368423,0.0
2468.0,140.0,52.0,112.0,140.0,52.0,112.0,140.00268799999998,52.00521799999999,112.009399,-0.0026879999999778192,-0.005217999999992173,-0.009399000000001934,0.011081248530731337,0.0
2469.0,144.0,72.0,112.0,144.0,72.0,112.0,144.000436,72.00577,112.006983,-0.0004360000000076525,-0.0057699999999982765,-0.0069830000000052905,0.009068918623521808,0.0
2470.0,4.0,76.0,112.0,4.0,76.0,112.0,3.9863280000000003,75.998418,112.015511,0.013671999999999684,0.0015819999999990841,-0.015511000000003605,0.02073686159957915,0.0
2471.0,204.0,188.0,112.0,204.0,188.0,112.0,203.990944,188.010922,111.990615,0.009055999999986852,-0.010921999999993659,0.009384999999994648,0.01701115648624522,0.0
2472.0,8.0,204.0,112.0,8.0,204.0,112.0,7.96982,204.00080599999998,112.001431,0.03017999999999965,-0.000805999999982987,-0.0014309999999966294,0.03022465544882095,0.0
2473.0,196.0,204.0,112.0,196.0,204.0,112.0,195.988056,204.01076999999998,111.98939899999999,0.011943999999999733,-0.010769999999979518,0.010601000000008298,0.019262223054458908,0.0
2474.0,24.0,8.0,116.0,24.0,8.0,116.0,23.997208,7.99781,116.021535,0.0027919999999994616,0.002189999999999692,-0.021535000000000082,0.02182538863342413,0.0
2475.0,168.0,8.0,116.0,168.0,8.0,116.0,168.011176,8.005441999999999,116.012319,-0.01117600000000607,-0.005441999999998615,-0.012319000000005076,0.017500745726975343,0.0
2476.0,180.0,8.0,116.0,180.0,8.0,116.0,180.01234,8.006077999999999,116.011551,-0.012339999999994689,-0.0060779999999986956,-0.011550999999997202,0.01796227393733289,0.0
2477.0,176.0,36.0,116.0,176.0,36.0,116.0,176.00825600000002,36.006342,116.008783,-0.008256000000017139,-0.006341999999996517,-0.00878299999999399,0.013620704423785624,0.0
2478.0,128.0,44.0,116.0,128.0,44.0,116.0,128.002544,44.003933999999994,116.010991,-0.0025440000000003238,-0.003933999999993887,-0.010991000000004192,0.011947818754904416,0.0
2479.0,96.0,52.0,116.0,96.0,52.0,116.0,95.998384,52.002373999999996,116.012175,0.0016159999999985075,-0.0023739999999961015,-0.012174999999999159,0.012509114956700821,0.0
2480.0,132.0,52.0,116.0,132.0,52.0,116.0,132.00187599999998,52.00428199999999,116.009871,-0.001875999999981559,-0.004281999999989239,-0.00987100000000396,0.010922066700030578,0.0
2481.0,176.0,64.0,116.0,176.0,64.0,116.0,176.00456000000003,64.006818,116.005759,-0.004560000000026321,-0.00681799999999555,-0.005758999999997627,0.010022215573422477,0.0
2482.0,40.0,72.0,116.0,40.0,72.0,116.0,39.990312,71.999746,116.013599,0.009687999999997032,0.0002539999999982001,-0.01359899999999925,0.016698941912585995,0.0
2483.0,4.0,80.0,116.0,4.0,80.0,116.0,3.9857640000000005,79.997974,116.015039,0.014235999999999471,0.0020260000000007494,-0.015039000000001579,0.02080720771752028,0.0
2484.0,192.0,188.0,116.0,192.0,188.0,116.0,191.989744,188.00977399999996,115.991343,0.010255999999998267,-0.009773999999964644,0.00865699999999947,0.01660301963497195,0.0
2485.0,96.0,196.0,116.0,96.0,196.0,116.0,95.97937599999999,196.004822,115.996623,0.020624000000012188,-0.004821999999990112,0.0033770000000004075,0.021447731558381884,0.0
2486.0,124.0,216.0,116.0,124.0,216.0,116.0,123.979452,216.00664599999996,115.992671,0.020548000000005118,-0.00664599999996085,0.007328999999998587,0.022805785691347474,0.0
2487.0,168.0,52.0,120.0,168.0,52.0,120.0,168.005332,52.00567799999999,120.007527,-0.005332000000009884,-0.00567799999998897,-0.007526999999996065,0.01083169594292237,0.0
2488.0,76.0,64.0,120.0,76.0,64.0,120.0,75.994824,64.001006,120.012119,0.005176000000005843,-0.0010060000000038372,-0.012118999999998437,0.013216397882934302,0.0
2489.0,172.0,92.0,120.0,172.0,92.0,120.0,172.00044,92.00657,120.002951,-0.00043999999999755346,-0.006569999999996412,-0.002950999999995929,0.007215739809605573,0.0
2490.0,192.0,96.0,120.0,192.0,96.0,120.0,192.00185199999999,96.00769799999999,120.001239,-0.0018519999999853098,-0.007697999999990657,-0.0012389999999982138,0.00801400205888402,0.0
2491.0,120.0,112.0,120.0,120.0,112.0,120.0,119.99275599999999,112.004154,120.004119,0.007244000000014239,-0.004153999999999769,-0.00411900000000287,0.009311144559087676,0.0
2492.0,152.0,156.0,120.0,152.0,156.0,120.0,151.99005200000002,156.006598,119.997319,0.009947999999980084,-0.006597999999996773,0.0026809999999954925,0.012234544086296678,0.0
2493.0,168.0,160.0,120.0,168.0,160.0,120.0,167.99107600000002,160.007514,119.995863,0.00892399999997906,-0.007513999999986254,0.004137000000000057,0.012377913434800719,0.0
2494.0,144.0,180.0,120.0,144.0,180.0,120.0,143.986108,180.00658199999998,119.995239,0.013891999999998461,-0.006581999999980326,0.004761000000002014,0.016092778162881554,0.0
2495.0,216.0,204.0,120.0,216.0,204.0,120.0,215.989924,204.010806,119.988039,0.010075999999997975,-0.010806000000002314,0.011960999999999444,0.019009495863909594,0.0
2496.0,44.0,20.0,124.0,44.0,20.0,124.0,43.997492,19.998049999999996,124.018879,0.0025079999999988445,0.0019500000000043372,-0.018878999999998314,0.01914443012993459,0.0
2497.0,52.0,28.0,124.0,52.0,28.0,124.0,51.997212,27.998609999999996,124.017503,0.002788000000002455,0.0013900000000042212,-0.01750300000000493,0.017778077876986535,0.0
2498.0,156.0,32.0,124.0,156.0,32.0,124.0,156.006772,32.004189999999994,124.010415,-0.006772000000012213,-0.004189999999994143,-0.010414999999994734,0.013110618177645425,0.0
2499.0,36.0,36.0,124.0,36.0,36.0,124.0,35.994603999999995,35.99789799999999,124.017663,0.005396000000004619,0.00210200000000782,-0.017662999999998874,0.01858808190750307,0.0
2500.0,68.0,40.0,124.0,68.0,40.0,124.0,67.99718,39.999661999999994,124.015183,0.0028199999999998226,0.00033800000000638875,-0.015182999999993285,0.015446363099441869,0.0
2501.0,12.0,84.0,124.0,12.0,84.0,124.0,11.98594,83.99744199999999,124.014015,0.014060000000000628,0.0025580000000076097,-0.014015000000000555,0.02001617318570341,0.0
2502.0,116.0,84.0,124.0,116.0,84.0,124.0,115.996028,84.002954,124.007359,0.0039720000000045275,-0.0029540000000025657,-0.007358999999993898,0.008868922200581157,0.0
2503.0,172.0,148.0,124.0,172.0,148.0,124.0,171.99301200000002,148.00700999999998,123.996863,0.006987999999978456,-0.007009999999979755,0.0031369999999952825,0.01038330453176567,0.0
2504.0,188.0,204.0,124.0,188.0,204.0,124.0,187.98717200000002,204.00880999999998,123.989791,0.01282799999998474,-0.008809999999982665,0.010209000000003243,0.01861175341012687,0.0
2505.0,220.0,204.0,124.0,220.0,204.0,124.0,219.99027600000002,204.01050599999996,123.987743,0.009723999999977195,-0.010505999999963933,0.012257000000005291,0.018845855273744633,0.0
2506.0,40.0,88.0,128.0,40.0,88.0,128.0,39.98809200000001,87.998482,128.011751,0.011907999999991148,0.0015180000000043492,-0.011751000000003842,0.01679853532305399,0.0
2507.0,24.0,96.0,128.0,24.0,96.0,128.0,23.985484,95.99776999999999,128.011911,0.014516000000000417,0.0022300000000115006,-0.011910999999997784,0.018909232586226513,0.0
2508.0,152.0,132.0,128.0,152.0,132.0,128.0,151.99314800000002,132.005166,127.999831,0.006851999999980762,-0.0051660000000026685,0.00016899999999964166,0.008582891179536405,0.0
2509.0,8.0,152.0,128.0,8.0,152.0,128.0,7.97654,151.997874,128.006887,0.023460000000000036,0.002126000000004069,-0.006887000000006083,0.024542254277064746,0.0
2510.0,176.0,180.0,128.0,176.0,180.0,128.0,175.98914000000002,180.007254,127.993111,0.010859999999979664,-0.0072539999999889915,0.006889000000001033,0.014765447402615772,0.0
2511.0,148.0,184.0,128.0,148.0,184.0,128.0,147.985896,184.00583799999998,127.994471,0.014104000000003225,-0.005837999999982912,0.005528999999995676,0.016234990021550478,0.0
2512.0,224.0,204.0,128.0,224.0,204.0,128.0,223.99062800000002,204.01020599999998,127.987447,0.009371999999984837,-0.010205999999982396,0.012552999999996928,0.01869691495940652,0.0
2513.0,136.0,208.0,128.0,136.0,208.0,128.0,135.98156400000002,208.00561,127.992647,0.018435999999979913,-0.005609999999990123,0.007352999999994836,0.020625828589394237,0.0
2514.0,72.0,40.0,132.0,72.0,40.0,132.0,71.997496,39.99884999999999,132.014847,0.002504000000001838,0.0011500000000097543,-0.014847000000003163,0.015100527308677851,0.0
2515.0,92.0,84.0,132.0,92.0,84.0,132.0,91.993628,84.000658,132.008815,0.006371999999998934,-0.0006580000000013797,-0.008814999999998463,0.010896768924775873,0.0
2516.0,136.0,136.0,132.0,136.0,136.0,132.0,135.991032,136.00387399999997,132.000383,0.008968000000010079,-0.0038739999999677366,-0.0003829999999993561,0.009776481422266925,0.0
2517.0,68.0,236.0,132.0,68.0,236.0,132.0,67.97123599999999,236.00196999999997,131.993935,0.02876400000000956,-0.0019699999999716056,0.006065000000006648,0.02946239672872047,0.0
2518.0,88.0,48.0,136.0,80.0,40.0,136.0,79.998236,39.99876199999999,136.014295,8.001763999999994,8.001238000000008,-0.014295000000004165,11.315840268904694,11.313708498984761
2519.0,204.0,108.0,136.0,204.0,108.0,136.0,204.00128800000002,108.00649,135.99901499999999,-0.0012880000000166092,-0.006489999999999441,0.0009850000000142245,0.006689489442406165,0.0
2520.0,136.0,132.0,136.0,136.0,132.0,136.0,135.991524,132.00329399999998,136.000775,0.008476000000001704,-0.0032939999999825886,-0.000775000000004411,0.009126534775034882,0.0
2521.0,236.0,200.0,136.0,236.0,200.0,136.0,235.99224800000002,200.00975,135.987031,0.0077519999999822176,-0.009749999999996817,0.012968999999998232,0.01798196221216184,0.0
2522.0,96.0,64.0,140.0,96.0,64.0,140.0,95.99658399999998,63.999506,140.010639,0.0034160000000156288,0.0004940000000033251,-0.010638999999997623,0.011184874295228332,0.0
2523.0,128.0,80.0,140.0,128.0,80.0,140.0,127.997576,80.001474,140.006863,0.0024240000000048667,-0.0014740000000017517,-0.0068630000000098335,0.0074262521503221076,0.0
2524.0,92.0,92.0,140.0,92.0,92.0,140.0,91.99249999999999,91.99977,140.007871,0.00750000000000739,0.00023000000000195087,-0.00787099999999441,0.010874536357933784,0.0
2525.0,72.0,100.0,140.0,72.0,100.0,140.0,71.989504,99.998846,140.008287,0.010496000000003392,0.0011539999999996553,-0.008286999999995714,0.013422820158223062,0.0
2526.0,52.0,124.0,140.0,52.0,124.0,140.0,51.984396,123.998194,140.006975,0.015604000000003282,0.0018060000000019727,-0.006975000000011278,0.017187119508523436,0.0
2527.0,156.0,132.0,140.0,156.0,132.0,140.0,155.993428,132.00384199999996,139.999455,0.006572000000005573,-0.0038419999999632637,0.0005449999999882493,0.007632114582458663,0.0
2528.0,240.0,168.0,140.0,240.0,168.0,140.0,239.996824,168.00890599999997,139.990191,0.003175999999996293,-0.008905999999967662,0.009808999999989965,0.013624253851099647,0.0
2529.0,188.0,188.0,140.0,188.0,188.0,140.0,187.98914000000002,188.00648999999999,139.991359,0.010859999999979664,-0.00648999999998523,0.008641000000011445,0.015320789176787348,0.0
2530.0,212.0,196.0,140.0,212.0,196.0,140.0,211.99041200000002,196.00789799999998,139.988959,0.009587999999979502,-0.007897999999983085,0.011041000000005852,0.01661962180675207,0.0
2531.0,208.0,204.0,140.0,208.0,204.0,140.0,207.988968,204.00782199999998,139.988351,0.011032000000000153,-0.007821999999976015,0.011649000000005572,0.01784903103811963,0.0
2532.0,60.0,32.0,144.0,60.0,32.0,144.0,59.997279999999996,31.996541999999998,144.016359,0.0027200000000036084,0.0034580000000019595,-0.01635899999999424,0.0169402787757417,0.0
2533.0,176.0,60.0,144.0,176.0,60.0,144.0,176.004836,60.00316599999999,144.005911,-0.004836000000011609,-0.0031659999999931188,-0.005910999999997557,0.008267428439366127,0.0
2534.0,140.0,64.0,144.0,140.0,64.0,144.0,140.00081600000001,64.00132599999999,144.007783,-0.0008160000000145828,-0.0013259999999917227,-0.007782999999989215,0.007937204860644203,0.0
2535.0,44.0,108.0,144.0,44.0,108.0,144.0,43.985696,107.99698599999999,144.009175,0.014304000000002759,0.0030140000000073996,-0.009174999999999045,0.017258888637455946,0.0
2536.0,224.0,124.0,144.0,224.0,124.0,144.0,224.001044,124.00679799999999,143.995927,-0.0010440000000073724,-0.006797999999989202,0.004073000000005322,0.007993251466075112,0.0
2537.0,44.0,132.0,144.0,44.0,132.0,144.0,43.982528,131.99739399999999,144.006583,0.017471999999997934,0.002606000000014319,-0.006583000000006223,0.018852000132614163,0.0
2538.0,232.0,132.0,144.0,232.0,132.0,144.0,232.000764,132.00735799999998,143.994551,-0.0007640000000037617,-0.007357999999982212,0.005448999999998705,0.009187788689327257,0.0
2539.0,144.0,140.0,144.0,144.0,140.0,144.0,143.991172,140.00283,143.99931899999999,0.008827999999994063,-0.002829999999988786,0.0006810000000143646,0.009295495952333649,0.0
2540.0,108.0,180.0,144.0,108.0,180.0,144.0,107.9824,180.001602,143.997303,0.017600000000001614,-0.0016019999999912216,0.00269700000001194,0.017877365941326287,0.0
2541.0,28.0,24.0,148.0,28.0,24.0,148.0,27.995196,23.994197999999997,148.019231,0.0048040000000000305,0.005802000000002749,-0.019230999999990672,0.020653643286347168,0.0
2542.0,100.0,44.0,148.0,100.0,44.0,148.0,99.99953999999998,43.998354,148.012463,0.0004600000000181126,0.0016460000000009245,-0.012462999999996782,0.012579637713381872,0.0
2543.0,176.0,48.0,148.0,176.0,48.0,148.0,176.00638400000003,48.002449999999996,148.007167,-0.00638400000002548,-0.0024499999999960664,-0.007167000000009693,0.009905748078789658,0.0
2544.0,80.0,60.0,148.0,80.0,60.0,148.0,79.995488,59.99756599999999,148.012015,0.004512000000005401,0.002434000000008041,-0.012014999999991005,0.01306302893665446,0.0
2545.0,104.0,72.0,148.0,104.0,72.0,148.0,103.99623199999998,71.99904199999999,148.009183,0.003768000000022198,0.0009580000000113387,-0.009183000000007269,0.009972114971274775,0.0
2546.0,136.0,80.0,148.0,136.0,80.0,148.0,135.99828000000002,80.000874,148.006271,0.0017199999999775173,-0.0008739999999960446,-0.006270999999998139,0.0065610759026163085,0.0
2547.0,92.0,92.0,148.0,92.0,92.0,148.0,91.99242799999999,91.998746,148.007791,0.007572000000010348,0.001254000000002975,-0.007790999999997439,0.010936515944308967,0.0
2548.0,84.0,96.0,148.0,84.0,96.0,148.0,83.991124,95.99838999999999,148.007871,0.008876000000000772,0.001610000000013656,-0.00787099999999441,0.011971972143300771,0.0
2549.0,32.0,104.0,148.0,32.0,104.0,148.0,31.985024,103.99577,148.010335,0.014976000000000766,0.004230000000006839,-0.010334999999997763,0.018681158984389448,0.0
2550.0,228.0,124.0,148.0,228.0,124.0,148.0,228.00139600000003,124.006498,147.995631,-0.0013960000000281525,-0.0064979999999934535,0.004368999999996959,0.007953677199884776,0.0
2551.0,152.0,136.0,148.0,152.0,136.0,148.0,151.99244000000002,136.00267399999998,147.999199,0.007559999999983802,-0.002673999999984744,0.0008009999999956108,0.008058875665976394,0.0
2552.0,156.0,140.0,148.0,156.0,140.0,148.0,155.9923,140.002954,147.998511,0.007699999999999818,-0.002953999999988355,0.001488999999992302,0.00838052725071075,0.0
2553.0,208.0,208.0,148.0,208.0,208.0,148.0,207.988368,208.00686599999997,147.987839,0.011631999999991649,-0.0068659999999738375,0.012160999999991873,0.01817512863776344,0.0
2554.0,132.0,36.0,152.0,132.0,36.0,152.0,132.003664,35.999401999999996,152.011239,-0.003663999999986345,0.0005980000000036512,-0.011238999999989119,0.011836284087485384,0.0
2555.0,176.0,44.0,152.0,176.0,44.0,152.0,176.006876,44.00187,152.007559,-0.006876000000005433,-0.0018699999999967076,-0.007558999999986327,0.010388202780070077,0.0
2556.0,164.0,72.0,152.0,164.0,72.0,152.0,164.002016,72.00170999999999,152.005303,-0.0020159999999975753,-0.001709999999988554,-0.005302999999997837,0.005925383109970877,0.0
2557.0,32.0,100.0,152.0,32.0,100.0,152.0,31.985516,99.99519,152.010727,0.014483999999999497,0.004810000000006198,-0.010727000000002818,0.018654513796936802,0.0
2558.0,184.0,108.0,152.0,184.0,108.0,152.0,183.99920400000002,108.00338199999999,152.000135,0.0007959999999798129,-0.0033819999999877837,-0.00013500000000021828,0.0034770339371201554,0.0
2559.0,80.0,120.0,152.0,80.0,120.0,152.0,79.987532,119.99807399999999,152.005495,0.01246799999999837,0.0019260000000116406,-0.005494999999996253,0.013760651329060082,0.0
2560.0,64.0,132.0,152.0,64.0,132.0,152.0,63.984396000000004,131.99742999999998,152.005223,0.015603999999996176,0.0025700000000199452,-0.005223000000000866,0.016654412178158443,0.0
2561.0,192.0,196.0,152.0,192.0,196.0,152.0,191.988364,196.00530199999997,151.990119,0.011636000000009972,-0.00530199999997194,0.009881000000007134,0.016159884312707054,0.0
2562.0,44.0,204.0,152.0,44.0,204.0,152.0,43.97295200000001,203.997594,151.998727,0.02704799999999352,0.0024060000000076798,0.0012729999999976371,0.027184621921220103,0.0
2563.0,220.0,208.0,152.0,220.0,208.0,152.0,219.989496,208.00698999999997,151.987031,0.010503999999997404,-0.006989999999973406,0.012968999999998232,0.018093896125476343,0.0
2564.0,120.0,4.0,156.0,120.0,4.0,156.0,120.006688,3.9977099999999997,156.015423,-0.006687999999996919,0.0022900000000003473,-0.01542299999999841,0.016965917982824017,0.0
2565.0,132.0,12.0,156.0,132.0,12.0,156.0,132.00679599999998,11.998482,156.013791,-0.00679599999998004,0.0015180000000007965,-0.013790999999997666,0.015449324289420129,0.0
2566.0,168.0,16.0,156.0,168.0,16.0,156.0,168.00976,16.000458,156.011055,-0.009759999999999991,-0.0004579999999982931,-0.011054999999998927,0.014753995696080928,0.0
2567.0,236.0,16.0,156.0,236.0,16.0,156.0,236.016356,16.004061999999998,156.006703,-0.016356000000001814,-0.0040619999999975676,-0.006702999999987469,0.018136945415363405,0.0
2568.0,112.0,28.0,156.0,112.0,28.0,156.0,112.00274399999999,27.997694,156.013343,-0.0027439999999927522,0.0023060000000008074,-0.013342999999991889,0.013816034923224082,0.0
2569.0,104.0,68.0,156.0,104.0,68.0,156.0,103.99668799999999,67.99794999999999,156.009535,0.0033120000000081973,0.0020500000000112095,-0.009534999999999627,0.010299906261713896,0.0
2570.0,180.0,88.0,156.0,180.0,88.0,156.0,180.00142,88.00231799999999,156.002511,-0.00141999999999598,-0.002317999999988274,-0.0025109999999983756,0.003700627649457057,0.0
2571.0,224.0,116.0,156.0,224.0,116.0,156.0,224.001992,116.00512599999999,155.996671,-0.001992000000001326,-0.005125999999989972,0.003329000000007909,0.006428544236446937,0.0
2572.0,104.0,184.0,156.0,104.0,184.0,156.0,103.981376,183.99992199999997,155.997007,0.01862400000000264,7.80000000304426e-05,0.002993000000003576,0.018863125642377628,0.0
2573.0,120.0,236.0,156.0,120.0,236.0,156.0,119.976064,236.00165399999997,155.990367,0.023936000000006175,-0.001653999999973621,0.009633000000007996,0.02585464176894281,0.0
2574.0,208.0,8.0,160.0,208.0,8.0,160.0,208.01466,8.00193,160.009319,-0.014659999999992124,-0.0019299999999997652,-0.009319000000004962,0.01747810804978218,0.0
2575.0,124.0,20.0,160.0,124.0,20.0,160.0,124.00492799999999,19.997682,160.013399,-0.004927999999992494,0.002317999999998932,-0.013398999999992611,0.014463454255457893,0.0
2576.0,172.0,48.0,160.0,172.0,48.0,160.0,172.005888,48.000702,160.007303,-0.005887999999998783,-0.0007019999999968718,-0.007303000000007387,0.00940718645505069,0.0
2577.0,208.0,112.0,160.0,208.0,112.0,160.0,208.000932,112.00369799999999,159.998087,-0.0009320000000059281,-0.0036979999999857682,0.00191300000000183,0.0042665439174949076,0.0
2578.0,180.0,116.0,160.0,180.0,116.0,160.0,179.997688,116.002282,159.999447,0.0023119999999892116,-0.0022819999999939,0.000552999999996473,0.0032952506733052,0.0
2579.0,68.0,124.0,160.0,68.0,124.0,160.0,67.985768,123.99648199999999,160.005751,0.014232000000006906,0.003518000000013899,-0.005751000000003614,0.01574802047878831,0.0
2580.0,232.0,208.0,160.0,232.0,208.0,160.0,231.990588,208.006602,159.986183,0.009411999999997533,-0.006601999999986674,0.013816999999988866,0.01797447181419999,0.0
2581.0,56.0,4.0,164.0,56.0,4.0,164.0,56.000408,3.9932939999999997,164.019439,-0.000408000000000186,0.006706000000000323,-0.019439000000005535,0.02056724631544582,0.0
2582.0,124.0,24.0,164.0,124.0,24.0,164.0,124.004364,23.997238,164.012927,-0.004363999999995372,0.0027620000000005973,-0.012926999999990585,0.013920505342828597,0.0
2583.0,64.0,36.0,164.0,64.0,36.0,164.0,63.99696000000001,35.99426199999999,164.015471,0.003039999999991494,0.0057380000000080145,-0.015470999999990909,0.01677850067794375,0.0
2584.0,116.0,64.0,164.0,116.0,64.0,164.0,115.998308,63.99749399999999,164.009119,0.001692000000005578,0.0025060000000109994,-0.009118999999998323,0.009607240030312733,0.0
2585.0,232.0,112.0,164.0,232.0,112.0,164.0,232.00322400000002,112.00445799999999,163.996511,-0.003224000000017213,-0.004457999999985418,0.0034890000000018517,0.006514680421938892,0.0
2586.0,116.0,168.0,164.0,116.0,168.0,164.0,115.98458,167.99926199999996,163.997887,0.015420000000005984,0.0007380000000409837,0.002113000000008469,0.015581585702369347,0.0
2587.0,136.0,208.0,164.0,136.0,208.0,164.0,135.98124,208.00100199999997,163.992287,0.01875999999998612,-0.0010019999999713036,0.007712999999995418,0.020308421233551147,0.0
2588.0,60.0,4.0,168.0,60.0,4.0,168.0,60.00076,3.992994,168.019143,-0.0007599999999996498,0.007006000000000068,-0.0191430000000139,0.020398923623577116,0.0
2589.0,152.0,4.0,168.0,152.0,4.0,168.0,152.00968400000002,3.9978699999999994,168.013255,-0.009684000000021342,0.0021300000000006314,-0.013254999999986694,0.01655330121154277,0.0
2590.0,160.0,8.0,168.0,160.0,8.0,168.0,160.00993200000002,7.998362,168.012311,-0.00993200000002048,0.0016379999999998063,-0.012311000000011063,0.01590246487185803,0.0
2591.0,124.0,28.0,168.0,124.0,28.0,168.0,124.00379999999998,27.996793999999998,168.012455,-0.0037999999999840384,0.0032060000000022626,-0.012454999999988559,0.013410647299799074,0.0
2592.0,80.0,40.0,168.0,80.0,40.0,168.0,79.997948,39.994665999999995,168.013975,0.00205200000000616,0.005334000000004835,-0.013974999999987858,0.015098439820052188,0.0
2593.0,212.0,44.0,168.0,212.0,44.0,168.0,212.01022400000002,44.001729999999995,168.005095,-0.010224000000022215,-0.0017299999999949023,-0.005095000000011396,0.011553445416868197,0.0
2594.0,100.0,68.0,168.0,100.0,68.0,168.0,99.99619199999998,67.99620200000001,168.009671,0.0038080000000206837,0.003797999999989088,-0.00967099999999732,0.011065889435559294,0.0
2595.0,196.0,88.0,168.0,196.0,88.0,168.0,196.00286400000002,88.00163,168.001367,-0.002864000000016631,-0.0016300000000057935,-0.0013669999999876836,0.003567644180699706,0.0
2596.0,168.0,116.0,168.0,168.0,116.0,168.0,167.99645200000003,116.000622,168.000135,0.003547999999966578,-0.0006220000000070058,-0.00013500000000021828,0.0036046377071450066,0.0
2597.0,136.0,176.0,168.0,136.0,176.0,168.0,135.985428,175.999946,167.995703,0.014571999999986929,5.400000000577165e-05,0.004297000000008211,0.015192442496178495,0.0
2598.0,48.0,200.0,168.0,48.0,200.0,168.0,47.973724,199.99569,167.998743,0.026276000000002853,0.004310000000003811,0.0012570000000096115,0.026656787597161943,0.0
2599.0,60.0,220.0,168.0,60.0,220.0,168.0,59.972248,219.99666599999998,167.995815,0.027751999999999555,0.003334000000023707,0.004185000000006767,0.028263108197793638,0.0
2600.0,144.0,4.0,172.0,144.0,4.0,172.0,144.008872,3.996934,172.013727,-0.00887199999999666,0.003066000000000013,-0.01372699999998872,0.01662959016330923,0.0
2601.0,184.0,28.0,172.0,184.0,28.0,172.0,184.00958400000002,27.999461999999998,172.008575,-0.009584000000018023,0.0005380000000023699,-0.008575000000007549,0.012871407265737397,0.0
2602.0,12.0,52.0,172.0,12.0,52.0,172.0,11.989732,51.990753999999995,172.016991,0.010267999999999944,0.009246000000004528,-0.01699099999999021,0.021900100935834745,0.0
2603.0,96.0,68.0,172.0,96.0,68.0,172.0,95.99576799999998,67.995478,172.009887,0.004232000000016001,0.004521999999994364,-0.009886999999991986,0.01166666520475864,0.0
2604.0,204.0,72.0,172.0,204.0,72.0,172.0,204.005716,72.00127,172.002543,-0.005716000000006716,-0.0012700000000052114,-0.0025430000000028485,0.006383761038768956,0.0
2605.0,232.0,84.0,172.0,232.0,84.0,172.0,232.006848,84.002958,171.999455,-0.006847999999990861,-0.0029580000000066775,0.0005449999999882493,0.007479431328644012,0.0
2606.0,100.0,88.0,172.0,100.0,88.0,172.0,99.99351599999999,87.99603,172.007471,0.006484000000014589,0.003969999999995366,-0.007471000000009553,0.010659221219221185,0.0
2607.0,68.0,108.0,172.0,68.0,108.0,172.0,67.98777199999999,107.994674,172.007359,0.012228000000007455,0.005325999999996611,-0.007359000000008109,0.015233027965584045,0.0
2608.0,180.0,116.0,172.0,180.0,116.0,172.0,179.99758,116.000746,171.999327,0.002420000000000755,-0.0007460000000065747,0.0006730000000061409,0.0026202757488519657,0.0
2609.0,152.0,176.0,172.0,152.0,176.0,172.0,151.986944,176.00028199999997,171.994639,0.013056000000005952,-0.00028199999997013947,0.00536099999999351,0.014116620735858457,0.0
2610.0,156.0,180.0,172.0,156.0,180.0,172.0,155.98680399999998,180.00056199999997,171.993951,0.013196000000021968,-0.0005619999999737502,0.006048999999990201,0.014527238588266928,0.0
2611.0,160.0,192.0,172.0,160.0,192.0,172.0,159.985608,192.00097799999998,171.992399,0.014391999999986638,-0.0009779999999750544,0.007600999999993974,0.016305255257108825,0.0
2612.0,132.0,232.0,172.0,132.0,232.0,172.0,131.977612,232.00017399999996,171.989871,0.022388000000006514,-0.00017399999995859616,0.010129000000006272,0.024573348591520945,0.0
2613.0,60.0,8.0,176.0,60.0,8.0,176.0,60.00016,7.992038,176.018631,-0.0001600000000010482,0.007962000000000025,-0.018630999999999176,0.02026161901230921,0.0
2614.0,72.0,32.0,176.0,76.0,32.0,172.0,75.99858,31.993805999999996,172.015055,-3.998580000000004,0.006194000000004252,3.9849450000000104,5.645216296570142,5.656854249492381
2615.0,212.0,60.0,176.0,212.0,60.0,176.0,212.00804,60.00097799999999,176.003287,-0.008039999999994052,-0.0009779999999892652,-0.003287000000000262,0.008740849672651114,0.0
2616.0,48.0,72.0,176.0,48.0,72.0,176.0,47.990548,71.99249,176.012487,0.009452000000003125,0.007509999999996353,-0.012486999999993031,0.01736852247601477,0.0
2617.0,200.0,72.0,176.0,200.0,72.0,176.0,200.005292,72.000546,176.002759,-0.005291999999997188,-0.0005459999999999354,-0.0027589999999975134,0.00599295094256214,0.0
2618.0,240.0,92.0,176.0,240.0,92.0,176.0,240.006532,92.003006,175.998039,-0.006531999999992877,-0.003005999999999176,0.0019609999999943284,0.007453092042896005,0.0
2619.0,108.0,96.0,176.0,108.0,96.0,172.0,107.993236,95.99659,172.006095,0.006764000000003989,0.0034100000000023556,3.9939050000000123,3.993912183413789,4.0
2620.0,152.0,104.0,176.0,152.0,104.0,172.0,151.99644800000002,103.999058,172.002415,0.0035519999999849006,0.0009419999999948914,3.9975849999999866,3.9975866890278806,4.0
2621.0,160.0,196.0,176.0,160.0,196.0,176.0,159.98504400000002,196.000534,175.991927,0.01495599999998376,-0.0005339999999876,0.008072999999996,0.01700412952783636,0.0
2622.0,60.0,4.0,180.0,60.0,4.0,180.0,60.000651999999995,3.991458,180.019023,-0.000651999999995212,0.008541999999999828,-0.01902300000000423,0.020863015050566203,0.0
2623.0,28.0,8.0,180.0,24.0,8.0,184.0,23.996596,7.9891060000000005,184.020855,4.003404,0.010893999999999515,-4.020855000000012,5.674031829085654,5.656854249492381
2624.0,224.0,28.0,180.0,224.0,28.0,180.0,224.013392,28.000557999999998,180.005935,-0.013392000000010285,-0.00055799999999806,-0.005934999999993806,0.014658828500265626,0.0
2625.0,68.0,56.0,180.0,68.0,56.0,180.0,67.994564,55.99276599999999,180.01289500000001,0.005436000000003105,0.007234000000011065,-0.012895000000014534,0.01575315450951233,0.0
2626.0,212.0,64.0,180.0,212.0,64.0,180.0,212.00747600000003,64.00053399999999,180.002815,-0.007476000000025351,-0.0005339999999876,-0.0028149999999982356,0.008006244875118165,0.0
2627.0,216.0,68.0,180.0,216.0,68.0,180.0,216.007336,68.000814,180.002127,-0.007336000000009335,-0.0008140000000054215,-0.0021270000000015443,0.007681381451285462,0.0
2628.0,80.0,104.0,180.0,80.0,104.0,180.0,79.989392,103.994218,180.006943,0.010608000000004836,0.005781999999996401,-0.006943000000006805,0.013934361736375135,0.0
2629.0,60.0,140.0,180.0,60.0,140.0,180.0,59.9827,139.99376999999998,180.004335,0.01729999999999876,0.006230000000016389,-0.004334999999997535,0.01889166813704232,0.0
2630.0,60.0,172.0,180.0,60.0,172.0,180.0,59.978476,171.99431399999997,180.000879,0.021523999999999432,0.005686000000025615,-0.0008789999999976317,0.022279717525145213,0.0
2631.0,132.0,180.0,180.0,132.0,180.0,180.0,131.98440399999998,179.99826599999997,179.995407,0.015596000000016375,0.0017340000000274358,0.004592999999999847,0.016350462409381716,0.0
2632.0,128.0,208.0,180.0,128.0,208.0,180.0,127.98031999999999,207.99852999999996,179.992639,0.019680000000008135,0.0014700000000402724,0.0073610000000030595,0.021062944262388476,0.0
2633.0,148.0,216.0,180.0,148.0,216.0,180.0,147.981204,215.99972599999995,179.990495,0.018796000000008917,0.00027400000004718095,0.009504999999990105,0.021064418268733957,0.0
2634.0,144.0,220.0,180.0,144.0,220.0,180.0,143.980288,219.99958199999998,179.990319,0.019711999999998397,0.0004180000000246764,0.009681000000000495,0.021964959116737893,0.0
2635.0,32.0,4.0,184.0,32.0,4.0,184.0,31.9979,3.9894619999999996,184.02077500000001,0.0020999999999986585,0.01053800000000038,-0.020775000000014643,0.02338931527430016,0.0
2636.0,4.0,20.0,184.0,4.0,20.0,184.0,3.993072,19.98825,184.020839,0.006927999999999823,0.011749999999999261,-0.020838999999995167,0.024906296493051285,0.0
2637.0,232.0,20.0,184.0,232.0,20.0,184.0,232.015188,20.000334,184.006247,-0.015187999999994872,-0.0003339999999987242,-0.00624700000000189,0.016425952301156455,0.0
2638.0,64.0,40.0,184.0,64.0,40.0,184.0,63.996252000000005,39.991769999999995,184.014839,0.0037479999999945335,0.008230000000004623,-0.01483899999999494,0.01737746601204804,0.0
2639.0,200.0,96.0,184.0,200.0,96.0,184.0,200.002052,95.99993,184.000087,-0.002051999999991949,6.999999999379725e-05,-8.700000000771979e-05,0.0020550360094089433,0.0
2640.0,232.0,96.0,184.0,232.0,96.0,184.0,232.005156,96.001626,183.998039,-0.005155999999999494,-0.0016260000000016817,0.0019609999999943284,0.0057509766996552865,0.0
2641.0,132.0,104.0,184.0,132.0,104.0,184.0,131.9944,103.99646200000001,184.003575,0.005599999999986949,0.0035379999999918255,-0.0035750000000120963,0.00752715543880173,0.0
2642.0,156.0,148.0,184.0,156.0,148.0,184.0,155.99092000000002,147.998482,183.997287,0.009079999999983102,0.0015180000000043492,0.0027129999999999654,0.009597452422372624,0.0
2643.0,56.0,176.0,184.0,56.0,176.0,184.0,55.977524,175.99365799999998,184.000663,0.022475999999997498,0.006342000000017833,-0.0006630000000029668,0.023363028677808827,0.0
2644.0,116.0,236.0,184.0,116.0,236.0,184.0,115.97542399999999,235.99785799999998,183.990343,0.024576000000010367,0.0021420000000205164,0.009657000000004246,0.026491991035040748,0.0
2645.0,64.0,44.0,188.0,64.0,44.0,188.0,63.995688,43.991325999999994,188.014367,0.004311999999998761,0.008674000000006288,-0.014366999999992913,0.017327501522143775,0.0
2646.0,68.0,52.0,188.0,68.0,52.0,188.0,67.99502,51.99167399999999,188.013247,0.004980000000003315,0.008326000000010936,-0.013247000000006892,0.016419673717842195,0.0
2647.0,128.0,52.0,188.0,128.0,52.0,188.0,128.00084,51.99485399999999,188.009407,-0.0008400000000108321,0.005146000000010531,-0.009407000000010157,0.01075539701732659,0.0
2648.0,60.0,56.0,188.0,60.0,56.0,188.0,59.993716,55.99131799999999,188.013327,0.0062840000000008445,0.008682000000007406,-0.013327000000003864,0.017101891971365104,0.0
2649.0,184.0,64.0,188.0,184.0,64.0,188.0,184.00468800000004,63.998025999999996,188.004527,-0.004688000000044212,0.001974000000004139,-0.004526999999995951,0.006809386829986545,0.0
2650.0,208.0,64.0,188.0,208.0,64.0,188.0,208.00701600000002,63.999297999999996,188.002991,-0.0070160000000214495,0.0007020000000039772,-0.0029910000000086256,0.007659186706195258,0.0
2651.0,156.0,132.0,188.0,156.0,132.0,188.0,155.992996,131.99769799999996,187.998975,0.007003999999994903,0.002302000000042881,0.0010249999999984993,0.007443510260631267,0.0
2652.0,112.0,148.0,188.0,112.0,148.0,188.0,111.98661599999998,147.99563799999996,188.000063,0.013384000000016272,0.004362000000043054,-6.300000001147055e-05,0.014077019180238855,0.0
2653.0,96.0,8.0,192.0,96.0,8.0,192.0,96.00350799999998,7.991898000000001,192.016167,-0.003507999999982303,0.008101999999999165,-0.016166999999995824,0.018420650287102443,0.0
2654.0,216.0,84.0,192.0,216.0,84.0,192.0,216.005116,83.99955,192.000279,-0.005115999999986798,0.0004500000000007276,-0.00027900000000613545,0.00514332548064664,0.0
2655.0,236.0,96.0,192.0,236.0,96.0,192.0,236.005472,96.000814,191.997703,-0.005471999999997479,-0.0008140000000054215,0.0022969999999986612,0.005990124289192594,0.0
2656.0,80.0,116.0,192.0,80.0,116.0,192.0,79.9877,115.992886,192.005527,0.012299999999996203,0.007114000000001397,-0.005527000000000726,0.015246203625818936,0.0
2657.0,28.0,188.0,192.0,28.0,188.0,192.0,27.973152,187.99135399999997,192.001079,0.026848000000001093,0.008646000000027243,-0.001079000000004271,0.028226453213263246,0.0
2658.0,28.0,200.0,192.0,28.0,200.0,192.0,27.971568,199.99155799999997,191.999783,0.02843199999999868,0.008442000000030703,0.00021699999999214015,0.029659620311130754,0.0
2659.0,104.0,228.0,192.0,104.0,228.0,192.0,103.97524399999999,227.99606199999997,191.991895,0.02475600000001066,0.003938000000033526,0.008105000000000473,0.026344988233073848,0.0
2660.0,108.0,12.0,196.0,108.0,12.0,196.0,108.004108,11.99209,196.014927,-0.004108000000002221,0.00791000000000075,-0.014927000000000135,0.017385600162204185,0.0
2661.0,32.0,16.0,196.0,32.0,16.0,196.0,31.996208000000003,15.988129999999998,196.019359,0.003791999999997131,0.011870000000001824,-0.019359000000008564,0.02302275059588565,0.0
2662.0,96.0,32.0,196.0,96.0,32.0,196.0,96.000304,31.991794,196.013535,-0.00030399999999985994,0.008206000000001268,-0.013534999999990305,0.01583120579740401,0.0
2663.0,104.0,36.0,196.0,104.0,36.0,196.0,104.000552,35.992286,196.01259100000001,-0.0005519999999989977,0.007713999999999999,-0.012591000000014674,0.014776460367773076,0.0
2664.0,208.0,92.0,196.0,208.0,92.0,196.0,208.00324799999999,91.99875,195.999887,-0.0032479999999850406,0.0012499999999988631,0.00011299999999891952,0.0034820644738286707,0.0
2665.0,228.0,92.0,196.0,228.0,92.0,196.0,228.005188,91.99981,195.998607,-0.005188000000003967,0.00019000000000346517,0.001393000000007305,0.00537511795220001,0.0
2666.0,52.0,156.0,196.0,52.0,156.0,196.0,51.979668,155.99156999999997,196.002959,0.020332000000003347,0.008430000000032578,-0.0029590000000041528,0.02220834989369336,0.0
2667.0,164.0,192.0,196.0,164.0,192.0,196.0,163.98578,191.99811799999998,195.991903,0.01421999999999457,0.001882000000023254,0.00809699999999225,0.016471543127461,0.0
2668.0,60.0,200.0,196.0,60.0,200.0,196.0,59.974636,199.99274199999996,195.997695,0.025364000000003273,0.007258000000035736,0.002305000000006885,0.026482524143304702,0.0
2669.0,16.0,220.0,196.0,16.0,220.0,196.0,15.967728000000001,219.99074999999996,195.998351,0.03227199999999897,0.009250000000037062,0.0016489999999862448,0.03361195747052786,0.0
2670.0,104.0,224.0,196.0,104.0,224.0,196.0,103.975736,223.99548199999995,195.992287,0.024264000000002284,0.0045180000000470955,0.007712999999995418,0.025858159041209132,0.0
2671.0,140.0,8.0,200.0,140.0,8.0,200.0,140.007704,7.993206,200.013271,-0.007703999999989719,0.006794000000000189,-0.013271000000003141,0.016781820312466927,0.0
2672.0,116.0,12.0,200.0,116.0,12.0,200.0,116.004848,11.992002,200.014375,-0.0048479999999955226,0.007998000000000616,-0.014375000000001137,0.01714968609042157,0.0
2673.0,144.0,52.0,200.0,144.0,52.0,200.0,144.002284,51.99416599999999,200.008263,-0.0022840000000030614,0.005834000000007222,-0.008262999999999465,0.010369637457504936,0.0
2674.0,128.0,112.0,200.0,128.0,112.0,200.0,127.99281199999999,111.994338,200.002807,0.007188000000013517,0.005662000000000944,-0.002806999999990012,0.009571041583868964,0.0
2675.0,232.0,168.0,200.0,232.0,168.0,200.0,231.995508,168.000802,199.990103,0.004491999999999052,-0.000801999999993086,0.00989699999999516,0.010898251098221429,0.0
2676.0,68.0,196.0,200.0,68.0,196.0,200.0,67.97590399999999,195.992586,199.997575,0.024096000000014328,0.007414000000011356,0.002424999999988131,0.025327164014172635,0.0
2677.0,108.0,232.0,200.0,108.0,232.0,200.0,107.97503199999998,231.99531799999997,199.991127,0.024968000000015422,0.004682000000030939,0.008872999999994136,0.02690821950633218,0.0
2678.0,148.0,240.0,200.0,148.0,240.0,200.0,147.977856,239.997574,199.987703,0.022143999999997277,0.002426000000014028,0.012296999999989566,0.025445204282923156,0.0
2679.0,140.0,28.0,204.0,140.0,28.0,204.0,140.005028,27.993033999999998,204.01107100000002,-0.0050280000000100245,0.006966000000002026,-0.011071000000015374,0.01401331441881147,0.0
2680.0,136.0,60.0,204.0,136.0,60.0,204.0,136.000416,59.993365999999995,204.007871,-0.0004160000000013042,0.006634000000005358,-0.00787099999999441,0.01030221592668219,0.0
2681.0,212.0,108.0,204.0,212.0,108.0,204.0,212.00145200000003,107.99821,203.997823,-0.0014520000000288746,0.0017899999999997362,0.0021769999999889933,0.0031704468139420005,0.0
2682.0,216.0,112.0,204.0,216.0,112.0,204.0,216.001312,111.99849,203.99713500000001,-0.0013120000000128584,0.0015099999999961256,0.0028649999999856846,0.0034942336784966185,0.0
2683.0,220.0,144.0,204.0,220.0,144.0,204.0,219.997476,143.99924599999997,203.993423,0.0025239999999939755,0.0007540000000290092,0.00657699999999295,0.007084915031242125,0.0
2684.0,228.0,156.0,204.0,228.0,156.0,204.0,227.99666800000003,155.99987399999998,203.991615,0.003331999999971913,0.0001260000000229411,0.008385000000004084,0.009023653639180035,0.0
2685.0,80.0,184.0,204.0,80.0,184.0,204.0,79.978616,183.99250599999996,203.998063,0.021383999999997627,0.007494000000036749,0.0019369999999980791,0.022741755890881465,0.0
2686.0,200.0,216.0,204.0,200.0,216.0,204.0,199.986032,215.99940999999995,203.986927,0.013968000000005532,0.0005900000000451655,0.013072999999991453,0.01914044025094471,0.0
2687.0,156.0,12.0,208.0,156.0,12.0,208.0,156.008656,11.993098,208.01173500000002,-0.008656000000001995,0.006902000000000186,-0.011735000000015816,0.016133014752376825,0.0
2688.0,136.0,28.0,208.0,136.0,28.0,208.0,136.00460400000003,27.992309999999996,208.011287,-0.004604000000028918,0.007690000000003749,-0.011287000000010039,0.01441281669211645,0.0
2689.0,48.0,48.0,208.0,48.0,48.0,208.0,47.993428,47.98798599999999,208.014759,0.006571999999998468,0.01201400000000774,-0.014758999999997968,0.020133441360088093,0.0
2690.0,224.0,56.0,208.0,224.0,56.0,208.0,224.009444,55.99744999999999,208.002631,-0.009444000000002006,0.0025500000000064915,-0.0026310000000080436,0.010129846839913885,0.0
2691.0,240.0,124.0,208.0,240.0,124.0,208.0,240.00202000000002,123.999454,207.994263,-0.002020000000015898,0.0005459999999999354,0.005737000000010539,0.006106691821287946,0.0
2692.0,184.0,148.0,208.0,184.0,148.0,208.0,183.99342000000004,147.99689399999997,207.99525500000001,0.006579999999956954,0.0031060000000309174,0.004744999999985566,0.008686694480611632,0.0
2693.0,224.0,148.0,208.0,224.0,148.0,208.0,223.99730000000002,147.999014,207.992695,0.002699999999975944,0.0009860000000116997,0.007305000000002337,0.007850173310184134,0.0
2694.0,36.0,160.0,208.0,36.0,160.0,208.0,35.97748,159.989254,208.003431,0.022520000000000095,0.01074600000001169,-0.003431000000006179,0.025187272123044568,0.0
2695.0,68.0,172.0,208.0,68.0,172.0,208.0,67.97899999999998,171.99115399999997,208.000087,0.021000000000015007,0.008846000000033882,-8.700000000771979e-05,0.022787261463397285,0.0
2696.0,12.0,192.0,208.0,12.0,192.0,208.0,11.970927999999999,191.98852599999998,208.001511,0.029072000000001097,0.011474000000021078,-0.0015109999999936008,0.031290845002980155,0.0
2697.0,200.0,192.0,208.0,200.0,192.0,208.0,199.98916400000002,191.99848999999998,207.989479,0.010835999999983414,0.0015100000000245473,0.010521000000011327,0.015178617756566407,0.0
2698.0,192.0,200.0,208.0,192.0,200.0,208.0,191.987332,199.998202,207.989127,0.012667999999990798,0.00179800000000796,0.010873000000003685,0.01679086528442997,0.0
2699.0,188.0,212.0,208.0,188.0,212.0,208.0,187.98536000000001,211.99819399999998,207.988087,0.014639999999985776,0.0018060000000161835,0.011912999999992735,0.018960770158394643,0.0
2700.0,220.0,240.0,208.0,220.0,240.0,208.0,219.98476800000003,240.00036599999999,207.983015,0.015231999999969048,-0.00036599999998543353,0.016985000000005357,0.02281749339868927,0.0
2701.0,20.0,24.0,212.0,20.0,24.0,212.0,19.993844000000003,23.985582,212.019103,0.006155999999997164,0.014417999999999154,-0.019103000000001202,0.02471233839603178,0.0
2702.0,228.0,36.0,212.0,228.0,36.0,212.0,228.01243600000004,35.996809999999996,212.004495,-0.012436000000036529,0.003190000000003579,-0.004494999999991478,0.01360276519685813,0.0
2703.0,44.0,44.0,212.0,44.0,44.0,212.0,43.993532,43.987193999999995,212.015407,0.006467999999998142,0.012806000000004758,-0.015407000000010385,0.02105241812715152,0.0
2704.0,192.0,56.0,212.0,192.0,56.0,212.0,192.006304,55.995242,212.004639,-0.006304000000000087,0.0047580000000024825,-0.004638999999997395,0.009159656161668982,0.0
2705.0,192.0,68.0,212.0,192.0,68.0,212.0,192.00472000000002,67.995446,212.003343,-0.0047200000000202635,0.004553999999998837,-0.003343000000000984,0.007361587125082965,0.0
2706.0,216.0,84.0,212.0,216.0,84.0,212.0,216.00493600000001,83.99699,212.000079,-0.0049360000000149284,0.003010000000003288,-7.899999999949614e-05,0.0057819060006339676,0.0
2707.0,220.0,88.0,212.0,220.0,88.0,212.0,220.00479600000003,87.99727,211.999391,-0.004796000000027334,0.002729999999999677,0.0006089999999971951,0.005552062409614738,0.0
2708.0,224.0,92.0,212.0,224.0,92.0,212.0,224.004656,91.99755,211.998703,-0.004656000000011318,0.0024499999999960664,0.0012969999999938864,0.005418767848881355,0.0
2709.0,40.0,100.0,212.0,40.0,100.0,212.0,39.985752000000005,99.987934,212.009615,0.014247999999994931,0.012066000000004351,-0.009614999999996598,0.021001001999902173,0.0
2710.0,224.0,104.0,212.0,224.0,104.0,212.0,224.00307200000003,103.997754,211.997407,-0.003072000000031494,0.002245999999999526,0.0025929999999902975,0.004604926600950449,0.0
2711.0,80.0,204.0,212.0,80.0,204.0,212.0,79.975904,203.99182199999996,211.995823,0.024096000000000117,0.00817800000004354,0.004176999999998543,0.025786512540487236,0.0
2712.0,188.0,204.0,212.0,188.0,204.0,212.0,187.98638000000003,203.99754599999997,211.988911,0.013619999999974652,0.0024540000000286,0.01108899999999835,0.017733934616982586,0.0
2713.0,112.0,208.0,212.0,112.0,208.0,212.0,111.97847999999999,207.99358599999996,211.993343,0.02152000000000953,0.006414000000035003,0.006656999999989921,0.023421474014261465,0.0
2714.0,24.0,24.0,216.0,24.0,24.0,216.0,23.994196,23.985281999999998,216.018807,0.005804000000001253,0.014718000000002007,-0.018807000000009566,0.024576598401740493,0.0
2715.0,228.0,40.0,216.0,228.0,40.0,216.0,228.011872,39.996365999999995,216.004023,-0.011872000000010985,0.003634000000005244,-0.004022999999989452,0.0130512401326546,0.0
2716.0,216.0,60.0,216.0,216.0,60.0,216.0,216.00806799999998,59.996069999999996,216.002631,-0.008067999999980202,0.003930000000003986,-0.0026310000000080436,0.009351988291254122,0.0
2717.0,220.0,104.0,216.0,220.0,104.0,216.0,220.00264800000002,103.99703,215.997623,-0.002648000000021966,0.002970000000004802,0.0023769999999956326,0.004634968500445725,0.0
2718.0,184.0,152.0,216.0,184.0,152.0,216.0,183.99282000000002,151.99593799999997,215.994743,0.0071799999999768715,0.004062000000033095,0.005257000000000289,0.009782039306808155,0.0
2719.0,228.0,168.0,216.0,228.0,168.0,216.0,227.994976,167.998542,215.990199,0.005023999999991702,0.001458000000013726,0.009801000000010163,0.01110972281383095,0.0
2720.0,180.0,176.0,216.0,180.0,176.0,216.0,179.989264,175.99613399999998,215.99240700000001,0.010736000000008517,0.0038660000000163564,0.00759299999998575,0.0137062504354799,0.0
2721.0,76.0,196.0,216.0,76.0,196.0,216.0,75.976536,195.99096199999997,215.996903,0.023464000000004148,0.009038000000032298,0.0030969999999967968,0.025334485370750254,0.0
2722.0,84.0,200.0,216.0,84.0,200.0,216.0,83.97678400000001,199.99145399999998,215.995959,0.0232159999999908,0.008546000000023923,0.0040410000000008495,0.025066839709065612,0.0
2723.0,188.0,208.0,216.0,188.0,208.0,216.0,187.985816,207.99710199999998,215.988439,0.014184000000000196,0.0028980000000160544,0.011561000000000377,0.0185267639106269,0.0
2724.0,208.0,208.0,216.0,208.0,208.0,216.0,207.987756,207.99816199999998,215.987159,0.012244000000009692,0.0018380000000206564,0.012841000000008762,0.017837742598225213,0.0
2725.0,124.0,20.0,220.0,124.0,20.0,220.0,124.00438799999999,19.990002,220.012799,-0.004387999999991621,0.009997999999999507,-0.012799000000001115,0.01682346423897127,0.0
2726.0,60.0,24.0,220.0,60.0,24.0,220.0,59.997651999999995,23.986677999999998,220.01646300000002,0.0023480000000049017,0.013322000000002276,-0.01646300000001588,0.021307725289213923,0.0
2727.0,136.0,48.0,220.0,136.0,48.0,220.0,136.001856,47.991113999999996,220.009007,-0.0018560000000036325,0.008886000000003946,-0.009006999999996879,0.012787954527602426,0.0
2728.0,16.0,60.0,220.0,16.0,60.0,220.0,15.988632,59.98495799999999,220.015391,0.011367999999999157,0.015042000000008215,-0.015390999999993937,0.024338777064594707,0.0
2729.0,56.0,60.0,220.0,56.0,60.0,220.0,55.992512,59.98707799999999,220.012831,0.00748800000000216,0.012922000000010314,-0.012831000000005588,0.019689661982889455,0.0
2730.0,236.0,60.0,220.0,236.0,60.0,220.0,236.009972,59.99661799999999,220.00131100000002,-0.009972000000004755,0.0033820000000091,-0.0013110000000153832,0.01061119357095123,0.0
2731.0,216.0,64.0,220.0,216.0,64.0,220.0,216.007504,63.995625999999994,220.002159,-0.0075040000000115015,0.004374000000005651,-0.0021590000000060172,0.00895003759770025,0.0
2732.0,216.0,92.0,220.0,216.0,92.0,220.0,216.003808,91.996102,219.999135,-0.003807999999992262,0.0038980000000066184,0.0008650000000045566,0.005517562233450616,0.0
2733.0,40.0,96.0,220.0,40.0,96.0,220.0,39.986208,95.986842,220.00996700000002,0.013792000000002247,0.013158000000004222,-0.009967000000017379,0.02151030722701374,0.0
2734.0,208.0,96.0,220.0,208.0,96.0,220.0,208.002504,95.995746,219.999215,-0.0025039999999876272,0.004254000000003089,0.0007850000000075852,0.004998275402573994,0.0
2735.0,224.0,112.0,220.0,224.0,112.0,220.0,224.001944,111.996866,219.996463,-0.0019440000000088276,0.0031340000000028567,0.0035369999999943502,0.00510993747515684,0.0
2736.0,220.0,156.0,220.0,220.0,156.0,220.0,219.99574800000002,155.99740199999997,219.99196700000002,0.0042519999999797164,0.002598000000034517,0.008032999999983303,0.009452946471854086,0.0
2737.0,156.0,160.0,220.0,156.0,160.0,220.0,155.989012,159.99407799999997,219.995631,0.010987999999997555,0.005922000000026628,0.004368999999996959,0.013224764232311859,0.0
2738.0,72.0,164.0,220.0,72.0,164.0,220.0,71.980336,163.98969399999996,220.000575,0.0196640000000059,0.010306000000042559,-0.0005749999999977717,0.02220849290251607,0.0
2739.0,160.0,164.0,220.0,160.0,164.0,220.0,159.98887200000001,163.99435799999998,219.994943,0.01112799999998515,0.0056420000000230175,0.00505699999999365,0.01346245880216036,0.0
2740.0,232.0,8.0,224.0,232.0,8.0,224.0,232.016412,7.995009999999999,224.007143,-0.016412000000002536,0.00499000000000116,-0.007143000000013444,0.018581611690063025,0.0
2741.0,120.0,36.0,224.0,120.0,36.0,224.0,120.001852,35.989549999999994,224.011287,-0.0018519999999995207,0.010450000000005844,-0.011287000000010039,0.015492862001591152,0.0
2742.0,140.0,40.0,224.0,140.0,40.0,224.0,140.003264,39.990677999999996,224.009575,-0.003264000000001488,0.009322000000004493,-0.009575000000012324,0.013756235131762232,0.0
2743.0,132.0,44.0,224.0,132.0,44.0,224.0,132.00196,43.99032199999999,224.009655,-0.001959999999996853,0.009678000000008069,-0.009655000000009295,0.013810297208978644,0.0
2744.0,144.0,44.0,224.0,144.0,44.0,224.0,144.003124,43.99095799999999,224.00888700000002,-0.0031240000000138934,0.009042000000007988,-0.008887000000015632,0.013057408203794087,0.0
2745.0,52.0,48.0,224.0,52.0,48.0,224.0,51.993672000000004,47.986149999999995,224.014343,0.0063279999999963366,0.013850000000005025,-0.014342999999996664,0.020918597778053792,0.0
2746.0,116.0,48.0,224.0,116.0,48.0,224.0,115.99987999999999,47.98954199999999,224.010247,0.00012000000000966793,0.010458000000006962,-0.010246999999992568,0.0146418978619575,0.0
2747.0,236.0,52.0,224.0,236.0,52.0,224.0,236.01099200000002,51.99596999999999,224.002135,-0.010992000000015878,0.0040300000000073055,-0.002135000000009768,0.011900554146780293,0.0
2748.0,240.0,64.0,224.0,240.0,64.0,224.0,240.00979600000002,63.996385999999994,224.000583,-0.009796000000022786,0.0036140000000060013,-0.0005830000000059954,0.010457652748131237,0.0
2749.0,148.0,76.0,224.0,148.0,76.0,224.0,147.999288,75.991714,224.005175,0.0007119999999929405,0.00828599999999824,-0.005175000000008367,0.009795170493669183,0.0
2750.0,204.0,100.0,224.0,204.0,100.0,224.0,204.001552,99.99508999999999,223.998999,-0.0015520000000037726,0.004910000000009518,0.00100100000000225,0.00524583692084587,0.0
2751.0,216.0,108.0,224.0,216.0,108.0,224.0,216.00166000000002,107.995862,223.997367,-0.0016600000000153159,0.0041379999999975325,0.002633000000002994,0.0051779661064983995,0.0
2752.0,220.0,112.0,224.0,220.0,112.0,224.0,220.00152000000003,111.99614199999999,223.996679,-0.0015200000000277214,0.0038580000000081327,0.0033209999999996853,0.005312589293380859,0.0
2753.0,172.0,156.0,224.0,172.0,156.0,224.0,171.99105600000001,155.99434599999998,223.994999,0.008943999999985408,0.005654000000021142,0.005000999999992928,0.011703540190895544,0.0
2754.0,176.0,172.0,224.0,176.0,172.0,224.0,175.98933200000002,171.99482999999998,223.993015,0.010667999999981248,0.005170000000020991,0.00698499999998603,0.013759554825633779,0.0
2755.0,184.0,240.0,224.0,184.0,240.0,224.0,183.98113200000003,239.99640999999997,223.985159,0.018867999999969243,0.0035900000000310683,0.01484099999998989,0.02427230530870033,0.0
2756.0,44.0,8.0,228.0,44.0,8.0,228.0,43.99814000000001,7.984533999999999,228.019135,0.0018599999999935335,0.015466000000000868,-0.019135000000005675,0.024673973757792237,0.0
2757.0,52.0,36.0,228.0,52.0,36.0,228.0,51.995219999999996,35.98543399999999,228.015599,0.004780000000003781,0.014566000000009183,-0.0155990000000088,0.02187111238598938,0.0
2758.0,236.0,68.0,228.0,236.0,68.0,228.0,236.00884400000004,67.99573,228.000367,-0.008844000000038932,0.004270000000005325,-0.0003670000000113305,0.00982771209390784,0.0
2759.0,92.0,92.0,228.0,92.0,92.0,228.0,91.99170799999999,91.988506,228.006991,0.008292000000011512,0.011493999999999005,-0.006990999999999303,0.015803271212004123,0.0
2760.0,144.0,148.0,228.0,144.0,148.0,228.0,143.98936000000003,147.992214,227.997615,0.010639999999966676,0.007786000000010063,0.0023850000000038563,0.013398493236161518,0.0
2761.0,164.0,152.0,228.0,164.0,152.0,228.0,163.99077200000002,151.99334199999998,227.995903,0.00922799999997892,0.006658000000015818,0.004097000000001572,0.012094228251518757,0.0
2762.0,168.0,156.0,228.0,168.0,156.0,228.0,167.99063200000003,155.993622,227.995215,0.009367999999966514,0.006378000000012207,0.004784999999998263,0.012301810151335928,0.0
2763.0,112.0,212.0,228.0,112.0,212.0,228.0,111.97780799999998,211.991606,227.992751,0.022192000000018197,0.008394000000009783,0.007249000000001615,0.02480911326510876,0.0
2764.0,176.0,216.0,228.0,176.0,216.0,228.0,175.98348800000002,215.99506599999998,227.988223,0.016511999999977434,0.004934000000019978,0.011776999999995041,0.020873146121256736,0.0
2765.0,188.0,220.0,228.0,188.0,220.0,228.0,187.984124,219.99577,227.987023,0.015875999999991564,0.004230000000006839,0.012977000000006456,0.020936637862846018,0.0
2766.0,168.0,224.0,228.0,168.0,224.0,228.0,167.98165600000002,223.994778,227.987871,0.018343999999984817,0.005222000000003391,0.0121289999999874,0.022602748969963206,0.0
2767.0,48.0,28.0,232.0,48.0,28.0,232.0,47.995852,27.984574,232.016679,0.004148000000000707,0.015426000000001494,-0.016679000000010547,0.02309451062483039,0.0
2768.0,44.0,40.0,232.0,44.0,40.0,232.0,43.993880000000004,39.984565999999994,232.015639,0.0061199999999956844,0.015434000000006165,-0.015638999999993075,0.022808793852370203,0.0
2769.0,4.0,52.0,232.0,4.0,52.0,232.0,3.988416,51.98264999999999,232.016903,0.011584000000000039,0.017350000000007526,-0.016903000000013435,0.026850008659229818,0.0
2770.0,12.0,60.0,232.0,12.0,60.0,232.0,11.988135999999999,59.98320999999999,232.015527,0.011864000000000985,0.01679000000000741,-0.01552699999999163,0.025763274733620577,0.0
2771.0,40.0,76.0,232.0,40.0,76.0,232.0,39.98874,75.984966,232.012007,0.011260000000000048,0.015033999999999992,-0.012007000000011203,0.022292976584571876,0.0
2772.0,24.0,80.0,232.0,24.0,80.0,232.0,23.986659999999997,79.984186,232.012599,0.013340000000003016,0.01581400000000599,-0.012598999999994476,0.02422339771791172,0.0
2773.0,220.0,132.0,232.0,224.0,132.0,232.0,223.999196,131.99567,231.994183,-3.999196000000012,0.004330000000010159,0.005817000000007511,3.9992025746147313,4.0
2774.0,160.0,152.0,232.0,160.0,152.0,232.0,159.99034800000004,151.99261799999996,231.996119,0.009651999999960026,0.007382000000035305,0.0038810000000069067,0.012756064792866301,0.0
2775.0,152.0,156.0,232.0,152.0,156.0,232.0,151.98904400000004,155.99226199999998,231.996199,0.01095599999996466,0.007738000000017564,0.0038010000000099353,0.013941240296314134,0.0
2776.0,164.0,156.0,232.0,164.0,156.0,232.0,163.99020800000002,155.99289799999997,231.995431,0.009791999999976042,0.007102000000031694,0.004569000000003598,0.012930484484349915,0.0
2777.0,56.0,172.0,232.0,56.0,172.0,232.0,55.97762,171.98744599999998,232.000615,0.02237999999999829,0.012554000000022825,-0.0006150000000104683,0.025667986695502812,0.0
2778.0,164.0,224.0,232.0,164.0,224.0,232.0,163.981232,223.99405399999998,231.988087,0.018767999999994345,0.005946000000022877,0.011912999999992735,0.02301113445703811,0.0
2779.0,48.0,20.0,236.0,48.0,20.0,236.0,47.996871999999996,19.983926,236.017503,0.0031280000000037944,0.0160739999999997,-0.01750300000000493,0.023968998080858256,0.0
2780.0,44.0,28.0,236.0,44.0,28.0,236.0,43.995428000000004,27.98385,236.016895,0.004571999999996024,0.016149999999999665,-0.01689500000000521,0.023815262102276535,0.0
2781.0,12.0,48.0,236.0,12.0,48.0,236.0,11.989684,47.98249399999999,236.016783,0.010315999999999548,0.017506000000011568,-0.016783000000003767,0.026354297201794667,0.0
2782.0,92.0,60.0,236.0,92.0,60.0,236.0,91.99586000000001,59.98693799999999,236.010367,0.004139999999992483,0.01306200000001212,-0.010367000000002236,0.01718226216190117,0.0
2783.0,140.0,64.0,236.0,140.0,64.0,236.0,139.999988,63.98954999999999,236.006863,1.1999999998124622e-05,0.010450000000012949,-0.0068630000000098335,0.012502136337458713,0.0
2784.0,196.0,92.0,236.0,196.0,92.0,236.0,196.001724,91.992994,236.000255,-0.00172399999999584,0.0070060000000040645,-0.0002550000000098862,0.007219503930329815,0.0
2785.0,204.0,100.0,236.0,204.0,100.0,236.0,204.001444,99.99355399999999,235.99887900000002,-0.0014439999999922293,0.006446000000011054,0.0011209999999834963,0.006700200967141439,0.0
2786.0,140.0,140.0,236.0,140.0,140.0,236.0,139.98995599999998,139.990842,235.998655,0.010044000000021924,0.009158000000013544,0.0013449999999863849,0.013658694117691189,0.0
2787.0,140.0,152.0,236.0,140.0,152.0,236.0,139.988372,151.99104599999998,235.99735900000002,0.011628000000001748,0.008954000000017004,0.002640999999982796,0.014911719585623057,0.0
2788.0,160.0,168.0,236.0,160.0,168.0,236.0,159.9882,167.992378,235.994351,0.011799999999993815,0.007621999999997797,0.005649000000005344,0.015140874644480775,0.0
2789.0,152.0,172.0,236.0,152.0,172.0,236.0,151.986896,171.992022,235.994431,0.01310399999999845,0.007978000000008478,0.005569000000008373,0.016321061883351463,0.0
2790.0,156.0,176.0,236.0,156.0,176.0,236.0,155.98675599999999,175.992302,235.993743,0.013244000000014466,0.007698000000004868,0.006257000000005064,0.016547289475938996,0.0
2791.0,128.0,184.0,236.0,128.0,184.0,236.0,127.982984,183.990954,235.994671,0.017015999999998144,0.0090460000000121,0.005328999999989037,0.019994314516883015,0.0
2792.0,116.0,44.0,240.0,116.0,44.0,240.0,116.00026399999999,43.98742599999999,240.01051900000002,-0.0002639999999871634,0.012574000000007857,-0.010519000000016376,0.01639586938837143,0.0
2793.0,92.0,176.0,240.0,92.0,176.0,240.0,91.980512,175.988398,239.99779900000001,0.01948799999999551,0.011602000000010548,0.0022009999999852425,0.022786683589324813,0.0
2794.0,88.0,36.0,4.0,88.0,36.0,4.0,88.00072800000001,36.01601399999999,4.015535,-0.0007280000000093878,-0.016013999999991313,-0.015534999999999854,0.022322956905386233,0.0
2795.0,60.0,44.0,4.0,60.0,44.0,4.0,59.996956,44.01466599999999,4.016463,0.003044000000002711,-0.014665999999991186,-0.016462999999999894,0.022257310282236587,0.0
2796.0,152.0,60.0,4.0,152.0,60.0,4.0,152.003768,60.01981399999999,4.008847,-0.003768000000007987,-0.019813999999989562,-0.008847000000000271,0.022024119255935105,0.0
2797.0,24.0,76.0,4.0,24.0,76.0,4.0,23.98924,76.013302,4.0153110000000005,0.010760000000001213,-0.013301999999995928,-0.015311000000000519,0.022959693486628553,0.0
2798.0,20.0,116.0,4.0,20.0,116.0,4.0,19.983572,116.01377,4.011247,0.01642800000000122,-0.013769999999993843,-0.011247000000000007,0.024207170280722005,0.0
2799.0,24.0,120.0,4.0,24.0,120.0,4.0,23.983431999999997,120.01405,4.010559000000001,0.016568000000003025,-0.014049999999997453,-0.010559000000000651,0.024153542286795997,0.0
2800.0,140.0,120.0,4.0,140.0,120.0,4.0,139.994684,120.020198,4.003135,0.005315999999993437,-0.0201979999999935,-0.003135000000000332,0.021119831557085623,0.0
2801.0,52.0,128.0,4.0,52.0,128.0,4.0,51.985091999999995,128.01567,4.007903000000001,0.014908000000005472,-0.015670000000000073,-0.00790300000000066,0.02302726151760508,0.0
2802.0,120.0,12.0,8.0,120.0,12.0,8.0,120.006964,12.01679,8.016039000000001,-0.0069639999999964175,-0.016790000000000305,-0.016039000000001025,0.024241512267183192,0.0
2803.0,208.0,20.0,8.0,208.0,20.0,8.0,208.014444,20.02159,8.009543,-0.014443999999997459,-0.021589999999999776,-0.009543000000000745,0.027673562925650378,0.0
2804.0,56.0,40.0,8.0,56.0,40.0,8.0,55.99706,40.013873999999994,8.017111,0.002940000000002385,-0.013873999999994169,-0.017110999999999876,0.022224261450042564,0.0
2805.0,52.0,56.0,8.0,52.0,56.0,8.0,51.99455999999999,56.01393399999999,8.015639,0.005440000000007217,-0.013933999999991897,-0.01563900000000018,0.021640893627571354,0.0
2806.0,180.0,76.0,8.0,180.0,76.0,8.0,180.00433600000002,76.021058,8.005287000000001,-0.004336000000023432,-0.02105799999999647,-0.00528700000000093,0.02214029423923865,0.0
2807.0,28.0,92.0,8.0,28.0,92.0,8.0,27.98748,92.013274,8.013287,0.012519999999998532,-0.013273999999995567,-0.013287000000000049,0.02257197033933562,0.0
2808.0,148.0,100.0,8.0,148.0,100.0,8.0,147.998064,100.01977,8.004743,0.001936000000000604,-0.01976999999999407,-0.004742999999999498,0.020422953875474603,0.0
2809.0,144.0,116.0,8.0,144.0,116.0,8.0,143.99556400000003,116.01983,8.003271,0.0044359999999699085,-0.019829999999998904,-0.003270999999999802,0.020581701508857044,0.0
2810.0,28.0,140.0,8.0,28.0,140.0,8.0,27.981144,140.01408999999998,8.008103,0.01885599999999954,-0.014089999999981728,-0.008103000000000193,0.024894486236905367,0.0
2811.0,148.0,32.0,12.0,148.0,32.0,12.0,148.007004,32.01810199999999,12.012047,-0.007003999999994903,-0.018101999999991847,-0.012047000000000807,0.022844444160444195,0.0
2812.0,80.0,36.0,12.0,80.0,36.0,12.0,79.99988,36.014565999999995,12.015967000000002,0.00011999999999545707,-0.014565999999994972,-0.01596700000000162,0.021613140563090414,0.0
2813.0,204.0,84.0,12.0,204.0,84.0,12.0,204.005572,84.021954,12.002847000000001,-0.0055720000000007985,-0.021953999999993812,-0.002847000000000932,0.022828287474091054,0.0
2814.0,32.0,128.0,12.0,32.0,128.0,12.0,31.98308,128.013586,12.009103000000001,0.016919999999998936,-0.01358600000000365,-0.009103000000001416,0.023531476897978354,0.0
2815.0,216.0,148.0,12.0,216.0,148.0,12.0,215.998288,148.023678,11.995167,0.0017119999999977153,-0.023677999999989652,0.004832999999999643,0.024226772731824987,0.0
2816.0,236.0,196.0,12.0,236.0,196.0,12.0,235.99389200000002,196.025554,11.988703000000001,0.006107999999983349,-0.025553999999999633,0.011296999999999002,0.028599594210403673,0.0
2817.0,144.0,120.0,16.0,144.0,120.0,16.0,143.994964,120.018874,16.002759,0.005035999999989826,-0.018873999999996727,-0.002759000000001066,0.019728184229669488,0.0
2818.0,132.0,200.0,16.0,132.0,200.0,16.0,131.98324,200.01959799999997,15.994887,0.016760000000004993,-0.01959799999997358,0.005112999999999701,0.026289198789600433,0.0
2819.0,124.0,216.0,16.0,124.0,216.0,16.0,123.98035199999998,216.01944599999996,15.993671,0.019648000000017873,-0.01944599999995944,0.006328999999999141,0.028359250007697914,0.0
2820.0,108.0,240.0,16.0,108.0,240.0,16.0,107.97563199999999,240.01900599999996,15.992103,0.024368000000009715,-0.019005999999961887,0.00789699999999982,0.03189655261935092,0.0
2821.0,20.0,48.0,20.0,20.0,48.0,20.0,19.992404,48.01056599999999,20.018431,0.007595999999999492,-0.010565999999990083,-0.018430999999999642,0.022561944353263738,0.0
2822.0,124.0,112.0,20.0,124.0,112.0,20.0,123.99404399999999,112.01716599999999,20.004863,0.005956000000011841,-0.017165999999988912,-0.004863000000000284,0.01880941947535232,0.0
2823.0,204.0,4.0,24.0,204.0,4.0,24.0,204.01602400000002,4.019057999999999,24.011367,-0.016024000000015803,-0.019057999999999353,-0.011366999999999905,0.027371237257392652,0.0
2824.0,20.0,124.0,24.0,20.0,124.0,24.0,19.982336,124.01134599999999,24.010183,0.017663999999999902,-0.011345999999988976,-0.010183000000001385,0.0233332831166078,0.0
2825.0,168.0,216.0,24.0,168.0,216.0,24.0,167.98454800000002,216.02075399999998,23.990775000000003,0.015451999999982036,-0.020753999999982398,0.009224999999997152,0.027469864306156694,0.0
2826.0,16.0,44.0,28.0,16.0,44.0,28.0,15.992472000000001,44.009262,28.019039000000003,0.007527999999998869,-0.00926199999999966,-0.019039000000002915,0.02247084664626786,0.0
2827.0,12.0,48.0,28.0,12.0,48.0,28.0,11.991556000000001,48.009117999999994,28.018863000000003,0.008443999999999008,-0.009117999999993742,-0.018863000000003183,0.022588754480935624,0.0
2828.0,184.0,76.0,28.0,184.0,76.0,28.0,184.00454400000004,76.01871,28.004831000000003,-0.004544000000038295,-0.018709999999998672,-0.004831000000002916,0.01985070772038938,0.0
2829.0,140.0,84.0,28.0,140.0,84.0,28.0,139.99922,84.016514,28.006783000000002,0.0007799999999917873,-0.016514000000000806,-0.006783000000002204,0.017869798124210686,0.0
2830.0,124.0,116.0,28.0,124.0,116.0,28.0,123.993444,116.01620999999999,28.004351000000003,0.006556000000003337,-0.016209999999986735,-0.004351000000003324,0.018018780119631924,0.0
2831.0,12.0,120.0,28.0,12.0,120.0,28.0,11.982052,120.010342,28.011087,0.01794800000000052,-0.0103419999999943,-0.011086999999999847,0.02349487682453129,0.0
2832.0,32.0,152.0,28.0,32.0,152.0,28.0,31.979768,152.011946,28.006351000000002,0.020232000000000028,-0.011945999999994683,-0.006351000000002216,0.024338774435042988,0.0
2833.0,144.0,164.0,28.0,144.0,164.0,28.0,143.98904800000003,164.01808599999998,27.997887000000002,0.01095199999997476,-0.018085999999982505,0.002112999999997811,0.0212488698287416,0.0
2834.0,228.0,176.0,28.0,228.0,176.0,28.0,227.99561200000002,176.022742,27.991215,0.00438799999997741,-0.022741999999993823,0.008784999999999599,0.024771542806202314,0.0
2835.0,56.0,228.0,28.0,56.0,228.0,28.0,55.972063999999996,228.01450999999997,27.996607,0.027936000000003958,-0.014509999999972933,0.003392999999999091,0.03166184841413131,0.0
2836.0,92.0,12.0,32.0,92.0,12.0,32.0,92.00403200000001,12.012234,32.017591,-0.004032000000009361,-0.012233999999999412,-0.01759100000000302,0.02180300577902431,0.0
2837.0,192.0,72.0,32.0,192.0,72.0,32.0,192.005812,72.018554,32.004711,-0.005811999999991713,-0.01855399999999463,-0.004711000000000354,0.020005593742743747,0.0
2838.0,12.0,100.0,32.0,12.0,100.0,32.0,11.984656000000001,100.00949,32.013207,0.015343999999998914,-0.009489999999999554,-0.013207000000001301,0.022358964309645304,0.0
2839.0,124.0,156.0,32.0,124.0,156.0,32.0,123.988128,156.01637799999997,31.999991,0.011871999999996774,-0.01637799999997469,8.999999998593466e-06,0.02022828092051063,0.0
2840.0,204.0,192.0,32.0,204.0,192.0,32.0,203.991136,192.02122999999997,31.990983000000003,0.008863999999988437,-0.021229999999974325,0.0090169999999965,0.02471011301064084,0.0
2841.0,136.0,200.0,32.0,136.0,200.0,32.0,135.983484,200.01776199999998,31.994471,0.016515999999995756,-0.017761999999976297,0.005528999999999229,0.02487642942624623,0.0
2842.0,64.0,208.0,32.0,64.0,208.0,32.0,63.975444,208.01408199999997,31.998215000000002,0.024555999999996914,-0.014081999999973505,0.0017849999999981492,0.028363463910444642,0.0
2843.0,212.0,12.0,36.0,212.0,12.0,36.0,212.015636,12.018082,36.009871000000004,-0.01563600000000065,-0.01808199999999971,-0.00987100000000396,0.02586271178743807,0.0
2844.0,220.0,20.0,36.0,220.0,20.0,36.0,220.015356,20.018641999999996,36.008495,-0.015355999999997039,-0.018641999999996273,-0.008495000000003472,0.0256026546475132,0.0
2845.0,92.0,24.0,36.0,92.0,24.0,36.0,92.00241199999999,24.011926,36.016255,-0.0024119999999925312,-0.011925999999998993,-0.01625500000000102,0.020304488296925216,0.0
2846.0,216.0,24.0,36.0,216.0,24.0,36.0,216.01444,24.018497999999997,36.008319,-0.014440000000007558,-0.01849799999999746,-0.008319000000000187,0.02489769798596102,0.0
2847.0,156.0,96.0,36.0,156.0,96.0,36.0,155.999116,96.01654199999999,36.004383000000004,0.0008840000000134296,-0.016541999999986956,-0.004383000000004245,0.017135632728312936,0.0
2848.0,128.0,128.0,36.0,128.0,128.0,36.0,127.99217599999999,128.015602,36.002719,0.007824000000013598,-0.015602000000001226,-0.0027189999999990278,0.017664380572220632,0.0
2849.0,176.0,176.0,36.0,176.0,176.0,36.0,175.990496,176.018962,35.994463,0.00950399999999263,-0.01896199999998771,0.0055369999999967945,0.02192126431115136,0.0
2850.0,52.0,184.0,36.0,52.0,184.0,36.0,51.977412,184.01252599999998,36.001535000000004,0.022587999999998942,-0.012525999999979831,-0.001535000000004061,0.025874208103813717,0.0
2851.0,44.0,188.0,36.0,44.0,188.0,36.0,43.976108,188.01217,36.001615,0.02389199999999647,-0.012169999999997572,-0.0016150000000010323,0.02686158574991014,0.0
2852.0,208.0,196.0,36.0,208.0,196.0,36.0,207.99096,196.020998,35.990255000000005,0.009039999999998827,-0.020997999999991634,0.00974499999999523,0.02485161220121412,0.0
2853.0,164.0,200.0,36.0,164.0,200.0,36.0,163.986164,200.018734,35.992639000000004,0.013835999999997739,-0.01873399999999492,0.007360999999995954,0.0244250275946556,0.0
2854.0,8.0,120.0,40.0,8.0,120.0,40.0,7.981556,120.00859399999999,40.011223,0.018443999999999683,-0.008593999999988,-0.011223000000001093,0.02323776454394455,0.0
2855.0,116.0,216.0,40.0,116.0,216.0,40.0,115.97935999999999,216.01594999999998,39.993943,0.020640000000014425,-0.015949999999975262,0.006056999999998425,0.026778710741926826,0.0
2856.0,112.0,228.0,40.0,112.0,228.0,40.0,111.97738799999999,228.01594199999997,39.992903000000005,0.022612000000009402,-0.015941999999967038,0.00709699999999458,0.02856251594309047,0.0
2857.0,236.0,4.0,44.0,236.0,4.0,44.0,236.01894800000002,4.018194,44.009119000000005,-0.018948000000023058,-0.018194000000000266,-0.009119000000005428,0.027806555000592623,0.0
2858.0,204.0,16.0,44.0,204.0,16.0,44.0,204.01426,16.016702000000002,44.009871000000004,-0.014260000000007267,-0.016702000000002215,-0.00987100000000396,0.02407781229680885,0.0
2859.0,104.0,80.0,44.0,104.0,80.0,44.0,103.996112,80.01249,44.009359,0.0038880000000034443,-0.012489999999999668,-0.009359000000003448,0.016084387616570394,0.0
2860.0,76.0,184.0,44.0,76.0,184.0,44.0,75.979668,184.01277399999998,43.999919000000006,0.020331999999996242,-0.012773999999978969,8.099999999444663e-05,0.024011910815245608,0.0
2861.0,172.0,188.0,44.0,172.0,188.0,44.0,171.98845200000002,188.01792999999998,43.993343,0.011547999999976355,-0.017929999999978463,0.006656999999997026,0.02234181848012023,0.0
2862.0,116.0,236.0,44.0,116.0,236.0,44.0,115.97668399999999,236.01577799999998,43.991743,0.02331600000000833,-0.015777999999983194,0.008257000000000403,0.02933869780681932,0.0
2863.0,104.0,52.0,48.0,104.0,52.0,48.0,103.999772,52.01150199999999,48.012343,0.00022800000000700038,-0.011501999999993018,-0.012343000000001325,0.016872985420484286,0.0
2864.0,140.0,84.0,48.0,140.0,84.0,48.0,139.99904,84.013954,48.006583,0.0009599999999920783,-0.013953999999998246,-0.006582999999999117,0.01545870644652793,0.0
2865.0,128.0,160.0,48.0,128.0,160.0,48.0,127.987844,160.01460999999998,47.999143000000004,0.012156000000004497,-0.014609999999976253,0.0008569999999963329,0.019025111957605114,0.0
2866.0,120.0,168.0,48.0,120.0,168.0,48.0,119.98601199999999,168.01432199999996,47.998791000000004,0.01398800000001188,-0.014321999999964419,0.0012089999999957968,0.02005605915924918,0.0
2867.0,144.0,208.0,48.0,144.0,208.0,48.0,143.98306000000002,208.01627399999998,47.992935,0.016939999999976862,-0.01627399999998147,0.007064999999997212,0.024530000020354128,0.0
2868.0,52.0,168.0,52.0,52.0,168.0,52.0,51.97938,168.01020599999998,52.003103,0.02062000000000097,-0.010205999999982396,-0.0031030000000029645,0.0232158446970964,0.0
2869.0,160.0,180.0,52.0,160.0,180.0,52.0,159.988272,180.016134,51.994895,0.011728000000005068,-0.016133999999993875,0.005105000000000359,0.02058914677688041,0.0
2870.0,192.0,184.0,52.0,192.0,184.0,52.0,191.99084799999997,184.01789799999997,51.992415,0.009152000000028693,-0.01789799999997399,0.007584999999998843,0.021485570343827892,0.0
2871.0,204.0,188.0,52.0,204.0,188.0,52.0,203.991484,188.018602,51.991215000000004,0.00851599999998598,-0.01860199999998713,0.008784999999996046,0.022265059734912298,0.0
2872.0,120.0,24.0,56.0,120.0,24.0,56.0,120.00494799999998,24.010849999999998,56.014263,-0.004947999999984631,-0.010849999999997806,-0.014262999999999693,0.01859135210251776,0.0
2873.0,100.0,52.0,56.0,100.0,52.0,56.0,99.99931199999999,52.010265999999994,56.012519000000005,0.0006880000000109021,-0.010265999999994335,-0.01251900000000461,0.016204612337233314,0.0
2874.0,208.0,56.0,56.0,208.0,56.0,56.0,208.00925999999998,56.016057999999994,56.005175,-0.009259999999983393,-0.01605799999999391,-0.005175000000001262,0.01924545632089585,0.0
2875.0,28.0,100.0,56.0,28.0,100.0,56.0,27.985992,100.007266,56.011943,0.014008000000000465,-0.007266000000001327,-0.011943000000002257,0.019790251868030538,0.0
2876.0,24.0,104.0,56.0,24.0,104.0,56.0,23.985076,104.00712200000001,56.011767000000006,0.014924000000000603,-0.007122000000009621,-0.011767000000006078,0.02029558939770654,0.0
2877.0,48.0,164.0,56.0,48.0,164.0,56.0,47.979484,164.00941399999996,56.003751,0.020516000000000645,-0.009413999999964062,-0.00375100000000117,0.02288229999364921,0.0
2878.0,88.0,196.0,56.0,88.0,196.0,56.0,87.97913999999999,196.01207799999997,55.997735000000006,0.0208600000000132,-0.012077999999974054,0.0022649999999941883,0.024210491713302678,0.0
2879.0,40.0,48.0,60.0,40.0,48.0,60.0,39.993984000000005,48.006505999999995,60.016751000000006,0.006015999999995358,-0.006505999999994572,-0.0167510000000064,0.018950363927906184,0.0
2880.0,44.0,60.0,60.0,44.0,60.0,60.0,43.992788000000004,60.00692199999999,60.015199,0.007211999999995555,-0.0069219999999887705,-0.015199000000002627,0.018191663722701677,0.0
2881.0,100.0,76.0,60.0,100.0,76.0,60.0,99.99610799999999,76.01016200000001,60.009887000000006,0.003892000000007556,-0.01016200000000822,-0.009887000000006196,0.0147026078299174,0.0
2882.0,160.0,76.0,60.0,160.0,76.0,60.0,160.00192800000002,76.01334200000001,60.006047,-0.001928000000020802,-0.013342000000008625,-0.006047000000002356,0.014774720200407819,0.0
2883.0,228.0,88.0,60.0,228.0,88.0,60.0,228.00694000000001,88.01715,60.000399,-0.006940000000014379,-0.017150000000000887,-0.0003990000000015925,0.018505277652611195,0.0
2884.0,168.0,92.0,60.0,168.0,92.0,60.0,168.000592,92.014038,60.003807,-0.0005920000000116943,-0.014037999999999329,-0.003807000000001892,0.014557099882875346,0.0
2885.0,32.0,100.0,60.0,32.0,100.0,60.0,31.986344,100.006966,60.011647,0.013656000000001,-0.006966000000005579,-0.011647000000003516,0.019252638806152963,0.0
2886.0,68.0,140.0,60.0,68.0,140.0,60.0,67.984556,140.00955399999998,60.005023,0.015444000000002234,-0.009553999999980078,-0.005023000000001332,0.0188421490547045,0.0
2887.0,148.0,164.0,60.0,148.0,164.0,60.0,147.989148,164.01420199999998,59.997311,0.010851999999999862,-0.014201999999983173,0.0026889999999966108,0.01807466262477673,0.0
2888.0,84.0,196.0,60.0,84.0,196.0,60.0,83.97871599999999,196.01135399999998,59.997951,0.02128400000000852,-0.011353999999982989,0.0020489999999995234,0.024209923027551625,0.0
2889.0,64.0,44.0,64.0,64.0,44.0,64.0,63.996804,44.007197999999995,64.015607,0.003196000000002641,-0.007197999999995375,-0.015607000000002813,0.017481535087057947,0.0
2890.0,92.0,44.0,64.0,92.0,44.0,64.0,91.99952,44.00868199999999,64.013815,0.00047999999999603915,-0.008681999999993195,-0.013814999999993915,0.016323656116192534,0.0
2891.0,44.0,48.0,64.0,44.0,48.0,64.0,43.994336000000004,48.00620599999999,64.016455,0.0056639999999958945,-0.006205999999991718,-0.016454999999993447,0.01847599407338168,0.0
2892.0,188.0,56.0,64.0,188.0,56.0,64.0,188.007248,56.01397399999999,64.006375,-0.00724800000000414,-0.013973999999990383,-0.006375000000005571,0.016983721765262826,0.0
2893.0,52.0,60.0,64.0,52.0,60.0,64.0,51.993528,60.00683399999999,64.014647,0.006472000000002254,-0.006833999999990681,-0.014646999999996524,0.0174104838818397,0.0
2894.0,132.0,64.0,64.0,132.0,64.0,64.0,132.00076,64.01114199999999,64.009095,-0.0007600000000138607,-0.011141999999992436,-0.009095000000002074,0.014402804900431382,0.0
2895.0,164.0,76.0,64.0,164.0,76.0,64.0,164.00228,76.013042,64.005751,-0.0022800000000131604,-0.013041999999998666,-0.005751000000003614,0.01443489400723354,0.0
2896.0,144.0,80.0,64.0,144.0,80.0,64.0,143.99981200000002,80.01205,64.006599,0.00018799999998009298,-0.012050000000002115,-0.006598999999994248,0.013739892466826935,0.0
2897.0,108.0,160.0,64.0,108.0,160.0,64.0,107.98576,160.01150199999998,64.000263,0.014240000000000919,-0.011501999999978807,-0.000263000000003899,0.018306905063378152,0.0
2898.0,236.0,168.0,64.0,236.0,168.0,64.0,235.99712000000002,168.01842199999996,63.991207,0.002879999999976235,-0.018421999999958416,0.008792999999997164,0.02061507538182388,0.0
2899.0,224.0,228.0,64.0,224.0,228.0,64.0,223.98803600000002,228.01880599999996,63.985495,0.01196399999997766,-0.018805999999955247,0.014504999999999768,0.026593193809653165,0.0
2900.0,220.0,232.0,64.0,220.0,232.0,64.0,219.98712000000003,232.01866199999998,63.985319000000004,0.01287999999996714,-0.018661999999977752,0.014680999999995947,0.027012893310384284,0.0
2901.0,116.0,20.0,68.0,116.0,20.0,68.0,116.00497999999999,20.009033999999996,68.014831,-0.004979999999989104,-0.009033999999996212,-0.014831000000000927,0.018065771973537433,0.0
2902.0,92.0,28.0,68.0,92.0,28.0,68.0,92.00159599999999,28.007897999999997,68.015503,-0.0015959999999921592,-0.007897999999997296,-0.015502999999995382,0.017471938329784394,0.0
2903.0,96.0,52.0,68.0,96.0,52.0,68.0,95.99881599999999,52.008517999999995,68.012655,0.0011840000000091777,-0.00851799999999514,-0.012654999999995198,0.01530056224456531,0.0
2904.0,216.0,60.0,68.0,216.0,60.0,68.0,216.0094,60.015013999999994,68.004111,-0.009399999999999409,-0.015013999999993644,-0.004110999999994647,0.01818462309204549,0.0
2905.0,64.0,72.0,68.0,64.0,72.0,68.0,63.993072000000005,72.00716200000001,68.012543,0.006927999999994938,-0.007162000000008106,-0.012542999999993754,0.016019309504466454,0.0
2906.0,176.0,160.0,68.0,176.0,160.0,68.0,175.99232000000003,160.014594,67.995871,0.007679999999965048,-0.014593999999988228,0.0041290000000060445,0.017000466964150408,0.0
2907.0,92.0,180.0,68.0,92.0,180.0,68.0,91.981532,180.010482,67.999087,0.018467999999998597,-0.010481999999996106,0.0009129999999970551,0.021254950411606733,0.0
2908.0,80.0,196.0,68.0,80.0,196.0,68.0,79.97825599999999,196.01011799999998,67.998127,0.02174400000001242,-0.0101179999999772,0.0018730000000033442,0.024055843136337816,0.0
2909.0,36.0,28.0,72.0,36.0,28.0,72.0,35.996128000000006,28.004418,72.019047,0.0038719999999941024,-0.004418000000001143,-0.01904700000000048,0.01993236857475756,0.0
2910.0,60.0,40.0,72.0,60.0,40.0,72.0,59.996872,40.00589399999999,72.016215,0.003127999999996689,-0.00589399999999074,-0.016215000000002533,0.017534247773997955,0.0
2911.0,16.0,88.0,72.0,16.0,88.0,72.0,15.986268,88.004378,72.013847,0.01373199999999919,-0.0043780000000026575,-0.013846999999998388,0.01998684860101653,0.0
2912.0,80.0,184.0,72.0,80.0,184.0,72.0,79.979804,184.00940199999997,71.999383,0.02019599999999855,-0.009401999999965938,0.0006170000000054188,0.022285796126665692,0.0
2913.0,228.0,220.0,72.0,228.0,220.0,72.0,227.989408,220.01785799999996,71.986023,0.0105920000000026,-0.017857999999961294,0.01397699999999702,0.025029086219808133,0.0
2914.0,120.0,236.0,72.0,120.0,236.0,72.0,119.97681999999999,236.01240599999997,71.991207,0.023180000000010637,-0.012405999999970163,0.008792999999997164,0.02772251945620569,0.0
2915.0,80.0,32.0,76.0,80.0,32.0,76.0,79.999832,32.006306,76.015759,0.00016800000000216642,-0.006306000000002143,-0.015759000000002743,0.01697468529900081,0.0
2916.0,68.0,64.0,76.0,68.0,64.0,76.0,67.99444399999999,64.00621399999999,76.013071,0.005556000000012773,-0.006213999999985731,-0.013070999999996502,0.01550270856979106,0.0
2917.0,12.0,88.0,76.0,12.0,88.0,76.0,11.985844,88.003654,76.014063,0.014155999999999835,-0.0036539999999973816,-0.014062999999993053,0.02028575906885865,0.0
2918.0,28.0,172.0,76.0,28.0,172.0,76.0,27.976308,172.00592999999998,76.003967,0.02369200000000049,-0.005929999999978008,-0.00396700000000294,0.024742935415988657,0.0
2919.0,28.0,184.0,76.0,28.0,184.0,76.0,27.974724000000002,184.00613399999997,76.00267099999999,0.025275999999998078,-0.006133999999974549,-0.0026709999999923184,0.026146440924140125,0.0
2920.0,84.0,200.0,76.0,84.0,200.0,76.0,83.978044,200.00937399999998,75.997359,0.021956000000002973,-0.009373999999979787,0.002640999999997007,0.02401900691118881,0.0
2921.0,144.0,224.0,76.0,144.0,224.0,76.0,143.980696,224.012962,75.990927,0.019304000000005317,-0.012961999999987484,0.009073000000000775,0.02495951099280382,0.0
2922.0,40.0,32.0,80.0,40.0,32.0,80.0,39.995916,32.003674,80.01827899999999,0.004083999999998866,-0.0036739999999966244,-0.018278999999992607,0.0190866228809524,0.0
2923.0,44.0,36.0,80.0,44.0,36.0,80.0,43.995776,36.00395399999999,80.017591,0.004224000000000672,-0.00395399999999313,-0.017590999999995915,0.01851808772524333,0.0
2924.0,40.0,48.0,80.0,40.0,48.0,80.0,39.993804000000004,48.00394599999999,80.01655099999999,0.006195999999995649,-0.0039459999999920115,-0.016550999999992655,0.018107924591173885,0.0
2925.0,84.0,64.0,80.0,84.0,64.0,80.0,83.99596,64.00654999999999,80.012007,0.004040000000003374,-0.006549999999990064,-0.012006999999996992,0.01426156194109975,0.0
2926.0,96.0,64.0,80.0,96.0,64.0,80.0,95.99712399999999,64.00718599999999,80.011239,0.0028760000000147556,-0.007185999999990145,-0.01123900000000333,0.013646431511571737,0.0
2927.0,8.0,88.0,80.0,8.0,88.0,80.0,7.9854199999999995,88.00293,80.014279,0.014580000000000481,-0.0029300000000063164,-0.014279000000001929,0.0206167684422197,0.0
2928.0,228.0,128.0,80.0,228.0,128.0,80.0,228.00148000000002,128.01526999999996,79.995879,-0.0014800000000150249,-0.015269999999958372,0.004120999999997821,0.01588540024672829,0.0
2929.0,4.0,140.0,80.0,4.0,140.0,80.0,3.9781680000000006,140.00360199999997,80.00891899999999,0.021831999999999407,-0.0036019999999723495,-0.008918999999991684,0.023857057425416626,0.0
2930.0,212.0,172.0,80.0,212.0,172.0,80.0,211.99412,172.01516999999996,79.99215099999999,0.0058799999999905594,-0.015169999999955053,0.007849000000007322,0.01806405549699846,0.0
2931.0,148.0,232.0,80.0,148.0,232.0,80.0,147.979992,232.01279799999998,79.989767,0.020007999999990034,-0.012797999999975218,0.010232999999999493,0.025861615514096496,0.0
2932.0,40.0,236.0,80.0,40.0,236.0,80.0,39.968988,236.00714199999996,79.996247,0.03101199999999693,-0.0071419999999591255,0.003753000000003226,0.03204430241086939,0.0
2933.0,100.0,56.0,84.0,100.0,56.0,84.0,99.998532,56.00675,84.01180699999999,0.0014680000000026894,-0.006749999999996703,-0.011806999999990353,0.013679282620069504,0.0
2934.0,236.0,88.0,84.0,236.0,88.0,84.0,236.00750000000002,88.01450200000001,83.999647,-0.0075000000000216005,-0.014502000000007342,0.0003530000000040445,0.016330419866021198,0.0
2935.0,24.0,164.0,84.0,24.0,164.0,84.0,23.976904,164.00455799999997,84.00500699999999,0.023095999999998895,-0.004557999999974527,-0.00500699999999199,0.024068041652773424,0.0
2936.0,208.0,188.0,84.0,208.0,188.0,84.0,207.99158400000002,188.014718,83.990639,0.00841599999998266,-0.014717999999987796,0.009360999999998398,0.019366902204516832,0.0
2937.0,208.0,208.0,84.0,208.0,208.0,84.0,207.988944,208.01505799999998,83.988479,0.011055999999996402,-0.01505799999998203,0.01152100000000189,0.021947937055664772,0.0
2938.0,148.0,216.0,84.0,148.0,216.0,84.0,147.982068,216.01201399999997,83.991455,0.017932000000001835,-0.012013999999965108,0.008544999999998026,0.023214431825896446,0.0
2939.0,108.0,236.0,84.0,108.0,236.0,84.0,107.97554799999999,236.01023399999997,83.991855,0.0244520000000108,-0.010233999999968546,0.008144999999998959,0.027730418045890822,0.0
2940.0,212.0,20.0,88.0,212.0,20.0,88.0,212.014112,20.011561999999998,88.008487,-0.014112000000011449,-0.011561999999997852,-0.008487000000002354,0.020121072461484587,0.0
2941.0,100.0,28.0,88.0,100.0,28.0,88.0,100.00219199999998,28.005761999999997,88.014791,-0.0021919999999795436,-0.005761999999997158,-0.014791000000002441,0.016024331156087288,0.0
2942.0,132.0,44.0,88.0,132.0,44.0,88.0,132.003184,44.007729999999995,88.011015,-0.0031840000000045166,-0.00772999999999513,-0.011015000000000441,0.013828267461976688,0.0
2943.0,92.0,60.0,88.0,92.0,60.0,88.0,91.997192,60.00588199999999,88.011847,0.002808000000001698,-0.005881999999992615,-0.01184700000000305,0.013521619614528243,0.0
2944.0,104.0,68.0,88.0,104.0,68.0,88.0,103.99729999999998,68.006654,88.010215,0.0027000000000185764,-0.006653999999997495,-0.010215000000002306,0.012486470317912668,0.0
2945.0,132.0,224.0,88.0,132.0,224.0,88.0,131.979424,224.01078999999996,87.991575,0.02057600000000548,-0.010789999999957445,0.00842500000000257,0.02471389287423878,0.0
2946.0,32.0,16.0,92.0,32.0,16.0,92.0,31.997144000000006,16.001441999999997,92.020399,0.0028559999999941965,-0.0014419999999972788,-0.020398999999997613,0.020648372841458033,0.0
2947.0,120.0,112.0,92.0,120.0,112.0,92.0,119.99300799999999,112.007738,92.00439899999999,0.006992000000010989,-0.007738000000003353,-0.00439899999999227,0.011318829842352857,0.0
2948.0,232.0,128.0,92.0,232.0,128.0,92.0,232.00176,128.01394599999998,91.995503,-0.0017599999999902138,-0.013945999999975811,0.004497000000000639,0.014758439111210123,0.0
2949.0,80.0,168.0,92.0,80.0,168.0,92.0,79.981736,168.00656999999998,92.000911,0.018264000000002056,-0.006569999999982201,-0.0009110000000021046,0.01943112238137172,0.0
2950.0,224.0,172.0,92.0,224.0,172.0,92.0,223.995176,172.01426999999998,91.991263,0.004824000000013484,-0.01426999999998202,0.008736999999996442,0.01741376021999714,0.0
2951.0,212.0,12.0,96.0,212.0,12.0,96.0,212.015096,12.010402,96.009271,-0.015095999999999776,-0.010401999999999134,-0.009270999999998253,0.020543667175067427,0.0
2952.0,116.0,36.0,96.0,116.0,36.0,96.0,116.00261599999999,36.005722,96.012823,-0.0026159999999890715,-0.005721999999998673,-0.012822999999997364,0.014283349362102014,0.0
2953.0,80.0,164.0,96.0,80.0,164.0,96.0,79.98222799999999,164.00598999999997,96.001303,0.017772000000007893,-0.0059899999999686315,-0.0013029999999929487,0.018799518424680094,0.0
2954.0,96.0,168.0,96.0,96.0,168.0,96.0,95.98325199999998,168.00690599999996,95.999847,0.01674800000002108,-0.006905999999958112,0.0001529999999974052,0.018116615274386294,0.0
2955.0,24.0,16.0,100.0,24.0,16.0,100.0,23.996295999999997,15.999994,100.020831,0.003704000000002594,6.000000000838668e-06,-0.020831000000001154,0.021157745933819777,0.0
2956.0,148.0,72.0,100.0,148.0,72.0,100.0,148.000932,72.007518,100.006847,-0.0009320000000059281,-0.007518000000004577,-0.006846999999993386,0.010211285766248504,0.0
2957.0,100.0,148.0,100.0,100.0,148.0,100.0,99.98624399999999,148.00626599999998,100.001711,0.013756000000014978,-0.006265999999982341,-0.00171100000000024,0.01521242298255579,0.0
2958.0,72.0,228.0,100.0,72.0,228.0,100.0,71.972968,228.00614199999998,99.994863,0.027032000000005496,-0.006141999999982772,0.005137000000004832,0.028192941616655316,0.0
2959.0,116.0,48.0,104.0,116.0,48.0,104.0,116.00095999999999,48.004901999999994,104.011447,-0.0009599999999920783,-0.004901999999994189,-0.011447000000003982,0.012489396022226975,0.0
2960.0,180.0,72.0,104.0,180.0,72.0,104.0,180.00400000000002,72.008702,104.00475899999999,-0.004000000000019099,-0.008701999999999543,-0.004758999999992852,0.010694525936201044,0.0
2961.0,4.0,200.0,104.0,4.0,200.0,104.0,3.9700320000000002,200.00154999999995,104.002199,0.029967999999999773,-0.0015499999999519787,-0.002199000000004503,0.03008852148245004,0.0
2962.0,80.0,236.0,104.0,80.0,236.0,104.0,79.972652,236.00618999999995,103.993447,0.02734800000000348,-0.006189999999946849,0.0065529999999967,0.02879532970812262,0.0
2963.0,40.0,8.0,108.0,40.0,8.0,108.0,39.99883200000001,7.999682,108.020591,0.0011679999999927304,0.00031800000000004047,-0.02059099999999603,0.020626551553757585,0.0
2964.0,168.0,24.0,108.0,168.0,24.0,108.0,168.00913600000004,24.006738,108.010671,-0.009136000000040667,-0.0067379999999985785,-0.010671000000002095,0.015580031482662949,0.0
2965.0,140.0,56.0,108.0,140.0,56.0,108.0,140.002196,56.00579799999999,108.009007,-0.0021959999999978663,-0.005797999999991532,-0.009006999999996879,0.010934590481578915,0.0
2966.0,140.0,72.0,108.0,140.0,72.0,108.0,140.00008400000002,72.00607,108.007279,-8.400000001529406e-05,-0.006069999999994025,-0.007278999999996927,0.009478174771541475,0.0
2967.0,124.0,124.0,108.0,124.0,124.0,108.0,123.99166799999999,124.006106,108.002687,0.008332000000009998,-0.006106000000002609,-0.002686999999994555,0.01067358557375024,0.0
2968.0,116.0,200.0,108.0,116.0,200.0,108.0,115.98085999999999,200.00697399999999,107.994991,0.019140000000007262,-0.006973999999985381,0.005009000000001151,0.020977758626699983,0.0
2969.0,160.0,32.0,112.0,160.0,32.0,112.0,160.007268,32.00593799999999,112.010279,-0.007268000000010488,-0.0059379999999933375,-0.01027899999999704,0.013919105898009846,0.0
2970.0,36.0,40.0,112.0,36.0,40.0,112.0,35.994184000000004,39.99950199999999,112.017351,0.0058159999999958245,0.0004980000000074369,-0.017351000000005,0.01830658518129835,0.0
2971.0,144.0,56.0,112.0,144.0,56.0,112.0,144.002548,56.005497999999996,112.008711,-0.0025479999999902248,-0.005497999999995784,-0.008711000000005242,0.010611400897148083,0.0
2972.0,176.0,96.0,112.0,176.0,96.0,112.0,176.000372,96.007874,112.002343,-0.0003719999999987067,-0.007874000000001047,-0.0023429999999962092,0.008223618972204255,0.0
2973.0,232.0,104.0,112.0,232.0,104.0,112.0,232.004748,104.010978,111.997895,-0.004748000000006414,-0.010977999999994381,0.0021050000000002456,0.012144587806917885,0.0
2974.0,120.0,124.0,112.0,120.0,124.0,112.0,119.991244,124.005382,112.002903,0.008756000000005315,-0.005381999999997333,-0.0029030000000034306,0.010679928323733465,0.0
2975.0,120.0,220.0,112.0,120.0,220.0,112.0,119.978572,220.007014,111.992535,0.021428000000000225,-0.007013999999998077,0.00746499999999628,0.023750402207119086,0.0
2976.0,32.0,52.0,116.0,32.0,52.0,116.0,31.992176,51.99898199999999,116.016271,0.007823999999999387,0.0010180000000090672,-0.016271000000003255,0.018083051208247873,0.0
2977.0,132.0,56.0,116.0,132.0,56.0,116.0,132.00134799999998,56.004349999999995,116.009439,-0.0013479999999788106,-0.004349999999995191,-0.00943900000000042,0.010480187259773031,0.0
2978.0,144.0,68.0,116.0,144.0,68.0,116.0,144.00092800000002,68.00519,116.007375,-0.0009280000000160271,-0.005189999999998918,-0.007374999999996135,0.009065754739676201,0.0
2979.0,12.0,92.0,116.0,12.0,92.0,116.0,11.984956,91.99860199999999,116.013231,0.015043999999999613,0.0013980000000088921,-0.013231000000004656,0.020083219388338524,0.0
2980.0,192.0,104.0,116.0,192.0,104.0,116.0,192.000832,104.008346,116.000415,-0.0008320000000026084,-0.008346000000003073,-0.00041500000000382897,0.008397628534298169,0.0
2981.0,228.0,108.0,116.0,228.0,108.0,116.0,228.00379600000002,108.010322,115.997679,-0.003796000000022559,-0.010322000000002163,0.0023209999999949105,0.011240121929952196,0.0
2982.0,96.0,132.0,116.0,96.0,132.0,116.0,95.98782399999999,132.00373399999998,116.003535,0.012176000000010845,-0.003733999999980142,-0.0035349999999993997,0.013217184155489078,0.0
2983.0,92.0,192.0,116.0,92.0,192.0,116.0,91.979516,192.004542,115.997311,0.020483999999996172,-0.004541999999986501,0.002689000000003716,0.021153126033750677,0.0
2984.0,148.0,200.0,116.0,148.0,200.0,116.0,147.983892,200.00764599999997,115.992863,0.016108000000002676,-0.007645999999965625,0.007137000000000171,0.019205877980440336,0.0
2985.0,68.0,16.0,120.0,68.0,16.0,120.0,68.000384,15.999766,120.017815,-0.0003839999999968313,0.00023400000000073362,-0.017814999999998804,0.017820674426069157,0.0
2986.0,184.0,20.0,120.0,184.0,20.0,120.0,184.011108,20.005982,120.009959,-0.011108000000007223,-0.005981999999999488,-0.009958999999994944,0.016073383868994533,0.0
2987.0,136.0,52.0,120.0,136.0,52.0,120.0,136.002228,52.00398199999999,120.009575,-0.0022280000000023392,-0.003981999999993491,-0.009574999999998113,0.010606645699745157,0.0
2988.0,160.0,52.0,120.0,160.0,52.0,120.0,160.004556,52.005253999999994,120.008039,-0.004556000000007998,-0.005253999999993653,-0.008038999999996577,0.010629542464280913,0.0
2989.0,116.0,72.0,120.0,112.0,76.0,120.0,111.996732,76.003118,120.00851899999999,4.003268000000006,-4.003118000000001,-0.008518999999992616,5.661376243910049,5.656854249492381
2990.0,208.0,220.0,120.0,208.0,220.0,120.0,207.987036,220.010654,119.986823,0.012964000000010856,-0.010653999999988173,0.013176999999998884,0.02133556516711006,0.0
2991.0,172.0,40.0,124.0,172.0,40.0,124.0,172.007268,40.00517399999999,124.008527,-0.007268000000010488,-0.005173999999989576,-0.00852700000000084,0.012341143747645876,0.0
2992.0,144.0,44.0,124.0,144.0,44.0,124.0,144.00402400000002,44.00375799999999,124.00988699999999,-0.004024000000015349,-0.003757999999990602,-0.009886999999991986,0.011316709283174787,0.0
2993.0,168.0,48.0,124.0,168.0,48.0,124.0,168.00582400000002,48.00509799999999,124.007919,-0.005824000000018259,-0.005097999999989611,-0.00791900000000112,0.011073352744319332,0.0
2994.0,72.0,64.0,124.0,72.0,64.0,124.0,71.9944,64.000282,124.012335,0.00560000000000116,-0.0002819999999985612,-0.012334999999993101,0.013549603278319333,0.0
2995.0,192.0,144.0,124.0,192.0,144.0,124.0,191.99548,144.00800199999998,123.996015,0.004520000000013624,-0.008001999999976306,0.003985000000000127,0.010017116800743863,0.0
2996.0,156.0,212.0,124.0,156.0,212.0,124.0,155.983012,212.00724999999997,123.990975,0.016987999999997783,-0.007249999999970669,0.009024999999994066,0.020557365322418926,0.0
2997.0,44.0,20.0,128.0,44.0,20.0,128.0,43.99745600000001,19.997538,128.018839,0.0025439999999932184,0.0024620000000012965,-0.01883900000001404,0.019168758462678296,0.0
2998.0,168.0,44.0,128.0,168.0,44.0,128.0,168.00631600000003,44.00451799999999,128.008311,-0.006316000000026634,-0.004517999999990252,-0.008310999999991964,0.011374396731260731,0.0
2999.0,28.0,68.0,128.0,28.0,68.0,128.0,27.989568,67.997506,128.014679,0.010432000000001551,0.002493999999998664,-0.014679000000000997,0.01818020079647238,0.0
3000.0,4.0,104.0,128.0,4.0,104.0,128.0,3.9824880000000005,103.99684599999999,128.012327,0.017511999999999528,0.003154000000009205,-0.012326999999999089,0.021646542195002394,0.0
3001.0,100.0,112.0,128.0,100.0,112.0,128.0,99.99074399999998,112.00206999999999,128.00531900000001,0.009256000000021913,-0.002069999999989136,-0.0053190000000142845,0.010874290643555223,0.0
3002.0,96.0,116.0,128.0,96.0,116.0,128.0,95.98982799999999,116.001926,128.005143,0.010172000000011394,-0.0019259999999974298,-0.0051430000000038945,0.011559823052290289,0.0
3003.0,156.0,208.0,128.0,156.0,208.0,128.0,155.983504,208.00666999999999,127.991367,0.016495999999989408,-0.006669999999985521,0.008633000000003221,0.01977714855583365,0.0
3004.0,152.0,212.0,128.0,152.0,212.0,128.0,151.98258800000002,212.00652599999998,127.991191,0.01741199999997889,-0.006525999999979604,0.0088089999999994,0.020575832935727973,0.0
3005.0,176.0,24.0,132.0,176.0,24.0,132.0,176.00969600000002,24.004089999999998,132.009919,-0.009696000000019467,-0.004089999999997929,-0.009918999999996458,0.01446122667688638,0.0
3006.0,100.0,172.0,132.0,100.0,172.0,132.0,99.98278799999999,172.00257799999997,131.998799,0.017212000000014882,-0.0025779999999713255,0.0012010000000088894,0.017445384174628712,0.0
3007.0,156.0,128.0,136.0,156.0,128.0,140.0,155.993956,128.00377399999996,139.999887,0.006044000000002825,-0.003773999999964417,-3.999887000000001,3.999893346800763,4.0
3008.0,16.0,144.0,136.0,16.0,144.0,136.0,15.9783,143.99713799999998,136.007159,0.021699999999999164,0.0028620000000216805,-0.00715900000000147,0.023028945373162638,0.0
3009.0,16.0,160.0,136.0,16.0,160.0,136.0,15.976188,159.99741,136.005431,0.0238119999999995,0.0025899999999978718,-0.005430999999987307,0.02456043983726324,0.0
3010.0,28.0,28.0,140.0,28.0,28.0,140.0,27.99474,27.995289999999997,140.018879,0.00525999999999982,0.0047100000000028786,-0.018878999999998314,0.020156099349823653,0.0
3011.0,96.0,92.0,140.0,96.0,92.0,140.0,95.99288799999998,91.99998199999999,140.007615,0.007112000000020657,1.8000000011397788e-05,-0.007614999999987049,0.010419649370304982,0.0
3012.0,20.0,96.0,140.0,20.0,96.0,140.0,19.984988000000005,95.996022,140.012047,0.01501199999999514,0.00397800000000359,-0.012046999999995478,0.019654893461928856,0.0
3013.0,56.0,116.0,140.0,56.0,116.0,140.0,55.985839999999996,115.99826999999999,140.007583,0.014160000000003947,0.0017300000000091131,-0.007583000000010998,0.01615550646065638,0.0
3014.0,136.0,180.0,140.0,136.0,180.0,140.0,135.985152,180.00359799999998,139.995551,0.014848000000000638,-0.0035979999999824486,0.00444899999999393,0.01591233197868366,0.0
3015.0,132.0,8.0,144.0,132.0,8.0,144.0,132.007432,7.999949999999999,144.014343,-0.007431999999994332,5.000000000077165e-05,-0.014342999999996664,0.0161542184273898,0.0
3016.0,56.0,28.0,144.0,56.0,28.0,144.0,55.99742,27.996261999999998,144.017047,0.002580000000001803,0.0037380000000020175,-0.01704699999999093,0.017641690763634737,0.0
3017.0,68.0,56.0,144.0,68.0,56.0,144.0,67.994888,55.99737399999999,144.013255,0.005111999999996897,0.0026260000000064565,-0.013254999999986694,0.014447264273891076,0.0
3018.0,100.0,64.0,144.0,100.0,64.0,144.0,99.99693599999999,63.999206,144.010343,0.0030640000000090595,0.0007939999999990732,-0.010343000000005986,0.01081647729162216,0.0
3019.0,60.0,108.0,144.0,60.0,108.0,144.0,59.987247999999994,107.997834,144.008151,0.012752000000006092,0.0021660000000025548,-0.008150999999998021,0.015288684083338703,0.0
3020.0,56.0,112.0,144.0,56.0,112.0,144.0,55.986332,111.99768999999999,144.007975,0.013668000000002678,0.002310000000008472,-0.007974999999987631,0.0159922152624305,0.0
3021.0,16.0,132.0,144.0,16.0,132.0,144.0,15.979812,131.99590999999998,144.008375,0.020187999999999207,0.004090000000019245,-0.00837500000000091,0.022235648607588237,0.0
3022.0,184.0,184.0,144.0,184.0,184.0,144.0,183.989244,184.005698,143.992007,0.010755999999986443,-0.005697999999995318,0.007992999999999029,0.014561826430762023,0.0
3023.0,24.0,12.0,148.0,24.0,12.0,148.0,23.996391999999997,11.993782,148.020783,0.0036080000000033863,0.006218000000000501,-0.020782999999994445,0.02199123182088261,0.0
3024.0,132.0,32.0,148.0,132.0,32.0,148.0,132.004228,31.999845999999998,148.011711,-0.004228000000011889,0.00015400000000198588,-0.011710999999991145,0.012451795894564516,0.0
3025.0,64.0,36.0,148.0,64.0,36.0,148.0,63.997104,35.996309999999994,148.015631,0.0028959999999997876,0.0036900000000059663,-0.015631000000013273,0.0163196530906897,0.0
3026.0,180.0,76.0,148.0,180.0,76.0,148.0,180.00307600000002,76.00313799999999,148.003887,-0.003076000000021395,-0.0031379999999927577,-0.003886999999991758,0.005866650577631336,0.0
3027.0,12.0,88.0,148.0,12.0,88.0,148.0,11.985196,87.99443799999999,148.013343,0.014803999999999817,0.005562000000011835,-0.013342999999991889,0.020691300321630583,0.0
3028.0,116.0,172.0,148.0,116.0,172.0,148.0,115.98419599999998,172.00137799999996,147.997615,0.015804000000017027,-0.0013779999999599113,0.0023850000000038563,0.016042241894462447,0.0
3029.0,40.0,12.0,152.0,40.0,12.0,152.0,39.997908,11.994118,152.019719,0.0020919999999975403,0.005881999999999721,-0.019719000000009146,0.02068364931534924,0.0
3030.0,192.0,20.0,152.0,192.0,20.0,152.0,192.01159599999997,20.002309999999998,152.009127,-0.011595999999968853,-0.002309999999997814,-0.009127000000006547,0.014936714665527592,0.0
3031.0,140.0,44.0,152.0,140.0,44.0,152.0,140.00338399999998,43.999962,152.009863,-0.003383999999982734,3.8000000003535206e-05,-0.009862999999995736,0.010427447866079183,0.0
3032.0,80.0,56.0,152.0,80.0,56.0,152.0,79.99598,55.99698599999999,152.012407,0.004019999999997026,0.0030140000000073996,-0.01240699999999606,0.01338574783117936,0.0
3033.0,176.0,80.0,152.0,176.0,80.0,152.0,176.002124,80.00248199999999,152.003671,-0.0021240000000091186,-0.0024819999999863285,-0.0036709999999970933,0.004914055453487428,0.0
3034.0,40.0,8.0,156.0,40.0,8.0,156.0,39.998400000000004,7.993537999999999,156.020111,0.001599999999996271,0.006462000000000856,-0.0201110000000142,0.021184186673095816,0.0
3035.0,52.0,8.0,156.0,52.0,8.0,156.0,51.999564,7.994173999999999,156.019343,0.00043600000000054706,0.005826000000000775,-0.019342999999992116,0.02020603922097808,0.0
3036.0,160.0,116.0,156.0,160.0,116.0,156.0,159.99578400000001,116.00173399999998,156.000767,0.004215999999985343,-0.0017339999999848033,-0.0007669999999961874,0.004622737392478385,0.0
3037.0,180.0,188.0,156.0,180.0,188.0,156.0,179.98822,188.00401799999997,155.991711,0.011779999999987467,-0.004017999999973654,0.008288999999990665,0.014953937441334247,0.0
3038.0,56.0,8.0,160.0,56.0,8.0,160.0,55.999916,7.993873999999999,160.019047,8.400000000108321e-05,0.006126000000000964,-0.01904700000000048,0.0200080768940953,0.0
3039.0,120.0,20.0,160.0,120.0,20.0,160.0,120.00453999999999,19.99747,160.013655,-0.004539999999991551,0.0025300000000001432,-0.013654999999999973,0.0146106647692678,0.0
3040.0,140.0,52.0,160.0,140.0,52.0,160.0,140.002256,51.99907399999999,160.008919,-0.0022559999999884894,0.0009260000000068658,-0.008918999999991684,0.009246381616600756,0.0
3041.0,120.0,72.0,160.0,120.0,72.0,160.0,119.99767599999998,71.99835399999999,160.008039,0.002324000000015758,0.00164600000000803,-0.008038999999996577,0.008528529357400644,0.0
3042.0,196.0,92.0,160.0,196.0,92.0,160.0,196.002408,92.00272199999999,160.001015,-0.0024080000000026303,-0.0027219999999914535,-0.0010149999999953252,0.0037733238662956896,0.0
3043.0,24.0,116.0,160.0,24.0,116.0,160.0,23.982556,115.99401399999999,160.009431,0.017444000000001125,0.005986000000007152,-0.009431000000006406,0.020713983030799406,0.0
3044.0,232.0,116.0,160.0,232.0,116.0,160.0,232.002732,116.00503799999998,159.996119,-0.0027320000000088385,-0.005037999999984777,0.0038810000000069067,0.006921519269636437,0.0
3045.0,124.0,172.0,160.0,124.0,172.0,160.0,123.98486399999999,172.00026599999998,159.996983,0.015136000000012473,-0.0002659999999821139,0.0030169999999998254,0.015436046806108324,0.0
3046.0,120.0,232.0,160.0,120.0,232.0,160.0,119.97655599999999,232.001074,159.990759,0.02344400000001201,-0.001073999999988473,0.009241000000002941,0.025222424407669315,0.0
3047.0,60.0,8.0,164.0,60.0,8.0,164.0,60.000268000000005,7.993574000000001,164.018751,-0.00026800000000548607,0.006425999999999377,-0.018751000000008844,0.01982335241578292,0.0
3048.0,128.0,20.0,164.0,128.0,20.0,164.0,128.00528,19.997381999999998,164.013103,-0.005279999999999063,0.0026180000000017856,-0.013103000000000975,0.014367356507027484,0.0
3049.0,196.0,40.0,164.0,196.0,40.0,164.0,196.00923600000002,40.00132599999999,164.00659100000001,-0.009236000000015565,-0.0013259999999917227,-0.006591000000014446,0.011423802037870578,0.0
3050.0,108.0,184.0,164.0,108.0,184.0,164.0,107.981692,183.99910999999997,163.996671,0.018308000000004654,0.0008900000000267028,0.003329000000007909,0.018629471409577637,0.0
3051.0,144.0,192.0,164.0,144.0,192.0,164.0,143.98412800000003,192.00115399999996,163.993503,0.01587199999997324,-0.0011539999999570227,0.006496999999995978,0.01718904037458168,0.0
3052.0,188.0,8.0,168.0,188.0,8.0,168.0,188.012648,7.999846,168.010519,-0.012648000000012871,0.00015400000000020952,-0.010518999999987955,0.01645129116513571,0.0
3053.0,184.0,40.0,168.0,184.0,40.0,168.0,184.00803600000003,40.00017799999999,168.007319,-0.008036000000032573,-0.0001779999999911297,-0.0073189999999954125,0.010870912611204875,0.0
3054.0,188.0,44.0,168.0,188.0,44.0,168.0,188.00789600000002,44.000457999999995,168.006631,-0.007896000000016556,-0.0004579999999947404,-0.006630999999998721,0.010321179244652217,0.0
3055.0,4.0,56.0,168.0,4.0,56.0,168.0,3.9884640000000005,55.99090999999999,168.017111,0.011535999999999547,0.009090000000007592,-0.017110999999999876,0.02254980525415072,0.0
3056.0,204.0,92.0,168.0,204.0,92.0,168.0,204.00311200000002,92.002122,168.000423,-0.003112000000015769,-0.0021219999999999573,-0.0004230000000120526,0.0037902977455746348,0.0
3057.0,188.0,104.0,168.0,188.0,104.0,168.0,187.99997600000003,104.001478,168.000151,2.3999999967827534e-05,-0.0014780000000058635,-0.00015099999998824387,0.0014858872770207832,0.0
3058.0,68.0,124.0,168.0,68.0,124.0,168.0,67.98569599999999,123.995458,168.005671,0.014304000000009864,0.004542000000000712,-0.005671000000006643,0.01604351647863909,0.0
3059.0,60.0,156.0,168.0,64.0,152.0,168.0,63.981612000000005,151.995722,168.002903,-3.9816120000000055,4.004277999999999,-0.0029030000000034306,5.64690046372672,5.656854249492381
3060.0,48.0,216.0,168.0,48.0,216.0,168.0,47.971612,215.995962,167.997015,0.028387999999999636,0.004038000000008424,0.0029849999999953525,0.028828704670866144,0.0
3061.0,236.0,8.0,172.0,236.0,8.0,172.0,236.017268,8.001878,172.007407,-0.017268000000001393,-0.0018779999999996022,-0.0074070000000006075,0.018883176560103854,0.0
3062.0,8.0,20.0,172.0,8.0,20.0,172.0,7.993568,19.989998,172.020703,0.006432000000000215,0.010002000000000066,-0.020702999999997473,0.02387519292068442,0.0
3063.0,204.0,20.0,172.0,204.0,20.0,172.0,204.01257999999999,20.000386,172.008159,-0.012579999999985603,-0.00038599999999888723,-0.008159000000006245,0.014999155876239796,0.0
3064.0,188.0,40.0,172.0,188.0,40.0,172.0,188.008388,39.999877999999995,172.007023,-0.00838799999999651,0.00012200000000461841,-0.007023000000003776,0.010940564747763053,0.0
3065.0,72.0,52.0,172.0,72.0,52.0,172.0,71.995552,51.993933999999996,172.013151,0.004447999999996455,0.006066000000004124,-0.013150999999993473,0.0151502429353409,0.0
3066.0,44.0,72.0,172.0,44.0,72.0,172.0,43.990196000000005,71.99279,172.012783,0.009803999999995483,0.007210000000000605,-0.01278300000001309,0.017649578040289087,0.0
3067.0,216.0,76.0,172.0,216.0,76.0,172.0,216.006352,76.001974,172.001343,-0.006351999999992586,-0.001974000000004139,-0.0013429999999914344,0.006785884540713844,0.0
3068.0,156.0,104.0,172.0,156.0,104.0,172.0,155.996836,103.99927000000001,172.002159,0.0031639999999981683,0.0007299999999901274,-0.0021590000000060172,0.0038993687950744,0.0
3069.0,140.0,112.0,172.0,140.0,112.0,172.0,139.994228,111.998558,172.002319,0.005772000000007438,0.0014419999999972788,-0.00231899999999996,0.0063853824474402335,0.0
3070.0,48.0,212.0,172.0,48.0,212.0,172.0,47.972104,211.99538199999998,171.997407,0.027895999999998367,0.004618000000021993,0.0025929999999902975,0.02839430205164518,0.0
3071.0,144.0,212.0,172.0,144.0,212.0,172.0,143.981416,212.00046999999998,171.991263,0.018584000000004153,-0.00046999999997865416,0.008736999999996442,0.020540718706999327,0.0
3072.0,68.0,32.0,176.0,68.0,32.0,176.0,67.99776800000001,31.99287,176.015527,0.00223199999999224,0.007130000000000081,-0.01552699999999163,0.01723097365210993,0.0
3073.0,84.0,32.0,176.0,84.0,32.0,176.0,83.99932000000001,31.993717999999998,176.014503,0.0006799999999884676,0.006282000000002341,-0.014502999999990607,0.015819700787301296,0.0
3074.0,28.0,76.0,176.0,28.0,76.0,176.0,27.98808,75.991498,176.013335,0.01191999999999993,0.008501999999992904,-0.013335000000012087,0.019803853892618982,0.0
3075.0,160.0,108.0,176.0,160.0,108.0,176.0,159.99666000000002,107.999038,176.001431,0.0033399999999801366,0.0009620000000012396,-0.0014309999999966294,0.0037588302701585304,0.0
3076.0,124.0,184.0,176.0,124.0,184.0,176.0,123.983136,183.99842199999998,175.995527,0.016863999999998214,0.001578000000023394,0.004472999999990179,0.01751834207337914,0.0
3077.0,144.0,216.0,176.0,144.0,216.0,176.0,143.980852,216.000026,175.990791,0.019148000000001275,-2.599999999119973e-05,0.009208999999998468,0.0212474059828493,0.0
3078.0,124.0,228.0,176.0,124.0,228.0,176.0,123.977328,227.99917,175.990775,0.022672000000000025,0.0008300000000076579,0.009224999999986494,0.02449100057163375,0.0
3079.0,228.0,32.0,180.0,228.0,32.0,184.0,228.01321600000003,32.000326,184.005207,-0.013216000000028316,-0.0003260000000011587,-4.005207000000013,4.005228817655879,4.0
3080.0,80.0,40.0,180.0,80.0,40.0,180.0,79.99784,39.993129999999994,180.013855,0.0021600000000034925,0.006870000000006371,-0.013855000000006612,0.015614849502966266,0.0
3081.0,192.0,56.0,180.0,192.0,60.0,180.0,192.00606399999998,59.99940599999999,180.004527,-0.0060639999999807515,-3.9994059999999934,-0.004526999999995951,3.9994131592848654,4.0
3082.0,236.0,60.0,180.0,236.0,60.0,180.0,236.010332,60.00173799999999,180.001711,-0.010332000000005337,-0.001737999999988915,-0.00171100000000024,0.010615949745551388,0.0
3083.0,104.0,100.0,180.0,104.0,100.0,180.0,103.99224799999999,99.995422,180.005839,0.007752000000010639,0.004577999999995086,-0.005839000000008809,0.010730587542172276,0.0
3084.0,76.0,164.0,180.0,76.0,164.0,180.0,75.981084,163.99502599999997,180.000719,0.018916000000004374,0.0049740000000326745,-0.0007190000000036889,0.019572242922069404,0.0
3085.0,100.0,172.0,180.0,100.0,172.0,180.0,99.98235599999998,171.99643399999997,179.998319,0.017644000000018423,0.003566000000034819,0.0016809999999907177,0.01807907223838843,0.0
3086.0,220.0,20.0,184.0,220.0,20.0,184.0,220.014024,19.999698,184.007015,-0.014024000000006254,0.00030200000000135674,-0.007014999999995553,0.01568355842913571,0.0
3087.0,84.0,40.0,184.0,84.0,40.0,184.0,83.998192,39.99282999999999,184.01355900000001,0.0018079999999969232,0.0071700000000092246,-0.013559000000014976,0.015444230152407314,0.0
3088.0,116.0,92.0,184.0,116.0,92.0,184.0,115.99443199999999,91.99541,184.005895,0.0055680000000108976,0.004589999999993211,-0.0058950000000095315,0.009317818897154603,0.0
3089.0,68.0,168.0,184.0,68.0,168.0,184.0,67.979744,167.99415799999997,184.000759,0.020256000000003382,0.005842000000029657,-0.0007589999999879637,0.021095273902001492,0.0
3090.0,196.0,192.0,184.0,196.0,192.0,184.0,195.98899200000002,192.00134999999997,183.98997500000002,0.011007999999975482,-0.001349999999973761,0.01002499999998463,0.0149498892637732,0.0
3091.0,176.0,196.0,184.0,176.0,196.0,184.0,175.98652400000003,196.00035799999998,183.990823,0.013475999999968735,-0.0003579999999772099,0.009176999999993996,0.01630791430560729,0.0
3092.0,8.0,44.0,188.0,8.0,44.0,188.0,7.990256,43.98835799999999,188.017951,0.009744000000000419,0.011642000000009034,-0.01795100000001071,0.02351000002128037,0.0
3093.0,92.0,44.0,188.0,92.0,44.0,188.0,91.998404,43.99280999999999,188.012575,0.00159600000000637,0.007190000000008467,-0.012574999999998226,0.01457305530765932,0.0
3094.0,140.0,112.0,188.0,140.0,112.0,188.0,139.99408400000002,111.99651,188.002159,0.005915999999984933,0.003489999999999327,-0.0021590000000060172,0.007200030347147366,0.0
3095.0,144.0,116.0,188.0,144.0,116.0,188.0,143.99394400000003,115.99679,188.001471,0.006055999999972528,0.0032099999999957163,-0.001471000000009326,0.0070102123362753566,0.0
3096.0,148.0,120.0,188.0,148.0,120.0,188.0,147.993804,119.99707,188.000783,0.006195999999988544,0.0029300000000063164,-0.0007830000000126347,0.006898434967433906,0.0
3097.0,152.0,144.0,188.0,152.0,144.0,188.0,151.991024,143.99768999999998,187.997935,0.008975999999989881,0.002310000000022683,0.002064999999987549,0.009495730672248015,0.0
3098.0,60.0,148.0,188.0,60.0,148.0,188.0,59.981572,147.99288199999998,188.003391,0.01842800000000011,0.00711800000001972,-0.0033909999999934826,0.020043851650824014,0.0
3099.0,208.0,184.0,188.0,208.0,184.0,188.0,207.991176,184.00133799999998,187.990031,0.008824000000004162,-0.0013379999999756365,0.009969000000012329,0.01338036550323847,0.0
3100.0,148.0,200.0,188.0,148.0,200.0,188.0,147.983244,199.99842999999996,187.992143,0.01675599999998667,0.001570000000043592,0.007857000000001335,0.018573122650747537,0.0
3101.0,172.0,204.0,188.0,172.0,204.0,188.0,171.98504400000002,203.99976999999996,187.990175,0.01495599999998376,0.00023000000004458343,0.009825000000006412,0.017895962142328664,0.0
3102.0,96.0,236.0,188.0,96.0,236.0,188.0,95.97344799999998,235.99628599999997,187.991583,0.026552000000023668,0.0037140000000306372,0.008417000000008557,0.028100683070018572,0.0
3103.0,144.0,12.0,192.0,144.0,12.0,192.0,144.007636,11.99451,192.012663,-0.007635999999990872,0.005489999999999995,-0.012663000000003422,0.015773400552827763,0.0
3104.0,40.0,16.0,192.0,40.0,16.0,192.0,39.997020000000006,15.989066000000001,192.018887,0.0029799999999937654,0.010933999999998889,-0.018887000000006537,0.022026155474802803,0.0
3105.0,140.0,16.0,192.0,140.0,16.0,192.0,140.00671999999997,15.994366,192.012487,-0.00671999999997297,0.005634000000000583,-0.012486999999993031,0.015258621333510745,0.0
3106.0,72.0,140.0,192.0,72.0,140.0,192.0,71.983756,139.99286999999998,192.003447,0.01624400000000037,0.007130000000017844,-0.0034469999999942047,0.018071697346962918,0.0
3107.0,44.0,160.0,192.0,44.0,160.0,192.0,43.9784,159.99172599999997,192.003079,0.021599999999999397,0.008274000000028536,-0.0030790000000138207,0.02333450914419524,0.0
3108.0,108.0,232.0,192.0,108.0,232.0,192.0,107.97510399999999,231.99634199999997,191.991207,0.024896000000012464,0.003658000000029915,0.008792999999997164,0.02665536773336263,0.0
3109.0,136.0,236.0,192.0,136.0,236.0,192.0,135.977292,235.99789399999997,191.988983,0.0227079999999944,0.0021060000000261425,0.011017000000009602,0.025327115686553558,0.0
3110.0,100.0,24.0,196.0,100.0,24.0,196.0,100.00174799999999,23.99187,196.014143,-0.0017479999999920892,0.008130000000001303,-0.014142999999990025,0.01640661003985014,0.0
3111.0,212.0,96.0,196.0,212.0,96.0,196.0,212.003108,95.99903,195.999199,-0.003107999999997446,0.0009699999999952524,0.0008009999999956108,0.0033529337899767544,0.0
3112.0,36.0,164.0,196.0,36.0,164.0,196.0,35.97706,163.99085799999997,196.003119,0.022939999999998406,0.009142000000025519,-0.0031189999999980955,0.024890719656136533,0.0
3113.0,228.0,180.0,196.0,228.0,180.0,196.0,227.993572,180.00130599999997,195.989103,0.006427999999999656,-0.0013059999999711636,0.010896999999999935,0.012718861151845272,0.0
3114.0,148.0,204.0,196.0,148.0,204.0,196.0,147.982644,203.99747399999995,195.991631,0.01735600000000659,0.0025260000000457694,0.008368999999987636,0.019433259453839773,0.0
3115.0,128.0,216.0,196.0,128.0,216.0,196.0,127.97912,215.99661799999996,195.991615,0.02088000000000534,0.003382000000044627,0.008385000000004084,0.022753473339263905,0.0
3116.0,228.0,28.0,200.0,228.0,28.0,200.0,228.01360000000003,27.998209999999997,200.005479,-0.013600000000025148,0.001790000000003289,-0.005479000000008227,0.01477103723510255,0.0
3117.0,76.0,52.0,200.0,76.0,52.0,200.0,75.995688,51.990562,200.012615,0.004311999999998761,0.009438000000002944,-0.012615000000010923,0.016334240508830537,0.0
3118.0,216.0,76.0,200.0,216.0,76.0,200.0,216.0061,75.99839,200.00106300000002,-0.006100000000003547,0.0016099999999994452,-0.0010630000000162454,0.006397817518503949,0.0
3119.0,216.0,88.0,200.0,216.0,88.0,200.0,216.004516,87.998594,199.999767,-0.0045159999999953016,0.001406000000002905,0.00023300000000858745,0.004735544424875532,0.0
3120.0,152.0,136.0,200.0,152.0,136.0,200.0,151.991972,135.996018,199.998679,0.008027999999995927,0.003982000000007702,0.0013209999999901356,0.009058153730201862,0.0
3121.0,204.0,156.0,200.0,192.0,148.0,200.0,191.994268,147.99834199999998,199.994823,12.005731999999995,8.00165800000002,0.005177000000003318,14.427895148153704,14.422205101855956
3122.0,212.0,180.0,200.0,212.0,180.0,200.0,211.991984,179.999946,199.990087,0.008015999999997803,5.400000000577165e-05,0.009913000000011607,0.012748597609156684,0.0
3123.0,76.0,188.0,200.0,76.0,192.0,200.0,75.97720799999999,191.99294199999997,199.99749500000001,0.022792000000009693,-3.992941999999971,0.0025049999999851025,3.99300783440914,4.0
3124.0,116.0,224.0,200.0,116.0,224.0,200.0,115.97686399999999,223.99560599999998,199.991479,0.02313600000000804,0.004394000000019105,0.008521000000001777,0.025043745187183365,0.0
3125.0,228.0,52.0,204.0,228.0,52.0,204.0,228.01039600000001,51.99810599999999,204.002847,-0.010396000000014283,0.0018940000000071677,-0.0028470000000027085,0.010943923473797666,0.0
3126.0,208.0,84.0,204.0,208.0,84.0,204.0,208.004232,83.99759,204.000671,-0.00423200000000179,0.0024099999999975807,-0.0006710000000111904,0.00491611279366315,0.0
3127.0,172.0,100.0,204.0,172.0,100.0,204.0,171.998628,99.995954,204.001247,0.0013720000000034815,0.0040460000000024365,-0.0012470000000064374,0.004450562773408024,0.0
3128.0,168.0,104.0,204.0,168.0,104.0,204.0,167.99771200000004,103.99581,204.001071,0.0022879999999645406,0.004189999999994143,-0.0010709999999960473,0.0048926562315147575,0.0
3129.0,120.0,148.0,204.0,120.0,148.0,204.0,119.987248,147.99401399999996,203.999391,0.012752000000006092,0.005986000000035574,0.0006089999999971951,0.014100233366883609,0.0
3130.0,84.0,184.0,204.0,84.0,184.0,204.0,83.979004,183.99271799999997,203.997807,0.020995999999996684,0.007282000000031985,0.0021930000000054406,0.02233089315276822,0.0
3131.0,120.0,204.0,204.0,120.0,204.0,204.0,119.979856,203.99496599999998,203.993343,0.020144000000001938,0.005034000000023298,0.006656999999989921,0.021804530286162516,0.0
3132.0,148.0,8.0,208.0,148.0,8.0,208.0,148.008408,7.992606,208.012679,-0.008408000000002858,0.007393999999999679,-0.012678999999991447,0.016915163049755873,0.0
3133.0,140.0,44.0,208.0,140.0,44.0,208.0,140.00288,43.992793999999996,208.009303,-0.0028800000000046566,0.007206000000003598,-0.009302999999988515,0.01211472843277409,0.0
3134.0,200.0,76.0,208.0,200.0,76.0,208.0,200.004476,75.996518,208.002007,-0.004476000000011027,0.003482000000005314,-0.0020069999999918764,0.006015558910035136,0.0
3135.0,156.0,92.0,208.0,156.0,92.0,208.0,155.998096,91.994458,208.003095,0.001903999999996131,0.005542000000005487,-0.0030950000000018463,0.006627066092929624,0.0
3136.0,172.0,188.0,208.0,172.0,188.0,208.0,171.98697600000003,187.99693799999997,207.991703,0.013023999999973057,0.00306200000002832,0.008296999999998889,0.01574295490050877,0.0
3137.0,56.0,192.0,208.0,56.0,192.0,208.0,55.975196000000004,191.99085799999997,207.998695,0.02480399999999605,0.009142000000025519,0.00130500000000211,0.026467293118116103,0.0
3138.0,204.0,208.0,208.0,204.0,208.0,208.0,203.98744000000002,207.99897399999998,207.987495,0.012559999999979254,0.0010260000000243963,0.01250500000000443,0.0177533461916237,0.0
3139.0,92.0,220.0,208.0,92.0,220.0,208.0,91.974992,219.99324199999998,207.993367,0.025007999999999697,0.006758000000019138,0.006632999999993672,0.02674074264114891,0.0
3140.0,200.0,220.0,208.0,200.0,220.0,208.0,199.985468,219.99896599999997,207.986455,0.014532000000002654,0.00103400000003262,0.013544999999993479,0.01989259171148817,0.0
3141.0,136.0,24.0,212.0,136.0,24.0,212.0,136.00509600000004,23.99173,212.01167900000002,-0.005096000000037293,0.008269999999999555,-0.011679000000015094,0.015190824763676438,0.0
3142.0,16.0,28.0,212.0,16.0,28.0,212.0,15.992928000000001,27.985438,212.018927,0.007071999999999079,0.014562000000001518,-0.018926999999990812,0.02490574947677109,0.0
3143.0,36.0,48.0,212.0,36.0,48.0,212.0,35.992228000000004,47.98683799999999,212.015487,0.007771999999995671,0.013162000000008334,-0.015487000000007356,0.021759811511140897,0.0
3144.0,148.0,60.0,212.0,148.0,60.0,212.0,148.001508,59.992977999999994,212.007023,-0.001508000000001175,0.007022000000006301,-0.007023000000003776,0.010045151915234784,0.0
3145.0,72.0,68.0,212.0,72.0,68.0,212.0,71.99307999999999,67.989086,212.011023,0.006920000000008031,0.010913999999999646,-0.011022999999994454,0.01698553281472151,0.0
3146.0,172.0,80.0,212.0,172.0,80.0,212.0,172.00119600000002,79.99459,212.003327,-0.0011960000000215132,0.005409999999997694,-0.0033270000000129585,0.006462773785311749,0.0
3147.0,112.0,116.0,212.0,112.0,116.0,212.0,111.990624,115.99202199999999,212.003279,0.00937600000000316,0.007978000000008478,-0.0032789999999920383,0.01274008245656763,0.0
3148.0,172.0,132.0,212.0,172.0,132.0,212.0,171.994332,131.99547399999997,211.997711,0.0056679999999857955,0.004526000000026897,0.0022889999999904376,0.007605946423689736,0.0
3149.0,212.0,168.0,212.0,212.0,168.0,212.0,211.99346000000003,167.99820599999995,211.991263,0.006539999999972679,0.0017940000000464806,0.008736999999996442,0.011060072558520909,0.0
3150.0,108.0,196.0,212.0,108.0,196.0,212.0,107.97967599999998,195.99316999999996,211.994895,0.02032400000001644,0.006830000000036307,0.005104999999986148,0.0220403017447816,0.0
3151.0,200.0,196.0,212.0,200.0,196.0,212.0,199.98860000000002,195.99804599999996,211.98900700000002,0.011399999999980537,0.0019540000000404234,0.010992999999984931,0.015956947233082615,0.0
3152.0,108.0,8.0,216.0,108.0,8.0,216.0,108.00445599999999,7.9894620000000005,216.015159,-0.004455999999990468,0.010537999999999492,-0.015159000000011247,0.018992121024262808,0.0
3153.0,112.0,12.0,216.0,112.0,12.0,216.0,112.004316,11.989742,216.01447100000001,-0.004316000000002873,0.010258000000000322,-0.014471000000014556,0.018255526861760324,0.0
3154.0,4.0,16.0,216.0,4.0,16.0,216.0,3.9933120000000004,15.984086000000001,216.020951,0.006687999999999583,0.01591399999999865,-0.02095099999999661,0.027146438827216537,0.0
3155.0,20.0,28.0,216.0,20.0,28.0,216.0,19.99328,27.985138,216.018631,0.0067200000000013915,0.014862000000000819,-0.018630999999999176,0.024761898251144082,0.0
3156.0,16.0,32.0,216.0,16.0,32.0,216.0,15.992364,31.984993999999997,216.01845500000002,0.007635999999999754,0.015006000000003183,-0.018455000000017208,0.024981504298194835,0.0
3157.0,192.0,72.0,216.0,192.0,72.0,216.0,192.004156,71.995002,216.002871,-0.0041559999999947195,0.004998000000000502,-0.0028709999999989577,0.007105982057390459,0.0
3158.0,224.0,108.0,216.0,224.0,108.0,216.0,224.002508,107.99731,215.996935,-0.00250800000000595,0.0026900000000011914,0.003064999999992324,0.004787524308031156,0.0
3159.0,100.0,152.0,216.0,100.0,152.0,216.0,99.98467199999999,151.99148599999998,216.000119,0.015328000000010888,0.00851400000001945,-0.00011900000001219269,0.01753425051151796,0.0
3160.0,120.0,168.0,216.0,120.0,168.0,216.0,119.9845,167.99281799999997,215.997111,0.015500000000002956,0.0071820000000286655,0.0028890000000103555,0.017325629714401818,0.0
3161.0,76.0,200.0,216.0,76.0,200.0,216.0,75.97600800000001,199.99102999999997,215.996471,0.023991999999992686,0.008970000000033451,0.0035289999999861266,0.025855962658546505,0.0
3162.0,220.0,108.0,220.0,220.0,108.0,220.0,220.00208400000002,107.996586,219.997151,-0.0020840000000248438,0.0034140000000064674,0.002848999999997659,0.0049107283573961175,0.0
3163.0,124.0,168.0,220.0,124.0,168.0,220.0,123.98485199999999,167.99251799999996,219.996815,0.015148000000010597,0.007482000000038624,0.003185000000001992,0.01719262786780752,0.0
3164.0,156.0,240.0,220.0,156.0,240.0,220.0,155.978452,239.99543799999995,219.986991,0.02154799999999568,0.004562000000049693,0.013009000000010928,0.025580504862112313,0.0
3165.0,216.0,48.0,224.0,216.0,48.0,224.0,216.00958,47.99484199999999,224.003847,-0.0095799999999997,0.005158000000008656,-0.0038470000000074833,0.011540397436836443,0.0
3166.0,196.0,72.0,224.0,196.0,72.0,224.0,196.00447200000002,71.99419,224.002535,-0.004472000000021126,0.005809999999996762,-0.002534999999994625,0.007757648419471204,0.0
3167.0,24.0,88.0,224.0,24.0,88.0,224.0,23.985675999999998,87.98534599999999,224.011815,0.014324000000002002,0.014654000000007272,-0.011815000000012787,0.02365398311068503,0.0
3168.0,144.0,144.0,224.0,144.0,144.0,224.0,143.989924,143.99265799999998,223.998087,0.010075999999997975,0.007342000000022608,0.00191300000000183,0.012613100689374449,0.0
3169.0,140.0,40.0,228.0,140.0,40.0,228.0,140.003228,39.990165999999995,228.009535,-0.003228000000007114,0.009834000000005005,-0.009534999999999627,0.014072802315109,0.0
3170.0,48.0,48.0,228.0,48.0,48.0,228.0,47.993248,47.98542599999999,228.014559,0.006751999999998759,0.014574000000010301,-0.014558999999991329,0.021678456148905782,0.0
3171.0,16.0,52.0,228.0,16.0,52.0,228.0,15.989616,51.98379799999999,228.016175,0.010384000000000171,0.016202000000006933,-0.016175000000004047,0.025138871991407234,0.0
3172.0,160.0,144.0,228.0,160.0,144.0,228.0,159.99144,143.99299399999998,227.997023,0.008559999999988577,0.007006000000018275,0.002976999999987129,0.011455137057232615,0.0
3173.0,172.0,160.0,228.0,172.0,160.0,228.0,171.99049200000002,159.993902,227.994527,0.00950799999998253,0.0060980000000085965,0.005472999999994954,0.012551549585597685,0.0
3174.0,72.0,180.0,228.0,72.0,180.0,228.0,71.978152,179.98894199999998,227.99876700000002,0.02184800000000564,0.011058000000019774,0.0012329999999849406,0.02451804961657119,0.0
3175.0,40.0,12.0,232.0,40.0,12.0,232.0,39.997188,11.983878,232.018919,0.0028119999999987044,0.016121999999999304,-0.01891900000001101,0.025015091225106232,0.0
3176.0,52.0,16.0,232.0,52.0,16.0,232.0,51.997824,15.984582000000001,232.017719,0.0021759999999986235,0.0154179999999986,-0.017718999999999596,0.023588400984380788,0.0
3177.0,8.0,44.0,232.0,8.0,44.0,232.0,7.98986,43.98272599999999,232.017511,0.010139999999999816,0.01727400000000756,-0.017511000000013155,0.026605371581707296,0.0
3178.0,44.0,44.0,232.0,44.0,44.0,232.0,43.993352,43.98463399999999,232.015207,0.006647999999998433,0.015366000000007318,-0.015207000000003745,0.022617752076639224,0.0
3179.0,208.0,80.0,232.0,208.0,80.0,232.0,208.00450800000002,79.993938,232.000823,-0.0045080000000155,0.006062000000000012,-0.0008229999999969095,0.00759916028256641,0.0
3180.0,36.0,88.0,232.0,36.0,88.0,232.0,35.986768000000005,87.98495799999999,232.010967,0.013231999999995026,0.015042000000008215,-0.010966999999993732,0.02283906033531104,0.0
3181.0,100.0,168.0,232.0,100.0,168.0,232.0,99.98241599999999,167.98970999999997,231.998231,0.01758400000001359,0.010290000000026112,0.0017689999999959127,0.020450196013754997,0.0
3182.0,184.0,228.0,232.0,184.0,228.0,232.0,183.98264400000005,227.99518199999997,231.986375,0.017355999999949745,0.004818000000028633,0.01362499999999045,0.022585050033114187,0.0
3183.0,16.0,64.0,236.0,16.0,64.0,236.0,15.987960000000001,63.982977999999996,236.014799,0.01203999999999894,0.01702200000000431,-0.014799000000010665,0.02556795817034354,0.0
3184.0,208.0,100.0,236.0,208.0,100.0,236.0,208.00183199999998,99.993766,235.998623,-0.0018319999999789616,0.00623400000000629,0.0013769999999908578,0.006641920580673647,0.0
3185.0,148.0,156.0,236.0,148.0,156.0,236.0,147.98862,155.991538,235.996415,0.01138000000000261,0.00846200000000863,0.0035849999999868487,0.014627442325988203,0.0
3186.0,56.0,160.0,236.0,56.0,160.0,236.0,55.979167999999994,159.98673,236.001871,0.020832000000005735,0.013270000000005666,-0.0018709999999941829,0.02477025968778623,0.0
3187.0,92.0,176.0,236.0,92.0,176.0,236.0,91.98054800000001,175.98891,235.997839,0.019451999999986924,0.011089999999995825,0.0021610000000009677,0.022495295619293445,0.0
3188.0,16.0,36.0,240.0,16.0,36.0,240.0,15.991620000000001,35.98198999999999,240.017783,0.008379999999998944,0.01801000000001096,-0.017783000000008542,0.02666120006677646,0.0
3189.0,24.0,72.0,240.0,24.0,72.0,240.0,23.987644,71.983026,240.013383,0.012356000000000478,0.016974000000004708,-0.013383000000004586,0.024897632437649454,0.0
3190.0,148.0,176.0,240.0,148.0,176.0,240.0,147.985944,175.99136599999997,239.994215,0.014056000000010727,0.008634000000029118,0.005785000000003038,0.01748094153645162,0.0
3191.0,64.0,40.0,4.0,64.0,40.0,4.0,63.99787200000001,40.01481,4.0166390000000005,0.002127999999991914,-0.014809999999997103,-0.016639000000000514,0.022376791660108402,0.0
3192.0,76.0,48.0,4.0,76.0,48.0,4.0,75.99798,48.015581999999995,4.015007000000001,0.002020000000001687,-0.015581999999994878,-0.015007000000000659,0.021727613145485332,0.0
3193.0,140.0,96.0,4.0,140.0,96.0,4.0,139.997852,96.01979,4.005727,0.002148000000005368,-0.01979000000000042,-0.00572700000000026,0.020713679851731864,0.0
3194.0,120.0,8.0,8.0,120.0,8.0,8.0,120.00749199999998,8.016722000000001,8.016471000000001,-0.007491999999984955,-0.016722000000001458,-0.016471000000001013,0.024638368229244742,0.0
3195.0,64.0,36.0,8.0,64.0,36.0,8.0,63.998364,36.01422999999999,8.017031,0.0016359999999977504,-0.014229999999990639,-0.017030999999999352,0.02225363693870519,0.0
3196.0,132.0,232.0,8.0,132.0,232.0,8.0,131.97908800000002,232.02116599999997,7.991511000000001,0.02091199999998139,-0.02116599999996538,0.00848899999999908,0.03094146766069348,0.0
3197.0,56.0,52.0,12.0,56.0,52.0,12.0,55.99544,52.01356599999999,12.015775000000001,0.004559999999997899,-0.013565999999990197,-0.015775000000001427,0.02129977889556039,0.0
3198.0,208.0,84.0,12.0,208.0,84.0,12.0,208.00596,84.022166,12.002591,-0.005959999999987531,-0.022165999999998576,-0.002591000000000676,0.023099057058672153,0.0
3199.0,24.0,88.0,12.0,24.0,88.0,12.0,23.987584,88.01248199999999,12.013935,0.012416000000001759,-0.012481999999991444,-0.01393500000000003,0.022453097893160107,0.0
3200.0,128.0,104.0,12.0,128.0,104.0,12.0,127.99556,104.018266,12.005551,0.004440000000002442,-0.018265999999997007,-0.005551000000000528,0.019600356042682444,0.0
3201.0,28.0,140.0,12.0,28.0,140.0,12.0,27.981108,140.013578,12.008063000000002,0.01889200000000102,-0.013577999999995427,-0.008063000000001708,0.024622788570751727,0.0
3202.0,96.0,12.0,16.0,96.0,12.0,16.0,96.00456399999999,12.014494,16.017495,-0.0045639999999878,-0.014493999999999119,-0.01749500000000026,0.0231728538812092,0.0
3203.0,236.0,96.0,16.0,236.0,96.0,16.0,236.007056,96.023342,15.999463,-0.007056000000005724,-0.02334199999999953,0.0005369999999995656,0.024391073551610194,0.0
3204.0,136.0,132.0,16.0,136.0,132.0,16.0,135.992604,132.01865399999997,16.001975,0.007395999999999958,-0.01865399999996953,-0.0019750000000016144,0.02016365931568149,0.0
3205.0,28.0,136.0,16.0,28.0,136.0,16.0,27.9816,136.01299799999998,16.008455,0.01839999999999975,-0.012997999999981857,-0.008455000000001434,0.024062315536945805,0.0
3206.0,136.0,144.0,16.0,136.0,144.0,16.0,135.99102,144.01885799999997,16.000679,0.008980000000008204,-0.01885799999996607,-0.0006790000000016505,0.020897980883302334,0.0
3207.0,140.0,212.0,16.0,140.0,212.0,16.0,139.982432,212.02022599999998,15.993079000000002,0.017568000000011352,-0.02022599999997965,0.006920999999998401,0.02766994653047876,0.0
3208.0,116.0,232.0,16.0,116.0,232.0,16.0,115.97746399999998,232.01929399999997,15.992455000000001,0.022536000000016543,-0.01929399999997372,0.007544999999998581,0.03061138280116908,0.0
3209.0,112.0,236.0,16.0,112.0,236.0,16.0,111.97654799999998,236.01914999999997,15.992279000000002,0.023452000000020234,-0.019149999999967804,0.0077209999999983125,0.031246322103564282,0.0
3210.0,236.0,68.0,20.0,236.0,68.0,20.0,236.01071600000003,68.02235399999999,20.002447,-0.01071600000003059,-0.02235399999999288,-0.002447000000000088,0.024910274607084077,0.0
3211.0,176.0,228.0,20.0,176.0,228.0,20.0,175.98377600000003,228.02189399999997,19.989007,0.0162239999999656,-0.021893999999974767,0.010992999999999142,0.02938386395622196,0.0
3212.0,232.0,72.0,24.0,232.0,72.0,24.0,232.00976400000002,72.021698,24.002231000000002,-0.009764000000018314,-0.02169800000000066,-0.0022310000000018704,0.023898038852600327,0.0
3213.0,180.0,228.0,24.0,180.0,228.0,24.0,179.98412800000003,228.02159399999996,23.988711000000002,0.01587199999997324,-0.021593999999964808,0.011288999999997884,0.029080280964900992,0.0
3214.0,120.0,20.0,28.0,120.0,20.0,28.0,120.00572799999999,20.014366,28.014975000000003,-0.0057279999999906295,-0.01436599999999899,-0.014975000000003291,0.02152771620492899,0.0
3215.0,232.0,76.0,28.0,232.0,76.0,28.0,232.00920000000002,76.021254,28.001759,-0.009200000000021191,-0.021253999999998996,-0.001758999999999844,0.02322642023645372,0.0
3216.0,220.0,20.0,32.0,220.0,20.0,32.0,220.015392,20.019153999999997,32.008535,-0.015391999999991413,-0.019153999999996785,-0.008535000000001958,0.026012220301228534,0.0
3217.0,84.0,116.0,32.0,84.0,116.0,32.0,83.989528,116.013578,32.006871,0.010471999999992931,-0.013577999999995427,-0.006870999999996741,0.018472560975665582,0.0
3218.0,72.0,136.0,32.0,72.0,136.0,32.0,71.985724,136.01328199999998,32.005479,0.014275999999995292,-0.013281999999975369,-0.005479000000001122,0.02025426229215035,0.0
3219.0,192.0,236.0,32.0,192.0,236.0,32.0,191.984164,236.02134199999998,31.986999,0.01583600000000729,-0.02134199999997577,0.013000999999999152,0.029585230453710757,0.0
3220.0,28.0,60.0,36.0,28.0,60.0,36.0,27.991452000000002,60.009145999999994,36.016463,0.008547999999997558,-0.009145999999994103,-0.01646300000000167,0.02068206926300909,0.0
3221.0,184.0,80.0,36.0,184.0,80.0,36.0,184.00394400000002,80.017754,36.004319,-0.003944000000018377,-0.017753999999996495,-0.004319000000002404,0.018692603162749732,0.0
3222.0,152.0,84.0,36.0,152.0,84.0,36.0,152.000312,84.016126,36.005935,-0.0003120000000080836,-0.016125999999999863,-0.005935000000000912,0.017186315631920978,0.0
3223.0,180.0,60.0,40.0,180.0,60.0,40.0,180.00616,60.01669,40.006695,-0.00615999999999417,-0.016689999999996985,-0.006695000000000562,0.01900854347391812,0.0
3224.0,184.0,84.0,40.0,184.0,84.0,40.0,184.00338000000002,84.01731,40.003847,-0.003380000000021255,-0.01730999999999483,-0.003847000000000378,0.01805159020695871,0.0
3225.0,32.0,172.0,40.0,32.0,172.0,40.0,31.97702,172.01074999999997,40.004071,0.022980000000000445,-0.01074999999997317,-0.0040710000000032665,0.02569466755962159,0.0
3226.0,112.0,76.0,44.0,112.0,76.0,44.0,111.997416,76.012846,44.009279,0.0025839999999988095,-0.012845999999996138,-0.009278999999999371,0.01605604599519704,0.0
3227.0,124.0,172.0,44.0,124.0,172.0,44.0,123.985908,172.01511399999998,43.998143,0.0140920000000051,-0.015113999999982752,0.0018570000000011078,0.020747672375464835,0.0
3228.0,76.0,188.0,44.0,76.0,188.0,44.0,75.97914,188.01284199999998,43.999487,0.02085999999999899,-0.012841999999977816,0.0005129999999979873,0.024501423081106657,0.0
3229.0,160.0,156.0,48.0,160.0,156.0,48.0,159.99147600000003,156.016238,47.997527000000005,0.008523999999965781,-0.016237999999987096,0.0024729999999948404,0.018505322180361303,0.0
3230.0,84.0,180.0,48.0,84.0,180.0,48.0,83.980936,180.01261799999997,47.999799,0.019064000000000192,-0.012617999999974927,0.00020099999999700913,0.022862423777880014,0.0
3231.0,180.0,232.0,48.0,180.0,232.0,48.0,179.98338400000003,232.01858999999996,47.988039,0.016615999999970654,-0.018589999999960582,0.011960999999999444,0.027654024607596375,0.0
3232.0,120.0,16.0,52.0,120.0,16.0,52.0,120.00604,16.011226,52.015167000000005,-0.006039999999998713,-0.011226000000000624,-0.01516700000000526,0.0198126869707306,0.0
3233.0,140.0,144.0,52.0,140.0,144.0,52.0,139.99108399999997,144.01446199999998,52.000063000000004,0.00891600000002768,-0.014461999999980435,-6.300000000436512e-05,0.016989657706967736,0.0
3234.0,140.0,200.0,52.0,140.0,200.0,52.0,139.983692,200.015414,51.994015000000005,0.016308000000009315,-0.015413999999992711,0.005984999999995466,0.02322417888753066,0.0
3235.0,36.0,44.0,56.0,36.0,44.0,56.0,35.99416,44.00673799999999,56.017479,0.005839999999999179,-0.006737999999991473,-0.017479000000001577,0.01962196944753331,0.0
3236.0,180.0,56.0,56.0,180.0,56.0,56.0,180.006544,56.014573999999996,56.006967,-0.0065439999999910015,-0.01457399999999609,-0.006967000000003054,0.01742884106875184,0.0
3237.0,108.0,140.0,56.0,108.0,140.0,56.0,107.98847199999999,140.01218599999999,56.002503000000004,0.01152800000001264,-0.012185999999985597,-0.002503000000004363,0.0169604949515031,0.0
3238.0,116.0,4.0,60.0,116.0,4.0,60.0,116.00716399999999,4.009785999999999,60.016639000000005,-0.007163999999988846,-0.009785999999999184,-0.016639000000004955,0.02058992503628872,0.0
3239.0,100.0,36.0,60.0,100.0,36.0,60.0,100.00138799999999,36.00948199999999,60.014207000000006,-0.0013879999999915071,-0.00948199999999133,-0.014207000000006076,0.01713691095267711,0.0
3240.0,40.0,176.0,60.0,40.0,176.0,60.0,39.977088,176.008682,60.002927,0.022911999999998045,-0.008681999999993195,-0.00292699999999968,0.024675984215422702,0.0
3241.0,212.0,84.0,64.0,212.0,84.0,64.0,212.00588000000002,84.01572200000001,64.001815,-0.005880000000018981,-0.015722000000010894,-0.0018149999999934607,0.016883421128448525,0.0
3242.0,144.0,160.0,64.0,144.0,160.0,64.0,143.98925200000002,160.01340999999996,63.997959,0.01074799999997822,-0.013409999999964839,0.002040999999998405,0.01730645212048334,0.0
3243.0,172.0,160.0,64.0,172.0,160.0,64.0,171.991968,160.01489399999997,63.996167,0.008031999999985828,-0.014893999999969765,0.0038330000000001974,0.01735039333844836,0.0
3244.0,20.0,28.0,68.0,20.0,28.0,68.0,19.994612,28.004081999999997,68.020111,0.005387999999999948,-0.00408199999999681,-0.02011099999999999,0.02121663472372499,0.0
3245.0,184.0,60.0,68.0,184.0,60.0,68.0,184.00629600000002,60.01331799999999,68.006159,-0.006296000000020285,-0.01331799999999106,-0.006158999999996695,0.015966903926559355,0.0
3246.0,100.0,164.0,68.0,100.0,164.0,68.0,99.98441999999999,164.01063399999998,68.000303,0.015580000000014138,-0.010633999999981825,-0.0003030000000023847,0.018865581491172106,0.0
3247.0,192.0,56.0,72.0,192.0,56.0,72.0,192.00756399999997,56.013161999999994,72.006039,-0.007563999999973703,-0.013161999999994123,-0.006039000000001238,0.01633774344882005,0.0
3248.0,232.0,104.0,72.0,232.0,104.0,72.0,232.005108,104.016098,71.998295,-0.005108000000006996,-0.0160979999999995,0.0017050000000011778,0.01697481348940422,0.0
3249.0,184.0,112.0,72.0,184.0,112.0,72.0,183.99939600000002,112.01369,72.000503,0.0006039999999813972,-0.013689999999996871,-0.0005029999999948132,0.013712546262452012,0.0
3250.0,60.0,200.0,76.0,60.0,200.0,76.0,59.975716,200.00810199999998,75.99889499999999,0.024284000000001527,-0.008101999999979625,0.0011050000000096816,0.025623740651976742,0.0
3251.0,148.0,236.0,76.0,148.0,236.0,76.0,147.9795,236.013378,75.989375,0.02049999999999841,-0.013377999999988788,0.010625000000004547,0.02668541753467109,0.0
3252.0,204.0,64.0,80.0,204.0,64.0,80.0,204.00760000000002,64.01291,80.004327,-0.00760000000002492,-0.012910000000005084,-0.0043270000000035225,0.015593300773105756,0.0
3253.0,144.0,220.0,80.0,144.0,220.0,80.0,143.981188,220.01238199999997,79.99131899999999,0.018811999999996942,-0.012381999999973914,0.00868100000000993,0.02413638392550573,0.0
3254.0,80.0,36.0,84.0,80.0,36.0,84.0,79.999232,36.00535,84.015247,0.0007679999999936626,-0.005349999999999966,-0.015247000000002231,0.016176629222432525,0.0
3255.0,28.0,40.0,84.0,28.0,40.0,84.0,27.993660000000002,40.002662,84.018143,0.006339999999998014,-0.0026620000000008304,-0.018142999999994913,0.019402326999609986,0.0
3256.0,200.0,160.0,84.0,200.0,160.0,84.0,199.994504,160.013818,83.994175,0.005495999999993728,-0.013817999999986341,0.005825000000001523,0.01597102892739135,0.0
3257.0,228.0,184.0,84.0,228.0,184.0,84.0,227.994052,184.01570999999998,83.989791,0.005947999999989406,-0.015709999999984348,0.010209000000003243,0.01965722475324145,0.0
3258.0,84.0,236.0,84.0,84.0,236.0,84.0,83.97322,236.00896199999997,83.993391,0.026780000000002246,-0.008961999999968384,0.0066089999999974225,0.02900283994714172,0.0
3259.0,76.0,44.0,88.0,76.0,44.0,88.0,75.99775199999999,44.004762,88.014599,0.0022480000000086875,-0.004761999999999489,-0.014599000000004025,0.015519695518925354,0.0
3260.0,240.0,228.0,88.0,240.0,228.0,88.0,239.98937200000003,228.01658199999997,87.984231,0.010627999999968551,-0.01658199999997123,0.015769000000005917,0.02523050671307582,0.0
3261.0,76.0,48.0,92.0,76.0,48.0,92.0,75.997188,48.004318,92.014127,0.00281200000000581,-0.004317999999997824,-0.014127000000001999,0.01503743984194352,0.0
3262.0,100.0,80.0,92.0,100.0,80.0,92.0,99.99529199999999,80.006134,92.009135,0.004708000000007928,-0.00613400000000297,-0.00913500000000056,0.011968268254017426,0.0
3263.0,176.0,108.0,92.0,176.0,108.0,92.0,175.99896800000002,108.010638,92.00124699999999,0.001031999999980826,-0.010638000000000147,-0.0012469999999922265,0.010760440372026796,0.0
3264.0,216.0,128.0,92.0,216.0,128.0,92.0,216.000208,128.01309799999999,91.996527,-0.00020799999998644125,-0.013097999999985177,0.0034729999999996153,0.013552217420024052,0.0
3265.0,224.0,176.0,92.0,224.0,176.0,92.0,223.99464799999998,176.01433799999998,91.990831,0.005352000000016233,-0.014337999999980866,0.009168999999999983,0.017840759765201275,0.0
3266.0,152.0,236.0,92.0,152.0,236.0,92.0,151.979744,236.01154199999996,91.988959,0.02025599999998917,-0.011541999999963082,0.011041000000005852,0.025795871394446793,0.0
3267.0,88.0,36.0,96.0,88.0,36.0,96.0,87.9999,36.004237999999994,96.01461499999999,0.00010000000000331966,-0.004237999999993747,-0.014614999999992051,0.015217387062163967,0.0
3268.0,124.0,208.0,96.0,120.0,212.0,92.0,119.97980799999999,212.009438,91.993599,4.020192000000009,-4.009437999999989,4.006400999999997,6.949013294382803,6.928203230275509
3269.0,152.0,232.0,96.0,152.0,232.0,96.0,151.98023600000002,232.01096199999995,95.989351,0.019763999999980797,-0.010961999999949512,0.010649000000000797,0.02498364146793159,0.0
3270.0,148.0,236.0,96.0,148.0,236.0,96.0,147.97932,236.01081799999997,95.989175,0.0206799999999987,-0.010817999999972017,0.010824999999996976,0.02572687600543982,0.0
3271.0,4.0,204.0,100.0,4.0,204.0,100.0,3.9695400000000003,204.00212999999997,100.001807,0.03045999999999971,-0.0021299999999655483,-0.001806999999999448,0.030587803925745203,0.0
3272.0,12.0,216.0,100.0,12.0,216.0,100.0,11.968732000000001,216.00275799999997,99.999999,0.03126799999999896,-0.0027579999999716165,9.999999974752427e-07,0.031389399309317445,0.0
3273.0,200.0,8.0,104.0,200.0,8.0,104.0,200.014388,8.008674,104.010391,-0.014387999999996737,-0.008673999999999182,-0.010390999999998485,0.0197541312388032,0.0
3274.0,16.0,92.0,104.0,16.0,92.0,104.0,15.985452000000002,92.00035,104.01309499999999,0.014547999999997785,-0.00034999999999740794,-0.013094999999992751,0.019576665420845907,0.0
3275.0,148.0,228.0,104.0,148.0,228.0,104.0,147.98030400000002,228.00965799999997,103.989959,0.01969599999998195,-0.009657999999973299,0.010041000000001077,0.024125319914952315,0.0
3276.0,96.0,36.0,108.0,96.0,36.0,108.0,96.00056799999999,36.003125999999995,108.013983,-0.0005679999999870233,-0.003125999999994633,-0.013982999999996082,0.014339413830413088,0.0
3277.0,4.0,72.0,108.0,4.0,72.0,108.0,3.986892,71.998862,108.01598299999999,0.013107999999999898,0.0011379999999974189,-0.01598299999999142,0.0207019563568209,0.0
3278.0,176.0,100.0,108.0,176.0,100.0,108.0,175.99988000000002,100.008454,108.00195099999999,0.00011999999998124622,-0.008454000000000406,-0.0019509999999911543,0.00867703388261034,0.0
3279.0,116.0,224.0,108.0,116.0,224.0,108.0,115.97769199999999,224.00738199999998,107.99239899999999,0.022308000000009542,-0.007381999999978461,0.0076010000000081845,0.02469647725891756,0.0
3280.0,144.0,224.0,108.0,144.0,224.0,108.0,143.980408,224.00886599999998,107.990607,0.01959199999998873,-0.008865999999983387,0.009393000000002871,0.023466590485183774,0.0
3281.0,80.0,228.0,108.0,80.0,228.0,108.0,79.973672,228.00554199999996,107.994271,0.02632800000000657,-0.005541999999962854,0.005729000000002316,0.02750815858977043,0.0
3282.0,36.0,4.0,112.0,36.0,4.0,112.0,35.998936,3.99889,112.021239,0.0010639999999995098,0.0011100000000001664,-0.021238999999994235,0.021294584217583457,0.0
3283.0,164.0,20.0,112.0,164.0,20.0,112.0,164.00923999999998,20.005945999999998,112.011319,-0.009239999999977044,-0.0059459999999980084,-0.011319000000000301,0.015775052361230342,0.0
3284.0,40.0,36.0,112.0,40.0,36.0,112.0,39.9951,35.99964599999999,112.017527,0.004899999999999238,0.0003540000000086252,-0.01752700000000118,0.018202501064415295,0.0
3285.0,152.0,48.0,112.0,152.0,48.0,112.0,152.00438,48.00578599999999,112.009063,-0.004379999999997608,-0.0057859999999934075,-0.0090629999999976,0.011610347324686686,0.0
3286.0,108.0,104.0,112.0,108.0,104.0,112.0,107.99271999999999,104.004406,112.005831,0.007280000000008613,-0.004406000000003019,-0.005831000000000586,0.010315609385788066,0.0
3287.0,120.0,108.0,112.0,120.0,108.0,112.0,119.99335599999999,108.00511,112.004631,0.006644000000008532,-0.005110000000001946,-0.004631000000003382,0.009576063752929206,0.0
3288.0,212.0,152.0,112.0,212.0,152.0,112.0,211.996472,152.01073399999999,111.993991,0.0035279999999886513,-0.010733999999985144,0.006009000000005926,0.012797406807618183,0.0
3289.0,12.0,216.0,112.0,12.0,216.0,112.0,11.968624,216.00122199999998,111.99987899999999,0.03137599999999985,-0.0012219999999842912,0.00012100000000714317,0.031400020716552936,0.0
3290.0,164.0,8.0,116.0,164.0,8.0,116.0,164.010788,8.00523,116.012575,-0.010787999999990916,-0.00522999999999918,-0.012574999999998226,0.01737424729304124,0.0
3291.0,44.0,36.0,116.0,44.0,36.0,116.0,43.995452,35.999345999999996,116.017231,0.0045479999999997744,0.0006540000000043733,-0.017230999999995333,0.017833097908098942,0.0
3292.0,64.0,172.0,116.0,64.0,172.0,116.0,63.979440000000004,172.002718,116.001263,0.020559999999996137,-0.0027179999999873417,-0.001262999999994463,0.02077730235135828,0.0
3293.0,192.0,8.0,120.0,192.0,8.0,120.0,192.013468,8.006201999999998,120.010743,-0.013467999999988933,-0.0062019999999982645,-0.010743000000005054,0.018310212369052115,0.0
3294.0,68.0,44.0,120.0,68.0,44.0,120.0,67.99668799999999,44.00024199999999,120.014791,0.0033120000000081973,-0.00024199999999297006,-0.014791000000002441,0.015159208059793991,0.0
3295.0,172.0,60.0,120.0,172.0,60.0,120.0,172.004664,60.00602599999999,120.006407,-0.00466399999999112,-0.006025999999991427,-0.006406999999995833,0.009955662760447466,0.0
3296.0,4.0,80.0,120.0,4.0,80.0,120.0,3.9857280000000004,79.997462,120.014999,0.014271999999999618,0.0025380000000012615,-0.014999000000003093,0.02085908504705056,0.0
3297.0,92.0,184.0,120.0,92.0,184.0,120.0,91.980536,184.003894,119.998135,0.01946399999999926,-0.0038940000000025066,0.0018649999999951206,0.01993712007788418,0.0
3298.0,188.0,12.0,124.0,188.0,12.0,124.0,188.012516,12.005545999999999,124.010527,-0.012516000000005079,-0.005545999999998941,-0.010526999999996178,0.017269224099537156,0.0
3299.0,60.0,36.0,124.0,60.0,36.0,124.0,59.996931999999994,35.99916999999999,124.016127,0.003068000000006066,0.0008300000000076579,-0.016126999999997338,0.01643720332051545,0.0
3300.0,88.0,48.0,124.0,88.0,48.0,124.0,87.998064,48.000857999999994,124.01303899999999,0.001936000000000604,-0.0008579999999938082,-0.01303899999999203,0.013209836524339878,0.0
3301.0,16.0,100.0,128.0,16.0,100.0,128.0,15.984180000000002,99.99741399999999,128.011991,0.015819999999997947,0.002586000000007971,-0.011990999999994756,0.02001858828688603,0.0
3302.0,4.0,108.0,128.0,4.0,108.0,128.0,3.9819600000000004,107.99691399999999,128.011895,0.018039999999999612,0.0030860000000103582,-0.011895000000009759,0.021827872571560474,0.0
3303.0,92.0,120.0,128.0,92.0,120.0,128.0,91.988912,120.00178199999999,128.004967,0.011088000000000875,-0.0017819999999915126,-0.004966999999993504,0.012279672511916782,0.0
3304.0,188.0,148.0,128.0,188.0,148.0,128.0,187.99452800000003,148.00734599999998,127.995799,0.005471999999969057,-0.0073459999999840875,0.004200999999994792,0.010077445162310922,0.0
3305.0,148.0,200.0,128.0,148.0,200.0,128.0,147.983784,200.00610999999998,127.992743,0.016215999999985797,-0.0061099999999782995,0.007256999999995628,0.018787091445969246,0.0
3306.0,84.0,60.0,132.0,84.0,60.0,132.0,83.99602,59.99982599999999,132.011919,0.00397999999999854,0.00017400000000833415,-0.011919000000006008,0.012567149119833603,0.0
3307.0,184.0,152.0,132.0,184.0,152.0,132.0,183.99357600000002,152.00668999999996,131.995583,0.0064239999999813335,-0.006689999999963447,0.004416999999989457,0.010272962815039192,0.0
3308.0,104.0,116.0,136.0,104.0,116.0,136.0,103.990532,116.00132599999999,136.004551,0.009467999999998256,-0.0013259999999917227,-0.0045509999999922,0.010588337971555027,0.0
3309.0,100.0,120.0,136.0,100.0,120.0,136.0,99.989616,120.00118199999999,136.004375,0.010384000000001947,-0.0011819999999858055,-0.004375000000010232,0.01132983693616534,0.0
3310.0,204.0,192.0,136.0,204.0,192.0,136.0,203.99020000000002,192.007918,135.989943,0.009799999999984266,-0.007917999999989433,0.010056999999989102,0.01612073115585348,0.0
3311.0,124.0,20.0,140.0,124.0,20.0,140.0,124.00510799999999,20.000242,140.013599,-0.005107999999992785,-0.0002420000000000755,-0.01359899999999925,0.014528696741274006,0.0
3312.0,192.0,96.0,140.0,192.0,96.0,140.0,192.00167199999999,96.00513799999999,140.001039,-0.0016719999999850188,-0.0051379999999880965,-0.0010389999999915744,0.005502194925646499,0.0
3313.0,76.0,104.0,140.0,76.0,104.0,140.0,75.989364,103.99912599999999,140.007599,0.010636000000005197,0.0008740000000102555,-0.007598999999999023,0.013100884435797211,0.0
3314.0,204.0,104.0,140.0,204.0,104.0,140.0,204.00178000000002,104.00591,139.999407,-0.0017800000000249838,-0.005910000000000082,0.0005930000000091695,0.006200657142601966,0.0
3315.0,96.0,120.0,140.0,96.0,120.0,140.0,95.98919199999999,120.000458,140.004591,0.010808000000011475,-0.0004579999999947404,-0.004591000000004897,0.011751591764535057,0.0
3316.0,192.0,188.0,140.0,192.0,188.0,140.0,191.989528,188.00670199999996,139.991103,0.010471999999992931,-0.006701999999961572,0.008896999999990385,0.015288433438360052,0.0
3317.0,200.0,100.0,144.0,200.0,100.0,144.0,200.001884,100.005118,144.000055,-0.0018839999999897827,-0.005117999999995959,-5.5000000003246896e-05,0.005454026494244459,0.0
3318.0,48.0,228.0,144.0,48.0,228.0,144.0,47.970243999999994,227.999238,143.995959,0.02975600000000611,0.0007620000000088112,0.0040410000000008495,0.030038805918351414,0.0
3319.0,140.0,36.0,148.0,140.0,36.0,148.0,140.004476,36.000338,148.010767,-0.004476000000011027,-0.0003379999999992833,-0.010766999999987092,0.011665209342305876,0.0
3320.0,164.0,48.0,148.0,164.0,48.0,148.0,164.00522,48.001813999999996,148.007935,-0.00522000000000844,-0.0018139999999959855,-0.007935000000003356,0.009669706355423975,0.0
3321.0,196.0,16.0,152.0,196.0,16.0,152.0,196.012512,16.002453999999997,152.009303,-0.012511999999986756,-0.0024539999999966255,-0.009302999999988515,0.015783474554084673,0.0
3322.0,92.0,92.0,152.0,92.0,92.0,152.0,91.992392,91.998234,152.007751,0.007608000000004722,0.001766000000003487,-0.007751000000013164,0.011003564013549802,0.0
3323.0,148.0,40.0,156.0,148.0,40.0,156.0,148.004652,39.99980599999999,156.00974300000001,-0.004651999999992995,0.000194000000007577,-0.00974300000001449,0.010798369738077138,0.0
3324.0,56.0,4.0,160.0,56.0,4.0,160.0,56.000443999999995,3.9938059999999997,160.019479,-0.00044399999999455986,0.006194000000000255,-0.01947899999998981,0.020444906774050142,0.0
3325.0,176.0,12.0,160.0,176.0,12.0,160.0,176.011028,12.000302,160.010935,-0.011028000000010252,-0.0003019999999995804,-0.010934999999989259,0.0155332615055561,0.0
3326.0,208.0,20.0,160.0,208.0,20.0,160.0,208.01307599999998,20.002134,160.008023,-0.013075999999983878,-0.0021340000000016346,-0.008023000000008551,0.015488843113664835,0.0
3327.0,12.0,108.0,160.0,12.0,108.0,160.0,11.982448,107.993242,160.011063,0.017552000000000234,0.006758000000004927,-0.01106300000000715,0.021820477469575064,0.0
3328.0,124.0,20.0,164.0,124.0,20.0,164.0,124.004892,19.99717,164.013359,-0.00489199999999812,0.002829999999999444,-0.013359000000008336,0.01450529024184629,0.0
3329.0,204.0,64.0,164.0,204.0,64.0,164.0,204.00684400000003,64.002158,164.003487,-0.006844000000029382,-0.002157999999994331,-0.0034870000000069012,0.00797850042303852,0.0
3330.0,24.0,112.0,164.0,24.0,112.0,164.0,23.983048,111.993434,164.009823,0.016951999999999856,0.006566000000006511,-0.009823000000011461,0.02066334892993645,0.0
3331.0,28.0,116.0,164.0,28.0,116.0,164.0,27.982908,115.99371399999998,164.00913500000001,0.01709200000000166,0.006286000000017111,-0.00913500000001477,0.020373965863339956,0.0
3332.0,44.0,196.0,164.0,44.0,196.0,164.0,43.97390000000001,195.99592199999998,163.999471,0.026099999999992463,0.00407800000002112,0.0005290000000002237,0.02642195914385947,0.0
3333.0,16.0,8.0,168.0,16.0,8.0,168.0,15.995964000000003,7.990729999999999,168.021527,0.004035999999997486,0.009270000000000778,-0.021526999999991858,0.023783059622337146,0.0
3334.0,28.0,28.0,168.0,28.0,28.0,168.0,27.994487999999997,27.991705999999997,168.018599,0.00551200000000307,0.00829400000000291,-0.018598999999994703,0.02109728373511351,0.0
3335.0,204.0,72.0,168.0,204.0,72.0,168.0,204.00575200000003,72.001782,168.002583,-0.005752000000029511,-0.0017820000000057235,-0.0025829999999871234,0.0065523214970186995,0.0
3336.0,184.0,108.0,168.0,184.0,108.0,168.0,183.99906000000004,108.001334,167.999975,0.0009399999999573083,-0.0013339999999999463,2.4999999993724487e-05,0.0016321093713104165,0.0
3337.0,20.0,184.0,168.0,20.0,184.0,168.0,19.97312,183.993934,168.002263,0.02687999999999846,0.006066000000004124,-0.002262999999999238,0.02764872374993037,0.0
3338.0,72.0,220.0,168.0,72.0,220.0,168.0,71.973412,219.997302,167.995047,0.02658800000000383,0.002698000000009415,0.004953000000000429,0.027179646005793725,0.0
3339.0,224.0,32.0,172.0,224.0,32.0,172.0,224.012936,32.00164999999999,172.005583,-0.012935999999996284,-0.0016499999999908255,-0.005583000000001448,0.014185643623039802,0.0
3340.0,200.0,72.0,172.0,200.0,72.0,172.0,200.005328,72.001058,172.002799,-0.005327999999991562,-0.0010580000000004475,-0.00279900000001021,0.006110756827101549,0.0
3341.0,140.0,220.0,172.0,140.0,220.0,172.0,139.97997199999998,220.00039399999997,171.990655,0.020028000000024804,-0.00039399999997158375,0.009344999999996162,0.02210441234235598,0.0
3342.0,136.0,232.0,172.0,136.0,232.0,172.0,135.978,232.00038599999996,171.98961500000001,0.02199999999999136,-0.0003859999999633601,0.010384999999985212,0.02433099301301294,0.0
3343.0,200.0,8.0,176.0,200.0,8.0,176.0,200.01373999999998,7.999458,176.009671,-0.01373999999998432,0.0005420000000002645,-0.00967099999999732,0.016810996549863354,0.0
3344.0,192.0,44.0,176.0,192.0,44.0,176.0,192.008212,43.99964599999999,176.006295,-0.00821199999998612,0.0003540000000086252,-0.006294999999994388,0.01035322582578529,0.0
3345.0,68.0,56.0,176.0,68.0,56.0,176.0,67.9946,55.99327799999999,176.012935,0.00539999999999452,0.006722000000010553,-0.012934999999998809,0.015545401538720442,0.0
3346.0,196.0,72.0,176.0,196.0,72.0,176.0,196.004904,72.00033400000001,176.003015,-0.0049040000000104556,-0.00033400000000938235,-0.003015000000004875,0.005766367747563297,0.0
3347.0,156.0,104.0,176.0,156.0,104.0,176.0,155.9968,103.99875800000001,176.002119,0.003199999999992542,0.0012419999999906395,-0.0021189999999933207,0.0040339465787118094,0.0
3348.0,164.0,108.0,176.0,164.0,108.0,176.0,163.997048,107.99925,176.001175,0.0029519999999934043,0.0007499999999964757,-0.001174999999989268,0.003264571794268056,0.0
3349.0,36.0,28.0,180.0,36.0,28.0,180.0,35.995156,27.990593999999998,180.017967,0.004843999999998516,0.009406000000002024,-0.017966999999998734,0.020850665720786428,0.0
3350.0,112.0,88.0,180.0,112.0,88.0,180.0,111.99460799999999,87.995642,180.006623,0.005392000000014718,0.004357999999996309,-0.006622999999990498,0.009588011107628145,0.0
3351.0,216.0,100.0,180.0,216.0,100.0,180.0,216.003112,100.001358,179.998671,-0.003111999999987347,-0.0013579999999961956,0.0013289999999983593,0.0036462239371583523,0.0
3352.0,64.0,120.0,180.0,64.0,120.0,180.0,63.985728,119.99364200000001,180.006239,0.014271999999998286,0.006357999999991648,-0.006238999999993666,0.016823770950644978,0.0
3353.0,80.0,140.0,180.0,80.0,140.0,180.0,79.98464,139.99482999999998,180.003055,0.01536000000000115,0.005170000000020991,-0.0030549999999891497,0.01649216556429707,0.0
3354.0,64.0,216.0,180.0,64.0,216.0,180.0,63.973056,215.99527399999997,179.995871,0.0269440000000003,0.004726000000033537,0.0041290000000060445,0.027665192083200563,0.0
3355.0,72.0,164.0,184.0,72.0,164.0,184.0,71.98066,163.99430199999998,184.000935,0.01933999999999969,0.00569800000002374,-0.0009349999999983538,0.020183583155630607,0.0
3356.0,236.0,40.0,188.0,236.0,40.0,188.0,236.01290000000003,40.000373999999994,188.003791,-0.012900000000030332,-0.0003739999999936572,-0.003791000000006761,0.013450708420036064,0.0
3357.0,180.0,64.0,188.0,180.0,64.0,188.0,180.00430000000003,63.99781399999999,188.004783,-0.004300000000029058,0.002186000000008903,-0.004783000000003312,0.006793061533676883,0.0
3358.0,208.0,64.0,192.0,208.0,64.0,192.0,208.00698,63.998785999999996,192.002951,-0.006979999999998654,0.0012140000000044893,-0.002950999999995929,0.007674802733619157,0.0
3359.0,212.0,68.0,192.0,212.0,68.0,192.0,212.00684,67.999066,192.002263,-0.0068400000000110595,0.0009340000000008786,-0.002262999999999238,0.0072649242941788105,0.0
3360.0,172.0,140.0,192.0,172.0,140.0,192.0,171.99345599999998,139.99817,191.997047,0.006544000000019423,0.0018300000000124328,0.0029529999999908796,0.007408984073423688,0.0
3361.0,176.0,156.0,192.0,176.0,156.0,192.0,175.991732,155.998654,191.99506300000002,0.008267999999986841,0.0013460000000122818,0.004936999999983982,0.009723451496236166,0.0
3362.0,112.0,12.0,196.0,112.0,12.0,196.0,112.004496,11.992301999999999,196.014671,-0.004496000000003164,0.007698000000001315,-0.014670999999992773,0.017167162287339065,0.0
3363.0,136.0,12.0,196.0,136.0,12.0,196.0,136.006824,11.993573999999999,196.013135,-0.006823999999994612,0.006426000000001153,-0.013135000000005448,0.016136563357793517,0.0
3364.0,104.0,16.0,196.0,104.0,16.0,196.0,104.003192,15.991945999999999,196.014751,-0.0031919999999985293,0.008054000000001338,-0.014750999999989745,0.017106951247949167,0.0
3365.0,140.0,64.0,196.0,140.0,64.0,196.0,140.000348,63.99466999999999,196.007263,-0.00034800000000245745,0.0053300000000078285,-0.00726299999999469,0.00901560718975755,0.0
3366.0,204.0,64.0,196.0,204.0,64.0,196.0,204.00655600000002,63.998062,196.003167,-0.006556000000017548,0.0019380000000026598,-0.003166999999990594,0.0075343791383352095,0.0
3367.0,204.0,92.0,196.0,204.0,92.0,196.0,204.00286,91.998538,196.000143,-0.0028599999999983083,0.001462000000003627,-0.00014300000000844193,0.0032151971945750613,0.0
3368.0,120.0,128.0,196.0,120.0,128.0,196.0,119.98996,127.994698,196.001631,0.010040000000003602,0.005302000000000362,-0.0016310000000032687,0.011470525925173912,0.0
3369.0,64.0,196.0,196.0,64.0,196.0,196.0,63.975552,195.99288599999997,195.997871,0.02444799999999958,0.007114000000029819,0.002128999999996495,0.025550857930809072,0.0
3370.0,132.0,204.0,196.0,132.0,204.0,196.0,131.981092,203.99662599999996,195.992655,0.01890800000001036,0.0033740000000364034,0.007344999999986612,0.0205632041520878,0.0
3371.0,144.0,48.0,200.0,144.0,48.0,200.0,144.002812,47.994097999999994,200.008695,-0.00281200000000581,0.005902000000006069,-0.008694999999988795,0.010878601610497071,0.0
3372.0,56.0,56.0,200.0,56.0,56.0,200.0,55.993219999999994,55.98956999999999,200.013463,0.0067800000000062255,0.0104300000000066,-0.013463000000001557,0.018330457413830787,0.0
3373.0,164.0,108.0,200.0,164.0,108.0,200.0,163.996832,107.996178,200.000935,0.0031679999999880692,0.003821999999999548,-0.0009349999999983538,0.005051547584643529,0.0
3374.0,136.0,208.0,200.0,136.0,208.0,200.0,135.980916,207.99639399999998,199.991927,0.01908399999999233,0.003606000000019094,0.008072999999996,0.021032727379010557,0.0
3375.0,208.0,236.0,200.0,208.0,236.0,200.0,207.984204,236.00068599999997,199.984295,0.015795999999994592,-0.0006859999999733191,0.01570499999999697,0.022285224634266028,0.0
3376.0,128.0,32.0,204.0,128.0,32.0,204.0,128.00333600000002,31.992466,204.011407,-0.0033360000000186574,0.007533999999999708,-0.011406999999991285,0.014071591985270226,0.0
3377.0,116.0,152.0,204.0,116.0,152.0,204.0,115.98633199999999,151.99386999999996,203.999215,0.013668000000009783,0.006130000000041491,0.0007850000000075852,0.015000244964692678,0.0
3378.0,64.0,184.0,204.0,64.0,184.0,204.0,63.977064000000006,183.99165799999997,203.999087,0.022935999999994294,0.008342000000027383,0.0009129999999970551,0.024422993858251484,0.0
3379.0,112.0,220.0,204.0,112.0,220.0,204.0,111.976968,219.99481399999996,203.992127,0.023032000000000608,0.0051860000000374384,0.00787299999998936,0.024886778598288865,0.0
3380.0,44.0,48.0,208.0,44.0,48.0,208.0,43.99304000000001,47.987773999999995,208.015015,0.006959999999992306,0.0122260000000054,-0.01501500000000533,0.02057588153640531,0.0
3381.0,116.0,116.0,208.0,116.0,116.0,208.0,115.99104799999999,115.992746,208.003063,0.008952000000007843,0.007254000000003202,-0.0030629999999973734,0.011922281199509211,0.0
3382.0,124.0,148.0,208.0,124.0,148.0,208.0,123.98759999999999,147.99371399999998,207.999095,0.012400000000013733,0.006286000000017111,0.0009049999999888314,0.013931719958445027,0.0
3383.0,116.0,156.0,208.0,116.0,156.0,208.0,115.985768,155.99342599999997,207.998743,0.014232000000006906,0.006574000000028946,0.0012570000000096115,0.015727280407006206,0.0
3384.0,184.0,216.0,208.0,184.0,216.0,208.0,183.98444400000002,215.99804999999998,207.987911,0.015555999999975256,0.0019500000000221007,0.012089000000003125,0.019797362374806195,0.0
3385.0,196.0,192.0,212.0,196.0,192.0,212.0,195.98874000000004,191.99776599999996,211.989695,0.01125999999996452,0.002234000000044034,0.01030499999998824,0.015426321045510344,0.0
3386.0,16.0,220.0,212.0,16.0,220.0,212.0,15.967584,219.98870199999996,211.998191,0.032415999999999556,0.01129800000003911,0.0018090000000086093,0.034376072216018023,0.0
3387.0,144.0,108.0,216.0,144.0,108.0,216.0,143.99474800000002,107.99307,216.002055,0.005251999999984491,0.006929999999996994,-0.0020550000000127966,0.008934843535275143,0.0
3388.0,76.0,164.0,216.0,76.0,164.0,216.0,75.98076,163.99041799999998,216.000359,0.01923999999999637,0.009582000000023072,-0.00035900000000310683,0.02149700455878225,0.0
3389.0,84.0,204.0,216.0,84.0,204.0,216.0,83.976256,203.99152199999997,215.995527,0.023743999999993548,0.008478000000025077,0.004472999999990179,0.0256058928569193,0.0
3390.0,232.0,72.0,220.0,232.0,72.0,220.0,232.008,71.99661,220.000271,-0.008000000000009777,0.0033899999999960073,-0.0002709999999979118,0.008692844241105913,0.0
3391.0,204.0,120.0,220.0,204.0,120.0,220.0,203.998948,119.995942,219.996879,0.0010519999999871743,0.004058000000000561,0.003120999999993046,0.005226347577413328,0.0
3392.0,128.0,124.0,220.0,128.0,124.0,220.0,127.99104799999999,123.991982,220.00131100000002,0.008952000000007843,0.008018000000006964,-0.0013110000000153832,0.01208905906182497,0.0
3393.0,116.0,132.0,220.0,116.0,132.0,220.0,115.98882799999998,131.99148199999996,220.001215,0.011172000000016169,0.008518000000037773,-0.0012150000000019645,0.014101281253879366,0.0
3394.0,76.0,160.0,220.0,76.0,160.0,220.0,75.981252,159.98983799999996,220.000751,0.018748000000002207,0.010162000000036642,-0.0007510000000081618,0.021338175859263127,0.0
3395.0,216.0,224.0,220.0,216.0,224.0,220.0,215.986384,223.99834599999997,219.984879,0.013616000000013173,0.0016540000000304644,0.0151209999999935,0.020415087876378663,0.0
3396.0,12.0,8.0,224.0,12.0,8.0,224.0,11.995072,7.98335,224.021223,0.004927999999999599,0.016650000000000276,-0.021222999999992,0.027421221945778885,0.0
3397.0,220.0,128.0,224.0,220.0,128.0,224.0,219.99940800000002,127.996414,223.99495100000001,0.0005919999999832726,0.003585999999998535,0.005048999999985426,0.006221114128500017,0.0
3398.0,80.0,156.0,224.0,80.0,156.0,224.0,79.98213200000001,155.98946999999998,224.000887,0.01786799999999289,0.010530000000017026,-0.0008870000000058553,0.02075892803109339,0.0
3399.0,176.0,156.0,224.0,176.0,156.0,224.0,175.99144400000003,155.99455799999998,223.994743,0.008555999999970254,0.005442000000016378,0.005257000000000289,0.011421757701845732,0.0
3400.0,156.0,168.0,224.0,156.0,168.0,224.0,155.98792,167.99370199999998,223.994727,0.012079999999997426,0.006298000000015236,0.005272999999988315,0.014608070817188918,0.0
3401.0,144.0,52.0,228.0,144.0,52.0,228.0,144.002032,51.99058199999999,228.007983,-0.0020320000000140226,0.009418000000010807,-0.007982999999995855,0.012512235491717472,0.0
3402.0,212.0,76.0,228.0,212.0,76.0,228.0,212.00546000000003,75.99459399999999,228.001039,-0.005460000000027776,0.0054060000000077935,-0.0010389999999915744,0.007753448071688497,0.0
3403.0,176.0,236.0,232.0,176.0,236.0,232.0,175.98081200000004,235.99489399999996,231.98602300000002,0.019187999999957128,0.005106000000040467,0.013976999999982809,0.024281826722845366,0.0
3404.0,108.0,48.0,236.0,108.0,48.0,236.0,107.99899599999999,47.98758199999999,236.010639,0.0010040000000088867,0.01241800000001092,-0.010638999999997623,0.016383011353235354,0.0
3405.0,152.0,160.0,236.0,152.0,160.0,236.0,151.98848,159.991818,235.99572700000002,0.011519999999990205,0.008182000000005019,0.00427299999998354,0.014761912240618279,0.0
3406.0,168.0,216.0,236.0,168.0,216.0,236.0,167.98264,215.993618,235.988655,0.01735999999999649,0.006382000000002108,0.011345000000005712,0.02169812316768514,0.0
3407.0,176.0,224.0,236.0,176.0,224.0,236.0,175.98236,223.99417799999998,235.987279,0.0176400000000001,0.0058220000000233085,0.012720999999999094,0.022514198297968593,0.0
3408.0,120.0,8.0,8.0,120.0,8.0,8.0,120.00749199999998,8.016722000000001,8.016471000000001,-0.007491999999984955,-0.016722000000001458,-0.016471000000001013,0.024638368229244742,0.0
3409.0,80.0,40.0,8.0,80.0,40.0,8.0,79.999388,40.015145999999994,8.015575,0.0006120000000038317,-0.01514599999999433,-0.015575000000000117,0.02173376370994763,0.0
3410.0,72.0,48.0,8.0,72.0,48.0,8.0,71.99755599999999,48.01485799999999,8.015223,0.002444000000011215,-0.014857999999989602,-0.015223000000000653,0.021411983303742922,0.0
3411.0,16.0,64.0,8.0,16.0,64.0,8.0,15.990012000000002,64.012162,8.017079,0.00998799999999811,-0.012162000000003559,-0.017079000000000732,0.023224268104723427,0.0
3412.0,120.0,64.0,8.0,120.0,64.0,8.0,120.00009999999999,64.017674,8.010423,-9.99999999891088e-05,-0.017673999999999523,-0.010422999999999405,0.02051875252055954,0.0
3413.0,144.0,88.0,8.0,144.0,88.0,8.0,143.99926000000002,88.01935399999999,8.006295,0.0007399999999790907,-0.019353999999992766,-0.0062949999999997175,0.020365459508680024,0.0
3414.0,88.0,16.0,16.0,88.0,16.0,16.0,88.00326,16.014138,16.017575,-0.003259999999997376,-0.014137999999999096,-0.017575000000000784,0.022790157283353377,0.0
3415.0,56.0,32.0,16.0,56.0,32.0,16.0,55.998044,32.012713999999995,16.017895,0.0019559999999998468,-0.012713999999995451,-0.017894999999999328,0.022038665045774883,0.0
3416.0,16.0,56.0,16.0,16.0,56.0,16.0,15.990996,56.01100199999999,16.017863,0.009003999999999124,-0.01100199999999063,-0.017862999999998408,0.022829866162545086,0.0
3417.0,48.0,64.0,16.0,48.0,64.0,16.0,47.993044,64.012834,16.014951,0.006956000000002405,-0.012833999999998014,-0.014950999999999937,0.020895690775850902,0.0
3418.0,24.0,88.0,16.0,24.0,88.0,16.0,23.987548,88.01196999999999,16.013895,0.012451999999999686,-0.011969999999990932,-0.013895000000001545,0.022167639229286867,0.0
3419.0,232.0,96.0,16.0,232.0,96.0,16.0,232.006668,96.02313,15.999719,-0.00666799999999057,-0.023129999999994766,0.0002809999999993096,0.02407359725923053,0.0
3420.0,136.0,112.0,16.0,136.0,112.0,16.0,135.995244,112.01831399999999,16.004135,0.004755999999986216,-0.018313999999989505,-0.004135000000001554,0.019368024086093484,0.0
3421.0,80.0,120.0,16.0,80.0,120.0,16.0,79.988756,120.01548199999999,16.006855,0.011244000000004917,-0.015481999999991558,-0.00685500000000161,0.02032512939687891,0.0
3422.0,32.0,144.0,16.0,32.0,144.0,16.0,31.980932000000003,144.01334599999998,16.007335,0.0190679999999972,-0.013345999999984315,-0.007335000000001202,0.024403003196317705,0.0
3423.0,64.0,176.0,16.0,64.0,176.0,16.0,63.979812,176.01558599999998,16.001831,0.02018799999999743,-0.015585999999984779,-0.00183099999999925,0.025570125165892698,0.0
3424.0,64.0,232.0,16.0,64.0,232.0,16.0,63.97242,232.01653799999997,15.995783000000001,0.027580000000000382,-0.016537999999968633,0.004216999999998805,0.03243370057515752,0.0
3425.0,176.0,232.0,16.0,176.0,232.0,16.0,175.98328400000003,232.02247399999996,15.988615000000001,0.016715999999973974,-0.022473999999959915,0.011384999999998868,0.03023447629771851,0.0
3426.0,112.0,24.0,24.0,112.0,24.0,24.0,112.00446,24.014522,24.015095000000002,-0.004459999999994579,-0.01452199999999948,-0.015095000000002301,0.021415861154761115,0.0
3427.0,192.0,24.0,24.0,192.0,24.0,24.0,192.01222,24.018762,24.009975,-0.012220000000013442,-0.018761999999998835,-0.009975000000000733,0.02451207190345809,0.0
3428.0,208.0,24.0,24.0,208.0,24.0,24.0,208.01377200000002,24.01961,24.008951,-0.013772000000017215,-0.019610000000000127,-0.00895099999999971,0.02558007984742178,0.0
3429.0,144.0,40.0,24.0,144.0,40.0,24.0,144.00545200000002,40.01648999999999,24.011319,-0.005452000000019552,-0.016489999999990346,-0.011319000000000301,0.020730754086619754,0.0
3430.0,144.0,96.0,24.0,144.0,96.0,24.0,143.99806,96.01744199999999,24.005271,0.0019399999999905049,-0.01744199999998841,-0.00527100000000047,0.01832403899252465,0.0
3431.0,24.0,112.0,24.0,24.0,112.0,24.0,23.984308,112.011354,24.011223,0.01569200000000137,-0.0113539999999972,-0.011223000000001093,0.022385439665103833,0.0
3432.0,80.0,112.0,24.0,80.0,112.0,24.0,79.98974,112.01432199999999,24.007639,0.010260000000002378,-0.01432199999999284,-0.007639000000001062,0.019202645781242228,0.0
3433.0,48.0,120.0,24.0,48.0,120.0,24.0,47.98558,120.012762,24.008823000000003,0.01442000000000121,-0.012761999999995055,-0.008823000000003134,0.021181368534633545,0.0
3434.0,88.0,120.0,24.0,88.0,120.0,24.0,87.98946000000001,120.01488199999999,24.006263,0.010539999999991778,-0.014881999999985851,-0.006263000000000574,0.01928187472730317,0.0
3435.0,128.0,152.0,24.0,128.0,152.0,24.0,127.989116,152.01754599999998,24.000247,0.010884000000004335,-0.017545999999981632,-0.00024700000000166256,0.020649081843981603,0.0
3436.0,184.0,200.0,24.0,184.0,200.0,24.0,183.98821200000003,200.02132999999998,23.991479,0.011787999999967269,-0.021329999999977645,0.008520999999998224,0.02581730592060768,0.0
3437.0,56.0,208.0,24.0,56.0,208.0,24.0,55.97474,208.01468199999997,23.998807000000003,0.025260000000002947,-0.014681999999965,0.001192999999997113,0.029241271740454693,0.0
3438.0,184.0,232.0,24.0,184.0,232.0,24.0,183.98398800000004,232.02187399999997,23.988023000000002,0.016011999999960835,-0.02187399999996842,0.011976999999998128,0.02963620334991173,0.0
3439.0,224.0,16.0,32.0,224.0,16.0,32.0,224.01630799999998,16.019298,32.008711,-0.016307999999980893,-0.01929799999999915,-0.008710999999998137,0.026725366021802425,0.0
3440.0,216.0,24.0,32.0,216.0,24.0,32.0,216.014476,24.019009999999998,32.008359,-0.014476000000001932,-0.019009999999997973,-0.008358999999998673,0.02531417699629906,0.0
3441.0,24.0,48.0,32.0,24.0,48.0,32.0,23.992683999999997,48.00924199999999,32.018055,0.007316000000002987,-0.009241999999993311,-0.018054999999996824,0.021562037125462088,0.0
3442.0,184.0,80.0,32.0,184.0,80.0,32.0,184.00398,80.018266,32.004359,-0.003980000000012751,-0.018265999999997007,-0.00435900000000089,0.01919604222229155,0.0
3443.0,80.0,120.0,32.0,80.0,120.0,32.0,79.988612,120.01343399999999,32.006695,0.011387999999996623,-0.01343399999998951,-0.006695000000000562,0.018840964014605218,0.0
3444.0,32.0,136.0,32.0,32.0,136.0,32.0,31.981844,136.01116199999998,32.008039,0.01815600000000117,-0.011161999999984573,-0.008038999999996577,0.022778413048314912,0.0
3445.0,208.0,192.0,32.0,208.0,192.0,32.0,207.991524,192.02144199999998,31.990727000000003,0.008476000000001704,-0.02144199999997909,0.009272999999996756,0.024851367547864885,0.0
3446.0,200.0,8.0,40.0,200.0,8.0,40.0,200.014964,8.016866,40.011031,-0.014963999999991984,-0.01686600000000027,-0.011031000000002678,0.025101119755895917,0.0
3447.0,232.0,16.0,40.0,232.0,16.0,40.0,232.017012,16.018697999999997,40.008119,-0.017011999999994032,-0.018697999999996995,-0.008119000000000653,0.026550734622599336,0.0
3448.0,24.0,40.0,40.0,24.0,40.0,40.0,23.993668,40.008081999999995,40.018839,0.006332000000000448,-0.008081999999994594,-0.018838999999999828,0.021455089582658744,0.0
3449.0,40.0,40.0,40.0,40.0,40.0,40.0,39.99522,40.00893,40.017815,0.004779999999996676,-0.008929999999999438,-0.017814999999998804,0.020493109207729208,0.0
3450.0,32.0,48.0,40.0,32.0,48.0,40.0,31.993388,48.008641999999995,40.017463,0.006612000000000506,-0.00864199999999471,-0.01746299999999934,0.020575691410008368,0.0
3451.0,176.0,48.0,40.0,176.0,48.0,40.0,176.00735600000002,48.016273999999996,40.008247000000004,-0.007356000000015683,-0.01627399999999568,-0.008247000000004334,0.01967147226315716,0.0
3452.0,144.0,96.0,40.0,144.0,96.0,40.0,143.997916,96.01539399999999,40.005111,0.002083999999996422,-0.015393999999986363,-0.0051109999999994216,0.016353611619442335,0.0
3453.0,136.0,120.0,40.0,136.0,120.0,40.0,135.993972,120.01537799999998,40.003031,0.006027999999986378,-0.015377999999984127,-0.003031000000000006,0.016793052998170035,0.0
3454.0,112.0,152.0,40.0,112.0,152.0,40.0,111.98741999999999,152.01464999999996,40.001111,0.012580000000014024,-0.014649999999960528,-0.0011110000000016385,0.01934200664355175,0.0
3455.0,168.0,168.0,40.0,168.0,168.0,40.0,167.99074000000002,168.01788999999997,39.995799000000005,0.009259999999983393,-0.017889999999965767,0.004200999999994792,0.020577854625748133,0.0
3456.0,32.0,176.0,40.0,32.0,176.0,40.0,31.976492,176.01081799999997,40.003639,0.02350799999999964,-0.010817999999972017,-0.003638999999999726,0.026132307762602516,0.0
3457.0,128.0,176.0,40.0,128.0,176.0,40.0,127.985804,176.01590599999997,39.997495,0.014195999999998321,-0.015905999999972664,0.0025049999999993133,0.02146630562064836,0.0
3458.0,40.0,48.0,48.0,40.0,48.0,48.0,39.994092,48.008041999999996,48.016871,0.005907999999998026,-0.008041999999996108,-0.016871000000001857,0.01960124661851834,0.0
3459.0,160.0,104.0,48.0,160.0,104.0,48.0,159.99834000000004,104.01535399999999,48.003143,0.0016599999999584725,-0.015353999999987877,-0.00314300000000145,0.01576005599607752,0.0
3460.0,224.0,104.0,48.0,224.0,104.0,48.0,224.00454800000003,104.018746,47.999047000000004,-0.004548000000028196,-0.018745999999993046,0.0009529999999955407,0.019313338111263605,0.0
3461.0,112.0,136.0,48.0,112.0,136.0,48.0,111.98946,136.01335399999996,48.002759000000005,0.010540000000005989,-0.013353999999964117,-0.002759000000004619,0.017234645253070727,0.0
3462.0,160.0,152.0,48.0,160.0,152.0,48.0,159.99200400000004,152.01616999999996,47.997959,0.007995999999963033,-0.016169999999959828,0.002040999999998405,0.01815407934867817,0.0
3463.0,120.0,168.0,48.0,120.0,168.0,48.0,119.98601199999999,168.01432199999996,47.998791000000004,0.01398800000001188,-0.014321999999964419,0.0012089999999957968,0.02005605915924918,0.0
3464.0,232.0,176.0,48.0,232.0,176.0,48.0,231.99582,176.02039399999998,47.990759000000004,0.004179999999990969,-0.020393999999981816,0.009240999999995836,0.022776824120124953,0.0
3465.0,32.0,192.0,48.0,32.0,192.0,48.0,31.974308,192.01006599999997,48.001831,0.025691999999999382,-0.01006599999996638,-0.0018310000000028026,0.027654218141167936,0.0
3466.0,112.0,200.0,48.0,112.0,200.0,48.0,111.98101199999999,200.01444199999997,47.995847000000005,0.018988000000007332,-0.014441999999974087,0.004152999999995188,0.024214931695123364,0.0
3467.0,176.0,232.0,48.0,176.0,232.0,48.0,175.98299600000004,232.01837799999996,47.988295,0.017003999999957387,-0.01837799999995582,0.011704999999999188,0.02763863102610019,0.0
3468.0,120.0,24.0,56.0,120.0,24.0,56.0,120.00494799999998,24.010849999999998,56.014263,-0.004947999999984631,-0.010849999999997806,-0.014262999999999693,0.01859135210251776,0.0
3469.0,96.0,48.0,56.0,96.0,48.0,56.0,95.99945199999998,48.00998599999999,56.013207,0.0005480000000233076,-0.009985999999990725,-0.013207000000001301,0.016566392153992814,0.0
3470.0,24.0,56.0,56.0,24.0,56.0,56.0,23.991412,56.006305999999995,56.016951000000006,0.008587999999999596,-0.006305999999995038,-0.016951000000005934,0.020021383094085472,0.0
3471.0,16.0,64.0,56.0,16.0,64.0,56.0,15.989580000000002,64.006018,56.016599,0.010419999999998097,-0.006017999999997414,-0.016598999999999364,0.020501695661576586,0.0
3472.0,136.0,80.0,56.0,136.0,80.0,56.0,135.999108,80.01265000000001,56.007191000000006,0.0008919999999932315,-0.012650000000007822,-0.007191000000005943,0.0145783622194083,0.0
3473.0,104.0,104.0,56.0,104.0,104.0,56.0,103.99283599999998,104.011362,56.006647,0.007164000000017268,-0.011362000000005423,-0.006647000000000958,0.014986679051757375,0.0
3474.0,64.0,120.0,56.0,64.0,120.0,56.0,63.986844000000005,120.00951400000001,56.007479000000004,0.01315599999999506,-0.009514000000010014,-0.007479000000003566,0.01787545728086736,0.0
3475.0,152.0,152.0,56.0,152.0,152.0,56.0,151.99115600000002,152.01472199999998,55.998391000000005,0.008843999999982088,-0.014721999999977697,0.0016089999999948645,0.017249420309071548,0.0
3476.0,56.0,200.0,56.0,56.0,200.0,56.0,55.975508,200.01044999999996,55.999351000000004,0.02449200000000218,-0.010449999999963211,0.0006489999999956808,0.02663609890729745,0.0
3477.0,104.0,16.0,64.0,104.0,16.0,64.0,104.00438,16.008841999999998,64.016071,-0.004379999999997608,-0.008841999999997796,-0.016070999999996616,0.01885848363468896,0.0
3478.0,16.0,32.0,64.0,16.0,32.0,64.0,15.993732,32.00444999999999,64.019975,0.006268000000000384,-0.004449999999991405,-0.019975000000002296,0.02140305933739427,0.0
3479.0,160.0,32.0,64.0,160.0,32.0,64.0,160.00770000000003,32.01208199999999,64.010759,-0.00770000000002824,-0.012081999999992377,-0.01075899999999308,0.017917053468695734,0.0
3480.0,88.0,40.0,64.0,88.0,40.0,64.0,87.99966,40.00840199999999,64.014503,0.0003399999999942338,-0.008401999999989584,-0.014503000000004818,0.016764432975796134,0.0
3481.0,224.0,40.0,64.0,224.0,40.0,64.0,224.012852,40.015609999999995,64.005799,-0.012852000000009411,-0.015609999999995239,-0.005798999999996113,0.02103507558817054,0.0
3482.0,144.0,80.0,64.0,144.0,80.0,64.0,143.99981200000002,80.01205,64.006599,0.00018799999998009298,-0.012050000000002115,-0.006598999999994248,0.013739892466826935,0.0
3483.0,224.0,96.0,64.0,224.0,96.0,64.0,224.00546,96.01656200000001,63.999751,-0.005459999999999354,-0.016562000000007515,0.00024899999999661304,0.01744056894141473,0.0
3484.0,160.0,152.0,64.0,160.0,152.0,64.0,159.99186000000003,152.01412199999996,63.997799,0.00813999999996895,-0.01412199999995778,0.0022009999999994534,0.016447944704378707,0.0
3485.0,80.0,160.0,64.0,80.0,160.0,64.0,79.983044,160.01001799999997,64.002055,0.01695599999999331,-0.010017999999973881,-0.0020549999999985857,0.019801244531575384,0.0
3486.0,144.0,160.0,64.0,144.0,160.0,64.0,143.98925200000002,160.01340999999996,63.997959,0.01074799999997822,-0.013409999999964839,0.002040999999998405,0.01730645212048334,0.0
3487.0,72.0,176.0,64.0,72.0,176.0,64.0,71.98015600000001,176.00986599999996,64.000839,0.01984399999999198,-0.00986599999995974,-0.000838999999999146,0.022177155205275672,0.0
3488.0,64.0,200.0,64.0,64.0,200.0,64.0,63.976212,200.00984999999997,63.998759,0.02378800000000325,-0.009849999999971715,0.0012410000000002697,0.025776569302364466,0.0
3489.0,32.0,24.0,72.0,32.0,24.0,72.0,31.996268,24.004138,72.019735,0.0037319999999994025,-0.004138000000001085,-0.01973499999999717,0.0205066109584176,0.0
3490.0,232.0,32.0,72.0,232.0,32.0,72.0,232.014612,32.01487399999999,72.00607099999999,-0.014611999999999625,-0.014873999999991838,-0.0060709999999915,0.02171643297136164,0.0
3491.0,128.0,40.0,72.0,128.0,40.0,72.0,128.003468,40.009497999999994,72.01186299999999,-0.003467999999998028,-0.009497999999993567,-0.011862999999991075,0.015587488476327814,0.0
3492.0,200.0,48.0,72.0,200.0,48.0,72.0,200.00939599999998,48.01344999999999,72.006391,-0.009395999999981086,-0.013449999999991746,-0.006390999999993596,0.01760773117125942,0.0
3493.0,192.0,56.0,72.0,192.0,56.0,72.0,192.00756399999997,56.013161999999994,72.006039,-0.007563999999973703,-0.013161999999994123,-0.006039000000001238,0.01633774344882005,0.0
3494.0,208.0,56.0,72.0,208.0,56.0,72.0,208.00911599999998,56.01400999999999,72.005015,-0.009115999999977475,-0.014009999999991862,-0.005015000000000214,0.017450838976947883,0.0
3495.0,144.0,64.0,72.0,144.0,64.0,72.0,144.001852,64.01075399999999,72.008247,-0.0018520000000137316,-0.010753999999991493,-0.008246999999997229,0.013678136897977816,0.0
3496.0,168.0,80.0,72.0,168.0,80.0,72.0,168.002068,80.012298,72.004983,-0.0020680000000083965,-0.012298000000001252,-0.004982999999995741,0.013429360260266424,0.0
3497.0,208.0,232.0,72.0,208.0,232.0,72.0,207.985884,232.01700199999996,71.986007,0.01411600000000135,-0.017001999999962436,0.013992999999999256,0.026155945958782297,0.0
3498.0,232.0,232.0,72.0,232.0,232.0,72.0,231.988212,232.01827399999996,71.984471,0.01178799999999569,-0.018273999999962598,0.015529000000000792,0.026721636570362903,0.0
3499.0,40.0,32.0,80.0,40.0,32.0,80.0,39.995916,32.003674,80.01827899999999,0.004083999999998866,-0.0036739999999966244,-0.018278999999992607,0.0190866228809524,0.0
3500.0,40.0,48.0,80.0,40.0,48.0,80.0,39.993804000000004,48.00394599999999,80.01655099999999,0.006195999999995649,-0.0039459999999920115,-0.016550999999992655,0.018107924591173885,0.0
3501.0,216.0,56.0,80.0,216.0,56.0,80.0,216.00982,56.01340999999999,80.004423,-0.009819999999990614,-0.01340999999999326,-0.00442300000000273,0.017199518278127997,0.0
3502.0,232.0,136.0,80.0,232.0,136.0,80.0,232.000812,136.01561799999996,79.994759,-0.0008119999999962602,-0.01561799999996083,0.005240999999998053,0.016493918545898968,0.0
3503.0,56.0,184.0,80.0,56.0,184.0,80.0,55.977404,184.00710599999996,80.000839,0.02259600000000006,-0.007105999999964752,-0.000838999999999146,0.023701864335944133,0.0
3504.0,88.0,184.0,80.0,88.0,184.0,80.0,87.980508,184.00880199999997,79.998791,0.01949199999999962,-0.008801999999974441,0.0012090000000029022,0.021421366646401027,0.0
3505.0,120.0,16.0,88.0,120.0,16.0,88.0,120.00571599999999,16.006618,88.01480699999999,-0.005715999999992505,-0.006617999999999569,-0.014806999999990467,0.017196448150697465,0.0
3506.0,40.0,40.0,88.0,40.0,40.0,88.0,39.99478800000001,40.002786,88.017335,0.005211999999993111,-0.0027860000000003993,-0.017335000000002765,0.018314719899578762,0.0
3507.0,40.0,56.0,88.0,40.0,56.0,88.0,39.992676,56.003057999999996,88.015607,0.007323999999997,-0.0030579999999957863,-0.015607000000002813,0.017509163001126527,0.0
3508.0,216.0,56.0,88.0,216.0,56.0,88.0,216.009748,56.012386,88.00434299999999,-0.009748000000001866,-0.012385999999999342,-0.004342999999991548,0.0163492553041399,0.0
3509.0,64.0,80.0,88.0,64.0,80.0,88.0,63.991836000000006,80.004738,88.011479,0.00816399999999362,-0.00473800000000324,-0.011478999999994244,0.014861594160782159,0.0
3510.0,176.0,96.0,88.0,176.0,96.0,88.0,176.00058800000002,96.010946,88.002583,-0.0005880000000217933,-0.010946000000004119,-0.0025830000000013342,0.01126199578228134,0.0
3511.0,128.0,64.0,96.0,128.0,64.0,96.0,128.00008400000002,64.006834,96.009031,-8.400000001529406e-05,-0.006833999999997786,-0.009030999999993128,0.011325615788991262,0.0
3512.0,224.0,72.0,96.0,224.0,72.0,96.0,224.00834,72.012058,96.002023,-0.008340000000004011,-0.012057999999996127,-0.002022999999994113,0.014800118006284602,0.0
3513.0,120.0,104.0,96.0,120.0,104.0,96.0,119.99402799999999,104.00709,96.005223,0.005972000000014077,-0.007090000000005148,-0.005223000000000866,0.010640141587415563,0.0
3514.0,16.0,184.0,96.0,16.0,184.0,96.0,15.97338,184.00293799999997,96.003239,0.026619999999999422,-0.0029379999999719075,-0.0032389999999935526,0.026976793082198677,0.0
3515.0,120.0,32.0,104.0,120.0,32.0,104.0,120.00346,32.004842,104.012919,-0.0034600000000040154,-0.00484199999999646,-0.012918999999996572,0.014223822446863744,0.0
3516.0,104.0,112.0,104.0,104.0,112.0,104.0,103.99134799999999,112.005354,104.005303,0.008652000000012094,-0.005353999999996972,-0.005302999999997837,0.011473631901022184,0.0
3517.0,200.0,152.0,104.0,200.0,152.0,104.0,199.99538,152.01112199999997,103.994839,0.004619999999988522,-0.011121999999971877,0.005161000000001081,0.013102641145939987,0.0
3518.0,24.0,232.0,104.0,24.0,232.0,104.0,23.967748,232.00315399999997,103.997463,0.032251999999999725,-0.0031539999999665724,0.0025370000000037862,0.03250500867558399,0.0
3519.0,72.0,24.0,112.0,72.0,24.0,112.0,71.999788,24.001137999999997,112.016775,0.00021200000000476393,-0.0011379999999974189,-0.016774999999995543,0.01681489259554894,0.0
3520.0,120.0,40.0,112.0,120.0,40.0,112.0,120.002332,40.00395399999999,112.01197499999999,-0.00233199999999556,-0.00395399999999313,-0.01197499999999252,0.012824701361035501,0.0
3521.0,144.0,56.0,112.0,144.0,56.0,112.0,144.002548,56.005497999999996,112.008711,-0.0025479999999902248,-0.005497999999995784,-0.008711000000005242,0.010611400897148083,0.0
3522.0,160.0,136.0,112.0,160.0,136.0,112.0,159.99354,136.00770599999998,111.999047,0.006460000000004129,-0.0077059999999846696,0.0009529999999955407,0.01010060616991914,0.0
3523.0,184.0,168.0,112.0,184.0,168.0,112.0,183.991644,168.009522,111.994055,0.008355999999992036,-0.009522000000004027,0.0059449999999969805,0.013994078926456993,0.0
3524.0,56.0,176.0,112.0,56.0,176.0,112.0,55.978172,176.002874,112.001383,0.021827999999999292,-0.0028739999999913834,-0.001383000000004131,0.02205978578771632,0.0
3525.0,80.0,208.0,112.0,80.0,208.0,112.0,79.976276,208.00468999999998,111.996391,0.02372400000000141,-0.004689999999982319,0.003608999999997309,0.024450954112260767,0.0
3526.0,104.0,216.0,112.0,104.0,216.0,112.0,103.97754799999998,216.00609799999998,111.993991,0.02245200000001546,-0.006097999999980175,0.006009000000005926,0.024028857421869308,0.0
3527.0,208.0,216.0,112.0,208.0,216.0,112.0,207.98763599999998,216.01161,111.987335,0.01236400000001936,-0.01160999999999035,0.012664999999998372,0.02116749444313647,0.0
3528.0,184.0,24.0,120.0,184.0,24.0,120.0,184.01058000000003,24.00605,120.009527,-0.010580000000032896,-0.0060499999999983345,-0.009527000000005614,0.015469409458695665,0.0
3529.0,64.0,32.0,120.0,64.0,32.0,120.0,63.997884000000006,31.999825999999995,120.01634299999999,0.0021159999999937895,0.00017400000000478144,-0.016342999999992003,0.016480333158031546,0.0
3530.0,48.0,72.0,120.0,48.0,72.0,120.0,47.991051999999996,71.999658,120.013047,0.00894800000000373,0.00034200000000339514,-0.013047000000000253,0.01582428124750302,0.0
3531.0,96.0,104.0,120.0,96.0,104.0,120.0,95.99148399999999,104.002746,120.006519,0.008516000000014401,-0.0027460000000019136,-0.006518999999997277,0.011070688009343426,0.0
3532.0,184.0,216.0,120.0,184.0,216.0,120.0,183.98523600000001,216.009314,119.98879099999999,0.014763999999985344,-0.009313999999989164,0.011209000000008018,0.02074531207284058,0.0
3533.0,72.0,8.0,128.0,72.0,8.0,128.0,72.00175599999999,7.998818,128.01834300000002,-0.001755999999986102,0.0011820000000000164,-0.018343000000015763,0.018464731490073976,0.0
3534.0,184.0,16.0,128.0,184.0,16.0,128.0,184.01156400000002,16.004889999999996,128.010311,-0.011564000000021224,-0.004889999999996064,-0.010311000000001513,0.016246689416631425,0.0
3535.0,176.0,72.0,128.0,176.0,72.0,128.0,176.00339600000004,72.00541799999999,128.004775,-0.003396000000037702,-0.005417999999991707,-0.004774999999995089,0.007980486513998962,0.0
3536.0,112.0,120.0,128.0,112.0,120.0,128.0,111.99085199999999,120.00284199999999,128.003687,0.00914800000001037,-0.0028419999999869106,-0.0036870000000135406,0.010264347860444676,0.0
3537.0,120.0,152.0,128.0,120.0,152.0,128.0,119.98740399999998,152.00381,127.999719,0.01259600000001626,-0.0038099999999872125,0.00028100000000108594,0.013162609049892533,0.0
3538.0,208.0,184.0,128.0,208.0,184.0,128.0,207.991716,184.009018,127.990631,0.008284000000003289,-0.009017999999997528,0.009369000000006622,0.015418402673433263,0.0
3539.0,176.0,208.0,128.0,176.0,208.0,128.0,175.98544400000003,208.00772999999998,127.990087,0.014555999999970481,-0.007729999999980919,0.009912999999997396,0.01923272224618226,0.0
3540.0,32.0,120.0,136.0,32.0,120.0,136.0,31.98302,119.99757799999999,136.008727,0.016980000000000217,0.0024220000000099162,-0.008726999999993268,0.019244402121134808,0.0
3541.0,24.0,136.0,136.0,24.0,136.0,136.0,23.980131999999998,135.997426,136.007511,0.01986800000000244,0.002574000000009846,-0.007510999999993828,0.02139574773173527,0.0
3542.0,16.0,160.0,136.0,16.0,160.0,136.0,15.976188,159.99741,136.005431,0.0238119999999995,0.0025899999999978718,-0.005430999999987307,0.02456043983726324,0.0
3543.0,104.0,160.0,136.0,104.0,160.0,136.0,103.984724,160.002074,135.999799,0.015276000000000067,-0.002073999999993248,0.00020100000000411455,0.015417459356196652,0.0
3544.0,176.0,184.0,136.0,176.0,184.0,136.0,175.98854,184.006298,135.992599,0.011459999999999582,-0.006297999999986814,0.007400999999987334,0.015025684842949317,0.0
3545.0,192.0,184.0,136.0,192.0,184.0,136.0,191.99009199999998,184.00714599999998,135.991575,0.00990800000002423,-0.007145999999977448,0.008424999999988358,0.014839622805178091,0.0
3546.0,176.0,56.0,144.0,176.0,56.0,144.0,176.00536400000001,56.003097999999994,144.006343,-0.005364000000014357,-0.003097999999994272,-0.006342999999986887,0.00886587553487822,0.0
3547.0,128.0,80.0,144.0,128.0,80.0,144.0,127.99754,80.000962,144.006823,0.0024599999999992406,-0.0009620000000012396,-0.006822999999997137,0.007316445380098151,0.0
3548.0,56.0,112.0,144.0,56.0,112.0,144.0,55.986332,111.99768999999999,144.007975,0.013668000000002678,0.002310000000008472,-0.007974999999987631,0.0159922152624305,0.0
3549.0,184.0,112.0,144.0,184.0,112.0,144.0,183.99874800000003,112.00447399999999,143.999783,0.001251999999965392,-0.0044739999999876545,0.00021699999999214015,0.0046509428076250805,0.0
3550.0,160.0,144.0,144.0,160.0,144.0,144.0,159.992196,144.00374599999998,143.997863,0.007803999999993039,-0.0037459999999782667,0.0021370000000047185,0.008916372636882596,0.0
3551.0,184.0,184.0,144.0,184.0,184.0,144.0,183.989244,184.005698,143.992007,0.010755999999986443,-0.005697999999995318,0.007992999999999029,0.014561826430762023,0.0
3552.0,112.0,192.0,144.0,112.0,192.0,144.0,111.98120399999999,192.002018,143.995751,0.018796000000008917,-0.0020179999999925258,0.004248999999987291,0.019375653305119728,0.0
3553.0,184.0,32.0,152.0,184.0,32.0,152.0,184.00923600000002,32.002089999999995,152.008343,-0.009236000000015565,-0.0020899999999954844,-0.008342999999996437,0.012620516827777269,0.0
3554.0,176.0,40.0,152.0,176.0,40.0,152.0,176.007404,40.001802,152.007991,-0.007404000000008182,-0.0018019999999978609,-0.007991000000004078,0.011041852244989454,0.0
3555.0,80.0,96.0,152.0,80.0,96.0,152.0,79.9907,95.997666,152.008087,0.00929999999999609,0.002334000000004721,-0.008086999999989075,0.012543409624172074,0.0
3556.0,168.0,152.0,152.0,168.0,152.0,152.0,167.99184400000001,152.00328199999998,151.996407,0.008155999999985397,-0.003281999999984464,0.0035929999999950724,0.00949744749917705,0.0
3557.0,208.0,16.0,160.0,208.0,16.0,160.0,208.013604,16.002066,160.008455,-0.013603999999986627,-0.002065999999999235,-0.008454999999997881,0.016150052538601762,0.0
3558.0,24.0,128.0,160.0,24.0,128.0,160.0,23.980972,127.99421799999999,160.008135,0.019027999999998713,0.005782000000010612,-0.008135000000009995,0.021486612878726052,0.0
3559.0,64.0,168.0,160.0,64.0,168.0,160.0,63.979572,167.997018,160.00125500000001,0.020428000000002555,0.0029820000000029268,-0.001255000000014661,0.020682614268997975,0.0
3560.0,144.0,176.0,160.0,144.0,176.0,160.0,143.986276,176.00139399999998,159.995271,0.013723999999996295,-0.0013939999999763586,0.004728999999997541,0.01458269018390671,0.0
3561.0,184.0,200.0,160.0,184.0,200.0,160.0,183.98698800000003,200.003922,159.990119,0.013011999999974933,-0.003921999999988657,0.009881000000007134,0.016802630419056407,0.0
3562.0,136.0,8.0,168.0,136.0,8.0,168.0,136.00760400000001,7.99709,168.013847,-0.007604000000014821,0.002909999999999968,-0.013846999999998388,0.0160632600987527,0.0
3563.0,176.0,16.0,168.0,176.0,16.0,168.0,176.01042800000002,15.999346,168.010423,-0.010428000000018756,0.0006540000000008206,-0.010423000000002958,0.014758381652486626,0.0
3564.0,144.0,24.0,168.0,144.0,24.0,168.0,144.00626800000003,23.997785999999998,168.011607,-0.006268000000034135,0.0022140000000021587,-0.011606999999997925,0.013375801620852086,0.0
3565.0,184.0,40.0,168.0,184.0,40.0,168.0,184.00803600000003,40.00017799999999,168.007319,-0.008036000000032573,-0.0001779999999911297,-0.0073189999999954125,0.010870912611204875,0.0
3566.0,208.0,56.0,168.0,208.0,56.0,168.0,208.008252,56.001721999999994,168.004055,-0.008251999999998816,-0.001721999999993784,-0.004054999999993925,0.00935434727813276,0.0
3567.0,200.0,64.0,168.0,200.0,64.0,168.0,200.00642000000002,64.00143399999999,168.003703,-0.006420000000019854,-0.0014339999999890551,-0.003703000000001566,0.007548838652417678,0.0
3568.0,104.0,96.0,168.0,104.0,96.0,168.0,103.99288399999999,95.99689000000001,168.006391,0.007116000000010558,0.0031099999999923966,-0.006391000000007807,0.010057556214120942,0.0
3569.0,136.0,176.0,168.0,136.0,176.0,168.0,135.985428,175.999946,167.995703,0.014571999999986929,5.400000000577165e-05,0.004297000000008211,0.015192442496178495,0.0
3570.0,200.0,8.0,176.0,200.0,8.0,176.0,200.01373999999998,7.999458,176.009671,-0.01373999999998432,0.0005420000000002645,-0.00967099999999732,0.016810996549863354,0.0
3571.0,40.0,24.0,176.0,40.0,24.0,176.0,39.996108,23.991249999999997,176.018183,0.0038920000000004507,0.0087500000000027,-0.0181829999999934,0.02055070930648893,0.0
3572.0,216.0,104.0,176.0,216.0,104.0,176.0,216.00262,104.00193800000001,175.998279,-0.002620000000007394,-0.0019380000000097652,0.0017210000000034142,0.0036853880392827493,0.0
3573.0,24.0,168.0,176.0,24.0,168.0,176.0,23.975547999999996,167.99284999999998,176.003655,0.024452000000003693,0.0071500000000241926,-0.0036550000000090677,0.025736779693671715,0.0
3574.0,120.0,168.0,176.0,120.0,168.0,176.0,119.98486,167.99793799999998,175.997511,0.015140000000002374,0.002062000000023545,0.002488999999997077,0.015481168076090202,0.0
3575.0,40.0,8.0,184.0,40.0,8.0,184.0,39.99814800000001,7.989954,184.019831,0.0018519999999924153,0.010046,-0.01983100000001059,0.02230741089863169,0.0
3576.0,32.0,16.0,184.0,32.0,16.0,184.0,31.996316000000004,15.989665999999998,184.019479,0.003683999999996246,0.010334000000002064,-0.01947899999998981,0.022356092077991135,0.0
3577.0,24.0,32.0,184.0,24.0,32.0,184.0,23.993427999999998,31.989514,184.018263,0.006572000000002021,0.010486000000000217,-0.01826299999999037,0.02206092810830223,0.0
3578.0,24.0,64.0,184.0,24.0,64.0,184.0,23.989203999999997,63.99005799999999,184.014807,0.010796000000002692,0.009942000000009443,-0.014806999999990467,0.020848122913105716,0.0
3579.0,120.0,96.0,184.0,120.0,96.0,184.0,119.994292,95.99569,184.005207,0.005707999999998492,0.004310000000003811,-0.00520700000001284,0.00884704543902366,0.0
3580.0,136.0,152.0,184.0,136.0,152.0,184.0,135.98845200000002,151.99748999999997,183.998135,0.011547999999976355,0.002510000000029322,0.0018650000000093314,0.011963888540087455,0.0
3581.0,72.0,168.0,184.0,72.0,168.0,184.0,71.980132,167.99436999999998,184.000503,0.01986800000000244,0.005630000000024893,-0.000503000000009024,0.020656411426004915,0.0
3582.0,24.0,176.0,184.0,24.0,176.0,184.0,23.97442,175.99196199999997,184.002711,0.02558000000000149,0.008038000000027523,-0.002711000000005015,0.026949867624916937,0.0
3583.0,200.0,192.0,184.0,200.0,192.0,184.0,199.98938,192.00156199999998,183.989719,0.01061999999998875,-0.001561999999978525,0.010280999999991991,0.014863485627521199,0.0
3584.0,56.0,224.0,184.0,56.0,224.0,184.0,55.971188000000005,223.99447399999997,183.995479,0.028811999999994953,0.005526000000031672,0.0045210000000110995,0.029683454330656323,0.0
3585.0,32.0,8.0,192.0,32.0,8.0,192.0,31.997300000000003,7.988506000000001,192.020263,0.00269999999999726,0.011493999999999005,-0.02026299999999992,0.02345189128833662,0.0
3586.0,48.0,8.0,192.0,48.0,8.0,192.0,47.998852,7.9893540000000005,192.019239,0.001148000000000593,0.01064599999999949,-0.019238999999998896,0.02201804580338473,0.0
3587.0,176.0,64.0,192.0,176.0,64.0,192.0,176.00387600000002,63.997089999999986,192.004999,-0.0038760000000195305,0.002910000000014179,-0.004998999999997977,0.006962864137710407,0.0
3588.0,208.0,64.0,192.0,208.0,64.0,192.0,208.00698,63.998785999999996,192.002951,-0.006979999999998654,0.0012140000000044893,-0.002950999999995929,0.007674802733619157,0.0
3589.0,144.0,88.0,192.0,144.0,88.0,192.0,143.997604,87.995802,192.004455,0.0023960000000045056,0.0041980000000023665,-0.004455000000007203,0.006573510857989484,0.0
3590.0,136.0,96.0,192.0,136.0,96.0,192.0,135.995772,95.995514,192.00410300000001,0.004228000000011889,0.00448599999999999,-0.004103000000014845,0.007405051586601018,0.0
3591.0,16.0,120.0,192.0,16.0,120.0,192.0,15.980964,119.989562,192.00919100000002,0.01903599999999983,0.010437999999993508,-0.009191000000015492,0.02357531804663816,0.0
3592.0,72.0,144.0,192.0,72.0,144.0,192.0,71.983228,143.99293799999998,192.003015,0.016772000000003118,0.0070620000000189975,-0.003015000000004875,0.01844619345557241,0.0
3593.0,176.0,144.0,192.0,176.0,144.0,192.0,175.993316,143.99845,191.996359,0.006684000000007018,0.001550000000008822,0.003640999999987571,0.007767576005423484,0.0
3594.0,200.0,160.0,192.0,200.0,160.0,192.0,199.993532,159.999994,191.993095,0.006468000000012353,6.000000013273166e-06,0.006904999999989059,0.009461188350308267,0.0
3595.0,208.0,168.0,192.0,208.0,168.0,192.0,207.99325199999998,168.000554,191.991719,0.0067480000000159635,-0.0005539999999939482,0.008281000000010863,0.010696606050537183,0.0
3596.0,232.0,184.0,192.0,232.0,184.0,192.0,231.99346799999998,184.002098,191.98845500000002,0.0065320000000212985,-0.002097999999989497,0.01154499999998393,0.013429655729014915,0.0
3597.0,208.0,200.0,192.0,208.0,200.0,192.0,207.989028,200.00109799999998,191.988263,0.01097200000000953,-0.0010979999999847223,0.011737000000010767,0.01610427138992722,0.0
3598.0,16.0,216.0,192.0,16.0,216.0,192.0,15.968292000000002,215.99119399999998,191.99882300000002,0.03170799999999829,0.008806000000021186,0.0011769999999842184,0.032929139511991924,0.0
3599.0,160.0,224.0,192.0,160.0,224.0,192.0,159.981204,223.99896199999998,191.988743,0.018796000000008917,0.001038000000022521,0.011257000000000517,0.021933698023826113,0.0
3600.0,144.0,48.0,200.0,144.0,48.0,200.0,144.002812,47.994097999999994,200.008695,-0.00281200000000581,0.005902000000006069,-0.008694999999988795,0.010878601610497071,0.0
3601.0,56.0,56.0,200.0,56.0,56.0,200.0,55.993219999999994,55.98956999999999,200.013463,0.0067800000000062255,0.0104300000000066,-0.013463000000001557,0.018330457413830787,0.0
3602.0,200.0,64.0,200.0,200.0,64.0,200.0,200.006132,63.99733799999999,200.003383,-0.00613200000000802,0.002662000000007936,-0.0033830000000136806,0.007492153028351274,0.0
3603.0,56.0,96.0,200.0,56.0,96.0,200.0,55.987939999999995,95.99025,200.009143,0.012060000000005289,0.009749999999996817,-0.009142999999994572,0.018002792811115897,0.0
3604.0,128.0,96.0,200.0,128.0,96.0,200.0,127.994924,95.994066,200.004535,0.005076000000002523,0.005933999999996331,-0.004535000000004175,0.00903019141546955,0.0
3605.0,168.0,104.0,200.0,168.0,104.0,200.0,167.99774800000003,103.996322,200.001111,0.0022519999999701668,0.003677999999993631,-0.0011110000000087439,0.004453482794379945,0.0
3606.0,80.0,120.0,200.0,80.0,120.0,200.0,79.9871,119.99193,200.00501500000001,0.01290000000000191,0.008070000000003574,-0.005015000000014425,0.016021395850557205,0.0
3607.0,136.0,128.0,200.0,136.0,128.0,200.0,135.991476,127.99503399999999,200.000567,0.008523999999994203,0.00496600000001024,-0.0005669999999895481,0.009881357244831857,0.0
3608.0,152.0,136.0,200.0,152.0,136.0,200.0,151.991972,135.996018,199.998679,0.008027999999995927,0.003982000000007702,0.0013209999999901356,0.009058153730201862,0.0
3609.0,200.0,152.0,200.0,200.0,152.0,200.0,199.994516,151.998834,199.993879,0.0054839999999956035,0.0011660000000119908,0.0061210000000073705,0.008300629674914427,0.0
3610.0,160.0,192.0,200.0,160.0,192.0,200.0,159.98535600000002,191.99739399999999,199.992119,0.014643999999975676,0.002606000000014319,0.007880999999997584,0.01683294784045041,0.0
3611.0,136.0,208.0,200.0,136.0,208.0,200.0,135.980916,207.99639399999998,199.991927,0.01908399999999233,0.003606000000019094,0.008072999999996,0.021032727379010557,0.0
3612.0,120.0,224.0,200.0,120.0,224.0,200.0,119.977252,223.99581799999999,199.991223,0.022748000000007096,0.004182000000014341,0.008777000000009139,0.02473856012383508,0.0
3613.0,32.0,232.0,200.0,32.0,232.0,200.0,31.967660000000002,231.99128999999996,199.995991,0.032339999999997815,0.008710000000036189,0.004008999999996377,0.03373146574046939,0.0
3614.0,136.0,40.0,208.0,136.0,40.0,208.0,136.00302000000002,39.99251399999999,208.009991,-0.003020000000020673,0.007486000000007209,-0.009991000000013628,0.012844480409907795,0.0
3615.0,96.0,48.0,208.0,96.0,48.0,208.0,95.99808399999998,47.99052999999999,208.011687,0.0019160000000226773,0.009470000000007417,-0.011686999999994896,0.015163704197857068,0.0
3616.0,120.0,64.0,208.0,120.0,64.0,208.0,119.99829999999999,63.992073999999995,208.008423,0.0017000000000138016,0.007926000000004763,-0.008422999999993408,0.011690098588121974,0.0
3617.0,192.0,64.0,208.0,192.0,64.0,208.0,192.00528400000002,63.995889999999996,208.003815,-0.005284000000017386,0.004110000000004277,-0.0038150000000030104,0.007704997144726392,0.0
3618.0,136.0,96.0,208.0,136.0,96.0,208.0,135.995628,95.993466,208.003943,0.004371999999989384,0.006534000000002038,-0.00394299999999248,0.008795157133324823,0.0
3619.0,176.0,96.0,208.0,176.0,96.0,208.0,175.99950800000002,95.995586,208.001383,0.0004919999999799529,0.004413999999997031,-0.001383000000004131,0.004651682383822599,0.0
3620.0,64.0,104.0,208.0,64.0,104.0,208.0,63.987588,103.989786,208.007687,0.012411999999997647,0.01021400000000483,-0.007687000000004218,0.017817786310316584,0.0
3621.0,128.0,104.0,208.0,128.0,104.0,208.0,127.99379599999999,103.993178,208.003591,0.0062040000000109785,0.006821999999999662,-0.003591000000000122,0.009895684968719067,0.0
3622.0,120.0,152.0,208.0,120.0,152.0,208.0,119.98668399999998,151.99356999999998,207.998919,0.013316000000017425,0.006430000000023028,0.0010809999999992215,0.014826642135047252,0.0
3623.0,32.0,192.0,208.0,32.0,192.0,208.0,31.972868000000002,191.98958599999997,208.000231,0.027131999999998158,0.01041400000002568,-0.00023100000001363696,0.029062866014907082,0.0
3624.0,200.0,208.0,208.0,200.0,208.0,208.0,199.987052,207.99876199999997,207.987751,0.012947999999994408,0.0012380000000291602,0.012248999999997068,0.017866766607303505,0.0
3625.0,184.0,216.0,208.0,184.0,216.0,208.0,183.98444400000002,215.99804999999998,207.987911,0.015555999999975256,0.0019500000000221007,0.012089000000003125,0.019797362374806195,0.0
3626.0,112.0,16.0,216.0,112.0,16.0,216.0,112.003788,15.989809999999999,216.014039,-0.0037880000000001246,0.010190000000001476,-0.014038999999996804,0.01775608529490499,0.0
3627.0,168.0,80.0,216.0,168.0,80.0,216.0,168.000772,79.993866,216.003543,-0.0007720000000119853,0.00613400000000297,-0.0035430000000076234,0.007125643058707682,0.0
3628.0,40.0,88.0,216.0,40.0,88.0,216.0,39.987300000000005,87.987218,216.010871,0.01269999999999527,0.012782000000001403,-0.010871000000008735,0.021043957921458255,0.0
3629.0,56.0,96.0,216.0,56.0,96.0,216.0,55.987795999999996,95.988202,216.008983,0.0122040000000041,0.011797999999998865,-0.00898300000000063,0.019204809527826217,0.0
3630.0,144.0,96.0,216.0,144.0,96.0,216.0,143.996332,95.99286599999999,216.003351,0.0036680000000046675,0.007134000000007745,-0.0033510000000092077,0.008693525234345759,0.0
3631.0,88.0,160.0,216.0,88.0,160.0,216.0,87.98245200000001,159.990986,216.000023,0.017547999999990793,0.009014000000007627,-2.2999999998774e-05,0.019727773037010902,0.0
3632.0,80.0,200.0,216.0,80.0,200.0,216.0,79.97639600000001,199.99124199999997,215.996215,0.023603999999991743,0.008758000000028687,0.003784999999993488,0.025459332375379826,0.0
3633.0,104.0,216.0,216.0,104.0,216.0,216.0,103.97661199999999,215.99278599999997,215.992951,0.02338800000001129,0.007214000000033138,0.007048999999994976,0.025470153925740917,0.0
3634.0,8.0,224.0,216.0,8.0,224.0,216.0,7.966244,223.98783399999996,215.998231,0.03375600000000034,0.012166000000036092,0.0017689999999959127,0.035925039359768096,0.0
3635.0,80.0,64.0,224.0,80.0,64.0,224.0,79.994276,63.98790599999999,224.01082300000002,0.0057240000000007285,0.012094000000011818,-0.010823000000016236,0.01720948404225547,0.0
3636.0,128.0,112.0,224.0,128.0,112.0,224.0,127.99259599999999,111.991266,224.002567,0.007404000000008182,0.008734000000004016,-0.0025669999999990978,0.0117342004840631,0.0
3637.0,160.0,216.0,224.0,160.0,216.0,224.0,159.981972,215.99472999999998,223.989287,0.018027999999986832,0.005270000000024311,0.010713000000009743,0.021622905748302893,0.0
3638.0,24.0,8.0,232.0,24.0,8.0,232.0,23.996164,7.982962,232.020375,0.0038359999999997285,0.01703800000000033,-0.020375000000001364,0.026835591385323796,0.0
3639.0,224.0,24.0,232.0,224.0,24.0,232.0,224.01345200000003,23.993833999999996,232.00584700000002,-0.01345200000002933,0.006166000000003891,-0.005847000000017033,0.015911105209916634,0.0
3640.0,200.0,128.0,232.0,200.0,128.0,232.0,199.997396,127.99433,231.996151,0.002603999999990947,0.005669999999994957,0.003849000000002434,0.007331065202268657,0.0
3641.0,216.0,136.0,232.0,216.0,136.0,232.0,215.997892,135.99531399999998,231.99426300000002,0.0021079999999926713,0.00468600000002084,0.0057369999999821175,0.007701651056751353,0.0
3642.0,144.0,152.0,232.0,144.0,152.0,232.0,143.98879600000004,151.99176999999997,231.997143,0.011203999999963798,0.008230000000025939,0.0028570000000058826,0.014192426325320464,0.0
3643.0,104.0,24.0,8.0,104.0,24.0,8.0,104.00382799999998,24.016146,8.015767,-0.0038279999999843994,-0.016145999999999106,-0.01576700000000031,0.022889849038380778,0.0
3644.0,64.0,32.0,8.0,64.0,32.0,8.0,63.998892000000005,32.01416199999999,8.017463000000001,0.0011079999999950019,-0.014161999999991792,-0.017463000000001117,0.022511025676316826,0.0
3645.0,168.0,64.0,8.0,168.0,64.0,8.0,168.00475600000004,64.020218,8.007351,-0.004756000000043059,-0.020217999999999847,-0.007350999999999885,0.02203234578977921,0.0
3646.0,48.0,120.0,8.0,48.0,120.0,8.0,47.985724,120.01481,8.008983,0.014276000000002398,-0.014809999999997103,-0.00898300000000063,0.02244625948794128,0.0
3647.0,24.0,136.0,8.0,24.0,136.0,8.0,23.981284,136.01380999999998,8.008791,0.018716000000001287,-0.013809999999978118,-0.008791000000000437,0.024865366214867044,0.0
3648.0,144.0,224.0,8.0,144.0,224.0,8.0,143.981308,224.02166599999998,7.991607000000001,0.018691999999987274,-0.021665999999981977,0.008392999999998985,0.029820276138874474,0.0
3649.0,112.0,16.0,16.0,112.0,16.0,16.0,112.00558799999999,16.01541,16.016039,-0.005587999999988824,-0.015409999999999258,-0.01603899999999925,0.022933455147444052,0.0
3650.0,64.0,48.0,16.0,64.0,48.0,16.0,63.996708000000005,48.01340999999999,16.015655,0.0032919999999947436,-0.01340999999999326,-0.015654999999998864,0.02087449134709033,0.0
3651.0,216.0,64.0,16.0,216.0,64.0,16.0,216.00934,64.021738,16.004199,-0.009340000000008786,-0.021737999999999147,-0.004198999999999842,0.02402931220405873,0.0
3652.0,208.0,88.0,16.0,208.0,88.0,16.0,208.005396,88.021722,16.002119,-0.0053959999999904085,-0.02172199999999691,-0.002119000000000426,0.022482265477477222,0.0
3653.0,168.0,176.0,16.0,168.0,176.0,16.0,167.9899,176.02109799999997,15.995175000000001,0.010099999999994225,-0.021097999999966532,0.004824999999998525,0.02388338813900693,0.0
3654.0,184.0,192.0,16.0,184.0,192.0,16.0,183.98934000000003,192.02221799999998,15.992423,0.010659999999973024,-0.022217999999980975,0.007576999999999501,0.025781506026579828,0.0
3655.0,128.0,200.0,16.0,128.0,200.0,16.0,127.982852,200.01938599999997,15.995143,0.017148000000005936,-0.019385999999968817,0.004856999999999445,0.026333654303931864,0.0
3656.0,144.0,200.0,16.0,144.0,200.0,16.0,143.984404,200.020234,15.994119000000001,0.015595999999987953,-0.020233999999987873,0.005880999999998693,0.026215188975079278,0.0
3657.0,176.0,200.0,16.0,176.0,200.0,16.0,175.98750800000002,200.02192999999997,15.992071000000001,0.012491999999980408,-0.02192999999996914,0.007928999999998965,0.026454564917952075,0.0
3658.0,136.0,224.0,16.0,136.0,224.0,16.0,135.98046,224.02021799999997,15.992039000000002,0.01954000000000633,-0.020217999999971425,0.007960999999998108,0.02922253659419493,0.0
3659.0,88.0,8.0,24.0,88.0,8.0,24.0,88.004244,8.012978,24.018359,-0.0042439999999999145,-0.012978000000000378,-0.018359000000000236,0.022879967242109805,0.0
3660.0,64.0,40.0,24.0,64.0,40.0,24.0,63.99769200000001,40.012249999999995,24.016439000000002,0.002307999999992205,-0.012249999999994543,-0.01643900000000187,0.020630804274188917,0.0
3661.0,40.0,200.0,24.0,40.0,200.0,24.0,39.974244,200.01369799999998,24.000695,0.025756000000001222,-0.013697999999976673,-0.0006950000000003342,0.029180297548164657,0.0
3662.0,72.0,216.0,24.0,72.0,216.0,24.0,71.975236,216.01566599999998,23.996919000000002,0.02476400000000467,-0.01566599999998175,0.003080999999998113,0.02946475543763511,0.0
3663.0,184.0,48.0,32.0,184.0,48.0,32.0,184.008204,48.017722,32.007815,-0.008204000000006317,-0.017721999999999127,-0.007815000000000794,0.021034474678491146,0.0
3664.0,128.0,112.0,32.0,128.0,112.0,32.0,127.99432399999999,112.01584199999999,32.004487,0.00567600000000823,-0.01584199999999214,-0.004486999999997465,0.01741605893995027,0.0
3665.0,216.0,8.0,40.0,216.0,8.0,40.0,216.016516,8.017714,40.010007,-0.016515999999995756,-0.017713999999999785,-0.010007000000001653,0.02620503961072918,0.0
3666.0,96.0,32.0,40.0,96.0,32.0,40.0,96.001708,32.011762,40.015095,-0.0017079999999936035,-0.011761999999997386,-0.015095000000002301,0.019212520214692972,0.0
3667.0,184.0,80.0,40.0,184.0,80.0,40.0,184.00390800000002,80.017242,40.004279000000004,-0.003908000000024003,-0.017241999999995983,-0.0042790000000039186,0.018189801235859688,0.0
3668.0,160.0,160.0,40.0,160.0,160.0,40.0,159.99102000000002,160.01733,39.997175,0.008979999999979782,-0.017329999999986967,0.0028250000000014097,0.019721813430797715,0.0
3669.0,80.0,216.0,40.0,80.0,216.0,40.0,79.97586799999999,216.01404199999996,39.996247000000004,0.024132000000008702,-0.014041999999960808,0.0037529999999961206,0.02817119445460718,0.0
3670.0,120.0,8.0,48.0,120.0,8.0,48.0,120.00713199999998,8.011602,48.016071000000004,-0.007131999999984373,-0.01160199999999989,-0.01607100000000372,0.02106534758792017,0.0
3671.0,48.0,40.0,48.0,48.0,40.0,48.0,47.995923999999995,40.008329999999994,48.017223,0.0040760000000048535,-0.008329999999993731,-0.01722300000000132,0.01956104304478625,0.0
3672.0,152.0,48.0,48.0,152.0,48.0,48.0,152.00495600000002,48.013977999999994,48.009703,-0.004956000000021277,-0.013977999999994495,-0.009703000000001794,0.017722715057239165,0.0
3673.0,16.0,64.0,48.0,16.0,64.0,48.0,15.989652000000001,64.007042,48.016679,0.010347999999998692,-0.007041999999998438,-0.01667900000000344,0.020853294919510098,0.0
3674.0,120.0,128.0,48.0,120.0,128.0,48.0,119.99129199999999,128.01364199999998,48.003111000000004,0.008708000000012817,-0.013641999999975951,-0.0031110000000040827,0.01648064771177372,0.0
3675.0,40.0,160.0,48.0,40.0,160.0,48.0,39.979307999999996,160.00994599999999,48.004775,0.02069200000000393,-0.009945999999985133,-0.004775000000002194,0.02344957153126444,0.0
3676.0,144.0,160.0,48.0,144.0,160.0,48.0,143.98939600000003,160.01545799999997,47.998119,0.010603999999972302,-0.015457999999966887,0.001880999999997357,0.01883965872828855,0.0
3677.0,56.0,176.0,48.0,56.0,176.0,48.0,55.978747999999996,176.01106599999997,48.002023,0.021252000000004045,-0.011065999999971154,-0.0020230000000012183,0.024045714566207813,0.0
3678.0,168.0,200.0,48.0,168.0,200.0,48.0,167.98644400000003,200.01740999999998,47.992263,0.013555999999965707,-0.01740999999998394,0.007736999999998773,0.023382352426530827,0.0
3679.0,144.0,232.0,48.0,144.0,232.0,48.0,143.97989200000004,232.01668199999997,47.990343,0.02010799999996493,-0.01668199999997455,0.00965699999999714,0.027854594540177482,0.0
3680.0,176.0,56.0,56.0,176.0,56.0,56.0,176.006156,56.01436199999999,56.007223,-0.006156000000004269,-0.014361999999991326,-0.00722300000000331,0.017214386686717924,0.0
3681.0,96.0,88.0,56.0,96.0,88.0,56.0,95.99417199999998,88.010666,56.008887,0.005828000000022371,-0.010666000000000508,-0.008887000000001422,0.015056822672805073,0.0
3682.0,200.0,88.0,56.0,200.0,88.0,56.0,200.00426,88.01617800000001,56.002231,-0.00425999999998794,-0.016178000000010684,-0.0022310000000018704,0.016877578173430312,0.0
3683.0,48.0,176.0,56.0,48.0,176.0,56.0,47.9779,176.00961799999996,56.002455000000005,0.022100000000001785,-0.009617999999960603,-0.002455000000004759,0.024226905477162046,0.0
3684.0,136.0,224.0,56.0,136.0,224.0,56.0,135.9801,224.01509799999997,55.991639000000006,0.019900000000006912,-0.015097999999966305,0.008360999999993624,0.02634133491300604,0.0
3685.0,56.0,24.0,64.0,56.0,24.0,64.0,55.998667999999995,24.006434,64.01827899999999,0.0013320000000049959,-0.0064339999999987185,-0.018278999999992607,0.019424016603157197,0.0
3686.0,56.0,56.0,64.0,56.0,56.0,64.0,55.994443999999994,56.00697799999999,64.01482299999999,0.0055560000000056675,-0.006977999999989493,-0.014822999999992703,0.017299796212663893,0.0
3687.0,184.0,56.0,64.0,184.0,56.0,64.0,184.00686000000002,56.01376199999999,64.006631,-0.006860000000017408,-0.013761999999992724,-0.006630999999998721,0.01674581753752326,0.0
3688.0,168.0,64.0,64.0,168.0,64.0,64.0,168.00425200000004,64.01305,64.00679099999999,-0.00425200000003656,-0.01305000000000689,-0.006790999999992664,0.015313382546008282,0.0
3689.0,200.0,64.0,64.0,200.0,64.0,64.0,200.00735600000002,64.014746,64.004743,-0.007356000000015683,-0.014746000000002368,-0.004743000000004827,0.01714792410177822,0.0
3690.0,152.0,88.0,64.0,152.0,88.0,64.0,151.99953200000002,88.01261000000001,64.005223,0.0004679999999837037,-0.012610000000009336,-0.005223000000000866,0.013656897634537256,0.0
3691.0,216.0,96.0,64.0,216.0,96.0,64.0,216.004684,96.016138,64.000263,-0.004683999999997468,-0.016137999999997987,-0.000263000000003899,0.016806072384704086,0.0
3692.0,224.0,112.0,64.0,224.0,112.0,64.0,224.00334800000002,112.016834,63.998023,-0.003348000000016782,-0.016834000000002902,0.001976999999996565,0.01727718695274773,0.0
3693.0,64.0,136.0,64.0,64.0,136.0,64.0,63.98466,136.00876199999996,64.005671,0.015340000000001908,-0.008761999999961745,-0.005671000000006643,0.01855393448838988,0.0
3694.0,40.0,176.0,64.0,40.0,176.0,64.0,39.977052,176.00816999999998,64.002887,0.022947999999999524,-0.008169999999978472,-0.002887000000001194,0.024529459288774248,0.0
3695.0,208.0,184.0,64.0,208.0,184.0,64.0,207.992292,184.01720999999998,63.991271000000005,0.007708000000008042,-0.0172099999999773,0.008728999999995324,0.020779624755978176,0.0
3696.0,24.0,192.0,64.0,24.0,192.0,64.0,23.973388,192.00759399999995,64.002183,0.02661200000000008,-0.007593999999954804,-0.0021830000000022665,0.027760275016637134,0.0
3697.0,112.0,16.0,72.0,112.0,16.0,72.0,112.005084,16.008241999999996,72.015479,-0.005083999999996536,-0.008241999999995642,-0.015478999999999132,0.018258616075701523,0.0
3698.0,72.0,48.0,72.0,72.0,48.0,72.0,71.99698,48.00666599999999,72.014583,0.003020000000006462,-0.0066659999999885144,-0.014583000000001789,0.01631624481919593,0.0
3699.0,96.0,56.0,72.0,96.0,56.0,72.0,95.998252,56.00807399999999,72.012183,0.0017480000000063,-0.008073999999993475,-0.012182999999993172,0.014719730602145892,0.0
3700.0,104.0,64.0,72.0,104.0,64.0,72.0,103.99797199999999,64.00863399999999,72.010807,0.0020280000000099108,-0.008633999999986486,-0.010806999999999789,0.013980342950006708,0.0
3701.0,176.0,64.0,72.0,176.0,64.0,72.0,176.00495600000002,64.01245,72.006199,-0.004956000000021277,-0.012450000000001182,-0.006198999999995181,0.014764553396570469,0.0
3702.0,176.0,96.0,72.0,176.0,96.0,72.0,176.000732,96.012994,72.002743,-0.0007319999999992888,-0.012994000000006167,-0.002742999999995277,0.013300522884463352,0.0
3703.0,216.0,112.0,72.0,216.0,112.0,72.0,216.0025,112.015386,71.99845499999999,-0.0024999999999977263,-0.015386000000006561,0.001545000000007235,0.015664163590827722,0.0
3704.0,80.0,168.0,72.0,80.0,168.0,72.0,79.981916,168.00912999999997,72.001111,0.018084000000001765,-0.00912999999997055,-0.001110999999994533,0.020288476458312832,0.0
3705.0,48.0,24.0,80.0,48.0,24.0,80.0,47.997747999999994,24.003961999999998,80.018631,0.002252000000005694,-0.003961999999997801,-0.018630999999999176,0.0191802791689792,0.0
3706.0,112.0,24.0,80.0,112.0,24.0,80.0,112.00395599999999,24.007354,80.014535,-0.00395599999998808,-0.0073539999999994166,-0.01453499999999508,0.016762979359283184,0.0
3707.0,120.0,32.0,80.0,120.0,32.0,80.0,120.003676,32.007914,80.013159,-0.0036759999999986803,-0.007913999999999533,-0.013159000000001697,0.015789352519974577,0.0
3708.0,184.0,64.0,80.0,184.0,64.0,80.0,184.00566000000003,64.01185000000001,80.005607,-0.005660000000034415,-0.011850000000009686,-0.005606999999997697,0.014279234888487313,0.0
3709.0,208.0,72.0,80.0,208.0,72.0,80.0,208.006932,72.01325800000001,80.003207,-0.0069320000000061555,-0.013258000000007542,-0.0032070000000032906,0.015300720146460637,0.0
3710.0,224.0,128.0,80.0,224.0,128.0,80.0,224.001092,128.01505799999998,79.996135,-0.0010919999999998709,-0.01505799999998203,0.0038650000000046703,0.015584416992608182,0.0
3711.0,24.0,160.0,80.0,24.0,160.0,80.0,23.977468,160.00500199999996,80.005479,0.022532000000001773,-0.005001999999961981,-0.0054789999999940164,0.023721940666809577,0.0
3712.0,216.0,232.0,80.0,216.0,232.0,80.0,215.986588,232.01640199999997,79.985415,0.013411999999988211,-0.01640199999997094,0.01458499999999674,0.025722161126130818,0.0
3713.0,16.0,8.0,88.0,16.0,8.0,88.0,15.996684000000002,8.000969999999999,88.022327,0.0033159999999980982,-0.0009699999999988052,-0.022327000000004205,0.02259273522617775,0.0
3714.0,48.0,48.0,88.0,48.0,48.0,88.0,47.994508,48.00334599999999,88.015959,0.005491999999996722,-0.00334599999999341,-0.01595899999999517,0.017206029786088532,0.0
3715.0,224.0,80.0,88.0,224.0,80.0,88.0,224.00735600000002,80.013218,88.001239,-0.007356000000015683,-0.013217999999994845,-0.0012389999999982138,0.015177660590489235,0.0
3716.0,16.0,168.0,88.0,16.0,168.0,88.0,15.975564,168.00368999999998,88.00504699999999,0.02443599999999968,-0.0036899999999775446,-0.005046999999990476,0.0252231323391787,0.0
3717.0,8.0,184.0,88.0,8.0,184.0,88.0,7.972676,184.00353799999996,88.00383099999999,0.027324000000000126,-0.0035379999999634038,-0.003830999999991036,0.027817170614562497,0.0
3718.0,80.0,80.0,96.0,80.0,80.0,96.0,79.993316,80.004562,96.010375,0.006684000000007018,-0.00456200000000706,-0.010374999999996248,0.013157823718232448,0.0
3719.0,112.0,120.0,96.0,112.0,120.0,96.0,111.99113999999999,120.00693799999999,96.004007,0.008860000000012747,-0.006937999999991007,-0.004007000000001426,0.011945354452677932,0.0
3720.0,144.0,136.0,96.0,144.0,136.0,96.0,143.992132,136.00890599999997,96.000231,0.007868000000001985,-0.008905999999967662,-0.0002309999999994261,0.01188594215867867,0.0
3721.0,32.0,176.0,96.0,32.0,176.0,96.0,31.975988,176.00364999999996,96.003079,0.024011999999999034,-0.003649999999964848,-0.00307899999999961,0.02448221568812134,0.0
3722.0,224.0,176.0,96.0,224.0,176.0,96.0,223.994612,176.01382599999997,95.990791,0.0053880000000106065,-0.013825999999966143,0.009208999999998468,0.017464091759926994,0.0
3723.0,128.0,208.0,96.0,128.0,208.0,96.0,127.98107599999999,208.00928199999996,95.993479,0.018924000000012597,-0.00928199999995627,0.006521000000006438,0.022063470737845144,0.0
3724.0,16.0,216.0,96.0,16.0,216.0,96.0,15.969156000000002,216.00348199999996,95.999783,0.030843999999998317,-0.0034819999999626816,0.000217000000006351,0.031040678939089576,0.0
3725.0,40.0,32.0,104.0,40.0,32.0,104.0,39.9957,32.00060199999999,104.018039,0.004300000000000637,-0.0006019999999935521,-0.018039000000001693,0.018554188880143985,0.0
3726.0,48.0,56.0,104.0,48.0,56.0,104.0,47.99330799999999,56.001433999999996,104.014935,0.006692000000008136,-0.0014339999999961606,-0.014934999999994147,0.016428434039795853,0.0
3727.0,64.0,64.0,104.0,64.0,64.0,104.0,63.993804,64.002418,104.013047,0.006196000000002755,-0.0024180000000058044,-0.013047000000000253,0.014644498933048847,0.0
3728.0,160.0,144.0,104.0,160.0,144.0,104.0,159.992556,144.00886599999995,103.998263,0.007443999999992457,-0.008865999999954965,0.0017370000000056507,0.01170624880135002,0.0
3729.0,72.0,8.0,112.0,72.0,8.0,112.0,72.00189999999999,8.000866,112.018503,-0.0018999999999920192,-0.0008660000000002555,-0.018502999999995495,0.01862044481208232,0.0
3730.0,88.0,56.0,112.0,88.0,56.0,112.0,87.997116,56.00252999999999,112.012295,0.0028839999999945576,-0.002529999999993038,-0.012294999999994616,0.012879649878773918,0.0
3731.0,128.0,56.0,112.0,128.0,56.0,112.0,128.000996,56.00464999999999,112.00973499999999,-0.0009959999999864522,-0.004649999999990939,-0.009734999999992056,0.010834423888686193,0.0
3732.0,40.0,64.0,112.0,40.0,64.0,112.0,39.991404,64.000122,112.014503,0.008595999999997161,-0.00012200000000461841,-0.014503000000004818,0.01685951093597,0.0
3733.0,192.0,104.0,112.0,192.0,104.0,112.0,192.000868,104.008858,112.000455,-0.0008679999999969823,-0.008858000000003585,-0.00045500000000231466,0.00891204875435836,0.0
3734.0,72.0,152.0,112.0,72.0,152.0,112.0,71.98289199999999,152.003314,112.002951,0.01710800000000745,-0.003313999999988937,-0.002950999999995929,0.01767412405184929,0.0
3735.0,64.0,160.0,112.0,64.0,160.0,112.0,63.98106,160.003026,112.002599,0.018940000000000623,-0.0030260000000055243,-0.0025990000000035707,0.019355492166309687,0.0
3736.0,192.0,192.0,112.0,192.0,192.0,112.0,191.989252,192.01035399999998,111.990951,0.010748000000006641,-0.010353999999978214,0.009049000000004526,0.017453057640418584,0.0
3737.0,8.0,200.0,112.0,8.0,200.0,112.0,7.970348,200.00073799999998,112.001863,0.029651999999999568,-0.0007379999999841402,-0.00186300000000017,0.02971963184495985,0.0
3738.0,120.0,224.0,112.0,120.0,224.0,112.0,119.978044,224.007082,111.992103,0.021956000000002973,-0.007081999999996924,0.00789699999999982,0.02438407818639212,0.0
3739.0,56.0,8.0,120.0,56.0,8.0,120.0,56.000276,7.998993999999999,120.019447,-0.00027599999999949887,0.0010060000000011726,-0.019446999999999548,0.01947495881895478,0.0
3740.0,64.0,16.0,120.0,64.0,16.0,120.0,63.999996,15.999554000000002,120.01807099999999,3.999999997006398e-06,0.0004459999999983921,-0.018070999999991955,0.018076503339963395,0.0
3741.0,184.0,112.0,120.0,184.0,112.0,120.0,183.99896400000003,112.00754599999999,120.000023,0.001035999999970727,-0.007545999999990727,-2.2999999998774e-05,0.007616819611872093,0.0
3742.0,64.0,144.0,120.0,64.0,144.0,120.0,63.9831,144.00172999999998,120.00424699999999,0.016899999999999693,-0.0017299999999806914,-0.00424699999999234,0.017511136713527702,0.0
3743.0,72.0,160.0,120.0,72.0,160.0,120.0,71.981764,160.00242599999999,120.00200699999999,0.018236000000001695,-0.0024259999999856063,-0.0020069999999918764,0.018505815869611354,0.0
3744.0,152.0,16.0,128.0,152.0,16.0,128.0,152.00846,16.003193999999997,128.012359,-0.008460000000013679,-0.0031939999999970325,-0.012359000000003562,0.01531398436071751,0.0
3745.0,64.0,24.0,128.0,64.0,24.0,128.0,63.998867999999995,23.998666,128.01712700000002,0.001132000000005462,0.0013339999999999463,-0.017127000000016324,0.01721612932690073,0.0
3746.0,184.0,80.0,128.0,184.0,80.0,128.0,184.00311600000003,80.005978,128.003399,-0.0031160000000340915,-0.005977999999998929,-0.003399000000001706,0.007549777546405672,0.0
3747.0,40.0,88.0,128.0,40.0,88.0,128.0,39.98809200000001,87.998482,128.011751,0.011907999999991148,0.0015180000000043492,-0.011751000000003842,0.01679853532305399,0.0
3748.0,208.0,104.0,128.0,208.0,104.0,128.0,208.00227600000002,104.00765799999999,127.999271,-0.0022760000000232594,-0.007657999999992171,0.000729000000006863,0.008022255356194788,0.0
3749.0,176.0,176.0,128.0,176.0,176.0,128.0,175.98966800000002,176.007186,127.993543,0.010331999999976915,-0.007185999999990145,0.0064569999999974925,0.014145022764186312,0.0
3750.0,64.0,184.0,128.0,64.0,184.0,128.0,63.977748000000005,184.001386,127.999847,0.02225199999999461,-0.0013859999999965567,0.0001529999999974052,0.02229564775914236,0.0
3751.0,216.0,192.0,128.0,216.0,192.0,128.0,215.99143600000002,192.00957799999998,127.989255,0.008563999999978478,-0.009577999999976328,0.010745000000000005,0.016749185204038373,0.0
3752.0,176.0,24.0,136.0,176.0,24.0,136.0,176.00966000000003,24.003577999999997,136.009879,-0.009660000000025093,-0.0035779999999974166,-0.009879000000012184,0.014272782664943338,0.0
3753.0,16.0,88.0,136.0,16.0,88.0,136.0,15.985692,87.996186,136.013207,0.014307999999999765,0.003814000000005535,-0.013206999999994196,0.01984163070415036,0.0
3754.0,104.0,120.0,136.0,104.0,120.0,136.0,103.990004,120.00139399999999,136.004119,0.009996000000001004,-0.0013939999999905694,-0.00411900000000287,0.010900890468214852,0.0
3755.0,144.0,128.0,136.0,144.0,128.0,136.0,143.992828,128.00365,136.000695,0.00717199999999707,-0.0036499999999932697,-0.0006950000000074397,0.00807732065724267,0.0
3756.0,232.0,128.0,136.0,232.0,128.0,136.0,232.001364,128.00831399999998,135.995063,-0.001363999999995258,-0.00831399999998439,0.004937000000012404,0.009765094008756392,0.0
3757.0,208.0,192.0,136.0,208.0,192.0,136.0,207.990588,192.00813,135.989687,0.009411999999997533,-0.008129999999994197,0.010312999999996464,0.01615675131329892,0.0
3758.0,80.0,88.0,144.0,80.0,88.0,144.0,79.991828,87.998554,144.009031,0.008172000000001844,0.0014460000000013906,-0.009030999999993128,0.012265050387173713,0.0
3759.0,96.0,120.0,144.0,96.0,120.0,144.0,95.989156,119.999946,144.004551,0.010844000000005849,5.400000000577165e-05,-0.0045509999999922,0.011760393403286154,0.0
3760.0,48.0,232.0,144.0,48.0,232.0,144.0,47.96971599999999,231.999306,143.995527,0.03028400000000886,0.0006940000000099644,0.004472999999990179,0.03062041836749561,0.0
3761.0,200.0,40.0,152.0,200.0,40.0,152.0,200.00973199999999,40.003074,152.006455,-0.009731999999985419,-0.0030739999999980228,-0.006454999999988331,0.01207593992199172,0.0
3762.0,192.0,104.0,152.0,192.0,104.0,152.0,192.000508,104.003738,152.000055,-0.0005079999999964002,-0.0037379999999984648,-5.5000000003246896e-05,0.0037727619855995715,0.0
3763.0,152.0,120.0,152.0,152.0,120.0,152.0,151.994516,120.00188999999999,152.000887,0.0054839999999956035,-0.001889999999988845,-0.0008870000000058553,0.005867974522773595,0.0
3764.0,232.0,120.0,152.0,232.0,120.0,152.0,232.002276,120.00612999999998,151.995767,-0.0022759999999948377,-0.006129999999984648,0.004232999999999265,0.007789439325123604,0.0
3765.0,24.0,136.0,152.0,24.0,136.0,152.0,23.979988,135.995378,152.007351,0.02001200000000125,0.004622000000011894,-0.007350999999999885,0.02181467920919669,0.0
3766.0,16.0,144.0,152.0,16.0,144.0,152.0,15.978156000000002,143.99508999999998,152.006999,0.021843999999997976,0.004910000000023729,-0.006999000000007527,0.023457502786960294,0.0
3767.0,208.0,208.0,152.0,208.0,208.0,152.0,207.98833199999999,208.006354,151.987799,0.011668000000014445,-0.006353999999987536,0.01220100000000457,0.018038290966726593,0.0
3768.0,72.0,104.0,160.0,72.0,104.0,160.0,71.988796,103.996354,160.007655,0.011204000000006431,0.0036460000000033688,-0.007654999999999745,0.014050692402873417,0.0
3769.0,176.0,104.0,160.0,176.0,104.0,160.0,175.99888400000003,104.00186599999999,160.000999,0.0011159999999676984,-0.0018659999999925958,-0.0009990000000072996,0.0023927835255022245,0.0
3770.0,8.0,112.0,160.0,8.0,112.0,160.0,7.9815320000000005,111.99309799999999,160.010887,0.018467999999999485,0.006902000000010844,-0.01088699999999676,0.022521798263017544,0.0
3771.0,168.0,120.0,160.0,168.0,120.0,160.0,167.99599600000002,120.00171399999999,159.999783,0.004003999999980579,-0.0017139999999926658,0.00021699999999214015,0.004360837190244085,0.0
3772.0,136.0,168.0,160.0,136.0,168.0,160.0,135.986556,168.000834,159.996647,0.013443999999992684,-0.0008339999999975589,0.003353000000004158,0.013880896981096975,0.0
3773.0,224.0,32.0,168.0,224.0,32.0,168.0,224.01297200000002,32.00216199999999,168.005623,-0.01297200000001908,-0.0021619999999913375,-0.0056230000000141445,0.014302627625741244,0.0
3774.0,24.0,64.0,168.0,24.0,64.0,168.0,23.989347999999996,63.99210599999999,168.014967,0.01065200000000388,0.007894000000007395,-0.014967000000012831,0.019994785045120728,0.0
3775.0,32.0,160.0,168.0,32.0,160.0,168.0,31.977452,159.994162,168.004087,0.022548000000000457,0.005838000000011334,-0.0040869999999983975,0.023647370192056025,0.0
3776.0,8.0,168.0,168.0,8.0,168.0,168.0,7.974068,167.993026,168.004759,0.025932000000000066,0.0069740000000138025,-0.004759000000007063,0.027271842273676034,0.0
3777.0,184.0,184.0,168.0,184.0,184.0,168.0,183.98902800000002,184.002626,167.991767,0.010971999999981108,-0.0026259999999922456,0.008232999999989943,0.013966493797635078,0.0
3778.0,8.0,192.0,168.0,8.0,192.0,168.0,7.9709,191.99343399999998,168.00216700000001,0.02909999999999968,0.006566000000020722,-0.002167000000014241,0.029910169591634134,0.0
3779.0,72.0,40.0,176.0,72.0,40.0,176.0,71.9971,39.99321799999999,176.014407,0.002899999999996794,0.006782000000008281,-0.01440700000000561,0.016185399995065162,0.0
3780.0,224.0,112.0,176.0,224.0,112.0,176.0,224.00234,112.002498,175.996903,-0.0023400000000037835,-0.0024980000000027758,0.0030969999999967968,0.004615952014483224,0.0
3781.0,168.0,128.0,176.0,168.0,128.0,176.0,167.994796,127.999802,175.998759,0.005203999999991993,0.00019799999999747797,0.0012409999999931642,0.005353587675559138,0.0
3782.0,56.0,144.0,176.0,56.0,144.0,176.0,55.98182,143.994138,176.004199,0.018180000000000973,0.005862000000007583,-0.004198999999999842,0.019557787323726653,0.0
3783.0,48.0,152.0,176.0,48.0,152.0,176.0,47.979988,151.99384999999998,176.003847,0.02001200000000125,0.006150000000019418,-0.0038470000000074833,0.021286193952896944,0.0
3784.0,32.0,168.0,176.0,32.0,168.0,176.0,31.976323999999998,167.99327399999999,176.003143,0.023676000000001807,0.006726000000014665,-0.0031429999999943448,0.024812708457567608,0.0
3785.0,72.0,176.0,176.0,72.0,176.0,176.0,71.97914800000001,175.99552999999997,175.999719,0.020851999999990767,0.004470000000026175,0.00028100000000108594,0.02132758225865861,0.0
3786.0,144.0,224.0,176.0,144.0,224.0,176.0,143.979796,224.000162,175.989927,0.020204000000006772,-0.00016199999998889325,0.01007300000000555,0.02257638564962031,0.0
3787.0,16.0,24.0,184.0,16.0,24.0,184.0,15.993708,23.988954,184.019639,0.006292000000000186,0.011046000000000333,-0.019639000000012174,0.023394309158436117,0.0
3788.0,184.0,72.0,184.0,184.0,72.0,184.0,184.00366800000003,71.99867400000001,184.003703,-0.0036680000000330892,0.0013259999999917227,-0.003703000000001566,0.005378169670085948,0.0
3789.0,56.0,104.0,184.0,56.0,104.0,184.0,55.987028,103.992434,184.008439,0.012971999999997763,0.007565999999997075,-0.008439000000009855,0.01722596473350808,0.0
3790.0,72.0,128.0,184.0,72.0,128.0,184.0,71.985412,127.99369,184.004823,0.014588000000003376,0.00630999999999915,-0.004822999999987587,0.016609851685068355,0.0
3791.0,32.0,160.0,184.0,32.0,160.0,184.0,31.977308,159.992114,184.003927,0.02269199999999927,0.007886000000013382,-0.003927000000004455,0.024342086784008735,0.0
3792.0,16.0,168.0,184.0,16.0,168.0,184.0,15.9747,167.991402,184.004087,0.025299999999999656,0.008598000000006323,-0.0040869999999983975,0.027031817789413982,0.0
3793.0,64.0,184.0,184.0,64.0,184.0,184.0,63.977244000000006,183.994218,183.999287,0.022755999999994003,0.005782000000010612,0.0007129999999904157,0.023489900574498738,0.0
3794.0,24.0,192.0,184.0,24.0,192.0,184.0,23.972307999999998,191.99223399999997,184.000983,0.027692000000001826,0.007766000000032136,-0.0009829999999908523,0.028777142127052544,0.0
3795.0,96.0,232.0,184.0,96.0,232.0,184.0,95.97401199999999,231.99672999999999,183.992055,0.025988000000012335,0.003270000000014761,0.00794500000000653,0.027371373166153748,0.0
3796.0,88.0,32.0,192.0,88.0,32.0,192.0,87.999564,31.991881999999997,192.014087,0.00043599999999344163,0.008118000000003178,-0.014086999999989303,0.016264550070621213,0.0
3797.0,120.0,32.0,192.0,120.0,32.0,192.0,120.002668,31.993578,192.01203900000002,-0.0026679999999998927,0.006422000000000594,-0.012039000000015676,0.013903158957603285,0.0
3798.0,176.0,48.0,192.0,176.0,48.0,192.0,176.005988,47.99681799999999,192.006727,-0.005988000000002103,0.003182000000009566,-0.00672700000001214,0.009551638445850502,0.0
3799.0,176.0,88.0,192.0,176.0,88.0,192.0,176.000708,87.99749800000001,192.002407,-0.0007080000000030395,0.0025019999999926767,-0.002407000000005155,0.0035432918310509616,0.0
3800.0,40.0,168.0,192.0,40.0,168.0,192.0,39.976956,167.99165,192.002471,0.023043999999998732,0.008350000000007185,-0.002471000000014101,0.024634412454940573,0.0
3801.0,72.0,40.0,200.0,72.0,40.0,200.0,71.996884,39.990145999999996,200.01416700000001,0.00311600000000567,0.009854000000004248,-0.014167000000014696,0.01753609594523637,0.0
3802.0,64.0,48.0,200.0,64.0,48.0,200.0,63.995052,47.989858,200.013815,0.004947999999998842,0.010142000000001872,-0.013814999999993915,0.01783807985742463,0.0
3803.0,168.0,80.0,200.0,168.0,80.0,200.0,168.00091600000002,79.995914,200.003703,-0.0009160000000179025,0.004086000000000922,-0.003703000000001566,0.0055898712865371,0.0
3804.0,160.0,144.0,200.0,160.0,144.0,200.0,159.991692,143.99657799999997,199.99730300000002,0.008307999999999538,0.003422000000028902,0.002696999999983518,0.009381191662049189,0.0
3805.0,144.0,8.0,208.0,144.0,8.0,208.0,144.00802000000002,7.992393999999999,208.012935,-0.008020000000016125,0.00760600000000089,-0.012934999999998809,0.017014284028434502,0.0
3806.0,40.0,48.0,208.0,40.0,48.0,208.0,39.99265200000001,47.987562,208.015271,0.007347999999993249,0.012438000000003058,-0.015271000000012691,0.021021426902100734,0.0
3807.0,152.0,96.0,208.0,152.0,96.0,208.0,151.99718000000001,95.994314,208.002919,0.002819999999985612,0.005685999999997193,-0.002918999999991456,0.006985954265512841,0.0
3808.0,80.0,112.0,208.0,80.0,112.0,208.0,79.98808399999999,111.99077,208.005799,0.011916000000013582,0.009230000000002292,-0.005798999999996113,0.016149685972189087,0.0
3809.0,104.0,8.0,216.0,104.0,8.0,216.0,104.00406799999999,7.989249999999999,216.015415,-0.0040679999999895244,0.010750000000000703,-0.015414999999990187,0.019228451549712144,0.0
3810.0,104.0,40.0,216.0,104.0,40.0,216.0,103.999844,39.989793999999996,216.011959,0.0001560000000040418,0.010206000000003712,-0.011958999999990283,0.015722736816465657,0.0
3811.0,64.0,80.0,216.0,64.0,80.0,216.0,63.990684,79.988354,216.010199,0.009315999999998326,0.011645999999998935,-0.010199000000000069,0.018067561346234454,0.0
3812.0,104.0,144.0,216.0,104.0,144.0,216.0,103.986116,143.991562,216.000727,0.013884000000004448,0.00843800000001238,-0.0007270000000119126,0.016263266246370985,0.0
3813.0,104.0,160.0,216.0,104.0,160.0,216.0,103.984004,159.99183399999998,215.998999,0.01599600000000123,0.008166000000016993,0.00100100000000225,0.017987706162830252,0.0
3814.0,40.0,40.0,224.0,40.0,40.0,224.0,39.993564000000006,39.985378,224.015975,0.006435999999993669,0.0146220000000028,-0.015974999999997408,0.02259260066924385,0.0
3815.0,32.0,48.0,224.0,32.0,48.0,224.0,31.991732,47.98508999999999,224.015623,0.008268000000001052,0.014910000000007528,-0.01562300000000505,0.023124576817758192,0.0
3816.0,56.0,64.0,224.0,56.0,64.0,224.0,55.991948,63.98663399999999,224.012359,0.008051999999999282,0.01336600000001198,-0.012359000000003562,0.0199055153412414,0.0
3817.0,136.0,104.0,224.0,136.0,104.0,224.0,135.99442800000003,103.991554,224.002919,0.005571999999972377,0.008446000000006393,-0.002918999999991456,0.010531033235146032,0.0
3818.0,112.0,136.0,224.0,112.0,136.0,224.0,111.987876,135.99082599999997,224.000999,0.012124000000000024,0.009174000000029991,-0.0009990000000072996,0.01523652365208565,0.0
3819.0,80.0,192.0,224.0,80.0,192.0,224.0,79.97738,191.99008199999997,223.99699900000002,0.022620000000003415,0.009918000000027405,0.003000999999983378,0.024880456687942816,0.0
3820.0,112.0,200.0,224.0,112.0,200.0,224.0,111.979428,199.99191399999998,223.994087,0.020572000000001367,0.008086000000020022,0.005912999999992508,0.02288130566642322,0.0
3821.0,120.0,88.0,232.0,120.0,88.0,232.0,119.99491599999999,87.98940999999999,232.005591,0.005084000000010747,0.010590000000007649,-0.005591000000009672,0.013009782357917422,0.0
3822.0,152.0,96.0,232.0,152.0,96.0,232.0,151.99696400000002,95.991242,232.002679,0.0030359999999802767,0.008758000000000266,-0.002679000000000542,0.009648673535771007,0.0
3823.0,80.0,144.0,232.0,80.0,144.0,232.0,79.983644,143.98824199999999,232.002103,0.016356000000001814,0.01175800000001459,-0.002103000000005295,0.02025319503190607,0.0
3824.0,88.0,192.0,232.0,88.0,192.0,232.0,87.978084,191.98948199999998,231.996407,0.021916000000004487,0.010518000000018901,0.0035929999999950724,0.024573339801511697,0.0
3825.0,176.0,216.0,232.0,176.0,216.0,232.0,175.98345200000003,215.99455399999997,231.988183,0.016547999999971807,0.005446000000034701,0.011817000000007738,0.021050812549629237,0.0
3826.0,136.0,24.0,8.0,136.0,24.0,8.0,136.00693200000003,24.017841999999998,8.013719,-0.006932000000034577,-0.017841999999998137,-0.013719000000000037,0.02354995857746705,0.0
3827.0,96.0,32.0,8.0,96.0,32.0,8.0,96.00199599999999,32.015857999999994,8.015415,-0.001995999999991227,-0.015857999999994377,-0.015415000000000845,0.022205458900905712,0.0
3828.0,16.0,56.0,8.0,16.0,56.0,8.0,15.991068000000002,56.01202599999999,8.017943,0.008931999999997942,-0.012025999999991654,-0.01794300000000071,0.023374271090234832,0.0
3829.0,56.0,136.0,8.0,56.0,136.0,8.0,55.984387999999996,136.015506,8.006743,0.0156120000000044,-0.015505999999987807,-0.0067430000000001655,0.023013879051558463,0.0
3830.0,200.0,32.0,16.0,200.0,32.0,16.0,200.012012,32.02034599999999,16.008679,-0.01201199999999858,-0.020345999999989317,-0.00867900000000077,0.025170874061095784,0.0
3831.0,192.0,72.0,16.0,192.0,72.0,16.0,192.005956,72.020602,16.004871,-0.00595599999999763,-0.02060199999999668,-0.004871000000001402,0.0219918844349421,0.0
3832.0,104.0,16.0,24.0,104.0,16.0,24.0,104.00474,16.013962,24.016471000000003,-0.00473999999999819,-0.013961999999999364,-0.01647100000000279,0.022106534893557083,0.0
3833.0,8.0,48.0,24.0,8.0,48.0,24.0,7.991204,48.00941799999999,24.019159000000002,0.008796000000000248,-0.00941799999998949,-0.019159000000001924,0.02308972977321043,0.0
3834.0,56.0,64.0,24.0,56.0,64.0,24.0,55.993748,64.01223399999999,24.014359000000002,0.006252000000003477,-0.012233999999992307,-0.014359000000002453,0.01987307578106433,0.0
3835.0,72.0,112.0,24.0,72.0,112.0,24.0,71.988964,112.013898,24.008151,0.011036000000004265,-0.013897999999997523,-0.008151000000001574,0.019529119309381338,0.0
3836.0,192.0,128.0,24.0,192.0,128.0,24.0,191.998492,128.02052999999998,23.998743,0.001508000000001175,-0.02052999999997951,0.0012569999999989534,0.020623651786217678,0.0
3837.0,32.0,192.0,24.0,32.0,192.0,24.0,31.974524,192.01313799999997,24.002071,0.025476000000001164,-0.013137999999969452,-0.002071000000000822,0.0287388702109053,0.0
3838.0,80.0,112.0,32.0,80.0,112.0,32.0,79.989668,112.01329799999999,32.007559,0.010332000000005337,-0.013297999999991816,-0.0075590000000005375,0.0184587515558312,0.0
3839.0,80.0,184.0,40.0,80.0,184.0,40.0,79.980092,184.01349799999997,39.999703000000004,0.019908000000000925,-0.013497999999970034,0.00029699999999621696,0.024054369187306194,0.0
3840.0,184.0,192.0,40.0,184.0,192.0,40.0,183.98912400000003,192.01914599999998,39.992183000000004,0.01087599999996769,-0.019145999999977903,0.007816999999995744,0.023365833625154153,0.0
3841.0,224.0,8.0,48.0,224.0,8.0,48.0,224.01722,8.017114,48.009415000000004,-0.017220000000008895,-0.017113999999999407,-0.00941500000000417,0.026039577972777603,0.0
3842.0,160.0,56.0,48.0,160.0,56.0,48.0,160.00467600000002,56.014537999999995,48.008327,-0.004676000000017666,-0.01453799999999461,-0.008327000000001306,0.01739417572062644,0.0
3843.0,184.0,88.0,48.0,184.0,88.0,48.0,184.00278000000003,88.01635399999999,48.003335,-0.0027800000000297587,-0.016353999999992652,-0.003334999999999866,0.016920518343121888,0.0
3844.0,216.0,104.0,48.0,216.0,104.0,48.0,216.00377200000003,104.018322,47.999559000000005,-0.00377200000002631,-0.01832199999999773,0.0004409999999950287,0.018711444332282605,0.0
3845.0,80.0,128.0,48.0,80.0,128.0,48.0,79.98741199999999,128.01152199999999,48.005671,0.012588000000008037,-0.011521999999985155,-0.0056709999999995375,0.01798261574409727,0.0
3846.0,88.0,24.0,56.0,88.0,24.0,56.0,88.00184399999999,24.009154,56.016311,-0.001843999999991297,-0.009153999999998774,-0.01631100000000174,0.018794807075359996,0.0
3847.0,144.0,176.0,56.0,144.0,176.0,56.0,143.987212,176.01470599999996,55.996311000000006,0.012788000000000466,-0.01470599999996125,0.00368899999999428,0.0198345179169757,0.0
3848.0,136.0,200.0,56.0,136.0,200.0,56.0,135.983268,200.01468999999997,55.994231000000006,0.01673199999999042,-0.014689999999973224,0.005768999999993696,0.023000810529170922,0.0
3849.0,64.0,56.0,64.0,64.0,56.0,64.0,63.995219999999996,56.00740199999999,64.014311,0.004780000000003781,-0.007401999999991915,-0.014311000000006402,0.0168060323991149,0.0
3850.0,104.0,136.0,64.0,104.0,136.0,64.0,103.98854,136.01088199999998,64.003111,0.011459999999999582,-0.010881999999980962,-0.0031110000000040827,0.01610676395181855,0.0
3851.0,104.0,168.0,64.0,104.0,168.0,64.0,103.98431599999999,168.01142599999997,63.999655000000004,0.01568400000000736,-0.011425999999971737,0.00034499999999582087,0.019407739615925963,0.0
3852.0,208.0,224.0,64.0,208.0,224.0,64.0,207.987012,224.01788999999997,63.986951000000005,0.012988000000007105,-0.017889999999965767,0.013048999999995203,0.025671319502488268,0.0
3853.0,80.0,88.0,72.0,80.0,88.0,72.0,79.992476,88.00777000000001,72.009751,0.007524000000003639,-0.007770000000007826,-0.009750999999994292,0.014562468094387881,0.0
3854.0,96.0,144.0,72.0,96.0,144.0,72.0,95.98663599999999,144.00956999999997,72.002679,0.013364000000009923,-0.009569999999968104,-0.002679000000000542,0.01665408169187535,0.0
3855.0,232.0,144.0,72.0,232.0,144.0,72.0,231.99982799999998,144.01677799999996,71.99397499999999,0.0001720000000204891,-0.016777999999959547,0.006025000000008163,0.017827829172357132,0.0
3856.0,40.0,16.0,80.0,40.0,16.0,80.0,39.998028000000005,16.003402,80.02000699999999,0.0019719999999949778,-0.0034020000000012374,-0.02000699999999256,0.02038976304422616,0.0
3857.0,184.0,104.0,80.0,184.0,104.0,80.0,184.00038000000004,104.01253,80.00128699999999,-0.00038000000003535206,-0.012529999999998154,-0.0012869999999907122,0.01260165342325985,0.0
3858.0,184.0,144.0,80.0,184.0,144.0,80.0,183.9951,144.01320999999996,79.996967,0.004899999999992133,-0.0132099999999582,0.003033000000002062,0.014412258289346296,0.0
3859.0,32.0,184.0,80.0,32.0,184.0,80.0,31.975076,184.00583399999996,80.002375,0.024923999999998614,-0.00583399999996459,-0.002375000000000682,0.02570762449156905,0.0
3860.0,232.0,8.0,88.0,232.0,8.0,88.0,232.017636,8.012417999999998,88.00850299999999,-0.0176360000000102,-0.012417999999998486,-0.00850299999999038,0.023184827560285167,0.0
3861.0,72.0,40.0,88.0,72.0,40.0,88.0,71.997892,40.004481999999996,88.015287,0.002108000000006882,-0.004481999999995878,-0.015287000000000717,0.01606936081491775,0.0
3862.0,216.0,80.0,88.0,216.0,80.0,88.0,216.00658,80.012794,88.001751,-0.006580000000013797,-0.012793999999999528,-0.0017509999999987258,0.014493061684825777,0.0
3863.0,184.0,120.0,88.0,184.0,120.0,88.0,183.99819600000004,120.01177799999999,87.999479,0.0018039999999643896,-0.011777999999992517,0.0005210000000062109,0.011926740585746875,0.0
3864.0,24.0,224.0,88.0,24.0,224.0,88.0,23.968947999999997,224.00506599999997,87.998487,0.031052000000002522,-0.005065999999970927,0.0015130000000027621,0.031498892504338474,0.0
3865.0,48.0,56.0,96.0,48.0,56.0,96.0,47.993379999999995,56.002458,96.01501499999999,0.006620000000005177,-0.0024579999999971847,-0.015014999999991119,0.016592660696819785,0.0
3866.0,88.0,48.0,104.0,88.0,48.0,104.0,87.998244,48.003417999999996,104.013239,0.0017560000000003129,-0.0034179999999963684,-0.013238999999998668,0.013785404636786727,0.0
3867.0,192.0,96.0,104.0,192.0,96.0,104.0,192.001996,96.00974599999999,104.00139899999999,-0.001995999999991227,-0.009745999999992705,-0.0013989999999921565,0.010046180020276406,0.0
3868.0,72.0,160.0,104.0,72.0,160.0,104.0,71.981908,160.00447399999996,104.002167,0.018091999999995778,-0.004473999999959233,-0.00216700000000003,0.01876254324444004,0.0
3869.0,160.0,160.0,104.0,160.0,160.0,104.0,159.99044400000002,160.00913799999998,103.996535,0.009555999999975029,-0.009137999999978774,0.0034650000000056025,0.01366844559557427,0.0
3870.0,32.0,24.0,112.0,32.0,24.0,112.0,31.995908000000004,23.999018,112.019335,0.004091999999996432,0.0009820000000004825,-0.019334999999998104,0.019787647990600055,0.0
3871.0,8.0,224.0,112.0,8.0,224.0,112.0,7.96718,224.00114599999998,111.999271,0.03282000000000007,-0.0011459999999772208,0.000729000000006863,0.03284809213637776,0.0
3872.0,40.0,232.0,112.0,40.0,232.0,112.0,39.969228,232.00297799999998,111.996359,0.03077199999999891,-0.002977999999984604,0.0036410000000017817,0.031129428986087334,0.0
3873.0,128.0,40.0,120.0,128.0,40.0,120.0,128.003036,40.003353999999995,120.011383,-0.0030360000000086984,-0.003353999999994528,-0.011382999999995036,0.01224905306543747,0.0
3874.0,96.0,128.0,120.0,96.0,128.0,120.0,95.98831599999998,128.003154,120.003927,0.011684000000016681,-0.003153999999994994,-0.003927000000004455,0.01272339974222272,0.0
3875.0,48.0,168.0,120.0,48.0,168.0,120.0,47.978379999999994,168.00128999999998,120.002679,0.021620000000005746,-0.001289999999983138,-0.002679000000000542,0.021823508906686107,0.0
3876.0,24.0,128.0,128.0,24.0,128.0,128.0,23.98126,127.998314,128.008455,0.01874000000000109,0.0016860000000065156,-0.008454999999997881,0.02062806876564132,0.0
3877.0,16.0,144.0,128.0,16.0,144.0,128.0,15.978372000000002,143.99816199999998,128.007239,0.021627999999997982,0.0018380000000206564,-0.007238999999998441,0.022881253221796356,0.0
3878.0,56.0,192.0,128.0,56.0,192.0,128.0,55.975916000000005,192.00109799999998,127.999495,0.024083999999994887,-0.0010979999999847223,0.0005050000000039745,0.02411430457217716,0.0
3879.0,8.0,120.0,136.0,8.0,120.0,136.0,7.980692,119.99630599999999,136.010263,0.01930799999999966,0.003694000000010078,-0.010263000000009015,0.02217597053119088,0.0
3880.0,184.0,152.0,136.0,184.0,152.0,136.0,183.99354000000002,152.00617799999998,135.995543,0.006459999999975707,-0.006177999999977146,0.004457000000002154,0.009988199687602515,0.0
3881.0,56.0,176.0,136.0,56.0,176.0,136.0,55.977956,175.999802,136.001143,0.022044000000001063,0.00019800000001168883,-0.0011430000000132168,0.022074500877711407,0.0
3882.0,200.0,216.0,136.0,200.0,216.0,136.0,199.98664399999998,216.00811399999998,135.987607,0.01335600000001591,-0.00811399999997775,0.012393000000002985,0.019945079117419863,0.0
3883.0,120.0,168.0,144.0,120.0,168.0,144.0,119.985148,168.00203399999998,143.997831,0.01485200000000475,-0.0020339999999805514,0.0021690000000091914,0.015146736315130789,0.0
3884.0,232.0,200.0,144.0,232.0,200.0,144.0,231.991788,200.008514,143.987207,0.00821199999998612,-0.008513999999991029,0.012792999999987842,0.01742371914946141,0.0
3885.0,8.0,24.0,152.0,8.0,24.0,152.0,7.99322,23.992625999999998,152.020471,0.006780000000000008,0.007374000000002212,-0.02047099999998636,0.02279048303567685,0.0
3886.0,80.0,40.0,160.0,80.0,40.0,160.0,79.99802,39.995689999999996,160.014055,0.0019800000000032014,0.004310000000003811,-0.014055000000013251,0.014833729301845103,0.0
3887.0,40.0,136.0,160.0,40.0,136.0,160.0,39.981468,135.99520199999998,160.006247,0.018532000000000437,0.0047980000000222844,-0.00624700000000189,0.020136554745046473,0.0
3888.0,144.0,208.0,160.0,144.0,208.0,160.0,143.982052,208.001938,159.991815,0.01794799999998986,-0.0019379999999955544,0.008184999999997444,0.019821220270194694,0.0
3889.0,120.0,224.0,160.0,120.0,224.0,160.0,119.977612,224.000938,159.991623,0.022388000000006514,-0.0009379999999907795,0.00837699999999586,0.023922301666022962,0.0
3890.0,32.0,128.0,168.0,32.0,128.0,168.0,31.981676,127.99361800000001,168.007543,0.018323999999999785,0.006381999999987897,-0.007542999999998301,0.020818159116497596,0.0
3891.0,64.0,128.0,168.0,64.0,128.0,168.0,63.98478,127.995314,168.005495,0.015219999999999345,0.004686000000006629,-0.005494999999996253,0.01684642457615268,0.0
3892.0,88.0,136.0,168.0,88.0,136.0,168.0,87.986052,135.99672199999998,168.003095,0.013947999999999183,0.0032780000000229848,-0.0030950000000018463,0.014658479218532165,0.0
3893.0,24.0,184.0,168.0,24.0,184.0,168.0,23.973508,183.99414599999997,168.002007,0.02649200000000107,0.005854000000027781,-0.0020069999999918764,0.02720520959302371,0.0
3894.0,32.0,16.0,176.0,32.0,16.0,176.0,31.996388000000003,15.990689999999999,176.01955900000002,0.00361199999999684,0.00931000000000104,-0.019559000000015203,0.021960808842130364,0.0
3895.0,136.0,16.0,176.0,136.0,16.0,176.0,136.006476,15.996201999999998,176.012903,-0.006475999999992155,0.0037980000000015224,-0.012902999999994336,0.014928187733270365,0.0
3896.0,16.0,72.0,176.0,16.0,72.0,176.0,15.987444000000002,71.99079400000001,176.014535,0.012555999999998235,0.009205999999991832,-0.01453499999999508,0.02129952574588604,0.0
3897.0,88.0,128.0,176.0,88.0,128.0,176.0,87.987036,127.99556199999999,176.003879,0.012963999999996645,0.0044380000000074915,-0.0038790000000119562,0.014241059686697203,0.0
3898.0,216.0,176.0,184.0,216.0,176.0,184.0,215.993044,176.00213799999997,183.990423,0.006956000000002405,-0.002137999999973772,0.009577000000007274,0.012028129904522176,0.0
3899.0,40.0,88.0,192.0,40.0,88.0,192.0,39.98751600000001,87.99029,192.011111,0.0124839999999935,0.009709999999998331,-0.011110999999999649,0.019328442177262956,0.0
3900.0,80.0,152.0,192.0,80.0,152.0,192.0,79.982948,151.993498,192.001639,0.01705200000000673,0.006502000000011776,-0.0016390000000114924,0.018323019101677,0.0
3901.0,48.0,192.0,192.0,48.0,192.0,192.0,47.974564,191.99248199999997,191.999367,0.025435999999999126,0.007518000000032998,0.0006329999999934444,0.026531323167163064,0.0
3902.0,120.0,104.0,200.0,120.0,96.0,200.0,119.994148,95.993642,200.005047,0.005852000000004409,8.006358000000006,-0.005046999999990476,8.006361729417245,8.0
3903.0,24.0,24.0,208.0,24.0,24.0,208.0,23.994268,23.986305999999995,208.018887,0.005731999999998294,0.013694000000004536,-0.018887000000006537,0.02402291050227577,0.0
3904.0,192.0,48.0,208.0,192.0,48.0,208.0,192.007396,47.99561799999999,208.005543,-0.007395999999999958,0.004382000000006769,-0.005542999999988751,0.010228762828413512,0.0
3905.0,24.0,168.0,216.0,24.0,168.0,216.0,23.975187999999996,167.98772999999997,216.003255,0.024812000000004275,0.012270000000029313,-0.003254999999995789,0.027870831867759238,0.0
3906.0,176.0,208.0,216.0,176.0,208.0,216.0,175.984652,207.99646599999997,215.989207,0.015347999999988815,0.003534000000030346,0.010793000000006714,0.019092907295642957,0.0
3907.0,192.0,224.0,216.0,192.0,224.0,216.0,191.98409199999998,223.99758599999998,215.986455,0.015908000000024458,0.0024140000000159034,0.013544999999993479,0.021032329519116003,0.0
3908.0,224.0,224.0,216.0,224.0,224.0,216.0,223.98719599999998,223.99928199999997,215.984407,0.012804000000016913,0.0007180000000346354,0.015592999999995527,0.020189095794520946,0.0
3909.0,232.0,232.0,216.0,232.0,232.0,216.0,231.986916,231.99984199999997,215.983031,0.013083999999992102,0.000158000000027414,0.01696899999998891,0.021428088598832738,0.0
3910.0,152.0,88.0,224.0,152.0,88.0,224.0,151.998092,87.99213,224.003623,0.001907999999986032,0.007869999999996935,-0.0036230000000045948,0.008871498915061183,0.0
3911.0,112.0,128.0,224.0,112.0,128.0,224.0,111.98893199999999,127.99068999999999,224.00186300000001,0.011068000000008738,0.009310000000013474,-0.001863000000014381,0.014582437827760416,0.0
3912.0,112.0,176.0,224.0,112.0,176.0,224.0,111.982596,175.991506,223.996679,0.017403999999999087,0.008494000000013102,0.0033209999999996853,0.019648824214191257,0.0
3913.0,88.0,200.0,224.0,88.0,200.0,224.0,87.97710000000001,199.99064199999998,223.995623,0.022899999999992815,0.009358000000020184,0.004377000000005182,0.025122505707036752,0.0
3914.0,184.0,224.0,232.0,184.0,224.0,232.0,183.98317200000002,223.99511399999997,231.986807,0.016827999999975418,0.0048860000000274795,0.01319300000000112,0.02193421594220935,0.0
3915.0,96.0,32.0,32.0,96.0,32.0,32.0,96.00178,32.012786,32.015175,-0.0017799999999965621,-0.01278599999999841,-0.015174999999999272,0.019923122772294636,0.0
3916.0,112.0,96.0,48.0,112.0,96.0,48.0,111.99474,96.01267399999999,48.007079000000004,0.005260000000006926,-0.01267399999998986,-0.007079000000004498,0.015440534867674743,0.0
3917.0,96.0,64.0,80.0,96.0,64.0,80.0,95.99712399999999,64.00718599999999,80.011239,0.0028760000000147556,-0.007185999999990145,-0.01123900000000333,0.013646431511571737,0.0
3918.0,160.0,96.0,192.0,160.0,96.0,192.0,159.9981,95.996786,192.002567,0.00190000000000623,0.003213999999999828,-0.0025669999999990978,0.004530925402168737,0.0
3919.0,208.0,96.0,208.0,208.0,96.0,208.0,208.002612,95.997282,207.999335,-0.0026119999999991705,0.0027180000000015525,0.0006649999999979173,0.003827831370371654,0.0
3920.0,208.0,144.0,16.0,208.0,144.0,16.0,207.99800399999998,144.02267399999997,15.996071,0.0019960000000196487,-0.022673999999966554,0.003928999999999405,0.02309829718828981,0.0
3921.0,96.0,144.0,32.0,96.0,144.0,32.0,95.98699599999999,144.01468999999997,32.003079,0.013004000000009341,-0.014689999999973224,-0.00307899999999961,0.019859011984473294,0.0
3922.0,144.0,144.0,32.0,144.0,144.0,32.0,143.991652,144.01723399999997,32.000007,0.008348000000012235,-0.017233999999973548,-6.999999996537554e-06,0.019149410147555265,0.0
3923.0,160.0,160.0,32.0,160.0,160.0,32.0,159.991092,160.018354,31.997255000000003,0.008907999999991034,-0.01835399999998799,0.002744999999997333,0.020585354138303882,0.0
3924.0,48.0,144.0,48.0,48.0,144.0,48.0,47.982195999999995,144.01009799999997,48.005991,0.01780400000000526,-0.010097999999970853,-0.005991000000001634,0.02132707436568875,0.0
3925.0,48.0,96.0,64.0,48.0,96.0,64.0,47.98838799999999,96.007234,64.011015,0.011612000000006617,-0.007233999999996854,-0.011015000000000441,0.017564154548401066,0.0
3926.0,112.0,16.0,80.0,112.0,16.0,80.0,112.005012,16.007217999999998,80.015399,-0.005011999999993577,-0.00721799999999817,-0.015399000000002161,0.01772988632225192,0.0
3927.0,112.0,32.0,96.0,112.0,32.0,96.0,112.00275599999999,32.005441999999995,96.013511,-0.002755999999990877,-0.005441999999995062,-0.013510999999994056,0.014824237619511344,0.0
3928.0,176.0,80.0,112.0,176.0,80.0,112.0,176.002484,80.00760199999999,112.004071,-0.0024840000000097007,-0.007601999999991449,-0.004070999999996161,0.008974057109239215,0.0
3929.0,192.0,80.0,112.0,192.0,80.0,112.0,192.00403599999999,80.00845,112.003047,-0.0040359999999850515,-0.008449999999996294,-0.003046999999995137,0.009847639564879853,0.0
3930.0,48.0,80.0,128.0,48.0,80.0,128.0,47.989924,79.99877,128.012103,0.010075999999997975,0.0012300000000067257,-0.0121029999999962,0.01579624274946051,0.0
3931.0,32.0,96.0,144.0,32.0,96.0,144.0,31.986116000000003,95.996146,144.011239,0.013883999999997343,0.003854000000004021,-0.011238999999989119,0.01827385818593634,0.0
3932.0,112.0,112.0,144.0,112.0,112.0,144.0,111.99176399999999,112.00065799999999,144.004391,0.00823600000001079,-0.0006579999999871688,-0.004390999999998257,0.009356577419128511,0.0
3933.0,64.0,64.0,176.0,64.0,64.0,176.0,63.993156,63.993202,176.012327,0.00684400000000096,0.006798000000003412,-0.012326999999999089,0.015652733595127626,0.0
3934.0,16.0,192.0,176.0,16.0,192.0,176.0,15.971604000000001,191.992834,176.001575,0.028395999999998978,0.007166000000012218,-0.0015750000000025466,0.02932856963781434,0.0
3935.0,96.0,80.0,192.0,96.0,80.0,192.0,95.99400399999999,79.993122,192.008391,0.005996000000010326,0.006878000000000384,-0.008390999999988935,0.012396280934213433,0.0
3936.0,144.0,128.0,192.0,144.0,128.0,192.0,143.992324,127.996482,192.000135,0.007676000000003569,0.003517999999999688,-0.00013500000000021828,0.008444851982128085,0.0
3937.0,80.0,160.0,208.0,80.0,160.0,208.0,79.981748,159.99158599999998,208.000615,0.018252000000003932,0.00841400000001613,-0.0006150000000104683,0.02010743954362235,0.0
3938.0,48.0,176.0,208.0,48.0,176.0,208.0,47.976532,175.99016199999997,208.000935,0.023468000000001155,0.009838000000030434,-0.0009349999999983538,0.025463846783246438,0.0
3939.0,160.0,96.0,16.0,160.0,96.0,16.0,159.999684,96.019314,16.004327,0.00031599999999798456,-0.01931399999999428,-0.00432699999999997,0.019795286838027316,0.0
3940.0,176.0,96.0,32.0,176.0,96.0,32.0,176.001092,96.018114,32.003143,-0.0010919999999998709,-0.018113999999997077,-0.00314300000000145,0.018417054840552085,0.0
3941.0,112.0,128.0,32.0,112.0,128.0,32.0,111.99065999999999,128.01526599999997,32.003783,0.009340000000008786,-0.015265999999968471,-0.0037829999999985375,0.018292004947495243,0.0
3942.0,32.0,144.0,32.0,32.0,144.0,32.0,31.980788,144.01129799999998,32.007175,0.019211999999999563,-0.011297999999982267,-0.007174999999996601,0.023414234409852772,0.0
3943.0,112.0,160.0,32.0,112.0,160.0,32.0,111.986436,160.01581,32.000327,0.013564000000002352,-0.015809999999987667,-0.00032699999999863394,0.020833749662498898,0.0
3944.0,128.0,176.0,32.0,128.0,176.0,32.0,127.985876,176.01692999999997,31.997575,0.014123999999995362,-0.01692999999997369,0.0024249999999987892,0.022180912988400008,0.0
3945.0,160.0,144.0,48.0,160.0,144.0,48.0,159.99306,144.01603399999996,47.998823,0.006939999999985957,-0.016033999999962134,0.0011769999999984293,0.017511084632271842,0.0
3946.0,144.0,160.0,48.0,144.0,160.0,48.0,143.98939600000003,160.01545799999997,47.998119,0.010603999999972302,-0.015457999999966887,0.001880999999997357,0.01883965872828855,0.0
3947.0,208.0,96.0,64.0,208.0,96.0,64.0,208.003908,96.015714,64.000775,-0.003907999999995582,-0.01571400000000267,-0.000775000000004411,0.016211196285285556,0.0
3948.0,64.0,144.0,64.0,64.0,144.0,64.0,63.983604,144.00889799999996,64.004807,0.0163960000000003,-0.008897999999959438,-0.004806999999999562,0.019264227703162246,0.0
3949.0,192.0,160.0,96.0,192.0,160.0,96.0,191.99362,160.01185799999996,95.994567,0.006380000000007158,-0.011857999999961066,0.005432999999996468,0.014520125791436161,0.0
3950.0,208.0,160.0,96.0,208.0,160.0,96.0,207.995172,160.01270599999998,95.993543,0.004828000000003385,-0.012705999999980122,0.0064569999999974925,0.015048085227014604,0.0
3951.0,32.0,144.0,112.0,32.0,144.0,112.0,31.980068000000003,144.001058,112.00637499999999,0.019931999999997174,-0.0010580000000004475,-0.00637499999999136,0.020953391443863642,0.0
3952.0,32.0,128.0,128.0,32.0,128.0,128.0,31.982036,127.998738,128.007943,0.017963999999999203,0.0012619999999969878,-0.00794300000001158,0.019682204881571266,0.0
3953.0,208.0,144.0,128.0,208.0,144.0,128.0,207.996996,144.00833799999998,127.994951,0.0030040000000042255,-0.008337999999980639,0.005048999999999637,0.010199934362519146,0.0
3954.0,80.0,144.0,176.0,80.0,144.0,176.0,79.984148,143.99541,176.002663,0.015851999999995314,0.0045900000000074215,-0.0026630000000125165,0.01671662564634341,0.0
3955.0,48.0,192.0,192.0,48.0,192.0,192.0,47.974564,191.99248199999997,191.999367,0.025435999999999126,0.007518000000032998,0.0006329999999934444,0.026531323167163064,0.0
3956.0,160.0,144.0,208.0,160.0,144.0,208.0,159.99162,143.99555399999997,207.997223,0.008379999999988286,0.004446000000029926,0.0027770000000089112,0.009884485064995507,0.0
3957.0,64.0,160.0,208.0,64.0,160.0,208.0,63.980196,159.990738,208.001639,0.0198040000000006,0.009262000000006765,-0.0016390000000114924,0.021924173439383906,0.0
3958.0,16.0,192.0,208.0,16.0,192.0,208.0,15.971316,191.98873799999998,208.00125500000001,0.028684000000000154,0.011262000000016315,-0.001255000000014661,0.03084119850136199,0.0
