match_index,source_x,source_y,source_z,reference_x,reference_y,reference_z,predicted_source_x,predicted_source_y,predicted_source_z,residual_x,residual_y,residual_z,residual_l2,raw_delta_l2
0.0,364.0,76.0,57.0,454.0,96.0,9.0,364.680851,76.67764700000001,56.934689999999996,-0.6808510000000183,-0.6776470000000074,0.06531000000000375,0.9628234193817865,103.94229168149026
1.0,440.0,222.0,60.0,485.0,294.0,17.0,440.356807,222.551435,60.989149,-0.3568070000000034,-0.5514349999999979,-0.9891489999999976,1.1873531651008455,95.17352573063583
2.0,234.0,383.0,60.0,184.0,400.0,16.0,234.065494,383.13020600000004,60.560404,-0.06549400000000105,-0.1302060000000438,-0.5604039999999983,0.57904724305363,68.7386354243376
3.0,217.0,376.0,61.0,167.0,385.0,17.0,216.963724,375.902641,61.648770999999996,0.03627599999998665,0.0973589999999831,-0.6487709999999964,0.6570376956446191,67.20863039818622
4.0,228.0,381.0,61.0,178.0,394.0,15.0,227.833487,380.017465,59.844438,0.16651300000000901,0.9825349999999844,1.1555620000000033,1.5259178029100977,69.17369442208505
5.0,207.0,456.0,61.0,125.0,473.0,17.0,207.22828,455.19588899999997,60.841440999999996,-0.22828000000001225,0.8041110000000344,0.1585590000000039,0.8507921104488817,94.59915433025816
6.0,433.0,224.0,62.0,476.0,293.0,18.0,433.113255,224.123194,61.869164,-0.11325499999998101,-0.12319400000001224,0.13083600000000217,0.21241825617634488,92.44457799135652
7.0,425.0,226.0,62.0,464.0,292.0,17.0,423.52048299999996,226.454863,61.126996,1.479517000000044,-0.4548629999999889,0.8730040000000017,1.7770781879461923,88.89319434017432
8.0,257.0,421.0,62.0,196.0,452.0,19.0,256.946173,420.446593,62.340711999999996,0.053827000000012504,0.5534069999999929,-0.34071199999999635,0.6521052986458483,80.8146026408594
9.0,361.0,71.0,63.0,452.0,88.0,16.0,361.10974999999996,71.050254,62.774544,-0.10974999999996271,-0.05025399999999536,0.2254560000000012,0.25573606502015295,103.82196299434914
10.0,343.0,117.0,63.0,413.0,134.0,17.0,342.78648699999997,116.93863499999999,63.264565,0.21351300000003448,0.06136500000000922,-0.2645649999999975,0.345467948757934,85.4692927313664
11.0,320.0,390.0,63.0,281.0,442.0,20.0,320.394238,390.596398,62.815033,-0.394237999999973,-0.596398000000022,0.18496700000000033,0.738462569218647,77.93587107359485
12.0,355.0,47.0,64.0,454.0,57.0,17.0,354.607038,46.452552999999995,63.947846,0.39296200000001136,0.5474470000000053,0.05215400000000159,0.6758974707520475,110.04544515789829
13.0,321.0,124.0,64.0,384.0,134.0,17.0,320.2549369999999,124.47515499999999,63.422411999999994,0.7450630000000729,-0.47515499999998667,0.5775880000000058,1.0556983687294883,79.23383115816122
14.0,383.0,125.0,64.0,457.0,160.0,19.0,383.755519,125.726321,64.357513,-0.7555189999999925,-0.7263209999999987,-0.3575129999999973,1.1073241167657213,93.41306118525397
15.0,294.0,159.0,64.0,340.0,164.0,17.0,293.87474699999996,159.220655,63.308744,0.12525300000004336,-0.2206549999999936,0.6912560000000028,0.7363503246213801,65.95452979136459
16.0,435.0,223.0,64.0,478.0,293.0,20.0,434.685525,223.62316399999997,63.49679,0.3144750000000158,-0.6231639999999743,0.5032100000000028,0.8604929985891696,93.1933474020544
17.0,358.0,271.0,64.0,371.0,318.0,21.0,358.06573499999996,270.865839,64.604147,-0.06573499999996102,0.13416100000000597,-0.6041469999999975,0.6223454521043706,65.01538279515087
18.0,197.0,289.0,64.0,178.0,277.0,18.0,197.419163,289.135018,63.67953,-0.4191629999999975,-0.1350180000000023,0.32047000000000025,0.5446361187003655,51.19570294468082
19.0,270.0,335.0,64.0,244.0,359.0,20.0,270.051567,335.7188,63.9935,-0.05156699999997727,-0.7187999999999874,0.006500000000002615,0.7206766580714125,56.462376853972415
20.0,271.0,336.0,64.0,245.0,360.0,21.0,271.097889,336.245811,64.795541,-0.09788900000000922,-0.24581100000000333,-0.795541,0.8383858221147371,55.68662316930342
21.0,361.0,42.0,65.0,462.0,54.0,19.0,360.06044699999995,42.06216499999999,65.57813,0.9395530000000463,-0.06216499999999314,-0.5781300000000016,1.1049247141475693,111.6288493177279
22.0,236.0,370.0,66.0,191.0,386.0,22.0,235.91663599999998,370.491872,65.60264699999999,0.08336400000001731,-0.49187200000000075,0.3973530000000096,0.6377907395760863,64.93843238021688
23.0,221.0,383.0,66.0,169.0,396.0,23.0,221.434791,383.98935700000004,66.423929,-0.43479099999998994,-0.9893570000000409,-0.4239290000000011,1.1608558412529408,68.71681017043792
24.0,243.0,399.0,66.0,189.0,421.0,22.0,243.46928099999997,398.207542,65.20151299999999,-0.46928099999996675,0.7924580000000105,0.7984870000000086,1.2189322490991856,73.0479294709987
25.0,251.0,401.0,66.0,197.0,427.0,23.0,251.25518799999998,400.800523,65.906593,-0.25518799999997555,0.19947700000000168,0.09340699999999913,0.3371006622983527,73.76313442364011
26.0,247.0,408.0,66.0,188.0,433.0,24.0,245.832945,407.811464,66.704204,1.1670550000000048,0.18853599999999915,-0.7042040000000043,1.3760328738576768,76.61592523751182
27.0,356.0,102.0,67.0,434.0,122.0,21.0,356.016933,102.196303,66.56855,-0.016932999999994536,-0.19630300000000034,0.4314499999999981,0.4743107597324757,92.73618495495704
28.0,387.0,126.0,67.0,461.0,162.0,22.0,387.41124799999994,126.27044799999999,66.769965,-0.41124799999994366,-0.2704479999999876,0.23003500000000088,0.5433075919154337,93.7923237797209
29.0,405.0,215.0,67.0,448.0,270.0,25.0,405.438649,213.59729099999998,68.02711599999999,-0.43864899999999807,1.4027090000000157,-1.0271159999999924,1.7930345120320543,81.47392220827471
30.0,340.0,303.0,67.0,338.0,348.0,24.0,340.25955,302.78225399999997,66.888374,-0.2595499999999902,0.21774600000003375,0.11162600000000111,0.3567070042654193,62.27358990776106
31.0,482.0,368.0,67.0,476.0,478.0,27.0,481.33051500000005,367.961789,67.06464799999999,0.6694849999999519,0.03821099999998978,-0.06464799999999116,0.6736836124249526,117.2006825918689
32.0,239.0,382.0,67.0,189.0,400.0,24.0,238.023724,381.909726,67.087237,0.9762760000000128,0.09027400000002217,-0.08723700000000179,0.9843142371321413,68.3593446428504
33.0,209.0,444.0,67.0,131.0,460.0,25.0,208.581029,443.614191,67.515867,0.4189709999999991,0.38580899999999474,-0.5158670000000001,0.7684426100958973,90.0222194794152
34.0,310.0,57.0,68.0,399.0,51.0,21.0,310.350406,56.123256999999995,67.594867,-0.35040600000002087,0.8767430000000047,0.4051330000000064,1.0274217247917372,100.8265837961398
35.0,240.0,349.0,68.0,203.0,362.0,24.0,239.013918,348.744418,67.458371,0.9860820000000103,0.255582000000004,0.5416290000000004,1.1537078673082815,58.9406481131655
36.0,301.0,356.0,68.0,273.0,394.0,26.0,301.744772,355.43738,68.339169,-0.7447720000000118,0.5626199999999812,-0.3391689999999983,0.9931073491546597,63.182275995725256
37.0,281.0,362.0,68.0,247.0,394.0,25.0,281.534887,362.184395,67.661431,-0.5348870000000261,-0.18439499999999498,0.3385690000000068,0.6593440577991363,63.474404290233394
38.0,296.0,45.0,69.0,387.0,34.0,23.0,296.622197,46.052105,69.498819,-0.6221970000000283,-1.0521049999999974,-0.49881899999999746,1.3201796970848427,102.55730105653132
39.0,305.0,52.0,69.0,394.0,45.0,23.0,304.922904,52.780231,69.331226,0.07709599999998318,-0.7802310000000006,-0.3312260000000009,0.8511256485695863,100.42907945411031
40.0,301.0,192.0,69.0,336.0,204.0,25.0,301.247907,191.420135,69.41368399999999,-0.24790699999999788,0.5798650000000123,-0.4136839999999893,0.7542120064875687,57.48912940721924
41.0,241.0,394.0,69.0,187.0,413.0,27.0,239.87981,392.5604189999999,69.40285499999999,1.120190000000008,1.4395810000000893,-0.4028549999999882,1.8680233517507927,71.0
42.0,356.0,306.0,70.0,355.0,358.0,28.0,356.10631,306.17401399999994,69.955147,-0.10631000000000768,-0.17401399999994283,0.04485300000000336,0.20879291152953933,66.85057965343307
43.0,236.0,319.0,70.0,211.0,326.0,26.0,235.881156,318.712172,69.477131,0.11884399999999573,0.2878279999999904,0.522869,0.6085727935760795,51.088159097779204
44.0,295.0,365.0,70.0,261.0,402.0,29.0,294.530423,364.801743,70.768077,0.46957700000001523,0.19825700000001234,-0.7680770000000052,0.9218192202959468,64.85368146836385
45.0,361.0,401.0,70.0,322.0,473.0,30.0,360.406835,404.12777400000004,70.419498,0.593164999999999,-3.127774000000045,-0.41949800000000437,3.211042429539866,91.13177272499422
46.0,220.0,451.0,70.0,141.0,472.0,28.0,219.500328,450.3692980000001,69.777941,0.4996720000000039,0.6307019999999284,0.22205900000000156,0.8347258950511325,91.90212184710427
47.0,309.0,33.0,71.0,405.0,25.0,25.0,308.28398400000003,34.40076099999999,71.145305,0.7160159999999678,-1.4007609999999886,-0.14530499999999336,1.5798493074980031,106.75204916066015
48.0,340.0,60.0,71.0,431.0,68.0,26.0,339.68191,61.06586399999999,71.316847,0.3180899999999838,-1.0658639999999906,-0.31684699999999566,1.1565635892612938,101.83319694480774
49.0,289.0,80.0,71.0,365.0,70.0,25.0,288.914399,79.762131,70.83328499999999,0.08560099999999693,0.23786900000000344,0.1667150000000106,0.30282517000243664,89.39798655450804
50.0,379.0,289.0,71.0,389.0,347.0,29.0,379.66973800000005,288.80067299999996,70.71883299999999,-0.6697380000000521,0.19932700000003933,0.2811670000000106,0.7532165183146818,72.30490993010088
51.0,459.0,360.0,71.0,453.0,460.0,31.0,458.814039,359.992021,70.67875699999999,0.18596100000002025,0.007978999999977532,0.3212430000000097,0.3712710909982266,107.8702924812944
52.0,310.0,79.0,72.0,388.0,76.0,27.0,308.363741,78.466777,72.275976,1.6362589999999955,0.5332230000000067,-0.275976,1.7429380469156073,90.09994450608724
53.0,345.0,113.0,72.0,417.0,130.0,28.0,344.95457400000004,112.89952599999998,72.30169699999999,0.04542599999996355,0.10047400000001971,-0.3016969999999901,0.32121585571231487,86.07554821202127
54.0,387.0,203.0,72.0,431.0,252.0,32.0,387.611428,204.097838,74.066335,-0.6114279999999894,-1.0978379999999959,-2.066334999999995,2.4184360247178254,77.05193054038295
55.0,262.0,343.0,72.0,233.0,363.0,31.0,262.6469,341.79409899999996,73.018101,-0.6469000000000165,1.2059010000000399,-1.0181010000000015,1.7056396096485684,54.055527006958314
56.0,288.0,369.0,72.0,253.0,404.0,33.0,288.871937,368.474295,74.065101,-0.8719370000000026,0.5257050000000163,-2.0651009999999985,2.302451306585009,63.0158710167526
57.0,222.0,372.0,72.0,174.0,382.0,30.0,221.741218,371.880648,72.296314,0.2587819999999965,0.11935199999999213,-0.2963139999999953,0.4111143515179123,64.5600495662759
58.0,287.0,37.0,73.0,379.0,20.0,27.0,286.80071899999996,37.292241000000004,72.984195,0.19928100000004179,-0.2922410000000042,0.01580500000000029,0.3540727567421972,104.25449630591478
59.0,348.0,66.0,73.0,439.0,76.0,28.0,347.997376,65.22276199999999,72.817639,0.002624000000025717,0.7772380000000112,0.18236100000000022,0.7983491268492862,102.00980345045274
60.0,362.0,362.0,73.0,340.0,425.0,33.0,361.930514,362.182281,73.344348,0.0694859999999835,-0.18228099999998904,-0.34434799999999655,0.395765350000466,77.80102827083971
61.0,221.0,372.0,73.0,173.0,382.0,32.0,220.982638,372.160258,73.940269,0.01736199999999144,-0.1602579999999989,-0.9402690000000007,0.9539862986275016,63.914004725099176
62.0,241.0,450.0,73.0,166.0,481.0,32.0,241.302501,450.904992,72.81294199999999,-0.30250100000000657,-0.9049919999999929,0.1870580000000075,0.9723723928768206,90.92304438369845
63.0,261.0,51.0,74.0,344.0,26.0,28.0,261.177776,51.06006199999999,73.923324,-0.17777599999999438,-0.06006199999998785,0.07667600000000618,0.20270905010876422,98.13256340277675
64.0,432.0,255.0,74.0,464.0,328.0,33.0,433.034175,254.585639,73.81129999999999,-1.0341750000000047,0.41436100000001375,0.18870000000001141,1.1299648927935884,89.63258336118624
65.0,284.0,426.0,74.0,226.0,468.0,33.0,284.54625500000003,425.2207189999999,73.458654,-0.5462550000000306,0.7792810000000827,0.5413460000000043,1.0948647832961689,82.516664983505
66.0,314.0,81.0,75.0,394.0,81.0,32.0,314.37230100000005,80.84195199999999,76.280738,-0.37230100000004995,0.15804800000000796,-1.2807379999999995,1.3430848929047778,90.82400563727631
67.0,286.0,283.0,75.0,284.0,305.0,33.0,287.19887400000005,283.492441,75.061796,-1.1988740000000462,-0.49244099999998525,-0.06179600000000107,1.2975421966059895,47.45524207081869
68.0,355.0,293.0,75.0,359.0,342.0,34.0,355.106228,292.761268,75.037263,-0.10622799999998733,0.23873200000002726,-0.03726299999999583,0.2639429615977854,64.01562309311689
69.0,235.0,346.0,75.0,199.0,357.0,34.0,234.697033,345.997458,75.731563,0.3029669999999953,0.0025420000000053733,-0.7315629999999942,0.791820615936456,55.65968020030299
70.0,305.0,347.0,75.0,280.0,384.0,34.0,304.655032,345.92688,74.972836,0.3449679999999944,1.0731200000000172,0.027163999999999078,1.1275315243131931,60.6217782649107
71.0,288.0,357.0,75.0,257.0,390.0,34.0,288.34630400000003,356.566276,75.02739299999999,-0.3463040000000319,0.4337239999999838,-0.027392999999989343,0.555691771615351,61.08191221630181
72.0,251.0,385.0,75.0,203.0,408.0,35.0,251.08355500000005,384.596129,75.928675,-0.08355500000004668,0.403870999999981,-0.9286749999999984,1.0161350689209527,66.58077800686922
73.0,438.0,240.0,76.0,475.0,312.0,35.0,437.436003,239.31427300000001,75.578291,0.5639969999999721,0.6857269999999858,0.421709000000007,0.9829306258424115,90.74139077620532
74.0,253.0,393.0,76.0,203.0,418.0,36.0,253.69461,392.376254,76.630211,-0.6946100000000115,0.6237459999999828,-0.6302110000000027,1.1263694017226311,68.7386354243376
75.0,257.0,437.0,76.0,188.0,472.0,36.0,256.090458,438.23385800000005,76.076168,0.9095419999999876,-1.2338580000000547,-0.07616799999999557,1.534755282822676,87.0976463516667
76.0,264.0,124.0,77.0,319.0,111.0,33.0,263.915846,123.65359699999999,77.155059,0.08415400000001227,0.34640300000000934,-0.15505899999999428,0.3887418521409893,71.62401831787993
77.0,350.0,194.0,77.0,392.0,226.0,35.0,350.573071,194.06007699999998,77.042452,-0.5730710000000272,-0.0600769999999784,-0.04245199999999727,0.5777731295881008,67.468511173732
78.0,442.0,242.0,77.0,479.0,316.0,37.0,441.60292100000004,241.40258699999998,77.147943,0.39707899999996243,0.5974130000000173,-0.14794299999999794,0.7324350865837806,91.89668111526117
79.0,428.0,368.0,77.0,414.0,457.0,38.0,427.79672300000004,367.865318,76.661142,0.2032769999999573,0.13468199999999797,0.3388580000000019,0.4174751777255546,98.17331613019904
80.0,252.0,373.0,77.0,208.0,395.0,37.0,251.604244,373.21512099999995,77.69300799999999,0.39575600000000577,-0.2151209999999537,-0.6930079999999919,0.8265349020101773,63.40346993658943
81.0,305.0,49.0,78.0,395.0,41.0,33.0,304.75095600000003,49.510896999999986,77.56543099999999,0.2490439999999694,-0.5108969999999857,0.4345690000000104,0.7154640971467255,100.94057657849989
82.0,304.0,54.0,78.0,393.0,45.0,34.0,304.24698900000004,53.14862599999999,78.348485,-0.24698900000004187,0.851374000000007,-0.3484849999999966,0.9525140677292017,99.68951800465283
83.0,386.0,68.0,78.0,481.0,93.0,35.0,385.11675,67.586299,78.123701,0.8832499999999754,0.4137010000000032,-0.12370099999999695,0.9831485225040816,107.23339032223126
84.0,410.0,202.0,78.0,459.0,259.0,38.0,411.242447,202.31957,78.747063,-1.242447000000027,-0.3195699999999988,-0.7470629999999971,1.4845547004667972,85.14693182963201
85.0,364.0,284.0,78.0,373.0,335.0,38.0,364.198959,283.72322599999995,78.320489,-0.1989590000000021,0.2767740000000458,-0.3204889999999949,0.46786935129160034,65.43699259593154
86.0,271.0,339.0,78.0,244.0,363.0,37.0,271.24846,338.99460899999997,77.873764,-0.24846000000002277,0.005391000000031454,0.1262360000000058,0.27874174817743597,54.644304369257
87.0,447.0,368.0,78.0,437.0,464.0,40.0,447.50625199999996,367.34699,78.092061,-0.5062519999999608,0.6530099999999948,-0.09206100000000106,0.8313773964481797,103.73041983911952
88.0,413.0,375.0,78.0,395.0,459.0,38.0,413.55504700000006,374.35708999999997,76.741015,-0.5550470000000587,0.642910000000029,1.2589849999999956,1.5187013105064773,94.76286192385707
89.0,225.0,414.0,78.0,161.0,432.0,37.0,224.71451299999998,414.179443,77.51326499999999,0.2854870000000176,-0.17944299999999203,0.48673500000001013,0.5921263189920011,78.10889834071403
90.0,159.0,416.0,78.0,85.0,409.0,36.0,159.67282699999998,416.04886,77.378433,-0.6728269999999839,-0.04885999999999058,0.6215669999999989,0.9172943949561536,85.37564055396598
91.0,266.0,437.0,78.0,200.0,474.0,39.0,265.96178699999996,436.698945,78.445076,0.038213000000041575,0.3010550000000194,-0.44507600000000025,0.5386900706064807,85.12343978012167
92.0,371.0,49.0,79.0,472.0,66.0,36.0,371.10833600000007,48.955382,79.309788,-0.10833600000006527,0.044617999999999824,-0.3097879999999975,0.33120395493413507,111.0810514894417
93.0,417.0,205.0,79.0,465.0,264.0,39.0,417.21426699999995,204.655285,79.474801,-0.2142669999999498,0.3447150000000079,-0.47480099999999936,0.6246397106452514,85.93602271457529
94.0,296.0,327.0,79.0,278.0,358.0,38.0,296.37301,326.28342399999997,78.566818,-0.37301000000002205,0.7165760000000319,0.4331820000000022,0.9166592982128442,54.46099521676041
95.0,254.0,390.0,79.0,203.0,417.0,37.0,253.44360800000004,391.60909300000003,77.46123899999999,0.5563919999999598,-1.6090930000000299,1.538761000000008,2.29489384404466,71.37226352022192
96.0,239.0,136.0,80.0,284.0,116.0,37.0,238.060271,136.67398699999998,80.563728,0.9397289999999998,-0.6739869999999826,-0.5637279999999976,1.28652179444966,65.37583651472461
97.0,257.0,153.0,80.0,301.0,142.0,36.0,258.02409800000004,152.448838,79.345869,-1.0240980000000377,0.551162000000005,0.6541310000000067,1.3343326530551112,63.190189111918315
98.0,398.0,352.0,80.0,386.0,427.0,43.0,398.282438,351.880503,81.262986,-0.2824380000000133,0.11949700000002395,-1.262985999999998,1.2996862671618132,84.4866853415377
99.0,267.0,383.0,80.0,222.0,413.0,40.0,267.19246499999997,383.59286399999996,79.86267799999999,-0.19246499999997013,-0.5928639999999632,0.1373220000000117,0.6382694026858472,67.26812023536856
100.0,255.0,390.0,80.0,205.0,416.0,40.0,254.76487599999996,390.341902,79.919893,0.23512400000004163,-0.3419020000000046,0.08010699999999815,0.4226078612958145,69.10861017268398
101.0,222.0,405.0,80.0,160.0,419.0,41.0,220.591872,404.37744499999997,80.948768,1.408128000000005,0.6225550000000339,-0.9487680000000012,1.8084689409091488,74.57211275000863
102.0,264.0,434.0,80.0,199.0,471.0,41.0,264.422646,434.647477,80.124347,-0.4226459999999861,-0.6474769999999808,-0.12434700000000021,0.7831463996303394,84.35045939412541
103.0,184.0,85.0,81.0,244.0,36.0,36.0,186.158126,84.89724199999999,80.903952,-2.15812600000001,0.10275800000000856,0.09604799999999614,2.162704847348349,89.58794561770016
104.0,1.0,160.0,81.0,2.0,51.0,34.0,2.0206610000000005,159.42386199999999,80.406066,-1.0206610000000005,0.5761380000000145,0.5939340000000044,1.3139411966754917,118.70551798463288
105.0,413.0,198.0,81.0,462.0,255.0,40.0,412.55091899999996,198.45155599999998,80.41633399999999,0.44908100000003515,-0.4515559999999823,0.583666000000008,0.8638533239231212,85.62125904236635
106.0,187.0,393.0,81.0,128.0,394.0,40.0,189.215612,393.25809000000004,80.597988,-2.215611999999993,-0.25809000000003834,0.40201199999999915,2.2665305272129004,71.85401867675878
107.0,303.0,432.0,81.0,244.0,483.0,43.0,302.52601,432.296919,81.37666,0.4739900000000148,-0.2969190000000026,-0.3766600000000011,0.6743145914638184,86.75252157718529
108.0,228.0,446.0,81.0,152.0,467.0,40.0,226.856063,443.743868,79.608,1.143936999999994,2.2561319999999796,1.391999999999996,2.887280287986063,88.87069258197553
109.0,407.0,119.0,82.0,486.0,161.0,41.0,406.749326,119.18385699999999,82.21152599999999,0.2506740000000036,-0.18385699999998906,-0.2115259999999921,0.3760107703257906,98.41747812253675
110.0,395.0,158.0,82.0,457.0,202.0,43.0,394.90381299999996,158.598173,83.525233,0.0961870000000431,-0.5981730000000027,-1.525233,1.641157695404988,85.44588931013593
111.0,232.0,280.0,82.0,222.0,280.0,40.0,232.587594,280.248406,81.428354,-0.5875939999999957,-0.24840599999998858,0.5716460000000012,0.8565929015512507,43.174066289845804
112.0,108.0,347.0,82.0,51.0,310.0,41.0,107.54393900000001,348.00853099999995,82.82520299999999,0.45606099999999117,-1.008530999999948,-0.8252029999999877,1.3806108810562325,79.36623967405788
113.0,194.0,447.0,82.0,113.0,457.0,43.0,193.980698,446.13852299999996,82.395765,0.019302000000010366,0.8614770000000362,-0.39576499999999726,0.9482326317724257,90.45440840556087
114.0,281.0,72.0,83.0,358.0,57.0,39.0,280.221908,71.61806299999998,82.494006,0.7780920000000151,0.38193700000002195,0.5059940000000012,1.003659783227883,89.94442728707543
115.0,311.0,84.0,83.0,391.0,84.0,39.0,312.886307,84.021725,81.996543,-1.886306999999988,-0.021725000000003547,1.0034569999999974,2.1367152418427096,91.30169768410661
116.0,353.0,162.0,83.0,407.0,189.0,42.0,352.664697,161.48097,83.131163,0.33530300000001034,0.5190299999999866,-0.1311630000000008,0.6316834454677384,72.97944916207575
117.0,277.0,204.0,83.0,303.0,209.0,42.0,277.065637,204.04901,83.461795,-0.06563699999998107,-0.04901000000000977,-0.46179499999999507,0.46900407023179863,48.80573736764972
118.0,349.0,223.0,83.0,379.0,260.0,43.0,349.39255899999995,223.936321,83.267011,-0.3925589999999488,-0.9363209999999924,-0.26701099999999656,1.0498068668297724,62.20128616033595
119.0,396.0,245.0,83.0,425.0,302.0,44.0,396.069298,244.626798,83.341465,-0.06929800000000341,0.37320199999999204,-0.34146499999999946,0.5105685965989234,74.90660852021001
120.0,250.0,353.0,83.0,214.0,371.0,44.0,250.08575099999996,353.076272,83.67766999999999,-0.08575099999995928,-0.07627200000001721,-0.677669999999992,0.6873189077022287,56.04462507680822
121.0,355.0,356.0,83.0,334.0,415.0,45.0,354.77716399999997,356.089681,83.32579799999999,0.22283600000002934,-0.08968099999998458,-0.3257979999999918,0.4047751245580748,73.25298628724975
122.0,355.0,166.0,84.0,408.0,195.0,43.0,355.011954,165.89311099999998,83.874344,-0.011954000000002907,0.10688900000002377,0.12565600000000643,0.16540129011893095,73.01369734508724
123.0,282.0,294.0,84.0,274.0,315.0,44.0,282.132279,293.970016,84.010322,-0.13227899999998272,0.02998400000001311,-0.010322000000002163,0.13602690094608588,45.880278987817846
124.0,108.0,349.0,84.0,51.0,311.0,42.0,107.813311,348.79542200000003,83.632687,0.18668900000000122,0.2045779999999695,0.3673129999999958,0.46002584794116175,80.3554602998452
125.0,168.0,411.0,84.0,97.0,406.0,44.0,168.28914600000002,410.678142,83.902481,-0.28914600000001656,0.3218580000000202,0.09751900000000546,0.44351768492476557,81.64557550780079
126.0,315.0,415.0,84.0,265.0,466.0,46.0,314.446336,413.659592,83.920249,0.5536640000000261,1.340408000000025,0.07975100000000168,1.4524454046060031,80.90117428072351
127.0,191.0,452.0,84.0,108.0,462.0,44.0,191.406068,451.33291799999995,83.183376,-0.40606800000000476,0.6670820000000504,0.8166240000000045,1.1299399863373623,92.67685795278129
128.0,354.0,162.0,85.0,409.0,190.0,45.0,354.506339,161.767831,85.566273,-0.5063390000000254,0.23216899999999896,-0.5662729999999954,0.7943215583194378,73.54590403278758
129.0,356.0,245.0,85.0,378.0,287.0,45.0,355.659028,245.195633,84.593122,0.34097200000002204,-0.19563299999998662,0.40687800000000607,0.565759562320439,62.03224967708329
130.0,372.0,46.0,86.0,475.0,62.0,44.0,372.471918,45.146558,85.894595,-0.4719180000000165,0.8534420000000011,0.10540500000000463,0.9809077735001485,112.37882362794157
131.0,365.0,101.0,86.0,446.0,122.0,44.0,365.551588,99.30463799999998,85.346122,-0.5515879999999811,1.6953620000000171,0.653878000000006,1.8989623671026354,93.6269192059634
132.0,391.0,125.0,86.0,466.0,161.0,46.0,391.25625099999996,124.430782,86.41666599999999,-0.25625099999996337,0.5692180000000064,-0.4166659999999922,0.7505226592721782,92.30926280715278
133.0,346.0,163.0,86.0,397.0,188.0,45.0,344.66256500000003,163.332339,85.655133,1.3374349999999708,-0.3323389999999904,0.3448669999999936,1.420603687815469,70.04998215560087
134.0,369.0,171.0,86.0,422.0,206.0,46.0,368.778866,170.831672,86.126418,0.22113400000000638,0.16832800000000248,-0.12641800000000103,0.30531307254030887,75.05997601918082
135.0,212.0,173.0,86.0,241.0,146.0,44.0,212.52132600000002,171.22866199999999,86.17940899999999,-0.5213260000000162,1.7713380000000143,-0.1794089999999926,1.8551567852343545,57.7408001330082
136.0,343.0,88.0,87.0,426.0,99.0,46.0,344.046657,86.65037,87.36425,-1.046656999999982,1.3496300000000048,-0.3642499999999984,1.746330459864047,93.22553298319082
137.0,368.0,171.0,87.0,421.0,206.0,47.0,368.011101,171.101417,86.951117,-0.011100999999996475,-0.10141699999999787,0.04888300000000356,0.11312907574536193,75.05997601918082
138.0,383.0,277.0,87.0,397.0,334.0,49.0,382.68660700000004,276.817595,87.213445,0.3133929999999623,0.18240500000001703,-0.213444999999993,0.4207677797776103,69.92138442565336
139.0,305.0,296.0,87.0,299.0,327.0,47.0,304.705828,296.82692299999997,86.190751,0.2941720000000032,-0.8269229999999652,0.8092489999999941,1.1938269378406299,50.96076922496363
140.0,109.0,336.0,87.0,57.0,297.0,46.0,108.869133,336.397238,87.041861,0.13086699999999496,-0.39723800000001575,-0.04186099999999726,0.42032908970711386,76.8505042273634
141.0,236.0,373.0,87.0,190.0,388.0,49.0,235.90805499999996,372.572159,87.70445799999999,0.09194500000003814,0.4278410000000008,-0.7044579999999883,0.8293147038790468,61.5223536610881
142.0,367.0,87.0,88.0,452.0,108.0,47.0,366.59822499999996,86.89658899999999,87.93603999999999,0.4017750000000433,0.10341100000000836,0.06396000000000868,0.41977120809559776,96.6798841538404
143.0,357.0,123.0,88.0,427.0,146.0,48.0,357.070766,122.93044199999999,88.44403499999999,-0.07076599999999189,0.06955800000001489,-0.4440349999999853,0.45498705843681736,83.83913167489273
144.0,259.0,197.0,88.0,283.0,192.0,47.0,257.149383,196.086493,87.867059,1.8506169999999997,0.9135070000000098,0.13294100000000242,2.068079212510734,47.77028364998475
145.0,357.0,218.0,88.0,390.0,255.0,49.0,356.69318400000003,217.25170099999997,88.181534,0.30681599999996934,0.7482990000000314,-0.1815339999999992,0.8288799939756224,63.079315151640635
146.0,261.0,374.0,88.0,218.0,400.0,49.0,260.784899,374.619831,87.41078999999999,0.2151010000000042,-0.6198309999999765,0.5892100000000084,0.8818318053132256,63.608175575157006
147.0,186.0,438.0,88.0,107.0,445.0,51.0,186.270234,438.452411,89.123735,-0.2702339999999879,-0.4524109999999837,-1.1237349999999964,1.2411617452620631,87.51571287488893
148.0,251.0,53.0,89.0,331.0,24.0,46.0,250.72238199999998,53.06201999999999,88.764235,0.27761800000001813,-0.06201999999998975,0.23576500000000067,0.3694636241215217,95.34149149242423
149.0,294.0,298.0,89.0,288.0,325.0,49.0,295.657374,298.151281,87.91268,-1.6573740000000043,-0.15128099999998312,1.0873200000000054,1.987973666635708,48.63126566315131
150.0,395.0,341.0,89.0,386.0,413.0,52.0,394.722485,341.090924,88.801098,0.27751499999999396,-0.0909239999999727,0.1989020000000039,0.3533323571440822,81.44937077718895
151.0,237.0,361.0,89.0,195.0,375.0,50.0,236.419559,361.181286,88.64953499999999,0.5804410000000075,-0.18128600000000006,0.350465000000014,0.7018561708085344,59.0
152.0,317.0,48.0,90.0,409.0,45.0,49.0,316.815964,49.138521,90.550237,0.18403599999999187,-1.1385209999999972,-0.5502369999999956,1.2778341335658499,100.7670581092849
153.0,402.0,145.0,90.0,470.0,188.0,52.0,401.44421000000006,144.430154,90.99258599999999,0.5557899999999449,0.5698460000000125,-0.9925859999999886,1.2723419175724466,88.97752525216691
154.0,291.0,250.0,90.0,301.0,267.0,51.0,290.685248,249.725063,90.163209,0.3147519999999986,0.2749369999999942,-0.16320899999999483,0.448660621354264,43.70354676682432
155.0,116.0,308.0,90.0,77.0,266.0,49.0,116.36989100000001,307.141427,89.75570099999999,-0.36989100000000974,0.8585729999999785,0.24429900000001226,0.9662551162146445,70.46985170979147
156.0,178.0,75.0,91.0,238.0,22.0,48.0,177.96402799999998,75.696538,90.93249,0.035972000000015214,-0.6965380000000039,0.06750999999999863,0.7007258881531396,90.87353850269065
157.0,351.0,117.0,91.0,423.0,137.0,51.0,351.648838,117.006323,91.029523,-0.648838000000012,-0.0063229999999947495,-0.029522999999997523,0.6495400973781491,84.75848040166836
158.0,365.0,283.0,91.0,374.0,335.0,53.0,365.113684,283.611321,90.60388599999999,-0.11368399999997791,-0.6113209999999754,0.3961140000000114,0.7372541745510661,65.03076195155643
159.0,359.0,301.0,91.0,360.0,353.0,54.0,358.92893499999997,301.24597400000005,91.287448,0.0710650000000328,-0.24597400000004654,-0.2874479999999977,0.38494128851686754,63.82789358893179
160.0,319.0,361.0,91.0,291.0,408.0,56.0,319.64804000000004,361.933854,92.654067,-0.6480400000000373,-0.9338539999999966,-1.6540669999999977,2.0069820067467057,64.94613152451807
161.0,181.0,73.0,92.0,243.0,20.0,49.0,181.337589,72.85295099999999,91.748075,-0.33758900000000835,0.14704900000000976,0.25192499999999995,0.4461568636107804,92.2062904578641
162.0,256.0,192.0,92.0,285.0,187.0,52.0,257.44827300000003,191.730928,92.011313,-1.4482730000000288,0.2690719999999942,-0.011313000000001239,1.4730995919088703,49.658836071740545
163.0,361.0,249.0,92.0,383.0,293.0,55.0,361.19674999999995,248.657039,92.687835,-0.1967499999999518,0.3429610000000025,-0.6878350000000069,0.7933787224560489,61.554853586049575
164.0,398.0,351.0,92.0,386.0,427.0,57.0,398.41102800000004,352.01861299999996,92.73257,-0.41102800000004436,-1.0186129999999594,-0.7325699999999955,1.3202936284982016,84.52810183601665
165.0,122.0,368.0,92.0,60.0,338.0,52.0,121.92276,367.534854,91.458416,0.0772400000000033,0.4651460000000043,0.5415840000000003,0.7180808088035808,79.64923100695951
166.0,165.0,84.0,93.0,220.0,27.0,50.0,165.29823299999998,84.27923799999999,92.610116,-0.298232999999982,-0.2792379999999923,0.389883999999995,0.564735616363074,90.12768719988325
167.0,199.0,102.0,93.0,252.0,61.0,52.0,199.025361,102.40169199999998,93.674204,-0.02536100000000374,-0.40169199999998284,-0.6742040000000031,0.785207410052268,78.55571271397135
168.0,372.0,166.0,93.0,427.0,202.0,55.0,371.705533,166.51295299999998,93.519595,0.29446699999999737,-0.5129529999999818,-0.5195949999999954,0.7872804826254586,75.92759709091287
169.0,351.0,217.0,93.0,383.0,253.0,54.0,350.780085,217.56613399999998,92.339459,0.21991500000001452,-0.5661339999999768,0.6605409999999949,0.8973208600394696,61.97580172938467
170.0,250.0,357.0,93.0,213.0,375.0,55.0,250.450584,356.552771,92.647841,-0.4505839999999921,0.447228999999993,0.35215900000000033,0.7259860059105733,56.00892785976178
171.0,240.0,414.0,93.0,178.0,437.0,56.0,239.398113,413.83404799999994,92.927738,0.601887000000005,0.16595200000006116,0.07226199999999494,0.628513980526309,75.77598564189053
172.0,260.0,438.0,93.0,193.0,474.0,56.0,260.679282,438.68580999999995,92.410529,-0.6792820000000006,-0.6858099999999467,0.5894710000000032,1.131032913519731,84.581321815162
173.0,379.0,117.0,94.0,455.0,147.0,56.0,379.15903299999997,116.50974799999999,94.833907,-0.15903299999996534,0.49025200000001234,-0.8339069999999964,0.9803261718642399,90.11104260855048
174.0,349.0,129.0,94.0,415.0,149.0,56.0,348.601407,128.459,95.028083,0.3985930000000053,0.5409999999999968,-1.0280829999999952,1.2282149789584846,78.74007874011811
175.0,379.0,356.0,94.0,363.0,424.0,60.0,379.78817200000003,355.69437,95.350843,-0.7881720000000314,0.30563000000000784,-1.3508429999999976,1.5935500020812174,77.69169839822013
176.0,362.0,114.0,95.0,435.0,135.0,58.0,360.516159,112.402766,96.722543,1.483840999999984,1.5972340000000003,-1.7225430000000017,2.7785058846232373,84.49260322655469
177.0,390.0,172.0,95.0,446.0,215.0,57.0,389.868384,171.696301,94.901654,0.13161600000000817,0.3036989999999946,0.09834600000000648,0.34529377314541915,80.18104514160439
178.0,390.0,188.0,95.0,441.0,234.0,58.0,390.936372,187.76906,95.524457,-0.9363720000000058,0.23094000000000392,-0.5244569999999982,1.0978073377569537,78.01281945936834
179.0,225.0,405.0,95.0,166.0,420.0,58.0,225.66990399999997,403.76289600000007,94.83169,-0.6699039999999741,1.2371039999999311,0.1683100000000053,1.4168718827515059,71.23903424387504
180.0,169.0,81.0,96.0,225.0,25.0,54.0,168.69934899999998,81.465246,95.88346899999999,0.3006510000000162,-0.4652459999999934,0.11653100000000904,0.5660603662843794,89.64373932405988
181.0,169.0,88.0,96.0,223.0,33.0,54.0,169.226945,88.201214,95.80017899999999,-0.22694500000000062,-0.20121399999999312,0.19982100000001424,0.36320729461562745,87.77812939451375
182.0,391.0,171.0,96.0,447.0,214.0,57.0,390.385147,170.659395,94.907983,0.6148529999999823,0.3406050000000107,1.0920169999999985,1.2986751348674472,80.65977932030313
183.0,382.0,190.0,96.0,430.0,233.0,59.0,382.13892000000004,189.86057899999997,96.415358,-0.13892000000004145,0.1394210000000271,-0.4153579999999977,0.4596294701224206,74.31016081263719
184.0,368.0,250.0,96.0,390.0,296.0,60.0,367.46188600000005,249.218282,96.710698,0.5381139999999505,0.7817180000000121,-0.7106979999999936,1.1856396399091742,62.41794613730894
185.0,298.0,345.0,96.0,272.0,381.0,59.0,297.888496,345.921467,95.533096,0.11150400000002492,-0.9214670000000069,0.46690399999999954,1.039006217171494,57.8013840664737
186.0,218.0,353.0,96.0,178.0,359.0,60.0,219.14026699999997,353.26548,97.12297799999999,-1.140266999999966,-0.26548000000002503,-1.1229779999999892,1.6222724956593795,54.147945482723536
187.0,403.0,377.0,96.0,382.0,458.0,61.0,403.405765,377.18539899999996,95.666434,-0.40576499999997395,-0.18539899999996123,0.3335660000000047,0.5570316874128146,90.7028114227999
188.0,210.0,412.0,96.0,145.0,424.0,59.0,210.403887,412.338345,95.718161,-0.40388699999999744,-0.3383450000000039,0.28183900000000506,0.5975242837868628,75.7495874576225
189.0,262.0,87.0,97.0,331.0,67.0,57.0,262.011458,86.582653,97.26985499999999,-0.011458000000004631,0.4173470000000066,-0.26985499999999263,0.4971232495045888,82.22530024268686
190.0,254.0,172.0,97.0,288.0,162.0,58.0,253.32955800000002,171.584828,97.20482,0.67044199999998,0.41517200000001253,-0.204819999999998,0.8147462778975936,52.69724850502159
191.0,361.0,368.0,97.0,337.0,431.0,62.0,361.42715100000004,367.910162,97.048469,-0.4271510000000376,0.0898379999999861,-0.04846899999999721,0.4391788781419586,75.96051605933177
192.0,420.0,393.0,97.0,395.0,483.0,64.0,420.03834500000005,393.262204,97.759143,-0.03834500000004937,-0.262203999999997,-0.7591429999999946,0.804064282933892,99.06563480844405
193.0,382.0,186.0,98.0,430.0,228.0,60.0,380.84717,185.985314,97.293474,1.1528299999999945,0.014686000000011745,0.7065259999999967,1.3521877370291386,74.24284477308234
194.0,390.0,399.0,98.0,359.0,478.0,63.0,390.75802500000003,398.722889,97.194695,-0.7580250000000319,0.2771109999999908,0.8053050000000042,1.140135320903203,91.7986928011505
195.0,368.0,54.0,99.0,466.0,70.0,61.0,367.717009,53.86939099999999,99.776758,0.28299099999998134,0.13060900000000686,-0.776758000000001,0.8369561562746239,106.3202708800161
196.0,308.0,311.0,99.0,297.0,344.0,63.0,307.72206700000004,310.71396500000003,99.109609,0.2779329999999618,0.28603499999996984,-0.10960900000000606,0.4136144419564709,50.05996404313531
197.0,353.0,366.0,99.0,329.0,425.0,64.0,353.66879900000004,365.346776,98.80115699999999,-0.6687990000000354,0.6532240000000229,0.19884300000001076,0.9557888026264388,72.6773692424265
198.0,453.0,370.0,99.0,442.0,468.0,66.0,452.67055999999997,369.412184,99.31841399999999,0.3294400000000337,0.5878159999999752,-0.31841399999999,0.7452823886635097,103.99038417084533
199.0,377.0,125.0,100.0,449.0,156.0,62.0,376.894126,125.12145199999999,99.676153,0.1058739999999716,-0.12145199999999079,0.32384700000000066,0.3617136596660295,87.11486669908874
200.0,353.0,221.0,100.0,384.0,257.0,63.0,352.680448,220.503143,99.660232,0.3195519999999874,0.49685700000000566,0.3397680000000065,0.6814856219884629,60.21627686929839
201.0,377.0,281.0,100.0,387.0,338.0,64.0,376.09563,282.67247399999997,99.509627,0.9043699999999717,-1.6724739999999656,0.4903730000000053,1.9635478238904291,68.15423684555495
202.0,318.0,367.0,100.0,286.0,413.0,65.0,317.14689,367.20716899999996,99.99572599999999,0.8531100000000151,-0.20716899999996485,0.004274000000009437,0.8779145366930721,66.06814663663572
203.0,370.0,398.0,100.0,335.0,468.0,67.0,369.546095,397.22920899999997,100.72007099999999,0.4539050000000202,0.7707910000000311,-0.7200709999999901,1.148325197732355,84.9352694703443
204.0,362.0,151.0,101.0,421.0,180.0,64.0,361.40238400000004,151.06644599999998,101.184541,0.5976159999999595,-0.0664459999999849,-0.18454099999999585,0.62897959828038,75.43871685016919
205.0,361.0,359.0,101.0,339.0,421.0,67.0,360.42510599999997,359.669467,101.251583,0.5748940000000289,-0.6694669999999974,-0.25158299999999656,0.9175964152142422,74.05403432629447
206.0,391.0,126.0,102.0,465.0,162.0,65.0,390.9140029999999,125.65512299999999,101.976201,0.08599700000007715,0.344877000000011,0.023798999999996795,0.35623310000478714,90.22749026765624
207.0,383.0,189.0,102.0,431.0,232.0,66.0,382.71997799999997,188.89272799999998,102.15647899999999,0.28002200000003086,0.10727200000002313,-0.15647899999999026,0.3382384956048309,73.81734213584231
208.0,201.0,282.0,102.0,184.0,270.0,66.0,200.700434,282.610076,103.053564,0.29956599999999867,-0.6100759999999923,-1.0535639999999944,1.2537661728679628,41.58124577258358
209.0,359.0,323.0,102.0,353.0,379.0,69.0,360.392922,323.415785,103.30831699999999,-1.3929219999999987,-0.41578500000002805,-1.3083169999999882,1.9557101617565902,65.27633568147036
210.0,319.0,331.0,102.0,301.0,373.0,66.0,318.40284499999996,332.237794,101.204217,0.5971550000000434,-1.237794000000008,0.7957830000000001,1.58808018171315,58.172158288995945
211.0,200.0,383.0,102.0,145.0,385.0,66.0,200.320889,382.103386,101.912061,-0.320888999999994,0.8966139999999996,0.08793900000000576,0.9563575079634166,65.76473218982953
212.0,221.0,406.0,102.0,159.0,418.0,68.0,219.80273,404.12665400000003,103.085895,1.1972700000000032,1.8733459999999695,-1.0858949999999936,2.4742773974720134,71.72168430816443
213.0,314.0,166.0,103.0,361.0,179.0,66.0,314.54356699999994,165.90195,103.161405,-0.5435669999999391,0.09805000000000064,-0.16140500000000202,0.5754393625864801,61.212743771211564
214.0,129.0,187.0,103.0,138.0,132.0,64.0,129.03655799999999,187.315238,103.28996599999999,-0.03655799999998521,-0.3152379999999937,-0.2899659999999926,0.42987412711628814,68.02205524680947
215.0,318.0,307.0,103.0,309.0,344.0,68.0,317.091392,307.64473,103.14057299999999,0.9086080000000152,-0.6447299999999814,-0.14057299999998918,1.1229452519571026,51.720402163943
216.0,352.0,363.0,103.0,328.0,421.0,69.0,351.897026,362.54787699999997,102.949968,0.10297400000001744,0.4521230000000287,0.05003200000000163,0.46639259516959497,71.386273190299
217.0,316.0,415.0,103.0,265.0,469.0,68.0,315.42896699999994,416.20769999999993,101.908565,0.5710330000000567,-1.2076999999999316,1.0914350000000042,1.7250647339488188,82.10968274204937
218.0,183.0,111.0,104.0,230.0,64.0,65.0,182.832427,110.578375,104.408962,0.1675730000000044,0.4216250000000059,-0.4089620000000025,0.6108177047188535,77.06490770772389
219.0,303.0,271.0,104.0,307.0,296.0,68.0,303.04851599999995,270.867242,103.71651499999999,-0.0485159999999496,0.1327580000000239,0.2834850000000131,0.31676842337109434,44.01136216933077
220.0,289.0,405.0,104.0,240.0,446.0,72.0,290.057656,404.872562,105.59242,-1.0576560000000086,0.12743799999998373,-1.5924200000000042,1.915901384356728,71.45628033979938
221.0,218.0,82.0,105.0,282.0,44.0,66.0,218.039272,81.53396000000001,105.180622,-0.039272000000011076,0.46603999999999246,-0.18062199999999962,0.5013580342110753,84.02975663418287
222.0,362.0,156.0,105.0,419.0,187.0,67.0,361.697348,157.054983,103.57079099999999,0.30265200000002324,-1.054982999999993,1.4292090000000144,1.802006029144753,75.19308478842984
223.0,228.0,332.0,105.0,197.0,339.0,71.0,228.799612,332.895755,106.266817,-0.7996119999999962,-0.8957550000000083,-1.2668170000000032,1.7454459837124772,46.54030511288038
224.0,232.0,461.0,105.0,150.0,489.0,72.0,231.32019699999998,461.67388000000005,105.576094,0.679803000000021,-0.6738800000000538,-0.5760939999999977,1.1171976861975226,92.72000862812729
225.0,358.0,282.0,106.0,367.0,329.0,72.0,358.28842699999996,280.95576,106.278483,-0.288426999999956,1.044240000000002,-0.27848299999999426,1.1185616179799733,58.70264048575669
226.0,281.0,307.0,106.0,267.0,329.0,71.0,280.58424199999996,306.933895,106.00352699999999,0.4157580000000394,0.0661049999999932,-0.003526999999991176,0.420995279448632,43.64630568559039
227.0,254.0,336.0,106.0,225.0,353.0,71.0,254.19682999999998,336.497479,105.94960499999999,-0.1968299999999772,-0.49747899999999845,0.05039500000000885,0.5373705056718227,48.52834223420371
228.0,242.0,368.0,106.0,198.0,385.0,72.0,241.554349,368.388936,106.539118,0.445650999999998,-0.38893600000000106,-0.539118000000002,0.8003275853180379,58.146367040426526
229.0,229.0,388.0,106.0,175.0,403.0,72.0,228.36786499999997,388.35264400000005,106.452411,0.6321350000000336,-0.3526440000000548,-0.4524109999999979,0.853597189476441,65.55150646628954
230.0,337.0,50.0,107.0,432.0,52.0,69.0,336.69082299999997,48.79776299999999,106.727764,0.3091770000000338,1.2022370000000109,0.2722360000000066,1.270856664299342,102.33767634649519
231.0,346.0,229.0,107.0,372.0,268.0,74.0,346.32014,232.277504,108.60787199999999,-0.3201399999999808,-3.2775039999999933,-1.6078719999999862,3.6646656679702585,57.323642591866054
232.0,416.0,247.0,107.0,447.0,312.0,74.0,416.03961799999996,246.97564799999998,107.681679,-0.03961799999996174,0.02435200000002169,-0.6816790000000026,0.6832633934794118,79.21489758877429
233.0,207.0,272.0,107.0,194.0,261.0,71.0,206.174176,273.067367,107.20136199999999,0.8258240000000114,-1.0673669999999902,-0.20136199999998894,1.3644794783026213,39.824615503479755
234.0,268.0,301.0,107.0,256.0,317.0,72.0,268.924733,300.47812799999997,107.02392,-0.9247330000000034,0.5218720000000303,-0.023920000000003938,1.0620987110777595,40.311288741492746
235.0,225.0,394.0,107.0,169.0,408.0,73.0,225.01628499999998,393.806919,107.245465,-0.01628499999998212,0.1930810000000065,-0.24546499999999583,0.3127275811485132,66.9925368977769
236.0,291.0,385.0,108.0,249.0,423.0,75.0,291.09346,384.691639,108.27195699999999,-0.09345999999999322,0.3083609999999908,-0.27195699999998624,0.4216418951788182,65.55150646628954
237.0,173.0,87.0,109.0,228.0,33.0,70.0,173.258655,87.059654,108.88105999999999,-0.2586550000000045,-0.05965399999999477,0.11894000000000915,0.2908740833092627,86.38286867197685
238.0,353.0,87.0,109.0,436.0,103.0,73.0,353.1049,87.426029,109.382644,-0.10489999999998645,-0.42602899999999977,-0.3826439999999991,0.5821693478507747,91.87491496594704
239.0,396.0,90.0,109.0,484.0,123.0,74.0,395.611425,90.502174,109.705196,0.388575000000003,-0.5021739999999966,-0.7051960000000008,0.9489313227610311,100.28958071504736
240.0,410.0,257.0,109.0,437.0,320.0,74.0,410.351614,255.79065599999998,107.641933,-0.35161399999998366,1.2093440000000157,1.3580670000000055,1.8521585493205062,76.96102909914862
241.0,438.0,257.0,109.0,469.0,333.0,77.0,438.62399999999997,257.60542899999996,109.772489,-0.6239999999999668,-0.6054289999999583,-0.7724889999999931,1.1630389198826914,88.09653795694811
242.0,201.0,289.0,109.0,182.0,277.0,74.0,201.04132299999998,288.64793799999995,109.53609399999999,-0.04132299999997713,0.3520620000000463,-0.5360939999999914,0.6426912314704639,41.593268686170845
243.0,311.0,294.0,109.0,307.0,325.0,76.0,310.667419,293.479916,109.92917499999999,0.3325810000000047,0.5200839999999971,-0.9291749999999865,1.1155553187726617,45.45327270945405
244.0,396.0,308.0,109.0,400.0,375.0,76.0,395.93311900000003,308.162376,108.83437599999999,0.06688099999996666,-0.16237599999999475,0.1656240000000082,0.24139250798853837,74.79304780526061
245.0,441.0,383.0,109.0,422.0,479.0,78.0,440.103837,383.27545,109.12885399999999,0.8961630000000014,-0.275449999999978,-0.1288539999999898,0.946353093926885,102.65476121447071
246.0,370.0,72.0,110.0,462.0,92.0,74.0,370.452728,72.131728,110.189874,-0.45272799999997915,-0.1317279999999954,-0.1898740000000032,0.5082981839865072,100.79682534683322
247.0,397.0,113.0,110.0,477.0,150.0,75.0,397.207009,113.31090099999999,110.244709,-0.20700900000002775,-0.310900999999987,-0.2447090000000003,0.4465362835907106,94.83670175622937
248.0,315.0,241.0,110.0,333.0,266.0,75.0,315.507901,240.86863699999998,109.662949,-0.5079010000000039,0.13136300000002166,0.33705100000000243,0.6235567657968369,46.62617290749907
249.0,223.0,395.0,110.0,167.0,409.0,76.0,223.750127,395.13329999999996,109.702347,-0.750126999999992,-0.1332999999999629,0.29765299999999684,0.8179588709329928,66.9925368977769
250.0,193.0,198.0,111.0,207.0,168.0,73.0,192.095505,197.445239,109.863911,0.9044949999999972,0.5547610000000134,1.1360889999999984,1.5545318227900664,50.39841267341661
251.0,252.0,370.0,111.0,211.0,391.0,77.0,253.26174600000002,369.721977,110.494007,-1.2617460000000165,0.2780230000000188,0.5059930000000037,1.387562133057131,57.253820833198546
252.0,443.0,375.0,111.0,429.0,471.0,80.0,443.479361,375.259812,110.823441,-0.47936099999998305,-0.2598120000000108,0.17655899999999747,0.5731163268883451,101.84792585025971
253.0,277.0,100.0,112.0,343.0,88.0,76.0,276.9733,99.96907399999999,112.523191,0.026700000000005275,0.030926000000008003,-0.5231909999999971,0.5247838888123355,76.13146524269712
254.0,330.0,155.0,112.0,383.0,172.0,76.0,329.90700799999996,154.844058,111.31662299999999,0.09299200000003793,0.15594200000001024,0.6833770000000072,0.7070852449012213,66.2872536767062
255.0,229.0,299.0,112.0,211.0,299.0,77.0,229.324542,298.235585,111.577031,-0.3245420000000081,0.7644149999999854,0.4229689999999948,0.9319659741374566,39.35733730830886
256.0,360.0,318.0,112.0,353.0,371.0,79.0,358.403276,317.298227,111.595053,1.5967239999999947,0.7017730000000029,0.40494700000000705,1.7905292369894419,62.82515419798029
257.0,393.0,82.0,113.0,484.0,112.0,78.0,392.786108,81.99434799999999,113.111712,0.2138919999999871,0.005652000000011981,-0.11171199999999715,0.24137378422685835,102.00980345045274
258.0,391.0,97.0,113.0,476.0,129.0,78.0,390.993687,97.28282999999999,112.95513199999999,0.0063129999999773645,-0.2828299999999899,0.044868000000008124,0.28643638088237805,97.3344748791506
259.0,415.0,151.0,113.0,483.0,200.0,79.0,414.914799,150.642381,112.900475,0.08520099999998365,0.3576189999999997,0.09952499999999986,0.3808618977884201,90.44888059008801
260.0,181.0,121.0,114.0,224.0,75.0,77.0,181.143004,120.80332099999998,114.1432,-0.14300399999999058,0.19667900000001737,-0.1431999999999931,0.2822038501810387,73.03423854604085
261.0,317.0,281.0,114.0,320.0,313.0,81.0,317.69145000000003,280.82648900000004,114.09595999999999,-0.6914500000000317,0.17351099999996222,-0.09595999999999094,0.7193173786452187,46.06517122512408
262.0,282.0,222.0,115.0,302.0,232.0,81.0,282.631203,222.565223,115.147466,-0.6312030000000277,-0.5652230000000031,-0.14746599999999432,0.8600235392674068,40.69397989875161
263.0,244.0,405.0,115.0,187.0,429.0,83.0,244.557162,405.54527500000006,115.092839,-0.5571620000000053,-0.5452750000000606,-0.0928389999999979,0.7850945164692411,69.63476143421474
264.0,272.0,49.0,116.0,356.0,27.0,80.0,271.238983,49.23150799999999,116.447548,0.7610169999999812,-0.23150799999999094,-0.4475479999999976,0.912711367660645,94.0
265.0,172.0,94.0,116.0,223.0,41.0,78.0,171.52888099999998,94.65418199999999,115.368147,0.47111900000001583,-0.6541819999999916,0.6318530000000067,1.0242779968807356,82.78888814327681
266.0,227.0,110.0,116.0,281.0,79.0,81.0,226.50664200000003,109.13772499999999,117.062885,0.4933579999999722,0.862275000000011,-1.0628849999999943,1.4548693463723743,71.42828571371429
267.0,332.0,239.0,116.0,353.0,270.0,83.0,332.161129,238.858061,116.061049,-0.16112900000001673,0.1419390000000078,-0.06104899999999702,0.2232402624147518,49.90991885387112
268.0,115.0,359.0,116.0,55.0,325.0,81.0,114.92194400000001,359.019001,115.39709099999999,0.07805599999998947,-0.019001000000002932,0.602909000000011,0.6082376504443077,77.33692520394123
269.0,423.0,387.0,116.0,400.0,477.0,86.0,422.564043,387.51767799999993,115.82619199999999,0.4359569999999735,-0.5176779999999326,0.17380800000000818,0.6987547770118713,97.6165969494942
270.0,186.0,125.0,117.0,227.0,82.0,81.0,185.33190299999998,125.50232299999999,117.32149100000001,0.6680970000000173,-0.5023229999999899,-0.32149100000000885,0.8955660002585061,69.46941773183363
271.0,401.0,189.0,117.0,450.0,240.0,85.0,399.738039,190.358651,117.52474999999998,1.2619609999999852,-1.358651000000009,-0.5247499999999832,1.9271327582245001,77.6273147803014
272.0,204.0,201.0,117.0,216.0,175.0,81.0,200.982844,200.62442099999998,116.28656799999999,3.017156,0.3755790000000161,0.7134320000000116,3.123023396038049,46.0
273.0,239.0,369.0,117.0,195.0,384.0,85.0,239.082717,368.519795,117.217547,-0.08271700000000237,0.4802050000000122,-0.21754699999999616,0.5336343704476038,56.43580423808985
274.0,219.0,457.0,117.0,137.0,478.0,86.0,218.48637999999997,456.643144,117.24592899999999,0.5136200000000315,0.3568559999999934,-0.24592899999998963,0.6720362952824963,90.1443287178955
275.0,404.0,193.0,118.0,454.0,245.0,86.0,404.155959,193.214126,118.263374,-0.15595899999999574,-0.21412599999999316,-0.2633739999999989,0.3735492168817854,78.91767862779544
276.0,419.0,249.0,118.0,450.0,315.0,87.0,419.270434,248.655331,118.280362,-0.27043400000002293,0.34466900000001033,-0.28036199999999667,0.5201289445522309,79.23383115816122
277.0,260.0,286.0,118.0,251.0,297.0,85.0,259.955648,286.365253,117.936903,0.0443520000000035,-0.3652529999999956,0.06309699999999907,0.3733069585769826,35.93048844644336
278.0,226.0,306.0,118.0,204.0,307.0,85.0,226.040868,306.349873,118.075004,-0.040867999999989024,-0.3498730000000023,-0.07500400000000695,0.36014845490297714,39.67366884975475
279.0,355.0,110.0,119.0,429.0,129.0,85.0,354.541332,109.566245,118.94574499999999,0.45866799999998875,0.433755000000005,0.05425500000001193,0.6336113471790064,83.62415918859813
280.0,336.0,161.0,119.0,387.0,182.0,86.0,335.70852800000006,161.673448,119.36969099999999,0.291471999999942,-0.6734480000000076,-0.3696909999999889,0.8216809423182263,64.27285585688566
281.0,282.0,360.0,119.0,248.0,390.0,86.0,281.83137400000004,359.418176,117.67769200000001,0.16862599999996064,0.5818239999999832,1.3223079999999925,1.4544594671959572,56.08029957123981
282.0,216.0,460.0,119.0,133.0,481.0,87.0,216.16832599999998,460.02360699999997,118.05164099999999,-0.1683259999999791,-0.023606999999969958,0.9483590000000106,0.9634706667076127,91.40021881811882
283.0,311.0,207.0,120.0,341.0,225.0,87.0,311.16605400000003,207.049911,119.93312900000001,-0.166054000000031,-0.0499110000000087,0.06687099999999191,0.18584070995885182,48.093658625644196
284.0,125.0,301.0,120.0,89.0,262.0,86.0,124.99238799999999,301.279768,120.04994500000001,0.007612000000008834,-0.27976799999999,-0.04994500000000812,0.28429312231039877,63.0317380372777
285.0,181.0,126.0,121.0,222.0,82.0,85.0,181.48389299999997,126.841183,120.62573,-0.4838929999999664,-0.8411830000000009,0.37426999999999566,1.0401054311164641,70.09279563550022
286.0,322.0,166.0,121.0,369.0,182.0,88.0,321.741798,166.371018,121.106177,0.25820199999998295,-0.3710179999999923,-0.10617700000000241,0.4643233619547761,59.61543424315552
287.0,221.0,175.0,121.0,250.0,153.0,86.0,221.720955,174.74325399999998,120.45677,-0.7209550000000036,0.256746000000021,0.5432299999999941,0.938505968782836,50.49752469181039
288.0,440.0,276.0,121.0,463.0,355.0,91.0,439.81500399999993,276.39739099999997,121.015747,0.18499600000006922,-0.3973909999999705,-0.01574700000000462,0.4386240929383637,87.57853618324526
289.0,256.0,358.0,121.0,219.0,378.0,90.0,256.21432,357.669844,121.253827,-0.21431999999998652,0.3301559999999881,-0.25382700000000114,0.4683633126804308,52.24940191045253
290.0,281.0,373.0,121.0,242.0,405.0,90.0,281.109219,372.67230599999994,120.81079399999999,-0.10921899999999596,0.327694000000065,0.18920600000001286,0.39384141228805103,59.21148537234985
291.0,404.0,397.0,121.0,375.0,481.0,93.0,404.24533599999995,397.19183699999996,121.649971,-0.24533599999995204,-0.19183699999996406,-0.6499709999999936,0.7207312177961729,93.17188417113823
292.0,164.0,410.0,121.0,91.0,404.0,89.0,163.52039699999997,411.127295,120.82520299999999,0.47960300000002576,-1.1272950000000037,0.1747970000000123,1.2374841598352027,79.93122043357026
293.0,250.0,139.0,122.0,296.0,123.0,88.0,249.67341500000003,139.497724,122.19806399999999,0.32658499999996593,-0.49772400000000516,-0.19806399999998803,0.6273884685718875,59.39696961966999
294.0,440.0,274.0,122.0,464.0,353.0,92.0,440.08076499999993,274.593324,121.853104,-0.08076499999992848,-0.5933239999999955,0.14689599999999814,0.6165507189331487,87.84645695758026
295.0,426.0,280.0,122.0,447.0,353.0,92.0,426.87261499999994,279.011284,121.94563500000001,-0.8726149999999393,0.9887160000000108,0.054364999999990005,1.3198378006807936,81.67006795638167
296.0,249.0,360.0,122.0,210.0,378.0,91.0,249.230955,360.01862900000003,122.12207000000001,-0.23095499999999447,-0.018629000000032647,-0.1220700000000079,0.2618937505287222,52.97169055259611
297.0,243.0,421.0,122.0,179.0,446.0,91.0,242.838221,420.91267700000003,121.490307,0.16177899999999568,0.0873229999999694,0.5096929999999986,0.5418345738497977,75.37904218017101
298.0,230.0,435.0,122.0,159.0,458.0,92.0,230.43064999999999,435.44445399999995,122.27715899999998,-0.43064999999998577,-0.4444539999999506,-0.2771589999999833,0.6780972584349052,80.43631020876082
299.0,376.0,53.0,123.0,476.0,72.0,90.0,376.273248,53.110727999999995,123.45720800000001,-0.2732480000000237,-0.11072799999999461,-0.4572080000000085,0.5440260239657837,107.00467279516349
300.0,346.0,110.0,123.0,418.0,126.0,90.0,345.260246,110.14317199999999,123.137214,0.7397540000000049,-0.14317199999999275,-0.13721400000000017,0.7658732818789316,80.80222769206304
301.0,268.0,142.0,123.0,316.0,133.0,89.0,267.82347,142.08024899999998,122.79074,0.17653000000001384,-0.0802489999999807,0.20926000000000045,0.28529369166001894,59.50630218724736
302.0,258.0,152.0,123.0,301.0,141.0,89.0,258.250716,152.194657,122.778209,-0.25071600000001126,-0.19465700000000652,0.22179099999999607,0.38722229789360846,55.910642993977454
303.0,390.0,179.0,123.0,443.0,223.0,91.0,389.93131999999997,179.027559,122.67851099999999,0.06868000000002894,-0.02755899999999656,0.3214890000000139,0.3298963746421181,75.95393340703298
304.0,377.0,192.0,123.0,423.0,232.0,91.0,376.734003,191.218393,122.681423,0.26599700000002713,0.7816070000000082,0.3185770000000048,0.8849605705267497,68.84765791223403
305.0,404.0,210.0,123.0,447.0,265.0,92.0,403.97615899999994,210.632996,122.981571,0.023841000000061285,-0.6329959999999915,0.018428999999997586,0.6337128350743672,76.38717169787084
306.0,411.0,239.0,123.0,444.0,301.0,92.0,411.01204099999995,239.385572,122.574108,-0.012040999999953783,-0.38557199999999625,0.4258920000000046,0.5746257464898348,76.77239087067694
307.0,368.0,254.0,123.0,389.0,303.0,92.0,368.800165,255.23302399999997,122.849929,-0.8001649999999927,-1.233023999999972,0.15007099999999696,1.4775430676775272,61.66846844214635
308.0,253.0,361.0,123.0,215.0,380.0,91.0,253.636079,360.273281,122.07131100000001,-0.6360789999999952,0.7267190000000028,0.9286889999999914,1.3398433706679977,53.1883445878888
309.0,211.0,458.0,123.0,128.0,476.0,93.0,211.037751,457.497067,123.05325199999999,-0.03775099999998588,0.5029329999999845,-0.05325199999998631,0.5071513738460953,90.07219326740079
310.0,380.0,42.0,124.0,485.0,60.0,90.0,380.143554,41.447496,123.549485,-0.14355399999999463,0.552503999999999,0.4505149999999958,0.7272084887822704,111.8257573191436
311.0,402.0,128.0,124.0,477.0,169.0,92.0,402.306707,128.2421,123.94839300000001,-0.30670700000001716,-0.24209999999999354,0.051606999999989966,0.3941381436730101,91.26883367283708
312.0,262.0,153.0,124.0,305.0,143.0,90.0,261.88807499999996,152.71905399999997,123.55214899999999,0.11192500000004202,0.28094600000002856,0.4478510000000142,0.5403965014154313,55.72252686302013
313.0,413.0,274.0,125.0,433.0,342.0,96.0,413.16999799999996,274.141778,125.42835299999999,-0.16999799999996412,-0.14177799999998797,-0.4283529999999871,0.482168657107628,76.58328799418317
314.0,244.0,369.0,125.0,200.0,386.0,93.0,243.56132100000002,368.853367,123.72083599999999,0.43867899999997917,0.14663300000000845,1.2791640000000086,1.3602209528697926,57.0
315.0,298.0,60.0,126.0,382.0,50.0,93.0,297.54338899999993,60.474471,126.68560199999999,0.45661100000006627,-0.4744710000000012,-0.6856019999999887,0.950613716272833,90.80198235721508
316.0,386.0,148.0,126.0,450.0,186.0,94.0,385.770606,148.488032,125.53374199999999,0.22939400000001342,-0.488032000000004,0.4662580000000105,0.7128768216347197,81.01851640211638
317.0,380.0,195.0,126.0,424.0,237.0,94.0,378.83944299999996,194.87323800000001,125.07488799999999,1.1605570000000398,0.12676199999998516,0.9251120000000128,1.489561468163403,68.73136110975832
318.0,426.0,285.0,126.0,443.0,360.0,98.0,425.641234,285.549176,126.80053899999999,0.3587660000000028,-0.5491759999999886,-0.8005389999999863,1.0349734355300948,81.8413098624405
319.0,424.0,289.0,126.0,439.0,364.0,97.0,423.564997,289.686935,125.95596699999999,0.4350029999999947,-0.6869350000000054,0.04403300000001309,0.8142764943942592,81.79853299418028
320.0,473.0,374.0,126.0,464.0,482.0,98.0,473.699998,374.888868,125.25005199999998,-0.6999979999999937,-0.8888680000000022,0.7499480000000176,1.3573892308884807,111.93301568348814
321.0,356.0,3.0,127.0,471.0,5.0,94.0,354.992709,2.388846000000001,127.550171,1.0072910000000093,0.6111539999999991,-0.550171000000006,1.3003201527462473,119.65784554303157
322.0,269.0,148.0,127.0,315.0,140.0,94.0,268.913754,147.828636,126.810059,0.08624600000001692,0.17136400000001117,0.18994100000000458,0.26996588023861184,57.175169435691224
323.0,275.0,232.0,127.0,290.0,238.0,94.0,274.98832999999996,230.47418399999998,125.79247799999999,0.011670000000037817,1.5258160000000203,1.2075220000000115,1.9458571466682981,36.742346141747674
324.0,237.0,377.0,127.0,189.0,393.0,97.0,236.87291999999997,377.190689,126.97532899999999,0.12708000000003494,-0.19068900000002031,0.0246710000000121,0.23047837070323374,58.82176467941097
325.0,370.0,177.0,128.0,420.0,212.0,98.0,369.263708,176.526568,128.667984,0.7362919999999917,0.4734320000000025,-0.6679839999999899,1.1011205166302083,68.00735254367721
326.0,201.0,191.0,128.0,219.0,164.0,95.0,200.580227,191.435605,127.869315,0.4197729999999922,-0.43560500000000957,0.13068499999999972,0.6189019767127923,46.281745861624536
327.0,440.0,270.0,128.0,465.0,349.0,99.0,439.881262,271.294395,127.62954099999999,0.11873800000000756,-1.2943950000000086,0.370459000000011,1.3515905442662848,87.78952101475437
328.0,427.0,282.0,128.0,445.0,356.0,100.0,426.172756,281.941042,128.475253,0.8272440000000074,0.058958000000018274,-0.47525300000000925,0.9558630107442296,81.14185110040317
329.0,127.0,320.0,128.0,84.0,284.0,96.0,126.92360200000003,319.77239,128.010736,0.0763979999999691,0.22761000000002696,-0.010736000000008517,0.24032941601062432,64.56779382943171
330.0,175.0,150.0,129.0,206.0,107.0,95.0,175.64921800000002,150.523563,128.611078,-0.649218000000019,-0.5235629999999958,0.388922000000008,0.9202513507607725,62.976185975335156
331.0,440.0,274.0,129.0,464.0,352.0,100.0,439.894058,273.895218,128.418924,0.10594200000002729,0.10478200000000015,0.5810759999999959,0.5998768979249002,86.6083136886985
332.0,218.0,297.0,129.0,199.0,292.0,98.0,218.372718,296.122128,128.929127,-0.3727179999999919,0.8778720000000249,0.07087300000000596,0.9563477077073163,36.701498607005135
333.0,250.0,358.0,129.0,212.0,376.0,100.0,250.347146,358.033602,129.508032,-0.3471460000000093,-0.033601999999973486,-0.5080319999999858,0.6162271924736771,51.07837115648854
334.0,71.0,116.0,130.0,99.0,27.0,96.0,71.709793,116.178508,130.954495,-0.7097930000000048,-0.17850799999999367,-0.9544950000000085,1.2028016935214303,99.30256794262674
335.0,200.0,172.0,130.0,226.0,141.0,98.0,200.06213099999997,171.774442,130.55973799999998,-0.0621309999999653,0.2255580000000066,-0.5597379999999816,0.6066657244059351,51.58488150611572
336.0,211.0,222.0,130.0,219.0,203.0,98.0,210.75507499999998,221.76921399999998,129.867975,0.24492500000002337,0.23078600000002325,0.13202499999999873,0.3614983181786906,38.06573262134856
337.0,318.0,239.0,130.0,337.0,264.0,101.0,318.334137,238.53155499999997,130.965377,-0.33413699999999835,0.4684450000000311,-0.9653769999999895,1.123850970957897,42.74342054632502
338.0,440.0,266.0,130.0,467.0,345.0,100.0,440.403599,267.67639599999995,128.484999,-0.4035989999999856,-1.6763959999999543,1.5150010000000123,2.2953047143283336,88.7130204648675
339.0,200.0,454.0,130.0,117.0,468.0,101.0,200.483285,454.21845900000005,129.761349,-0.4832849999999951,-0.21845900000005258,0.2386510000000044,0.581586645055593,89.02808545621994
340.0,319.0,237.0,131.0,338.0,263.0,102.0,318.860085,237.504514,131.790962,0.1399149999999736,-0.5045140000000004,-0.7909620000000075,0.9485417591571838,43.3358973600409
341.0,449.0,257.0,131.0,480.0,336.0,103.0,448.18982100000005,257.334317,130.977956,0.8101789999999482,-0.33431699999999864,0.022043999999993957,0.8767233351895654,89.36442245099556
342.0,441.0,280.0,131.0,463.0,359.0,104.0,440.97515699999997,279.63374,131.618987,0.02484300000003259,0.36626000000001113,-0.6189870000000042,0.7196585776727843,86.3365507765975
343.0,274.0,300.0,131.0,262.0,318.0,102.0,274.12217,299.99182399999995,131.55716999999999,-0.12216999999998279,0.008176000000048589,-0.5571699999999851,0.5704653931449128,36.180105030251084
344.0,196.0,448.0,131.0,116.0,458.0,102.0,197.11364999999998,446.717944,130.703768,-1.1136499999999785,1.2820560000000114,0.2962320000000034,1.7238437595849525,85.67963585356792
345.0,201.0,455.0,131.0,118.0,469.0,103.0,201.538792,454.75533499999995,131.382646,-0.5387920000000008,0.24466500000005453,-0.38264599999999405,0.7046813058433032,88.70738413458037
346.0,273.0,50.0,132.0,359.0,29.0,100.0,274.273907,50.20322,132.79279499999998,-1.2739070000000083,-0.20322000000000173,-0.7927949999999839,1.5141536662683865,94.13288479590966
347.0,390.0,171.0,132.0,446.0,213.0,103.0,389.77052,170.596039,132.610974,0.22948000000002367,0.40396100000000956,-0.6109739999999988,0.7675511635044383,75.76938695805846
348.0,388.0,226.0,132.0,424.0,277.0,103.0,389.329588,226.043063,131.97731199999998,-1.329588000000001,-0.043062999999989415,0.022688000000016473,1.3304786420897565,68.83313155741209
349.0,426.0,272.0,132.0,448.0,344.0,104.0,425.418102,271.87654999999995,131.877212,0.5818980000000238,0.12345000000004802,0.12278800000001411,0.6073895602066626,80.32434251209281
350.0,257.0,44.0,133.0,342.0,15.0,100.0,257.423139,43.74281599999999,133.05013399999999,-0.42313899999999194,0.2571840000000094,-0.05013399999998569,0.4976983435104005,95.68176419778223
351.0,309.0,143.0,133.0,363.0,150.0,103.0,308.891889,143.213441,133.80437899999998,0.10811100000000806,-0.2134409999999889,-0.8043789999999831,0.8392083319670806,62.16912416947821
352.0,369.0,158.0,133.0,426.0,190.0,103.0,368.24721900000003,157.922041,132.99059,0.7527809999999704,0.07795899999999278,0.009410000000002583,0.7568655017517673,71.92357054540605
353.0,394.0,165.0,133.0,453.0,208.0,103.0,393.908235,164.891749,132.631733,0.09176500000000942,0.10825099999999566,0.368267000000003,0.394664005851817,78.93034904268447
354.0,322.0,196.0,133.0,359.0,216.0,104.0,322.965616,195.546542,133.86845499999998,-0.9656160000000114,0.4534580000000119,-0.8684549999999831,1.3755916924163956,51.088159097779204
355.0,240.0,368.0,133.0,196.0,383.0,103.0,239.76481,367.660459,131.970484,0.23518999999998869,0.339540999999997,1.029516000000001,1.1092815787873676,55.326304774492215
356.0,197.0,453.0,133.0,113.0,466.0,106.0,196.901036,453.753252,133.902945,0.09896399999999517,-0.7532519999999749,-0.9029449999999883,1.1800390340259683,89.1852005660132
357.0,369.0,144.0,134.0,432.0,174.0,105.0,368.764297,143.950075,134.784796,0.23570300000000088,0.049925000000001774,-0.784796,0.8209465094937676,75.56454194925024
358.0,386.0,147.0,134.0,451.0,185.0,105.0,386.388404,147.559641,134.551887,-0.38840399999998,-0.5596409999999992,-0.5518869999999936,0.8767182996071067,80.68457101577724
359.0,363.0,189.0,134.0,408.0,224.0,104.0,363.117662,189.02863,133.50757199999998,-0.11766199999999571,-0.028629999999992606,0.4924280000000181,0.5070989630516083,64.42049363362563
360.0,256.0,199.0,134.0,280.0,194.0,103.0,255.85326700000002,198.972625,133.73818,0.14673299999998335,0.027375000000006366,0.26182000000000016,0.30137962159707404,39.52214569073901
361.0,355.0,210.0,134.0,390.0,245.0,104.0,354.596489,210.024016,133.35833399999999,0.4035109999999804,-0.024015999999988935,0.641666000000015,0.7583753364482543,57.879184513951124
362.0,445.0,258.0,134.0,476.0,336.0,107.0,445.11876100000006,258.413297,134.276752,-0.11876100000006318,-0.413297,-0.2767519999999877,0.511380733733691,88.17028978062848
363.0,200.0,311.0,134.0,171.0,301.0,104.0,199.01491099999998,310.451192,133.891119,0.9850890000000163,0.5488080000000082,0.10888099999999667,1.1328925946205317,42.906875905849866
364.0,375.0,39.0,135.0,480.0,54.0,103.0,374.817087,38.212985,134.29766,0.182912999999985,0.7870149999999967,0.7023399999999924,1.0705751965153958,110.78808600206071
365.0,225.0,412.0,135.0,162.0,429.0,107.0,225.35385200000002,412.279035,134.891058,-0.3538520000000176,-0.2790350000000217,0.1089420000000132,0.4636163591732149,71.00704190430693
366.0,192.0,419.0,135.0,121.0,425.0,107.0,192.458154,419.826011,135.161309,-0.4581540000000075,-0.8260109999999941,-0.1613089999999886,0.9582378897319774,76.55716818169282
367.0,196.0,427.0,135.0,122.0,434.0,107.0,195.576787,426.55936500000007,135.049918,0.42321300000000406,0.4406349999999293,-0.049917999999991025,0.6129928656338018,79.42921376924235
368.0,356.0,61.0,136.0,449.0,73.0,105.0,355.69356,61.052488999999994,135.881237,0.30644000000000915,-0.052488999999994235,0.11876300000000128,0.3328140905821226,98.76234100101111
369.0,184.0,92.0,136.0,238.0,42.0,104.0,183.682128,91.789498,136.575386,0.31787199999999416,0.2105020000000053,-0.5753860000000088,0.6902338367423091,80.24961059095551
370.0,312.0,189.0,136.0,350.0,205.0,106.0,313.129379,189.35790599999999,135.68544599999998,-1.1293789999999717,-0.3579059999999856,0.3145540000000153,1.2257805062053058,50.99019513592785
371.0,387.0,212.0,136.0,428.0,262.0,110.0,388.598878,213.417208,137.86691199999999,-1.5988780000000133,-1.417207999999988,-1.866911999999985,2.8372962111651217,69.6921803361037
372.0,398.0,216.0,136.0,438.0,268.0,107.0,397.901945,215.450969,135.28408199999998,0.09805499999998801,0.5490310000000136,0.7159180000000163,0.9075177159207615,71.72865536171719
373.0,404.0,372.0,136.0,384.0,451.0,110.0,403.588421,371.709842,135.881496,0.41157900000001746,0.29015800000001946,0.1185040000000015,0.5173317467747616,85.53946457629952
374.0,223.0,414.0,136.0,158.0,431.0,108.0,222.775611,414.882472,135.708542,0.22438900000000217,-0.882472000000007,0.29145800000000577,0.9560622468589672,72.78736154031138
375.0,366.0,17.0,137.0,477.0,26.0,106.0,365.228556,17.26549199999998,137.101373,0.771443999999974,-0.2654919999999805,-0.10137299999999527,0.8221242803426673,115.59844289608749
376.0,33.0,167.0,137.0,34.0,69.0,103.0,32.200192,165.774855,136.548658,0.7998079999999987,1.2251449999999977,0.451342000000011,1.531137717141408,103.73523991392703
377.0,225.0,169.0,137.0,256.0,147.0,105.0,224.996048,168.709253,136.060608,0.003951999999998179,0.2907470000000103,0.939391999999998,0.983365021737606,49.68903299521938
378.0,391.0,236.0,137.0,421.0,288.0,110.0,389.92509,235.439044,137.598941,1.0749099999999885,0.5609560000000045,-0.5989409999999964,1.3523436928225665,65.82552696332935
379.0,227.0,391.0,137.0,173.0,405.0,109.0,227.67418399999997,390.791461,136.75222499999998,-0.6741839999999684,0.20853899999997338,0.2477750000000185,0.7479338413268619,62.41794613730894
380.0,253.0,50.0,138.0,335.0,20.0,106.0,253.340534,49.50629599999999,137.944911,-0.340533999999991,0.49370400000000814,0.05508900000000949,0.6022805348780608,92.99462350050136
381.0,199.0,109.0,138.0,250.0,67.0,106.0,199.528573,108.11631799999999,137.85428199999998,-0.5285729999999944,0.8836820000000074,0.14571800000001645,1.03996010932007,73.40980860893181
382.0,309.0,148.0,138.0,362.0,155.0,109.0,309.470984,147.417641,138.666498,-0.4709839999999872,0.5823589999999967,-0.66649799999999,1.0025904034754027,60.81940479813988
383.0,420.0,168.0,138.0,482.0,226.0,111.0,421.196631,171.420617,138.816038,-1.1966310000000249,-3.420616999999993,-0.8160379999999918,3.714628437447546,89.08984229416954
384.0,352.0,270.0,138.0,365.0,314.0,111.0,353.189937,270.204865,138.416933,-1.1899369999999863,-0.20486499999998387,-0.4169330000000002,1.2774008214663715,53.23532661682466
385.0,191.0,419.0,138.0,119.0,423.0,112.0,190.429805,418.841044,139.29201899999998,0.5701950000000124,0.15895599999998922,-1.292018999999982,1.4211623567777063,76.6550715869472
386.0,188.0,139.0,139.0,225.0,99.0,108.0,188.449177,139.49788,139.252165,-0.4491769999999917,-0.4978800000000092,-0.25216499999999087,0.716401883689593,62.68971207462992
387.0,299.0,172.0,139.0,341.0,179.0,109.0,299.399522,171.523745,138.49827299999998,-0.3995219999999904,0.476255000000009,0.5017270000000167,0.7988533257350924,52.08646657242167
388.0,317.0,241.0,139.0,334.0,267.0,113.0,316.894068,241.760653,140.77746199999999,0.1059319999999957,-0.7606529999999907,-1.7774619999999857,1.9362814197520293,40.50925820105819
389.0,89.0,249.0,139.0,68.0,187.0,108.0,89.36448299999999,248.677328,139.07077999999998,-0.3644829999999928,0.3226720000000114,-0.07077999999998497,0.4919094279163594,72.42927584892728
390.0,179.0,99.0,140.0,229.0,48.0,108.0,178.28744,98.83003399999998,139.83076499999999,0.7125599999999963,0.1699660000000165,0.16923500000001468,0.7518448510038526,78.26237921249263
391.0,317.0,130.0,140.0,377.0,137.0,111.0,316.460238,129.55270299999998,140.435261,0.5397619999999961,0.44729700000002026,-0.435260999999997,0.825148326650434,67.00746227100382
392.0,441.0,269.0,140.0,468.0,346.0,114.0,441.569326,268.33165199999996,139.937368,-0.5693259999999896,0.6683480000000372,0.06263200000000779,0.8801953821760478,85.63877626402656
393.0,352.0,330.0,140.0,341.0,384.0,114.0,352.78378200000003,330.86339999999996,140.18129299999998,-0.7837820000000306,-0.863399999999956,-0.18129299999998238,1.1801020868437466,60.93439094632849
394.0,458.0,349.0,140.0,455.0,446.0,116.0,457.50604599999997,349.432422,140.469439,0.49395400000003065,-0.4324219999999741,-0.46943899999999417,0.807064009184527,99.9699954986495
395.0,362.0,93.0,141.0,444.0,112.0,112.0,362.020398,92.724958,141.184136,-0.020398000000000138,0.2750419999999991,-0.1841359999999952,0.3316176211602721,89.02808545621994
396.0,206.0,94.0,141.0,263.0,53.0,110.0,206.02304499999997,93.898974,141.225355,-0.023044999999967786,0.1010260000000045,-0.22535500000000752,0.24803669229773811,76.75285010994706
397.0,387.0,101.0,141.0,470.0,132.0,113.0,387.434023,101.51846299999998,141.626434,-0.4340230000000247,-0.5184629999999828,-0.626433999999989,0.9217371660370379,92.91931984253867
398.0,340.0,166.0,141.0,389.0,188.0,113.0,339.07154500000007,166.082199,141.408085,0.9284549999999285,-0.0821990000000028,-0.4080849999999998,1.017506132586368,60.572270883631234
399.0,283.0,199.0,141.0,312.0,204.0,113.0,283.40938700000004,198.525375,141.638844,-0.4093870000000379,0.4746250000000032,-0.638844000000006,0.894979476150175,40.620192023179804
400.0,345.0,201.0,141.0,383.0,231.0,113.0,345.597886,201.05359699999997,140.934547,-0.5978860000000168,-0.05359699999996792,0.06545299999999088,0.6038413720622456,55.92852581643825
401.0,419.0,381.0,141.0,399.0,467.0,116.0,419.460773,380.30324799999994,140.52703499999998,-0.4607730000000174,0.6967520000000604,0.4729650000000163,0.9599328092414154,91.76600677810929
402.0,417.0,384.0,141.0,395.0,470.0,116.0,417.133534,383.673846,140.513491,-0.13353399999999738,0.3261539999999741,0.4865090000000123,0.6007485064092913,92.22255689363638
403.0,209.0,440.0,142.0,132.0,454.0,117.0,208.641877,439.599735,142.952608,0.3581230000000062,0.4002649999999903,-0.9526079999999979,1.0935840868529465,82.15838362577492
404.0,339.0,50.0,143.0,434.0,53.0,113.0,338.90905000000004,49.48908899999999,142.75236999999998,0.09094999999996389,0.5109110000000072,0.24763000000001512,0.5749978863622094,99.66945369570358
405.0,471.0,349.0,143.0,469.0,451.0,117.0,469.69346599999994,349.68909699999995,141.15363299999999,1.306534000000056,-0.689096999999947,1.846367000000015,2.3645204307119294,105.28057750601485
406.0,212.0,391.0,143.0,155.0,400.0,116.0,212.45244399999999,391.653226,142.64385099999998,-0.45244399999998564,-0.6532260000000178,0.35614900000001626,0.8707766018979965,63.7102817447859
407.0,180.0,455.0,143.0,93.0,460.0,117.0,179.901949,454.39721099999997,143.094253,0.09805099999999811,0.6027890000000298,-0.09425300000000902,0.6179419108063777,90.93954035511726
408.0,320.0,90.0,144.0,397.0,92.0,114.0,320.31837800000005,89.418528,143.313909,-0.31837800000005245,0.5814720000000051,0.6860910000000047,0.9540414550474449,82.66196223173026
409.0,283.0,98.0,144.0,350.0,87.0,114.0,282.50079300000004,97.74775799999999,143.62859,0.49920699999995577,0.2522420000000096,0.37140999999999735,0.6714008069052038,74.22937423958254
410.0,189.0,115.0,144.0,234.0,70.0,112.0,187.93304399999997,114.664666,142.82159,1.066956000000033,0.33533400000000313,1.1784100000000137,1.624652001381251,71.2320152740325
411.0,363.0,117.0,144.0,435.0,141.0,115.0,362.60082600000004,117.627227,143.349503,0.3991739999999595,-0.6272270000000049,0.6504970000000014,0.9878764795327276,81.24653838779841
412.0,315.0,129.0,144.0,376.0,135.0,115.0,315.199654,128.297991,143.74127199999998,-0.19965400000000955,0.7020090000000039,0.25872800000001916,0.7743503947057941,67.80855403265875
413.0,316.0,243.0,144.0,332.0,268.0,117.0,315.637095,243.096899,144.0536,0.362905000000012,-0.09689900000000762,-0.05359999999998877,0.37942379370040696,40.124805295477756
414.0,385.0,288.0,144.0,395.0,347.0,119.0,385.158088,288.129243,144.419215,-0.15808800000002066,-0.12924299999997402,-0.41921500000000833,0.4663011741546517,64.85368146836385
415.0,240.0,369.0,144.0,196.0,384.0,118.0,240.16277200000002,368.58546,144.24755199999998,-0.16277200000001812,0.41453999999998814,-0.24755199999998467,0.5095293203418116,53.2634959423431
416.0,192.0,423.0,144.0,120.0,429.0,117.0,192.813802,423.292645,143.312224,-0.8138020000000097,-0.29264499999999316,0.6877760000000137,1.1049663422046079,77.12976079309465
417.0,191.0,470.0,144.0,101.0,483.0,118.0,192.111035,470.19963399999995,143.599209,-1.111034999999987,-0.19963399999994635,0.4007909999999981,1.1978672425865682,94.57801012920498
418.0,362.0,66.0,145.0,454.0,81.0,117.0,361.770026,66.087677,145.590918,0.229974000000027,-0.08767699999999934,-0.5909179999999878,0.6401245033030668,97.32933781753577
419.0,285.0,123.0,145.0,344.0,117.0,115.0,285.65388800000005,122.62768299999999,144.127344,-0.6538880000000518,0.37231700000000956,0.8726560000000063,1.1522664446077937,66.46051459325304
420.0,396.0,275.0,145.0,412.0,335.0,120.0,395.253179,274.396836,145.287204,0.7468210000000113,0.6031639999999925,-0.2872040000000027,1.0020152466669403,66.94027188471824
421.0,372.0,96.0,146.0,454.0,120.0,119.0,371.93568899999997,96.41142099999999,146.770322,0.06431100000003198,-0.41142099999999004,-0.7703219999999931,0.8756706730535088,89.60468737739114
422.0,379.0,102.0,146.0,459.0,130.0,120.0,378.431494,102.892146,147.44464299999999,0.5685060000000135,-0.8921459999999968,-1.444642999999985,1.7905633065605264,88.656641037206
423.0,346.0,115.0,146.0,417.0,132.0,117.0,346.29241299999995,115.33156299999999,145.191937,-0.2924129999999536,-0.3315629999999885,0.8080630000000042,0.9210891365698393,78.55571271397135
424.0,365.0,145.0,147.0,428.0,174.0,120.0,365.794272,145.13756999999998,147.095408,-0.7942719999999781,-0.13756999999998243,-0.09540799999999194,0.8117242150804415,74.42445834535849
425.0,365.0,256.0,147.0,384.0,302.0,122.0,364.930778,256.05134799999996,147.46659599999998,0.06922200000002476,-0.05134799999996176,-0.46659599999998136,0.47448933560616735,55.695601262577284
426.0,412.0,282.0,147.0,430.0,349.0,123.0,412.908452,280.62695499999995,147.48219,-0.9084520000000111,1.3730450000000474,-0.4821900000000028,1.7155304731858168,73.40980860893181
427.0,199.0,437.0,147.0,122.0,447.0,122.0,199.09699299999997,436.808678,147.185722,-0.09699299999996924,0.19132200000001376,-0.1857219999999984,0.2837329924717933,81.57205403813245
428.0,351.0,24.0,148.0,458.0,28.0,119.0,351.10628499999996,23.885508999999985,147.831574,-0.10628499999995711,0.11449100000001522,0.16842600000001084,0.22972158754021796,110.93241185514718
429.0,270.0,142.0,148.0,318.0,134.0,120.0,269.92229199999997,142.64333,148.165018,0.07770800000002964,-0.6433299999999917,-0.16501800000000344,0.6686874923968559,56.142675390472796
430.0,215.0,406.0,148.0,153.0,417.0,122.0,215.37683299999998,405.44161799999995,147.370149,-0.37683299999997644,0.5583820000000514,0.6298510000000022,0.9222287406137604,68.1248853210044
431.0,187.0,435.0,148.0,108.0,441.0,122.0,186.65857099999997,435.784842,147.33255599999998,0.3414290000000335,-0.784842000000026,0.6674440000000175,1.08537192710199,83.38465086573187
432.0,362.0,119.0,149.0,433.0,143.0,122.0,361.631595,119.77009399999999,149.07163699999998,0.36840499999999565,-0.7700939999999861,-0.0716369999999813,0.8566789787487333,79.66178506661774
433.0,202.0,209.0,149.0,214.0,184.0,120.0,202.128842,208.52215,148.14249,-0.12884199999999169,0.47784999999998945,0.8575099999999907,0.9900829680203431,40.124805295477756
434.0,318.0,324.0,149.0,303.0,362.0,124.0,317.627418,323.74291800000003,148.83967099999998,0.3725820000000226,0.2570819999999685,0.1603290000000186,0.4802227500743864,47.89572005931219
435.0,211.0,429.0,149.0,139.0,442.0,124.0,211.02257799999998,428.52531799999997,148.790563,-0.022577999999981557,0.4746820000000298,0.2094370000000083,0.5193232367004493,77.31752712031083
436.0,390.0,225.0,150.0,425.0,276.0,125.0,390.048421,225.223187,150.007273,-0.04842100000001892,-0.2231869999999958,-0.0072729999999978645,0.228494916221346,66.71581521648372
437.0,297.0,291.0,150.0,292.0,316.0,125.0,297.121551,290.86826699999995,150.260312,-0.12155100000001084,0.13173300000005383,-0.260311999999999,0.31605468867589404,35.70714214271425
438.0,191.0,447.0,150.0,110.0,456.0,126.0,192.15201599999997,446.959932,150.422114,-1.1520159999999748,0.04006800000001931,-0.42211399999999344,1.227569361737225,84.95881355103778
439.0,210.0,80.0,151.0,273.0,38.0,122.0,209.99995999999996,79.763164,151.178577,4.0000000041118255e-05,0.23683599999999672,-0.17857699999999,0.2966159763481982,81.08020720249795
440.0,415.0,296.0,151.0,426.0,368.0,127.0,414.780945,296.469429,150.557318,0.21905500000002576,-0.469428999999991,0.4426819999999907,0.6814073907656084,76.68767828015137
441.0,331.0,301.0,151.0,327.0,341.0,127.0,330.837846,301.217847,151.414019,0.1621539999999868,-0.21784700000000612,-0.41401899999999614,0.49513934148479377,46.8187996428785
442.0,308.0,308.0,151.0,297.0,340.0,127.0,307.269159,308.237221,151.589081,0.7308409999999981,-0.2372209999999768,-0.5890809999999931,0.968203901398346,41.48493702538308
443.0,319.0,328.0,151.0,303.0,366.0,126.0,318.686536,326.870752,150.431095,0.3134640000000104,1.1292480000000182,0.5689050000000009,1.3027331360739423,48.218253804964775
444.0,455.0,363.0,151.0,447.0,461.0,130.0,455.321841,363.30496200000005,151.805987,-0.32184100000000626,-0.3049620000000459,-0.8059869999999876,0.919890479836601,100.54352291420865
445.0,359.0,15.0,152.0,470.0,21.0,124.0,358.65430100000003,15.377091999999976,151.944942,0.3456989999999678,-0.3770919999999762,0.055058000000002494,0.5145265381192307,114.63420083029322
446.0,354.0,33.0,152.0,458.0,39.0,125.0,354.02345199999996,32.491984999999985,152.617618,-0.02345199999996339,0.5080150000000145,-0.6176179999999931,0.8000507674222959,107.61505470890214
447.0,394.0,104.0,152.0,475.0,138.0,126.0,392.9993,105.009464,152.178915,1.0006999999999948,-1.0094639999999941,-0.17891499999998928,1.4326299712490222,91.61331780914826
448.0,389.0,137.0,152.0,458.0,173.0,126.0,388.897695,136.623334,151.85942599999998,0.1023050000000012,0.37666600000000017,0.14057400000001508,0.4148549602656387,82.05485969764375
449.0,195.0,201.0,152.0,209.0,173.0,125.0,195.42795999999998,201.323589,152.395477,-0.4279599999999846,-0.32358899999999835,-0.39547699999999963,0.6665295642730227,41.340053217188775
450.0,286.0,262.0,152.0,290.0,279.0,126.0,285.94991699999997,262.64793,151.526018,0.05008300000002919,-0.6479299999999739,0.47398200000000656,0.8043509980804247,31.32091952673165
451.0,306.0,308.0,152.0,295.0,339.0,128.0,305.464257,307.98982,152.430995,0.535743000000025,0.010179999999991196,-0.4309949999999958,0.687663351120316,40.718546143004666
452.0,318.0,329.0,152.0,301.0,367.0,128.0,317.41119299999997,328.187268,152.06872099999998,0.5888070000000312,0.8127319999999827,-0.06872099999998227,1.0059570383043235,48.05205510693585
453.0,235.0,343.0,152.0,199.0,352.0,127.0,234.250303,343.029773,151.981231,0.7496969999999976,-0.0297729999999774,0.01876899999999182,0.7505226836671859,44.74371464239419
454.0,169.0,122.0,153.0,210.0,71.0,125.0,169.66583599999998,121.80705699999999,153.590778,-0.6658359999999846,0.19294300000001385,-0.5907780000000002,0.9108145944312623,71.17583859709698
455.0,195.0,200.0,153.0,210.0,172.0,126.0,195.95390799999998,200.296548,153.221062,-0.9539079999999842,-0.29654800000000137,-0.2210619999999892,1.023107812799788,41.689327171351664
456.0,367.0,208.0,153.0,405.0,247.0,128.0,366.991553,207.916628,152.915289,0.008446999999989657,0.08337199999999712,0.08471099999999865,0.11915618202174454,59.91660871578097
457.0,170.0,121.0,154.0,211.0,70.0,126.0,170.19178399999998,120.78001599999999,154.416363,-0.1917839999999842,0.21998400000001084,-0.4163629999999898,0.5084606284472675,71.17583859709698
458.0,387.0,128.0,154.0,459.0,162.0,129.0,386.84014299999996,127.84576299999999,154.441243,0.159857000000045,0.15423700000000906,-0.44124299999998584,0.4940027304246452,83.45657553482529
459.0,206.0,194.0,154.0,224.0,168.0,126.0,205.79046,193.55012399999998,153.191948,0.20954000000000406,0.4498760000000175,0.8080520000000035,0.948284483517485,42.23742416388575
460.0,391.0,198.0,154.0,436.0,245.0,129.0,390.565814,198.316161,153.58935599999998,0.43418600000001106,-0.3161609999999939,0.4106440000000191,0.6760944869269543,69.70652767137379
461.0,375.0,253.0,154.0,396.0,303.0,130.0,374.587845,253.788734,153.943556,0.4121549999999843,-0.7887340000000052,0.05644399999999905,0.8917168787888873,59.30430001273095
462.0,256.0,437.0,154.0,187.0,469.0,131.0,255.40552199999996,437.099835,153.946247,0.5944780000000378,-0.09983499999998457,0.053753000000000384,0.6051946007013297,79.46068210127572
463.0,357.0,31.0,155.0,462.0,38.0,128.0,356.89862,30.705033999999998,155.065386,0.10138000000000602,0.2949660000000023,-0.06538599999998951,0.3186819332061377,108.6416126537157
464.0,288.0,86.0,155.0,361.0,75.0,127.0,288.044404,85.69301099999998,154.360309,-0.0444039999999859,0.3069890000000157,0.6396909999999991,0.7109279406648801,78.95568377260753
465.0,209.0,352.0,155.0,165.0,352.0,130.0,207.861558,351.895288,154.62406099999998,1.1384419999999977,0.10471200000000636,0.3759390000000167,1.2034720279379196,50.60632371551998
466.0,412.0,396.0,155.0,384.0,482.0,134.0,411.874658,396.034408,155.178708,0.12534199999998918,-0.034407999999984895,-0.1787080000000003,0.22097754793642804,92.84934033152847
467.0,385.0,399.0,155.0,352.0,475.0,134.0,385.190949,398.911386,155.43528799999999,-0.19094899999998916,0.08861400000000685,-0.4352879999999857,0.4835179464518195,85.47514258543241
468.0,257.0,163.0,156.0,295.0,154.0,130.0,257.348032,164.25974,156.24732699999998,-0.34803199999998924,-1.2597399999999936,-0.2473269999999843,1.3301284846032615,46.9148164229596
469.0,329.0,177.0,156.0,373.0,197.0,131.0,329.147358,177.411083,156.135833,-0.147357999999997,-0.41108299999999076,-0.135832999999991,0.4573338134688808,54.415071441651165
470.0,315.0,306.0,156.0,306.0,341.0,132.0,314.567821,306.724652,155.62460199999998,0.4321790000000192,-0.7246519999999919,0.37539800000001833,0.9234840916599585,43.382023926967726
471.0,431.0,327.0,156.0,432.0,410.0,134.0,430.434794,327.61429599999997,155.765028,0.5652059999999892,-0.6142959999999675,0.23497199999999907,0.8671961939699386,85.871997764114
472.0,149.0,401.0,156.0,78.0,386.0,132.0,149.131636,400.94346200000007,156.33586599999998,-0.1316359999999861,0.056537999999932254,-0.33586599999998157,0.36514456301029086,76.43297717608546
473.0,371.0,104.0,157.0,450.0,128.0,132.0,371.02879,103.79539399999999,157.348246,-0.02879000000001497,0.2046060000000125,-0.34824599999998895,0.40492932204521603,86.2670273047588
474.0,430.0,297.0,157.0,445.0,373.0,135.0,430.91741,295.49575899999996,156.949089,-0.917410000000018,1.504241000000036,0.05091100000001347,1.762661063308015,80.52949770115296
475.0,347.0,130.0,158.0,412.0,149.0,133.0,346.977802,129.998245,158.12712399999998,0.02219800000000305,0.0017550000000028376,-0.1271239999999807,0.1290594537606418,72.18725649309579
476.0,163.0,293.0,158.0,136.0,266.0,133.0,162.981481,292.637167,158.252068,0.01851899999999773,0.3628330000000233,-0.2520680000000084,0.44218663013938014,45.639894828976104
477.0,288.0,327.0,158.0,268.0,353.0,134.0,288.184335,325.94413399999996,157.32868399999998,-0.18433499999997593,1.0558660000000373,0.6713160000000187,1.2647124471740978,40.64480286580315
478.0,360.0,230.0,159.0,388.0,270.0,136.0,359.84118400000006,230.28510599999998,159.291112,0.15881599999994478,-0.28510599999998476,-0.29111199999999826,0.4373261364656505,53.97221507405454
479.0,242.0,270.0,159.0,236.0,270.0,135.0,241.735599,269.777001,159.299192,0.26440099999999234,0.2229990000000157,-0.299192000000005,0.45733171294587255,24.73863375370596
480.0,308.0,353.0,159.0,280.0,391.0,137.0,307.42239600000005,352.382157,159.2738,0.5776039999999512,0.6178429999999935,-0.27379999999999427,0.889001008697365,52.076866265166146
481.0,196.0,364.0,159.0,148.0,361.0,136.0,197.050201,363.365672,159.52617999999998,-1.050200999999987,0.6343279999999822,-0.5261799999999823,1.334975484563268,53.31041174104736
482.0,365.0,27.0,160.0,472.0,37.0,134.0,364.463043,27.388397999999995,159.938264,0.5369569999999726,-0.38839799999999514,0.06173599999999624,0.6655728058965197,110.56672193747991
483.0,286.0,83.0,160.0,360.0,71.0,134.0,286.291001,82.913842,160.147632,-0.2910009999999943,0.08615799999999751,-0.14763199999998733,0.33749072637480354,79.3473376995095
484.0,362.0,126.0,160.0,431.0,150.0,136.0,362.027594,125.86714599999999,160.46970299999998,-0.02759400000002188,0.1328540000000089,-0.46970299999998133,0.4889095236963441,76.89603370785778
485.0,291.0,181.0,160.0,326.0,187.0,136.0,290.074763,181.904508,160.605654,0.9252369999999814,-0.9045079999999928,-0.605653999999987,1.428640961175668,42.86023798347368
486.0,317.0,206.0,160.0,348.0,225.0,135.0,317.045584,205.704271,159.219316,-0.04558400000001939,0.29572899999999436,0.7806840000000079,0.8360628267977298,44.12482294582042
487.0,363.0,278.0,160.0,373.0,326.0,137.0,362.766591,277.706627,159.532781,0.23340899999999465,0.2933729999999741,0.46721900000000005,0.5990334484575819,54.15717865620402
488.0,202.0,370.0,160.0,152.0,370.0,137.0,202.50886899999998,369.329251,160.217716,-0.5088689999999758,0.6707490000000007,-0.2177159999999958,0.86962758512939,55.036351623268054
489.0,300.0,176.0,161.0,340.0,184.0,136.0,300.17150200000003,175.93510999999998,160.564768,-0.17150200000003224,0.06489000000001965,0.4352320000000134,0.4722822693347965,47.843494855622744
490.0,374.0,132.0,162.0,443.0,160.0,139.0,373.98041900000004,130.548441,162.74443499999998,0.01958099999995966,1.4515590000000032,-0.7444349999999815,1.6314381432548952,77.93587107359485
491.0,348.0,133.0,162.0,411.0,153.0,137.0,347.27834,133.405689,161.362503,0.7216599999999858,-0.4056889999999953,0.6374969999999962,1.0448823595649277,70.66823897621902
492.0,349.0,142.0,162.0,409.0,165.0,138.0,348.85586900000004,143.259626,162.051381,0.14413099999995893,-1.2596259999999972,-0.05138099999999213,1.2688858940810952,68.59300255857006
493.0,332.0,177.0,162.0,377.0,198.0,138.0,332.57964,177.217644,161.83708099999998,-0.5796399999999835,-0.21764400000000705,0.16291900000001647,0.6402296782382002,55.154328932550705
494.0,395.0,188.0,162.0,445.0,235.0,139.0,395.048344,188.305631,161.850649,-0.048343999999985954,-0.3056310000000053,0.1493509999999958,0.3435886664283335,72.37402849088892
495.0,361.0,144.0,163.0,423.0,171.0,139.0,361.30347600000005,144.293327,162.723803,-0.30347600000004604,-0.293327000000005,0.27619699999999625,0.504403800852084,71.75653280364095
496.0,229.0,223.0,164.0,240.0,210.0,141.0,229.28728900000002,222.175111,164.899276,-0.28728900000001545,0.8248890000000131,-0.8992759999999862,1.2536642915940477,28.61817604250837
497.0,392.0,332.0,164.0,387.0,401.0,144.0,393.222211,332.414312,164.308471,-1.2222110000000157,-0.41431199999999535,-0.3084709999999973,1.3268792408150913,72.01388754955533
498.0,120.0,248.0,165.0,104.0,198.0,140.0,120.49066,248.18461399999998,164.961532,-0.4906600000000054,-0.18461399999998207,0.03846799999999462,0.5256513593818609,58.146367040426526
499.0,328.0,51.0,166.0,422.0,51.0,142.0,329.331641,51.339681999999996,166.599654,-1.3316409999999905,-0.33968199999999626,-0.5996539999999868,1.499412062683556,97.01546268507923
500.0,278.0,143.0,166.0,328.0,138.0,141.0,278.92542499999996,143.359799,165.267876,-0.9254249999999615,-0.35979900000000953,0.7321239999999989,1.2336418858007108,56.124860801609124
501.0,209.0,193.0,166.0,229.0,169.0,141.0,210.07317199999997,193.175725,165.441801,-1.0731719999999711,-0.1757249999999999,0.5581990000000019,1.2223598246056437,40.01249804748511
502.0,354.0,129.0,167.0,420.0,150.0,144.0,353.554624,128.804746,167.083624,0.4453760000000102,0.1952540000000056,-0.08362399999998615,0.4934337638103102,72.97944916207575
503.0,427.0,290.0,167.0,442.0,365.0,147.0,426.615284,290.17757099999994,166.89066599999998,0.3847160000000258,-0.17757099999994352,0.10933400000001825,0.43759774251360556,79.05694150420949
504.0,213.0,424.0,167.0,143.0,437.0,146.0,213.03151300000002,423.81769799999995,166.851283,-0.03151300000001811,0.1823020000000497,0.14871700000000487,0.2373685624972707,74.22937423958254
505.0,365.0,163.0,168.0,420.0,194.0,146.0,365.02122199999997,163.01361999999997,168.20416799999998,-0.0212219999999661,-0.013619999999974652,-0.20416799999998148,0.20571934743234607,66.85805860178712
506.0,362.0,227.0,168.0,391.0,267.0,147.0,361.492508,227.28290299999998,168.321915,0.5074920000000134,-0.28290299999997615,-0.32191499999998996,0.6642375363512616,53.68426212587819
507.0,447.0,339.0,168.0,447.0,430.0,150.0,447.43974399999996,339.414456,168.556039,-0.43974399999996194,-0.41445599999997285,-0.5560389999999984,0.821174726226363,92.76313923105448
508.0,372.0,61.0,169.0,468.0,79.0,146.0,372.39331699999997,61.181389999999986,169.296684,-0.3933169999999677,-0.18138999999998617,-0.29668399999999906,0.5249971337492892,100.34440691936945
509.0,411.0,128.0,169.0,487.0,171.0,146.0,411.092571,127.73006199999999,168.110243,-0.09257100000002083,0.26993800000001045,0.889757000000003,0.9344000390271904,90.29950165975447
510.0,401.0,145.0,169.0,470.0,187.0,147.0,402.056598,144.59030299999998,168.833678,-1.0565980000000081,0.4096970000000226,0.16632200000000807,1.1453881320744679,83.71977066380438
511.0,232.0,172.0,169.0,262.0,153.0,146.0,231.59545500000002,172.216594,169.54681399999998,0.4045449999999846,-0.2165939999999864,-0.5468139999999835,0.7138453393116492,42.30839160261236
512.0,455.0,322.0,169.0,462.0,412.0,150.0,454.410628,321.529788,168.68628999999999,0.5893720000000258,0.4702120000000036,0.3137100000000146,0.8166227056775013,92.2496612459905
513.0,233.0,393.0,169.0,177.0,409.0,150.0,232.19931699999998,393.26451,170.272861,0.8006830000000207,-0.26450999999997293,-1.272861000000006,1.5268378865845693,61.26173356998641
514.0,180.0,419.0,170.0,107.0,419.0,149.0,180.40550199999998,419.216505,169.716895,-0.40550199999998426,-0.21650499999998374,0.28310500000000616,0.5398654721817128,75.96051605933177
515.0,292.0,430.0,170.0,232.0,474.0,151.0,291.85290699999996,429.487665,170.027572,0.14709300000004077,0.5123350000000073,-0.02757199999999216,0.5337449934734929,76.79192665899195
516.0,374.0,63.0,171.0,469.0,82.0,148.0,373.96919799999995,63.272318,170.89443699999998,0.030802000000051066,-0.2723179999999985,0.10556300000001784,0.2936824872153702,99.57409301620578
517.0,274.0,193.0,171.0,303.0,193.0,149.0,273.88543999999996,192.672149,171.310539,0.11456000000003996,0.32785100000000966,-0.31053900000000567,0.46588060951494753,36.40054944640259
518.0,419.0,222.0,171.0,459.0,284.0,152.0,418.79421199999996,222.86982999999998,171.847947,0.20578800000004094,-0.869829999999979,-0.8479470000000049,1.2320580524687093,76.19055059520177
519.0,336.0,269.0,171.0,345.0,305.0,151.0,335.676654,268.80383099999995,171.401981,0.323346000000015,0.19616900000005444,-0.40198100000000636,0.551927202299394,42.15447781671598
520.0,404.0,312.0,171.0,407.0,381.0,152.0,403.630951,311.755112,170.98909899999998,0.36904900000001817,0.2448880000000031,0.010901000000018257,0.44304190405199295,71.63099887618489
521.0,230.0,358.0,171.0,188.0,367.0,151.0,229.82709799999998,357.780603,171.526668,0.17290200000002187,0.21939700000001494,-0.5266680000000008,0.5961621653854049,47.38143096192854
522.0,349.0,303.0,172.0,347.0,350.0,153.0,348.957339,303.269971,172.499867,0.04266100000000961,-0.2699709999999982,-0.49986699999999473,0.5697116107742536,50.73460357586329
523.0,285.0,381.0,172.0,243.0,414.0,153.0,284.806507,380.027155,172.312531,0.19349299999998948,0.9728450000000066,-0.312531000000007,1.0399723847463513,56.69215113223346
524.0,357.0,109.0,173.0,432.0,129.0,151.0,357.478392,109.43769499999999,173.000312,-0.4783919999999853,-0.43769499999999084,-0.0003120000000080836,0.6484102991416607,80.67837380611982
525.0,228.0,312.0,173.0,204.0,313.0,152.0,228.217385,311.672984,172.894524,-0.21738500000000727,0.32701600000001463,0.10547600000001012,0.40659671550200066,31.906112267087632
526.0,232.0,396.0,173.0,176.0,412.0,153.0,232.230483,395.88506299999995,172.70075599999998,-0.23048299999999244,0.11493700000005447,0.29924400000001583,0.39481628486426257,61.57921727336261
527.0,206.0,102.0,174.0,260.0,62.0,150.0,206.401278,102.066448,173.90597599999998,-0.4012779999999907,-0.06644799999999407,0.09402400000001876,0.4174684210380412,71.35825109964509
528.0,286.0,122.0,174.0,345.0,115.0,152.0,286.250309,121.17875599999999,174.457917,-0.25030900000001566,0.8212440000000072,-0.457917000000009,0.9730284075534629,63.35613624582863
529.0,305.0,200.0,174.0,336.0,213.0,153.0,304.76527,199.676089,174.172504,0.2347300000000132,0.3239110000000096,-0.17250400000000354,0.4356307367909359,39.63584236521283
530.0,424.0,222.0,174.0,465.0,285.0,155.0,423.743654,222.11717099999998,174.261285,0.25634600000000773,-0.11717099999998482,-0.26128499999998667,0.38433340497801316,77.5306391048081
531.0,427.0,332.0,174.0,426.0,412.0,156.0,426.495538,330.944658,173.797774,0.5044619999999895,1.055341999999996,0.20222599999999602,1.187065289478207,82.00609733428362
532.0,225.0,74.0,175.0,292.0,35.0,152.0,224.256999,72.79031599999999,175.688156,0.7430009999999925,1.20968400000001,-0.6881559999999922,1.5776389150223833,80.86408349817613
533.0,285.0,116.0,175.0,345.0,109.0,152.0,284.689187,116.51659999999998,174.528549,0.310812999999996,-0.5165999999999826,0.47145100000000184,0.7653406603402051,64.63745044476924
534.0,459.0,344.0,175.0,459.0,439.0,158.0,459.17830699999996,343.36805000000004,174.93882299999999,-0.17830699999996114,0.6319499999999607,0.061177000000014914,0.6594670682285343,96.5090669315583
535.0,309.0,199.0,176.0,340.0,214.0,154.0,308.142442,199.42345999999998,174.958216,0.8575579999999832,-0.4234599999999773,1.041784000000007,1.4142269964966607,40.8656334834051
536.0,427.0,224.0,176.0,468.0,289.0,158.0,427.142807,224.47523,176.655636,-0.1428070000000048,-0.4752300000000105,-0.655635999999987,0.8222505437182722,78.93034904268447
537.0,420.0,226.0,176.0,460.0,288.0,158.0,420.66702,225.777244,176.710952,-0.6670199999999795,0.22275600000000395,-0.7109519999999918,0.9999943311039132,75.9473501841901
538.0,454.0,280.0,176.0,477.0,364.0,159.0,453.65856700000006,280.423125,176.543005,0.34143299999993815,-0.4231250000000273,-0.5430049999999937,0.7684176528028063,88.73556220591607
539.0,360.0,308.0,176.0,358.0,359.0,157.0,359.882212,307.443985,175.61106999999998,0.11778800000001866,0.5560150000000021,0.3889300000000162,0.6886895077384433,54.46099521676041
540.0,273.0,337.0,176.0,246.0,359.0,157.0,272.863812,336.55054499999994,176.220686,0.1361880000000042,0.4494550000000572,-0.2206860000000006,0.5189019936028892,39.67366884975475
541.0,471.0,363.0,176.0,464.0,465.0,159.0,469.837104,362.281191,175.424792,1.1628959999999893,0.7188090000000216,0.5752080000000035,1.483198479152743,103.64362016062542
542.0,265.0,366.0,176.0,227.0,390.0,157.0,266.167559,365.57607099999996,175.959171,-1.167558999999983,0.42392900000004374,0.040829000000002225,1.24281005095831,48.79549159502341
543.0,404.0,163.0,177.0,466.0,209.0,157.0,404.76476199999996,162.823045,176.789026,-0.764761999999962,0.17695499999999242,0.2109739999999931,0.8128247150185187,79.74960814950754
544.0,316.0,189.0,177.0,353.0,205.0,156.0,315.91947899999997,189.07151599999997,176.631917,0.08052100000003293,-0.07151599999997416,0.3680830000000128,0.3835143603387115,45.45327270945405
545.0,421.0,221.0,177.0,462.0,283.0,158.0,420.919985,221.372354,176.758926,0.08001500000000306,-0.3723540000000014,0.24107399999999757,0.45074003041331967,76.72027111526653
546.0,404.0,268.0,177.0,424.0,331.0,159.0,403.894046,268.55490699999996,177.21996,0.105953999999997,-0.5549069999999574,-0.21995999999998617,0.6062428806715556,68.5054742338158
547.0,197.0,430.0,177.0,122.0,437.0,158.0,196.825783,429.393558,176.796658,0.17421699999999873,0.6064420000000155,0.20334199999999214,0.6629264147829796,77.68526243760782
548.0,324.0,42.0,178.0,419.0,38.0,156.0,323.74695,42.156093999999996,178.23860299999998,0.25304999999997335,-0.15609399999999596,-0.23860299999998347,0.38122307241951836,97.59610647971567
549.0,366.0,88.0,178.0,450.0,108.0,157.0,366.054675,88.501499,178.065086,-0.054674999999974716,-0.5014989999999955,-0.06508600000000797,0.5086519340590319,88.86506625215557
550.0,203.0,101.0,178.0,256.0,60.0,155.0,202.819029,101.60124099999999,178.047572,0.18097099999999955,-0.6012409999999875,-0.04757200000000239,0.6296859043253112,70.84490101623405
551.0,218.0,212.0,178.0,230.0,193.0,157.0,217.24157,211.722309,178.261926,0.7584300000000042,0.27769100000000435,-0.26192599999998833,0.8490780799531941,30.757112998459398
552.0,241.0,376.0,178.0,194.0,391.0,160.0,240.815951,374.95873199999994,178.584786,0.18404899999998747,1.0412680000000591,-0.5847860000000082,1.2083409072033968,52.51666402200353
553.0,300.0,204.0,179.0,329.0,217.0,160.0,300.431663,204.67240800000002,179.89830899999998,-0.43166300000001456,-0.6724080000000185,-0.8983089999999834,1.2022580935531304,37.027017163147235
554.0,362.0,246.0,179.0,385.0,289.0,161.0,362.68351200000006,246.074865,179.565173,-0.6835120000000643,-0.07486499999998841,-0.5651729999999873,0.8900640102251477,51.980765673468106
555.0,288.0,286.0,179.0,283.0,306.0,160.0,287.848606,285.782202,179.100979,0.15139399999998204,0.21779800000001615,-0.10097899999999527,0.2838183758691474,28.035691537752374
556.0,389.0,298.0,179.0,395.0,360.0,161.0,388.92628900000005,298.644911,178.674931,0.07371099999994613,-0.6449109999999791,0.3250690000000134,0.7259568611170872,64.8382603097893
557.0,187.0,351.0,179.0,141.0,342.0,160.0,186.888438,350.658098,179.45009299999998,0.11156199999999217,0.3419020000000046,-0.4500929999999812,0.5761308584835432,50.57667446560717
558.0,264.0,366.0,179.0,224.0,390.0,160.0,263.864264,366.385306,178.433268,0.13573600000000852,-0.38530600000001414,0.5667320000000018,0.6986201651512897,50.368641037852115
559.0,261.0,389.0,179.0,212.0,415.0,161.0,261.054724,388.9393809999999,179.02354,-0.05472400000002153,0.06061900000008791,-0.023539999999997008,0.08499124035459697,58.31809324729333
560.0,194.0,429.0,179.0,118.0,436.0,161.0,193.48535099999998,429.685647,179.28797,0.5146490000000199,-0.6856470000000172,-0.2879700000000014,0.9043794130286497,78.41555968046137
561.0,210.0,332.0,180.0,174.0,329.0,160.0,209.14535700000002,331.98072,179.42351,0.8546429999999816,0.019279999999980646,0.5764900000000068,1.0310805477502598,41.291645644125154
562.0,267.0,363.0,180.0,229.0,388.0,161.0,267.237825,363.541719,179.248853,-0.23782499999998663,-0.5417190000000005,0.7511470000000031,0.9561600395305165,49.29503017546495
563.0,321.0,123.0,181.0,383.0,130.0,161.0,319.759879,123.047491,181.447807,1.2401209999999878,-0.04749099999999373,-0.4478070000000116,1.3193508248267325,65.52098900352466
564.0,376.0,161.0,181.0,434.0,196.0,161.0,376.556671,161.077327,180.393262,-0.5566709999999944,-0.07732699999999681,0.6067380000000071,0.8270387341678755,70.63285354564121
565.0,300.0,262.0,181.0,305.0,284.0,163.0,299.244947,262.999865,181.697985,0.7550529999999753,-0.9998649999999998,-0.6979849999999885,1.4342308430859192,28.861739379323623
566.0,299.0,264.0,181.0,303.0,286.0,162.0,298.202236,265.063812,180.866071,0.7977639999999724,-1.0638119999999844,0.13392899999999486,1.336435687970402,29.34280150224242
567.0,418.0,282.0,181.0,435.0,352.0,164.0,417.950348,282.06309799999997,181.009155,0.04965199999998049,-0.06309799999996812,-0.009154999999992697,0.08081146411861319,74.01351227985333
568.0,193.0,427.0,181.0,119.0,432.0,163.0,193.23992299999998,426.337393,180.96812699999998,-0.23992299999997613,0.66260699999998,0.03187300000001869,0.7054268002471717,76.32168761236873
569.0,245.0,251.0,182.0,247.0,249.0,163.0,245.07530200000002,250.876995,182.425699,-0.07530200000002196,0.12300500000000625,-0.4256990000000087,0.4494666392848442,19.209372712298546
570.0,361.0,325.0,182.0,352.0,380.0,165.0,360.757919,325.399731,181.950564,0.24208099999998467,-0.3997309999999743,0.049435999999985825,0.469927655089558,58.26662852782886
571.0,472.0,343.0,182.0,474.0,444.0,167.0,472.216157,343.443765,182.171622,-0.2161570000000097,-0.44376499999998487,-0.17162200000001349,0.5225948093485003,102.12737145349429
572.0,227.0,217.0,183.0,238.0,202.0,163.0,225.853963,216.695693,183.02797,1.1460370000000069,0.30430699999999433,-0.027970000000010486,1.186080046420988,27.313000567495326
573.0,431.0,221.0,183.0,474.0,287.0,165.0,431.34842800000007,221.430953,182.381314,-0.34842800000006946,-0.43095299999998815,0.6186859999999967,0.8305991367615513,80.80222769206304
574.0,225.0,259.0,183.0,220.0,251.0,164.0,224.627211,259.457672,183.368372,0.3727890000000116,-0.4576720000000023,-0.3683719999999937,0.6957968298928977,21.213203435596427
575.0,366.0,185.0,184.0,414.0,220.0,166.0,367.308084,184.97287599999999,184.315874,-1.308084000000008,0.027124000000014803,-0.315874000000008,1.3459553656447998,62.07253821135398
576.0,227.0,230.0,184.0,235.0,218.0,164.0,227.69529,229.917614,183.675203,-0.69529,0.08238600000001384,0.32479699999998957,0.7718216946322483,24.657656011875904
577.0,279.0,210.0,185.0,303.0,214.0,167.0,279.51469699999996,209.167265,185.809935,-0.5146969999999556,0.8327350000000138,-0.8099349999999959,1.2705728181646931,30.265491900843113
578.0,216.0,300.0,185.0,196.0,294.0,167.0,217.196007,299.136505,185.450576,-1.1960070000000087,0.8634950000000003,-0.4505760000000123,1.5424250681475689,27.568097504180443
579.0,190.0,313.0,185.0,159.0,299.0,166.0,189.74060699999998,312.62733,184.773851,0.2593930000000171,0.3726700000000278,0.22614899999999238,0.5072583439925126,38.961519477556315
580.0,284.0,89.0,186.0,354.0,76.0,165.0,283.214971,88.664067,185.51836600000001,0.7850290000000086,0.33593299999999715,0.48163399999998546,0.9803534165218162,74.22937423958254
581.0,396.0,146.0,186.0,462.0,186.0,168.0,395.773696,146.099482,186.09337,0.22630400000002737,-0.09948199999999474,-0.09336999999999307,0.26425011947019067,79.2464510246358
582.0,345.0,156.0,186.0,400.0,178.0,168.0,345.5213,155.995834,186.525012,-0.5212999999999965,0.004165999999997894,-0.5250120000000038,0.7398706952569485,61.91122676865643
583.0,362.0,183.0,186.0,409.0,217.0,166.0,362.64277300000003,183.94119799999999,184.37840500000001,-0.6427730000000338,-0.9411979999999858,1.621594999999985,1.9820648699671684,61.35959582656978
584.0,330.0,272.0,186.0,337.0,306.0,168.0,329.877386,271.82760199999996,185.361105,0.12261399999999867,0.1723980000000438,0.6388949999999909,0.6730097208993367,39.102429592034305
585.0,429.0,226.0,187.0,470.0,292.0,171.0,429.596673,226.41479299999997,187.259762,-0.5966730000000098,-0.41479299999997465,-0.25976199999999494,0.7717176934747499,79.328431221095
586.0,310.0,280.0,187.0,311.0,308.0,170.0,310.21542999999997,280.15826400000003,187.117591,-0.21542999999996937,-0.15826400000003105,-0.11759100000000444,0.29203633656960853,32.77193921634788
587.0,398.0,293.0,187.0,407.0,357.0,171.0,397.560978,293.293923,186.837491,0.43902200000002267,-0.2939230000000066,0.16250900000000001,0.5527569280380155,66.58077800686922
588.0,255.0,302.0,187.0,237.0,311.0,172.0,253.520061,301.740192,189.123569,1.4799390000000017,0.2598080000000209,-2.1235690000000034,2.601396728364597,25.099800796022265
589.0,322.0,304.0,187.0,315.0,340.0,171.0,321.658399,303.99344099999996,187.538371,0.3416010000000256,0.006559000000038395,-0.5383710000000121,0.6376343758950195,40.01249804748511
590.0,403.0,320.0,187.0,403.0,390.0,172.0,403.048534,319.985166,187.290043,-0.04853400000001784,0.014834000000007563,-0.29004299999999716,0.29444955180981397,71.58910531638176
591.0,187.0,464.0,187.0,95.0,474.0,174.0,185.62201199999998,465.31812,189.616151,1.3779880000000162,-1.3181200000000217,-2.616151000000002,3.2373657991251332,93.45052166788584
592.0,368.0,140.0,188.0,432.0,169.0,170.0,368.060387,140.70617,188.095296,-0.06038699999999153,-0.706169999999986,-0.0952959999999905,0.7151251542806877,72.53275122315436
593.0,310.0,279.0,188.0,311.0,307.0,171.0,309.964428,279.391103,187.948619,0.035572000000001935,-0.3911029999999869,0.05138099999999213,0.39606430153952155,32.77193921634788
594.0,463.0,311.0,188.0,475.0,403.0,174.0,462.38973500000003,311.39487399999996,188.383623,0.6102649999999699,-0.39487399999995887,-0.38362300000000005,0.8218974706311796,93.8296328459192
595.0,332.0,89.0,189.0,409.0,93.0,169.0,330.40713999999997,87.619569,188.29590100000001,1.5928600000000301,1.3804310000000015,0.7040989999999852,2.2222844388516245,79.65550828411052
596.0,193.0,136.0,189.0,232.0,96.0,169.0,193.66755099999997,135.94940699999998,189.223996,-0.6675509999999747,0.05059300000002054,-0.22399599999999964,0.7059448967631737,59.33801479658719
597.0,256.0,193.0,189.0,282.0,185.0,170.0,255.680879,192.120586,188.723394,0.31912099999999555,0.879413999999997,0.2766059999999868,0.9755603903772357,33.18132004607411
598.0,414.0,319.0,189.0,417.0,394.0,172.0,414.966582,319.45494999999994,187.166753,-0.9665820000000167,-0.4549499999999398,1.833247,2.121804615942047,76.96102909914862
599.0,267.0,105.0,190.0,328.0,87.0,170.0,265.922253,104.017558,189.626672,1.077746999999988,0.982442000000006,0.37332799999998656,1.5053586532640573,66.67083320313314
600.0,352.0,165.0,190.0,405.0,191.0,172.0,352.825221,164.83723199999997,189.621785,-0.8252209999999991,0.16276800000002822,0.3782150000000115,0.9222416748824661,61.71709649683789
601.0,280.0,166.0,190.0,321.0,165.0,173.0,280.805744,166.47434099999998,191.204325,-0.8057440000000042,-0.47434099999998125,-1.2043250000000114,1.52467094267649,44.395945760846224
602.0,415.0,222.0,190.0,455.0,281.0,173.0,415.098736,221.785437,189.109411,-0.09873599999997396,0.21456299999999828,0.8905890000000056,0.9213766035590464,73.28028384224504
603.0,347.0,228.0,190.0,374.0,262.0,174.0,347.23141799999996,228.082088,190.593218,-0.23141799999996238,-0.08208799999999883,-0.5932180000000074,0.6420282906476872,46.2709412050371
604.0,432.0,261.0,191.0,459.0,333.0,176.0,431.76381499999997,261.18086400000004,190.933263,0.2361850000000345,-0.18086400000004232,0.06673699999998917,0.3048753317177862,78.34538914320358
605.0,347.0,287.0,191.0,350.0,330.0,175.0,346.286519,287.166841,190.74261,0.7134810000000016,-0.1668409999999767,0.2573899999999867,0.7766213161779605,45.9782557302906
606.0,419.0,298.0,191.0,430.0,369.0,177.0,418.608182,296.700185,191.486574,0.39181800000000067,1.2998150000000237,-0.4865739999999903,1.442149311557251,73.1983606373804
607.0,405.0,308.0,191.0,409.0,376.0,176.0,404.104356,307.58698200000003,190.699217,0.8956440000000043,0.41301799999996547,0.3007829999999956,1.0311316386131193,69.74955196988724
608.0,208.0,113.0,192.0,258.0,75.0,172.0,208.431879,112.90457599999999,191.78745800000002,-0.4318790000000092,0.09542400000000839,0.2125419999999849,0.4907130650196743,65.90902821313632
609.0,350.0,115.0,192.0,422.0,132.0,174.0,350.70070799999996,114.59446799999999,191.862314,-0.7007079999999632,0.405532000000008,0.1376860000000022,0.8212218572858102,76.13803254615921
610.0,281.0,194.0,192.0,310.0,197.0,173.0,280.58527799999996,194.197853,190.887494,0.4147220000000402,-0.19785300000000916,1.1125059999999962,1.2036651307274082,34.79942528261063
611.0,225.0,224.0,192.0,235.0,207.0,175.0,224.934268,221.47884299999998,192.816511,0.06573199999999702,2.5211570000000165,-0.8165109999999913,2.6508948541189006,26.038433132583073
612.0,372.0,258.0,192.0,391.0,306.0,176.0,371.90616600000004,257.87300200000004,191.621231,0.09383399999995845,0.12699799999995776,0.37876900000000546,0.4103647973705659,54.04627646748664
613.0,438.0,352.0,192.0,429.0,440.0,178.0,436.313694,352.138776,191.475461,1.6863060000000019,-0.13877600000000712,0.5245390000000043,1.7714479575570412,89.56003573022959
614.0,443.0,259.0,193.0,473.0,335.0,179.0,443.189044,259.126191,193.291285,-0.18904400000002397,-0.12619100000000572,-0.2912849999999878,0.36947091041380153,82.89752710425083
615.0,381.0,281.0,193.0,393.0,335.0,176.0,381.005489,279.886996,191.268957,-0.005489000000011401,1.1130039999999894,1.7310429999999997,2.0579888000147077,57.87054518492115
616.0,353.0,156.0,194.0,409.0,181.0,178.0,353.386261,156.08664199999998,194.633269,-0.3862609999999904,-0.08664199999998345,-0.6332690000000127,0.7468159228658733,63.3798075099633
617.0,367.0,217.0,194.0,401.0,257.0,178.0,366.94487300000003,217.219658,193.782141,0.055126999999970394,-0.21965800000000968,0.21785900000000424,0.31424698403326456,54.881690936048976
618.0,417.0,225.0,194.0,456.0,286.0,179.0,417.23173099999997,225.469877,193.960644,-0.23173099999996793,-0.46987699999999677,0.03935599999999795,0.5253879958906389,73.93916418245476
619.0,425.0,291.0,194.0,439.0,365.0,180.0,424.587539,291.28275599999995,193.942443,0.4124610000000075,-0.2827559999999494,0.057557000000002745,0.5033764399591799,76.60287200882223
620.0,188.0,410.0,194.0,119.0,411.0,179.0,187.922956,410.177687,194.323435,0.07704400000000078,-0.1776869999999917,-0.32343499999998926,0.3769862691531221,70.61869440877535
621.0,351.0,90.0,195.0,431.0,105.0,178.0,350.704949,91.31530599999999,195.408195,0.29505100000000084,-1.3153059999999925,-0.4081950000000063,1.40844173619713,83.15046602394962
622.0,350.0,153.0,195.0,406.0,176.0,179.0,349.763661,152.991017,195.527714,0.23633899999998675,0.00898300000000063,-0.5277140000000031,0.5782896186220163,62.617888817813075
623.0,427.0,215.0,195.0,471.0,277.0,180.0,426.553483,214.58830799999998,194.804203,0.44651699999997163,0.4116920000000164,0.1957969999999989,0.6381255357388448,77.4919350642375
624.0,418.0,220.0,195.0,458.0,281.0,180.0,417.493881,221.074852,194.827874,0.5061190000000124,-1.0748519999999928,0.17212599999999156,1.2004543406314936,74.47147104764348
625.0,331.0,244.0,195.0,350.0,275.0,179.0,332.012974,244.46987099999998,194.667094,-1.0129739999999856,-0.4698709999999835,0.33290600000000836,1.1652130647023147,39.72404813208241
626.0,354.0,271.0,195.0,365.0,315.0,180.0,354.083889,271.662576,194.933825,-0.08388899999999921,-0.6625760000000014,0.066174999999987,0.6711359405679299,47.77028364998475
627.0,420.0,300.0,195.0,433.0,370.0,180.0,421.226774,296.727166,193.916241,-1.2267739999999776,3.272833999999989,1.0837589999999864,3.6593647548055173,72.75987905432498
628.0,406.0,313.0,195.0,409.0,383.0,182.0,405.980775,313.085354,195.532349,0.01922500000000582,-0.08535399999999527,-0.5323490000000106,0.5394908374958844,71.26008700527947
629.0,359.0,157.0,196.0,415.0,184.0,180.0,358.846892,156.87816999999998,196.203807,0.1531079999999747,0.12183000000001698,-0.20380700000001184,0.28252770096576585,64.19501538281614
630.0,252.0,208.0,196.0,271.0,203.0,180.0,251.909645,209.064384,196.763931,0.0903549999999882,-1.0643839999999898,-0.7639310000000137,1.3132661185921142,25.337718918639855
631.0,178.0,98.0,197.0,229.0,46.0,178.0,178.41001599999998,97.966532,197.202229,-0.4100159999999846,0.033467999999999165,-0.20222899999998845,0.45839916636157035,75.27283706623525
632.0,442.0,272.0,197.0,467.0,349.0,184.0,442.215887,271.61316,197.255415,-0.21588700000000927,0.3868400000000065,-0.2554149999999993,0.5113601515507527,81.99390221229869
633.0,200.0,71.0,198.0,264.0,23.0,179.0,199.62814999999998,71.00899899999999,198.101736,0.37185000000002333,-0.008998999999988655,-0.10173599999998828,0.3856210811107385,82.22530024268686
634.0,110.0,106.0,198.0,147.0,31.0,179.0,110.80649600000001,107.63116699999999,198.644391,-0.8064960000000099,-1.6311669999999907,-0.644391000000013,1.9303837288958905,85.76129663198896
635.0,166.0,170.0,198.0,186.0,125.0,180.0,165.57430899999997,170.546156,198.144802,0.4256910000000289,-0.5461559999999963,-0.14480199999999854,0.7074367978985968,52.43090691567332
636.0,253.0,185.0,198.0,282.0,176.0,181.0,253.44023099999998,185.23586699999998,197.841158,-0.44023099999998294,-0.23586699999998473,0.15884199999999282,0.5240871645193913,34.79942528261063
637.0,425.0,216.0,198.0,468.0,278.0,184.0,424.51955999999996,216.184434,198.085784,0.48044000000004417,-0.1844340000000102,-0.08578399999998965,0.52172539578982,76.73982017179868
638.0,271.0,404.0,198.0,218.0,436.0,185.0,271.400791,403.93440699999996,198.405814,-0.40079100000002654,0.06559300000003532,-0.40581399999999235,0.5741261794466611,63.26136261573884
639.0,109.0,105.0,199.0,146.0,28.0,178.0,109.2398,105.55010399999999,197.865894,-0.23980000000000246,-0.5501039999999904,1.1341060000000027,1.2830880211630054,87.9715863219483
640.0,358.0,159.0,199.0,412.0,186.0,184.0,357.07315600000004,159.251322,199.473616,0.92684399999996,-0.2513219999999876,-0.4736159999999927,1.0707542498052074,62.20932405998316
641.0,430.0,229.0,199.0,470.0,295.0,186.0,430.515009,228.893846,199.513286,-0.5150090000000205,0.10615400000000363,-0.5132859999999937,0.7348234206889539,78.26237921249263
642.0,329.0,243.0,199.0,346.0,272.0,184.0,328.170538,243.227638,198.820462,0.8294619999999782,-0.2276380000000131,0.17953800000000797,0.878669540801303,36.810324638611924
643.0,341.0,259.0,199.0,355.0,296.0,185.0,341.416761,259.54720699999996,199.308203,-0.41676100000000815,-0.5472069999999576,-0.3082029999999918,0.7537335876680535,41.96427051671457
644.0,444.0,275.0,199.0,468.0,354.0,186.0,444.312142,275.25814,198.829624,-0.31214199999999437,-0.2581400000000258,0.17037600000000452,0.4394278884413361,83.58229477586745
645.0,479.0,343.0,199.0,483.0,446.0,188.0,479.92196600000005,342.866062,199.303467,-0.9219660000000545,0.13393800000000056,-0.3034670000000119,0.9798228988389217,103.66291525902598
646.0,224.0,205.0,200.0,241.0,185.0,186.0,223.97288899999998,202.933506,202.054653,0.027111000000019203,2.066494000000006,-2.054653000000002,2.914229127705307,29.748949561287034
647.0,370.0,213.0,200.0,406.0,254.0,186.0,370.122542,213.66809999999998,200.34429,-0.12254200000000992,-0.6680999999999813,-0.3442900000000009,0.7615180601036182,56.32938842203065
648.0,344.0,253.0,201.0,361.0,288.0,188.0,344.02452,251.801314,201.827489,-0.024519999999995434,1.1986860000000092,-0.8274890000000141,1.4567729411672383,41.02438299353203
649.0,376.0,363.0,201.0,354.0,429.0,189.0,375.281422,363.191005,201.024994,0.7185779999999795,-0.1910050000000183,-0.02499399999999241,0.7439502349922186,70.59745037889117
650.0,279.0,112.0,202.0,340.0,101.0,186.0,279.035231,111.93520199999999,202.504644,-0.035231000000010226,0.06479800000001035,-0.5046440000000132,0.5100054616384175,64.01562309311689
651.0,394.0,143.0,202.0,461.0,181.0,187.0,393.870326,142.661667,201.723537,0.12967400000002272,0.33833300000000577,0.2764630000000068,0.45575909813630006,78.4729252672538
652.0,227.0,286.0,202.0,213.0,284.0,186.0,227.976802,287.13572,201.041629,-0.9768019999999922,-1.135719999999992,0.9583709999999996,1.7783354687023947,21.354156504062622
653.0,377.0,315.0,202.0,374.0,374.0,190.0,376.519322,315.26684,202.38285,0.4806780000000117,-0.26684000000000196,-0.3828499999999906,0.669947048492644,60.28266749240614
654.0,269.0,399.0,202.0,217.0,430.0,189.0,269.099459,399.571591,201.758913,-0.09945900000002439,-0.5715910000000122,0.24108699999999317,0.6282764562921449,61.91930232165088
655.0,273.0,162.0,203.0,314.0,155.0,186.0,272.884629,160.65148599999998,202.010474,0.1153709999999819,1.3485140000000229,0.9895260000000121,1.6765924312465095,44.93328387732194
656.0,406.0,242.0,203.0,437.0,301.0,190.0,406.473521,242.171502,202.899297,-0.4735210000000052,-0.17150200000000382,0.10070300000000998,0.5135914404018123,67.90434448545984
657.0,260.0,426.0,203.0,196.0,457.0,192.0,259.836113,426.038368,204.01314,0.16388699999998835,-0.0383679999999913,-1.0131399999999928,1.027026636360022,71.95832127002409
658.0,198.0,433.0,203.0,122.0,441.0,191.0,198.169636,432.82720699999993,203.785018,-0.169635999999997,0.1727930000000697,-0.785018000000008,0.8215150964340434,77.35631842325486
659.0,200.0,446.0,203.0,119.0,457.0,190.0,199.992593,446.029398,202.793739,0.0074070000000006075,-0.02939800000001469,0.20626100000001202,0.2084771118708378,82.77076778670111
660.0,224.0,191.0,204.0,246.0,171.0,188.0,224.23339099999998,190.77547199999998,203.830758,-0.23339099999998325,0.2245280000000207,0.169241999999997,0.36541351402076044,33.76388603226827
661.0,317.0,138.0,205.0,374.0,145.0,190.0,316.936499,137.32788599999998,205.078638,0.06350099999997383,0.6721140000000219,-0.0786380000000122,0.6796716420750744,59.3548650070068
662.0,208.0,186.0,205.0,230.0,159.0,190.0,208.69831699999997,185.62896999999998,205.697622,-0.6983169999999745,0.37103000000001884,-0.6976219999999955,1.054507633103228,37.92097045171708
663.0,221.0,265.0,205.0,213.0,256.0,191.0,220.737491,265.428317,205.467525,0.26250899999999433,-0.42831699999999273,-0.46752499999999486,0.6862550933836382,18.466185312619388
664.0,148.0,414.0,205.0,71.0,400.0,191.0,147.87751899999998,414.223021,204.545263,0.12248100000002182,-0.223021000000017,0.4547369999999944,0.5210812805801105,79.50471684120383
665.0,296.0,59.0,206.0,380.0,48.0,188.0,296.34168999999997,60.37735399999998,204.549352,-0.3416899999999714,-1.3773539999999826,1.450648000000001,2.029343666637057,86.6083136886985
666.0,395.0,87.0,206.0,484.0,117.0,192.0,395.1341330000001,87.004088,206.448036,-0.13413300000007666,-0.004087999999995873,-0.4480360000000019,0.4677014333194011,94.95788540189804
667.0,313.0,239.0,206.0,330.0,261.0,192.0,312.95076100000006,238.917352,205.59109,0.04923899999994319,0.08264800000000605,0.40890999999999167,0.4200744685469335,31.12876483254676
668.0,293.0,279.0,206.0,292.0,300.0,192.0,293.573954,279.096806,205.338816,-0.5739540000000147,-0.09680600000001505,0.6611839999999916,0.8808852806171804,25.25866188063018
669.0,208.0,188.0,207.0,229.0,160.0,190.0,208.18155399999998,186.665876,205.691293,-0.18155399999997712,1.3341240000000028,1.3087069999999983,1.8776481869990966,38.91015291668744
670.0,333.0,243.0,207.0,352.0,273.0,194.0,333.18427499999996,242.54403399999998,206.968592,-0.1842749999999569,0.45596600000001786,0.03140799999999899,0.4927968458147844,37.815340802378074
671.0,278.0,255.0,207.0,284.0,265.0,194.0,278.270179,253.999666,207.432892,-0.2701789999999846,1.0003340000000094,-0.4328920000000096,1.122969406199928,17.46424919657298
672.0,404.0,258.0,207.0,428.0,320.0,197.0,404.488819,259.34297100000003,208.459408,-0.48881899999997813,-1.342971000000034,-1.4594079999999963,2.0426421204082863,67.23094525588644
673.0,390.0,93.0,208.0,476.0,123.0,193.0,390.48884,93.755149,207.240204,-0.48883999999998196,-0.755149000000003,0.7597959999999944,1.1774992651449845,92.30926280715278
674.0,249.0,138.0,208.0,296.0,120.0,193.0,249.85727899999995,138.202471,208.25526,-0.8572789999999486,-0.20247100000000273,-0.2552599999999927,0.9171038421476105,52.51666402200353
675.0,396.0,184.0,208.0,448.0,230.0,195.0,396.59261899999996,184.193301,207.771516,-0.5926189999999565,-0.19330099999999106,0.2284840000000088,0.6639032263951946,70.63285354564121
676.0,346.0,224.0,208.0,374.0,257.0,196.0,346.132553,224.413988,208.67571,-0.13255299999997305,-0.41398799999998914,-0.6757100000000094,0.8034552669893928,44.91102314577124
677.0,414.0,244.0,208.0,444.0,305.0,196.0,413.00802899999996,243.519636,207.729644,0.991971000000035,0.4803640000000087,0.2703559999999925,1.1348340865840583,69.02897942168927
678.0,299.0,270.0,208.0,302.0,292.0,195.0,299.289513,270.31139299999995,207.83633,-0.28951299999999947,-0.31139299999995274,0.1636699999999962,0.4555998754586847,25.729360660537214
679.0,270.0,305.0,208.0,255.0,321.0,196.0,270.327471,305.069372,208.570019,-0.32747100000000273,-0.06937199999998711,-0.570019000000002,0.6610381158344822,25.0
680.0,401.0,320.0,208.0,402.0,391.0,197.0,402.761396,321.268697,207.765114,-1.7613959999999906,-1.2686969999999747,0.23488599999998883,2.1834100346982237,71.85401867675878
681.0,363.0,121.0,209.0,434.0,144.0,195.0,363.33923699999997,121.007385,208.86011,-0.3392369999999687,-0.007384999999999309,0.13989000000000829,0.3670224686500556,75.93418202627852
682.0,366.0,203.0,209.0,407.0,240.0,196.0,367.348724,202.628506,208.696215,-1.3487240000000043,0.37149400000001265,0.30378500000000486,1.4315549400693723,56.73623181001713
683.0,248.0,206.0,209.0,267.0,197.0,195.0,247.37849799999998,205.589723,209.145175,0.6215020000000209,0.4102770000000078,-0.14517499999999472,0.7587277069924564,25.25866188063018
684.0,431.0,335.0,209.0,429.0,417.0,200.0,430.531463,334.484208,209.769849,0.4685370000000262,0.5157919999999763,-0.7698489999999936,1.0383813318978679,82.516664983505
685.0,210.0,395.0,209.0,150.0,402.0,197.0,209.832053,395.305743,209.007258,0.16794699999999807,-0.30574300000000676,-0.007258000000007314,0.34890923665332163,61.587336360651285
686.0,305.0,76.0,210.0,385.0,68.0,194.0,305.48529,74.677664,209.202233,-0.4852900000000204,1.322336000000007,0.7977669999999932,1.6187992671375373,81.97560612767678
687.0,287.0,200.0,210.0,315.0,205.0,197.0,286.77196399999997,199.351421,210.428247,0.22803600000003144,0.6485790000000122,-0.42824699999999893,0.8099695238377981,31.272991542223778
688.0,382.0,201.0,210.0,425.0,243.0,198.0,382.132755,200.30147399999998,210.201437,-0.13275499999997464,0.6985260000000153,-0.20143699999999853,0.7390124002139707,61.29437168288782
689.0,359.0,213.0,210.0,394.0,249.0,198.0,359.608427,213.01990999999998,210.299538,-0.608427000000006,-0.019909999999981665,-0.2995380000000125,0.6784562151480478,51.62363799656123
690.0,217.0,268.0,210.0,207.0,258.0,195.0,216.632905,268.58110899999997,208.753663,0.36709500000000617,-0.5811089999999695,1.2463370000000111,1.423306827945049,20.615528128088304
691.0,197.0,399.0,210.0,134.0,401.0,198.0,197.149851,398.69666199999995,209.925374,-0.1498510000000124,0.3033380000000534,0.07462599999999497,0.3464654446276502,64.16385275215322
692.0,304.0,243.0,211.0,318.0,262.0,199.0,303.951843,242.88199299999997,211.379426,0.048157000000003336,0.11800700000003417,-0.37942599999999516,0.4002609625906637,26.476404589747453
693.0,444.0,360.0,211.0,435.0,452.0,202.0,444.318078,360.14056800000003,210.963683,-0.31807800000001407,-0.14056800000003022,0.036316999999996824,0.34964539350178375,92.87626176801045
694.0,389.0,96.0,212.0,473.0,125.0,200.0,388.742659,96.15789599999998,212.967781,0.2573409999999967,-0.1578959999999796,-0.9677810000000022,1.0137828174998806,89.67162315916892
695.0,319.0,148.0,212.0,372.0,158.0,198.0,318.83851,148.027904,211.490536,0.1614900000000148,-0.02790400000000659,0.5094640000000084,0.5351740096566852,55.72252686302013
696.0,220.0,236.0,212.0,223.0,222.0,199.0,219.73411299999998,236.489553,212.367391,0.26588700000002063,-0.4895530000000008,-0.3673909999999978,0.6673336372902314,19.339079605813716
697.0,366.0,298.0,212.0,369.0,350.0,201.0,366.49111899999997,298.02613099999996,211.704409,-0.4911189999999692,-0.026130999999963933,0.2955910000000017,0.5738072329650167,53.23532661682466
698.0,203.0,397.0,212.0,142.0,402.0,200.0,203.64400799999999,397.41437800000006,211.50857,-0.6440079999999853,-0.4143780000000561,0.49143000000000825,0.9099224559532727,62.369864518050704
699.0,113.0,114.0,213.0,148.0,38.0,198.0,113.57927000000001,112.99790399999999,214.122408,-0.5792700000000082,1.0020960000000088,-1.1224080000000072,1.6123119563471713,85.00588214941364
700.0,338.0,117.0,213.0,406.0,129.0,199.0,337.718572,116.668095,212.466118,0.28142800000000534,0.3319050000000061,0.5338820000000055,0.68876167005214,70.45565981523414
701.0,436.0,362.0,213.0,424.0,452.0,204.0,435.789998,363.018978,212.662068,0.2100019999999745,-1.0189780000000042,0.337931999999995,1.0938990086438483,91.2414379544733
702.0,309.0,283.0,214.0,310.0,310.0,202.0,310.252774,282.287876,213.315682,-1.252773999999988,0.7121240000000171,0.6843179999999904,1.5952599824404738,29.563490998188964
703.0,419.0,382.0,214.0,397.0,468.0,206.0,418.99371,382.487884,214.259189,0.0062899999999785905,-0.4878840000000082,-0.2591889999999921,0.5524937097171366,89.12911982062877
704.0,280.0,82.0,215.0,351.0,67.0,201.0,278.87309799999997,82.805613,215.133859,1.1269020000000296,-0.8056129999999939,-0.13385900000000106,1.391703508386056,73.90534486760751
705.0,357.0,214.0,215.0,391.0,248.0,203.0,357.06331500000005,213.071849,214.423919,-0.06331500000004553,0.9281510000000139,0.5760809999999879,1.0942314136356248,49.558046773455466
706.0,300.0,245.0,215.0,313.0,263.0,202.0,300.354835,244.988014,213.852637,-0.35483499999998,0.01198600000000738,1.1473630000000128,1.2010384653249102,25.729360660537214
707.0,391.0,278.0,215.0,405.0,336.0,206.0,390.86462600000004,277.841412,215.769549,0.13537399999995614,0.15858800000000883,-0.769549000000012,0.7972966430513861,60.340699366182356
708.0,217.0,306.0,215.0,194.0,300.0,203.0,217.533889,304.673561,214.884046,-0.5338889999999878,1.3264389999999935,0.1159539999999879,1.4345463447229465,26.627053911388696
709.0,398.0,134.0,216.0,468.0,173.0,204.0,397.383625,134.794004,215.706964,0.616375000000005,-0.794004000000001,0.29303600000000074,1.0470103103298498,81.02468759581859
710.0,226.0,215.0,216.0,239.0,201.0,203.0,226.738126,216.053387,215.804539,-0.7381259999999941,-1.0533869999999865,0.19546099999999456,1.3010223542145465,23.108440016582687
711.0,266.0,268.0,216.0,265.0,276.0,205.0,266.471221,267.59318699999994,216.418633,-0.4712210000000141,0.4068130000000565,-0.4186329999999998,0.750199731071039,13.638181696985855
712.0,352.0,278.0,216.0,359.0,321.0,207.0,351.231306,278.15036699999996,217.015763,0.7686939999999822,-0.15036699999996017,-1.0157629999999926,1.2826828027591022,44.48595283907045
713.0,450.0,351.0,216.0,445.0,444.0,210.0,450.079562,351.40448,217.557477,-0.0795620000000099,-0.4044799999999782,-1.5574770000000058,1.6111079379647417,93.32738076256078
714.0,314.0,95.0,217.0,387.0,95.0,204.0,314.156089,95.236256,217.066063,-0.15608900000000858,-0.23625599999999736,-0.06606300000001397,0.2907662178211273,74.14849964766651
715.0,247.0,227.0,217.0,257.0,221.0,204.0,245.936151,226.925932,216.290381,1.0638490000000047,0.07406800000001112,0.7096190000000036,1.2809449201999346,17.46424919657298
716.0,281.0,80.0,218.0,356.0,65.0,204.0,282.26502899999997,79.98175599999999,217.587956,-1.26502899999997,0.01824400000000992,0.41204400000000874,1.330568101343532,77.75602870517501
717.0,178.0,128.0,218.0,216.0,80.0,203.0,177.385649,128.010481,217.35414,0.6143509999999992,-0.01048099999999863,0.645859999999999,0.891443852501097,63.0317380372777
718.0,297.0,241.0,218.0,310.0,258.0,205.0,296.750605,241.912119,216.385594,0.2493949999999927,-0.9121189999999899,1.6144060000000025,1.8709531445287415,25.03996805109783
719.0,298.0,253.0,218.0,309.0,270.0,208.0,299.123454,251.525906,218.707541,-1.123453999999981,1.474094000000008,-0.707540999999992,1.983863976595414,22.58317958127243
720.0,269.0,201.0,219.0,294.0,200.0,207.0,269.246929,201.022421,218.79397,-0.24692900000002282,-0.022421000000008462,0.20602999999999838,0.32237399582164034,27.748873851023216
721.0,333.0,224.0,219.0,358.0,251.0,207.0,332.241266,224.01842699999997,217.845246,0.758734000000004,-0.018426999999974214,1.154753999999997,1.3818370517542935,38.704004960727254
722.0,199.0,265.0,219.0,186.0,247.0,207.0,197.56511799999998,265.609683,218.82853,1.434882000000016,-0.6096830000000182,0.17146999999999935,1.5684392482060208,25.238858928247925
723.0,54.0,182.0,220.0,53.0,96.0,206.0,54.933346,182.832932,220.510765,-0.9333460000000002,-0.8329319999999996,-0.5107649999999921,1.3512184714416067,87.13782186857783
724.0,260.0,184.0,220.0,290.0,177.0,207.0,260.154828,184.19034299999998,219.086498,-0.15482800000000907,-0.19034299999998439,0.913501999999994,0.9458795225804321,33.436506994600975
725.0,383.0,193.0,220.0,429.0,235.0,210.0,383.269279,193.164126,220.104913,-0.26927899999998317,-0.1641260000000102,-0.10491300000001047,0.3323481025761942,63.08724118235002
726.0,290.0,253.0,220.0,298.0,268.0,210.0,290.075,252.850264,220.42947,-0.07499999999998863,0.1497359999999901,-0.4294700000000091,0.46096675649769275,19.72308292331602
727.0,253.0,356.0,220.0,215.0,373.0,211.0,252.91697,356.01789899999994,220.464435,0.08303000000000793,-0.017898999999943044,-0.4644350000000088,0.4721379293448128,42.59107887809371
728.0,243.0,375.0,220.0,196.0,390.0,211.0,242.578099,374.165061,220.367728,0.4219009999999912,0.8349390000000199,-0.3677279999999996,1.0051604197868247,50.149775672479336
729.0,232.0,139.0,221.0,274.0,114.0,208.0,231.34103199999998,139.40564999999998,220.734478,0.6589680000000158,-0.4056499999999801,0.26552200000000425,0.8181030986422231,50.57667446560717
730.0,342.0,270.0,221.0,351.0,308.0,211.0,341.670015,270.167529,220.489367,0.32998500000002196,-0.16752900000000182,0.5106330000000128,0.6306362872171472,40.311288741492746
731.0,375.0,285.0,221.0,384.0,339.0,213.0,375.393532,285.699025,221.583328,-0.39353199999999333,-0.699025000000006,-0.5833279999999945,0.9918542943562813,55.326304774492215
732.0,258.0,312.0,221.0,238.0,324.0,211.0,258.037657,311.966385,220.916074,-0.037657000000024254,0.03361499999999751,0.08392599999999106,0.09793667009859054,25.37715508089904
733.0,409.0,322.0,221.0,409.0,394.0,213.0,409.12756700000006,321.938455,220.799793,-0.12756700000005594,0.06154500000002372,0.20020700000000602,0.24524267443293715,72.44308110509934
734.0,423.0,325.0,221.0,425.0,402.0,213.0,423.640263,323.996583,220.618529,-0.6402630000000045,1.003417000000013,0.3814710000000048,1.2499210010632815,77.44029958619737
735.0,250.0,360.0,221.0,210.0,376.0,212.0,249.82196600000003,359.658242,221.27559,0.17803399999996827,0.3417580000000271,-0.275589999999994,0.4737557216752152,44.01136216933077
736.0,379.0,360.0,221.0,360.0,427.0,213.0,379.643188,360.314433,220.678024,-0.6431880000000092,-0.3144330000000082,0.3219760000000065,0.7850015665009982,70.09992867328754
737.0,264.0,391.0,221.0,214.0,418.0,212.0,263.85762,391.25381400000003,220.75939400000001,0.14238000000000284,-0.25381400000003396,0.24060599999998544,0.37760410250950804,57.532599454570104
738.0,359.0,303.0,222.0,358.0,354.0,215.0,359.114007,304.13102499999997,223.186778,-0.11400700000001507,-1.1310249999999655,-1.1867780000000039,1.6433676301904983,51.487862647424
739.0,437.0,355.0,222.0,428.0,441.0,212.0,436.109221,353.51109199999996,219.323836,0.8907790000000091,1.4889080000000376,2.676164,3.189386777140886,87.04596486914255
740.0,198.0,406.0,222.0,132.0,409.0,213.0,197.81522199999998,405.580605,222.130924,0.18477800000002276,0.4193950000000086,-0.13092399999999316,0.4766300127824662,66.6783323126786
741.0,390.0,123.0,223.0,465.0,157.0,213.0,390.972448,123.23001299999999,223.284949,-0.9724479999999858,-0.23001299999998537,-0.28494900000001167,1.0391135767922446,82.95179322956196
742.0,324.0,174.0,223.0,367.0,190.0,213.0,323.417519,174.34011099999998,223.429887,0.5824809999999729,-0.34011099999997896,-0.4298870000000079,0.7998515115013292,46.95742752749558
743.0,351.0,249.0,223.0,370.0,287.0,214.0,350.995693,248.941858,223.09093000000001,0.004306999999982963,0.05814200000000369,-0.09093000000001439,0.10801531054902773,43.42810150121693
744.0,394.0,316.0,223.0,395.0,382.0,215.0,395.14639300000005,316.27219299999996,222.655771,-1.146393000000046,-0.27219299999995883,0.3442290000000128,1.2275176349605295,66.49060083951716
745.0,443.0,350.0,223.0,438.0,443.0,220.0,444.47257499999995,352.545264,225.79991,-1.4725749999999493,-2.5452639999999747,-2.7999100000000112,4.060337666798266,93.18261640456336
746.0,215.0,357.0,223.0,170.0,359.0,213.0,214.32997199999997,356.853865,222.51269,0.6700280000000305,0.14613500000001522,0.4873100000000079,0.8412871062301223,46.14108798023731
747.0,455.0,364.0,223.0,444.0,461.0,217.0,453.79008600000003,364.942857,223.097588,1.2099139999999693,-0.9428570000000036,-0.09758800000000178,1.5370083368638352,97.80593029055038
748.0,215.0,419.0,223.0,148.0,430.0,214.0,215.71953399999998,417.74993599999993,222.61588,-0.7195339999999817,1.2500640000000658,0.3841199999999958,1.4926276681249528,68.49087530467106
749.0,359.0,24.0,224.0,467.0,29.0,212.0,359.213227,23.24105999999999,223.961623,-0.2132270000000176,0.7589400000000097,0.038376999999997,0.7892581778214415,108.77959367454909
750.0,424.0,241.0,224.0,457.0,306.0,216.0,423.55226600000003,241.115522,224.032233,0.44773399999996855,-0.11552199999999857,-0.03223299999999085,0.4635191835609082,73.33484846919642
751.0,197.0,267.0,224.0,185.0,248.0,213.0,197.10346499999997,266.705779,223.737737,-0.1034649999999715,0.2942209999999932,0.26226299999999014,0.40749587020604877,25.019992006393608
752.0,380.0,292.0,224.0,387.0,348.0,216.0,380.09362000000004,291.94221400000004,223.918819,-0.093620000000044,0.05778599999996459,0.08118099999998662,0.13672703082054394,57.0
753.0,372.0,308.0,224.0,371.0,363.0,216.0,371.565225,307.755684,223.829327,0.4347750000000019,0.24431600000002618,0.17067299999999364,0.5271137272069589,55.58776843874919
754.0,427.0,309.0,224.0,435.0,386.0,217.0,427.28351100000003,309.004827,224.029475,-0.2835110000000327,-0.004826999999977488,-0.029474999999990814,0.2850799233110213,77.7303029712351
755.0,94.0,374.0,224.0,23.0,333.0,214.0,93.362645,374.863414,224.438139,0.6373549999999994,-0.8634139999999775,-0.4381390000000067,1.159168199504268,82.59539938761722
756.0,231.0,62.0,225.0,303.0,24.0,212.0,230.49249199999997,61.97624999999999,224.913135,0.5075080000000298,0.02375000000000682,0.08686499999998887,0.5154356999559001,82.44392033376384
757.0,328.0,100.0,225.0,401.0,104.0,213.0,327.457737,98.679955,224.257217,0.5422629999999913,1.3200449999999933,0.7427830000000029,1.6088177486225645,74.08778576796583
758.0,354.0,144.0,225.0,414.0,166.0,214.0,353.698866,143.486992,224.27585,0.30113399999999046,0.5130080000000135,0.7241500000000087,0.9371510638739203,64.8459713474939
759.0,403.0,288.0,225.0,416.0,352.0,218.0,403.684288,287.533528,225.352396,-0.6842879999999809,0.4664720000000102,-0.3523959999999988,0.9000161857122251,65.68104749469211
760.0,459.0,332.0,225.0,462.0,424.0,218.0,458.157452,331.52491999999995,224.254434,0.8425480000000221,0.47508000000004813,0.7455659999999966,1.2212521439326434,92.31467922275417
761.0,456.0,361.0,225.0,448.0,457.0,220.0,455.88469299999997,360.82482799999997,225.580672,0.1153070000000298,0.17517200000003186,-0.5806719999999927,0.6173823008614756,96.46242791885346
762.0,399.0,160.0,226.0,460.0,203.0,216.0,399.083855,160.302204,225.22842,-0.08385500000002821,-0.30220399999998904,0.7715800000000002,0.8328833141809232,75.2994023880668
763.0,262.0,343.0,226.0,231.0,362.0,217.0,262.541223,343.371723,225.422375,-0.5412230000000022,-0.3717229999999745,0.5776250000000118,0.8745004088523899,37.456641600656084
764.0,223.0,435.0,226.0,151.0,453.0,219.0,224.08061,434.891219,226.425075,-1.0806100000000072,0.10878100000002178,-0.42507499999999254,1.1662932880223627,74.54528824815154
765.0,254.0,114.0,227.0,310.0,93.0,216.0,253.92078500000002,113.81134399999999,227.33979,0.0792149999999765,0.18865600000000882,-0.3397899999999936,0.39664007193045336,60.81118318204309
766.0,63.0,167.0,227.0,69.0,81.0,213.0,63.526036000000005,167.088517,226.335049,-0.5260360000000048,-0.08851699999999596,0.6649510000000021,0.8524722664028475,87.33842224359219
767.0,416.0,301.0,227.0,425.0,371.0,221.0,415.647946,299.98769699999997,227.537509,0.35205400000000964,1.0123030000000313,-0.537509,1.1990059665431487,70.83078426785913
768.0,454.0,361.0,227.0,447.0,457.0,221.0,455.116928,361.09457299999997,226.405371,-1.116927999999973,-0.09457299999996849,0.5946289999999976,1.2688797646561834,96.44169222903547
769.0,282.0,398.0,227.0,232.0,433.0,220.0,281.81900499999995,398.310284,227.03888800000001,0.18099500000005264,-0.3102840000000242,-0.038888000000014245,0.3613137517795789,61.43289021363068
770.0,351.0,154.0,228.0,407.0,177.0,219.0,351.16819799999996,153.902763,228.280739,-0.1681979999999612,0.0972370000000069,-0.2807390000000112,0.3414088274986377,61.204574992397426
771.0,398.0,158.0,228.0,459.0,199.0,219.0,397.29371199999997,157.483575,227.738719,0.7062880000000291,0.5164249999999981,0.26128099999999677,0.9131293887122666,74.04728219185361
772.0,238.0,189.0,228.0,263.0,173.0,217.0,238.22827999999998,188.197649,227.473107,-0.22827999999998383,0.8023509999999874,0.5268930000000012,0.9866585625483486,31.654383582688826
773.0,356.0,213.0,228.0,391.0,247.0,218.0,356.940903,212.44279799999998,226.724531,-0.9409029999999916,0.557202000000018,1.2754689999999869,1.6800576460865773,49.80963762164909
774.0,395.0,249.0,228.0,420.0,304.0,221.0,394.330667,249.22635499999998,228.35344800000001,0.6693329999999946,-0.22635499999998387,-0.3534480000000144,0.7900435048894432,60.81940479813988
775.0,427.0,297.0,228.0,439.0,372.0,222.0,426.79461799999996,297.136268,228.268791,0.2053820000000428,-0.13626799999997274,-0.2687909999999931,0.36469073943412167,76.19055059520177
776.0,396.0,310.0,228.0,399.0,375.0,222.0,396.497179,309.862546,228.451195,-0.4971790000000169,0.13745399999999108,-0.45119500000001267,0.685315612095643,65.34523701081817
777.0,325.0,195.0,229.0,360.0,215.0,219.0,324.53865399999995,195.644111,228.089224,0.46134600000004866,-0.6441110000000094,0.9107759999999985,1.2071586615739682,41.53311931459037
778.0,141.0,196.0,229.0,147.0,144.0,217.0,140.556657,195.809975,228.445883,0.4433429999999987,0.19002499999999145,0.5541169999999909,0.7346483280883347,53.70288632839021
779.0,384.0,272.0,229.0,399.0,326.0,222.0,383.748016,271.788272,229.028023,0.2519839999999931,0.2117279999999937,-0.02802299999999036,0.33031798432569986,56.480084985771754
780.0,305.0,304.0,229.0,295.0,333.0,221.0,304.75734,304.24510899999996,228.692435,0.24266000000000076,-0.24510899999995672,0.30756500000001097,0.4621239300295819,31.701734968294716
781.0,438.0,346.0,229.0,431.0,433.0,222.0,436.450425,346.61389399999996,227.594243,1.5495750000000044,-0.6138939999999593,1.4057569999999942,2.1804130954729533,87.56140702387097
782.0,195.0,449.0,229.0,110.0,457.0,223.0,193.303148,448.69386299999996,229.878174,1.696852000000007,0.3061370000000352,-0.8781740000000013,1.9349977123885824,85.58621384311844
783.0,289.0,248.0,230.0,298.0,262.0,222.0,288.624098,248.306488,230.331174,0.3759019999999964,-0.30648800000000165,-0.3311740000000043,0.5872933049371508,18.466185312619388
784.0,316.0,255.0,230.0,327.0,280.0,222.0,315.83901399999996,254.756436,229.961431,0.1609860000000367,0.24356399999999212,0.03856899999999541,0.2944953005618386,28.460498941515414
785.0,460.0,327.0,230.0,466.0,420.0,225.0,460.288799,327.446351,230.014542,-0.28879899999998315,-0.44635099999999284,-0.014542000000005828,0.5318322549131296,93.32738076256078
786.0,245.0,349.0,230.0,209.0,361.0,222.0,245.234061,348.361382,229.650173,-0.23406099999999697,0.6386180000000081,0.3498270000000048,0.7648505942823162,38.781438859330635
787.0,203.0,397.0,230.0,141.0,401.0,224.0,202.827311,397.13399200000003,231.187929,0.1726889999999912,-0.13399200000003475,-1.187928999999997,1.207870297600698,62.41794613730894
788.0,348.0,76.0,231.0,433.0,85.0,220.0,347.440879,75.669356,230.041501,0.5591210000000046,0.3306440000000066,0.9584989999999891,1.1578696301302616,86.18004409374598
789.0,433.0,208.0,231.0,481.0,272.0,225.0,433.435373,208.54830299999998,231.675153,-0.4353730000000269,-0.5483029999999758,-0.6751529999999946,0.9726342592912248,80.22468448052632
790.0,417.0,237.0,231.0,451.0,299.0,224.0,417.14273699999995,237.31454000000002,230.701343,-0.14273699999995415,-0.31454000000002225,0.2986569999999915,0.45662376900244234,71.05631569396206
791.0,295.0,240.0,231.0,308.0,255.0,222.0,294.57228899999996,240.26850599999997,230.359148,0.4277110000000448,-0.2685059999999737,0.6408519999999953,0.8159187811669849,21.79449471770337
792.0,358.0,249.0,231.0,378.0,289.0,223.0,357.814332,248.505655,230.397146,0.18566800000002104,0.4943450000000098,0.6028540000000078,0.8014253119068718,45.43126676640219
793.0,288.0,251.0,231.0,297.0,264.0,223.0,288.37670699999995,250.130285,231.132329,-0.3767069999999535,0.8697150000000136,-0.1323289999999986,0.9569865773954137,17.72004514666935
794.0,207.0,370.0,231.0,157.0,371.0,223.0,207.443716,369.655267,230.634745,-0.4437159999999949,0.3447330000000193,0.36525499999999056,0.6701760552049005,50.6458290484024
795.0,420.0,381.0,231.0,400.0,465.0,226.0,420.72769900000003,379.57446600000003,230.663296,-0.7276990000000296,1.4255339999999705,0.33670399999999745,1.6355618616771905,86.49277426467485
796.0,200.0,149.0,232.0,234.0,113.0,221.0,200.12224999999998,149.15206899999998,231.614298,-0.12224999999997976,-0.15206899999998313,0.3857020000000091,0.4322453887145552,50.724747411889595
797.0,332.0,273.0,232.0,338.0,307.0,224.0,331.428883,272.89718799999997,231.222226,0.5711170000000152,0.10281200000002855,0.7777739999999937,0.97040060290017,35.4400902933387
798.0,216.0,73.0,233.0,282.0,32.0,222.0,216.34988800000002,73.748588,233.125822,-0.3498880000000213,-0.748587999999998,-0.12582199999999943,0.8358449509161443,78.4729252672538
799.0,335.0,130.0,233.0,398.0,144.0,223.0,335.626217,130.639285,231.995226,-0.6262169999999969,-0.639285000000001,1.0047739999999976,1.3455124798343538,65.30696746902278
800.0,237.0,149.0,233.0,275.0,127.0,222.0,235.62900299999998,149.385218,232.045583,1.370997000000017,-0.38521800000000894,0.9544170000000065,1.7143329581566311,45.2658811910251
801.0,350.0,183.0,233.0,393.0,210.0,225.0,348.932179,183.242131,232.884001,1.0678209999999808,-0.24213100000000054,0.11599899999998797,1.1010562552399203,51.40038910358559
802.0,431.0,319.0,233.0,437.0,398.0,228.0,432.06068999999997,317.917894,232.889141,-1.0606899999999655,1.0821060000000102,0.11085900000000493,1.5193111561549695,79.38513714795737
803.0,420.0,179.0,234.0,477.0,233.0,227.0,420.19865000000004,179.303539,233.794545,-0.1986500000000433,-0.30353900000000067,0.2054550000000006,0.4169046702137287,78.82892870006543
804.0,201.0,409.0,234.0,134.0,414.0,228.0,200.807832,409.09394999999995,234.350018,0.19216800000000944,-0.0939499999999498,-0.3500180000000057,0.4102045136855495,67.45368781616021
805.0,381.0,93.0,235.0,465.0,118.0,226.0,380.94455999999997,93.05424399999998,234.394385,0.055440000000032796,-0.05424399999998286,0.6056150000000002,0.610561654021117,88.10221336606703
806.0,376.0,134.0,235.0,444.0,163.0,227.0,376.34621,133.48775899999998,234.798204,-0.34620999999998503,0.5122410000000173,0.20179600000000164,0.6503643838626221,74.35724578008521
807.0,403.0,223.0,235.0,440.0,278.0,230.0,403.18746999999996,223.914864,235.923964,-0.18746999999996206,-0.9148639999999943,-0.9239640000000122,1.3137087244484593,66.47555941848101
808.0,427.0,232.0,235.0,465.0,297.0,231.0,427.56395799999996,232.19122299999998,236.383477,-0.5639579999999569,-0.1912229999999795,-1.3834769999999992,1.5061950308714809,75.39893898457723
809.0,403.0,313.0,235.0,405.0,380.0,231.0,402.542479,312.277181,235.732981,0.45752099999998563,0.7228190000000154,-0.7329809999999952,1.1265229329947093,67.14908785679818
810.0,221.0,384.0,235.0,168.0,394.0,229.0,222.029577,384.72737500000005,235.219652,-1.029576999999989,-0.7273750000000518,-0.2196519999999964,1.2795898525144889,54.26785420486054
811.0,292.0,409.0,235.0,240.0,448.0,230.0,292.02926,407.985284,235.011324,-0.029260000000022046,1.0147160000000213,-0.011324000000001888,1.0152009363825687,65.19202405202648
812.0,236.0,174.0,236.0,266.0,155.0,227.0,235.96761399999997,173.530191,235.861234,0.03238600000003089,0.4698089999999979,0.13876600000000394,0.4909433289423547,36.6333181680284
813.0,322.0,202.0,236.0,353.0,222.0,229.0,321.01316299999996,203.001103,236.237481,0.9868370000000368,-1.0011030000000005,-0.2374810000000025,1.4256408055815022,37.54996671103717
814.0,361.0,211.0,236.0,397.0,246.0,229.0,361.44345100000004,210.215007,235.715461,-0.4434510000000387,0.7849929999999858,0.2845389999999952,0.9454233136383984,50.695167422546305
815.0,373.0,218.0,236.0,407.0,260.0,229.0,372.855569,218.494571,235.496223,0.1444309999999973,-0.49457100000000764,0.5037770000000137,0.7205914609062617,54.48853090330111
816.0,389.0,323.0,236.0,388.0,387.0,233.0,391.174008,322.154053,237.38162,-2.174008000000015,0.8459470000000238,-1.381619999999998,2.7112378972109954,64.07807737440318
817.0,392.0,95.0,237.0,477.0,125.0,229.0,392.116824,95.40446099999998,236.704433,-0.11682400000000825,-0.40446099999998353,0.29556700000000546,0.5143893457158613,90.49309365912958
818.0,358.0,160.0,237.0,412.0,187.0,229.0,357.746668,160.472273,236.328364,0.25333200000000033,-0.4722730000000013,0.6716360000000066,0.8592518869627288,60.90155991434045
819.0,388.0,305.0,237.0,390.0,366.0,231.0,387.245611,305.297017,235.979434,0.7543890000000033,-0.29701699999998254,1.0205660000000023,1.303409690759586,61.326992425847855
820.0,197.0,407.0,237.0,130.0,410.0,231.0,196.686839,407.05496100000005,236.876646,0.313161000000008,-0.05496100000004844,0.12335400000000618,0.3410377292294972,67.3349834781297
821.0,407.0,213.0,238.0,449.0,267.0,232.0,407.33633299999997,213.048388,237.642981,-0.3363329999999678,-0.04838799999998855,0.3570190000000082,0.49287305849882185,68.67313885355759
822.0,243.0,319.0,238.0,218.0,326.0,231.0,243.20273099999997,318.915337,237.38651,-0.20273099999997157,0.08466299999997773,0.613490000000013,0.651642280726167,26.888659319497503
823.0,327.0,53.0,239.0,418.0,50.0,231.0,326.781119,52.48016099999998,239.546982,0.21888100000001032,0.5198390000000188,-0.5469820000000141,0.7857040068664787,91.40021881811882
824.0,354.0,202.0,239.0,392.0,234.0,232.0,354.464012,202.21968999999999,238.341708,-0.4640120000000252,-0.21968999999998573,0.6582919999999888,0.8348168598608933,50.16971197844373
825.0,297.0,275.0,239.0,297.0,296.0,233.0,296.794541,275.09376699999996,238.948185,0.20545900000001893,-0.09376699999995708,0.05181500000000483,0.23171198759451403,21.840329667841555
826.0,96.0,325.0,239.0,45.0,276.0,232.0,95.790216,325.033142,239.736005,0.20978399999999908,-0.033141999999998006,-0.7360050000000058,0.7660359514050291,71.07038764492565
827.0,451.0,343.0,239.0,449.0,434.0,236.0,450.824302,342.85119,238.954081,0.17569800000001123,0.14881000000002587,0.04591899999999782,0.23478236276392536,91.07140056021979
828.0,221.0,452.0,239.0,141.0,471.0,235.0,221.141436,451.634327,239.375705,-0.14143599999999878,0.36567300000001524,-0.3757050000000106,0.5430240621280228,82.32253640407346
829.0,390.0,185.0,240.0,440.0,227.0,235.0,389.963858,184.335863,240.620616,0.03614199999998391,0.6641370000000109,-0.6206160000000125,0.9096968826972139,65.49045732013177
830.0,255.0,190.0,240.0,281.0,182.0,233.0,254.702023,190.670883,240.377281,0.29797700000000304,-0.6708830000000034,-0.37728100000001064,0.8253576468289455,28.089143810376278
831.0,414.0,229.0,240.0,450.0,288.0,235.0,413.604765,229.135649,239.848094,0.39523500000001377,-0.1356490000000008,0.15190599999999677,0.4446198255386394,69.29646455628166
832.0,326.0,248.0,240.0,341.0,277.0,234.0,326.045973,248.905418,239.751617,-0.045973000000003594,-0.9054179999999974,0.2483829999999898,0.9399943543138919,33.19638534539566
833.0,432.0,260.0,240.0,459.0,331.0,236.0,431.794541,260.218712,240.112167,0.20545900000001893,-0.21871199999998225,-0.11216699999999946,0.3203588230625152,76.06576102294646
834.0,380.0,287.0,240.0,389.0,343.0,236.0,380.53028500000005,287.73462399999994,240.351913,-0.530285000000049,-0.7346239999999398,-0.35191299999999615,0.9719657206763831,56.859475903318
835.0,412.0,353.0,240.0,400.0,430.0,237.0,411.722189,352.487071,240.087132,0.2778109999999856,0.5129289999999855,-0.08713199999999688,0.589802590860685,77.98717843338096
836.0,413.0,391.0,240.0,386.0,475.0,238.0,412.562489,391.10142599999995,240.45285,0.4375109999999722,-0.10142599999994673,-0.4528500000000122,0.6377901152393128,88.25531145489205
837.0,310.0,216.0,241.0,335.0,233.0,234.0,309.93604500000004,216.275554,240.302243,0.06395499999996446,-0.27555399999999963,0.6977569999999957,0.7529177113005042,31.0322412983658
838.0,282.0,315.0,241.0,264.0,337.0,236.0,281.850413,315.557468,241.10292,0.1495869999999968,-0.5574679999999717,-0.10292000000001167,0.5862929029017576,28.861739379323623
839.0,399.0,316.0,241.0,399.0,382.0,237.0,398.45626300000004,315.449703,240.657631,0.5437369999999646,0.5502970000000005,0.3423689999999908,0.8459865516300811,66.12110101926616
840.0,448.0,343.0,241.0,444.0,433.0,239.0,446.70692,343.40315899999996,241.450836,1.293079999999975,-0.40315899999995963,-0.45083600000000956,1.4275314933748087,90.11104260855048
841.0,438.0,366.0,241.0,426.0,455.0,238.0,438.436749,365.165706,240.47057,-0.43674900000002026,0.8342939999999999,0.5294299999999907,1.0803204581683195,89.85543945694106
842.0,289.0,415.0,241.0,233.0,455.0,237.0,288.47621399999997,415.312681,240.701813,0.5237860000000296,-0.31268099999999777,0.29818700000001286,0.6789968103945977,68.93475175845634
843.0,268.0,108.0,242.0,327.0,90.0,235.0,266.522889,107.24974099999999,242.848439,1.4771109999999794,0.750259000000014,-0.8484390000000133,1.8613420454400589,62.080592780675026
844.0,406.0,248.0,242.0,434.0,304.0,237.0,405.35492700000003,245.74587499999998,241.385342,0.645072999999968,2.254125000000016,0.6146579999999915,2.423840578073983,62.80923498976882
845.0,263.0,352.0,242.0,227.0,372.0,238.0,262.228178,352.388668,242.530803,0.771821999999986,-0.3886679999999956,-0.5308029999999917,1.0141616432881724,41.376321731154405
846.0,266.0,402.0,242.0,212.0,431.0,238.0,265.924961,402.131402,241.9179,0.07503900000000385,-0.13140199999998003,0.08209999999999695,0.17215617074329584,61.424750711744856
847.0,344.0,27.0,243.0,448.0,27.0,235.0,344.142058,26.85162299999999,242.931472,-0.14205800000002,0.14837700000001064,0.06852799999998638,0.21654629130282277,104.30723848324239
848.0,196.0,403.0,243.0,130.0,405.0,238.0,195.45019899999997,403.238886,242.670298,0.5498010000000306,-0.2388859999999795,0.3297019999999975,0.6841425797310252,66.21933252457322
849.0,226.0,74.0,244.0,292.0,35.0,235.0,225.01935400000002,73.60911099999998,243.686404,0.9806459999999788,0.3908890000000156,0.31359599999998977,1.1012734623393792,77.18808198161165
850.0,411.0,203.0,244.0,457.0,256.0,239.0,410.754171,202.491117,243.463721,0.24582900000001473,0.5088829999999973,0.5362790000000075,0.7790949690320254,70.35623639735144
851.0,443.0,310.0,244.0,453.0,394.0,241.0,443.57054700000003,310.779955,243.499469,-0.5705470000000332,-0.7799549999999726,0.5005309999999952,1.088294520428634,84.64632301523794
852.0,427.0,254.0,245.0,456.0,322.0,242.0,427.177118,254.06430799999998,245.14998,-0.17711800000000721,-0.06430799999998271,-0.14997999999999934,0.24083252518711032,73.98648525237566
853.0,438.0,327.0,245.0,440.0,409.0,243.0,437.39137200000005,325.83351500000003,245.03216,0.6086279999999533,1.166484999999966,-0.03216000000000463,1.3161115314474165,82.04876598706406
854.0,391.0,361.0,245.0,373.0,433.0,242.0,391.571025,361.884234,244.295057,-0.5710250000000201,-0.8842339999999922,0.7049429999999859,1.266840144071062,74.27651041883968
855.0,296.0,415.0,245.0,240.0,458.0,243.0,294.750535,415.883789,245.543932,1.2494649999999865,-0.8837889999999788,-0.5439320000000123,1.624225293292141,70.63285354564121
856.0,239.0,63.0,246.0,313.0,28.0,238.0,239.54154999999997,62.742044,246.112273,-0.5415499999999724,0.2579560000000001,-0.11227299999998763,0.6102646368297671,82.24962005991274
857.0,370.0,94.0,246.0,452.0,115.0,239.0,370.183054,94.229851,245.150788,-0.18305400000002692,-0.22985099999999647,0.8492119999999943,0.8986107444611369,84.9352694703443
858.0,263.0,127.0,246.0,314.0,112.0,239.0,262.183393,127.76221299999999,245.937238,0.8166069999999763,-0.7622129999999885,0.06276199999999221,1.118818447498048,53.61902647381804
859.0,340.0,228.0,246.0,365.0,258.0,242.0,339.8227,227.983724,246.398701,0.17730000000000246,0.016276000000004842,-0.3987009999999884,0.4366493851787631,39.25557285278104
860.0,401.0,231.0,246.0,435.0,285.0,243.0,401.24343400000004,230.781691,246.519103,-0.24343400000003612,0.21830900000000497,-0.5191030000000012,0.6135037542232492,63.88270501473775
861.0,442.0,324.0,246.0,446.0,409.0,244.0,442.062257,324.28409999999997,245.818758,-0.06225699999998824,-0.2840999999999667,0.18124199999999746,0.3426914160188123,85.11756575466664
862.0,445.0,333.0,246.0,446.0,421.0,243.0,445.175316,333.598547,244.858238,-0.17531600000000935,-0.5985469999999964,1.141762,1.3010052558345022,88.05679985100527
863.0,254.0,386.0,246.0,205.0,407.0,243.0,254.28774800000002,385.351263,246.334809,-0.2877480000000219,0.6487369999999828,-0.334809000000007,0.7847010087632071,53.39475629684998
864.0,261.0,129.0,247.0,313.0,113.0,240.0,261.675815,128.808984,246.750165,-0.675815,0.19101599999999053,0.24983499999999026,0.7454063010908827,54.85435260760991
865.0,299.0,164.0,247.0,342.0,168.0,241.0,298.526835,164.018759,246.764114,0.4731649999999945,-0.018758999999988646,0.2358859999999936,0.529036125705978,43.60045871318328
866.0,439.0,207.0,247.0,487.0,273.0,244.0,438.531775,207.953484,247.196587,0.4682250000000181,-0.9534840000000031,-0.19658699999999385,1.0802836837840422,81.6639455328972
867.0,250.0,333.0,247.0,221.0,345.0,241.0,250.568984,332.997841,245.339073,-0.5689840000000004,0.0021590000000060172,1.6609269999999867,1.7556838989026344,31.953090617340916
868.0,458.0,343.0,247.0,457.0,437.0,246.0,457.912313,343.20187799999997,247.067781,0.08768700000001672,-0.20187799999996514,-0.06778099999999654,0.23029980636984562,94.01063769595439
869.0,319.0,418.0,247.0,267.0,469.0,245.0,318.60861199999994,417.43404499999997,246.905991,0.39138800000006313,0.5659550000000309,0.09400899999999979,0.6944978910335756,72.86288492778748
870.0,207.0,465.0,247.0,120.0,481.0,244.0,207.510021,464.95085199999994,246.745592,-0.5100209999999947,0.049148000000059255,0.2544080000000122,0.5720667590491574,88.50988645343524
871.0,302.0,80.0,248.0,378.0,73.0,242.0,301.788455,80.85547399999999,248.505762,0.21154500000000098,-0.8554739999999867,-0.5057620000000043,1.016062130159855,76.55716818169282
872.0,427.0,186.0,248.0,482.0,243.0,244.0,426.841415,185.942104,247.576962,0.1585850000000164,0.0578959999999995,0.42303799999999114,0.4554802942883453,79.30952023559341
873.0,261.0,202.0,248.0,284.0,197.0,242.0,261.018343,201.63541800000002,247.557676,-0.018343000000015763,0.3645819999999844,0.4423240000000135,0.5735041598358299,24.289915602982237
874.0,302.0,219.0,248.0,324.0,233.0,243.0,301.47226000000006,219.22301899999997,247.73542,0.5277399999999375,-0.22301899999996522,0.26457999999999515,0.6310701691261567,26.551836094703507
875.0,411.0,363.0,248.0,395.0,442.0,247.0,411.051533,363.209433,248.165643,-0.05153300000000627,-0.20943299999999,-0.16564299999998866,0.27194748578906314,80.61017305526642
876.0,239.0,65.0,249.0,311.0,31.0,241.0,238.795766,65.62247699999999,248.545611,0.2042340000000138,-0.6224769999999893,0.45438899999999194,0.7972819486266982,80.02499609497022
877.0,266.0,401.0,249.0,213.0,429.0,246.0,266.25501699999995,400.39639,248.490049,-0.25501699999995253,0.6036100000000033,0.5099510000000009,0.8303184478198595,60.01666435249463
878.0,351.0,194.0,250.0,391.0,224.0,246.0,351.213782,194.84742,249.934455,-0.2137819999999806,-0.8474199999999996,0.06554499999998598,0.8764242961882043,50.15974481593781
879.0,285.0,207.0,250.0,309.0,212.0,245.0,284.37245299999995,206.82340299999998,249.702789,0.6275470000000496,0.17659700000001521,0.29721100000000433,0.7164747840217898,25.019992006393608
880.0,358.0,249.0,250.0,378.0,289.0,247.0,358.034772,248.742415,250.05929,-0.03477199999997538,0.25758500000000595,-0.059290000000004284,0.266597877540317,44.82186966202994
881.0,305.0,250.0,250.0,316.0,270.0,247.0,304.92031899999995,250.091481,250.620424,0.07968100000005052,-0.09148099999998749,-0.6204240000000141,0.6321738486350279,23.021728866442675
882.0,278.0,282.0,250.0,273.0,296.0,246.0,278.26714599999997,281.459132,249.729145,-0.26714599999996835,0.540867999999989,0.2708550000000116,0.6612621339264615,15.394804318340652
883.0,457.0,326.0,250.0,463.0,417.0,249.0,457.39782799999995,326.131673,249.728331,-0.3978279999999472,-0.13167299999997795,0.2716690000000028,0.499408592310899,91.20307012376283
884.0,486.0,345.0,250.0,489.0,450.0,250.0,486.193884,345.026516,250.017593,-0.19388400000002548,-0.026516000000015083,-0.017593000000005077,0.19647803276959708,105.04284840006957
885.0,302.0,82.0,251.0,378.0,75.0,245.0,302.33638399999995,82.439121,250.939986,-0.3363839999999527,-0.4391210000000001,0.06001399999999535,0.5564019484985362,76.55716818169282
886.0,358.0,124.0,251.0,428.0,143.0,246.0,358.885785,122.29275399999999,250.686596,-0.8857849999999985,1.707246000000012,0.31340399999999136,1.9487242077721088,72.70488291717415
887.0,383.0,163.0,251.0,440.0,199.0,247.0,382.788842,162.697515,250.781304,0.21115800000001173,0.3024849999999901,0.21869599999999423,0.42885057608098937,67.53517601961218
888.0,286.0,213.0,251.0,308.0,220.0,247.0,285.69536899999997,213.31922099999997,251.252568,0.30463100000002896,-0.31922099999997045,-0.2525679999999966,0.5084217615582529,23.430749027719962
889.0,471.0,310.0,251.0,485.0,403.0,252.0,470.875665,309.56554400000005,252.231161,0.12433499999997366,0.43445599999995466,-1.231160999999986,1.3114757397992232,94.05317644821997
890.0,236.0,423.0,251.0,168.0,443.0,249.0,234.96244000000002,422.99894900000004,251.027944,1.037559999999985,0.0010509999999612774,-0.027943999999990865,1.0379367636503527,70.90839160494335
891.0,182.0,459.0,251.0,92.0,465.0,251.0,181.65672399999997,459.86413099999993,252.82114,0.34327600000003144,-0.8641309999999294,-1.821140000000014,2.044776686324683,90.19977827023745
892.0,377.0,208.0,252.0,416.0,251.0,249.0,377.690136,209.359717,251.938304,-0.6901359999999954,-1.3597169999999892,0.061696000000011963,1.5260813919974798,58.12916651733448
893.0,383.0,209.0,252.0,422.0,252.0,249.0,382.61202299999997,208.577463,251.893874,0.3879770000000349,0.4225370000000055,0.10612599999998906,0.5833750052702202,58.12916651733448
894.0,355.0,242.0,252.0,377.0,281.0,249.0,355.19469599999996,242.805817,251.797421,-0.1946959999999649,-0.8058169999999905,0.20257899999998585,0.8533966376462736,44.87761134463375
895.0,420.0,269.0,252.0,442.0,336.0,250.0,420.015916,268.65991199999996,251.615422,-0.01591600000000426,0.340088000000037,0.38457800000000475,0.513627690924106,70.54785609782908
896.0,450.0,344.0,252.0,450.0,436.0,254.0,452.286956,344.322932,253.671702,-2.286955999999975,-0.32293199999998023,-1.6717020000000105,2.8511472075927453,92.02173656261873
897.0,425.0,189.0,253.0,479.0,246.0,251.0,425.35542100000004,189.121877,253.292767,-0.3554210000000353,-0.121877000000012,-0.2927669999999978,0.47633035454296496,78.54298186343577
898.0,422.0,234.0,253.0,458.0,297.0,251.0,422.30900799999995,234.20768299999997,252.806698,-0.3090079999999489,-0.20768299999997453,0.19330199999998854,0.41950427382441935,72.58787777583802
899.0,360.0,247.0,253.0,382.0,288.0,251.0,360.91912499999995,246.965329,253.326314,-0.9191249999999513,0.034671000000003005,-0.32631399999999644,0.97594757567295,46.57252408878007
900.0,399.0,256.0,253.0,423.0,313.0,251.0,399.27875,255.735899,252.808851,-0.2787500000000023,0.2641010000000108,0.1911489999999958,0.42893920420265313,61.87891401761993
901.0,266.0,294.0,253.0,254.0,304.0,249.0,265.614147,292.642655,252.196154,0.38585299999999734,1.3573450000000093,0.803845999999993,1.6240185892870844,16.1245154965971
902.0,459.0,343.0,253.0,458.0,437.0,253.0,458.753558,343.01105299999995,252.79713,0.24644200000000183,-0.011052999999947133,0.2028699999999901,0.31939327649935856,94.00531899844816
903.0,365.0,120.0,254.0,436.0,143.0,250.0,365.138125,120.25317399999999,253.920076,-0.13812500000000227,-0.25317399999998713,0.07992400000000544,0.29927150829471716,74.73954776421918
904.0,264.0,121.0,254.0,318.0,105.0,248.0,263.55254899999994,121.37229599999999,253.371174,0.4474510000000578,-0.3722959999999915,0.6288260000000037,0.8568773817140058,56.639209034025185
905.0,323.0,198.0,254.0,355.0,216.0,250.0,321.198826,198.02635199999997,253.501603,1.8011740000000032,-0.026351999999974396,0.4983970000000113,1.869043010684618,36.932370625238775
906.0,92.0,345.0,254.0,33.0,297.0,249.0,92.086888,344.636953,253.481461,-0.08688800000000185,0.36304699999999457,0.5185390000000041,0.6389329724423373,76.22335600063802
907.0,313.0,119.0,255.0,377.0,122.0,251.0,313.843333,119.27841299999999,255.307681,-0.8433329999999728,-0.27841299999998625,-0.3076810000000023,0.9398893260479916,64.19501538281614
908.0,406.0,398.0,255.0,374.0,481.0,256.0,404.965541,399.059712,255.194142,1.0344590000000267,-1.0597119999999904,-0.19414199999999937,1.493581622071266,88.9606654651369
909.0,325.0,83.0,256.0,403.0,84.0,253.0,324.175297,83.014275,257.252011,0.8247029999999995,-0.014274999999997817,-1.2520109999999818,1.4992899512619144,78.06407624509497
910.0,294.0,116.0,256.0,356.0,111.0,251.0,294.665326,116.18860699999999,255.551476,-0.6653259999999932,-0.18860699999999042,0.44852399999999193,0.8242603140397942,62.40192304729078
911.0,300.0,377.0,256.0,261.0,415.0,256.0,299.997849,377.142436,256.58615299999997,0.0021510000000262153,-0.14243599999997514,-0.5861529999999675,0.6032147049815305,54.45181356024793
912.0,402.0,281.0,257.0,417.0,343.0,257.0,402.47777,280.665149,257.403885,-0.4777700000000209,0.33485100000001466,-0.4038850000000025,0.7095861176249376,63.788713735268246
913.0,477.0,314.0,257.0,488.0,411.0,257.0,475.333936,315.05143699999996,256.216936,1.6660640000000058,-1.0514369999999644,0.7830640000000244,2.1200184539670834,97.62171889492625
914.0,378.0,164.0,258.0,436.0,199.0,255.0,379.754522,163.81595499999997,257.357124,-1.7545220000000086,0.184045000000026,0.6428760000000011,1.8776340330013839,67.80855403265875
915.0,236.0,225.0,258.0,246.0,214.0,255.0,236.036827,224.848545,258.21471399999996,-0.036826999999988175,0.15145499999999856,-0.2147139999999581,0.2653242294815547,15.165750888103101
916.0,400.0,258.0,258.0,422.0,316.0,258.0,399.346656,258.395912,258.51376999999997,0.6533440000000041,-0.3959120000000098,-0.5137699999999654,0.920632558070796,62.03224967708329
917.0,432.0,270.0,258.0,455.0,342.0,258.0,431.75086799999997,270.02254800000003,258.028079,0.24913200000003144,-0.02254800000002888,-0.028078999999991083,0.251721266421843,75.58438992278762
918.0,260.0,40.0,259.0,345.0,9.0,254.0,259.607357,39.82022999999998,259.269861,0.39264300000002095,0.17977000000001908,-0.2698609999999917,0.5092256255040774,90.61456836513652
919.0,397.0,195.0,259.0,444.0,241.0,257.0,396.916346,194.39173699999998,258.457668,0.0836540000000241,0.6082630000000222,0.5423319999999876,0.8192105145254287,65.79513659838392
920.0,399.0,245.0,259.0,427.0,301.0,258.0,399.328601,245.441122,258.663135,-0.3286009999999919,-0.4411220000000071,0.33686499999998887,0.6450157085761504,62.617888817813075
921.0,392.0,277.0,259.0,406.0,336.0,258.0,392.11919600000004,278.094512,258.365418,-0.11919600000004493,-1.0945120000000088,0.6345820000000231,1.2707708366515418,60.64651680022522
922.0,413.0,395.0,259.0,384.0,479.0,260.0,412.251407,394.94632,258.44028,0.748593000000028,0.05367999999998574,0.5597200000000271,0.9362475636545448,88.87069258197553
923.0,175.0,466.0,259.0,82.0,469.0,258.0,174.992267,465.64009,258.563274,0.007733000000001766,0.3599100000000135,0.4367260000000215,0.5659722665157971,93.05374790947434
924.0,387.0,182.0,260.0,438.0,222.0,259.0,387.329463,181.20725299999998,260.352506,-0.32946299999997564,0.7927470000000199,-0.3525060000000053,0.9280377979446846,64.82283548256741
925.0,442.0,230.0,260.0,482.0,299.0,259.0,441.549662,229.60353500000002,259.20657,0.4503379999999879,0.39646499999997786,0.7934300000000007,0.9947461864058453,79.76214641043707
926.0,390.0,236.0,260.0,419.0,287.0,259.0,389.47956800000003,236.65166299999999,259.690743,0.5204319999999711,-0.651662999999985,0.30925700000000234,0.8894683941782034,58.677082408722406
927.0,394.0,267.0,260.0,412.0,325.0,258.0,393.918839,267.98794599999997,258.462252,0.0811610000000087,-0.9879459999999654,1.5377480000000219,1.829560963275343,60.76183012385325
928.0,395.0,280.0,260.0,409.0,339.0,260.0,395.248977,279.66567999999995,259.95228499999996,-0.24897700000002487,0.3343200000000479,0.047715000000039254,0.4195665979961324,60.63827174318213
929.0,301.0,288.0,260.0,297.0,311.0,258.0,300.926971,286.995782,259.253005,0.07302900000001955,1.0042179999999803,0.7469950000000267,1.2537099171618622,23.430749027719962
930.0,222.0,306.0,260.0,199.0,301.0,257.0,222.174816,304.683897,259.084883,-0.17481599999999275,1.3161029999999982,0.9151170000000093,1.6124908880840256,23.727621035409346
931.0,408.0,355.0,260.0,395.0,431.0,261.0,408.31806600000004,354.800257,259.764719,-0.31806600000004437,0.19974300000001222,0.2352809999999863,0.44319340627543935,77.110310594628
932.0,301.0,78.0,261.0,378.0,69.0,258.0,300.89466699999997,77.90520999999998,261.66094599999997,0.1053330000000301,0.09479000000001747,-0.6609459999999672,0.6759658274683464,77.58221445666526
933.0,405.0,190.0,261.0,455.0,240.0,259.0,405.220979,190.775761,260.048079,-0.22097899999999981,-0.7757609999999886,0.9519210000000271,1.247714084958182,70.73895673530957
934.0,454.0,352.0,261.0,449.0,445.0,263.0,453.934354,351.664831,260.944501,0.06564600000001519,0.3351690000000076,0.05549899999999752,0.3460170442015925,93.15578350268973
935.0,197.0,400.0,261.0,132.0,402.0,259.0,196.416423,400.59521299999994,259.89910399999997,0.5835769999999911,-0.5952129999999443,1.1008960000000343,1.3808738657509594,65.06150935845248
936.0,229.0,131.0,262.0,274.0,102.0,258.0,228.678038,130.57458799999998,261.83854199999996,0.3219620000000134,0.42541200000002277,0.16145800000003874,0.5574079161189232,53.68426212587819
937.0,400.0,190.0,262.0,448.0,238.0,261.0,399.280325,191.06059899999997,261.74823599999996,0.7196749999999952,-1.0605989999999679,0.25176400000003696,1.3062111070274758,67.88961628997471
938.0,331.0,206.0,262.0,362.0,229.0,260.0,330.111757,206.40717999999998,261.503026,0.8882429999999886,-0.40717999999998256,0.4969740000000229,1.096245563788054,38.65229618017538
939.0,298.0,388.0,262.0,254.0,426.0,263.0,297.485551,387.577937,262.229554,0.5144490000000133,0.4220629999999801,-0.22955400000000736,0.7039104974966635,58.146367040426526
940.0,264.0,53.0,263.0,344.0,26.0,258.0,263.290326,53.32901199999999,262.352204,0.7096740000000068,-0.32901199999999164,0.647796000000028,1.0156405565139865,84.581321815162
941.0,393.0,175.0,263.0,446.0,217.0,262.0,392.271683,175.27267799999998,262.82559,0.7283170000000041,-0.2726779999999849,0.17441000000002305,0.7970055158359983,67.63135367564367
942.0,257.0,196.0,263.0,281.0,188.0,260.0,256.51114,195.599394,262.426561,0.4888599999999883,0.40060600000001045,0.5734390000000076,0.8534058551222892,25.475478405713993
943.0,380.0,237.0,263.0,409.0,283.0,264.0,380.71524500000004,236.191684,263.888541,-0.7152450000000385,0.8083159999999907,-0.8885409999999752,1.3980183384212084,54.38749856354859
944.0,204.0,278.0,263.0,188.0,263.0,262.0,203.787185,278.064914,263.68837199999996,0.2128150000000062,-0.06491399999998748,-0.6883719999999585,0.7234362874538046,21.95449840010015
945.0,392.0,216.0,264.0,430.0,264.0,264.0,392.087642,215.97071,263.997906,-0.08764200000001665,0.029290000000003147,0.002093999999999596,0.09243056366810223,61.220911460055866
946.0,412.0,240.0,264.0,444.0,300.0,264.0,412.331674,240.30532599999998,263.497912,-0.3316740000000209,-0.30532599999997956,0.5020880000000147,0.6747769767086131,68.0
947.0,388.0,241.0,264.0,416.0,291.0,265.0,388.24457600000005,240.59859699999998,264.57552,-0.24457600000005186,0.40140300000001616,-0.5755199999999832,0.7430780972313872,57.3149195236284
948.0,460.0,329.0,264.0,466.0,420.0,267.0,460.674569,327.860681,264.423294,-0.6745690000000195,1.1393190000000004,-0.4232939999999985,1.3900607648437626,91.24691775616314
949.0,389.0,275.0,265.0,403.0,331.0,265.0,388.551706,275.058077,264.17539899999997,0.44829399999997577,-0.05807700000002569,0.8246010000000297,0.9403761255827533,57.723478758647246
950.0,331.0,425.0,265.0,279.0,483.0,267.0,331.7767,425.410879,264.699499,-0.7767000000000053,-0.41087900000002264,0.300500999999997,0.9286470231697429,77.92303895511263
951.0,241.0,221.0,266.0,252.0,212.0,265.0,240.270003,221.833863,266.39815999999996,0.7299969999999973,-0.833863000000008,-0.39815999999996166,1.1776054128518512,14.247806848775006
952.0,376.0,242.0,266.0,401.0,289.0,267.0,376.08832200000006,242.96247499999998,266.31922099999997,-0.08832200000006196,-0.9624749999999835,-0.31922099999997045,1.017870791480903,53.24471804789655
953.0,102.0,310.0,267.0,58.0,260.0,265.0,102.030679,309.547831,266.889046,-0.03067900000000634,0.45216900000002624,0.11095399999999245,0.4665927514632246,66.63332499583073
954.0,267.0,352.0,267.0,232.0,373.0,268.0,266.648665,352.162244,267.06949599999996,0.35133500000000595,-0.16224399999998695,-0.06949599999995826,0.3931781934148868,40.82891132518721
955.0,207.0,397.0,267.0,145.0,402.0,268.0,206.599438,397.305558,267.201649,0.40056200000000786,-0.3055580000000191,-0.20164899999997488,0.5426582040373183,62.20932405998316
956.0,292.0,384.0,268.0,249.0,418.0,270.0,291.5836,382.730184,268.085737,0.4164000000000101,1.2698159999999916,-0.08573699999999462,1.3390938977625826,54.85435260760991
957.0,396.0,223.0,269.0,432.0,274.0,271.0,396.307707,223.290265,269.604092,-0.3077069999999935,-0.2902650000000051,-0.6040919999999801,0.7374717028727101,62.457985878508765
958.0,357.0,302.0,269.0,355.0,351.0,271.0,356.516956,303.132027,269.116759,0.4830440000000067,-1.1320269999999937,-0.11675900000000183,1.2363046949461902,49.08156476723211
959.0,474.0,372.0,269.0,464.0,476.0,274.0,473.755436,371.962952,269.50973999999997,0.24456400000002532,0.03704800000002706,-0.5097399999999652,0.5665853616181581,104.59923517884822
960.0,219.0,405.0,269.0,156.0,416.0,270.0,218.806876,405.344972,268.61548,0.19312400000001162,-0.3449719999999843,0.3845200000000091,0.5515053857941921,63.96092557178953
961.0,306.0,185.0,270.0,342.0,194.0,268.0,305.539692,184.48779,268.577954,0.4603079999999977,0.5122100000000103,1.422046000000023,1.5800181534020656,37.16180835212409
962.0,268.0,204.0,270.0,291.0,203.0,271.0,268.28448,204.764499,271.207367,-0.28447999999997364,-0.7644990000000007,-1.2073669999999765,1.4570939105253062,23.043437243605826
963.0,421.0,267.0,270.0,444.0,334.0,273.0,421.260697,266.812995,270.47096799999997,-0.2606969999999933,0.1870049999999992,-0.47096799999997074,0.5698637142843617,70.90133990271269
964.0,381.0,48.0,271.0,482.0,65.0,270.0,380.766939,47.887966000000006,270.973034,0.2330610000000206,0.1120339999999942,0.02696600000001581,0.2599927153460442,102.42558274181309
965.0,236.0,180.0,271.0,263.0,162.0,270.0,235.853028,180.173208,271.023167,0.1469720000000052,-0.17320799999998826,-0.023167000000000826,0.22833854238169582,32.46536616149585
966.0,199.0,405.0,271.0,133.0,407.0,273.0,198.622898,404.358573,271.30438499999997,0.3771020000000078,0.6414270000000215,-0.30438499999996793,0.803918368342218,66.06057825965497
967.0,266.0,419.0,271.0,204.0,451.0,273.0,265.234576,420.096237,270.399964,0.7654239999999959,-1.0962369999999737,0.6000359999999887,1.465487175392853,69.79971346646059
968.0,337.0,120.0,272.0,402.0,131.0,272.0,335.801651,119.98181199999999,272.270034,1.1983490000000074,0.018188000000009197,-0.27003400000000966,1.2285314364317355,65.92419889539804
969.0,425.0,296.0,272.0,437.0,369.0,276.0,424.956147,295.85766,272.554817,0.0438530000000128,0.14233999999999014,-0.5548170000000141,0.574461195119404,74.08778576796583
970.0,457.0,303.0,272.0,470.0,389.0,275.0,455.790052,302.812275,271.320502,1.2099479999999971,0.18772500000000036,0.6794980000000237,1.4003329498133739,87.02873088813831
971.0,469.0,355.0,272.0,465.0,454.0,277.0,468.83582699999994,354.638095,272.221049,0.16417300000006207,0.3619049999999788,-0.2210489999999936,0.45474241429077433,99.20685460188726
972.0,202.0,380.0,272.0,146.0,380.0,274.0,201.70738400000002,380.01029600000004,272.370726,0.2926159999999811,-0.010296000000039385,-0.37072599999999056,0.4724064967249951,56.0357029044876
973.0,263.0,52.0,273.0,344.0,24.0,271.0,262.88935699999996,51.903205,273.026076,0.11064300000003868,0.09679500000000019,-0.026075999999989108,0.14930205373673877,85.72630868059116
974.0,257.0,200.0,273.0,279.0,193.0,273.0,256.37757999999997,200.132529,273.028915,0.6224200000000337,-0.13252900000000523,-0.028914999999983593,0.6370295671835354,23.08679276123039
975.0,109.0,144.0,274.0,131.0,71.0,271.0,109.627796,143.777867,273.63215099999996,-0.6277960000000036,0.22213300000001368,0.3678490000000352,0.7607784001311002,76.30203142774116
976.0,395.0,229.0,274.0,428.0,280.0,276.0,394.80695399999996,229.041266,273.65151199999997,0.19304600000003802,-0.04126600000000735,0.34848800000003166,0.4005165752076153,60.778285596090974
977.0,432.0,251.0,274.0,463.0,319.0,277.0,432.156682,250.259345,273.821155,-0.15668199999998933,0.7406550000000038,0.1788450000000239,0.7778847036508759,74.79304780526061
978.0,384.0,252.0,274.0,407.0,302.0,277.0,384.224303,251.603183,274.326087,-0.22430300000002035,0.39681699999999864,-0.3260869999999727,0.5604536545219331,55.11805511808268
979.0,320.0,66.0,275.0,404.0,62.0,275.0,319.430203,65.876853,275.529184,0.5697969999999941,0.123147000000003,-0.5291839999999866,0.7873179222359794,84.09518416651456
980.0,320.0,228.0,275.0,342.0,250.0,276.0,320.18364399999996,228.080166,274.47276999999997,-0.1836439999999584,-0.0801659999999913,0.5272300000000314,0.5640240945137153,31.12876483254676
981.0,405.0,252.0,275.0,431.0,310.0,278.0,404.96178399999997,251.59213599999998,274.920535,0.038216000000034,0.40786400000001777,0.07946500000002743,0.4172867016536969,63.631753079732135
982.0,356.0,263.0,275.0,370.0,305.0,278.0,356.26689899999997,263.55968599999994,275.311418,-0.2668989999999667,-0.5596859999999424,-0.3114180000000033,0.693876549193673,44.37341546466758
983.0,276.0,294.0,275.0,266.0,310.0,276.0,276.74666399999995,294.45260599999995,274.180118,-0.7466639999999529,-0.4526059999999461,0.8198820000000069,1.197733615649111,18.894443627691185
984.0,388.0,77.0,276.0,478.0,102.0,278.0,387.35953800000004,77.756368,277.11329,0.6404619999999568,-0.7563679999999948,-1.1132900000000063,1.4905363963915643,93.42911751697112
985.0,214.0,183.0,276.0,236.0,156.0,277.0,213.378551,182.596867,276.975552,0.6214490000000126,0.40313299999999685,-0.9755519999999933,1.2249150092941143,34.84250278036869
986.0,356.0,197.0,276.0,396.0,228.0,278.0,356.4332,196.971804,276.076344,-0.43319999999999936,0.028196000000008326,-0.07634400000000596,0.4407784712891509,50.6458290484024
987.0,387.0,230.0,276.0,419.0,278.0,278.0,387.31239999999997,229.845864,275.362555,-0.31239999999996826,0.15413599999999406,0.6374450000000138,0.7264212238921685,57.723478758647246
988.0,257.0,416.0,276.0,196.0,444.0,280.0,257.261962,416.80515,276.260704,-0.2619619999999827,-0.805150000000026,-0.2607039999999756,0.8859216599451782,67.23838189605696
989.0,393.0,78.0,277.0,484.0,104.0,278.0,392.541612,77.75113999999999,277.05708799999996,0.45838800000001356,0.24886000000000763,-0.05708799999996472,0.5246998169315596,94.64671151181112
990.0,418.0,203.0,277.0,465.0,259.0,280.0,418.126917,203.14762000000002,276.974357,-0.12691699999999173,-0.14762000000001763,0.025643000000002303,0.19635975335593397,73.17103251970687
991.0,348.0,206.0,277.0,382.0,235.0,279.0,347.38639399999994,206.059171,276.88939799999997,0.6136060000000612,-0.05917099999999209,0.11060200000002851,0.6262957231860046,44.73253849269008
992.0,254.0,228.0,277.0,265.0,224.0,278.0,253.61200199999996,227.90797999999998,276.836465,0.3879980000000387,0.09202000000001931,0.1635350000000244,0.4309916758233755,11.74734012447073
993.0,401.0,252.0,277.0,426.0,309.0,280.0,400.835217,252.13424,276.598034,0.1647829999999999,-0.13424000000000547,0.4019660000000158,0.4546982294280616,62.313722405261586
994.0,307.0,264.0,277.0,313.0,286.0,279.0,307.046381,263.619217,276.66459299999997,-0.046380999999996675,0.3807830000000081,0.335407000000032,0.5095534769766833,22.891046284519195
995.0,196.0,406.0,277.0,130.0,408.0,279.0,196.60734499999998,405.974429,276.224478,-0.6073449999999809,0.025571000000013555,0.7755220000000236,0.9853710963642145,66.06057825965497
996.0,325.0,77.0,278.0,404.0,77.0,279.0,323.369748,77.571703,278.62962799999997,1.6302519999999845,-0.5717029999999994,-0.6296279999999683,1.8387488469328563,79.00632886041473
997.0,366.0,196.0,278.0,407.0,231.0,280.0,365.77858100000003,196.463932,277.619667,0.22141899999996895,-0.4639319999999998,0.38033300000000736,0.6394626377467191,53.94441583704471
998.0,249.0,375.0,278.0,202.0,392.0,282.0,248.412308,374.86024799999996,278.478702,0.5876920000000041,0.13975200000004406,-0.4787019999999984,0.7707581418136402,50.1398045468867
999.0,280.0,394.0,278.0,231.0,426.0,282.0,279.790216,393.742612,277.92060699999996,0.2097840000000133,0.25738799999999173,0.07939300000003868,0.3414105412095641,58.66003750424986
1000.0,47.0,217.0,279.0,31.0,132.0,278.0,47.868498,217.23350799999997,279.193151,-0.8684980000000024,-0.23350799999997207,-0.1931510000000003,0.9198489391573984,86.49855490122364
1001.0,268.0,289.0,279.0,258.0,301.0,282.0,268.244491,289.59760199999994,279.245146,-0.24449099999998225,-0.597601999999938,-0.245145999999977,0.6906522719870731,15.905973720586866
1002.0,421.0,301.0,279.0,430.0,373.0,284.0,420.631725,300.863844,279.099878,0.3682749999999828,0.13615600000002814,-0.0998779999999897,0.405142625312362,72.73238618387272
1003.0,258.0,362.0,279.0,219.0,381.0,282.0,258.758401,361.895002,278.51566299999996,-0.7584009999999921,0.10499800000002324,0.4843370000000391,0.9059685349801232,43.485629810317796
1004.0,389.0,229.0,281.0,421.0,279.0,284.0,389.181597,230.16232,280.255433,-0.18159700000001067,-1.162319999999994,0.7445670000000177,1.3922446876530061,59.43904440685432
1005.0,459.0,290.0,281.0,479.0,375.0,287.0,459.25020400000005,289.713371,281.26739499999996,-0.2502040000000534,0.2866290000000049,-0.26739499999996497,0.465035817203375,87.52713864853574
1006.0,465.0,338.0,281.0,466.0,432.0,287.0,463.980513,337.382293,280.66715,1.0194870000000265,0.6177069999999958,0.33285000000000764,1.2376206218054278,94.19660291114536
1007.0,322.0,414.0,281.0,271.0,466.0,287.0,321.321621,414.47777699999995,281.328287,0.6783790000000067,-0.4777769999999464,-0.3282869999999889,0.8923235308670003,73.08214556237385
1008.0,273.0,141.0,282.0,321.0,131.0,284.0,272.978921,141.15047199999998,282.541989,0.02107899999998608,-0.1504719999999793,-0.5419890000000009,0.562883845163453,49.07137658554119
1009.0,467.0,310.0,282.0,481.0,404.0,289.0,468.367897,311.747095,282.553633,-1.3678970000000277,-1.7470950000000016,-0.5536329999999907,2.2869177161242753,95.29428104561154
1010.0,417.0,384.0,282.0,393.0,468.0,288.0,416.63908000000004,384.33633399999997,281.459953,0.3609199999999646,-0.33633399999996527,0.5400470000000155,0.7314605718457884,87.56711711595854
1011.0,204.0,389.0,282.0,145.0,392.0,286.0,204.162898,389.71286799999996,282.065977,-0.16289800000001264,-0.7128679999999576,-0.0659769999999753,0.7342135304916005,59.21148537234985
1012.0,327.0,396.0,282.0,286.0,447.0,288.0,328.04150300000003,395.8259479999999,282.289566,-1.0415030000000343,0.17405200000007426,-0.28956599999997934,1.0949297082776983,65.71149062378664
1013.0,357.0,150.0,283.0,415.0,175.0,287.0,357.48800400000005,150.94049099999998,283.970147,-0.4880040000000463,-0.9404909999999802,-0.9701469999999972,1.4366128311782553,63.28506932918696
1014.0,330.0,253.0,283.0,343.0,284.0,286.0,329.898802,254.33782,282.259639,0.10119800000001078,-1.3378199999999936,0.7403610000000072,1.532363467955627,33.74907406137241
1015.0,353.0,267.0,283.0,367.0,305.0,287.0,354.018714,264.42811099999994,282.701051,-1.0187139999999886,2.5718890000000556,0.29894899999999325,2.7824021540241555,40.69397989875161
1016.0,458.0,294.0,283.0,476.0,379.0,289.0,457.97847200000007,293.62084500000003,282.87514799999997,0.02152799999993249,0.3791549999999688,0.1248520000000326,0.39976241783462035,87.09190547921202
1017.0,277.0,126.0,284.0,331.0,116.0,285.0,276.854801,126.90614699999999,283.483395,0.14519899999999097,-0.90614699999999,0.5166050000000268,1.053121959335673,54.92722457943783
1018.0,383.0,219.0,284.0,418.0,263.0,287.0,382.71531000000004,218.53913899999998,282.91788199999996,0.28468999999995503,0.4608610000000226,1.0821180000000368,1.2101324817329195,56.302753041036986
1019.0,271.0,145.0,285.0,317.0,135.0,287.0,270.939424,145.327691,284.974441,0.06057600000002594,-0.3276909999999873,0.02555899999998701,0.3342216416361965,47.11687595755899
1020.0,373.0,155.0,285.0,431.0,185.0,289.0,372.539444,154.57240099999999,285.403851,0.46055599999999686,0.42759900000001494,-0.40385099999997465,0.7470263476866056,65.4217089351845
1021.0,350.0,198.0,285.0,389.0,226.0,289.0,350.575211,197.34542699999997,285.14980499999996,-0.5752110000000243,0.6545730000000276,-0.149804999999958,0.8841804368312226,48.176757881783615
1022.0,292.0,214.0,285.0,315.0,222.0,288.0,292.030978,213.458578,284.780419,-0.030978000000004613,0.5414220000000114,0.21958100000000513,0.5850754089252213,24.535688292770594
1023.0,449.0,252.0,285.0,482.0,327.0,291.0,449.128818,251.675943,285.093146,-0.12881800000002386,0.3240570000000105,-0.09314599999999018,0.36094763289016196,82.15838362577492
1024.0,390.0,262.0,285.0,411.0,316.0,289.0,391.084941,261.560407,283.970579,-1.0849410000000148,0.4395930000000021,1.0294210000000135,1.558860665476893,58.077534382926416
1025.0,438.0,278.0,285.0,458.0,353.0,290.0,437.237695,278.105874,284.09844999999996,0.7623050000000262,-0.1058739999999716,0.9015500000000429,1.1853736201726068,77.78174593052023
1026.0,379.0,309.0,285.0,379.0,366.0,291.0,379.25026099999997,308.747597,285.194667,-0.2502609999999663,0.25240300000001525,-0.19466699999998127,0.4052568116873343,57.3149195236284
1027.0,271.0,66.0,286.0,348.0,44.0,287.0,271.347857,66.562045,285.87696,-0.3478569999999763,-0.5620449999999977,0.12304000000000315,0.6723376503468935,80.0874522007037
1028.0,199.0,182.0,286.0,221.0,152.0,288.0,200.784588,183.495478,286.11610099999996,-1.7845880000000136,-1.4954779999999914,-0.11610099999995782,2.3312417764850157,37.255872020394314
1029.0,347.0,250.0,286.0,364.0,286.0,291.0,346.781051,250.48371699999998,286.218072,0.21894900000000916,-0.4837169999999844,-0.21807200000000648,0.5740001723640784,40.124805295477756
1030.0,340.0,281.0,286.0,344.0,319.0,290.0,339.81903700000004,281.31331,285.1192,0.1809629999999629,-0.3133100000000013,0.880800000000022,0.9522181490966375,38.41874542459709
1031.0,416.0,379.0,286.0,394.0,462.0,292.0,415.89164800000003,379.453758,284.802166,0.10835199999996803,-0.45375799999999344,1.1978340000000003,1.285473753144726,86.07554821202127
1032.0,274.0,135.0,287.0,324.0,124.0,290.0,273.54357200000004,134.99084,287.5236,0.45642799999995987,0.009160000000008495,-0.5235999999999876,0.694670702407947,51.28352561983234
1033.0,217.0,146.0,287.0,254.0,114.0,291.0,216.56438699999998,145.422045,288.841586,0.4356130000000178,0.5779550000000029,-1.8415860000000066,1.9786939286281855,49.08156476723211
1034.0,349.0,276.0,287.0,357.0,315.0,293.0,348.906194,274.856361,287.553297,0.0938059999999723,1.1436390000000074,-0.5532969999999864,1.2739102394462478,40.26164427839479
1035.0,469.0,320.0,287.0,480.0,412.0,294.0,469.71836800000005,318.272508,286.56118,-0.718368000000055,1.7274919999999838,0.4388200000000211,1.921677440646073,92.91931984253867
1036.0,291.0,360.0,287.0,256.0,391.0,293.0,290.208456,360.158217,287.208368,0.7915439999999876,-0.15821699999997918,-0.20836800000000721,0.8336616498610073,47.138094997570704
1037.0,322.0,412.0,287.0,273.0,463.0,294.0,322.15925500000003,411.69599400000004,287.087509,-0.15925500000003012,0.3040059999999585,-0.08750900000001138,0.3541745729749474,71.07038764492565
1038.0,362.0,109.0,288.0,437.0,128.0,289.0,362.37048500000003,108.72263899999999,286.042197,-0.3704850000000306,0.2773610000000133,1.9578030000000126,2.011760633463902,77.37570678190927
1039.0,274.0,134.0,288.0,325.0,122.0,291.0,273.80933300000004,133.186773,288.360957,0.19066699999996217,0.8132270000000119,-0.3609569999999849,0.9099351703648969,52.478567053607705
1040.0,316.0,207.0,288.0,345.0,223.0,291.0,315.62722,206.468799,287.063125,0.37277999999997746,0.53120100000001,0.9368749999999864,1.1396816206405929,33.25657829663178
1041.0,470.0,343.0,288.0,471.0,442.0,296.0,470.549798,343.941938,287.895519,-0.5497980000000098,-0.9419379999999933,0.10448100000002114,1.095646528771484,99.32774033471213
1042.0,167.0,81.0,289.0,221.0,20.0,290.0,166.458274,80.94777599999999,289.308517,0.5417260000000113,0.052224000000009596,-0.3085169999999948,0.6256014262619691,81.47392220827471
1043.0,324.0,187.0,289.0,362.0,204.0,293.0,323.910187,187.307075,288.832774,0.08981299999999237,-0.30707499999999754,0.16722600000002785,0.3610068775937744,41.82104733265297
1044.0,420.0,251.0,289.0,448.0,316.0,295.0,419.88720099999995,252.00403699999998,288.68472399999996,0.11279900000005227,-1.0040369999999825,0.31527600000003986,1.058401090298948,71.02816342831905
1045.0,325.0,415.0,289.0,275.0,469.0,296.0,325.29264699999993,415.85812,288.644503,-0.29264699999993127,-0.8581199999999853,0.35549700000001394,0.9738533349626856,73.92563831310488
1046.0,423.0,243.0,290.0,455.0,308.0,297.0,423.26272499999993,243.988399,290.379311,-0.26272499999993215,-0.9883989999999869,-0.37931099999997286,1.0907950511195574,72.78736154031138
1047.0,421.0,249.0,290.0,451.0,312.0,297.0,421.19567299999994,248.136023,290.353995,-0.19567299999994248,0.8639770000000055,-0.3539949999999976,0.9539688881106058,70.12845356914696
1048.0,354.0,264.0,291.0,367.0,304.0,297.0,353.850377,263.749735,290.905383,0.1496230000000196,0.25026500000001306,0.09461700000002793,0.30654851009753364,42.485291572496
1049.0,353.0,265.0,291.0,366.0,305.0,297.0,353.33361399999995,264.786641,290.899054,-0.33361399999995456,0.2133590000000254,0.10094600000002174,0.40866913119660125,42.485291572496
1050.0,419.0,373.0,291.0,400.0,456.0,299.0,419.056521,373.301377,290.574932,-0.056520999999975174,-0.3013770000000022,0.4250680000000102,0.5241235772162967,85.5219270129012
1051.0,350.0,405.0,291.0,308.0,466.0,300.0,350.188176,404.990462,291.777224,-0.18817599999999857,0.009538000000020475,-0.7772239999999897,0.7997364106979148,74.60562981437795
1052.0,411.0,386.0,292.0,385.0,468.0,301.0,410.542885,386.5436189999999,292.153825,0.4571149999999875,-0.5436189999999215,-0.15382499999998345,0.7267309481581875,86.49277426467485
1053.0,272.0,80.0,294.0,344.0,61.0,297.0,272.75508599999995,80.909657,293.891168,-0.7550859999999489,-0.9096569999999957,0.1088320000000067,1.1872131776850006,74.52516353554684
1054.0,200.0,283.0,294.0,186.0,266.0,298.0,203.344506,281.270892,293.157158,-3.3445059999999955,1.7291079999999965,0.8428420000000187,3.8582272479292854,22.38302928559939
1055.0,335.0,108.0,295.0,406.0,116.0,299.0,335.254641,107.553257,294.544754,-0.25464099999999235,0.4467429999999979,0.45524599999998827,0.6867825474238433,71.56116265125938
1056.0,388.0,255.0,296.0,410.0,307.0,304.0,388.104083,254.975028,296.37081,-0.10408300000000281,0.024971999999991112,-0.37081000000000586,0.385949384988504,57.02630971753301
1057.0,268.0,274.0,296.0,264.0,283.0,303.0,268.41571,274.25901899999997,296.62876,-0.41570999999999003,-0.2590189999999666,-0.6287599999999998,0.7970224489065374,12.083045973594572
1058.0,460.0,311.0,296.0,472.0,400.0,305.0,460.481559,311.135751,295.75780399999996,-0.4815590000000043,-0.1357510000000275,0.24219600000003538,0.5558653676008506,90.2551937563706
1059.0,396.0,276.0,297.0,411.0,334.0,306.0,395.92445200000003,275.71457999999996,297.686035,0.0755479999999693,0.28542000000004464,-0.686035000000004,0.7468708709870979,60.58052492344384
1060.0,320.0,166.0,298.0,366.0,178.0,303.0,320.344975,166.16352899999998,297.30963399999996,-0.3449749999999767,-0.16352899999998272,0.69036600000004,0.7888946053954441,47.80167361086848
1061.0,247.0,256.0,298.0,246.0,253.0,304.0,246.634185,255.635944,297.89914999999996,0.3658149999999978,0.36405600000000504,0.10085000000003674,0.5258593993274338,6.782329983125268
1062.0,164.0,75.0,299.0,220.0,12.0,302.0,163.71004799999997,75.109828,299.23920799999996,0.28995200000002797,-0.10982799999999315,-0.23920799999996234,0.3916054381031968,84.34453153583817
1063.0,427.0,249.0,299.0,458.0,315.0,308.0,427.515919,248.756456,299.292394,-0.5159189999999967,0.2435440000000142,-0.2923940000000016,0.641077488087832,73.47108274688756
1064.0,229.0,262.0,299.0,222.0,254.0,305.0,228.256757,262.65995499999997,298.837266,0.7432430000000068,-0.6599549999999681,0.16273400000000038,1.0071907038043828,12.206555615733702
1065.0,44.0,194.0,300.0,35.0,103.0,302.0,43.651315000000004,193.896994,299.174911,0.34868499999999614,0.10300599999999349,0.8250889999999913,0.901644787697451,91.46584061823299
1066.0,249.0,370.0,300.0,204.0,384.0,309.0,248.13270699999998,368.390635,300.681904,0.8672930000000179,1.6093650000000252,-0.6819039999999745,1.9512165221446023,47.97916214358062
1067.0,247.0,185.0,301.0,274.0,171.0,307.0,247.081006,184.672767,301.16981799999996,-0.08100600000000213,0.32723300000000677,-0.16981799999996383,0.37746729851603367,31.0
1068.0,218.0,202.0,301.0,233.0,179.0,307.0,217.307552,201.544055,301.29880499999996,0.692448000000013,0.45594500000001403,-0.2988049999999589,0.8812800370790241,28.106938645110393
1069.0,478.0,376.0,301.0,468.0,482.0,312.0,478.773388,375.960458,300.549064,-0.7733880000000113,0.03954199999998309,0.4509360000000129,0.8961226726313913,107.03737664946763
1070.0,413.0,278.0,302.0,429.0,343.0,311.0,412.29716,278.079299,301.578393,0.7028399999999806,-0.07929899999999179,0.4216069999999945,0.8234226493423451,67.54257916307313
1071.0,173.0,148.0,303.0,203.0,101.0,306.0,173.695281,148.72256199999998,301.561055,-0.6952809999999943,-0.7225619999999822,1.4389449999999897,1.753874062135003,55.839054433254866
1072.0,303.0,147.0,304.0,353.0,149.0,311.0,302.772682,147.087135,304.275829,0.22731800000002522,-0.0871349999999893,-0.27582899999998745,0.36789620627291425,50.52722038663912
1073.0,235.0,260.0,304.0,231.0,254.0,312.0,235.313602,260.39009,304.52307099999996,-0.31360200000000304,-0.3900899999999865,-0.523070999999959,0.7239611132823008,10.770329614269007
1074.0,311.0,265.0,304.0,317.0,289.0,312.0,311.237847,265.23632,303.642953,-0.23784699999998793,-0.23631999999997788,0.35704700000002276,0.48979679257626835,26.0
1075.0,75.0,276.0,305.0,38.0,210.0,311.0,73.904839,276.347921,305.27228199999996,1.0951610000000045,-0.34792099999998527,-0.2722819999999615,1.1809166463751701,75.9012516365837
1076.0,473.0,352.0,306.0,470.0,451.0,318.0,472.31660100000005,351.41208199999994,305.818646,0.6833989999999517,0.5879180000000588,0.1813539999999989,0.9195493685719124,99.76973488989535
1077.0,245.0,120.0,307.0,297.0,95.0,313.0,245.23175400000002,119.700741,306.854837,-0.23175400000002355,0.2992590000000064,0.14516300000002502,0.405386435596977,58.008620049092706
1078.0,275.0,148.0,307.0,320.0,140.0,315.0,274.828389,148.709401,307.83842,0.17161099999998441,-0.7094010000000139,-0.8384199999999851,1.11159714398787,46.400431032480725
1079.0,467.0,324.0,307.0,475.0,417.0,319.0,467.36417800000004,323.703663,307.01093499999996,-0.3641780000000381,0.2963369999999941,-0.010934999999960837,0.46963901826618215,94.11163583744573
1080.0,451.0,347.0,308.0,447.0,438.0,320.0,451.08269,347.30771400000003,307.735383,-0.0826900000000137,-0.3077140000000327,0.264616999999987,0.4141831703304898,91.87491496594704
1081.0,80.0,197.0,309.0,76.0,121.0,316.0,80.31822100000001,197.366492,310.209436,-0.3182210000000083,-0.3664919999999938,-1.2094359999999824,1.303194701109914,76.42643521714199
1082.0,76.0,208.0,310.0,66.0,132.0,316.0,75.41077800000001,208.512578,310.134374,0.5892219999999924,-0.5125779999999907,-0.1343739999999798,0.7924488268929268,76.88953114696434
1083.0,418.0,263.0,311.0,442.0,327.0,322.0,418.33555299999995,262.376958,310.707802,-0.3355529999999476,0.6230419999999981,0.29219799999998486,0.7656087909480622,69.2314957226839
1084.0,483.0,371.0,311.0,475.0,478.0,325.0,483.290695,371.161439,311.208379,-0.2906950000000279,-0.16143899999997302,-0.20837899999997944,0.39241297301057587,108.2081327812286
1085.0,394.0,81.0,312.0,484.0,108.0,321.0,393.977315,81.28343899999999,312.238008,0.022685000000024047,-0.2834389999999871,-0.23800799999997935,0.3708100376338051,94.39279633531363
1086.0,422.0,196.0,312.0,472.0,251.0,322.0,421.869841,195.526582,311.439184,0.13015899999999192,0.47341800000000944,0.5608159999999884,0.7453727616843763,75.0
1087.0,291.0,231.0,312.0,307.0,241.0,321.0,291.062036,230.626657,311.635743,-0.062035999999977776,0.37334300000000553,0.36425700000000916,0.5252776627594287,20.904544960366874
1088.0,284.0,334.0,313.0,258.0,358.0,324.0,283.46092,334.302414,312.982894,0.5390800000000127,-0.30241399999999885,0.0171060000000125,0.6183478705647926,37.05401462729781
1089.0,245.0,172.0,314.0,276.0,156.0,321.0,244.86069099999997,172.635727,312.805096,0.13930900000002566,-0.6357270000000028,1.1949040000000082,1.3606437392741828,35.58089374931439
1090.0,346.0,194.0,314.0,383.0,219.0,323.0,344.40449199999995,193.80093499999998,313.119571,1.595508000000052,0.1990650000000187,0.8804289999999924,1.8331469871044603,45.552167895721496
1091.0,210.0,210.0,314.0,220.0,186.0,323.0,209.175471,210.519517,314.395256,0.8245290000000125,-0.5195170000000076,-0.3952560000000176,1.0516526473441896,27.51363298439521
1092.0,459.0,316.0,314.0,468.0,405.0,326.0,458.867579,316.267566,312.925092,0.1324210000000221,-0.267565999999988,1.0749079999999935,1.115595847097409,90.2551937563706
1093.0,346.0,113.0,315.0,416.0,127.0,324.0,346.115823,113.748368,314.842232,-0.11582299999997758,-0.7483679999999993,0.15776799999997593,0.773537570242704,71.95137246779939
1094.0,113.0,298.0,316.0,75.0,250.0,325.0,113.188059,297.951511,316.069595,-0.18805899999999554,0.04848900000001777,-0.06959499999999252,0.20630277416214984,61.87891401761993
1095.0,337.0,61.0,318.0,426.0,62.0,326.0,336.991538,60.662608,317.191494,0.00846200000000863,0.33739200000000125,0.8085060000000226,0.8761203793680624,89.36442245099556
1096.0,401.0,84.0,318.0,490.0,113.0,328.0,400.004245,83.678344,317.881282,0.9957549999999742,0.3216560000000044,0.11871800000000121,1.0531308398698387,94.13819628609845
1097.0,325.0,176.0,318.0,366.0,191.0,328.0,323.957031,176.511492,317.637998,1.0429690000000278,-0.511492000000004,0.36200200000001814,1.2167390225636208,44.78839135311738
1098.0,386.0,214.0,318.0,424.0,258.0,330.0,386.47103,213.51892399999997,318.172092,-0.47102999999998474,0.48107600000003004,-0.17209200000002056,0.6949237621063347,59.36328831862332
1099.0,330.0,217.0,318.0,357.0,241.0,328.0,329.97383099999996,217.701712,317.098385,0.026169000000038523,-0.7017119999999863,0.9016149999999925,1.1428010131820716,37.48332962798263
1100.0,255.0,257.0,318.0,256.0,258.0,328.0,255.92505999999997,257.159034,317.448004,-0.9250599999999736,-0.15903400000001966,0.5519959999999742,1.088911107837517,10.099504938362077
1101.0,442.0,372.0,318.0,427.0,463.0,334.0,442.176955,372.069074,319.019527,-0.17695500000002085,-0.06907400000000052,-1.0195269999999823,1.0370726075015053,93.60555539069249
1102.0,277.0,141.0,321.0,325.0,132.0,331.0,276.778603,141.351633,321.013477,0.2213970000000245,-0.35163299999999253,-0.013477000000023054,0.4157451476890695,49.84977432245807
1103.0,356.0,166.0,321.0,408.0,190.0,332.0,356.36548400000004,164.85896599999998,320.698188,-0.36548400000003767,1.141034000000019,0.301811999999984,1.2355677345884608,58.31809324729333
1104.0,28.0,209.0,321.0,10.0,116.0,329.0,27.857991,210.761687,321.27786199999997,0.1420090000000016,-1.761686999999995,-0.2778619999999705,1.789110095297091,95.06313691436866
1105.0,293.0,394.0,321.0,246.0,430.0,334.0,292.962834,393.46549600000003,320.393186,0.037166000000013355,0.5345039999999699,0.6068139999999858,0.8095054466573721,60.61352984276695
1106.0,400.0,405.0,321.0,363.0,485.0,337.0,398.203824,405.825561,321.566663,1.7961760000000027,-0.8255609999999933,-0.5666630000000055,2.0564304372543227,89.58236433584459
1107.0,24.0,207.0,322.0,8.0,110.0,329.0,24.742969000000002,206.619291,321.35938,-0.7429690000000022,0.38070899999999597,0.6406200000000126,1.052300461865344,98.55962662266938
1108.0,411.0,208.0,323.0,454.0,262.0,336.0,410.875388,208.889818,322.87725,0.12461200000001327,-0.8898179999999911,0.12274999999999636,0.906847168032181,70.24243731534378
1109.0,94.0,180.0,324.0,97.0,109.0,333.0,93.66807200000001,182.75240499999998,324.163749,0.3319279999999907,-2.752404999999982,-0.1637489999999957,2.777179003271106,71.63099887618489
1110.0,428.0,236.0,324.0,464.0,300.0,338.0,428.550364,235.837736,324.013996,-0.5503640000000019,0.1622639999999933,-0.013996000000020103,0.5739564671715098,74.75292636412303
1111.0,300.0,397.0,324.0,253.0,436.0,338.0,299.999346,396.34795199999996,323.561477,0.0006539999999972679,0.6520480000000362,0.4385229999999751,0.7857922394303887,62.65780079128216
1112.0,341.0,70.0,325.0,428.0,73.0,336.0,341.499345,68.78878399999999,325.243676,-0.49934500000000526,1.2112160000000074,-0.24367599999999356,1.3325793112070365,87.74394566008529
1113.0,308.0,150.0,325.0,358.0,154.0,337.0,308.197177,149.929355,325.49041,-0.1971770000000106,0.07064500000001317,-0.4904099999999971,0.5332648998893544,51.57518783291051
1114.0,45.0,185.0,325.0,39.0,93.0,333.0,44.44198,185.393029,324.667795,0.5580199999999991,-0.39302900000001273,0.33220499999998765,0.7590904275947634,92.5418824100742
1115.0,445.0,331.0,325.0,446.0,417.0,341.0,445.034698,331.457213,325.192414,-0.03469799999999168,-0.4572130000000243,-0.1924139999999852,0.49726333664268463,87.48142660016468
1116.0,331.0,353.0,325.0,304.0,399.0,339.0,330.006062,354.353975,324.538704,0.9939380000000142,-1.3539749999999913,0.46129600000000437,1.7418252059506456,55.14526271584895
1117.0,212.0,377.0,325.0,158.0,381.0,339.0,211.887996,378.309987,325.545278,0.1120040000000131,-1.3099869999999783,-0.5452779999999962,1.4233548164350804,55.92852581643825
1118.0,378.0,175.0,326.0,430.0,209.0,339.0,378.466232,173.974155,326.089566,-0.4662319999999909,1.025845000000004,-0.08956599999999071,1.130377065498499,63.474404290233394
1119.0,424.0,214.0,326.0,467.0,274.0,340.0,424.134722,214.87515,325.942251,-0.13472200000001067,-0.8751499999999908,0.05774900000000116,0.8873401189989027,75.13321502504735
1120.0,441.0,239.0,326.0,476.0,309.0,342.0,440.25218700000005,239.75187,327.119756,0.747812999999951,-0.7518699999999967,-1.1197559999999953,1.5422017635202314,79.88116173416608
1121.0,435.0,338.0,326.0,431.0,421.0,343.0,434.439566,338.483247,326.865483,0.5604339999999866,-0.48324700000000576,-0.8654829999999833,1.1387162748700668,84.8174510345601
1122.0,338.0,393.0,326.0,299.0,447.0,341.0,338.62865800000003,392.97035300000005,325.639375,-0.6286580000000299,0.02964699999995446,0.3606250000000273,0.7253552344872508,68.27884006044626
1123.0,330.0,397.0,326.0,286.0,449.0,343.0,329.06705200000005,397.92257499999994,327.325102,0.9329479999999535,-0.922574999999938,-1.3251020000000153,1.864787363677918,70.20683727387241
1124.0,388.0,213.0,327.0,425.0,258.0,340.0,387.33983,213.35769399999998,326.359209,0.6601699999999937,-0.35769399999998086,0.6407909999999788,0.9871081664219736,59.69087032369355
1125.0,434.0,240.0,327.0,469.0,307.0,342.0,434.293163,240.016978,327.181401,-0.29316299999999273,-0.01697799999999461,-0.18140099999999393,0.34516535146794985,77.06490770772389
1126.0,401.0,252.0,327.0,425.0,308.0,342.0,400.36755,252.228724,327.40912099999997,0.6324500000000057,-0.2287239999999997,-0.40912099999997054,0.7872024284242161,62.74551776820397
1127.0,321.0,392.0,327.0,280.0,439.0,343.0,321.80348200000003,391.711595,327.47548,-0.8034820000000309,0.28840500000001157,-0.47548000000000457,0.977160170468005,64.389440128021
1128.0,309.0,149.0,328.0,359.0,153.0,340.0,308.741495,148.922044,327.954507,0.25850500000001375,0.07795600000000036,0.045493000000021766,0.27380939722735803,51.57518783291051
1129.0,409.0,223.0,328.0,447.0,278.0,341.0,409.645655,223.190719,326.823279,-0.6456549999999766,-0.19071900000000142,1.1767209999999864,1.3556977641889576,68.10286337592568
1130.0,427.0,339.0,328.0,422.0,419.0,345.0,426.945012,339.287845,328.576526,0.054987999999980275,-0.28784500000000435,-0.5765260000000012,0.6467307421524059,81.93900170248598
1131.0,357.0,340.0,328.0,341.0,392.0,344.0,356.97782800000004,339.348558,328.515997,0.022171999999955005,0.6514419999999745,-0.5159970000000271,0.8313369839944527,56.7097875150313
1132.0,364.0,25.0,329.0,471.0,31.0,340.0,364.017081,25.018311999999995,328.781075,-0.017081000000018776,-0.018311999999994555,0.21892500000001291,0.2203525482720953,107.73114684249862
1133.0,312.0,363.0,329.0,281.0,402.0,344.0,312.96269800000005,362.711618,328.724857,-0.9626980000000458,0.2883820000000128,0.2751430000000141,1.041947833424065,52.028838157314254
1134.0,340.0,397.0,329.0,299.0,452.0,345.0,339.966333,396.894943,328.857539,0.03366699999997991,0.10505699999998797,0.1424610000000257,0.1801820653089631,70.44146506142529
1135.0,298.0,399.0,329.0,250.0,439.0,344.0,298.504167,399.5178599999999,328.458026,-0.5041669999999954,-0.5178599999999278,0.541973999999982,0.9033820676573678,64.25729530566937
1136.0,334.0,399.0,329.0,291.0,452.0,345.0,333.750733,398.973983,328.90108299999997,0.24926699999997481,0.02601700000002438,0.09891700000002857,0.2694355107757594,70.09992867328754
1137.0,356.0,135.0,330.0,419.0,155.0,343.0,355.906424,134.912891,330.062151,0.09357599999998456,0.0871089999999981,-0.062150999999971646,0.14215200476248394,67.36467917239716
1138.0,335.0,89.0,332.0,411.0,94.0,346.0,333.846972,89.62293999999999,333.281555,1.1530280000000062,-0.6229399999999856,-1.2815550000000258,1.8330060093761456,77.44029958619737
1139.0,210.0,211.0,332.0,220.0,186.0,344.0,209.36835599999998,210.72668199999998,331.599632,0.6316440000000227,0.2733180000000175,0.4003680000000145,0.7962232144845124,29.478805945967352
1140.0,351.0,398.0,332.0,310.0,458.0,349.0,350.110645,398.737879,332.004058,0.8893550000000232,-0.7378790000000208,-0.00405799999998635,1.1556098831483193,74.63243262818116
1141.0,343.0,399.0,332.0,301.0,456.0,350.0,342.606906,399.532612,332.895845,0.39309400000001915,-0.5326119999999719,-0.8958450000000084,1.1138836112471537,73.05477397131553
1142.0,113.0,326.0,333.0,64.0,282.0,347.0,113.169663,325.89205300000003,333.776396,-0.1696629999999999,0.10794699999996737,-0.776395999999977,0.8020154843854058,67.32755750805164
1143.0,296.0,389.0,333.0,251.0,426.0,349.0,295.94461099999995,389.205967,332.701899,0.05538900000004787,-0.2059669999999869,0.2981009999999742,0.3665440663971858,60.41522986797286
1144.0,34.0,153.0,334.0,39.0,52.0,344.0,33.875348,153.643478,334.162263,0.12465199999999754,-0.6434779999999876,-0.16226299999999583,0.6752268794686583,101.61692772368194
1145.0,283.0,163.0,334.0,324.0,158.0,347.0,282.913475,161.972029,333.820944,0.08652499999999463,1.027971000000008,0.17905600000000277,1.047030087247743,43.30127018922193
1146.0,65.0,213.0,334.0,51.0,133.0,344.0,64.273895,213.464024,333.143415,0.726105000000004,-0.4640239999999949,0.8565849999999955,1.2150245288988997,81.82909018191513
1147.0,419.0,222.0,334.0,458.0,279.0,350.0,418.53495699999996,221.19785,334.124938,0.46504300000003695,0.8021500000000117,-0.124937999999986,0.9355849069929728,70.8942874990644
1148.0,411.0,294.0,334.0,423.0,361.0,350.0,412.677041,294.009782,333.350139,-1.6770409999999742,-0.009781999999972868,0.6498609999999871,1.7985776387261954,69.92138442565336
1149.0,397.0,229.0,335.0,429.0,279.0,351.0,396.012592,228.744235,335.102041,0.9874080000000163,0.2557649999999967,-0.10204099999998562,1.0250866594439845,61.48170459575759
1150.0,274.0,335.0,335.0,246.0,354.0,351.0,273.344767,334.57922499999995,335.21521,0.6552330000000097,0.42077500000004875,-0.21521000000001322,0.8078967935411425,37.429934544425805
1151.0,497.0,361.0,335.0,495.0,471.0,354.0,497.274751,360.810742,334.940347,-0.27475099999998065,0.18925799999999526,0.05965300000002571,0.33891766400409207,111.64676439557037
1152.0,395.0,86.0,336.0,483.0,113.0,350.0,394.767665,85.71453399999999,335.943015,0.23233499999997775,0.28546600000001376,0.0569849999999974,0.37244822406073735,93.1074647920348
1153.0,356.0,129.0,336.0,421.0,149.0,350.0,355.96349699999996,129.80003,335.856689,0.03650300000003881,-0.8000299999999925,0.14331099999998287,0.8135837465374944,69.4334213473598
1154.0,388.0,135.0,336.0,456.0,168.0,351.0,388.10948499999995,135.477589,336.261772,-0.10948499999994965,-0.4775889999999947,-0.26177200000000767,0.5555202949757893,77.05841939723393
1155.0,437.0,244.0,336.0,471.0,312.0,353.0,437.249033,243.490863,336.123471,-0.24903299999999717,0.5091370000000097,-0.123470999999995,0.5800715539474481,77.90378681424929
1156.0,344.0,403.0,336.0,301.0,461.0,353.0,343.93539599999997,403.44733700000006,335.294753,0.06460400000003119,-0.4473370000000614,0.7052469999999857,0.8376499265170617,74.17546764261078
1157.0,358.0,422.0,336.0,311.0,487.0,354.0,358.47894299999996,421.06107799999995,335.753507,-0.4789429999999584,0.9389220000000478,0.24649299999998675,1.0824600308473489,82.20705565825844
1158.0,243.0,173.0,337.0,274.0,156.0,350.0,243.57315599999998,173.441572,336.574406,-0.5731559999999831,-0.44157200000000785,0.4255939999999896,0.8394187777003673,37.66961640367472
1159.0,325.0,195.0,338.0,360.0,213.0,353.0,325.24906999999996,195.411969,337.893072,-0.2490699999999606,-0.41196899999999914,0.10692799999998215,0.49314087139982204,42.118879377305376
1160.0,453.0,329.0,338.0,455.0,417.0,357.0,452.17420799999996,329.27613299999996,338.251523,0.8257920000000354,-0.2761329999999589,-0.25152300000002015,0.9063364058019769,90.0499861188218
1161.0,397.0,81.0,339.0,486.0,108.0,354.0,395.83432,81.08922399999999,339.26257,1.165680000000009,-0.08922399999998731,-0.26256999999998243,1.1982127480026281,94.20721840708386
1162.0,323.0,199.0,339.0,356.0,217.0,354.0,323.191203,199.569458,338.687012,-0.19120299999997314,-0.5694579999999974,0.3129880000000185,0.6773496062721217,40.47221268969612
1163.0,420.0,218.0,339.0,462.0,277.0,355.0,421.16830799999997,218.65360299999998,338.22299,-1.1683079999999677,-0.6536029999999755,0.7770100000000184,1.5478646596433814,74.16872656315464
1164.0,418.0,222.0,339.0,457.0,281.0,356.0,418.333491,223.07097199999998,339.022373,-0.3334909999999809,-1.0709719999999834,-0.022373000000015963,1.1219170303520454,72.73926037567333
1165.0,316.0,355.0,339.0,287.0,394.0,357.0,315.662307,355.064375,339.436703,0.3376930000000016,-0.06437499999998408,-0.4367030000000227,0.5557789246481184,51.82663407939975
1166.0,423.0,224.0,340.0,461.0,284.0,357.0,422.23103699999996,224.37239499999998,339.784541,0.768963000000042,-0.37239499999998316,0.21545900000000984,0.8811383047371486,73.02739212103907
1167.0,489.0,357.0,341.0,487.0,463.0,361.0,489.04195000000004,356.74262899999997,340.812859,-0.041950000000042564,0.25737100000003466,0.1871409999999969,0.32096945029398083,107.88883167408942
1168.0,364.0,150.0,342.0,423.0,176.0,358.0,364.615926,150.338892,342.082007,-0.6159260000000017,-0.3388919999999871,-0.08200699999997596,0.7077695763375178,66.4304147209695
1169.0,118.0,210.0,342.0,114.0,149.0,355.0,117.48577200000001,209.632515,341.62397,0.5142279999999886,0.36748499999998785,0.3760300000000143,0.7354415150839596,62.49799996799898
1170.0,487.0,361.0,342.0,484.0,466.0,362.0,487.500846,359.863212,341.613128,-0.5008460000000241,1.1367880000000241,0.38687199999998256,1.3010778674022803,106.92988356862641
1171.0,379.0,371.0,342.0,355.0,437.0,361.0,379.719688,370.844113,341.837407,-0.7196880000000192,0.155887000000007,0.1625930000000153,0.7541140880278228,72.75300681071539
1172.0,368.0,92.0,343.0,449.0,110.0,359.0,367.653469,92.30816099999998,343.536697,0.34653100000002723,-0.30816099999998414,-0.5366970000000038,0.7092888027390628,84.50443775329198
1173.0,461.0,294.0,343.0,478.0,380.0,363.0,460.47224900000003,294.608121,343.477434,0.5277509999999666,-0.6081209999999828,-0.47743400000001657,0.936095878101148,89.9166280506559
1174.0,155.0,496.0,343.0,47.0,494.0,362.0,155.258932,495.1875,343.662103,-0.2589319999999873,0.8125,-0.6621030000000019,1.0796214212551527,109.67679791095289
1175.0,162.0,88.0,344.0,213.0,25.0,357.0,162.15900399999998,87.572901,344.183353,-0.15900399999998172,0.42709899999999834,-0.18335300000001098,0.49123736668335477,82.09141246196218
1176.0,273.0,90.0,344.0,341.0,70.0,357.0,273.317019,89.27443099999999,342.956909,-0.31701900000001615,0.7255690000000072,1.043091000000004,1.3095763644793796,72.06247289678588
1177.0,341.0,106.0,344.0,413.0,115.0,359.0,340.98420400000003,105.548971,343.673785,0.01579599999996617,0.45102900000000545,0.3262149999999906,0.5568598555130345,74.09453421137081
1178.0,296.0,265.0,344.0,299.0,282.0,362.0,295.890688,264.968228,344.786131,0.10931199999998853,0.031771999999989475,-0.7861310000000117,0.794330235159795,24.939927826679853
1179.0,231.0,300.0,344.0,210.0,298.0,361.0,230.895945,300.52009899999996,344.26295,0.10405499999998824,-0.5200989999999592,-0.26294999999998936,0.5920076987049658,27.09243436828813
1180.0,359.0,335.0,344.0,345.0,388.0,362.0,359.21021,335.378504,343.287921,-0.21021000000001777,-0.3785040000000208,0.712079000000017,0.8333726803519824,57.697486947006624
1181.0,426.0,367.0,345.0,410.0,450.0,366.0,425.88029400000005,366.701376,345.481286,0.11970599999995102,0.298624000000018,-0.4812860000000114,0.578914530486159,87.0976463516667
1182.0,444.0,330.0,346.0,445.0,415.0,367.0,443.976184,330.419531,346.522057,0.023816000000010717,-0.4195310000000063,-0.522057000000018,0.6701619006374688,87.56140702387097
1183.0,477.0,337.0,346.0,481.0,435.0,367.0,477.15012400000006,336.604371,346.090669,-0.1501240000000621,0.39562899999998535,-0.09066899999999123,0.4327590421678159,100.30453628824571
1184.0,353.0,95.0,347.0,432.0,108.0,363.0,353.961685,95.211529,346.929796,-0.9616849999999886,-0.21152899999999875,0.07020399999998972,0.9871733174483476,81.64557550780079
1185.0,102.0,124.0,347.0,129.0,44.0,359.0,101.857127,124.186045,346.055409,0.14287299999999448,-0.1860449999999929,0.9445910000000026,0.973281867413033,85.28188553262645
1186.0,205.0,235.0,347.0,206.0,211.0,362.0,205.16106100000002,233.96822199999997,346.128142,-0.16106100000001788,1.0317780000000312,0.8718579999999747,1.360383350077847,28.319604517012593
1187.0,271.0,346.0,347.0,239.0,367.0,365.0,271.417138,346.637833,346.569859,-0.41713800000002266,-0.6378330000000005,0.4301409999999919,0.8751321767676085,42.2965719651132
1188.0,472.0,361.0,347.0,465.0,461.0,369.0,471.502156,360.98485700000003,347.510197,0.4978439999999864,0.015142999999966378,-0.5101970000000051,0.7130069688256845,102.63040485158382
1189.0,334.0,352.0,348.0,308.0,397.0,367.0,332.850668,352.03662299999996,347.479644,1.1493320000000153,-0.03662299999996321,0.5203559999999925,1.262171009447224,55.33534132902769
1190.0,249.0,255.0,349.0,248.0,252.0,367.0,248.506553,254.96065299999998,349.513164,0.4934470000000033,0.03934700000002067,-0.5131640000000175,0.7130045014682747,18.275666882497067
1191.0,425.0,337.0,349.0,420.0,415.0,369.0,424.570804,336.93626099999994,348.296644,0.42919599999999036,0.06373900000005506,0.7033559999999852,0.8264269654803006,80.67837380611982
1192.0,213.0,350.0,349.0,170.0,349.0,367.0,213.14259199999998,350.60281499999996,348.795834,-0.14259199999997918,-0.6028149999999641,0.20416599999998652,0.6522286088826105,46.62617290749907
1193.0,420.0,355.0,349.0,407.0,434.0,370.0,419.42319200000003,355.08806,348.962991,0.5768079999999713,-0.08805999999998448,0.03700900000001184,0.5846637482732833,82.77076778670111
1194.0,385.0,90.0,350.0,471.0,113.0,367.0,385.60041000000007,89.000799,349.935683,-0.6004100000000676,0.9992009999999993,0.06431700000001683,1.1674893930953214,90.6311204829776
1195.0,270.0,91.0,350.0,337.0,71.0,366.0,270.552071,91.179762,350.340213,-0.5520710000000122,-0.17976199999999665,-0.34021300000000565,0.6729351016658413,71.72865536171719
1196.0,352.0,362.0,350.0,326.0,415.0,371.0,351.555874,361.38471100000004,350.446798,0.4441259999999829,0.6152889999999616,-0.44679800000000114,0.8806003124011134,62.65780079128216
1197.0,335.0,32.0,351.0,435.0,28.0,367.0,335.514315,32.309269,351.132251,-0.5143150000000105,-0.30926900000000046,-0.13225099999999657,0.6145384939830948,101.35087567455942
1198.0,242.0,187.0,351.0,267.0,171.0,368.0,242.20264099999997,187.09369199999998,351.182535,-0.20264099999997143,-0.0936919999999759,-0.18253499999997302,0.28837578256499635,34.20526275297414
1199.0,264.0,351.0,351.0,228.0,369.0,370.0,263.436987,351.09988999999996,350.702468,0.5630130000000122,-0.0998899999999594,0.2975319999999897,0.6445827652776636,44.50842616853577
1200.0,336.0,108.0,352.0,407.0,116.0,369.0,336.67454100000003,107.983927,351.887231,-0.6745410000000334,0.016073000000005777,0.11276900000001433,0.6840911849827102,73.44385610791416
1201.0,356.0,140.0,352.0,418.0,160.0,370.0,356.67840400000006,139.324256,352.128646,-0.6784040000000573,0.6757440000000088,-0.12864600000000337,0.966132358462385,67.58698099486321
1202.0,409.0,260.0,352.0,432.0,320.0,372.0,409.20399399999997,260.02982599999996,351.807436,-0.20399399999996604,-0.029825999999957276,0.1925640000000044,0.28210642744890674,67.29784543356496
1203.0,331.0,355.0,352.0,306.0,398.0,371.0,331.593695,353.37286900000004,350.755782,-0.5936950000000252,1.627130999999963,1.2442179999999894,2.1326292400954,53.24471804789655
1204.0,204.0,237.0,353.0,203.0,213.0,370.0,203.42406499999998,236.380834,352.674975,0.5759350000000154,0.619166000000007,0.32502499999998236,0.9059298595399177,29.427877939124322
1205.0,363.0,368.0,353.0,338.0,427.0,373.0,364.019888,367.610193,351.87873,-1.0198879999999804,0.3898070000000189,1.1212699999999813,1.5650455081859225,67.12674578735364
1206.0,265.0,77.0,354.0,336.0,53.0,371.0,265.13768000000005,77.50249899999999,354.653832,-0.13768000000004577,-0.502498999999986,-0.6538320000000226,0.8360366688280055,76.8505042273634
1207.0,451.0,322.0,354.0,457.0,409.0,374.0,451.802757,322.70787,352.262165,-0.8027569999999855,-0.707870000000014,1.7378350000000182,2.0409726174483724,89.47066558375433
1208.0,378.0,374.0,354.0,351.0,439.0,376.0,377.27003699999995,373.58565999999996,354.124475,0.7299630000000548,0.41434000000003834,-0.1244750000000181,0.848538533358454,73.74279625834649
1209.0,277.0,87.0,355.0,346.0,69.0,371.0,277.070172,87.33611499999998,354.41105,-0.07017200000001367,-0.3361149999999782,0.5889500000000112,0.6817327227799767,73.08214556237385
1210.0,205.0,233.0,355.0,207.0,210.0,374.0,205.788044,233.04969599999998,355.965543,-0.7880440000000135,-0.04969599999998309,-0.9655430000000251,1.2472996124432447,29.899832775452108
1211.0,359.0,364.0,356.0,334.0,421.0,378.0,359.396891,364.036882,356.067414,-0.39689099999998234,-0.03688199999999142,-0.06741399999998521,0.4042615430646147,66.01514977639603
1212.0,328.0,37.0,357.0,425.0,30.0,375.0,328.338669,36.54104099999999,357.717185,-0.3386689999999817,0.4589590000000072,-0.7171849999999722,0.9163483941530941,98.90399385262458
1213.0,82.0,218.0,357.0,67.0,147.0,376.0,80.641633,220.49998799999997,359.107711,1.3583670000000012,-2.4999879999999735,-2.107710999999995,3.5408398108858083,75.0133321483588
1214.0,376.0,324.0,357.0,369.0,380.0,379.0,375.93165899999997,323.092881,357.178817,0.06834100000003218,0.9071190000000229,-0.1788169999999809,0.9270981026466611,60.572270883631234
1215.0,339.0,346.0,357.0,317.0,392.0,379.0,338.65250299999997,345.930953,357.320589,0.3474970000000326,0.06904700000001185,-0.320588999999984,0.4778064044558361,55.53377350765928
1216.0,444.0,349.0,357.0,437.0,436.0,380.0,443.343916,348.944362,356.968717,0.6560840000000212,0.05563799999998764,0.031282999999973526,0.6591816352030939,90.26073343375845
1217.0,357.0,351.0,357.0,336.0,405.0,379.0,356.796984,351.094571,357.064136,0.20301599999999098,-0.09457099999997354,-0.06413600000001907,0.23296479732567704,61.97580172938467
1218.0,393.0,403.0,357.0,357.0,480.0,380.0,392.636144,403.923906,356.886189,0.3638559999999984,-0.9239059999999881,0.11381099999999833,0.9994730758219436,88.05679985100527
1219.0,333.0,42.0,358.0,429.0,37.0,375.0,333.26777799999996,40.940703,357.613009,-0.2677779999999643,1.0592970000000008,0.3869910000000232,1.1591277865593597,97.62171889492625
1220.0,322.0,138.0,358.0,378.0,144.0,378.0,321.51089199999996,137.36596,359.088766,0.4891080000000443,0.6340399999999988,-1.088766000000021,1.3515342245093491,59.76621118993574
1221.0,453.0,365.0,358.0,442.0,458.0,382.0,452.97114999999997,364.759264,358.32103,0.028850000000034015,0.2407360000000267,-0.3210300000000075,0.40230138589870607,96.67471230885562
1222.0,368.0,324.0,359.0,359.0,378.0,381.0,367.660155,324.157359,358.895303,0.33984500000002527,-0.15735899999998537,0.10469699999998738,0.388867510490411,59.0
1223.0,465.0,336.0,359.0,466.0,429.0,383.0,464.081712,335.998255,359.351042,0.9182880000000182,0.0017450000000280852,-0.35104200000000674,0.9831003924996868,96.05206921248495
1224.0,260.0,387.0,359.0,211.0,408.0,382.0,260.48635,385.940244,360.166963,-0.4863500000000158,1.059755999999993,-1.1669630000000097,1.649673223824956,58.06031346797914
1225.0,143.0,154.0,360.0,168.0,90.0,377.0,144.292109,149.971491,360.048228,-1.2921090000000106,4.028509000000014,-0.04822799999999461,4.23092854713314,70.78135347674555
1226.0,348.0,385.0,360.0,312.0,440.0,382.0,347.28428399999996,384.557196,359.240516,0.7157160000000431,0.44280400000002373,0.7594839999999863,1.1336404726932,69.31810730249349
1227.0,293.0,435.0,360.0,230.0,477.0,383.0,293.210488,434.62718300000006,360.070534,-0.210487999999998,0.3728169999999409,-0.0705340000000092,0.433904089389529,79.13279977354523
1228.0,376.0,213.0,361.0,414.0,252.0,382.0,377.618028,211.968548,360.898466,-1.6180279999999811,1.0314520000000016,0.10153400000001511,1.9215142440908277,58.360945845659494
1229.0,410.0,391.0,361.0,382.0,470.0,384.0,409.494764,389.696106,360.144858,0.5052360000000249,1.3038940000000139,0.8551420000000007,1.6391067137609017,86.91375035056306
1230.0,258.0,326.0,362.0,232.0,338.0,383.0,258.598395,326.100809,361.695956,-0.5983949999999822,-0.10080900000002657,0.3040439999999762,0.6787354303717831,35.510561809129406
1231.0,287.0,390.0,362.0,241.0,423.0,385.0,287.72521,389.82882900000004,362.284861,-0.7252100000000041,0.17117099999995844,-0.28486099999997805,0.7977310603593039,61.106464469808756
1232.0,411.0,392.0,362.0,383.0,472.0,387.0,410.819643,391.01987299999996,362.573639,0.18035700000001498,0.9801270000000386,-0.5736390000000142,1.1498866404559613,88.3685464404615
1233.0,306.0,76.0,363.0,384.0,66.0,381.0,305.905561,75.22824699999998,362.432092,0.09443900000002259,0.7717530000000181,0.5679079999999885,0.9628296392373986,80.67217612039482
1234.0,205.0,211.0,363.0,214.0,184.0,382.0,204.53531199999998,211.10678,362.787562,0.46468800000002375,-0.10677999999998633,0.2124380000000201,0.5219835338284415,34.219877264537345
1235.0,421.0,238.0,363.0,454.0,299.0,386.0,420.96155699999997,238.13303000000002,363.404486,0.038443000000029315,-0.1330300000000193,-0.4044860000000199,0.4275321851568879,73.06846104852626
1236.0,269.0,303.0,363.0,253.0,315.0,384.0,268.939229,302.78159600000004,362.671665,0.06077099999998836,0.21840399999996407,0.3283349999999814,0.3989953557147886,29.0
1237.0,302.0,320.0,363.0,284.0,347.0,385.0,301.359848,319.600013,362.945484,0.6401520000000005,0.3999870000000101,0.05451599999997825,0.7568065654637295,39.20459156782532
1238.0,277.0,374.0,363.0,236.0,402.0,385.0,278.376533,374.810683,362.559288,-1.376532999999995,-0.8106829999999832,0.4407120000000191,1.657189516477212,54.30469592954186
1239.0,410.0,219.0,364.0,449.0,273.0,386.0,410.311945,219.22975399999999,363.737773,-0.31194499999998015,-0.22975399999998558,0.26222699999999577,0.4678243079084057,70.14983962918234
1240.0,285.0,315.0,364.0,267.0,335.0,386.0,285.038639,314.703526,363.998535,-0.03863899999998921,0.29647399999998925,0.0014649999999960528,0.2989848678812906,34.75629439396553
1241.0,314.0,341.0,364.0,290.0,377.0,386.0,313.836343,341.36137799999995,363.378922,0.1636570000000006,-0.36137799999994513,0.6210780000000113,0.7369637403678518,48.53864439804639
1242.0,449.0,349.0,364.0,443.0,438.0,388.0,448.59947,349.018054,363.466563,0.4005300000000034,-0.018054000000006454,0.5334369999999922,0.6673119666130637,92.37423883312923
1243.0,415.0,403.0,364.0,383.0,486.0,388.0,414.47144599999996,401.908102,363.228087,0.5285540000000424,1.0918980000000147,0.7719129999999836,1.4378665629637026,92.13576938409967
1244.0,290.0,443.0,364.0,223.0,485.0,388.0,289.899259,442.71187599999996,364.110739,0.10074100000002773,0.2881240000000389,-0.11073900000002368,0.3246957261468547,82.63776376451628
1245.0,276.0,380.0,365.0,231.0,407.0,388.0,275.820273,380.024808,364.985411,0.17972700000001396,-0.02480800000000727,0.014589000000000851,0.1820166759228544,57.29746940310715
1246.0,269.0,392.0,365.0,219.0,418.0,388.0,269.35893,391.690654,364.921235,-0.35892999999998665,0.309346000000005,0.07876499999997577,0.4803432292028167,60.868711174132805
1247.0,356.0,413.0,365.0,311.0,476.0,390.0,355.947546,412.868932,365.376215,0.05245400000001155,0.1310680000000275,-0.37621500000000196,0.4018307715506739,81.35723692456621
1248.0,316.0,107.0,366.0,383.0,106.0,385.0,315.57283099999995,106.60862699999998,365.243679,0.427169000000049,0.39137300000001574,0.756321000000014,0.9527159255156152,69.6491205974634
1249.0,283.0,384.0,366.0,238.0,414.0,387.0,283.071047,383.63496499999997,364.04565,-0.0710470000000214,0.3650350000000344,1.9543499999999767,1.9894175403705319,58.01723881744115
1250.0,385.0,99.0,367.0,466.0,124.0,388.0,384.770602,99.05465,367.037782,0.22939800000000332,-0.0546499999999952,-0.03778199999999288,0.23882534293495836,87.33269719870101
1251.0,381.0,105.0,367.0,460.0,130.0,387.0,381.660839,105.266221,366.180552,-0.66083900000001,-0.2662210000000016,0.8194480000000226,1.0858530422971844,85.24083528450434
1252.0,239.0,227.0,367.0,248.0,216.0,388.0,239.332706,227.194882,367.141332,-0.3327060000000017,-0.19488200000000688,-0.14133199999997714,0.4106665442716236,25.357444666211933
1253.0,276.0,374.0,367.0,234.0,400.0,389.0,276.338999,373.81585099999995,365.870742,-0.33899900000000116,0.18414900000004764,1.129257999999993,1.1933376750802778,54.0740233383831
1254.0,192.0,399.0,367.0,127.0,397.0,389.0,192.424788,399.291933,366.488459,-0.4247880000000066,-0.2919329999999718,0.5115410000000224,0.7261844917884244,68.65129277733959
1255.0,368.0,407.0,367.0,328.0,473.0,392.0,368.393505,406.139624,366.957512,-0.39350500000000466,0.8603759999999738,0.042487999999991644,0.9470471353343285,81.12336284942828
1256.0,407.0,407.0,367.0,372.0,489.0,392.0,406.742297,407.13731999999993,366.529668,0.25770299999999224,-0.1373199999999315,0.4703319999999849,0.553606185688855,92.59589623736032
1257.0,358.0,21.0,368.0,465.0,23.0,387.0,357.70558,20.825039000000004,367.412941,0.29442000000000235,0.17496099999999615,0.5870590000000107,0.6796563524326191,108.6922260329597
1258.0,332.0,32.0,368.0,432.0,27.0,387.0,333.106978,32.50918300000001,367.545472,-1.1069780000000264,-0.5091830000000073,0.45452799999998206,1.3004858025972639,101.91172650877817
1259.0,249.0,326.0,368.0,220.0,335.0,391.0,248.56791400000003,326.967211,368.350636,0.43208599999996977,-0.9672110000000202,-0.3506360000000086,1.1158588774630145,38.09199390948182
1260.0,284.0,386.0,368.0,238.0,417.0,392.0,283.897533,386.01536799999997,368.106614,0.1024669999999901,-0.015367999999966742,-0.10661399999997911,0.14866810858079985,60.440052945046304
1261.0,408.0,407.0,368.0,374.0,489.0,394.0,408.314567,406.63729,368.157294,-0.3145670000000109,0.36270999999999276,-0.15729399999997895,0.5052250429511537,92.49864863877742
1262.0,376.0,411.0,368.0,335.0,480.0,394.0,375.67183400000005,409.77937600000007,368.475519,0.32816599999995333,1.2206239999999298,-0.4755190000000198,1.3504570308946586,84.3682404699778
1263.0,348.0,144.0,369.0,407.0,161.0,391.0,348.585026,143.167127,369.381123,-0.5850260000000276,0.8328730000000064,-0.3811230000000023,1.0868245469872517,65.22269543648132
1264.0,306.0,319.0,369.0,290.0,347.0,392.0,306.085843,318.109788,368.647618,-0.08584300000001122,0.8902120000000195,0.3523819999999773,0.9612593300025861,39.61060464067672
1265.0,483.0,384.0,369.0,468.0,488.0,393.0,481.078495,381.4216789999999,366.838168,1.9215050000000247,2.5783210000000736,2.161832000000004,3.8747178271830958,107.78218776773832
1266.0,345.0,148.0,370.0,401.0,165.0,391.0,344.96407400000004,147.834511,369.366693,0.03592599999996082,0.165489000000008,0.6333070000000021,0.6555570477433694,62.177166226839255
1267.0,292.0,359.0,370.0,259.0,389.0,394.0,292.946617,358.82088999999996,369.960439,-0.9466170000000034,0.17911000000003696,0.039560999999991964,0.9642246675490205,50.6458290484024
1268.0,420.0,380.0,370.0,398.0,463.0,396.0,420.21487500000006,380.217224,369.971246,-0.2148750000000632,-0.21722399999998743,0.028753999999992175,0.3068946469344509,89.71621926942753
1269.0,332.0,27.0,371.0,433.0,20.0,392.0,332.108544,26.85944599999999,371.718713,-0.10854399999999487,0.14055400000000873,-0.7187129999999797,0.7403280375758926,103.39729203417274
1270.0,410.0,217.0,372.0,449.0,271.0,396.0,409.883421,217.774352,371.953877,0.11657900000000154,-0.7743519999999933,0.046123000000022785,0.784435474895158,70.80254232723568
1271.0,382.0,322.0,372.0,377.0,381.0,397.0,382.572776,321.968437,371.870109,-0.5727759999999762,0.03156300000000556,0.12989099999998643,0.5881668479487514,64.27285585688566
1272.0,291.0,354.0,372.0,259.0,383.0,396.0,291.403865,354.17846399999996,371.669583,-0.40386499999999614,-0.17846399999996265,0.3304170000000113,0.5514813971567772,49.4064773081425
1273.0,419.0,392.0,372.0,391.0,476.0,398.0,418.177026,392.15745200000003,371.494823,0.8229739999999879,-0.1574520000000348,0.5051770000000033,0.9784074500477776,92.28217596047462
1274.0,112.0,165.0,373.0,122.0,97.0,394.0,110.529863,167.53285799999998,374.143554,1.470136999999994,-2.532857999999976,-1.1435539999999946,3.143944687466503,71.8679344353238
1275.0,345.0,334.0,373.0,329.0,382.0,396.0,345.53017800000003,335.209838,371.300345,-0.5301780000000349,-1.2098379999999906,1.699655000000007,2.152585379712739,55.57877292636101
1276.0,410.0,387.0,373.0,384.0,466.0,400.0,410.15487599999994,386.226082,373.289156,-0.15487599999994472,0.7739179999999806,-0.2891559999999913,0.8405634053633003,87.4414089547967
1277.0,318.0,402.0,373.0,271.0,448.0,399.0,317.666975,401.596189,373.296855,0.33302500000002055,0.4038110000000188,-0.29685499999999365,0.6017406961233593,70.71774883294857
1278.0,338.0,62.0,374.0,426.0,63.0,396.0,337.894675,62.130184,374.527642,0.10532499999999345,-0.13018399999999986,-0.5276420000000144,0.5535768326483811,90.71383576941281
1279.0,377.0,117.0,374.0,451.0,141.0,396.0,377.61301100000003,116.241212,373.473351,-0.6130110000000286,0.7587879999999956,0.5266490000000204,1.1085580202524585,80.84553172563095
1280.0,395.0,325.0,374.0,390.0,389.0,400.0,394.782177,324.83579999999995,374.162942,0.21782300000000987,0.16420000000005075,-0.16294199999998682,0.3177398223279806,69.26037828369117
1281.0,311.0,326.0,374.0,292.0,358.0,399.0,310.56609499999996,326.206369,374.242032,0.4339050000000384,-0.20636899999999514,-0.2420319999999947,0.5379973998171634,44.83302354291979
1282.0,246.0,376.0,374.0,196.0,391.0,398.0,244.555881,376.786842,373.556828,1.4441190000000006,-0.7868419999999787,0.4431720000000041,1.7032326443292978,57.4543296888929
1283.0,235.0,381.0,374.0,184.0,392.0,399.0,235.50185299999998,380.69229299999995,374.429628,-0.5018529999999828,0.30770700000005036,-0.4296279999999797,0.7287799735461974,57.85326265648291
1284.0,289.0,167.0,375.0,329.0,165.0,398.0,289.087969,166.614926,375.493381,-0.08796899999998686,0.385074000000003,-0.4933809999999994,0.6320168839501041,46.184412955021955
1285.0,189.0,153.0,376.0,218.0,111.0,396.0,188.77805099999998,153.482472,375.09472999999997,0.2219490000000235,-0.48247200000000134,0.90527000000003,1.0495495997260282,54.817880294662984
1286.0,179.0,179.0,376.0,196.0,136.0,397.0,178.199011,178.635347,375.739432,0.8009889999999871,0.3646530000000041,0.26056799999997793,0.9178512249564037,50.78385570237849
1287.0,267.0,236.0,376.0,277.0,238.0,402.0,267.71696,236.89104399999997,378.194085,-0.7169599999999718,-0.8910439999999653,-2.1940849999999728,2.4742675762254938,27.92848008753788
1288.0,373.0,327.0,376.0,364.0,383.0,402.0,373.03872499999994,326.950254,376.013604,-0.03872499999994261,0.04974600000002738,-0.013603999999986627,0.06449309232001452,62.39390995922599
1289.0,400.0,367.0,376.0,380.0,441.0,402.0,400.56077099999993,367.859682,375.24374,-0.5607709999999315,-0.8596820000000207,0.7562599999999975,1.274929975788849,80.94442537939224
1290.0,285.0,127.0,377.0,340.0,118.0,398.0,285.40563,127.23602399999999,375.986792,-0.40562999999997373,-0.23602399999998624,1.01320800000002,1.1166169785293492,59.55669567731239
1291.0,413.0,350.0,378.0,402.0,425.0,404.0,413.509049,349.72963599999997,376.950858,-0.5090490000000045,0.27036400000002914,1.0491420000000176,1.1970490854852434,80.1373820385967
1292.0,306.0,405.0,378.0,257.0,447.0,405.0,306.58459799999997,404.51667299999997,378.300365,-0.5845979999999713,0.48332700000003115,-0.3003649999999993,0.8158302174827776,69.95712972957081
1293.0,289.0,416.0,378.0,233.0,454.0,405.0,289.759107,416.19297499999993,378.348593,-0.7591069999999718,-0.19297499999993306,-0.34859299999999394,0.8573213328285533,72.86288492778748
1294.0,329.0,417.0,378.0,279.0,470.0,404.0,329.65261399999997,416.66104599999994,377.090607,-0.6526139999999714,0.33895400000005793,0.9093930000000228,1.1695257481394086,77.36278174936577
1295.0,407.0,349.0,379.0,394.0,421.0,407.0,406.280256,348.730167,379.499258,0.7197439999999915,0.26983300000000554,-0.49925799999999754,0.9165695958240095,78.33900688673555
1296.0,357.0,366.0,379.0,329.0,422.0,406.0,356.029508,366.389528,379.022025,0.9704919999999788,-0.38952799999998433,-0.022024999999985084,1.0459789125374115,68.18357573492314
1297.0,279.0,439.0,379.0,212.0,475.0,409.0,278.943824,438.00746100000003,381.492708,0.056175999999993564,0.9925389999999652,-2.4927079999999933,2.6836323486574862,81.7618492941543
1298.0,292.0,123.0,380.0,348.0,117.0,402.0,291.397783,124.419418,379.232044,0.602216999999996,-1.4194179999999932,0.7679560000000265,1.7225472973909939,60.4648658313239
1299.0,296.0,258.0,380.0,301.0,274.0,405.0,295.758047,258.656455,380.097429,0.24195300000002362,-0.656454999999994,-0.0974289999999769,0.7063758427883835,30.099833886584822
1300.0,441.0,266.0,380.0,466.0,338.0,407.0,440.62513499999994,265.525649,380.084438,0.3748650000000566,0.47435100000001285,-0.08443799999997736,0.6104608220599016,80.85790004693419
1301.0,312.0,400.0,380.0,265.0,445.0,406.0,312.28900899999996,400.89344600000004,379.099621,-0.28900899999996454,-0.8934460000000399,0.9003789999999867,1.3009436193156207,70.07139216541941
1302.0,299.0,437.0,380.0,235.0,481.0,408.0,298.365611,436.682512,380.477631,0.6343889999999988,0.31748800000002575,-0.47763099999997394,0.8552072296385186,82.55906976220118
1303.0,291.0,123.0,381.0,349.0,115.0,404.0,291.672729,122.625216,380.888657,-0.6727290000000039,0.37478400000000534,0.11134299999997666,0.778090366053972,62.90468980926621
1304.0,370.0,129.0,381.0,436.0,152.0,407.0,368.921853,128.795213,382.43732,1.0781470000000013,0.20478700000001027,-1.4373199999999997,1.8083770213586563,74.57211275000863
1305.0,303.0,316.0,381.0,287.0,343.0,407.0,302.85202,315.929299,380.999875,0.1479800000000182,0.07070099999998547,0.00012500000002546585,0.1640022177472102,40.755367744629666
1306.0,190.0,185.0,382.0,207.0,147.0,405.0,189.680998,184.402873,382.104115,0.3190020000000118,0.5971270000000004,-0.10411499999997886,0.684954643285235,47.56048780237646
1307.0,444.0,253.0,382.0,475.0,323.0,409.0,443.73325,251.551069,381.850543,0.2667500000000018,1.4489309999999875,0.14945699999998396,1.4808423279032645,81.17881497040962
1308.0,334.0,402.0,383.0,289.0,454.0,411.0,333.323417,401.698885,382.959321,0.6765829999999937,0.3011149999999816,0.040679000000011456,0.7416802411787584,74.24957912338628
1309.0,426.0,402.0,383.0,396.0,489.0,413.0,425.58198200000004,401.10736499999996,383.603412,0.4180179999999609,0.8926350000000411,-0.6034119999999916,1.1556999322025725,96.79359482941007
1310.0,175.0,83.0,384.0,230.0,25.0,406.0,175.81721899999997,83.63832599999999,384.234366,-0.817218999999966,-0.6383259999999922,-0.23436600000002272,1.0631248271924352,82.90355842785037
1311.0,283.0,170.0,384.0,320.0,166.0,408.0,282.447456,169.829522,383.723156,0.5525440000000117,0.1704780000000028,0.27684399999998277,0.6411007882977562,44.28317965096906
1312.0,417.0,219.0,384.0,457.0,275.0,411.0,417.277544,218.951391,384.152085,-0.2775439999999776,0.048608999999999014,-0.15208499999999958,0.32019268268026885,73.92563831310488
1313.0,404.0,359.0,384.0,386.0,432.0,413.0,402.981823,359.41568299999994,384.328846,1.0181769999999801,-0.4156829999999445,-0.32884599999999864,1.147874754288948,80.58535847162312
1314.0,294.0,259.0,385.0,299.0,274.0,412.0,294.268442,259.24527,385.843107,-0.2684419999999932,-0.24527000000000498,-0.843106999999975,0.9181763957502701,31.28897569432403
1315.0,428.0,344.0,385.0,421.0,424.0,414.0,428.10276200000004,344.11354,385.051773,-0.1027620000000411,-0.11354000000000042,-0.051773000000025604,0.1616533444535287,85.38149682454625
1316.0,407.0,358.0,385.0,391.0,431.0,414.0,406.61557100000005,357.34912199999997,385.132659,0.3844289999999546,0.6508780000000343,-0.13265899999998965,0.7674804474421527,80.16233529532433
1317.0,375.0,387.0,385.0,342.0,452.0,414.0,374.00894800000003,386.40078800000003,385.152154,0.9910519999999678,0.5992119999999659,-0.1521539999999959,1.1680710283899238,78.45380806563821
1318.0,225.0,393.0,385.0,167.0,402.0,412.0,225.014978,393.00875800000006,385.05476699999997,-0.01497800000001348,-0.008758000000057109,-0.05476699999996981,0.057449693967836744,64.60650122085238
1319.0,260.0,393.0,385.0,208.0,416.0,412.0,260.512546,393.232042,384.666796,-0.5125459999999862,-0.23204199999997854,0.33320400000002337,0.6538897441434538,62.94441992742486
1320.0,191.0,407.0,385.0,123.0,405.0,411.0,191.600554,406.76469099999997,384.439687,-0.6005539999999883,0.2353090000000293,0.5603130000000078,0.85439223449538,72.8285658241325
1321.0,295.0,409.0,385.0,242.0,447.0,414.0,295.013013,408.503658,385.755314,-0.01301300000000083,0.49634200000002693,-0.7553139999999985,0.9038937756888386,71.37226352022192
1322.0,337.0,98.0,386.0,410.0,103.0,411.0,336.00873,97.517279,386.43269,0.9912699999999859,0.48272099999999796,-0.4326899999999796,1.184422396293211,77.32399368889322
1323.0,419.0,178.0,387.0,476.0,228.0,413.0,419.829175,177.51317899999998,386.240464,-0.8291750000000206,0.4868210000000204,0.7595360000000255,1.2253247740750584,80.15609770940699
1324.0,415.0,221.0,387.0,454.0,277.0,414.0,415.494623,221.314678,386.602638,-0.49462299999999004,-0.31467799999998647,0.3973619999999869,0.7082165734130847,73.38937252763509
1325.0,384.0,365.0,387.0,363.0,432.0,417.0,385.148713,365.432383,387.731059,-1.1487129999999866,-0.4323830000000157,-0.7310590000000161,1.4286160703768547,76.3544366752843
1326.0,361.0,382.0,387.0,329.0,442.0,416.0,361.325098,382.02869799999996,386.979145,-0.3250980000000254,-0.02869799999996303,0.020854999999983193,0.3270278517695606,73.92563831310488
1327.0,368.0,410.0,387.0,326.0,478.0,416.0,368.36098000000004,410.78127399999994,386.571682,-0.3609800000000405,-0.7812739999999394,0.4283179999999902,0.9613282127348215,85.0235261559999
1328.0,329.0,88.0,388.0,406.0,89.0,413.0,329.276682,87.69816499999999,388.257782,-0.2766819999999939,0.3018350000000112,-0.25778200000002016,0.48384796772644784,80.96295449154508
1329.0,270.0,126.0,388.0,323.0,111.0,413.0,270.51394600000003,126.362777,388.450567,-0.5139460000000327,-0.36277699999999413,-0.4505669999999782,0.7737947170496899,60.489668539346454
1330.0,115.0,143.0,388.0,137.0,70.0,410.0,115.306024,142.812796,387.487849,-0.30602399999999363,0.18720400000000836,0.5121510000000171,0.6252956684585436,79.3536388579629
1331.0,138.0,116.0,389.0,173.0,48.0,412.0,137.57048,116.382274,389.189397,0.42951999999999657,-0.38227399999999534,-0.18939699999998538,0.6053858811411016,79.86238163240563
1332.0,364.0,159.0,389.0,419.0,185.0,415.0,364.373354,158.93395099999998,388.695423,-0.3733540000000062,0.0660490000000209,0.30457699999999477,0.48633612722684316,66.15889962809237
1333.0,426.0,209.0,389.0,471.0,267.0,417.0,426.128458,209.15605299999999,389.085595,-0.12845800000002328,-0.1560529999999858,-0.08559500000001208,0.21950057083753474,78.56844150166147
1334.0,303.0,159.0,390.0,348.0,161.0,416.0,302.974601,158.746672,390.18366,0.025398999999993066,0.25332800000001043,-0.18365999999997484,0.31392862307377406,52.009614495783374
1335.0,292.0,263.0,390.0,296.0,276.0,415.0,292.485521,261.608557,388.29366,-0.48552100000000564,1.3914429999999811,1.7063400000000115,2.2546486332220352,28.460498941515414
1336.0,307.0,426.0,390.0,249.0,472.0,420.0,307.01144800000003,426.16933800000004,390.338449,-0.011448000000029879,-0.16933800000003885,-0.33844900000002553,0.3786213683206894,79.87490219086344
1337.0,302.0,169.0,391.0,343.0,173.0,417.0,302.22128000000004,169.380249,390.888867,-0.22128000000003567,-0.38024899999999207,0.11113299999999526,0.45376721354677957,48.7134478352744
1338.0,398.0,376.0,391.0,373.0,450.0,420.0,397.629134,376.849646,389.922501,0.37086599999997816,-0.849646000000007,1.0774989999999889,1.4214232340414914,83.3186653757728
1339.0,250.0,337.0,392.0,219.0,346.0,420.0,250.91938600000003,336.06046200000003,391.985011,-0.9193860000000313,0.9395379999999705,0.01498900000001413,1.3146204549454579,42.731721238442994
1340.0,273.0,205.0,393.0,296.0,202.0,420.0,273.27760800000004,204.15795799999998,393.261068,-0.2776080000000434,0.8420420000000206,-0.26106800000002295,0.9242604784648486,35.59494346111537
1341.0,258.0,407.0,393.0,200.0,432.0,422.0,258.55178800000004,407.84214799999995,392.714548,-0.5517880000000446,-0.8421479999999519,0.2854520000000207,1.0465018371469685,69.49820141557622
1342.0,394.0,106.0,394.0,473.0,135.0,421.0,393.37441400000006,106.10832099999999,393.905637,0.6255859999999416,-0.10832099999998945,0.0943629999999871,0.6418688792938337,88.37986195961159
1343.0,409.0,341.0,394.0,400.0,412.0,425.0,408.765603,340.355223,394.319156,0.2343970000000013,0.6447769999999764,-0.31915600000002087,0.756663654257282,77.99358948016176
1344.0,459.0,378.0,394.0,444.0,475.0,426.0,459.35236899999995,377.883006,394.157284,-0.3523689999999533,0.11699399999997695,-0.1572840000000042,0.40322421164032674,103.23759005323593
1345.0,396.0,388.0,394.0,368.0,463.0,424.0,397.163555,388.289844,393.073704,-1.163554999999974,-0.2898440000000164,0.9262959999999794,1.515220796444172,85.492689745966
1346.0,312.0,408.0,394.0,262.0,452.0,425.0,311.953983,407.299703,394.59941,0.04601700000000619,0.7002969999999777,-0.5994099999999776,0.9229440939720793,73.46427703312679
1347.0,349.0,146.0,395.0,406.0,163.0,422.0,348.61318500000004,145.28687399999998,394.759958,0.38681499999995594,0.7131260000000168,0.24004200000001674,0.8460465104620419,65.32227797620043
1348.0,375.0,149.0,395.0,435.0,177.0,423.0,374.79653799999994,148.63858299999998,395.256559,0.20346200000005865,0.3614170000000172,-0.25655899999998155,0.4876900181611541,71.88880302244571
1349.0,290.0,247.0,395.0,299.0,258.0,423.0,290.206485,246.92136899999997,395.043275,-0.20648499999998648,0.07863100000002987,-0.04327499999999418,0.22514798469228767,31.400636936215164
1350.0,274.0,269.0,395.0,270.0,277.0,424.0,272.62767299999996,269.231248,395.79671,1.3723270000000412,-0.23124799999999368,-0.7967100000000187,1.603590925558367,30.347981810987037
1351.0,249.0,335.0,396.0,218.0,344.0,424.0,249.65880199999998,334.80575,395.291022,-0.6588019999999801,0.19425000000001091,0.7089780000000019,0.9871185046325394,42.731721238442994
1352.0,302.0,312.0,398.0,287.0,338.0,428.0,301.74397,312.251334,398.263111,0.25603000000000975,-0.25133399999998574,-0.2631109999999808,0.44491295640494416,42.43819034784589
1353.0,310.0,420.0,398.0,255.0,466.0,430.0,310.203876,420.0465519999999,398.568983,-0.20387599999997974,-0.046551999999906,-0.5689830000000029,0.6061964750549003,78.5175139698144
1354.0,340.0,99.0,399.0,414.0,106.0,426.0,340.03486599999997,98.95681199999999,398.664442,-0.034865999999965425,0.04318800000001488,0.3355579999999918,0.3401176453287794,79.08223567907018
1355.0,393.0,187.0,399.0,441.0,229.0,429.0,393.043072,187.54384499999998,399.527293,-0.043071999999995114,-0.5438449999999762,-0.527292999999986,0.7587229329985742,70.48404074682438
1356.0,294.0,242.0,399.0,305.0,254.0,429.0,293.882547,242.313175,399.973241,0.1174530000000118,-0.3131750000000011,-0.9732409999999732,1.0291121571116295,34.132096331752024
1357.0,415.0,242.0,399.0,445.0,300.0,429.0,414.624149,241.67317099999997,398.669709,0.3758510000000115,0.326829000000032,0.33029099999998834,0.5976397862617765,71.86097689288673
1358.0,302.0,319.0,399.0,285.0,346.0,429.0,302.280751,318.997167,398.999077,-0.2807510000000093,0.0028330000000096334,0.0009230000000002292,0.2807668103943293,43.79497688091638
1359.0,411.0,376.0,399.0,389.0,453.0,432.0,410.951115,375.141024,399.631169,0.0488849999999843,0.8589759999999842,-0.6311689999999999,1.0670538029368395,86.61408661412992
1360.0,390.0,393.0,399.0,358.0,466.0,431.0,390.238911,393.288777,398.82761,-0.23891099999997323,-0.28877699999998185,0.17239000000000715,0.4125396147644238,85.8894638474359
1361.0,392.0,399.0,399.0,358.0,473.0,432.0,392.06940499999996,398.73782400000005,399.564462,-0.06940499999996064,0.262175999999954,-0.5644619999999918,0.6262353059712947,87.86922100485471
1362.0,165.0,481.0,399.0,64.0,480.0,430.0,165.449044,480.5619959999999,399.443788,-0.44904399999998645,0.43800400000009176,-0.44378799999998364,0.768398208545578,105.65509926170151
1363.0,261.0,155.0,400.0,300.0,141.0,427.0,260.57829599999997,155.788907,399.69218,0.42170400000003383,-0.7889069999999947,0.30781999999999243,0.9460241385213253,49.457052075512955
1364.0,484.0,376.0,400.0,473.0,482.0,433.0,483.76952300000005,375.854723,399.651825,0.23047699999995075,0.14527700000002142,0.3481750000000261,0.4420982751414008,111.56164215356459
1365.0,393.0,386.0,400.0,364.0,459.0,433.0,393.097672,386.31004499999995,400.515868,-0.09767199999998866,-0.3100449999999455,-0.5158680000000118,0.6097438109837411,85.19976525789258
1366.0,324.0,401.0,400.0,278.0,450.0,432.0,323.929104,401.65662599999996,400.27065799999997,0.07089600000000473,-0.6566259999999602,-0.270657999999969,0.7137504463437705,74.43789357578571
1367.0,457.0,312.0,401.0,466.0,398.0,433.0,456.47516499999995,312.40369899999996,400.678774,0.5248350000000528,-0.4036989999999605,0.3212260000000242,0.7359421192607739,92.20086767487604
1368.0,349.0,389.0,401.0,312.0,445.0,432.0,349.044469,388.93557599999997,400.144456,-0.04446899999999232,0.0644240000000309,0.855544000000009,0.8591178496999226,73.93240155709809
1369.0,342.0,87.0,402.0,421.0,93.0,430.0,342.127825,87.075774,402.056401,-0.127824999999973,-0.07577399999999557,-0.05640099999999393,0.1589402482129424,84.02975663418287
1370.0,315.0,406.0,402.0,266.0,452.0,434.0,315.144448,406.348968,401.950942,-0.14444800000001123,-0.3489680000000135,0.049058000000002266,0.3808550604784094,74.43789357578571
1371.0,414.0,334.0,403.0,409.0,407.0,436.0,414.55825300000004,334.239688,403.340845,-0.5582530000000361,-0.239688000000001,-0.3408450000000016,0.6966147165959401,80.26830009412184
1372.0,304.0,424.0,403.0,246.0,467.0,435.0,303.517438,423.211823,402.702478,0.48256199999997307,0.7881770000000188,0.29752200000001494,0.9708802231259078,78.9746794865291
1373.0,385.0,388.0,404.0,354.0,457.0,437.0,384.844538,387.39425300000005,403.870866,0.155462,0.6057469999999512,0.12913400000002184,0.6385714144940615,82.52878285786117
1374.0,366.0,398.0,405.0,328.0,463.0,438.0,366.21414500000003,398.82315400000005,404.761008,-0.21414500000003045,-0.823154000000045,0.2389919999999961,0.8834918023417564,82.20705565825844
1375.0,313.0,424.0,405.0,258.0,471.0,435.0,313.88158599999997,423.201367,402.590074,-0.8815859999999702,0.7986329999999953,2.4099259999999845,2.687517789626864,78.3198569968051
1376.0,372.0,142.0,406.0,434.0,168.0,435.0,371.788125,142.023609,405.199022,0.21187500000002046,-0.02360899999999333,0.8009779999999864,0.8288631714523131,73.21885003194191
1377.0,320.0,329.0,406.0,302.0,365.0,439.0,320.52430400000003,329.441351,406.875438,-0.5243040000000292,-0.4413509999999974,-0.8754379999999742,1.1117900347911844,52.04805471869242
1378.0,357.0,52.0,407.0,452.0,58.0,435.0,357.152655,51.87290899999999,406.395968,-0.15265499999998156,0.12709100000000717,0.6040320000000179,0.6358540149515592,99.22197337283713
1379.0,406.0,204.0,407.0,450.0,253.0,438.0,406.362775,203.942334,406.569082,-0.3627749999999992,0.05766600000001176,0.4309180000000197,0.5662343957276154,72.78736154031138
1380.0,391.0,379.0,407.0,364.0,450.0,441.0,390.829469,379.39573099999996,407.175864,0.17053099999998267,-0.3957309999999552,-0.17586399999999003,0.4654159352857991,83.22259308625273
1381.0,308.0,432.0,407.0,248.0,479.0,440.0,308.239507,432.0657,406.646608,-0.23950700000000325,-0.06569999999999254,0.3533919999999853,0.4319328636640076,83.05419917138447
1382.0,350.0,50.0,408.0,444.0,53.0,436.0,349.645305,50.076684,407.317628,0.35469499999999243,-0.0766840000000002,0.6823719999999867,0.7728651404125926,98.12746812182611
1383.0,392.0,368.0,408.0,370.0,436.0,441.0,391.848551,366.958087,407.308014,0.1514490000000137,1.0419130000000223,0.6919859999999858,1.259906394684157,78.7210264160726
1384.0,403.0,220.0,409.0,440.0,270.0,441.0,403.044009,219.780171,408.881156,-0.04400900000001684,0.21982900000000427,0.11884400000002415,0.25374293617361865,69.94998213009065
1385.0,432.0,353.0,410.0,422.0,436.0,445.0,432.286691,353.483787,410.302002,-0.2866910000000189,-0.48378700000000663,-0.30200200000001587,0.6383155950264938,90.6311204829776
1386.0,346.0,350.0,411.0,322.0,399.0,445.0,344.96477200000004,350.72182499999997,411.281866,1.035227999999961,-0.7218249999999671,-0.2818659999999795,1.2931267472931105,64.28841264178172
1387.0,444.0,390.0,411.0,420.0,483.0,446.0,442.97076500000003,390.533634,410.57886,1.0292349999999715,-0.5336340000000064,0.42113999999997986,1.2334702391143983,102.22524150130437
1388.0,382.0,413.0,411.0,341.0,485.0,447.0,382.121274,412.628071,411.804569,-0.12127400000002808,0.3719290000000228,-0.804569000000015,0.894633913887713,90.33825324855468
1389.0,321.0,393.0,412.0,278.0,439.0,446.0,321.19563700000003,393.24744999999996,411.869734,-0.19563700000003337,-0.24744999999995798,0.130266000000006,0.3412837075293718,71.56116265125938
1390.0,339.0,39.0,413.0,436.0,35.0,443.0,338.810634,38.23831099999998,413.30786,0.1893660000000068,0.7616890000000183,-0.30786000000000513,0.8430939415492401,101.61200716450787
1391.0,340.0,354.0,413.0,313.0,400.0,448.0,338.259964,353.867366,413.77684899999997,1.740035999999975,0.13263399999999592,-0.7768489999999701,1.9101862286313516,63.796551630946325
1392.0,445.0,383.0,413.0,426.0,475.0,449.0,445.57852399999996,382.787741,413.098146,-0.578523999999959,0.2122590000000173,-0.09814599999998563,0.6240004318692072,100.60318086422517
1393.0,390.0,367.0,414.0,368.0,436.0,449.0,390.36813099999995,367.556767,413.872948,-0.36813099999994847,-0.5567669999999794,0.12705199999999195,0.6794498775876975,80.43631020876082
1394.0,323.0,424.0,414.0,265.0,478.0,450.0,321.27932,426.96936400000004,414.758409,1.7206800000000158,-2.9693640000000414,-0.7584089999999719,3.514690091341946,87.04022058795577
1395.0,336.0,270.0,415.0,343.0,301.0,448.0,335.809951,269.145392,414.778987,0.1900489999999877,0.8546079999999847,0.22101300000002766,0.9029508304630887,45.81484475582123
1396.0,417.0,336.0,415.0,411.0,410.0,450.0,417.021304,336.189116,414.764227,-0.021303999999986445,-0.18911600000001272,0.23577299999999468,0.3029977382770402,82.0792300158816
1397.0,285.0,427.0,415.0,223.0,464.0,450.0,285.004802,427.00595999999996,415.151823,-0.004801999999983764,-0.005959999999959109,-0.15182299999997895,0.15201580224763794,80.23714850367004
1398.0,374.0,53.0,416.0,471.0,67.0,448.0,374.37579300000004,54.056668,416.836931,-0.37579300000004423,-1.056668000000002,-0.8369309999999928,1.3993645485841153,103.0970416646375
1399.0,378.0,178.0,416.0,427.0,212.0,449.0,377.926293,178.170023,416.188739,0.07370700000001307,-0.17002299999998627,-0.1887389999999982,0.2645051086444203,68.1615727518079
1400.0,418.0,369.0,416.0,398.0,446.0,450.0,416.287686,367.540492,414.411194,1.7123139999999921,1.459508000000028,1.5888059999999768,2.7543578820291277,86.51589449343976
1401.0,395.0,367.0,417.0,374.0,438.0,454.0,395.59612999999996,367.600864,417.913026,-0.5961299999999596,-0.6008640000000014,-0.9130260000000021,1.2450000000288985,82.77076778670111
1402.0,392.0,383.0,417.0,363.0,453.0,453.0,390.94329999999997,382.10506899999996,416.977063,1.0567000000000348,0.8949310000000423,0.022937000000013086,1.3849341106096527,83.8868285251028
1403.0,382.0,160.0,419.0,440.0,192.0,453.0,382.85964299999995,159.290523,419.630444,-0.8596429999999486,0.7094769999999926,-0.6304440000000113,1.2805480616181164,74.45804187594514
1404.0,303.0,360.0,419.0,270.0,393.0,454.0,303.08491499999997,359.662214,419.00883799999997,-0.08491499999996677,0.33778599999999415,-0.008837999999968815,0.34840787773095755,58.33523806414096
1405.0,339.0,69.0,421.0,424.0,71.0,452.0,338.936631,69.41859199999999,420.32268799999997,0.06336900000002288,-0.41859199999998964,0.677312000000029,0.7987405323188711,90.49861877399013
1406.0,434.0,188.0,421.0,487.0,244.0,456.0,432.933572,187.51110999999997,421.220247,1.0664279999999735,0.48889000000002625,-0.2202469999999721,1.1936460330822354,84.67585252006619
1407.0,419.0,300.0,421.0,427.0,369.0,457.0,418.849132,300.242025,420.894583,0.15086800000000267,-0.24202500000001237,0.10541699999998855,0.30405591251939895,78.2368199762746
1408.0,335.0,340.0,421.0,313.0,384.0,457.0,334.17963699999996,341.523735,421.338505,0.820363000000043,-1.5237349999999878,-0.33850499999999784,1.763334748996637,60.959002616512684
1409.0,296.0,434.0,421.0,234.0,475.0,457.0,296.477604,432.76362099999994,420.69725,-0.47760399999998526,1.2363790000000563,0.3027500000000032,1.3595573452256904,82.58934555982388
1410.0,340.0,62.0,422.0,428.0,63.0,455.0,339.99048999999997,62.19245899999999,422.85286,0.009510000000034324,-0.1924589999999924,-0.852860000000021,0.8743575277774154,93.98936110007345
1411.0,425.0,181.0,422.0,481.0,233.0,457.0,425.41900000000004,180.53296899999998,422.201653,-0.41900000000003956,0.46703100000001996,-0.20165300000002162,0.6590469538432452,84.0535543567314
1412.0,215.0,265.0,422.0,205.0,249.0,455.0,215.125422,264.672535,421.877057,-0.12542199999998616,0.3274650000000179,0.12294300000002067,0.37158980819986615,38.01315561749642
1413.0,337.0,350.0,422.0,313.0,395.0,458.0,337.05087899999995,350.08088599999996,422.028269,-0.05087899999995216,-0.08088599999996404,-0.02826900000002297,0.09965116154862728,62.42595614005443
1414.0,413.0,391.0,422.0,384.0,472.0,459.0,412.257913,391.470273,421.554628,0.7420870000000264,-0.47027300000002015,0.4453720000000203,0.9849903697407788,93.65361712181756
1415.0,370.0,407.0,422.0,330.0,473.0,459.0,370.5628,406.28081899999995,421.836778,-0.5627999999999815,0.7191810000000487,0.16322200000001885,0.92768883363176,85.58621384311844
1416.0,317.0,420.0,422.0,263.0,469.0,459.0,317.46640199999996,420.58467499999995,422.248547,-0.46640199999995957,-0.5846749999999474,-0.24854699999997365,0.7881315197591628,81.76796438703852
1417.0,253.0,364.0,423.0,211.0,379.0,458.0,253.638987,364.15623,422.771807,-0.638986999999986,-0.15622999999999365,0.2281929999999761,0.6962644930757055,56.69215113223346
1418.0,334.0,370.0,423.0,302.0,417.0,459.0,334.237728,370.044003,422.648414,-0.23772800000000416,-0.044002999999975145,0.3515859999999975,0.42668909218422496,67.29784543356496
1419.0,247.0,371.0,423.0,201.0,385.0,457.0,247.421424,371.407321,421.936349,-0.4214240000000018,-0.40732100000002447,1.063650999999993,1.2144389793719594,58.88972745734183
1420.0,313.0,389.0,423.0,270.0,430.0,459.0,312.75775899999996,388.461501,422.669554,0.24224100000003546,0.5384990000000016,0.3304459999999949,0.6766508952170355,69.46941773183363
1421.0,440.0,351.0,424.0,433.0,435.0,461.0,440.719914,350.00592099999994,423.361997,-0.719914000000017,0.9940790000000561,0.6380030000000261,1.3832993362414983,92.05433178292046
1422.0,319.0,433.0,424.0,260.0,484.0,461.0,319.05672699999997,433.039435,423.726808,-0.056726999999966665,-0.039435000000025866,0.27319199999999455,0.28179237146877356,86.31917515824627
1423.0,258.0,331.0,425.0,228.0,343.0,459.0,257.48958999999996,331.775199,423.922324,0.5104100000000358,-0.7751989999999864,1.0776759999999967,1.4222648904746993,46.9041575982343
1424.0,395.0,366.0,426.0,374.0,436.0,465.0,395.176791,366.15532699999994,426.94838599999997,-0.17679099999998016,-0.15532699999994293,-0.9483859999999709,0.9771476549661878,82.83718971573094
1425.0,385.0,398.0,426.0,348.0,467.0,464.0,383.032703,396.990148,425.905716,1.9672969999999737,1.0098520000000235,0.09428400000001602,2.2133567314757343,87.02873088813831
1426.0,352.0,423.0,426.0,303.0,484.0,465.0,352.502317,421.90405499999997,426.769783,-0.502317000000005,1.0959450000000288,-0.7697830000000181,1.430378858415873,87.42425292789181
1427.0,282.0,94.0,427.0,348.0,77.0,460.0,281.523033,93.910548,427.219772,0.4769670000000019,0.08945199999999431,-0.21977199999997765,0.5327278023315387,75.7231800705702
1428.0,366.0,124.0,427.0,434.0,145.0,462.0,366.051819,124.41836599999999,427.58969,-0.05181900000002315,-0.4183659999999918,-0.5896900000000187,0.7248790346099255,79.30952023559341
1429.0,289.0,254.0,427.0,294.0,265.0,462.0,288.501259,254.04468599999998,426.93907,0.49874099999999544,-0.04468599999998446,0.06092999999998483,0.5044322437919608,37.027017163147235
1430.0,413.0,307.0,427.0,418.0,375.0,464.0,413.48199900000003,307.31215599999996,426.60773,-0.48199900000003026,-0.312155999999959,0.39226999999999634,0.6954424183474867,77.57576941287789
1431.0,415.0,364.0,427.0,397.0,439.0,464.0,413.818017,362.4993,425.968625,1.1819830000000024,1.5006999999999948,1.0313750000000255,2.17092576863283,85.54530963179688
1432.0,325.0,403.0,427.0,278.0,452.0,464.0,324.743398,403.52635799999996,426.463306,0.2566019999999867,-0.5263579999999592,0.5366940000000113,0.7943159196465613,77.32399368889322
1433.0,307.0,439.0,427.0,244.0,486.0,465.0,307.182641,438.791027,427.067376,-0.18264099999998962,0.2089730000000145,-0.0673760000000243,0.28559932595509663,87.3040663428686
1434.0,440.0,383.0,428.0,420.0,472.0,468.0,440.310778,382.20337800000004,428.731984,-0.31077800000002753,0.7966219999999566,-0.7319840000000113,1.1256065708869882,99.60421677820673
1435.0,320.0,423.0,428.0,265.0,473.0,466.0,320.125345,423.242074,427.925365,-0.1253449999999816,-0.24207400000000234,0.07463500000000067,0.28263328488696554,83.48053665376139
1436.0,335.0,402.0,429.0,290.0,456.0,466.0,335.125916,403.53563199999996,427.989414,-0.1259160000000179,-1.5356319999999641,1.0105859999999893,1.8426352167143318,79.435508432942
1437.0,310.0,437.0,429.0,248.0,485.0,467.0,310.048624,436.99421100000006,428.695888,-0.048624000000017986,0.005788999999936095,0.30411199999997507,0.30802908051186634,87.13208364316786
1438.0,347.0,285.0,430.0,349.0,324.0,468.0,346.639652,285.65500999999995,430.86069299999997,0.3603479999999877,-0.6550099999999475,-0.8606929999999693,1.1400356228876665,54.48853090330111
1439.0,344.0,334.0,430.0,327.0,379.0,468.0,343.85703700000005,334.1088,430.332979,0.142962999999952,-0.1087999999999738,-0.332979000000023,0.37835284300503924,61.30252849597641
1440.0,435.0,384.0,430.0,413.0,471.0,470.0,434.630311,383.26524199999994,430.420369,0.36968899999999394,0.7347580000000562,-0.4203689999999938,0.92371498388089,98.2496819333274
1441.0,378.0,379.0,431.0,349.0,444.0,470.0,377.880462,378.91786,431.086565,0.11953799999997727,0.08213999999998123,-0.08656500000000733,0.16890770340334615,81.16033513977132
1442.0,328.0,85.0,432.0,405.0,84.0,466.0,327.685602,84.59575999999998,431.742653,0.31439799999998286,0.4042400000000157,0.25734699999998156,0.5731348518568666,84.17838202293983
1443.0,299.0,303.0,432.0,285.0,327.0,470.0,297.71378300000003,304.638138,432.812241,1.286216999999965,-1.6381380000000263,-0.8122409999999718,2.2355280629448497,47.07440918375928
1444.0,381.0,352.0,433.0,363.0,413.0,473.0,380.71952,351.22132899999997,433.833063,0.2804800000000114,0.7786710000000312,-0.8330629999999815,1.174304695813665,75.13321502504735
1445.0,270.0,168.0,434.0,305.0,158.0,468.0,269.26281,168.103414,433.054337,0.7371899999999982,-0.10341399999998657,0.9456630000000246,1.20350407604837,49.80963762164909
1446.0,397.0,347.0,434.0,383.0,413.0,474.0,396.2677049999999,346.033594,434.543459,0.7322950000000787,0.9664060000000063,-0.5434589999999844,1.3287378253598827,78.43468620451031
1447.0,394.0,365.0,434.0,373.0,434.0,474.0,393.96213199999994,364.94993999999997,434.350677,0.037868000000059965,0.050060000000030414,-0.3506770000000188,0.35625039979348905,82.47423840206105
1448.0,439.0,208.0,435.0,485.0,271.0,474.0,438.570051,209.188142,435.659897,0.4299490000000219,-1.1881419999999991,-0.6598970000000008,1.4254829375948412,87.21238444166057
1449.0,392.0,342.0,435.0,380.0,407.0,475.0,392.38491799999997,342.160943,435.449676,-0.38491799999997056,-0.16094299999997475,-0.44967600000001084,0.6134109723089235,77.25930364687478
1450.0,407.0,348.0,435.0,395.0,420.0,475.0,407.421599,348.364081,435.214995,-0.4215990000000147,-0.36408099999999877,-0.2149949999999876,0.5970959231036552,83.23460818673925
1451.0,388.0,349.0,435.0,372.0,413.0,475.0,387.73043999999993,348.90213900000003,435.422588,0.2695600000000695,0.09786099999996623,-0.42258800000001884,0.5107053814725735,77.14920608794364
1452.0,401.0,352.0,435.0,386.0,421.0,475.0,400.689236,351.480027,435.25221,0.31076400000000604,0.5199729999999931,-0.25220999999999094,0.6561677137173026,81.15417426109393
1453.0,235.0,373.0,435.0,186.0,382.0,473.0,235.13357299999998,373.13228300000003,435.161406,-0.13357299999998418,-0.13228300000002946,-0.1614059999999995,0.24777496898194418,62.65780079128216
1454.0,324.0,404.0,435.0,277.0,452.0,475.0,324.067483,403.89475300000004,435.480565,-0.06748299999998153,0.10524699999996301,-0.4805650000000128,0.4965617841950808,78.18567643756751
1455.0,358.0,163.0,436.0,410.0,186.0,473.0,358.17372100000006,162.622067,436.249486,-0.1737210000000573,0.37793300000001295,-0.24948599999999033,0.4850315479698459,67.83804242458652
1456.0,346.0,324.0,436.0,333.0,368.0,474.0,345.71178999999995,324.061424,435.345349,0.28821000000004915,-0.061423999999988155,0.6546510000000012,0.7179177137228392,59.57348403442592
1457.0,400.0,357.0,436.0,383.0,427.0,476.0,399.92869299999995,356.931688,436.017163,0.07130700000004708,0.06831199999999171,-0.017162999999982276,0.1002286693616401,82.39538822045807
1458.0,387.0,342.0,437.0,375.0,406.0,477.0,388.25835099999995,342.70304699999997,437.127175,-1.2583509999999478,-0.7030469999999696,-0.12717500000002246,1.4470299941724885,76.4198926981712
1459.0,392.0,106.0,438.0,468.0,133.0,476.0,389.47446499999995,106.396244,439.015476,2.5255350000000476,-0.3962439999999958,-1.0154759999999783,2.750732238938787,89.15716460273958
1460.0,259.0,157.0,438.0,298.0,141.0,474.0,259.45609099999996,156.772322,438.208098,-0.45609099999995806,0.22767799999999738,-0.20809800000000678,0.5506006261973948,55.4346462061408
1461.0,318.0,209.0,438.0,346.0,224.0,476.0,318.36358199999995,208.81097,438.60827,-0.3635819999999512,0.18903000000000247,-0.6082700000000045,0.7334279818250534,49.52776998815917
1462.0,396.0,358.0,438.0,378.0,426.0,478.0,395.80212599999993,357.473792,437.694662,0.19787400000006983,0.5262079999999969,0.3053380000000061,0.6397501648175076,80.91971329657564
1463.0,249.0,365.0,438.0,206.0,378.0,475.0,249.650195,364.846309,436.738146,-0.6501949999999965,0.1536909999999807,1.261854000000028,1.4278130055515184,58.19793810780585
1464.0,436.0,210.0,440.0,481.0,272.0,480.0,435.777548,211.063878,440.585433,0.22245199999997567,-1.0638779999999883,-0.5854330000000232,1.2345254508016397,86.42337646724988
1465.0,300.0,294.0,441.0,292.0,315.0,479.0,300.11285399999997,293.58345099999997,440.288708,-0.11285399999997026,0.4165490000000318,0.7112920000000145,0.831976804953744,44.14748010928823
1466.0,405.0,329.0,441.0,400.0,397.0,483.0,405.395528,329.272003,442.012584,-0.395528000000013,-0.2720029999999838,-1.012584000000004,1.1206044743124175,80.0812087820857
1467.0,52.0,117.0,442.0,73.0,14.0,475.0,51.607777,116.57288499999999,441.747073,0.3922230000000013,0.4271150000000148,0.2529269999999997,0.6326437957358102,110.17713011328621
1468.0,436.0,215.0,442.0,479.0,275.0,481.0,435.013394,213.924581,441.380259,0.9866059999999948,1.0754190000000108,0.6197409999999763,1.5855586813101505,83.48652585896721
1469.0,325.0,401.0,442.0,279.0,449.0,482.0,324.905117,401.11297,441.239787,0.09488299999998162,-0.11297000000001844,0.7602130000000216,0.7743957708807774,77.5886589650833
1470.0,327.0,147.0,443.0,381.0,156.0,481.0,327.910041,146.926727,443.314541,-0.9100409999999783,0.07327300000000037,-0.3145410000000197,0.9656498303686347,66.64082832618455
1471.0,291.0,369.0,443.0,252.0,399.0,483.0,290.927302,369.28829499999995,442.794604,0.0726980000000026,-0.28829499999994823,0.20539600000000746,0.3613675733169394,63.41135544995076
1472.0,64.0,117.0,444.0,88.0,19.0,479.0,64.599702,116.59927499999999,444.883592,-0.5997019999999935,0.40072500000000844,-0.8835920000000215,1.14059538702076,106.7941945987702
1473.0,439.0,211.0,444.0,484.0,273.0,484.0,438.405325,211.10072399999999,443.834356,0.5946749999999952,-0.10072399999998538,0.16564399999998614,0.625477109522792,86.42337646724988
1474.0,75.0,239.0,445.0,52.0,166.0,480.0,74.886176,240.18764199999998,444.168312,0.11382399999999393,-1.1876419999999825,0.8316879999999855,1.454357023733833,84.16056083463323
1475.0,269.0,246.0,445.0,274.0,247.0,480.0,268.44422299999997,245.43338799999998,442.006434,0.5557770000000346,0.5666120000000205,2.993565999999987,3.096994450855375,35.369478367654786
1476.0,333.0,341.0,445.0,311.0,382.0,486.0,332.37172799999996,340.775528,445.131359,0.6282720000000381,0.22447199999999157,-0.1313589999999749,0.6799768905257277,62.01612693485461
1477.0,389.0,350.0,445.0,373.0,415.0,487.0,389.13798399999996,350.31469100000004,445.224673,-0.13798399999996036,-0.3146910000000389,-0.22467299999999568,0.4105459373395523,79.02531240052139
1478.0,368.0,382.0,446.0,336.0,444.0,489.0,367.954627,382.483735,446.723188,0.045372999999983676,-0.48373500000002423,-0.7231879999999933,0.8712400029257221,81.95730595865142
1479.0,403.0,353.0,447.0,389.0,424.0,490.0,403.93842200000006,353.17944,447.489405,-0.9384220000000596,-0.1794399999999996,-0.48940499999997655,1.0734765100872439,84.17838202293983
1480.0,183.0,155.0,448.0,210.0,109.0,485.0,182.859542,154.885445,448.075602,0.1404579999999953,0.11455499999999574,-0.0756020000000035,0.19638472494824602,64.91532946846992
1481.0,377.0,63.0,58.0,473.0,85.0,11.0,376.5992140000001,63.21237099999998,58.599276999999994,0.4007859999999255,-0.2123709999999832,-0.5992769999999936,0.7515742027011874,109.12836478203089
1482.0,273.0,308.0,60.0,257.0,328.0,14.0,272.03101,308.193364,59.372136999999995,0.9689900000000193,-0.1933639999999741,0.627863000000005,1.1707020130524393,52.64978632435273
1483.0,261.0,419.0,62.0,201.0,451.0,19.0,260.570736,418.37016700000004,62.325269,0.4292639999999892,0.6298329999999623,-0.3252689999999987,0.8287080981539533,80.45495634204272
1484.0,252.0,444.0,63.0,180.0,476.0,21.0,250.777831,443.27302699999996,63.783784,1.222169000000008,0.7269730000000436,-0.7837839999999971,1.6237315559987366,89.28605714219886
1485.0,374.0,70.0,64.0,469.0,90.0,17.0,374.84745899999996,68.19621099999999,63.477725,-0.847458999999958,1.803789000000009,0.5222750000000005,2.0602457835964527,107.86102168995063
1486.0,364.0,141.0,65.0,428.0,170.0,19.0,363.825839,141.033101,64.39764,0.17416100000002643,-0.033100999999987835,0.6023600000000044,0.6279054862971128,83.98214095865859
1487.0,316.0,160.0,65.0,366.0,174.0,20.0,316.70487199999997,160.26362999999998,65.507274,-0.7048719999999662,-0.2636299999999778,-0.5072739999999953,0.9075638954695895,68.70953354520753
1488.0,440.0,241.0,65.0,477.0,315.0,23.0,439.66024400000003,241.00721099999998,65.701017,0.33975599999996575,-0.007210999999983869,-0.7010169999999931,0.7790449103523923,92.78469701410896
1489.0,292.0,368.0,65.0,257.0,405.0,22.0,292.138889,368.103286,65.019741,-0.13888900000000604,-0.10328600000002552,-0.019740999999996234,0.17420636956783986,66.65583245298194
1490.0,294.0,187.0,66.0,330.0,195.0,20.0,294.198599,185.93685599999998,65.45600999999999,-0.19859900000000152,1.0631440000000225,0.543990000000008,1.210636959470946,58.957611891934704
1491.0,168.0,208.0,68.0,176.0,172.0,21.0,168.57318299999997,208.096643,67.384244,-0.5731829999999718,-0.09664300000000026,0.6157560000000046,0.8467786443185571,59.74110812497538
1492.0,378.0,276.0,68.0,391.0,332.0,25.0,377.28409300000004,276.58606299999997,67.607503,0.7159069999999588,-0.5860629999999674,0.39249700000000587,1.0050107301053592,71.79136438319027
1493.0,205.0,356.0,68.0,160.0,357.0,25.0,204.313318,356.043993,68.570536,0.6866819999999905,-0.04399300000000039,-0.5705360000000042,0.8938561855628632,62.24949798994366
1494.0,312.0,403.0,68.0,266.0,453.0,26.0,311.657155,403.1010739999999,67.682722,0.34284500000001117,-0.10107399999992595,0.3172780000000017,0.4779372100862139,79.87490219086344
1495.0,179.0,111.0,69.0,225.0,63.0,21.0,178.28334999999998,110.66668899999999,68.400685,0.7166500000000156,0.333311000000009,0.5993150000000043,0.9918981371320512,82.0
1496.0,368.0,159.0,69.0,425.0,192.0,25.0,367.274213,158.966503,69.070521,0.7257870000000253,0.03349700000001121,-0.07052099999999939,0.7299739925634593,79.20858539325141
1497.0,377.0,294.0,69.0,384.0,353.0,27.0,377.32773999999995,294.742499,69.03690399999999,-0.32773999999994885,-0.7424990000000093,-0.03690399999999272,0.8124531850002066,72.75987905432498
1498.0,377.0,379.0,70.0,350.0,451.0,29.0,376.428136,379.74669700000004,69.70682199999999,0.571864000000005,-0.7466970000000401,0.2931780000000117,0.9851589638170444,87.14355971613737
1499.0,390.0,66.0,71.0,487.0,93.0,26.0,389.695785,65.938234,70.717739,0.30421499999999924,0.06176600000000576,0.2822610000000054,0.4195629596401514,110.28599185753374
1500.0,253.0,399.0,71.0,200.0,426.0,29.0,253.380961,399.303047,70.817572,-0.38096100000001343,-0.3030469999999923,0.1824280000000016,0.5198545401494596,72.81483365359011
1501.0,365.0,176.0,72.0,416.0,211.0,29.0,365.261956,176.108377,72.172864,-0.26195599999999786,-0.10837699999999018,-0.17286400000000413,0.33203686927959997,75.33259586659682
1502.0,261.0,343.0,72.0,230.0,365.0,30.0,260.827239,344.117926,72.19163,0.17276099999997996,-1.1179260000000113,-0.19163000000000352,1.1473129309377714,56.64803615307419
1503.0,220.0,452.0,72.0,141.0,474.0,31.0,220.048257,451.952945,72.212165,-0.048257000000006656,0.04705500000000029,-0.21216499999999883,0.222613787306627,91.68424073961675
1504.0,155.0,136.0,73.0,188.0,83.0,26.0,154.78586499999997,135.872094,72.46291599999999,0.21413500000002728,0.12790599999999586,0.5370840000000072,0.5921764653521941,78.14729681825213
1505.0,376.0,167.0,73.0,433.0,205.0,32.0,376.936539,167.057856,74.608733,-0.936538999999982,-0.05785599999998681,-1.6087330000000009,1.8623840851301234,79.8373346248483
1506.0,235.0,347.0,75.0,198.0,360.0,34.0,234.70064399999998,348.588416,75.70169,0.2993560000000173,-1.5884159999999952,-0.7016899999999993,1.7621147124668115,56.73623181001713
1507.0,212.0,363.0,75.0,167.0,370.0,34.0,213.217064,364.41495599999996,75.752703,-1.2170639999999935,-1.414955999999961,-0.7527029999999968,2.012438090536171,61.27805479941412
1508.0,391.0,115.0,76.0,470.0,150.0,33.0,391.38258900000005,114.71573099999999,75.87405799999999,-0.3825890000000527,0.284269000000009,0.1259420000000091,0.4929955320751373,96.51424765287247
1509.0,287.0,282.0,76.0,284.0,303.0,34.0,286.68768500000004,281.948254,75.904596,0.3123149999999555,0.051745999999980086,0.09540400000000204,0.33063610050472486,47.05316142407437
1510.0,372.0,384.0,76.0,343.0,455.0,37.0,372.103714,384.752881,76.25188299999999,-0.10371400000002495,-0.7528810000000021,-0.2518829999999923,0.8006443902545027,86.0406880493177
1511.0,361.0,403.0,76.0,322.0,472.0,35.0,360.19257300000004,403.400073,74.52754999999999,0.8074269999999615,-0.40007300000002033,1.4724500000000091,1.7262982848158024,89.23564310296643
1512.0,291.0,75.0,77.0,369.0,65.0,33.0,290.794744,74.916401,77.424421,0.20525600000001987,0.08359900000000664,-0.4244209999999953,0.4788026770789876,90.11104260855048
1513.0,366.0,401.0,77.0,329.0,471.0,38.0,365.398591,400.833482,76.958989,0.6014089999999896,0.1665179999999964,0.041010999999997466,0.6253822285018867,88.26097665446491
1514.0,282.0,406.0,77.0,230.0,444.0,37.0,281.446307,405.572035,76.996434,0.5536930000000098,0.42796499999997195,0.0035660000000063974,0.6998161871734512,75.81556568409947
1515.0,359.0,66.0,78.0,451.0,80.0,35.0,358.425819,65.281361,78.440027,0.57418100000001,0.718638999999996,-0.4400270000000006,1.0196811235925702,102.51341375644458
1516.0,290.0,277.0,78.0,287.0,298.0,36.0,287.73597,277.303214,77.585639,2.264029999999991,-0.3032140000000254,0.41436099999999954,2.3215222611504234,47.05316142407437
1517.0,346.0,354.0,78.0,325.0,409.0,39.0,346.168382,353.70725500000003,78.52988099999999,-0.16838200000000825,0.29274499999996806,-0.5298809999999889,0.6283518179411692,70.61869440877535
1518.0,314.0,288.0,79.0,312.0,321.0,38.0,313.162391,288.697542,78.81732,0.8376089999999863,-0.6975419999999986,0.18268000000000484,1.1052265202414286,52.66877632905477
1519.0,295.0,332.0,79.0,274.0,364.0,39.0,294.835517,331.994965,79.33721399999999,0.16448300000001836,0.005035000000020773,-0.3372139999999888,0.3752243199873893,55.362442142665635
1520.0,245.0,349.0,79.0,210.0,365.0,38.0,245.36171900000005,349.394446,78.85453799999999,-0.36171900000005053,-0.3944460000000163,0.14546200000000908,0.5546056935526825,56.231663678038196
1521.0,319.0,253.0,80.0,333.0,280.0,40.0,318.82904399999995,251.401726,80.824181,0.17095600000004652,1.5982740000000035,-0.8241809999999958,1.806372069583955,50.24937810560445
1522.0,280.0,302.0,80.0,268.0,324.0,40.0,279.77552199999997,302.48307,80.660008,0.22447800000003326,-0.4830699999999979,-0.6600080000000048,0.8481494900358186,47.20169488482379
1523.0,203.0,416.0,80.0,135.0,425.0,40.0,202.720059,415.526736,80.194955,0.279941000000008,0.47326399999997193,-0.1949549999999931,0.5833980023979987,79.40403012442127
1524.0,415.0,203.0,81.0,463.0,261.0,41.0,414.898176,202.863697,81.159515,0.1018240000000219,0.13630299999999806,-0.15951499999999896,0.233220217841429,85.25256594378845
1525.0,283.0,284.0,81.0,279.0,303.0,40.0,282.858045,283.30684399999996,80.847347,0.14195499999999583,0.6931560000000445,0.15265300000000082,0.7238227688944724,45.36518488885502
1526.0,225.0,455.0,81.0,146.0,479.0,41.0,225.325792,454.63732500000003,80.31864999999999,-0.32579200000000696,0.36267499999996744,0.681350000000009,0.8378015310256918,91.7442096265481
1527.0,373.0,100.0,82.0,455.0,126.0,40.0,373.548146,100.03436199999999,81.973023,-0.5481459999999743,-0.03436199999998735,0.02697700000000225,0.5498841176911469,95.72878355019456
1528.0,198.0,296.0,82.0,176.0,285.0,40.0,198.148829,296.088016,81.619872,-0.14882900000000632,-0.08801599999998189,0.38012799999999913,0.41760529675879116,48.67237409455183
1529.0,346.0,368.0,82.0,318.0,425.0,44.0,344.93864899999994,368.008156,82.47591,1.0613510000000588,-0.008155999999985397,-0.47590999999999894,1.1631950797854689,74.00675644831355
1530.0,382.0,126.0,83.0,455.0,160.0,42.0,382.412874,126.47297599999999,83.211287,-0.412873999999988,-0.4729759999999885,-0.21128699999999867,0.6624299455949879,90.36592278065886
1531.0,359.0,227.0,83.0,388.0,267.0,42.0,358.197233,227.02671800000002,82.316364,0.8027670000000171,-0.026718000000016673,0.683636000000007,1.0547544208530428,64.20280367709809
1532.0,457.0,371.0,83.0,447.0,472.0,46.0,457.412358,371.023588,82.858991,-0.41235799999998335,-0.023588000000017928,0.14100899999999683,0.4364390587344196,108.02777420645118
1533.0,389.0,178.0,84.0,443.0,222.0,43.0,389.23025299999995,177.77701299999998,83.365995,-0.23025299999994786,0.2229870000000176,0.6340050000000019,0.7104238074579048,80.82697569499925
1534.0,280.0,296.0,84.0,269.0,316.0,43.0,278.49853099999996,296.03657699999997,83.206509,1.5014690000000428,-0.036576999999965665,0.793491000000003,1.6986391617913237,46.92547282660026
1535.0,279.0,297.0,84.0,269.0,317.0,44.0,278.767903,296.823468,84.013993,0.2320970000000102,0.1765320000000088,-0.013992999999999256,0.29193898075112856,45.8257569495584
1536.0,255.0,375.0,85.0,210.0,399.0,45.0,254.27237199999996,375.882385,84.189082,0.7276280000000384,-0.8823849999999993,0.8109180000000009,1.4020106266833559,64.81512169239521
1537.0,378.0,92.0,86.0,464.0,118.0,46.0,378.51430999999997,91.53842399999999,86.933748,-0.5143099999999663,0.461576000000008,-0.9337479999999942,1.16165937665908,98.34632682515398
1538.0,351.0,115.0,86.0,423.0,134.0,44.0,350.80398199999996,114.60619,85.330047,0.19601800000003777,0.393810000000002,0.6699530000000067,0.8014651549712098,85.492689745966
1539.0,393.0,132.0,86.0,465.0,170.0,46.0,392.82098399999995,131.683896,86.316161,0.17901600000004692,0.3161039999999957,-0.3161609999999939,0.4815872143163793,90.70832376358854
1540.0,159.0,144.0,86.0,189.0,95.0,43.0,158.841204,145.104231,86.243561,0.15879599999999527,-1.1042309999999986,-0.2435609999999997,1.1418687453897647,71.76350047203663
1541.0,337.0,270.0,86.0,347.0,309.0,47.0,337.316062,270.366215,86.14138299999999,-0.3160619999999881,-0.36621500000001106,-0.1413829999999905,0.5039819111416578,56.05354582896607
1542.0,379.0,315.0,87.0,378.0,377.0,50.0,379.121783,315.17729799999995,87.629922,-0.12178299999999354,-0.17729799999995066,-0.6299219999999934,0.6656330866002476,72.20803279414278
1543.0,192.0,324.0,87.0,157.0,315.0,47.0,191.25668399999998,324.405571,87.10492099999999,0.7433160000000214,-0.405571000000009,-0.10492099999999027,0.8532379082870364,53.907327887774215
1544.0,352.0,117.0,88.0,424.0,138.0,47.0,352.649235,117.48400899999999,87.735284,-0.649234999999976,-0.48400899999998614,0.26471600000000706,0.8519655849633594,85.47514258543241
1545.0,251.0,355.0,88.0,215.0,374.0,50.0,251.698372,355.20665999999994,88.552447,-0.6983720000000062,-0.20665999999994256,-0.5524470000000008,0.9141277229101992,55.68662316930342
1546.0,315.0,38.0,90.0,411.0,32.0,48.0,314.978248,38.507557999999975,89.873131,0.021751999999992222,-0.5075579999999746,0.12686899999999923,0.5236258359066842,104.95713410721541
1547.0,184.0,451.0,90.0,100.0,458.0,52.0,184.2232,450.38277400000004,89.828056,-0.2231999999999914,0.6172259999999596,0.17194399999999632,0.6784916463833177,92.46080250571049
1548.0,219.0,173.0,91.0,248.0,151.0,50.0,219.316021,173.353822,90.997984,-0.3160210000000063,-0.3538220000000081,0.0020159999999975753,0.4744084151667313,54.8270006474912
1549.0,313.0,366.0,91.0,281.0,410.0,53.0,312.371359,366.05711099999996,90.22718499999999,0.628641000000016,-0.057110999999963497,0.7728150000000085,0.9978447762187409,66.36264009214823
1550.0,317.0,94.0,92.0,392.0,97.0,52.0,317.165093,93.99142799999998,92.488392,-0.16509300000001303,0.008572000000015123,-0.4883920000000046,0.5156121832317474,85.05292469985967
1551.0,358.0,156.0,92.0,416.0,186.0,54.0,358.98690600000003,156.929352,92.948564,-0.9869060000000331,-0.9293519999999944,-0.9485640000000046,1.6545247821764606,75.55130707009641
1552.0,180.0,78.0,93.0,239.0,25.0,50.0,179.539909,77.787466,92.530243,0.4600910000000056,0.2125340000000051,0.4697570000000013,0.6910326102913006,90.21640649017229
1553.0,387.0,127.0,93.0,461.0,162.0,54.0,387.70516799999996,126.58612799999999,92.98615699999999,-0.7051679999999578,0.413872000000012,0.013843000000008487,0.8177674298093258,90.67524469225324
1554.0,385.0,184.0,93.0,436.0,227.0,56.0,385.211943,183.609548,93.995564,-0.2119430000000193,0.39045200000001046,-0.9955640000000017,1.0901927708662444,76.28237017817419
1555.0,313.0,368.0,93.0,281.0,412.0,56.0,312.919288,367.640758,92.66140899999999,0.08071200000000545,0.35924199999999473,0.3385910000000081,0.500213061393845,65.79513659838392
1556.0,331.0,132.0,94.0,394.0,146.0,54.0,331.486526,131.565672,93.53918999999999,-0.4865260000000262,0.4343279999999936,0.46081000000000927,0.7985575848741457,75.92759709091287
1557.0,379.0,182.0,94.0,430.0,222.0,56.0,379.249308,181.283698,94.087082,-0.24930799999998499,0.7163020000000131,-0.08708199999999522,0.7634306181913393,75.13321502504735
1558.0,286.0,249.0,94.0,296.0,264.0,56.0,286.065862,248.74271,94.32202,-0.06586199999998144,0.2572900000000118,-0.32201999999999487,0.4174120596532883,42.05948168962618
1559.0,373.0,278.0,94.0,386.0,331.0,57.0,373.433076,277.424117,93.86268199999999,-0.4330760000000282,0.5758829999999762,0.1373180000000076,0.7335204731900801,65.93178292750773
1560.0,359.0,279.0,94.0,368.0,326.0,57.0,358.147041,278.21682699999997,94.019516,0.8529589999999985,0.7831730000000334,-0.01951599999999587,1.158136381375721,60.489668539346454
1561.0,169.0,89.0,95.0,222.0,34.0,52.0,168.691812,89.21839,94.155338,0.30818800000000124,-0.21838999999999942,0.8446619999999996,0.9252718139487444,87.6527238595584
1562.0,398.0,103.0,95.0,482.0,139.0,57.0,398.06437200000005,103.286645,95.600378,-0.0643720000000485,-0.28664499999999293,-0.6003780000000063,0.6684032116118307,98.97474425326898
1563.0,380.0,116.0,95.0,456.0,147.0,56.0,379.93598299999996,116.24986799999999,94.828464,0.0640170000000353,-0.2498679999999922,0.17153600000000324,0.30976893486759083,90.87353850269065
1564.0,241.0,353.0,95.0,203.0,367.0,58.0,240.627143,352.964958,95.25421499999999,0.37285700000001043,0.035041999999975815,-0.25421499999998787,0.4526318044923488,54.85435260760991
1565.0,314.0,369.0,95.0,282.0,414.0,58.0,314.234982,368.95466,94.270934,-0.23498200000000224,0.04534000000001015,0.7290660000000031,0.7673392263399588,66.46803743153546
1566.0,321.0,35.0,96.0,420.0,31.0,55.0,321.774906,35.46066699999999,95.570708,-0.7749059999999872,-0.4606669999999866,0.4292920000000038,0.9984913695115102,107.22872749408155
1567.0,378.0,133.0,96.0,447.0,165.0,57.0,377.635984,132.585121,95.484811,0.36401599999999235,0.4148790000000133,0.5151890000000066,0.7550178399336086,85.47514258543241
1568.0,125.0,373.0,96.0,62.0,345.0,58.0,125.353079,372.513466,96.280662,-0.3530789999999939,0.486534000000006,-0.28066200000000663,0.6634389735620039,78.7210264160726
1569.0,339.0,147.0,97.0,396.0,165.0,57.0,338.01153400000004,145.839001,95.762404,0.9884659999999599,1.160999000000004,1.2375959999999964,1.9638298221518382,71.92357054540605
1570.0,393.0,349.0,97.0,382.0,422.0,63.0,394.057403,349.232193,97.72873799999999,-1.057403000000022,-0.2321929999999952,-0.7287379999999928,1.305018684273154,81.2773031048644
1571.0,127.0,370.0,97.0,64.0,343.0,59.0,126.39578999999999,370.449519,97.11257599999999,0.604210000000009,-0.44951900000000933,-0.11257599999999002,0.7614528292921479,78.37091297158659
1572.0,172.0,95.0,98.0,221.0,42.0,58.0,170.05146799999997,95.75366799999999,98.982141,1.9485320000000286,-0.7536679999999905,-0.9821409999999986,2.3085478884201414,82.52272414311103
1573.0,255.0,201.0,98.0,279.0,197.0,60.0,255.461923,201.139388,98.480299,-0.46192300000001296,-0.13938799999999674,-0.48029900000000225,0.6808002657711094,45.12205669071391
1574.0,215.0,65.0,99.0,285.0,24.0,58.0,215.09290199999998,65.13488,98.845685,-0.09290199999998094,-0.13487999999999545,0.15431499999999687,0.225025587942781,90.89554444525871
1575.0,385.0,184.0,99.0,436.0,227.0,61.0,385.25786800000003,183.65887299999997,98.091844,-0.2578680000000304,0.3411270000000286,0.9081560000000053,1.0037982147269664,76.77239087067694
1576.0,423.0,196.0,100.0,474.0,257.0,63.0,422.60594800000007,197.113943,99.170362,0.394051999999931,-1.1139430000000061,0.8296380000000028,1.4437607824695071,87.69834662067467
1577.0,307.0,275.0,100.0,310.0,302.0,63.0,306.894563,274.700433,99.533274,0.1054369999999949,0.29956700000002456,0.4667259999999942,0.5645267996596869,45.902069670114
1578.0,369.0,359.0,100.0,350.0,425.0,68.0,370.021489,359.928756,101.963878,-1.0214889999999741,-0.9287560000000212,-1.963877999999994,2.4005924859377865,75.76938695805846
1579.0,403.0,381.0,100.0,381.0,462.0,67.0,403.72467299999994,380.612573,100.540325,-0.7246729999999388,0.3874270000000024,-0.5403249999999957,0.9834641543457029,90.18869108707588
1580.0,308.0,277.0,101.0,311.0,305.0,65.0,308.470444,276.79136099999994,101.13102699999999,-0.4704439999999863,0.20863900000006197,-0.1310269999999889,0.5310516586792758,45.70557952810576
1581.0,250.0,153.0,102.0,289.0,140.0,64.0,248.43750400000005,154.28956599999998,102.373897,1.5624959999999533,-1.2895659999999793,-0.3738969999999995,2.0601391178706354,55.98214000911362
1582.0,317.0,160.0,102.0,366.0,173.0,64.0,316.84882500000003,159.920664,101.56630999999999,0.15117499999996653,0.07933600000001206,0.4336900000000128,0.4660848609652569,63.35613624582863
1583.0,300.0,282.0,102.0,299.0,307.0,67.0,299.685788,281.483703,102.81131099999999,0.3142119999999977,0.5162970000000087,-0.8113109999999892,1.0116903240982342,43.02324952859791
1584.0,363.0,320.0,102.0,358.0,377.0,67.0,363.738928,320.542603,101.666134,-0.7389279999999872,-0.5426029999999855,0.33386600000000044,0.9756531713416227,67.07458535093602
1585.0,250.0,355.0,102.0,214.0,374.0,66.0,251.06838199999999,355.62438,101.665986,-1.0683819999999855,-0.6243799999999737,0.33401399999999626,1.281739378547735,54.3415126767741
1586.0,352.0,364.0,102.0,327.0,423.0,68.0,351.631265,364.351944,102.11261099999999,0.36873500000001513,-0.35194400000000314,-0.11261099999998692,0.5220261647484832,72.53964433328854
1587.0,171.0,88.0,103.0,225.0,34.0,62.0,171.114512,88.53739999999999,102.331569,-0.11451199999999062,-0.537399999999991,0.6684309999999982,0.8652813183612517,86.67756341753038
1588.0,326.0,386.0,103.0,290.0,439.0,70.0,327.065477,386.41964999999993,103.764162,-1.0654769999999871,-0.41964999999993324,-0.7641619999999989,1.3766956534662682,72.069410986909
1589.0,229.0,395.0,103.0,173.0,411.0,68.0,228.858721,395.04915199999994,103.092097,0.14127899999999727,-0.04915199999993547,-0.09209699999999543,0.17566312178141444,67.94850991743675
1590.0,268.0,241.0,104.0,278.0,247.0,67.0,267.758618,240.31962299999998,103.631934,0.24138199999998733,0.6803770000000213,0.3680659999999989,0.8103398746260868,38.79432948254165
1591.0,406.0,248.0,104.0,435.0,309.0,70.0,405.898917,247.72367,104.505287,0.10108300000001691,0.2763300000000015,-0.5052869999999956,0.5847144552326373,75.61745830163825
1592.0,239.0,385.0,104.0,189.0,404.0,68.0,239.46861199999998,385.45188999999993,103.087413,-0.46861199999997893,-0.45188999999993484,0.912587000000002,1.1209892110153983,64.47480127925948
1593.0,207.0,398.0,104.0,147.0,406.0,69.0,207.366271,397.93076699999995,104.11173099999999,-0.3662710000000118,0.06923300000005383,-0.11173099999999181,0.3891419664993924,69.92138442565336
1594.0,198.0,416.0,104.0,130.0,422.0,70.0,198.330298,414.7910079999999,104.83516599999999,-0.3302979999999991,1.2089920000000802,-0.8351659999999868,1.5060745905911073,76.26270385975047
1595.0,326.0,335.0,105.0,308.0,380.0,70.0,325.699544,335.897276,104.360736,0.30045599999999695,-0.8972759999999766,0.6392639999999972,1.14194417105564,59.782940710540494
1596.0,284.0,430.0,105.0,223.0,472.0,71.0,283.60518299999995,429.483333,104.55962299999999,0.39481700000004594,0.516666999999984,0.44037700000001223,0.7853388787695605,81.49233092751734
1597.0,440.0,376.0,106.0,425.0,470.0,75.0,440.065449,375.472981,106.760705,-0.06544900000000098,0.5270189999999957,-0.7607050000000015,0.9277417178218288,100.10993956645864
1598.0,401.0,324.0,107.0,400.0,395.0,73.0,401.109304,323.67330100000004,106.141168,-0.10930400000000873,0.3266989999999623,0.8588320000000067,0.9253496664726198,78.7273777030583
1599.0,215.0,392.0,107.0,158.0,404.0,73.0,215.42908699999998,393.557495,107.352426,-0.42908699999998134,-1.5574950000000172,-0.35242599999999413,1.653514564214671,67.446274915669
1600.0,315.0,412.0,107.0,266.0,465.0,74.0,315.220279,412.898906,106.865746,-0.220279000000005,-0.8989060000000109,0.13425399999999854,0.9351892702512264,79.36623967405788
1601.0,281.0,67.0,108.0,360.0,51.0,70.0,280.499421,66.741962,107.95068799999999,0.5005790000000161,0.2580379999999991,0.04931200000001468,0.5653270009729034,89.11228871485683
1602.0,353.0,139.0,108.0,416.0,162.0,72.0,352.90774799999997,138.45829799999998,107.9777,0.09225200000003042,0.541702000000015,0.02230000000000132,0.5499534328541117,76.11832893594026
1603.0,230.0,456.0,109.0,151.0,483.0,75.0,230.56357999999997,456.781439,108.099051,-0.5635799999999733,-0.7814389999999776,0.9009489999999971,1.3190824188510473,90.1443287178955
1604.0,349.0,40.0,110.0,450.0,46.0,73.0,349.15154099999995,39.497226999999995,109.97744599999999,-0.15154099999995196,0.5027730000000048,0.02255400000001373,0.5255987510696642,107.73114684249862
1605.0,174.0,128.0,110.0,214.0,80.0,71.0,174.619329,127.228061,109.22323399999999,-0.6193289999999934,0.7719390000000033,0.7767660000000092,1.2581031947809413,73.65459931328118
1606.0,423.0,262.0,110.0,449.0,332.0,77.0,422.824813,262.02600299999995,109.893121,0.175186999999994,-0.02600299999994604,0.10687900000000639,0.20685686263451947,81.6394512475433
1607.0,269.0,244.0,111.0,278.0,252.0,77.0,269.151403,244.303403,111.765634,-0.15140300000001616,-0.303403000000003,-0.7656340000000057,0.8373599409895457,36.069377593742864
1608.0,395.0,80.0,112.0,487.0,111.0,77.0,394.84758600000004,80.42781699999999,112.287899,0.15241399999996474,-0.42781699999999034,-0.2878989999999959,0.5377204172113782,103.19883720275146
1609.0,392.0,97.0,113.0,477.0,129.0,77.0,391.761452,97.01308499999999,112.130433,0.23854799999998022,-0.013084999999989577,0.8695670000000035,0.9017888516820312,97.69851585361981
1610.0,153.0,114.0,113.0,195.0,56.0,74.0,153.640346,113.546752,112.066947,-0.6403459999999939,0.4532480000000021,0.933053000000001,1.219042513626574,81.54140052758476
1611.0,414.0,245.0,113.0,446.0,309.0,82.0,414.555587,244.98336999999998,114.276486,-0.5555870000000027,0.016630000000020573,-1.2764860000000056,1.3922535615558747,77.9807668595276
1612.0,252.0,433.0,113.0,185.0,464.0,81.0,252.09143699999998,433.241215,113.053193,-0.09143699999998489,-0.24121500000001106,-0.05319299999999316,0.2633911472373395,80.46117075956576
1613.0,153.0,133.0,114.0,188.0,78.0,77.0,153.953365,132.490079,114.303832,-0.9533649999999909,0.5099209999999914,-0.3038319999999999,1.123048589193706,74.95998932764064
1614.0,390.0,290.0,117.0,400.0,351.0,85.0,389.77129600000006,289.602537,116.490208,0.2287039999999365,0.3974630000000161,0.5097920000000045,0.6856896085321611,69.60603422117941
1615.0,304.0,349.0,117.0,278.0,386.0,86.0,304.099126,348.513672,117.56148999999999,-0.09912600000001248,0.4863280000000145,-0.561489999999992,0.7494077044973635,54.8270006474912
1616.0,373.0,134.0,119.0,441.0,164.0,86.0,372.980462,133.65346,119.287665,0.01953800000001138,0.3465400000000045,-0.28766500000000406,0.45080245925350265,81.32035415564789
1617.0,321.0,247.0,119.0,337.0,274.0,87.0,320.80741700000004,246.163705,119.378073,0.19258299999995643,0.8362950000000069,-0.37807300000000055,0.9377722176749508,44.82186966202994
1618.0,175.0,103.0,120.0,223.0,52.0,84.0,174.44604799999996,103.26065799999999,120.154191,0.553952000000038,-0.2606579999999923,-0.1541909999999973,0.6313321437635163,78.74642849044012
1619.0,182.0,126.0,120.0,223.0,81.0,84.0,181.99147099999996,125.794412,119.812803,0.008529000000038423,0.20558800000000588,0.18719699999999762,0.2781759989539036,70.7248188403477
1620.0,232.0,378.0,120.0,184.0,392.0,87.0,232.63613299999997,377.614413,118.821756,-0.6361329999999725,0.3855869999999868,1.1782440000000065,1.3934135968168138,59.90826320300064
1621.0,399.0,221.0,121.0,437.0,275.0,90.0,398.79015899999996,220.982326,121.27976899999999,0.2098410000000399,0.017673999999999523,-0.2797689999999875,0.35016611617632243,72.94518489934754
1622.0,197.0,466.0,121.0,108.0,479.0,89.0,196.242572,464.98628500000007,119.849772,0.7574280000000044,1.0137149999999338,1.1502279999999985,1.7100700945846836,95.46727187890099
1623.0,392.0,228.0,122.0,425.0,281.0,90.0,391.027881,228.76304199999998,121.274453,0.9721190000000206,-0.7630419999999845,0.7255470000000059,1.4330620688351308,70.15696686716153
1624.0,258.0,356.0,122.0,221.0,377.0,91.0,257.51721799999996,356.382923,122.073969,0.4827820000000429,-0.38292300000000523,-0.07396900000000528,0.6206286300309116,52.640288753007425
1625.0,378.0,207.0,123.0,418.0,251.0,90.0,377.783621,207.27142199999997,121.66571400000001,0.21637900000001764,-0.27142199999997274,1.3342859999999916,1.378698264132138,68.00735254367721
1626.0,398.0,280.0,123.0,415.0,345.0,93.0,399.937904,281.12110099999995,123.033243,-1.9379040000000032,-1.1211009999999533,-0.0332429999999988,2.239072232525317,73.57988855658861
1627.0,378.0,45.0,124.0,481.0,63.0,90.0,377.816315,44.81809399999999,123.53594100000001,0.1836850000000254,0.1819060000000121,0.4640589999999918,0.5312068594643767,109.94998863119541
1628.0,383.0,201.0,124.0,426.0,246.0,93.0,382.725841,201.336847,124.13879800000001,0.2741589999999974,-0.3368470000000059,-0.13879800000000841,0.45595388307810786,69.53416426476987
1629.0,198.0,445.0,124.0,118.0,457.0,95.0,198.34306800000002,445.35210300000006,124.969862,-0.3430680000000166,-0.35210300000005645,-0.9698620000000062,1.0873382520067356,85.93602271457529
1630.0,177.0,99.0,125.0,228.0,47.0,90.0,177.084973,98.135318,125.101372,-0.08497299999999086,0.864682000000002,-0.1013719999999978,0.8747409069187295,80.8084154033477
1631.0,112.0,310.0,125.0,71.0,267.0,93.0,112.372518,309.911793,125.82385099999999,-0.37251799999999946,0.08820700000001125,-0.8238509999999906,0.9084495612712827,67.48333127521195
1632.0,269.0,147.0,126.0,315.0,139.0,93.0,268.64438199999995,147.041745,126.00257500000001,0.3556180000000495,-0.041744999999991705,-0.0025750000000073214,0.3580690402339115,57.175169435691224
1633.0,258.0,344.0,126.0,225.0,363.0,96.0,257.028325,344.514364,126.31328500000001,0.9716750000000047,-0.5143640000000005,-0.3132850000000076,1.1431842027188857,48.47679857416329
1634.0,268.0,148.0,127.0,314.0,140.0,94.0,268.136804,148.08851599999997,126.81550200000001,-0.13680399999998372,-0.08851599999997006,0.18449799999999072,0.24615021567324863,57.175169435691224
1635.0,223.0,328.0,127.0,192.0,331.0,97.0,223.07217599999996,328.235437,127.688864,-0.07217599999995628,-0.23543699999999035,-0.6888639999999953,0.7315555798714015,43.243496620879306
1636.0,223.0,329.0,128.0,192.0,332.0,98.0,223.34154799999996,329.022328,128.49634799999998,-0.34154799999996044,-0.02232800000001589,-0.49634799999998336,0.6029219791913023,43.243496620879306
1637.0,259.0,343.0,128.0,228.0,362.0,98.0,259.11735799999997,342.977428,127.94724,-0.11735799999996743,0.022572000000025128,0.05276000000000636,0.1306369509288783,47.138094997570704
1638.0,314.0,179.0,129.0,355.0,194.0,98.0,314.07859199999996,179.4323,129.233675,-0.0785919999999578,-0.4322999999999979,-0.23367500000000518,0.4976585155395153,53.54437412091022
1639.0,415.0,282.0,129.0,433.0,352.0,100.0,415.808608,281.951498,128.587657,-0.8086079999999924,0.048501999999984946,0.4123429999999928,0.9089697967022778,77.87810988975015
1640.0,259.0,342.0,129.0,228.0,361.0,99.0,258.866356,342.210267,128.778268,0.13364400000000387,-0.21026699999998755,0.22173200000000293,0.333523627122573,47.138094997570704
1641.0,170.0,107.0,130.0,216.0,56.0,94.0,170.139996,108.28657199999999,128.337764,-0.13999599999999646,-1.2865719999999925,1.6622360000000072,2.1066311758103278,77.54353615872827
1642.0,32.0,181.0,130.0,28.0,85.0,95.0,31.628003999999997,179.687631,129.83891599999998,0.3719960000000029,1.3123689999999897,0.16108400000001666,1.3735506802564588,102.25947388873072
1643.0,223.0,264.0,130.0,218.0,256.0,100.0,223.786406,263.231202,130.888014,-0.7864059999999995,0.7687980000000039,-0.8880139999999983,1.4135252476825457,31.448370387032774
1644.0,390.0,171.0,131.0,447.0,213.0,101.0,390.52909999999997,170.316429,130.967019,-0.5290999999999713,0.6835710000000006,0.03298100000000659,0.8650455874703776,76.89603370785778
1645.0,352.0,213.0,131.0,386.0,247.0,102.0,351.990693,212.59785799999997,131.71805,0.009306999999978416,0.4021420000000262,-0.7180500000000052,0.8230435048726332,56.15158056546583
1646.0,426.0,245.0,132.0,459.0,313.0,104.0,425.898755,244.930064,132.182271,0.1012450000000058,0.06993600000001265,-0.18227099999998586,0.2199188749561933,80.60397012554654
1647.0,230.0,255.0,133.0,228.0,249.0,102.0,229.75296699999998,255.21294999999998,132.5545,0.24703300000001605,-0.212949999999978,0.4455000000000098,0.5521261229003815,31.63858403911275
1648.0,424.0,245.0,134.0,456.0,312.0,106.0,423.32608799999997,244.952408,133.848884,0.6739120000000298,0.04759200000000874,0.1511160000000018,0.6922849324259784,79.3536388579629
1649.0,324.0,261.0,134.0,333.0,294.0,104.0,323.059502,262.91144999999995,133.091757,0.940497999999991,-1.9114499999999452,0.9082429999999988,2.3158330979482895,45.4972526643093
1650.0,415.0,305.0,134.0,423.0,379.0,106.0,415.11926700000004,305.58919000000003,133.239779,-0.1192670000000362,-0.5891900000000305,0.7602210000000014,0.9691777144724525,79.52358140828417
1651.0,441.0,257.0,135.0,471.0,333.0,107.0,440.45345000000003,257.381619,134.339283,0.5465499999999679,-0.3816190000000006,0.6607170000000053,0.9385610889814111,86.37129152675674
1652.0,356.0,281.0,135.0,364.0,328.0,107.0,356.018865,281.30364899999995,134.980544,-0.01886500000000524,-0.3036489999999503,0.019455999999991036,0.3048559321416752,55.29014378711634
1653.0,356.0,308.0,135.0,354.0,359.0,107.0,356.315162,307.990255,134.670042,-0.3151619999999866,0.00974500000000944,0.32995800000000486,0.45639273989952445,58.215118311311535
1654.0,329.0,75.0,136.0,413.0,80.0,107.0,329.563039,75.867081,137.633293,-0.5630390000000034,-0.8670809999999989,-1.633293000000009,1.9329998447829817,89.00561780022652
1655.0,199.0,104.0,136.0,252.0,61.0,106.0,199.521351,102.93440199999999,137.914028,-0.5213510000000099,1.0655980000000085,-1.9140280000000018,2.251845720201328,74.55199527846321
1656.0,74.0,117.0,136.0,100.0,28.0,102.0,72.80204,116.75484399999999,135.852816,1.1979599999999948,0.2451560000000086,0.14718400000000997,1.2316138825914535,98.75727821279807
1657.0,369.0,144.0,136.0,432.0,174.0,107.0,368.782667,143.969805,136.423308,0.21733299999999645,0.030194999999991978,-0.4233079999999916,0.47679663775868936,75.56454194925024
1658.0,373.0,154.0,136.0,431.0,186.0,106.0,371.118776,153.544132,135.468231,1.8812239999999747,0.4558680000000095,0.531768999999997,2.007385772830153,72.71863585079137
1659.0,358.0,210.0,137.0,393.0,246.0,108.0,357.22426600000006,210.060862,136.607257,0.7757339999999431,-0.06086199999998598,0.39274299999999585,0.8716160197293913,57.982756057296896
1660.0,354.0,308.0,137.0,351.0,358.0,110.0,353.75168,308.022464,137.155911,0.24831999999997834,-0.022464000000013584,-0.15591100000000324,0.2940674984029872,56.90342696182718
1661.0,222.0,416.0,137.0,156.0,432.0,110.0,221.50026799999998,416.198988,137.346168,0.49973200000002294,-0.19898799999998573,-0.3461680000000058,0.6396566111532197,73.08214556237385
1662.0,292.0,152.0,138.0,340.0,153.0,108.0,291.848525,151.57108399999998,137.990532,0.1514750000000049,0.4289160000000152,0.009467999999998256,0.4549761023449633,56.61271941887264
1663.0,349.0,327.0,138.0,338.0,377.0,111.0,348.60406800000004,326.174263,137.822258,0.3959319999999593,0.8257370000000037,0.17774199999999496,0.9328429451718934,57.879184513951124
1664.0,221.0,417.0,138.0,155.0,433.0,110.0,220.98350499999998,417.23589400000003,137.33983899999998,0.016495000000020354,-0.23589400000003025,0.6601610000000164,0.7012350605767204,73.45747068882783
1665.0,201.0,433.0,138.0,126.0,443.0,110.0,201.053825,432.54267400000003,137.379966,-0.05382499999998913,0.45732599999996637,0.620034000000004,0.7723252954921087,80.67837380611982
1666.0,219.0,455.0,139.0,137.0,476.0,113.0,218.21400099999997,455.355447,139.389385,0.7859990000000323,-0.3554470000000265,-0.3893850000000043,0.946444755934055,88.54942122905152
1667.0,312.0,144.0,140.0,367.0,151.0,110.0,312.324171,143.02000199999998,139.505627,-0.32417099999997845,0.9799980000000232,0.49437299999999595,1.144503202430656,63.03967004989794
1668.0,428.0,366.0,141.0,413.0,454.0,116.0,426.95564199999995,366.56359,140.603869,1.0443580000000452,-0.5635899999999765,0.3961309999999969,1.251094356723371,92.70382947861431
1669.0,197.0,461.0,141.0,110.0,474.0,115.0,196.73434699999999,460.837885,141.198402,0.26565300000001457,0.1621149999999716,-0.1984019999999873,0.3690747122710976,91.72785836374901
1670.0,172.0,108.0,142.0,219.0,58.0,111.0,173.14736499999998,109.228689,142.225243,-1.1473649999999793,-1.2286890000000028,-0.22524300000000608,1.6961301574451655,75.2994023880668
1671.0,221.0,167.0,142.0,252.0,143.0,112.0,220.91179499999998,166.709724,141.86426,0.0882050000000163,0.29027600000000575,0.13573999999999842,0.3323636950706346,49.36598018878993
1672.0,353.0,100.0,143.0,431.0,117.0,114.0,353.23935300000005,100.008258,142.834547,-0.239353000000051,-0.008257999999997878,0.16545300000001362,0.2910889011659992,84.9352694703443
1673.0,282.0,192.0,143.0,313.0,196.0,115.0,282.123211,192.06901699999997,143.366089,-0.12321100000002616,-0.0690169999999739,-0.3660889999999881,0.39238431764151094,41.96427051671457
1674.0,416.0,390.0,143.0,391.0,476.0,119.0,415.614411,389.405117,142.92239899999998,0.38558899999998175,0.5948829999999816,0.07760100000001557,0.7131525613856873,92.72000862812729
1675.0,360.0,81.0,144.0,446.0,98.0,115.0,359.95923500000004,81.35642899999999,143.795826,0.04076499999996486,-0.35642899999999145,0.20417399999999475,0.4127837685059684,92.33634170791044
1676.0,382.0,103.0,144.0,463.0,132.0,116.0,382.0229279999999,103.367218,144.122303,-0.022927999999922122,-0.36721799999999405,-0.12230299999998806,0.38772770924579164,90.47651629014017
1677.0,289.0,419.0,144.0,233.0,461.0,119.0,288.95350599999995,418.81076699999994,143.958973,0.04649400000005244,0.18923300000005838,0.04102700000001391,0.19913320931986234,74.33034373659252
1678.0,353.0,231.0,145.0,380.0,267.0,118.0,352.67969299999993,229.85549799999998,144.62336399999998,0.32030700000007073,1.144502000000017,0.37663600000001907,1.2467301547444414,52.478567053607705
1679.0,234.0,373.0,145.0,186.0,387.0,119.0,233.183018,373.52520300000003,145.08592199999998,0.8169819999999959,-0.5252030000000332,-0.08592199999998229,0.9750283942619441,56.356011214421486
1680.0,213.0,423.0,145.0,143.0,437.0,119.0,212.78351800000002,423.551343,144.731371,0.21648199999998496,-0.5513429999999744,0.2686290000000042,0.6503884221094095,75.97367965289031
1681.0,199.0,460.0,145.0,112.0,474.0,119.0,198.324987,460.357585,144.46454,0.675013000000007,-0.35758499999997184,0.5354600000000005,0.9328595789259978,91.87491496594704
1682.0,346.0,310.0,146.0,342.0,357.0,120.0,346.59079299999996,309.683008,145.40923,-0.5907929999999624,0.3169920000000275,0.590769999999992,0.8936047727116074,53.86093203798092
1683.0,161.0,103.0,147.0,208.0,45.0,116.0,161.264409,102.035356,146.53443199999998,-0.26440900000000056,0.9646440000000069,0.46556800000001886,1.1032695629994653,80.83316151184488
1684.0,401.0,234.0,147.0,434.0,290.0,122.0,400.656034,233.733036,147.33571,0.3439660000000231,0.26696400000000153,-0.33571000000000595,0.5498032289392458,69.6419413859206
1685.0,403.0,384.0,147.0,379.0,464.0,123.0,403.20550699999995,383.238825,146.406003,-0.2055069999999546,0.7611749999999802,0.5939970000000017,0.9871438313047158,86.90224392960172
1686.0,398.0,100.0,148.0,483.0,131.0,119.0,397.329296,97.422187,146.482983,0.6707040000000006,2.577813000000006,1.5170170000000098,3.0653391813752133,95.01052573267869
1687.0,283.0,265.0,148.0,285.0,282.0,121.0,282.799803,266.229083,147.421637,0.20019700000000284,-1.2290830000000028,0.578362999999996,1.3730359133930194,31.96873472629156
1688.0,228.0,346.0,148.0,191.0,353.0,122.0,228.24896499999997,345.83651399999997,147.916723,-0.2489649999999699,0.16348600000003444,0.0832770000000096,0.3092673635384081,45.760244754590204
1689.0,367.0,86.0,149.0,452.0,106.0,122.0,366.76672599999995,86.08241199999999,149.403784,0.23327400000005127,-0.08241199999999083,-0.4037840000000017,0.47355043604248087,91.40021881811882
1690.0,201.0,457.0,149.0,116.0,471.0,124.0,200.69815099999997,457.03631199999995,148.574364,0.3018490000000327,-0.036311999999952604,0.42563599999999724,0.5230653732001517,89.69949832635632
1691.0,360.0,274.0,150.0,372.0,321.0,127.0,360.596856,273.982727,151.404524,-0.5968560000000025,0.01727299999998877,-1.4045240000000092,1.5261792515432218,53.68426212587819
1692.0,342.0,318.0,150.0,334.0,364.0,126.0,342.251612,317.26041999999995,150.28590599999998,-0.2516120000000228,0.7395800000000463,-0.2859059999999829,0.8318830541488811,52.49761899362675
1693.0,352.0,28.0,151.0,458.0,32.0,123.0,352.183773,27.033072999999987,151.06151,-0.18377299999997376,0.9669270000000125,-0.0615099999999984,0.9861560824524759,109.70870521521982
1694.0,311.0,249.0,151.0,324.0,274.0,124.0,311.046912,249.90715,149.761304,-0.04691200000002027,-0.9071500000000015,1.2386960000000045,1.5360630321246636,39.02563260217571
1695.0,470.0,334.0,151.0,476.0,433.0,129.0,470.55897000000004,334.001849,151.1585,-0.5589700000000448,-0.0018489999999928841,-0.15850000000000364,0.5810104385474079,101.59232254457027
1696.0,349.0,319.0,152.0,342.0,369.0,128.0,349.786517,319.08624,151.822014,-0.7865170000000035,-0.08623999999997523,0.1779860000000042,0.8110026788395971,55.90169943749474
1697.0,199.0,470.0,152.0,109.0,486.0,128.0,199.19904599999998,470.55032199999994,151.712909,-0.1990459999999814,-0.5503219999999374,0.28709100000000376,0.6518395938272896,94.50925880568528
1698.0,239.0,172.0,153.0,271.0,156.0,126.0,239.18486599999997,172.011452,153.077391,-0.1848659999999711,-0.011451999999991358,-0.07739100000000576,0.20073851932548972,44.82186966202994
1699.0,207.0,193.0,153.0,226.0,168.0,125.0,207.335175,193.02049899999997,152.361806,-0.33517499999999245,-0.02049899999997251,0.6381939999999986,0.7211477457927689,42.07136793592526
1700.0,306.0,308.0,153.0,296.0,339.0,129.0,306.250392,307.739805,153.244808,-0.25039199999997663,0.26019500000001017,-0.24480800000000613,0.43626660261014316,40.45985664828782
1701.0,359.0,270.0,154.0,372.0,316.0,130.0,359.32347599999997,270.12719200000004,153.921152,-0.323475999999971,-0.1271920000000364,0.07884799999999359,0.3564148349100939,53.48831648126533
1702.0,359.0,287.0,154.0,365.0,335.0,129.0,358.819194,286.699981,152.916329,0.18080600000001823,0.30001900000002024,1.0836710000000096,1.138878854943773,54.45181356024793
1703.0,379.0,42.0,155.0,484.0,59.0,129.0,379.464632,41.315084999999996,155.517684,-0.4646319999999946,0.6849150000000037,-0.5176840000000027,0.9762111331597294,109.4988584415381
1704.0,397.0,113.0,155.0,477.0,149.0,130.0,397.451997,113.07645,155.315561,-0.45199700000000576,-0.07644999999999413,-0.3155610000000024,0.5565290964810428,91.21951545584969
1705.0,361.0,272.0,155.0,373.0,319.0,131.0,360.890172,272.208255,154.699649,0.10982799999999315,-0.2082550000000083,0.30035100000000625,0.3816320974577554,54.120236510939236
1706.0,403.0,331.0,155.0,398.0,403.0,133.0,402.18800000000005,331.001169,155.213238,0.811999999999955,-0.0011690000000044165,-0.21323799999998982,0.8395330911911231,75.45197147855052
1707.0,349.0,155.0,157.0,405.0,178.0,132.0,349.07539,154.341294,157.004581,-0.07539000000002716,0.6587059999999951,-0.004581000000001723,0.6630220449555185,65.49809157525127
1708.0,354.0,311.0,157.0,349.0,361.0,133.0,353.189596,311.100197,155.974369,0.8104040000000055,-0.10019699999998011,1.0256310000000042,1.3109969604030414,55.68662316930342
1709.0,282.0,290.0,158.0,275.0,309.0,135.0,282.183942,289.945695,158.627807,-0.18394200000000183,0.05430499999999938,-0.62780699999999,0.6564490244017337,30.643106892089126
1710.0,172.0,129.0,160.0,210.0,81.0,133.0,172.341186,129.65623699999998,160.027106,-0.34118599999999333,-0.656236999999976,-0.027106000000003405,0.7401281118839927,66.91038783328041
1711.0,392.0,385.0,161.0,365.0,461.0,141.0,391.71297599999997,384.72363699999994,161.264129,0.2870240000000308,0.2763630000000603,-0.26412899999999695,0.4780412251951179,83.09632964216891
1712.0,410.0,392.0,161.0,383.0,477.0,141.0,409.86106799999993,392.478213,160.977803,0.138932000000068,-0.47821299999998246,0.022197000000005573,0.4984801709215747,91.40021881811882
1713.0,381.0,40.0,162.0,486.0,58.0,137.0,380.83182500000004,40.097218999999996,162.072618,0.16817499999996244,-0.0972189999999955,-0.07261800000000562,0.20738307189832855,109.42577392917995
1714.0,304.0,200.0,162.0,335.0,213.0,138.0,303.850545,199.78799399999997,161.889107,0.149454999999989,0.21200600000003078,0.11089300000000435,0.2821003341189279,41.30375285612676
1715.0,386.0,210.0,162.0,426.0,257.0,139.0,386.01040800000004,210.337923,161.69508199999999,-0.010408000000040829,-0.3379229999999893,0.3049180000000149,0.4552749357443288,65.86349520030045
1716.0,293.0,435.0,162.0,231.0,482.0,141.0,293.06560299999995,435.865103,161.746279,-0.06560299999995323,-0.8651029999999764,0.25372100000001296,0.9039254947499598,80.58535847162312
1717.0,283.0,289.0,163.0,277.0,308.0,141.0,283.5327649999999,288.70809899999995,163.544229,-0.5327649999999267,0.2919010000000526,-0.5442290000000014,0.8156162967149162,29.68164415931166
1718.0,353.0,216.0,164.0,386.0,248.0,140.0,352.5999100000001,213.749754,162.838006,0.40008999999992056,2.250246000000004,1.1619939999999929,2.563963557590462,51.85556864985669
1719.0,228.0,127.0,165.0,275.0,100.0,140.0,227.85078399999998,127.59658599999999,165.184435,0.149216000000024,-0.5965859999999878,-0.18443500000000768,0.6420253416158863,59.69087032369355
1720.0,448.0,295.0,165.0,465.0,379.0,145.0,448.109382,295.058965,164.962157,-0.10938199999998233,-0.0589650000000006,0.0378430000000094,0.12989759735267206,88.0056816347672
1721.0,280.0,177.0,167.0,316.0,178.0,145.0,280.04624499999994,177.598859,168.139336,-0.04624499999994214,-0.5988590000000045,-1.139335999999986,1.287966312758982,42.20189569201838
1722.0,387.0,198.0,168.0,432.0,243.0,146.0,387.09378499999997,197.969334,167.562024,-0.09378499999996848,0.03066599999999653,0.4379759999999919,0.4489532340422405,67.3349834781297
1723.0,364.0,131.0,169.0,432.0,157.0,146.0,364.717703,131.145098,168.57441599999999,-0.7177029999999718,-0.14509799999999018,0.42558400000001484,0.8469195752070968,76.34788798650555
1724.0,284.0,283.0,169.0,279.0,302.0,147.0,283.580653,283.585373,168.519511,0.4193470000000161,-0.5853730000000041,0.4804890000000057,0.8656691831519844,29.49576240750525
1725.0,150.0,410.0,169.0,76.0,396.0,148.0,150.32656599999999,409.39132199999995,169.337128,-0.3265659999999855,0.6086780000000545,-0.337128000000007,0.7686283552042961,78.18567643756751
1726.0,231.0,226.0,170.0,242.0,214.0,148.0,231.94623199999998,224.83251,170.57609399999998,-0.9462319999999806,1.1674899999999866,-0.5760939999999835,1.6094322585184855,27.367864366808018
1727.0,230.0,172.0,173.0,260.0,152.0,150.0,229.818108,171.998788,172.846496,0.18189200000000483,0.0012120000000095388,0.1535039999999981,0.23801186235984373,42.76680956068619
1728.0,312.0,262.0,174.0,322.0,288.0,154.0,313.41118,261.601224,174.185062,-1.4111800000000017,0.398775999999998,-0.18506199999998785,1.4780728109332093,34.292856398964496
1729.0,433.0,269.0,174.0,457.0,343.0,156.0,432.628085,269.273584,174.441309,0.37191500000000133,-0.273584000000028,-0.44130899999998974,0.6386881913437944,79.84985911070852
1730.0,291.0,185.0,176.0,325.0,192.0,155.0,290.773263,186.236953,176.118101,0.22673700000001418,-1.2369529999999997,-0.11810099999999579,1.263095498202335,40.570925550201586
1731.0,453.0,279.0,176.0,477.0,362.0,158.0,453.12900800000006,278.85920799999997,175.74729299999998,-0.12900800000005574,0.1407920000000331,0.2527070000000151,0.31674323856561065,88.25531145489205
1732.0,204.0,103.0,177.0,258.0,63.0,152.0,205.125935,103.38296399999999,175.543602,-1.1259349999999984,-0.382963999999987,1.4563980000000072,1.8802888565124793,71.7007670809734
1733.0,282.0,116.0,177.0,343.0,108.0,154.0,282.89347,116.27906399999999,176.189719,-0.8934699999999793,-0.2790639999999911,0.8102810000000034,1.2380309592077912,65.68104749469211
1734.0,351.0,153.0,177.0,409.0,176.0,156.0,351.883256,151.98448199999999,176.668497,-0.8832560000000171,1.0155180000000144,0.3315029999999979,1.3861140677696977,65.83312236253116
1735.0,361.0,212.0,177.0,396.0,249.0,158.0,360.79492700000003,212.10555,177.51841199999998,0.2050729999999703,-0.10554999999999382,-0.5184119999999837,0.5674035068388013,54.35991169970753
1736.0,429.0,223.0,177.0,471.0,288.0,159.0,429.22265500000003,222.928429,177.470335,-0.22265500000003158,0.07157100000000582,-0.4703350000000057,0.5252738993049438,79.45438943192504
1737.0,291.0,268.0,177.0,292.0,286.0,159.0,289.628231,267.89289699999995,178.468176,1.371768999999972,0.1071030000000519,-1.4681759999999997,2.0121535748908266,25.475478405713993
1738.0,444.0,283.0,177.0,465.0,363.0,160.0,444.084165,282.774524,177.439349,-0.0841649999999845,0.22547600000001466,-0.4393489999999929,0.5009498154526038,84.4393273303382
1739.0,224.0,232.0,178.0,231.0,221.0,157.0,225.303756,233.219157,177.926867,-1.3037559999999928,-1.2191569999999956,0.07313300000001277,1.7864691248028812,24.71841418861655
1740.0,175.0,167.0,179.0,198.0,125.0,157.0,174.686454,167.20070099999998,179.236598,0.3135460000000023,-0.20070099999998092,-0.23659799999998654,0.4411015746072411,52.69724850502159
1741.0,309.0,282.0,179.0,308.0,309.0,161.0,308.062102,281.62614499999995,179.748844,0.9378980000000183,0.3738550000000487,-0.7488439999999912,1.2570551124612865,32.46536616149585
1742.0,392.0,312.0,179.0,393.0,378.0,162.0,392.06494000000004,313.161004,179.293177,-0.06494000000003552,-1.1610039999999913,-0.2931769999999858,1.1992081741486655,68.1615727518079
1743.0,189.0,436.0,179.0,111.0,440.0,161.0,189.08744899999996,434.61291099999994,179.27898299999998,-0.08744899999996392,1.38708900000006,-0.27898299999998244,1.4175664837358248,80.14985963805552
1744.0,357.0,155.0,180.0,414.0,181.0,160.0,357.105681,154.609672,179.859446,-0.10568100000000413,0.3903280000000109,0.14055400000000873,0.42811195762441845,65.76473218982953
1745.0,417.0,325.0,180.0,418.0,401.0,164.0,417.49136100000004,324.555332,180.524858,-0.49136100000004035,0.44466799999997875,-0.5248579999999947,0.8453645265262881,77.67238891652555
1746.0,189.0,448.0,180.0,106.0,455.0,161.0,189.10550399999997,447.56770099999994,179.129618,-0.10550399999996785,0.4322990000000573,0.8703820000000064,0.9775368767167067,85.43418519538885
1747.0,371.0,72.0,181.0,462.0,91.0,160.0,370.98245099999997,72.203092,180.657662,0.0175490000000309,-0.20309199999999805,0.34233800000001224,0.398433977101613,95.30477427705287
1748.0,354.0,115.0,181.0,426.0,133.0,162.0,353.958475,114.213594,181.997698,0.04152499999997872,0.7864059999999995,-0.997698000000014,1.2710468211930768,76.60939890117922
1749.0,356.0,155.0,181.0,412.0,181.0,161.0,355.560966,155.139297,180.689588,0.4390339999999924,-0.13929699999999912,0.3104120000000137,0.5554368704983507,64.89992295835181
1750.0,426.0,304.0,181.0,436.0,380.0,165.0,426.021719,303.56981099999996,181.493352,-0.021719000000018696,0.43018900000004123,-0.49335199999998736,0.6549278483818075,78.30708780180757
1751.0,378.0,211.0,182.0,416.0,255.0,164.0,377.95015900000004,211.62929599999998,182.254456,0.04984099999995806,-0.6292959999999823,-0.2544560000000047,0.6806213608409422,60.860496218811754
1752.0,230.0,232.0,182.0,237.0,220.0,163.0,229.760379,230.942041,182.821517,0.23962099999999964,1.057959000000011,-0.821517,1.3607298227829885,23.53720459187964
1753.0,239.0,375.0,182.0,192.0,390.0,164.0,239.03860399999996,374.740926,181.884468,-0.03860399999996389,0.25907399999999825,0.11553200000000174,0.28628176560164764,52.51666402200353
1754.0,323.0,117.0,183.0,390.0,124.0,162.0,323.64659200000006,116.57603999999999,182.299594,-0.6465920000000551,0.4239600000000081,0.7004059999999868,1.0432602076663615,70.5620294492725
1755.0,425.0,251.0,183.0,455.0,319.0,166.0,424.92154700000003,251.24336999999997,182.927283,0.07845299999996769,-0.24336999999997033,0.07271700000001147,0.2658412913713409,76.24303246854758
1756.0,321.0,49.0,184.0,413.0,45.0,163.0,320.97085400000003,49.223611000000005,183.923649,0.029145999999968808,-0.22361100000000533,0.07635099999998829,0.2380773904384849,94.45104552094699
1757.0,424.0,287.0,184.0,439.0,361.0,167.0,423.42738599999996,288.046407,183.339203,0.5726140000000441,-1.0464069999999879,0.6607970000000023,1.3636374436975645,77.3950902835574
1758.0,303.0,338.0,184.0,280.0,372.0,167.0,302.754393,337.91461300000003,184.075148,0.2456070000000068,0.0853869999999688,-0.07514800000001287,0.2706676192713121,44.429719783046124
1759.0,398.0,148.0,185.0,463.0,189.0,167.0,397.32202199999995,148.16081499999999,185.233355,0.6779780000000528,-0.16081499999998528,-0.23335499999998888,0.734826638557736,78.93034904268447
1760.0,237.0,169.0,185.0,270.0,152.0,165.0,237.725383,169.54796299999998,185.080906,-0.7253829999999937,-0.5479629999999815,-0.08090599999999881,0.9126827087734106,42.16633728461603
1761.0,306.0,179.0,185.0,345.0,190.0,167.0,305.902109,179.603681,185.863857,0.09789100000000417,-0.6036809999999946,-0.8638569999999959,1.0584244489291559,44.339598554790726
1762.0,302.0,339.0,185.0,278.0,373.0,168.0,301.46986499999997,339.221264,184.893518,0.5301350000000298,-0.22126400000001922,0.10648199999999974,0.5842424943848573,44.955533585978046
1763.0,234.0,347.0,185.0,196.0,356.0,166.0,233.318416,347.30225199999995,183.901456,0.6815839999999866,-0.3022519999999531,1.098544000000004,1.3276716237443513,43.42810150121693
1764.0,423.0,194.0,186.0,475.0,252.0,169.0,423.055573,194.014623,186.064915,-0.05557299999998122,-0.014623000000000275,-0.06491500000001338,0.08669571894274629,79.73079706111058
1765.0,414.0,222.0,186.0,454.0,282.0,171.0,414.56360299999994,222.802613,187.46457,-0.5636029999999437,-0.802613000000008,-1.464570000000009,1.7626120543891601,73.65459931328118
1766.0,294.0,269.0,186.0,297.0,289.0,167.0,294.36702199999996,269.00349500000004,184.95969300000002,-0.3670219999999631,-0.0034950000000435466,1.0403069999999843,1.1031572951115995,27.748873851023216
1767.0,284.0,84.0,187.0,356.0,72.0,166.0,283.73730800000004,85.04606799999999,186.373824,0.2626919999999586,-1.0460679999999911,0.6261759999999867,1.2471414236019678,75.95393340703298
1768.0,240.0,142.0,187.0,284.0,121.0,167.0,240.555256,141.841567,187.008148,-0.5552560000000142,0.15843300000000227,-0.008148000000005595,0.5774743552133,52.69724850502159
1769.0,436.0,359.0,187.0,426.0,448.0,173.0,436.018415,359.085299,187.301334,-0.01841500000000451,-0.08529900000002044,-0.3013339999999971,0.31371517524978276,90.64766957842876
1770.0,214.0,368.0,187.0,166.0,372.0,170.0,214.20964800000002,367.57052799999997,187.153418,-0.2096480000000156,0.4294720000000325,-0.15341799999998784,0.5019318334316232,51.07837115648854
1771.0,404.0,319.0,189.0,405.0,389.0,175.0,404.369802,318.71797499999997,189.748697,-0.36980199999999286,0.28202500000003283,-0.7486969999999928,0.8813846025646254,71.39327699440614
1772.0,236.0,451.0,189.0,158.0,476.0,174.0,235.09023599999998,450.499732,189.249698,0.909764000000024,0.5002680000000055,-0.2496979999999951,1.0678425439754902,83.2706430862642
1773.0,255.0,194.0,190.0,281.0,188.0,172.0,255.70286,194.73127399999998,190.332033,-0.7028599999999869,-0.7312739999999849,-0.3320329999999956,1.067248685061245,32.18695387886216
1774.0,398.0,261.0,191.0,420.0,320.0,176.0,398.080334,261.21484599999997,191.298576,-0.08033399999999347,-0.2148459999999659,-0.29857599999999707,0.3765102695119783,64.73020933072904
1775.0,460.0,296.0,191.0,479.0,385.0,178.0,460.850909,296.408346,191.850771,-0.8509090000000015,-0.40834599999999455,-0.8507710000000088,1.270670640424974,91.92932067626738
1776.0,369.0,362.0,191.0,348.0,425.0,177.0,369.468754,361.523801,191.27366800000001,-0.4687539999999899,0.47619900000000825,-0.2736680000000149,0.722073385703286,67.86751800382861
1777.0,181.0,470.0,191.0,88.0,477.0,175.0,180.97310799999997,469.47822299999996,190.43819200000002,0.026892000000032112,0.5217770000000428,0.561807999999985,0.7672044357646985,94.62557793746889
1778.0,209.0,114.0,192.0,259.0,76.0,172.0,209.469016,113.42172199999999,191.770243,-0.46901600000001054,0.5782780000000116,0.22975700000000643,0.7792109679599141,65.90902821313632
1779.0,302.0,303.0,192.0,293.0,331.0,176.0,302.269741,302.766892,191.860345,-0.26974100000001044,0.23310800000001564,0.13965500000000475,0.38288779788603117,33.481338085566414
1780.0,211.0,121.0,194.0,258.0,85.0,175.0,211.06130399999998,120.70443099999999,194.127506,-0.06130399999997849,0.2955690000000146,-0.127506000000011,0.32768429045807,62.177166226839255
1781.0,253.0,154.0,194.0,293.0,139.0,175.0,252.30465199999998,153.56803499999998,193.301313,0.6953480000000241,0.4319650000000195,0.6986870000000067,1.0762277297570713,46.75467891024384
1782.0,353.0,118.0,195.0,423.0,137.0,178.0,352.815333,118.259178,195.075035,0.18466699999999037,-0.2591780000000057,-0.07503500000001395,0.3269638937222296,74.4983221287567
1783.0,227.0,219.0,195.0,237.0,205.0,178.0,225.995349,219.43462599999998,195.286937,1.0046509999999955,-0.4346259999999802,-0.28693699999999467,1.1316166460626014,24.186773244895647
1784.0,435.0,345.0,195.0,431.0,429.0,181.0,435.033092,343.101325,194.051835,-0.03309200000001056,1.8986750000000256,0.9481649999999888,2.122517067849886,85.25256594378845
1785.0,357.0,156.0,196.0,414.0,182.0,178.0,357.531198,155.56426799999997,194.594282,-0.5311980000000176,0.43573200000003,1.4057180000000074,1.5646331156383166,65.18435395092905
1786.0,348.0,268.0,197.0,359.0,307.0,183.0,347.368248,267.035243,197.518427,0.6317520000000059,0.9647570000000201,-0.5184270000000026,1.264370678591547,42.871902220452036
1787.0,308.0,274.0,197.0,310.0,300.0,182.0,307.467204,274.32031600000005,197.048282,0.5327960000000189,-0.320316000000048,-0.04828200000000038,0.6235423554146511,30.083217912982647
1788.0,300.0,282.0,198.0,299.0,306.0,183.0,300.491061,281.85101699999996,197.856779,-0.49106100000000197,0.14898300000004383,0.14322100000001114,0.5327749007329626,28.319604517012593
1789.0,224.0,188.0,199.0,247.0,168.0,183.0,224.18385500000002,188.135189,199.764351,-0.18385500000002253,-0.1351889999999969,-0.7643510000000049,0.7976911544871329,34.42382895611701
1790.0,341.0,247.0,199.0,359.0,282.0,184.0,340.872758,247.619458,198.631983,0.12724200000002384,-0.6194580000000087,0.3680170000000089,0.7316797473054885,42.118879377305376
1791.0,337.0,242.0,200.0,357.0,274.0,185.0,337.246547,241.932875,199.556301,-0.24654700000002094,0.06712500000000432,0.4436990000000094,0.5120156163976048,40.607881008493905
1792.0,192.0,414.0,200.0,122.0,416.0,186.0,191.619036,413.35223199999996,199.983038,0.38096400000000585,0.6477680000000419,0.016962000000006583,0.7516812227028549,71.4142842854285
1793.0,311.0,46.0,201.0,402.0,36.0,183.0,310.26642100000004,45.286356999999995,200.47459,0.7335789999999633,0.7136430000000047,0.5254099999999937,1.1504260727182545,93.30058949438637
1794.0,232.0,158.0,201.0,269.0,136.0,183.0,232.950771,157.552997,200.021309,-0.9507710000000031,0.44700299999999515,0.9786909999999978,1.4358319016970604,46.65833258915282
1795.0,277.0,322.0,201.0,257.0,343.0,187.0,277.52282,321.55539899999997,200.92684500000001,-0.5228200000000243,0.4446010000000342,0.07315499999998565,0.6901901590330405,32.202484376209235
1796.0,229.0,266.0,202.0,222.0,260.0,186.0,228.72486399999997,266.14817600000003,201.27517,0.2751360000000318,-0.14817600000003495,0.7248299999999972,0.7893253286016,18.466185312619388
1797.0,373.0,91.0,203.0,458.0,115.0,189.0,374.385504,92.17732099999999,204.15533,-1.3855040000000258,-1.177320999999992,-1.1553299999999922,2.1541804659677504,89.42594701763018
1798.0,211.0,146.0,203.0,248.0,114.0,186.0,210.93826199999998,145.9455,202.852364,0.06173800000001961,0.05449999999999022,0.14763600000000565,0.16905093652506933,51.78802950489621
1799.0,172.0,177.0,204.0,190.0,135.0,188.0,171.35745899999998,177.355816,204.559358,0.6425410000000227,-0.35581600000000435,-0.5593580000000031,0.923225505876563,48.41487374764082
1800.0,225.0,191.0,204.0,247.0,173.0,190.0,225.549085,192.08937400000002,205.440283,-0.5490849999999909,-1.0893740000000207,-1.4402829999999938,1.887497064683815,31.68595903550972
1801.0,250.0,198.0,204.0,273.0,189.0,188.0,249.894407,197.74518,203.471901,0.10559299999999894,0.25481999999999516,0.5280989999999974,0.5957949881041251,29.427877939124322
1802.0,377.0,195.0,205.0,422.0,236.0,190.0,377.90711600000003,195.56301200000001,203.746122,-0.9071160000000305,-0.5630120000000147,1.253877999999986,1.646830892497477,62.69768735766894
1803.0,399.0,251.0,205.0,425.0,309.0,193.0,399.259172,251.53586499999997,205.328205,-0.2591719999999782,-0.5358649999999727,-0.32820499999999697,0.6797352027326211,64.68384651518491
1804.0,203.0,71.0,206.0,266.0,23.0,188.0,201.26471499999997,70.578024,205.464154,1.735285000000033,0.4219760000000008,0.5358459999999923,1.864512995802686,81.2219182240853
1805.0,60.0,169.0,206.0,63.0,81.0,187.0,58.62552600000001,168.39130699999998,205.067051,1.3744739999999922,0.6086930000000166,0.9329490000000078,1.7692031487440931,90.07774419910837
1806.0,405.0,257.0,206.0,429.0,317.0,193.0,404.448468,256.71255299999996,205.212257,0.5515320000000088,0.28744700000004286,0.7877430000000061,1.0036694470203045,65.91661399070799
1807.0,384.0,303.0,206.0,388.0,362.0,194.0,384.311118,302.343668,205.724936,-0.31111800000002177,0.6563320000000203,0.2750639999999862,0.776676450167013,60.340699366182356
1808.0,367.0,210.0,207.0,403.0,248.0,194.0,366.30405,209.864504,206.985299,0.6959499999999821,0.13549599999998918,0.014701000000002296,0.7091697172870344,53.9351462406472
1809.0,339.0,239.0,207.0,359.0,271.0,194.0,338.10255099999995,239.170822,206.954035,0.8974490000000515,-0.17082199999998693,0.04596499999999537,0.9147172483943262,39.91240408695021
1810.0,313.0,251.0,207.0,325.0,274.0,194.0,312.466812,250.33782,207.103781,0.5331879999999956,0.6621800000000064,-0.1037809999999979,0.8564708352915488,29.017236257093817
1811.0,402.0,292.0,207.0,413.0,357.0,195.0,402.44311799999997,291.971403,206.466977,-0.4431179999999699,0.028596999999990658,0.5330229999999858,0.6937469775515838,67.00746227100382
1812.0,274.0,261.0,208.0,277.0,271.0,195.0,274.40183599999995,260.49084700000003,208.219617,-0.4018359999999461,0.5091529999999693,-0.2196169999999995,0.6847923590358798,16.673332000533065
1813.0,370.0,286.0,208.0,378.0,338.0,197.0,370.32468499999993,286.323439,208.519662,-0.3246849999999313,-0.3234390000000076,-0.519662000000011,0.6928793042009349,53.749418601506754
1814.0,211.0,402.0,208.0,149.0,411.0,197.0,211.396786,402.558857,208.906753,-0.39678599999999165,-0.5588569999999891,-0.906753000000009,1.1366447462835507,63.608175575157006
1815.0,181.0,441.0,208.0,99.0,444.0,197.0,181.135457,441.194715,208.790427,-0.13545700000000238,-0.19471499999997377,-0.790426999999994,0.825249884824579,82.78888814327681
1816.0,226.0,194.0,209.0,247.0,175.0,194.0,226.106199,193.682886,208.693763,-0.10619900000000371,0.31711400000000367,0.3062370000000101,0.45345409554442145,32.046840717924134
1817.0,433.0,246.0,210.0,466.0,315.0,200.0,432.739539,245.61199599999998,210.769202,0.2604610000000207,0.38800400000002355,-0.769202000000007,0.9000326401531447,77.13624310270757
1818.0,247.0,207.0,211.0,266.0,199.0,197.0,247.140292,207.423385,210.765586,-0.1402919999999881,-0.4233849999999961,0.2344139999999868,0.5038716373095307,24.919871588754223
1819.0,306.0,252.0,211.0,317.0,273.0,199.0,306.03695,251.689159,211.255377,-0.03694999999999027,0.3108410000000106,-0.25537700000000996,0.4039861902466605,26.570660511172846
1820.0,226.0,241.0,212.0,228.0,230.0,199.0,225.70035899999996,241.406361,212.246,0.2996410000000367,-0.40636100000000397,-0.24600000000000932,0.5616315439877195,17.146428199482248
1821.0,427.0,283.0,212.0,445.0,356.0,202.0,427.109626,282.947272,212.039365,-0.10962599999999156,0.052728000000001884,-0.03936500000000365,0.1278581443827441,75.8485332752058
1822.0,320.0,67.0,213.0,405.0,64.0,199.0,320.029467,66.42128499999998,213.236741,-0.029467000000011012,0.5787150000000167,-0.23674099999999498,0.6259597881613623,86.1974477580398
1823.0,346.0,81.0,213.0,429.0,91.0,199.0,345.70131599999996,81.16386700000001,212.788265,0.29868400000003703,-0.16386700000001042,0.21173500000000445,0.4011187302657748,84.76437931112338
1824.0,171.0,143.0,213.0,203.0,95.0,198.0,171.14217900000003,142.99498599999998,213.152039,-0.14217900000002714,0.005014000000016949,-0.15203900000000203,0.20822071404643802,59.60704656330491
1825.0,302.0,244.0,213.0,315.0,263.0,200.0,301.890365,244.448524,212.203239,0.10963500000002568,-0.44852399999999193,0.7967610000000036,0.9208809385159431,26.43860813280457
1826.0,311.0,283.0,213.0,311.0,311.0,201.0,311.28072599999996,282.795157,212.479211,-0.28072599999995873,0.20484299999998257,0.5207890000000077,0.6260901885878565,30.463092423455635
1827.0,226.0,300.0,213.0,206.0,298.0,202.0,226.32773,299.991084,214.023018,-0.3277300000000025,0.008915999999999258,-1.0230180000000075,1.0742682515461475,22.9128784747792
1828.0,309.0,129.0,214.0,367.0,132.0,201.0,308.21645299999994,129.15422299999997,214.281591,0.7835470000000555,-0.15422299999997335,-0.2815909999999917,0.8467727713023573,59.51470406546604
1829.0,443.0,349.0,214.0,438.0,439.0,205.0,443.29405199999997,349.289185,213.558158,-0.2940519999999651,-0.28918499999997493,0.4418420000000083,0.6044161611778529,90.5869747811461
1830.0,485.0,361.0,214.0,482.0,469.0,206.0,485.294647,361.17511,213.784762,-0.29464699999999766,-0.17511000000001786,0.21523799999999937,0.40473171775017164,108.33743581975715
1831.0,398.0,97.0,215.0,483.0,129.0,202.0,397.571277,96.68692999999999,214.504775,0.42872299999999086,0.3130700000000104,0.4952250000000049,0.7259917604587559,91.74965939991276
1832.0,386.0,200.0,215.0,430.0,244.0,205.0,386.341987,199.84815499999996,215.897242,-0.34198700000001736,0.1518450000000371,-0.8972420000000056,0.972139505810783,63.02380502635492
1833.0,319.0,284.0,215.0,319.0,318.0,205.0,319.354375,286.194759,215.630287,-0.35437500000000455,-2.1947589999999764,-0.6302870000000098,2.3108029797182867,35.4400902933387
1834.0,384.0,363.0,215.0,365.0,432.0,207.0,384.773763,362.84097299999996,215.676413,-0.773762999999974,0.15902700000003733,-0.6764129999999966,1.0399679386726146,72.01388754955533
1835.0,233.0,190.0,216.0,256.0,174.0,203.0,232.921227,190.655725,216.029852,0.07877300000001242,-0.6557249999999897,-0.02985200000000532,0.6611139108035685,30.886890422961002
1836.0,250.0,195.0,216.0,274.0,184.0,204.0,249.517382,193.75801,216.633414,0.4826180000000022,1.241989999999987,-0.6334139999999877,1.4753550723198652,29.0
1837.0,298.0,247.0,216.0,309.0,265.0,204.0,297.785779,247.601316,215.489377,0.2142210000000091,-0.6013159999999971,0.5106230000000096,0.8174395493405063,24.269322199023193
1838.0,376.0,62.0,217.0,471.0,81.0,205.0,375.78645600000004,62.537836999999996,217.592915,0.2135439999999562,-0.5378369999999961,-0.592915000000005,0.8285033951227858,97.62171889492625
1839.0,290.0,120.0,218.0,351.0,113.0,206.0,290.887625,118.598134,218.688627,-0.8876250000000141,1.4018659999999983,-0.6886269999999968,1.7964725346383716,62.56196927846821
1840.0,249.0,213.0,218.0,265.0,206.0,206.0,248.267316,213.211232,218.061929,0.7326840000000061,-0.21123199999999542,-0.06192899999999213,0.7650359486462097,21.18962010041709
1841.0,259.0,186.0,219.0,288.0,178.0,208.0,258.8703,185.496994,219.904868,0.12970000000001392,0.5030059999999992,-0.9048679999999933,1.0433710861721206,32.03123475609393
1842.0,310.0,232.0,219.0,330.0,252.0,208.0,310.756038,232.081958,218.805134,-0.7560379999999896,-0.08195799999998599,0.19486599999999044,0.7850371514546163,30.347981810987037
1843.0,404.0,322.0,220.0,403.0,392.0,212.0,403.93630800000005,321.933818,220.036739,0.06369199999994635,0.06618200000002616,-0.0367390000000114,0.09892665014543586,70.46275611981126
1844.0,232.0,137.0,221.0,276.0,111.0,208.0,232.11437099999998,136.554812,220.758908,-0.11437099999997713,0.4451880000000017,0.24109200000000897,0.5190360618001418,52.73518749374084
1845.0,271.0,194.0,221.0,298.0,192.0,209.0,270.291603,193.786423,220.504886,0.7083969999999908,0.21357699999998658,0.49511400000000094,0.8902692387890205,29.614185789921695
1846.0,247.0,242.0,221.0,251.0,239.0,210.0,246.012927,242.53087,221.026679,0.9870730000000094,-0.5308699999999931,-0.02667900000000145,1.1210922501159355,12.083045973594572
1847.0,221.0,247.0,221.0,219.0,234.0,209.0,219.840407,246.952035,220.440459,1.159593000000001,0.04796500000000492,0.5595409999999958,1.288426442430843,17.804493814764857
1848.0,359.0,149.0,222.0,420.0,175.0,211.0,360.67469400000004,148.891351,221.679476,-1.674694000000045,0.10864900000001398,0.320524000000006,1.7085491603735485,67.21606950722423
1849.0,452.0,350.0,222.0,447.0,443.0,215.0,451.4192,350.157019,221.654643,0.5808000000000106,-0.15701899999999114,0.345357000000007,0.6937254960068964,93.39700209321497
1850.0,395.0,94.0,223.0,481.0,125.0,212.0,395.068479,94.19723599999999,222.755309,-0.06847900000002483,-0.19723599999998953,0.2446909999999889,0.3216599114250855,92.07605551933683
1851.0,367.0,104.0,223.0,445.0,126.0,212.0,367.358466,104.32994199999999,222.939485,-0.35846600000002127,-0.3299419999999884,0.06051500000000942,0.49093957035974267,81.78630692236935
1852.0,387.0,189.0,223.0,435.0,231.0,214.0,386.92697100000004,188.536202,223.396367,0.07302899999996271,0.46379799999999705,-0.3963669999999979,0.6144498501374951,64.41273166075166
1853.0,230.0,64.0,224.0,301.0,26.0,211.0,229.449781,64.040197,224.081221,0.5502189999999985,-0.040197000000006256,-0.08122099999999932,0.5576321346649588,81.57205403813245
1854.0,196.0,98.0,224.0,249.0,52.0,211.0,195.813243,97.756633,224.058185,0.18675700000000006,0.24336700000000633,-0.05818500000000881,0.3122357570218442,71.37226352022192
1855.0,367.0,218.0,224.0,399.0,260.0,214.0,366.50219400000003,220.425636,223.250927,0.49780599999996866,-2.4256359999999972,0.7490730000000099,2.5870120172625737,53.74011537017761
1856.0,416.0,229.0,225.0,452.0,288.0,215.0,414.974965,228.418589,223.452088,1.0250350000000026,0.5814110000000028,1.5479119999999966,1.94544777927602,69.83552104767315
1857.0,299.0,250.0,225.0,309.0,268.0,215.0,298.667375,250.040909,224.465877,0.3326250000000073,-0.040908999999999196,0.5341229999999939,0.6305555614178645,22.891046284519195
1858.0,354.0,279.0,225.0,362.0,322.0,216.0,353.905008,278.236538,224.360966,0.09499199999999064,0.7634620000000041,0.6390340000000094,1.0001310707422386,44.654227123532216
1859.0,384.0,88.0,226.0,471.0,114.0,216.0,384.47366200000005,88.28820999999999,226.216255,-0.4736620000000471,-0.2882099999999923,-0.21625499999998965,0.5951360511421196,91.35097153287424
1860.0,487.0,368.0,226.0,482.0,477.0,220.0,487.504733,367.529428,225.16017,-0.5047329999999874,0.4705720000000042,0.8398300000000063,1.0869718659528413,109.27945827098522
1861.0,190.0,423.0,226.0,116.0,426.0,218.0,189.85312599999997,422.99745199999995,226.114168,0.14687400000002526,0.002548000000047068,-0.11416800000000649,0.1860451461447171,74.49161026585477
1862.0,214.0,450.0,226.0,134.0,467.0,218.0,214.505893,450.177678,225.533542,-0.5058929999999862,-0.17767800000001444,0.4664579999999887,0.7106899921182095,82.17663901620703
1863.0,195.0,275.0,227.0,178.0,255.0,218.0,193.532049,274.013446,227.789714,1.4679509999999993,0.9865540000000124,-0.7897140000000036,1.9369607985483415,27.748873851023216
1864.0,261.0,344.0,227.0,229.0,362.0,219.0,261.00569299999995,343.911213,227.071773,-0.005692999999951098,0.08878700000002482,-0.07177300000000741,0.11431056445930496,37.57658845611187
1865.0,189.0,425.0,227.0,114.0,428.0,219.0,188.82878499999998,425.08112900000003,226.92076600000001,0.17121500000001788,-0.08112900000003265,0.07923399999998537,0.20536435333818062,75.48509786706248
1866.0,246.0,173.0,228.0,278.0,158.0,218.0,245.98890999999998,172.653924,228.387298,0.011090000000024247,0.3460760000000107,-0.38729799999998704,0.5195106607953276,36.72873534441391
1867.0,452.0,284.0,230.0,473.0,365.0,224.0,451.407979,282.880896,229.804645,0.5920209999999884,1.119103999999993,0.19535500000000638,1.2810332561186588,83.89278872465738
1868.0,238.0,403.0,230.0,180.0,422.0,223.0,238.583103,403.30635300000006,229.909184,-0.5831029999999942,-0.3063530000000583,0.09081599999998957,0.6649126371742584,61.43289021363068
1869.0,202.0,113.0,231.0,251.0,72.0,220.0,202.653548,112.866178,231.185163,-0.6535480000000007,0.133821999999995,-0.18516299999998864,0.69232842824558,64.83054835492293
1870.0,351.0,146.0,231.0,409.0,168.0,223.0,350.417155,146.429229,231.652825,0.5828450000000203,-0.4292289999999923,-0.6528250000000071,0.974744227523829,62.545983084447556
1871.0,367.0,204.0,231.0,407.0,240.0,222.0,367.587534,202.884996,229.996871,-0.5875340000000051,1.115003999999999,1.0031290000000013,1.6108066028586443,54.56189146281496
1872.0,386.0,299.0,231.0,391.0,359.0,224.0,386.136957,299.5289,230.321603,-0.13695699999999533,-0.5289000000000215,0.6783969999999897,0.8710424326391955,60.61352984276695
1873.0,447.0,353.0,232.0,440.0,444.0,228.0,446.360142,352.88145,232.3313,0.6398580000000038,0.11855000000002747,-0.3312999999999988,0.7302273979138352,91.35644476444998
1874.0,392.0,387.0,232.0,365.0,463.0,228.0,393.032445,387.135944,232.515857,-1.0324449999999956,-0.13594399999999496,-0.5158570000000111,1.1621238718871587,80.75270893288967
1875.0,341.0,36.0,233.0,440.0,36.0,223.0,340.157921,35.805516999999995,233.037996,0.8420790000000125,0.1944830000000053,-0.03799599999999259,0.865080560148026,99.50376877284599
1876.0,392.0,98.0,233.0,476.0,128.0,225.0,392.08369500000003,97.95595900000001,233.397536,-0.08369500000003427,0.04404099999999289,-0.39753600000000233,0.4086310487493663,89.55445270895244
1877.0,410.0,355.0,233.0,398.0,432.0,228.0,410.605998,354.472098,232.70117,-0.6059979999999996,0.5279019999999832,0.2988300000000095,0.8574458971317009,78.08969202141856
1878.0,244.0,322.0,234.0,217.0,330.0,228.0,243.43897399999997,322.25372600000003,234.887097,0.5610260000000267,-0.25372600000002876,-0.8870970000000113,1.079846351645022,28.792360097775937
1879.0,393.0,389.0,234.0,364.0,465.0,230.0,392.794239,388.969606,234.136268,0.20576099999999542,0.030394000000001142,-0.13626800000000117,0.24865709758822188,81.44323176298937
1880.0,202.0,391.0,234.0,142.0,394.0,229.0,201.828877,391.48425499999996,235.36117,0.17112299999999436,-0.4842549999999619,-1.3611699999999871,1.4548435500265746,60.28266749240614
1881.0,201.0,398.0,234.0,139.0,401.0,227.0,201.300966,397.683347,233.656583,-0.3009659999999883,0.31665299999997387,0.3434169999999881,0.5556841651999527,62.465990746965666
1882.0,426.0,343.0,235.0,420.0,425.0,231.0,425.905144,343.345151,235.121596,0.09485599999999295,-0.3451509999999871,-0.12159600000001092,0.37803764462417283,82.3164625090267
1883.0,439.0,377.0,235.0,423.0,469.0,232.0,439.693407,376.76452000000006,235.406555,-0.6934069999999792,0.23547999999993863,-0.40655499999999734,0.8375864528954251,93.42911751697112
1884.0,198.0,405.0,235.0,132.0,408.0,228.0,197.69280999999998,404.951554,234.431536,0.30719000000001984,0.048446000000012646,0.5684640000000059,0.6479691584574223,66.43794096749237
1885.0,171.0,162.0,236.0,197.0,119.0,225.0,172.972962,163.469245,235.02208100000001,-1.9729619999999954,-1.4692450000000008,0.9779189999999858,2.6471844465450376,51.43928459844674
1886.0,382.0,290.0,236.0,390.0,346.0,232.0,382.051056,289.76636199999996,237.03413,-0.051056000000016866,0.23363800000004176,-1.0341300000000047,1.061422765480386,56.7097875150313
1887.0,206.0,405.0,236.0,139.0,411.0,231.0,203.939576,405.493067,236.815887,2.060424000000012,-0.49306699999999637,-0.8158870000000036,2.270271728898118,67.45368781616021
1888.0,450.0,289.0,238.0,469.0,371.0,234.0,449.953151,288.681222,237.948345,0.0468490000000088,0.3187780000000089,0.05165500000001089,0.3263165351464857,84.26743143112884
1889.0,450.0,343.0,238.0,447.0,434.0,235.0,449.261217,343.361085,238.145711,0.7387830000000122,-0.36108500000000276,-0.1457110000000057,0.8351134017814716,91.09884741312592
1890.0,405.0,372.0,238.0,385.0,451.0,235.0,405.51349600000003,372.683087,238.283053,-0.5134960000000319,-0.6830870000000004,-0.28305299999999534,0.9002249676575466,81.54753215150045
1891.0,202.0,394.0,238.0,141.0,398.0,233.0,202.129415,394.891699,238.596549,-0.1294149999999945,-0.8916990000000169,-0.5965490000000102,1.0806229954184026,61.335144900782616
1892.0,223.0,72.0,239.0,290.0,33.0,228.0,222.880785,72.505764,237.986042,0.11921499999999696,-0.5057639999999992,1.0139580000000024,1.139350808875389,78.3007024234138
1893.0,363.0,249.0,239.0,383.0,292.0,233.0,362.571493,249.63598299999998,238.527175,0.4285070000000246,-0.6359829999999818,0.4728250000000003,0.900919589066082,47.80167361086848
1894.0,277.0,100.0,240.0,342.0,85.0,232.0,276.848649,99.436816,240.367886,0.15135099999997692,0.5631840000000068,-0.3678859999999986,0.6895095735760306,67.1863081289633
1895.0,430.0,232.0,241.0,466.0,298.0,235.0,428.637835,232.747829,239.643286,1.3621650000000045,-0.7478289999999959,1.3567140000000109,2.062865622928948,75.41883053985921
1896.0,288.0,415.0,241.0,232.0,455.0,237.0,287.69926399999997,415.57256099999995,240.707256,0.300736000000029,-0.5725609999999506,0.292743999999999,0.7099065360686294,68.93475175845634
1897.0,331.0,60.0,242.0,420.0,60.0,234.0,330.964444,59.76025599999999,241.876144,0.03555599999998549,0.23974400000000884,0.12385599999998931,0.2721795793368793,89.35882720806042
1898.0,387.0,94.0,242.0,471.0,122.0,235.0,386.72967300000005,94.691853,241.687943,0.270326999999952,-0.6918529999999947,0.31205700000001,0.8056778709800667,88.82004278314665
1899.0,411.0,201.0,242.0,459.0,254.0,237.0,411.769327,200.397575,241.837867,-0.7693269999999757,0.6024250000000109,0.1621330000000114,0.9904882751668388,71.6798437498297
1900.0,438.0,307.0,242.0,445.0,388.0,241.0,435.793825,308.19683899999995,243.613645,2.2061749999999734,-1.1968389999999545,-1.6136449999999911,2.9838702901719345,81.30805618141414
1901.0,360.0,192.0,243.0,402.0,224.0,238.0,359.686752,191.90982,243.320534,0.3132479999999873,0.0901800000000037,-0.3205340000000092,0.4571638514362204,53.03772242470448
1902.0,425.0,207.0,243.0,471.0,267.0,239.0,424.493528,207.400083,243.258027,0.5064719999999738,-0.4000829999999951,-0.25802699999999845,0.6950958397242561,75.7099729229908
1903.0,471.0,319.0,243.0,482.0,414.0,242.0,471.31502200000006,318.79382,243.925438,-0.31502200000005587,0.20618000000001757,-0.925438000000014,0.9990918600049089,95.63994981178107
1904.0,286.0,53.0,244.0,370.0,35.0,236.0,285.630639,53.34833599999999,244.081106,0.36936100000002625,-0.3483359999999891,-0.08110600000000545,0.5141436574081341,86.27861844049197
1905.0,392.0,125.0,244.0,466.0,159.0,238.0,392.499397,124.77081,243.737362,-0.49939699999998766,0.22919000000000267,0.2626380000000097,0.6090189970378543,81.65782265037441
1906.0,318.0,157.0,244.0,368.0,167.0,238.0,318.439793,156.455258,244.1766,-0.43979300000000876,0.5447420000000136,-0.17660000000000764,0.7220452128592953,51.34199061197374
1907.0,383.0,198.0,244.0,427.0,241.0,240.0,383.552051,198.641992,244.622847,-0.5520510000000058,-0.6419919999999877,-0.6228470000000073,1.0511196031251628,61.652250567193406
1908.0,287.0,413.0,245.0,232.0,452.0,242.0,286.964628,413.29080799999997,244.838852,0.035371999999995296,-0.29080799999997,0.16114799999999718,0.3343488435032807,67.49074010558782
1909.0,260.0,130.0,246.0,310.0,114.0,239.0,259.59596700000003,130.355785,245.935466,0.4040329999999699,-0.35578499999999735,0.06453400000000897,0.5422086945724635,52.96225070746144
1910.0,385.0,159.0,246.0,444.0,195.0,241.0,384.800784,158.490701,245.891084,0.19921599999997852,0.5092989999999986,0.10891599999999357,0.5576156212956992,69.29646455628166
1911.0,375.0,241.0,246.0,401.0,286.0,243.0,375.08732100000003,240.394637,246.692393,-0.08732100000003129,0.6053630000000112,-0.6923930000000098,0.9238492221456013,52.05766033928148
1912.0,247.0,152.0,247.0,287.0,134.0,240.0,246.93904200000003,151.88341,246.644471,0.06095799999997098,0.11659000000000219,0.35552899999999,0.379090986050829,44.41846462902562
1913.0,380.0,285.0,247.0,389.0,339.0,244.0,379.563017,284.70543999999995,246.953049,0.4369829999999979,0.2945600000000468,0.04695100000000707,0.5290785691086215,54.8270006474912
1914.0,426.0,210.0,248.0,471.0,271.0,244.0,425.580201,210.55751199999997,247.307219,0.4197990000000118,-0.5575119999999743,0.6927809999999965,0.9833597228410245,75.90783885739337
1915.0,228.0,407.0,250.0,167.0,422.0,247.0,228.703193,406.921553,249.642087,-0.7031929999999988,0.07844699999998284,0.3579129999999964,0.792928775254747,62.8887907341205
1916.0,378.0,211.0,251.0,416.0,253.0,248.0,378.201325,210.903904,251.095504,-0.2013249999999971,0.09609599999998863,-0.09550400000000536,0.2426668721869503,56.71860364994893
1917.0,285.0,128.0,252.0,340.0,121.0,246.0,284.79007099999995,128.067622,251.424564,0.2099290000000451,-0.06762200000000007,0.5754359999999963,0.6162544198794964,55.767373974394744
1918.0,354.0,191.0,252.0,396.0,220.0,249.0,354.085339,190.46951099999998,252.412096,-0.0853389999999763,0.5304890000000171,-0.41209599999999114,0.6771443252793357,51.12729212465687
1919.0,356.0,243.0,252.0,377.0,283.0,248.0,355.70588499999997,244.350004,250.954621,0.29411500000003343,-1.3500040000000126,1.045378999999997,1.7325794893401132,45.35416188179427
1920.0,387.0,322.0,252.0,383.0,385.0,251.0,386.93421399999994,322.07697099999996,252.178987,0.06578600000005963,-0.07697099999995771,-0.17898700000000645,0.20564211340579935,63.13477647065839
1921.0,354.0,190.0,253.0,396.0,219.0,250.0,353.834337,189.70235,253.243124,0.165662999999995,0.2976500000000044,-0.24312399999999457,0.4185081020063988,51.12729212465687
1922.0,466.0,313.0,253.0,478.0,405.0,253.0,465.96657400000004,312.948621,253.064974,0.033425999999963096,0.05137899999999718,-0.06497400000000653,0.08932367991186935,92.77930803794561
1923.0,285.0,259.0,254.0,291.0,274.0,251.0,286.574057,259.736045,253.986435,-1.574056999999982,-0.7360449999999901,0.013564999999999827,1.7377001152382217,16.431676725154983
1924.0,380.0,282.0,254.0,391.0,336.0,253.0,380.41902100000004,281.94338700000003,254.350783,-0.4190210000000434,0.05661299999997027,-0.35078300000000695,0.5493927040824603,55.11805511808268
1925.0,382.0,284.0,254.0,392.0,339.0,253.0,381.976532,284.014585,254.310024,0.02346799999997984,-0.01458500000001095,-0.3100239999999985,0.31125287119157385,55.910642993977454
1926.0,268.0,73.0,255.0,342.0,51.0,249.0,268.158436,73.18563699999999,254.695486,-0.1584359999999947,-0.18563699999998562,0.3045140000000117,0.3902458687302149,77.43384273042376
1927.0,397.0,187.0,255.0,446.0,232.0,251.0,396.073453,186.81955299999998,253.637194,0.9265470000000278,0.18044700000001512,1.3628060000000062,1.6577969286538305,66.64833081180653
1928.0,225.0,189.0,255.0,247.0,167.0,250.0,224.539063,188.019118,254.666275,0.46093700000000126,0.9808820000000082,0.33372499999998695,1.1340038763240665,31.51190251317746
1929.0,238.0,224.0,255.0,250.0,214.0,250.0,239.09870199999997,223.7597,254.096662,-1.0987019999999745,0.24029999999999063,0.9033379999999909,1.442535863348958,16.401219466856727
1930.0,193.0,93.0,256.0,248.0,44.0,250.0,193.313012,92.18504,256.108788,-0.3130119999999863,0.8149599999999992,-0.1087880000000041,0.8797562973278401,73.90534486760751
1931.0,405.0,267.0,256.0,426.0,328.0,255.0,405.549145,266.651109,255.892966,-0.54914500000001,0.3488909999999805,0.10703399999999874,0.6593492534780009,64.52131430775415
1932.0,419.0,281.0,256.0,435.0,351.0,255.0,418.525996,282.183787,255.573223,0.47400399999997944,-1.1837869999999953,0.4267769999999871,1.3446821412936063,71.81225522151495
1933.0,257.0,284.0,256.0,247.0,291.0,254.0,256.838991,284.409802,256.483571,0.16100899999997864,-0.4098020000000133,-0.48357099999998354,0.6539896706569517,12.36931687685298
1934.0,372.0,185.0,257.0,419.0,221.0,255.0,372.270486,185.328487,257.190671,-0.27048600000000533,-0.32848699999999553,-0.19067100000000892,0.46628512265137023,59.23681287847955
1935.0,266.0,211.0,257.0,286.0,209.0,254.0,265.804707,210.55834999999996,257.23659799999996,0.1952929999999924,0.4416500000000383,-0.23659799999995812,0.5377477958606721,20.322401432901575
1936.0,453.0,357.0,257.0,446.0,451.0,258.0,453.118701,357.057302,256.79391799999996,-0.11870099999998729,-0.05730199999999286,0.20608200000003762,0.24462877453196644,94.26558226627574
1937.0,351.0,30.0,258.0,455.0,33.0,254.0,351.31634499999996,29.882053999999982,258.388603,-0.3163449999999557,0.11794600000001765,-0.38860299999998915,0.5147792823628081,104.12012293500234
1938.0,457.0,347.0,258.0,455.0,441.0,259.0,457.51856599999996,346.957987,257.68190699999997,-0.5185659999999643,0.04201299999999719,0.31809300000003304,0.609802382066505,94.02659198333204
1939.0,237.0,146.0,259.0,278.0,123.0,255.0,237.22221000000002,145.823019,259.11179,-0.22221000000001823,0.17698100000001205,-0.11178999999998496,0.3052811205446695,47.18050444834179
1940.0,324.0,86.0,260.0,402.0,87.0,254.0,324.18809300000004,85.61509799999999,258.04139399999997,-0.1880930000000376,0.38490200000001096,1.9586060000000316,2.004910469195357,78.2368199762746
1941.0,377.0,130.0,260.0,446.0,160.0,256.0,377.385914,130.923006,258.581058,-0.38591400000001386,-0.9230059999999867,1.4189420000000155,1.7361641888934438,75.34586916347837
1942.0,227.0,182.0,260.0,252.0,161.0,257.0,226.926986,182.12661699999998,260.444484,0.07301400000000058,-0.12661699999998177,-0.44448399999998855,0.46789842395650927,32.78719262151
1943.0,302.0,182.0,260.0,339.0,191.0,259.0,302.345616,182.84756699999997,261.25629499999997,-0.3456160000000068,-0.8475669999999695,-1.256294999999966,1.5543800584058802,38.09199390948182
1944.0,416.0,302.0,260.0,424.0,373.0,260.0,415.749585,302.18636399999997,259.470392,0.2504149999999754,-0.1863639999999691,0.5296079999999961,0.6147551109059379,71.449282711585
1945.0,192.0,423.0,260.0,117.0,427.0,259.0,191.26684799999998,423.91906299999994,259.686449,0.7331520000000182,-0.9190629999999373,0.3135510000000181,1.2167591720114226,75.11324783285569
1946.0,261.0,54.0,261.0,342.0,26.0,257.0,261.727241,53.83890699999998,261.543834,-0.7272409999999923,0.16109300000002236,-0.5438340000000039,0.9222721107601597,85.7962703152066
1947.0,429.0,249.0,261.0,461.0,316.0,261.0,429.675261,248.290187,260.759261,-0.6752609999999777,0.7098129999999969,0.24073900000001913,1.0088444772168674,74.24957912338628
1948.0,422.0,393.0,261.0,396.0,480.0,263.0,421.86254900000006,392.63438099999996,260.82096,0.13745099999994181,0.3656190000000379,0.17903999999998632,0.42968052336824253,90.82400563727631
1949.0,389.0,268.0,262.0,405.0,323.0,262.0,387.996555,268.292514,261.80092099999996,1.0034449999999993,-0.29251399999998284,0.1990790000000402,1.064001295329101,57.28001396647874
1950.0,67.0,179.0,263.0,69.0,96.0,257.0,67.832981,179.177967,262.205733,-0.8329810000000037,-0.17796699999999532,0.7942669999999907,1.1646414326903323,83.24061508662703
1951.0,188.0,430.0,263.0,111.0,432.0,263.0,187.94282299999998,429.40293299999996,262.937271,0.057177000000024236,0.5970670000000382,0.06272899999999026,0.6030697631775673,77.02596964660685
1952.0,342.0,27.0,265.0,445.0,26.0,263.0,341.808201,27.13045699999998,265.898741,0.19179900000000316,-0.1304569999999785,-0.8987409999999727,0.9281924748299496,103.02426898551623
1953.0,304.0,184.0,265.0,340.0,193.0,263.0,303.67968,184.181199,264.504332,0.32031999999998106,-0.18119899999999234,0.4956680000000233,0.6173530158871894,37.16180835212409
1954.0,227.0,346.0,265.0,188.0,351.0,265.0,226.71119599999997,346.472797,265.110204,0.28880400000002737,-0.4727970000000141,-0.11020400000001018,0.5648802308817608,39.319206502675
1955.0,198.0,429.0,265.0,123.0,435.0,265.0,198.06515399999998,428.635181,264.475151,-0.0651539999999784,0.36481900000001133,0.5248490000000174,0.6424985753120577,75.23961722390672
1956.0,291.0,132.0,266.0,345.0,128.0,264.0,290.66146000000003,132.384974,266.061553,0.3385399999999663,-0.3849739999999997,-0.06155300000000352,0.5163362122541643,54.18486873657626
1957.0,395.0,228.0,266.0,429.0,279.0,267.0,395.241052,227.915575,266.284537,-0.2410520000000247,0.08442500000001019,-0.28453700000000026,0.3823544843440623,61.30252849597641
1958.0,389.0,248.0,266.0,414.0,300.0,267.0,389.05072900000005,248.13132099999999,266.11897,-0.05072900000004665,-0.1313209999999856,-0.11896999999999025,0.18431629711449454,57.706152185014034
1959.0,262.0,166.0,267.0,299.0,156.0,265.0,262.216181,166.106047,266.80157099999997,-0.21618100000000595,-0.10604699999998957,0.19842900000003283,0.3120164402896318,38.379682124790975
1960.0,360.0,205.0,267.0,397.0,240.0,268.0,360.24054400000006,205.937586,267.737077,-0.2405440000000567,-0.9375860000000102,-0.7370769999999993,1.2166393990254654,50.941142507800116
1961.0,331.0,166.0,268.0,379.0,181.0,268.0,330.904411,164.770892,268.52959899999996,0.09558900000001813,1.2291079999999965,-0.529598999999962,1.3417596034260215,50.28916384272063
1962.0,358.0,218.0,271.0,390.0,254.0,272.0,358.481252,218.67457,270.887394,-0.4812519999999836,-0.6745699999999886,0.11260600000002796,0.8362585028805238,48.176757881783615
1963.0,227.0,342.0,273.0,190.0,346.0,274.0,227.04682599999998,342.156692,272.531482,-0.046825999999981605,-0.15669200000002093,0.4685180000000173,0.4962400361357607,37.22902093797257
1964.0,406.0,252.0,275.0,433.0,311.0,278.0,406.775871,251.849402,274.897877,-0.7758709999999951,0.15059800000000223,0.10212300000000596,0.7969219995545325,64.95382975621992
1965.0,355.0,268.0,275.0,367.0,309.0,277.0,354.967612,267.43756499999995,274.46140299999996,0.03238800000002584,0.5624350000000504,0.5385970000000384,0.7794028741146005,42.76680956068619
1966.0,423.0,307.0,275.0,430.0,381.0,280.0,422.67648099999997,307.040592,275.728678,0.323519000000033,-0.040592000000003736,-0.7286780000000022,0.7983006210125512,74.4983221287567
1967.0,307.0,102.0,276.0,376.0,99.0,276.0,307.31170699999996,101.91332,276.06528,-0.31170699999995577,0.0866800000000012,-0.06527999999997292,0.33005477522521787,69.06518659932803
1968.0,270.0,199.0,277.0,295.0,197.0,277.0,269.886268,199.122013,276.171763,0.11373200000002726,-0.1220130000000097,0.8282370000000014,0.8448660652209975,25.079872407968907
1969.0,376.0,208.0,277.0,415.0,249.0,279.0,376.668362,208.361495,276.544971,-0.6683620000000019,-0.3614949999999908,0.45502900000002455,0.8856849264326554,56.621550667568265
1970.0,205.0,177.0,278.0,229.0,146.0,278.0,205.34721599999997,176.655632,277.950629,-0.34721599999997466,0.3443680000000029,0.049371000000007825,0.4915137492695247,39.20459156782532
1971.0,280.0,393.0,278.0,231.0,425.0,282.0,279.53002899999996,392.96558600000003,277.93237899999997,0.46997100000004366,0.03441399999996975,0.06762100000003102,0.4760563662824426,58.66003750424986
1972.0,377.0,153.0,279.0,437.0,185.0,281.0,377.127664,152.934201,278.817145,-0.12766399999998157,0.06579899999999839,0.18285500000001775,0.23251571198953755,68.0294054067798
1973.0,374.0,207.0,279.0,413.0,247.0,282.0,374.621643,207.356798,279.037169,-0.6216430000000059,-0.35679799999999773,-0.03716900000000578,0.7177230432513688,55.94640292279746
1974.0,350.0,157.0,281.0,403.0,180.0,283.0,349.428799,157.904721,280.69957899999997,0.5712009999999736,-0.904720999999995,0.30042100000002847,1.1113250863194701,57.810033731178535
1975.0,362.0,130.0,282.0,429.0,152.0,284.0,362.353448,129.400978,281.706933,-0.3534480000000144,0.5990219999999908,0.29306700000000774,0.7547457265046313,70.54785609782908
1976.0,398.0,299.0,282.0,404.0,362.0,287.0,397.59652300000005,299.103033,281.82865599999997,0.40347699999995257,-0.10303299999998217,0.17134400000003325,0.4502979624137438,63.48228099241551
1977.0,174.0,465.0,282.0,80.0,468.0,287.0,173.444545,465.668909,282.344356,0.5554549999999949,-0.6689089999999851,-0.34435600000000477,0.9351740811431729,94.18067742376883
1978.0,352.0,419.0,283.0,305.0,483.0,290.0,352.188655,418.880894,283.400869,-0.18865499999998292,0.11910599999998794,-0.40086900000000014,0.45877325927084156,79.71198153351854
1979.0,329.0,422.0,283.0,278.0,476.0,291.0,329.398881,420.468337,284.44948999999997,-0.39888100000001714,1.5316629999999805,-1.4494899999999689,2.146187050988302,74.70609078247904
1980.0,308.0,262.0,285.0,315.0,283.0,290.0,307.920755,260.876894,285.700839,0.07924500000001444,1.123106000000007,-0.7008389999999736,1.3262059271402693,22.693611435820433
1981.0,437.0,279.0,285.0,456.0,356.0,292.0,436.482726,280.976442,285.712532,0.5172739999999862,-1.97644200000002,-0.7125320000000102,2.1636998917280743,79.61783719745218
1982.0,328.0,129.0,286.0,390.0,138.0,289.0,328.455705,128.707259,286.180298,-0.4557050000000231,0.2927410000000066,-0.1802979999999934,0.5708517398677371,62.72160712226688
1983.0,205.0,397.0,286.0,142.0,400.0,290.0,203.95028399999998,396.74817600000006,285.265154,1.0497160000000179,0.2518239999999423,0.7348460000000046,1.3058781150429066,63.198101237299845
1984.0,385.0,190.0,287.0,432.0,231.0,291.0,385.30336600000004,190.075447,286.495408,-0.30336600000003955,-0.07544699999999693,0.5045920000000024,0.5935791996263228,62.49799996799898
1985.0,439.0,218.0,287.0,483.0,284.0,292.0,438.726912,218.01380999999998,286.41315499999996,0.2730879999999729,-0.013809999999978118,0.5868450000000394,0.6474216754705011,79.47955712005447
1986.0,416.0,387.0,287.0,391.0,471.0,295.0,415.930036,387.25622699999997,287.17031499999996,0.06996400000002723,-0.2562269999999671,-0.17031499999995958,0.3155224810532099,88.0056816347672
1987.0,382.0,306.0,288.0,383.0,365.0,296.0,382.14379899999994,306.980376,289.28094699999997,-0.1437989999999445,-0.9803759999999784,-1.2809469999999692,1.619456844311037,59.54829972383762
1988.0,195.0,199.0,289.0,208.0,167.0,292.0,194.623783,198.56876799999998,289.287304,0.3762169999999969,0.4312320000000227,-0.287304000000006,0.6403466696477939,34.66987164671943
1989.0,355.0,263.0,290.0,369.0,303.0,296.0,355.13490499999995,262.443084,290.087013,-0.13490499999994654,0.5569160000000011,-0.08701300000001311,0.5795912803433029,42.80186911806539
1990.0,431.0,390.0,290.0,407.0,480.0,298.0,430.730474,390.12097600000004,289.435047,0.26952599999998483,-0.1209760000000415,0.5649530000000027,0.6375353711450095,93.48796714016194
1991.0,285.0,215.0,293.0,307.0,221.0,299.0,285.65622599999995,214.86910699999999,293.847551,-0.6562259999999469,0.13089300000001458,-0.8475510000000099,1.0798649166103838,23.57965224510319
1992.0,381.0,259.0,293.0,400.0,309.0,299.0,380.809032,259.078555,292.305416,0.19096799999999803,-0.07855499999999438,0.6945840000000203,0.7246285932151909,53.823786563191554
1993.0,328.0,417.0,293.0,278.0,472.0,301.0,328.449983,417.458883,292.68913799999996,-0.4499829999999747,-0.45888300000001436,0.3108620000000428,0.713928211392446,74.75961476626267
1994.0,197.0,207.0,294.0,207.0,177.0,298.0,196.503813,206.658098,294.090563,0.49618699999999194,0.3419020000000046,-0.09056299999997464,0.6093440518639618,31.874754901018456
1995.0,424.0,270.0,294.0,445.0,338.0,302.0,423.34475999999995,269.947304,294.176861,0.6552400000000489,0.05269600000002583,-0.17686099999997396,0.6807320613406258,71.61703707917552
1996.0,50.0,222.0,298.0,32.0,138.0,300.0,50.40864,221.852814,297.14070799999996,-0.40863999999999834,0.14718600000000492,0.859292000000039,0.9628255862097077,85.93020423576334
1997.0,273.0,213.0,302.0,293.0,214.0,309.0,273.049467,213.166895,302.198717,-0.04946699999999282,-0.1668950000000109,-0.19871699999998782,0.2641767802116569,21.213203435596427
1998.0,177.0,217.0,303.0,180.0,181.0,309.0,176.667946,216.891477,303.202252,0.3320539999999994,0.10852299999999104,-0.20225199999998722,0.40366195256550064,36.61966684720111
1999.0,397.0,272.0,304.0,414.0,330.0,314.0,397.28803400000004,271.905756,304.27084199999996,-0.28803400000003876,0.09424400000000333,-0.27084199999995917,0.40644914276696514,61.26173356998641
2000.0,332.0,228.0,307.0,355.0,254.0,316.0,331.692142,228.20443,307.125163,0.3078580000000102,-0.2044300000000021,-0.12516299999998637,0.39017169250600914,35.86084215408221
2001.0,139.0,120.0,308.0,175.0,55.0,313.0,140.036374,120.32506099999999,307.989763,-1.036373999999995,-0.32506099999999094,0.010237000000017815,1.0862046389911912,74.47147104764348
2002.0,273.0,149.0,309.0,318.0,140.0,317.0,273.292859,149.248891,309.487818,-0.2928590000000213,-0.2488909999999862,-0.4878180000000043,0.6210310176521054,46.58325879540846
2003.0,263.0,201.0,309.0,287.0,197.0,317.0,264.038068,201.595653,308.985547,-1.0380680000000098,-0.5956529999999987,0.014453000000003158,1.19691125746315,25.612496949731394
2004.0,307.0,272.0,311.0,310.0,295.0,321.0,307.44298399999997,271.806421,310.983726,-0.4429839999999672,0.19357899999999972,0.01627400000000989,0.48370703589359865,25.25866188063018
2005.0,379.0,207.0,314.0,418.0,247.0,325.0,378.901348,206.48159299999998,314.237962,0.0986520000000155,0.5184070000000247,-0.2379619999999818,0.5788816357400017,56.938563381947034
2006.0,417.0,253.0,315.0,444.0,313.0,326.0,416.283575,251.018294,314.138748,0.7164250000000152,1.9817060000000026,0.861251999999979,2.276439864912973,66.70832032063167
2007.0,316.0,274.0,315.0,318.0,300.0,326.0,315.00544399999995,273.661836,314.977602,0.9945560000000455,0.3381640000000061,0.022398000000009688,1.0507131856201744,28.30194339616981
2008.0,327.0,222.0,317.0,351.0,245.0,328.0,326.352879,222.369096,317.083955,0.6471210000000269,-0.3690960000000132,-0.08395500000000311,0.7496971974617787,35.014282800023196
2009.0,164.0,103.0,318.0,209.0,44.0,325.0,163.700837,103.06023499999999,317.765265,0.29916299999999296,-0.0602349999999916,0.23473500000000058,0.38500295585747785,74.53187237685633
2010.0,366.0,156.0,319.0,423.0,184.0,330.0,366.440242,156.27888000000002,319.048663,-0.440242000000012,-0.2788800000000151,-0.048662999999976364,0.523407260680454,64.45153217728807
2011.0,391.0,122.0,320.0,467.0,159.0,327.0,394.09381199999996,125.38891499999998,316.645703,-3.093811999999957,-3.388914999999983,3.354296999999974,5.683988558466444,84.8174510345601
2012.0,361.0,138.0,320.0,424.0,161.0,331.0,361.242076,138.157267,320.133232,-0.2420759999999973,-0.15726699999999028,-0.1332320000000209,0.3179378317989245,67.96322535018479
2013.0,392.0,217.0,320.0,429.0,264.0,333.0,391.944457,216.911275,320.532013,0.05554300000000012,0.08872500000001082,-0.5320130000000063,0.542213041749282,61.212743771211564
2014.0,391.0,221.0,320.0,426.0,269.0,333.0,390.914542,221.576045,320.489482,0.08545800000001691,-0.5760449999999935,-0.4894820000000095,0.7607388120196081,60.81118318204309
2015.0,363.0,132.0,321.0,428.0,155.0,333.0,362.807124,132.475321,321.820604,0.19287600000001248,-0.4753210000000081,-0.820604000000003,0.9677407345115826,69.98571282769076
2016.0,433.0,240.0,321.0,468.0,307.0,334.0,433.442733,240.197938,320.632796,-0.4427329999999756,-0.1979379999999935,0.3672040000000152,0.6083015196010831,76.70071707617863
2017.0,292.0,338.0,322.0,266.0,366.0,336.0,291.86823599999997,338.557962,322.676246,0.1317640000000324,-0.557961999999975,-0.6762459999999919,0.8865618972502539,40.69397989875161
2018.0,382.0,224.0,324.0,415.0,269.0,337.0,382.404832,224.47418499999998,323.826379,-0.40483199999999897,-0.4741849999999772,0.17362100000002556,0.6472129588396592,57.29746940310715
2019.0,395.0,90.0,325.0,481.0,118.0,337.0,394.39529500000003,89.99117899999999,325.244713,0.6047049999999672,0.008821000000011736,-0.2447129999999902,0.6524035556578119,91.23595782365635
2020.0,429.0,235.0,325.0,465.0,299.0,339.0,429.076312,234.810695,324.839581,-0.07631199999997307,0.1893049999999903,0.16041899999999032,0.2596038519167023,74.75292636412303
2021.0,333.0,352.0,325.0,309.0,397.0,339.0,333.370438,351.500523,324.535033,-0.37043799999997873,0.49947700000001305,0.46496700000000146,0.7764637122634892,52.88667128870941
2022.0,359.0,138.0,326.0,421.0,160.0,337.0,358.70614900000004,138.21907099999999,325.076869,0.293850999999961,-0.21907099999998536,0.9231310000000121,0.9932327805721038,66.70082458260917
2023.0,441.0,334.0,327.0,441.0,418.0,343.0,441.42850500000003,333.553369,326.846369,-0.42850500000002967,0.44663100000002487,0.1536310000000185,0.6377289936540861,85.5102333057278
2024.0,243.0,382.0,327.0,193.0,397.0,342.0,243.271793,381.676198,327.624189,-0.2717930000000024,0.3238020000000006,-0.6241890000000012,0.753877362555743,54.31390245600108
2025.0,336.0,398.0,329.0,294.0,452.0,345.0,336.081583,398.194343,328.884754,-0.08158300000002328,-0.19434300000000349,0.11524600000001328,0.24022203906804265,70.25667228100119
2026.0,359.0,131.0,331.0,423.0,151.0,347.0,358.01021599999996,130.804727,333.364491,0.9897840000000429,0.19527299999998604,-2.364490999999987,2.57072394478015,68.93475175845634
2027.0,391.0,404.0,331.0,356.0,479.0,347.0,391.29590199999996,403.08121500000004,329.867956,-0.2959019999999555,0.9187849999999571,1.1320440000000076,1.4876987221090539,84.29709366283039
2028.0,336.0,411.0,331.0,289.0,467.0,347.0,336.118008,411.168863,330.373901,-0.1180079999999748,-0.16886299999998755,0.6260990000000106,0.6591210500613701,74.83982896827064
2029.0,420.0,219.0,332.0,460.0,277.0,348.0,419.55011299999995,219.104308,332.499084,0.44988700000004656,-0.10430800000000318,-0.4990839999999821,0.6799730220303043,72.24956747275377
2030.0,426.0,222.0,332.0,468.0,282.0,347.0,427.0574629999999,220.900533,331.577424,-1.0574629999999274,1.0994670000000042,0.4225759999999923,1.5829169770502334,74.75961476626267
2031.0,416.0,379.0,337.0,394.0,460.0,356.0,415.959114,378.531066,337.25809399999997,0.04088600000000042,0.4689339999999902,-0.2580939999999714,0.5368270430855511,86.05811989580066
2032.0,323.0,198.0,339.0,357.0,215.0,354.0,323.44777899999997,197.755526,338.705113,-0.4477789999999686,0.24447399999999675,0.294887000000017,0.589263873223177,40.8656334834051
2033.0,206.0,234.0,341.0,206.0,210.0,355.0,204.836579,233.122141,340.405122,1.1634209999999996,0.8778590000000008,0.5948779999999942,1.5741869908006463,27.784887978899608
2034.0,315.0,120.0,342.0,377.0,122.0,357.0,314.816943,120.324103,342.148817,0.18305700000001934,-0.3241029999999938,-0.1488170000000082,0.4008729466389638,63.8200595424354
2035.0,290.0,126.0,343.0,346.0,119.0,357.0,289.95093199999997,126.04930499999999,342.352866,0.04906800000003386,-0.04930499999998972,0.6471339999999941,0.6508617868679915,58.146367040426526
2036.0,276.0,148.0,343.0,322.0,139.0,358.0,276.517057,147.83680999999999,343.067314,-0.5170570000000225,0.16319000000001438,-0.06731400000001031,0.5463607708694223,49.21381919745713
2037.0,447.0,330.0,343.0,449.0,416.0,363.0,447.307431,330.117577,343.211489,-0.3074310000000082,-0.11757699999998295,-0.21148899999997184,0.39123620462706304,88.31760866327846
2038.0,351.0,414.0,344.0,304.0,477.0,363.0,350.521088,415.198763,343.282632,0.4789119999999798,-1.1987629999999854,0.7173680000000218,1.4768230365676778,80.86408349817613
2039.0,323.0,120.0,345.0,387.0,125.0,360.0,323.394559,120.08597599999999,344.516839,-0.3945590000000152,-0.08597599999998806,0.4831609999999955,0.6296929640531214,65.92419889539804
2040.0,348.0,356.0,345.0,324.0,408.0,363.0,348.107185,356.386369,343.98604,-0.1071850000000154,-0.38636900000000196,1.0139599999999973,1.090359807580048,60.03332407921454
2041.0,444.0,360.0,345.0,435.0,448.0,366.0,444.78367000000003,358.65032399999996,345.368755,-0.7836700000000292,1.349676000000045,-0.3687550000000215,1.6036658704047995,90.91754506144565
2042.0,248.0,81.0,346.0,315.0,52.0,361.0,248.469693,82.08430299999999,346.587347,-0.4696930000000066,-1.0843029999999914,-0.5873470000000225,1.3195836496664446,74.53187237685633
2043.0,437.0,274.0,346.0,459.0,348.0,365.0,437.402585,274.700739,345.596067,-0.40258499999998776,-0.7007389999999987,0.403932999999995,0.9034775574606069,79.50471684120383
2044.0,323.0,189.0,347.0,361.0,204.0,363.0,323.776187,188.25750499999998,346.186137,-0.7761869999999931,0.7424950000000194,0.8138630000000262,1.347641668531758,43.87482193696061
2045.0,471.0,349.0,347.0,469.0,448.0,369.0,471.227525,349.843999,347.641461,-0.2275250000000142,-0.8439989999999966,-0.6414609999999925,1.084238973726268,101.43470806385751
2046.0,271.0,91.0,348.0,338.0,71.0,364.0,271.310651,90.90015199999999,348.696258,-0.3106510000000071,0.0998480000000086,-0.6962580000000003,0.7689270898264715,71.72865536171719
2047.0,342.0,103.0,348.0,415.0,111.0,363.0,341.53409600000003,101.960567,346.987011,0.46590399999996635,1.0394330000000025,1.0129890000000046,1.5243471431488245,74.95331880577403
2048.0,247.0,176.0,348.0,277.0,158.0,364.0,246.55297000000002,174.35409399999998,348.004117,0.44702999999998383,1.645906000000025,-0.00411700000000792,1.7055378422729492,38.47076812334269
2049.0,394.0,142.0,349.0,460.0,177.0,367.0,393.705928,141.589143,349.242148,0.2940720000000283,0.4108569999999929,-0.24214799999998604,0.5602833832419127,76.84399781375251
2050.0,206.0,230.0,349.0,208.0,207.0,365.0,205.70176800000002,230.369953,348.622112,0.2982319999999845,-0.3699530000000095,0.37788799999998446,0.6071300425584177,28.089143810376278
2051.0,276.0,87.0,350.0,346.0,69.0,366.0,277.024247,87.28679,350.31477,-1.0242470000000026,-0.2867899999999963,-0.31477000000001,1.1092387362551892,74.02702209328699
2052.0,277.0,189.0,350.0,306.0,187.0,366.0,276.64831300000003,189.371058,349.143394,0.3516869999999699,-0.371058000000005,0.8566059999999993,0.9975678546189133,33.18132004607411
2053.0,391.0,221.0,351.0,427.0,268.0,370.0,391.77115000000003,220.90414399999997,350.808283,-0.7711500000000342,0.09585600000002614,0.19171699999998282,0.8003849719510301,62.177166226839255
2054.0,248.0,255.0,351.0,248.0,252.0,369.0,248.524923,254.980383,351.151676,-0.5249230000000011,0.019617000000010876,-0.15167600000000903,0.5467491121108514,18.24828759089466
2055.0,390.0,134.0,352.0,459.0,167.0,370.0,390.354663,134.10835799999998,351.823079,-0.3546630000000164,-0.1083579999999813,0.176920999999993,0.41088725944473514,78.57480512225277
2056.0,298.0,142.0,352.0,350.0,141.0,369.0,298.89306600000003,142.222737,351.903182,-0.893066000000033,-0.22273699999999508,0.09681799999998475,0.9255011489182786,54.71745608121781
2057.0,415.0,350.0,352.0,404.0,426.0,374.0,415.04758599999997,349.69095200000004,352.35052,-0.047585999999967044,0.3090479999999616,-0.35052000000001726,0.46972264593053764,79.88116173416608
2058.0,343.0,54.0,354.0,436.0,56.0,371.0,343.613241,53.84557699999999,354.074216,-0.6132410000000164,0.15442300000000841,-0.07421599999997852,0.6367252167662433,94.56214887575261
2059.0,288.0,136.0,354.0,340.0,131.0,371.0,288.540066,137.07100699999998,353.713844,-0.5400660000000244,-1.0710069999999803,0.2861560000000054,1.2331311912124303,54.93632677928149
2060.0,371.0,192.0,354.0,414.0,227.0,373.0,371.030688,192.45411299999998,353.819462,-0.030687999999997828,-0.45411299999997823,0.18053800000001274,0.4896471582241489,58.60887304837041
2061.0,266.0,213.0,354.0,284.0,210.0,372.0,265.59482399999996,213.019206,353.90792,0.40517600000003995,-0.019205999999996948,0.09208000000000993,0.41595094399704646,25.632011235952593
2062.0,450.0,300.0,354.0,464.0,382.0,376.0,450.23472799999996,299.92873799999995,354.18041999999997,-0.2347279999999614,0.07126200000004701,-0.1804199999999696,0.3045108914767707,86.04649905719582
2063.0,349.0,46.0,355.0,447.0,50.0,371.0,350.598569,46.32474099999999,354.084975,-1.5985689999999977,-0.32474099999998884,0.9150250000000142,1.8703342790707256,99.37806599043876
2064.0,247.0,337.0,357.0,215.0,346.0,377.0,247.416631,336.675787,356.778775,-0.4166309999999953,0.3242129999999861,0.221225000000004,0.5723949337258226,38.79432948254165
2065.0,282.0,137.0,358.0,333.0,128.0,376.0,282.36678,136.60841399999998,357.883541,-0.36678000000000566,0.391586000000018,0.1164590000000203,0.5490262857796728,54.8270006474912
2066.0,255.0,402.0,360.0,198.0,425.0,382.0,254.80917899999997,402.52812600000004,360.037598,0.1908210000000281,-0.528126000000043,-0.037598000000002685,0.5627995518131267,65.28399497579785
2067.0,131.0,118.0,361.0,165.0,48.0,377.0,131.03340500000002,118.11603899999999,360.558981,-0.033405000000016116,-0.11603899999998646,0.44101899999998295,0.4572512459326742,79.44809626416482
2068.0,230.0,335.0,361.0,195.0,337.0,382.0,229.581873,334.929478,361.089863,0.41812699999999836,0.07052199999998265,-0.08986299999997982,0.4334499964032674,40.8656334834051
2069.0,308.0,64.0,363.0,390.0,54.0,381.0,307.445017,64.34465499999999,362.540698,0.5549829999999929,-0.34465499999998883,0.45930199999997967,0.7985934676153855,84.545845551393
2070.0,383.0,76.0,363.0,472.0,97.0,382.0,382.352143,76.456478,362.407432,0.6478569999999877,-0.45647800000000416,0.5925680000000284,0.989559342109922,93.39700209321497
2071.0,361.0,132.0,363.0,425.0,153.0,383.0,360.41515,132.19415899999998,362.823277,0.5848500000000172,-0.19415899999998487,0.1767229999999813,0.6410758601834947,70.26378868236469
2072.0,415.0,389.0,363.0,389.0,471.0,388.0,415.230341,388.69343200000003,363.372009,-0.2303410000000099,0.3065679999999702,-0.3720089999999914,0.5342580003949214,89.58236433584459
2073.0,264.0,393.0,363.0,212.0,417.0,386.0,263.641723,392.71305799999993,363.332596,0.35827699999998686,0.2869420000000673,-0.33259600000002365,0.5668493797377262,61.71709649683789
2074.0,454.0,375.0,365.0,439.0,470.0,391.0,453.845209,374.952001,365.569399,0.1547909999999888,0.047999000000004344,-0.5693989999999758,0.5920129887789366,99.62931295557549
2075.0,275.0,380.0,365.0,230.0,407.0,388.0,275.043323,380.2846880000001,364.990854,-0.04332299999998668,-0.28468800000007377,0.009145999999986998,0.28811072348845435,57.29746940310715
2076.0,346.0,25.0,366.0,450.0,23.0,385.0,346.03296,24.703508999999997,365.856074,-0.032960000000002765,0.29649100000000317,0.14392600000002176,0.3312219318780209,105.74024777727732
2077.0,278.0,370.0,366.0,238.0,396.0,389.0,278.406051,369.668227,365.896058,-0.40605099999999084,0.3317729999999983,0.10394200000001774,0.5345602655398127,52.96225070746144
2078.0,384.0,100.0,367.0,465.0,125.0,387.0,384.24465399999997,100.08169099999999,366.212197,-0.24465399999996862,-0.08169099999999219,0.7878029999999967,0.8289526922605284,87.0976463516667
2079.0,241.0,254.0,367.0,240.0,248.0,387.0,241.433905,254.128889,365.988916,-0.43390500000001,-0.1288889999999867,1.0110839999999826,1.1077801128391724,20.904544960366874
2080.0,234.0,314.0,368.0,208.0,314.0,391.0,233.780587,313.76822500000003,368.663164,0.21941300000000297,0.23177499999997053,-0.6631639999999948,0.7359675305949174,34.713109915419565
2081.0,284.0,361.0,368.0,248.0,389.0,392.0,284.381797,361.65984,368.3818,-0.38179700000000594,-0.6598399999999742,-0.38179999999999836,0.8526013223124682,51.536394906900505
2082.0,311.0,61.0,369.0,395.0,51.0,388.0,310.61350100000004,60.78323199999999,368.283591,0.38649899999995796,0.21676800000000895,0.7164089999999987,0.8423845310224836,86.70063436907483
2083.0,335.0,26.0,371.0,435.0,20.0,392.0,333.662444,26.339686,371.707827,1.3375560000000064,-0.3396860000000004,-0.7078270000000089,1.5509550907943885,102.35721762533407
2084.0,255.0,244.0,372.0,260.0,241.0,394.0,255.215891,243.561162,371.697252,-0.21589099999999917,0.43883800000000406,0.30274800000000823,0.5751904603077213,22.759613353482084
2085.0,366.0,335.0,372.0,353.0,389.0,397.0,366.007472,334.421765,371.906565,-0.007472000000007029,0.5782350000000065,0.09343499999999949,0.5857829335462135,60.909769331364245
2086.0,328.0,336.0,373.0,308.0,376.0,398.0,327.671476,336.02489199999997,373.123792,0.3285240000000158,-0.02489199999996572,-0.12379199999998036,0.35195466967210964,51.234753829797995
2087.0,352.0,390.0,373.0,316.0,448.0,399.0,352.62972499999995,389.90158899999994,373.05192,-0.6297249999999508,0.09841100000005554,-0.051919999999995525,0.639479465617113,73.0479294709987
2088.0,329.0,352.0,374.0,303.0,394.0,400.0,328.48846199999997,351.33049,374.577623,0.51153800000003,0.6695100000000025,-0.5776230000000169,1.0215493603703414,55.82114294781145
2089.0,318.0,400.0,374.0,272.0,446.0,400.0,317.932736,399.79212200000006,374.134212,0.06726400000002286,0.20787799999993695,-0.1342119999999909,0.2564187386365794,70.05711955254797
2090.0,367.0,323.0,375.0,359.0,377.0,401.0,367.583668,323.577633,375.292195,-0.5836679999999888,-0.5776329999999916,-0.29219499999999243,0.8716112292404067,60.4648658313239
2091.0,268.0,237.0,376.0,277.0,238.0,400.0,267.69858999999997,236.87131399999998,376.555573,0.3014100000000326,0.12868600000001607,-0.5555729999999812,0.6450344432857852,25.65151067676132
2092.0,331.0,426.0,377.0,277.0,481.0,404.0,330.96077099999997,425.72809199999995,376.972001,0.039229000000034375,0.2719080000000531,0.027999000000022534,0.27614637224854655,81.67006795638167
2093.0,282.0,385.0,378.0,237.0,417.0,406.0,283.249173,386.413358,379.581641,-1.2491729999999848,-1.4133580000000165,-1.5816409999999905,2.4616259409126275,61.91122676865643
2094.0,309.0,179.0,380.0,346.0,187.0,404.0,308.075343,179.350728,380.057402,0.9246570000000247,-0.3507280000000037,-0.0574020000000246,0.990603698376425,44.82186966202994
2095.0,351.0,415.0,382.0,305.0,477.0,411.0,351.738918,415.4124029999999,382.601477,-0.7389180000000124,-0.4124029999999266,-0.6014769999999885,1.0381958517842111,82.46817568007674
2096.0,107.0,170.0,385.0,119.0,97.0,406.0,108.30923300000002,168.430878,383.990955,-1.3092330000000203,1.569121999999993,1.0090450000000146,2.279124110529758,76.90253571892151
2097.0,280.0,199.0,385.0,305.0,200.0,410.0,279.657934,200.166336,385.043065,0.34206599999998843,-1.1663360000000011,-0.04306500000001279,1.2162250644831307,35.369478367654786
2098.0,473.0,346.0,385.0,471.0,444.0,415.0,472.16318700000005,346.669925,385.36343899999997,0.8368129999999496,-0.6699249999999779,-0.3634389999999712,1.131876057399778,102.50853622991599
2099.0,406.0,357.0,385.0,390.0,430.0,413.0,405.569249,356.82211099999995,384.330618,0.43075099999998656,0.17788900000005015,0.6693819999999846,0.8156366729408294,79.8060148109151
2100.0,362.0,375.0,385.0,333.0,435.0,414.0,362.59321900000003,375.530266,385.401265,-0.5932190000000332,-0.5302659999999833,-0.4012650000000235,0.8911253632020808,72.6773692424265
2101.0,374.0,98.0,386.0,454.0,120.0,409.0,374.599339,99.27227099999999,384.354562,-0.5993389999999863,-1.2722709999999893,1.6454380000000128,2.1645662258766762,86.09878047916823
2102.0,328.0,336.0,386.0,309.0,376.0,414.0,328.595386,335.92285200000003,386.226445,-0.5953860000000191,0.07714799999996558,-0.22644500000001244,0.641649157191859,52.392747589718944
2103.0,292.0,262.0,387.0,293.0,278.0,416.0,290.68423,263.952114,389.105701,1.3157699999999863,-1.9521139999999946,-2.1057010000000105,3.158476921444415,33.13608305156178
2104.0,413.0,350.0,387.0,400.0,425.0,416.0,412.06536900000003,350.367776,386.792816,0.9346309999999676,-0.3677759999999921,0.20718399999998383,1.0255337645309037,81.4555093287127
2105.0,425.0,209.0,388.0,470.0,267.0,416.0,425.342323,209.406068,388.271782,-0.3423230000000217,-0.40606800000000476,-0.2717819999999733,0.5966085085523036,78.56844150166147
2106.0,301.0,402.0,389.0,251.0,442.0,418.0,300.741368,402.319068,389.042211,0.2586319999999773,-0.3190680000000157,-0.04221100000000888,0.4128882034752253,70.2922470831599
2107.0,360.0,414.0,389.0,315.0,478.0,419.0,359.842085,413.66954899999996,389.089323,0.1579150000000027,0.33045100000003913,-0.08932299999997895,0.3769795869208609,83.79140767405688
2108.0,313.0,436.0,389.0,254.0,486.0,418.0,314.520446,435.728572,388.50791399999997,-1.5204459999999926,0.27142800000001444,0.4920860000000289,1.6209805148415615,82.59539938761722
2109.0,291.0,119.0,390.0,350.0,110.0,415.0,291.249779,118.58872099999999,389.95389,-0.24977899999998954,0.4112790000000075,0.04610999999999876,0.4833902117151327,64.70703207534712
2110.0,452.0,364.0,390.0,441.0,456.0,420.0,452.022856,363.839962,389.481745,-0.022855999999990217,0.1600379999999859,0.5182550000000106,0.5428837842531364,97.3909646733207
2111.0,321.0,384.0,390.0,282.0,428.0,419.0,321.19338500000003,383.3942890000001,389.857542,-0.19338500000003478,0.6057109999999284,0.14245799999997644,0.6515963900375139,65.55913361233506
2112.0,410.0,153.0,394.0,474.0,196.0,422.0,410.03195600000004,153.256892,394.001358,-0.03195600000003651,-0.25689199999999346,-0.0013579999999819847,0.2588755101665643,82.03048213926333
2113.0,254.0,331.0,394.0,226.0,341.0,421.0,255.066286,330.366037,392.825026,-1.066285999999991,0.6339629999999943,1.1749740000000202,1.7086365382494373,40.162171256046406
2114.0,455.0,340.0,395.0,455.0,430.0,427.0,456.19958899999995,340.068021,395.446407,-1.1995889999999463,-0.06802099999998745,-0.446407000000022,1.2817643445699718,95.51963149007642
2115.0,291.0,426.0,395.0,231.0,465.0,425.0,291.25096399999995,425.457321,394.615107,-0.25096399999995356,0.542679000000021,0.38489299999997684,0.7110738694298798,77.59510293826537
2116.0,305.0,407.0,396.0,253.0,449.0,428.0,304.208427,407.33714,397.141481,0.7915730000000281,-0.3371399999999767,-1.1414809999999989,1.429415988188892,74.10802925459562
2117.0,262.0,98.0,397.0,324.0,75.0,423.0,262.016014,98.22861099999999,397.06147599999997,-0.016013999999984208,-0.22861099999998657,-0.061475999999970554,0.23727354697266556,71.05631569396206
2118.0,318.0,426.0,397.0,262.0,475.0,428.0,317.96583899999996,425.20089599999994,396.786422,0.034161000000040076,0.7991040000000567,0.21357799999998406,0.8278585258491251,80.61017305526642
2119.0,293.0,429.0,397.0,232.0,470.0,428.0,293.35640399999994,429.112166,397.008572,-0.3564039999999409,-0.11216600000000199,-0.008572000000015123,0.3737358719148572,79.76841480184999
2120.0,249.0,334.0,398.0,217.0,342.0,431.0,248.425773,333.580633,401.054801,0.5742270000000076,0.41936700000002247,-3.0548009999999977,3.1364652840130423,46.65833258915282
2121.0,375.0,386.0,398.0,343.0,451.0,430.0,374.672671,385.52172199999995,398.266579,0.3273290000000202,0.4782780000000457,-0.2665789999999788,0.6379329767037017,79.20227269466452
2122.0,390.0,394.0,398.0,358.0,467.0,430.0,390.489913,394.05593799999997,397.996582,-0.4899130000000014,-0.05593799999996918,0.0034180000000105792,0.49310799033984226,85.8894638474359
2123.0,58.0,248.0,399.0,30.0,169.0,425.0,58.068662,247.69350500000002,399.193662,-0.06866200000000333,0.306494999999984,-0.19366200000001754,0.3689967825239096,87.75534171775527
2124.0,416.0,399.0,399.0,386.0,482.0,432.0,416.16568800000005,398.45441800000003,399.30611,-0.16568800000004558,0.5455819999999676,-0.30610999999998967,0.6471596125902584,94.22313940853383
2125.0,432.0,201.0,401.0,480.0,259.0,432.0,431.17728700000004,200.7489,401.419624,0.8227129999999647,0.2511000000000081,-0.4196239999999989,0.957074809899908,81.4186710773395
2126.0,400.0,377.0,402.0,375.0,450.0,435.0,399.320809,376.47786099999996,402.200455,0.679191000000003,0.5221390000000383,-0.20045499999997674,0.8798362102272415,83.92258337301111
2127.0,395.0,111.0,404.0,473.0,142.0,435.0,395.324313,111.68561299999999,405.292817,-0.32431300000001784,-0.6856129999999894,-1.2928170000000136,1.4988728776073816,89.47625383307015
2128.0,401.0,385.0,405.0,375.0,461.0,437.0,402.201236,385.04487700000004,403.709475,-1.2012359999999944,-0.044877000000042244,1.2905250000000024,1.7636430048198521,86.46386528486914
2129.0,376.0,390.0,405.0,343.0,456.0,439.0,376.056271,389.495637,405.581023,-0.056270999999981086,0.5043630000000121,-0.581023000000016,0.7714507033758078,81.24653838779841
2130.0,309.0,432.0,405.0,249.0,479.0,438.0,308.998087,431.78608999999994,405.002653,0.00191300000000183,0.21391000000005533,-0.0026530000000093423,0.21393500433081009,83.05419917138447
2131.0,80.0,237.0,406.0,60.0,162.0,434.0,79.638518,234.54670799999997,406.48608,0.3614819999999952,2.453292000000033,-0.4860800000000154,2.526971436322179,82.516664983505
2132.0,444.0,386.0,406.0,424.0,480.0,442.0,445.26126400000004,387.12357599999996,407.31538,-1.2612640000000397,-1.1235759999999573,-1.3153800000000047,2.140895712049519,102.62553288534
2133.0,330.0,399.0,406.0,286.0,449.0,439.0,329.94881200000003,398.86961499999995,405.973678,0.051187999999967815,0.1303850000000466,0.026321999999993295,0.14252476014015428,74.33034373659252
2134.0,329.0,400.0,407.0,285.0,450.0,440.0,329.441234,399.916386,406.786605,-0.44123400000000856,0.0836140000000114,0.21339499999999134,0.497208376615887,74.33034373659252
2135.0,464.0,359.0,409.0,457.0,453.0,443.0,463.88475,357.577699,408.272861,0.11525000000000318,1.4223010000000045,0.7271390000000224,1.60154732131837,100.20479030465559
2136.0,317.0,423.0,409.0,262.0,472.0,443.0,317.323053,423.017793,409.110578,-0.3230530000000158,-0.017792999999983294,-0.11057799999997542,0.34191713285824704,81.12952606788727
2137.0,408.0,387.0,410.0,380.0,466.0,444.0,407.451216,387.699662,409.358192,0.5487840000000119,-0.6996619999999893,0.6418080000000259,1.0966349902150814,90.44888059008801
2138.0,103.0,176.0,411.0,112.0,104.0,445.0,105.05010700000001,176.07395499999998,415.897636,-2.0501070000000112,-0.07395499999998378,-4.897635999999977,5.309919626695852,80.1311425102625
2139.0,294.0,143.0,412.0,344.0,139.0,443.0,294.390682,142.957975,412.58432799999997,-0.3906820000000266,0.042024999999995316,-0.5843279999999709,0.7041574662907342,58.966091951222275
2140.0,396.0,374.0,412.0,372.0,446.0,446.0,396.050246,374.257912,411.275688,-0.050246000000015556,-0.25791199999997616,0.7243119999999976,0.7705005733962732,83.16249154516716
2141.0,389.0,393.0,413.0,357.0,467.0,449.0,389.887478,394.503253,413.567889,-0.8874779999999873,-1.5032529999999724,-0.5678889999999797,1.835724570520826,88.29496021857646
2142.0,254.0,334.0,415.0,223.0,344.0,448.0,253.76399200000003,333.74311,414.925951,0.2360079999999698,0.2568899999999985,0.07404900000000225,0.35661674465031123,46.36809247747852
2143.0,387.0,362.0,416.0,366.0,429.0,452.0,387.02047699999997,362.66693999999995,416.424006,-0.020476999999971213,-0.6669399999999541,-0.42400600000001987,0.7905753342755859,78.90500617831546
2144.0,304.0,439.0,416.0,240.0,485.0,451.0,303.686064,438.91541099999995,415.631336,0.3139360000000124,0.08458900000005087,0.36866400000002386,0.49155290245611816,86.23804264940155
2145.0,335.0,406.0,418.0,290.0,458.0,454.0,335.53607,404.9713039999999,418.134798,-0.5360699999999952,1.0286960000000818,-0.13479799999998932,1.1678000711252592,77.62087348130012
2146.0,408.0,192.0,419.0,457.0,240.0,452.0,408.547584,192.159946,418.153601,-0.5475839999999721,-0.15994599999999082,0.8463990000000194,1.0206969320875807,76.11832893594026
2147.0,332.0,264.0,419.0,340.0,293.0,453.0,331.44352999999995,263.758149,418.985772,0.5564700000000471,0.24185099999999693,0.014228000000002794,0.6069210847260549,45.39823785126467
2148.0,336.0,90.0,421.0,413.0,93.0,454.0,336.132665,89.39157399999999,421.762089,-0.1326649999999745,0.6084260000000086,-0.7620890000000031,0.9841553960742219,83.82720322186587
2149.0,321.0,415.0,422.0,269.0,464.0,459.0,320.827167,415.140265,422.274749,0.17283300000002555,-0.14026499999999942,-0.2747489999999857,0.353599390716388,80.46117075956576
2150.0,451.0,339.0,423.0,450.0,424.0,462.0,451.075192,337.05053999999996,424.218214,-0.07519200000001547,1.9494600000000446,-1.218213999999989,2.300020321271129,93.52539762011173
2151.0,453.0,355.0,423.0,445.0,446.0,460.0,452.896186,355.424782,422.347933,0.10381399999999985,-0.42478199999999333,0.6520669999999882,0.7851168490161059,98.55962662266938
2152.0,304.0,409.0,423.0,252.0,451.0,460.0,304.245771,409.46675199999993,423.339572,-0.24577099999999064,-0.46675199999992856,-0.33957199999997556,0.6273515419036699,76.40026177965623
2153.0,435.0,383.0,424.0,414.0,471.0,462.0,435.333781,382.92644199999995,423.860878,-0.33378099999998767,0.0735580000000482,0.1391219999999862,0.3690196013885916,98.12746812182611
2154.0,350.0,421.0,424.0,301.0,482.0,462.0,350.400488,420.84016800000006,424.346445,-0.40048799999999574,0.15983199999993758,-0.346445000000017,0.5531374552432591,86.98275691193054
2155.0,320.0,432.0,425.0,258.0,484.0,462.0,317.51201199999997,433.56906000000004,424.55695,2.48798800000003,-1.5690600000000359,0.4430500000000279,2.97461373530149,88.97752525216691
2156.0,308.0,433.0,425.0,248.0,479.0,463.0,308.450762,432.292595,425.489496,-0.45076199999999744,0.7074049999999943,-0.4894959999999742,0.9711923335184254,84.61678320522472
2157.0,408.0,355.0,426.0,393.0,428.0,464.0,407.84816,354.991534,426.119889,0.15183999999999287,0.00846599999999853,-0.11988900000000058,0.19365028034319484,83.65404951345751
2158.0,398.0,382.0,426.0,371.0,456.0,465.0,398.04968099999996,382.47548699999993,426.729275,-0.049680999999964115,-0.47548699999993005,-0.7292749999999728,0.8720080931705222,87.89766777338293
2159.0,322.0,431.0,426.0,265.0,483.0,464.0,322.708845,430.99260400000003,426.169133,-0.7088449999999966,0.0073959999999715365,-0.169132999999988,0.7287811101627091,86.00581375697809
2160.0,409.0,355.0,428.0,394.0,428.0,466.0,408.64348,354.75138400000003,427.752958,0.35651999999998907,0.24861599999996997,0.24704200000002174,0.4999461727226122,83.65404951345751
2161.0,250.0,364.0,428.0,206.0,378.0,464.0,249.54916000000003,364.737794,427.72633,0.45083999999997104,-0.737794000000008,0.27366999999998143,0.9069134252705578,58.54912467321779
2162.0,281.0,207.0,429.0,304.0,209.0,464.0,281.718657,207.95216,429.182384,-0.7186570000000074,-0.9521599999999921,-0.1823840000000132,1.2067893240764938,41.92851058647326
2163.0,349.0,322.0,429.0,338.0,367.0,466.0,349.262873,321.906078,428.77585799999997,-0.26287300000001323,0.09392200000002049,0.22414200000002893,0.35799887203317243,59.28743543112655
2164.0,328.0,83.0,430.0,406.0,83.0,463.0,328.17481000000004,83.529259,429.291214,-0.17481000000003633,-0.5292589999999961,0.708785999999975,0.9016935282993735,84.69356528095862
2165.0,349.0,312.0,432.0,341.0,355.0,470.0,348.508219,311.841586,432.177817,0.49178100000000313,0.1584139999999934,-0.17781700000000455,0.5464086683481537,57.9396237474839
2166.0,406.0,358.0,432.0,389.0,431.0,471.0,405.58521600000006,358.43118699999997,431.841137,0.41478399999994053,-0.4311869999999658,0.15886299999999665,0.6190359023464795,84.49260322655469
2167.0,458.0,352.0,433.0,451.0,444.0,474.0,457.16610199999997,352.44956,433.808403,0.8338980000000333,-0.4495600000000195,-0.8084029999999984,1.2453937041807583,100.96534058774823
2168.0,404.0,354.0,433.0,389.0,425.0,473.0,404.04246400000005,353.788761,433.550281,-0.04246400000005224,0.21123899999997775,-0.550280999999984,0.5909604770016159,82.86132994346639
2169.0,346.0,367.0,437.0,316.0,418.0,476.0,345.53135999999995,367.350414,436.487792,0.46864000000005035,-0.35041400000000067,0.5122079999999869,0.7776698890017758,70.8660708661063
2170.0,390.0,112.0,438.0,467.0,139.0,475.0,390.24945199999996,111.30841499999998,438.131031,-0.24945199999996248,0.6915850000000177,-0.13103100000000723,0.7467832587103219,89.59352655186646
2171.0,398.0,346.0,438.0,385.0,415.0,478.0,398.378719,347.107346,437.786053,-0.3787189999999896,-1.1073460000000068,0.21394700000001876,1.1897128071454954,80.8084154033477
2172.0,206.0,275.0,439.0,190.0,257.0,475.0,205.73636799999997,274.984243,438.249646,0.2636320000000296,0.015757000000007793,0.7503540000000157,0.7954754803191858,43.31281565541543
2173.0,352.0,313.0,439.0,344.0,358.0,480.0,351.71148,313.491674,440.318732,0.28852000000000544,-0.49167399999998906,-1.3187320000000113,1.4366771385735984,61.40032573203501
2174.0,358.0,162.0,441.0,410.0,185.0,479.0,357.968644,161.90423099999998,441.176794,0.03135600000001659,0.09576900000001842,-0.17679399999997258,0.2034969742600486,68.38859554048467
2175.0,3.0,151.0,66.0,4.0,43.0,15.0,1.3185499999999983,152.50045899999998,64.923492,1.6814500000000017,-1.500458999999978,1.076508000000004,2.497502910357653,119.44036168732913
2176.0,209.0,434.0,69.0,136.0,448.0,28.0,209.37108999999998,433.020074,70.087684,-0.37108999999998105,0.9799259999999776,-1.0876839999999959,1.5103043525832578,84.88816171881683
2177.0,399.0,140.0,71.0,468.0,182.0,26.0,398.090378,140.03126799999998,69.773448,0.909622000000013,-0.031267999999982976,1.226551999999998,1.5273570896853224,92.46621004453465
2178.0,177.0,89.0,72.0,230.0,38.0,26.0,175.70934999999997,89.99096399999999,72.76405,1.2906500000000278,-0.9909639999999911,-0.7640499999999975,1.7976538805610078,86.75252157718529
2179.0,296.0,242.0,74.0,308.0,262.0,30.0,294.630078,243.813608,72.979592,1.369921999999974,-1.813607999999988,1.0204080000000033,2.491403771011815,49.79959839195493
2180.0,355.0,359.0,74.0,334.0,420.0,34.0,355.97706400000004,359.866296,74.255122,-0.9770640000000412,-0.8662959999999771,-0.25512200000000007,1.330492410574386,75.90783885739337
2181.0,214.0,163.0,79.0,247.0,137.0,36.0,214.767863,162.597228,79.698651,-0.7678630000000055,0.4027719999999988,-0.6986509999999981,1.113531360381918,60.11655346075655
2182.0,263.0,335.0,79.0,236.0,354.0,36.0,262.68199200000004,334.07055,77.204,0.31800799999996343,0.9294499999999744,1.7960000000000065,2.047100972244396,54.2125446737192
2183.0,348.0,228.0,80.0,374.0,264.0,38.0,346.502632,228.29449999999997,79.150858,1.4973679999999945,-0.2944999999999709,0.8491420000000005,1.7463915121151863,61.1228271597445
2184.0,350.0,170.0,83.0,400.0,198.0,40.0,349.54936,170.273634,81.424804,0.45064000000002125,-0.27363399999998705,1.5751960000000054,1.661082301986277,71.64495795239188
2185.0,313.0,238.0,84.0,332.0,264.0,42.0,313.907472,239.24892,82.656488,-0.9074719999999843,-1.2489199999999983,1.343512000000004,2.046541250824908,52.92447448959697
2186.0,378.0,317.0,87.0,376.0,378.0,48.0,377.80969999999996,316.45435399999997,85.990524,0.1903000000000361,0.5456460000000334,1.0094760000000065,1.1631790240079398,72.42927584892728
2187.0,379.0,128.0,89.0,452.0,162.0,52.0,380.69424799999996,128.905318,91.396632,-1.6942479999999591,-0.9053179999999941,-2.3966319999999968,3.071469014991334,88.6227961644181
2188.0,239.0,266.0,89.0,234.0,268.0,50.0,238.8806,267.904184,89.696862,0.11940000000001305,-1.9041839999999866,-0.6968619999999959,2.0312040057315626,39.370039370059054
2189.0,400.0,188.0,91.0,452.0,236.0,52.0,399.948086,186.405242,90.525504,0.051914000000010674,1.594758000000013,0.474496000000002,1.6646605047204202,80.80222769206304
2190.0,301.0,307.0,91.0,288.0,340.0,54.0,299.606104,309.855996,91.83238,1.3938959999999838,-2.8559960000000046,-0.8323800000000006,3.2851964439332972,51.254268114957995
2191.0,351.0,362.0,92.0,328.0,420.0,58.0,351.53580400000004,361.662336,93.949924,-0.5358040000000415,0.33766400000001795,-1.9499239999999958,2.0501967000968566,71.05631569396206
2192.0,343.0,199.0,93.0,382.0,230.0,56.0,344.037204,199.97414600000002,94.25416999999999,-1.0372039999999743,-0.9741460000000188,-1.2541699999999878,1.8967590663634515,62.056425936400814
2193.0,214.0,88.0,100.0,275.0,52.0,61.0,214.63619299999996,89.520003,101.028267,-0.6361929999999631,-1.5200030000000027,-1.0282669999999996,1.9422882578409828,80.85790004693419
2194.0,383.0,106.0,101.0,464.0,136.0,66.0,383.38137599999993,105.72219199999999,103.106972,-0.381375999999932,0.2778080000000074,-2.106971999999999,2.1591563044448514,93.19871243745806
2195.0,334.0,273.0,106.0,340.0,312.0,68.0,332.85085799999996,274.723618,103.348544,1.1491420000000403,-1.7236179999999877,2.651455999999996,3.364759317696294,54.78138369920935
2196.0,194.0,76.0,108.0,256.0,30.0,68.0,194.214324,77.432206,107.12546,-0.21432400000000484,-1.4322059999999937,0.8745399999999961,1.6917355038574962,86.94826047713663
2197.0,238.0,431.0,112.0,172.0,462.0,80.0,241.461528,435.055738,112.32824,-3.461527999999987,-4.055738000000019,-0.32823999999999387,5.342183852791671,79.63039620647382
2198.0,204.0,399.0,113.0,142.0,408.0,80.0,204.10293000000001,400.892734,113.127218,-0.10293000000001484,-1.8927340000000186,-0.12721799999999917,1.8997949887238026,70.80960386840192
2199.0,374.0,209.0,115.0,414.0,252.0,86.0,374.899268,209.04850799999997,118.39868999999999,-0.8992680000000064,-0.0485079999999698,-3.3986899999999878,3.515982036072984,65.49809157525127
2200.0,389.0,290.0,116.0,400.0,350.0,84.0,389.50192400000003,288.815646,115.682724,-0.5019240000000309,1.1843539999999848,0.3172760000000068,1.3248721294026828,68.8839603971781
2201.0,397.0,379.0,116.0,374.0,454.0,86.0,396.37904199999997,376.40296,116.23846599999999,0.6209580000000301,2.5970399999999927,-0.2384659999999883,2.6808714315535527,83.98809439438426
2202.0,318.0,176.0,121.0,362.0,192.0,88.0,318.905018,175.96043799999998,121.026558,-0.9050179999999841,0.03956200000001786,-0.02655799999999431,0.9062715153484481,57.28001396647874
2203.0,111.0,320.0,122.0,64.0,278.0,88.0,109.75,320.22891400000003,121.63618,1.25,-0.2289140000000316,0.36382000000000403,1.3218421281666042,71.61703707917552
2204.0,171.0,108.0,129.0,216.0,54.0,96.0,169.637992,106.75224999999999,129.99982,1.362008000000003,1.2477500000000106,-0.9998199999999997,2.1003775581937725,77.6530746332687
2205.0,270.0,204.0,132.0,296.0,206.0,100.0,271.37915599999997,204.109262,131.05205999999998,-1.3791559999999663,-0.10926200000000108,0.9479400000000169,1.6770807078313015,41.27953488110059
2206.0,414.0,309.0,132.0,420.0,384.0,104.0,414.070982,310.23423,131.55873599999998,-0.07098200000001498,-1.234230000000025,0.4412640000000181,1.3126599159417034,80.2807573457052
2207.0,276.0,265.0,134.0,278.0,278.0,104.0,276.16426,264.772434,133.579474,-0.16426000000001295,0.22756600000002436,0.4205259999999953,0.5055786275467065,32.7566787083184
2208.0,230.0,349.0,142.0,192.0,356.0,114.0,229.73299599999999,347.828792,141.321916,0.26700400000001423,1.1712079999999787,0.6780840000000126,1.3794264120771267,47.7179211617606
2209.0,376.0,71.0,144.0,468.0,94.0,114.0,376.002202,72.52109999999999,142.903912,-0.0022020000000111395,-1.52109999999999,1.0960880000000088,1.8748757192272743,99.46356116689167
2210.0,321.0,318.0,146.0,308.0,358.0,122.0,320.45304999999996,319.315684,147.221032,0.546950000000038,-1.315683999999976,-1.221032000000008,1.876458855232376,48.425200051213004
2211.0,366.0,279.0,147.0,376.0,330.0,124.0,366.018784,279.906846,148.81903599999998,-0.01878399999998237,-0.9068459999999732,-1.8190359999999828,2.0326373202487176,56.83308895353129
2212.0,425.0,248.0,150.0,458.0,316.0,126.0,426.10443599999996,247.73805199999998,150.17603,-1.1044359999999642,0.26194800000001806,-0.17602999999999724,1.1486436321592217,79.30321557162736
2213.0,367.0,127.0,153.0,434.0,154.0,128.0,365.325712,128.11669,153.852238,1.67428799999999,-1.1166900000000055,-0.8522379999999998,2.1855311646572275,76.43951857514541
2214.0,401.0,201.0,153.0,446.0,250.0,126.0,399.60869399999996,199.57289600000001,151.018298,1.3913060000000428,1.4271039999999857,1.9817020000000127,2.8106051001974874,71.79832867135558
2215.0,290.0,404.0,156.0,242.0,444.0,136.0,291.67902200000003,403.43011,158.037462,-1.6790220000000318,0.5698899999999867,-2.037462000000005,2.700951848891074,65.60487786742691
2216.0,365.0,247.0,158.0,382.0,294.0,136.0,361.423972,250.49301,159.04124199999998,3.576028000000008,-3.493009999999998,-1.0412419999999827,5.106200154659824,54.607691765904185
2217.0,431.0,351.0,159.0,424.0,436.0,138.0,431.020796,349.935472,158.779524,-0.020796000000018466,1.0645279999999957,0.2204759999999908,1.0873187218916023,87.83507272155013
2218.0,217.0,391.0,161.0,162.0,402.0,140.0,218.631908,391.62487799999997,162.24435,-1.63190800000001,-0.624877999999967,-1.2443499999999972,2.1452279967052417,59.89156868875618
2219.0,356.0,218.0,163.0,388.0,252.0,140.0,355.19455800000003,216.338098,162.780032,0.8054419999999709,1.6619019999999978,0.2199679999999944,1.8598497234970204,52.04805471869242
2220.0,375.0,193.0,167.0,420.0,234.0,144.0,375.410332,194.07493,166.094776,-0.4103319999999826,-1.0749299999999948,0.905224000000004,1.46399362884542,65.07687761409578
2221.0,225.0,263.0,168.0,220.0,256.0,146.0,225.76281600000002,263.165232,168.562904,-0.762816000000015,-0.16523200000000315,-0.5629040000000032,0.962315320929698,23.62202362203543
2222.0,164.0,108.0,169.0,208.0,52.0,142.0,163.324528,107.731028,167.752684,0.6754720000000134,0.2689720000000051,1.247316000000012,1.4437470565940735,76.16429609731846
2223.0,445.0,353.0,171.0,440.0,444.0,160.0,445.735562,352.21063,176.621892,-0.7355620000000158,0.7893700000000194,-5.6218920000000026,5.724493524531938,91.7986928011505
2224.0,369.0,97.0,183.0,454.0,120.0,160.0,372.312274,96.81588599999999,180.359818,-3.312274000000002,0.1841140000000081,2.64018200000001,4.239766268227067,91.01098834756164
2225.0,185.0,147.0,184.0,218.0,108.0,162.0,185.8482,148.842984,183.424142,-0.8481999999999914,-1.8429840000000013,0.5758580000000109,2.1089442146296813,55.62373594069352
2226.0,211.0,133.0,186.0,254.0,98.0,166.0,211.25327,131.756504,186.622938,-0.25326999999998634,1.2434959999999933,-0.6229380000000049,1.4136759695064434,58.9406481131655
2227.0,326.0,268.0,188.0,332.0,300.0,170.0,324.449884,268.484576,187.097464,1.5501160000000027,-0.4845760000000041,0.9025359999999978,1.8580217287556162,37.20215047547655
2228.0,381.0,297.0,188.0,388.0,354.0,176.0,382.064292,295.94989,191.072504,-1.064292000000023,1.0501100000000179,-3.0725040000000092,3.4169766319628447,58.66856057549052
2229.0,70.0,149.0,192.0,84.0,64.0,172.0,70.380522,149.57640999999998,192.864032,-0.38052199999999914,-0.5764099999999814,-0.8640320000000088,1.106163088160147,88.43641783790206
2230.0,240.0,132.0,193.0,288.0,108.0,174.0,240.34492,130.769764,192.874204,-0.3449200000000019,1.2302359999999908,0.12579600000000823,1.2838516486385725,56.929781309961136
2231.0,303.0,279.0,195.0,304.0,306.0,176.0,304.311516,280.48256200000003,192.094772,-1.3115159999999833,-1.48256200000003,2.905227999999994,3.515453602891668,33.03028912982749
2232.0,58.0,171.0,207.0,62.0,86.0,190.0,59.177065999999996,172.565912,207.471402,-1.1770659999999964,-1.5659119999999973,-0.47140200000001187,2.0148907180549505,86.77557259966655
2233.0,402.0,377.0,207.0,381.0,458.0,196.0,403.86878999999993,378.777054,206.271437,-1.8687899999999331,-1.777054000000021,0.7285630000000083,2.67975764351645,84.39786727163192
2234.0,273.0,112.0,213.0,334.0,100.0,198.0,274.223564,112.835836,212.380146,-1.2235640000000103,-0.8358360000000005,0.6198540000000037,1.606222170905392,63.953107821277925
2235.0,216.0,169.0,215.0,244.0,142.0,202.0,215.262658,168.899588,215.652616,0.7373420000000124,0.10041200000000572,-0.6526159999999948,0.9897794896662653,41.012193308819754
2236.0,345.0,239.0,217.0,368.0,274.0,206.0,345.985882,239.28136,216.700804,-0.9858820000000037,-0.2813600000000065,0.2991959999999949,1.0680098379415837,43.30127018922193
2237.0,165.0,480.0,217.0,66.0,482.0,208.0,165.484248,479.406258,217.534526,-0.484248000000008,0.5937420000000202,-0.5345259999999996,0.9342075426499357,99.42836617384397
2238.0,220.0,258.0,219.0,216.0,248.0,206.0,221.12462,258.580444,217.834212,-1.124619999999993,-0.580444,1.165787999999992,1.7206821445229115,16.881943016134134
2239.0,449.0,368.0,220.0,438.0,462.0,214.0,449.361018,367.24956799999995,220.660706,-0.3610180000000014,0.7504320000000462,-0.6607060000000047,1.063021449164633,94.83142938920619
2240.0,338.0,129.0,225.0,402.0,142.0,214.0,338.130978,127.95692799999999,224.623694,-0.13097800000002735,1.0430720000000093,0.3763059999999996,1.1165843628244245,66.2268827591938
2241.0,239.0,410.0,226.0,178.0,432.0,218.0,239.58514799999998,411.547048,225.70607,-0.5851479999999754,-1.547048000000018,0.2939299999999889,1.6799257546415616,65.33758489567853
2242.0,318.0,278.0,229.0,320.0,308.0,220.0,317.66722999999996,278.312594,228.031404,0.3327700000000391,-0.31259399999999005,0.9685959999999909,1.070807682523805,31.38470965295043
2243.0,401.0,350.0,237.0,390.0,422.0,234.0,401.84363800000006,348.840068,237.77797,-0.8436380000000554,1.1599320000000262,-0.7779700000000105,1.6316876663651565,72.89718787443039
2244.0,405.0,369.0,240.0,386.0,448.0,237.0,405.52825500000006,370.111859,239.951438,-0.5282550000000583,-1.1118589999999813,0.04856200000000399,1.2319261539353812,81.30805618141414
2245.0,245.0,319.0,244.0,220.0,328.0,238.0,245.3413,320.018684,243.086872,-0.3412999999999897,-1.0186840000000075,0.9131280000000004,1.4099664982686677,27.23967694375247
2246.0,408.0,182.0,249.0,460.0,230.0,244.0,406.36608399999994,181.55812600000002,247.849744,1.633916000000056,0.44187399999998433,1.150256000000013,2.0464659763768855,70.94363960215179
2247.0,265.0,205.0,250.0,286.0,202.0,246.0,263.909918,205.04024799999996,250.764954,1.0900819999999953,-0.04024799999996276,-0.7649539999999888,1.3323112588070287,21.587033144922902
2248.0,396.0,399.0,253.0,364.0,478.0,252.0,396.37874,399.28797399999996,252.006864,-0.3787399999999934,-0.28797399999996287,0.9931359999999927,1.1012230140947652,85.24083528450434
2249.0,469.0,335.0,254.0,473.0,433.0,256.0,469.39461500000004,336.034344,255.220341,-0.39461500000004435,-1.034343999999976,-1.2203409999999906,1.6476712854334636,98.10198774744578
2250.0,421.0,227.0,257.0,454.0,290.0,258.0,417.444194,229.877076,258.645666,3.5558060000000182,-2.877075999999988,-1.6456660000000056,4.861022444195056,71.12664760833313
2251.0,465.0,322.0,257.0,473.0,416.0,258.0,464.98980600000004,322.844632,257.05897699999997,0.01019399999995585,-0.8446319999999901,-0.0589769999999703,0.8467499156120294,94.34511116109833
2252.0,365.0,49.0,259.0,462.0,60.0,256.0,363.798414,49.062326,259.67116999999996,1.2015860000000202,-0.06232599999999877,-0.671169999999961,1.3777382242545193,97.66780431646859
2253.0,357.0,246.0,259.0,378.0,284.0,256.0,356.81650199999996,244.94607,257.491454,0.1834980000000428,1.0539300000000082,1.508546000000024,1.8493650248180062,43.520110293977886
2254.0,276.0,161.0,263.0,314.0,156.0,260.0,273.824506,162.158522,262.623646,2.1754940000000147,-1.158522000000005,0.3763539999999921,2.493308986434708,38.44476557348217
2255.0,227.0,412.0,265.0,163.0,427.0,266.0,227.070843,412.033638,265.170863,-0.07084299999999644,-0.03363799999999628,-0.1708629999999971,0.18800109165108125,65.7419196555744
2256.0,428.0,223.0,267.0,470.0,288.0,266.0,429.42850000000004,224.24386399999997,265.13617,-1.4285000000000423,-1.2438639999999737,1.8638300000000072,2.6573806971143754,77.3950902835574
2257.0,394.0,244.0,269.0,420.0,296.0,268.0,392.68086600000004,243.47380199999998,266.952656,1.3191339999999627,0.5261980000000221,2.0473440000000096,2.491709513465798,58.146367040426526
2258.0,337.0,48.0,274.0,430.0,48.0,272.0,335.96072999999996,48.21201399999998,273.094706,1.0392700000000445,-0.21201399999998216,0.9052940000000262,1.3944853156387602,93.02150289046077
2259.0,318.0,127.0,278.0,380.0,130.0,280.0,318.522044,125.001066,278.9556,-0.522043999999994,1.9989340000000055,-0.955600000000004,2.2762773192851578,62.10475022089695
2260.0,444.0,269.0,279.0,468.0,344.0,284.0,442.61040199999997,268.45465,279.23443199999997,1.389598000000035,0.5453499999999849,-0.23443199999996978,1.5110749772026757,78.90500617831546
2261.0,327.0,410.0,286.0,282.0,463.0,293.0,329.14262,409.347209,286.219266,-2.142620000000022,0.6527909999999792,-0.21926600000000462,2.250563070175344,69.87846592477543
2262.0,292.0,194.0,294.0,324.0,200.0,300.0,293.409634,194.143466,294.821488,-1.4096339999999827,-0.14346599999998944,-0.821487999999988,1.6378318110404158,33.1058907144937
2263.0,444.0,325.0,324.0,444.0,410.0,338.0,441.631934,326.508196,322.827936,2.368065999999999,-1.508195999999998,1.1720639999999776,3.042388169656846,86.14522621712709
2264.0,266.0,268.0,325.0,262.0,274.0,340.0,264.859972,268.15054999999995,327.058066,1.1400279999999725,-0.1505499999999529,-2.0580659999999966,2.35753362725538,16.64331697709324
2265.0,186.0,310.0,326.0,158.0,292.0,338.0,188.722168,309.144808,325.77373,-2.7221680000000106,0.8551919999999882,0.22626999999999953,2.8622980435286673,35.38361202590826
2266.0,115.0,136.0,330.0,140.0,62.0,338.0,114.89405800000002,135.10666799999998,328.579264,0.10594199999998466,0.8933320000000151,1.4207359999999767,1.6815934560065215,78.5175139698144
2267.0,330.0,86.0,341.0,406.0,88.0,356.0,328.49295,86.358834,341.571962,1.5070499999999925,-0.35883400000000165,-0.571961999999985,1.651393978280156,77.4919350642375
2268.0,185.0,295.0,357.0,158.0,274.0,374.0,184.369462,295.51348,355.478842,0.6305380000000014,-0.5134800000000155,1.521158000000014,1.724865658771158,38.19685850956856
2269.0,329.0,102.0,359.0,400.0,108.0,378.0,329.23706,103.675664,359.392812,-0.2370599999999854,-1.6756639999999976,-0.39281199999999217,1.7373395039081967,73.74279625834649
2270.0,119.0,153.0,360.0,140.0,82.0,378.0,120.465198,151.041788,361.114064,-1.4651980000000009,1.9582120000000032,-1.1140639999999848,2.6874780021879214,76.19711280619497
2271.0,416.0,389.0,362.0,388.0,470.0,386.0,414.17483400000003,388.156556,361.750712,1.8251659999999674,0.8434439999999768,0.24928799999997864,2.0260239918707357,89.0
2272.0,282.0,423.0,385.0,224.0,458.0,410.0,283.85323,421.68932399999994,382.446772,-1.8532299999999964,1.3106760000000577,2.55322799999999,3.416329350320324,72.20803279414278
2273.0,245.0,292.0,386.0,230.0,294.0,414.0,245.88100199999997,292.73724000000004,387.621746,-0.8810019999999668,-0.7372400000000425,-1.6217459999999733,1.9873971495702407,31.827660925679098
2274.0,396.0,379.0,389.0,368.0,452.0,422.0,394.28312800000003,379.72282800000005,391.564684,1.7168719999999666,-0.7228280000000495,-2.5646839999999997,3.1698160517329637,84.86459803710851
2275.0,483.0,365.0,390.0,478.0,470.0,424.0,484.449364,365.142226,392.39257,-1.4493640000000028,-0.14222599999999375,-2.392569999999978,2.8009418852364467,110.48076755707302
2276.0,406.0,355.0,393.0,392.0,428.0,424.0,406.70381,354.856814,393.355092,-0.7038099999999758,0.14318600000001425,-0.3550920000000133,0.8012122535008932,80.53570636680354
2277.0,367.0,390.0,406.0,330.0,450.0,436.0,364.367244,388.182326,403.26464599999997,2.632755999999972,1.817674000000011,2.7353540000000294,4.209216605394412,76.60939890117922
2278.0,283.0,356.0,410.0,248.0,380.0,444.0,282.517734,355.179586,411.08906,0.48226599999998143,0.820414000000028,-1.0890600000000177,1.4462749772266914,54.378304497290095
2279.0,275.0,180.0,413.0,306.0,176.0,444.0,274.502686,181.59324199999998,413.174854,0.49731400000001713,-1.5932419999999752,-0.17485399999998208,1.6781880724388227,44.02272140611028
2280.0,119.0,132.0,414.0,148.0,60.0,444.0,121.56289399999999,132.519266,415.4004,-2.562893999999986,-0.5192659999999876,-1.4003999999999905,2.966341685307323,83.21658488546619
2281.0,109.0,328.0,427.0,58.0,280.0,464.0,109.062234,327.05148599999995,429.68555,-0.062234000000003675,0.9485140000000456,-2.685549999999978,2.8488121527141743,79.20858539325141
2282.0,350.0,311.0,431.0,342.0,356.0,470.0,349.545356,312.358732,432.160602,0.4546439999999734,-1.358731999999975,-1.160601999999983,1.8438684380844172,60.08327554319921
2283.0,302.0,430.0,432.0,242.0,472.0,472.0,302.05041800000004,428.501478,432.977862,-0.050418000000036045,1.49852199999998,-0.977862000000016,1.790062638639211,83.45058418010026
2284.0,401.0,364.0,435.0,384.0,436.0,474.0,403.02895599999994,363.645312,434.26726,-2.028955999999937,0.3546880000000101,0.7327399999999784,2.186177928458642,83.6301381082203
2285.0,331.0,300.0,437.0,324.0,334.0,476.0,329.891252,300.00118999999995,437.433096,1.1087479999999914,-0.0011899999999513966,-0.4330959999999777,1.1903342760838074,52.21110992882645
2286.0,304.0,268.0,66.0,310.0,294.0,22.0,304.43648199999996,268.07975999999996,66.037954,-0.4364819999999554,-0.07975999999996475,-0.037953999999999155,0.4453298777759644,51.45872132107443
2287.0,122.0,300.0,66.0,86.0,260.0,20.0,121.53495399999998,299.854266,66.018922,0.46504600000001517,0.14573400000000447,-0.018922000000003436,0.4877132589503955,70.79548008171143
2288.0,308.0,348.0,66.0,282.0,386.0,24.0,306.637456,346.862522,66.745846,1.362544000000014,1.1374779999999873,-0.7458460000000002,1.9252710479659765,62.321745803531535
2289.0,286.0,426.0,66.0,226.0,470.0,24.0,284.98396399999996,426.68598599999996,66.06180599999999,1.0160360000000423,-0.6859859999999571,-0.061805999999990036,1.2274876484625115,85.44003745317531
2290.0,370.0,110.0,70.0,448.0,136.0,26.0,370.58277599999997,109.48567199999998,70.42381999999999,-0.5827759999999671,0.5143280000000203,-0.4238199999999921,0.8853160735917855,93.25234581499814
2291.0,368.0,138.0,70.0,434.0,168.0,26.0,368.03146,137.988824,70.123318,-0.03145999999998139,0.01117600000000607,-0.1233179999999976,0.1277574408791847,84.80566018845676
2292.0,296.0,280.0,72.0,296.0,304.0,30.0,296.234532,279.56726000000003,72.550484,-0.23453200000000152,0.43273999999996704,-0.5504839999999973,0.7384455300697332,48.373546489791295
2293.0,362.0,282.0,72.0,372.0,332.0,30.0,362.567968,281.573108,71.8072,-0.5679680000000076,0.4268920000000094,0.1928000000000054,0.7362039586201765,66.06057825965497
2294.0,128.0,322.0,72.0,86.0,288.0,26.0,128.87529999999998,321.670184,70.60484199999999,-0.8752999999999815,0.3298159999999939,1.3951580000000092,1.6797007259687629,70.96477999684069
2295.0,222.0,372.0,72.0,174.0,382.0,30.0,221.741218,371.880648,72.296314,0.2587819999999965,0.11935199999999213,-0.2963139999999953,0.4111143515179123,64.5600495662759
2296.0,304.0,276.0,74.0,306.0,302.0,32.0,303.502028,275.43413799999996,74.15811,0.4979720000000043,0.5658620000000383,-0.15810999999999353,0.7701783481298637,49.4368283772331
2297.0,14.0,146.0,76.0,22.0,38.0,24.0,14.085379999999999,144.026274,72.25768199999999,-0.0853799999999989,1.9737259999999992,3.7423180000000116,4.231764180646186,120.13325934144966
2298.0,360.0,258.0,76.0,378.0,304.0,34.0,359.981172,258.29656,75.381182,0.018827999999984968,-0.2965599999999995,0.6188180000000045,0.6864678028196258,64.8382603097893
2299.0,156.0,116.0,78.0,198.0,60.0,34.0,156.644544,115.480616,79.23329,-0.6445439999999962,0.5193840000000023,-1.2332899999999967,1.4853285601145592,82.68010643437755
2300.0,314.0,290.0,78.0,312.0,322.0,38.0,313.422578,289.474568,78.805548,0.5774220000000128,0.5254320000000234,-0.8055480000000017,1.1217854220001444,51.264022471905186
2301.0,256.0,128.0,80.0,308.0,114.0,36.0,256.17751200000004,128.87295,79.637384,-0.17751200000003564,-0.872950000000003,0.3626160000000027,0.9617913370892981,69.54135460285484
2302.0,220.0,148.0,80.0,260.0,122.0,38.0,220.983778,147.583128,81.442984,-0.9837780000000009,0.4168720000000121,-1.4429839999999956,1.795495542162107,63.56099432828282
2303.0,416.0,204.0,80.0,464.0,264.0,38.0,416.428132,204.90529999999998,78.660988,-0.42813200000000506,-0.9052999999999827,1.3390119999999968,1.6720700450543227,87.56711711595854
2304.0,348.0,228.0,80.0,376.0,264.0,40.0,348.07490199999995,227.79447,80.77848399999999,-0.07490199999995184,0.2055300000000102,-0.7784839999999917,0.8086347931915768,60.663003552412405
2305.0,352.0,290.0,80.0,356.0,336.0,42.0,351.287736,288.957672,81.67827199999999,0.7122640000000047,1.0423279999999977,-1.6782719999999927,2.100086800887996,59.799665550904216
2306.0,130.0,330.0,80.0,84.0,298.0,38.0,130.03349,330.078584,80.32908,-0.033490000000000464,-0.078583999999978,-0.3290800000000047,0.3399862814232358,70.02856560004639
2307.0,350.0,368.0,80.0,324.0,430.0,42.0,350.88291399999997,370.314276,80.74588,-0.8829139999999711,-2.3142760000000067,-0.7458799999999997,2.5868412224123807,77.22693830523129
2308.0,216.0,376.0,80.0,166.0,384.0,40.0,216.137842,375.61239,80.50887399999999,-0.13784200000000624,0.3876099999999951,-0.5088739999999916,0.6543658586295509,64.52906321960671
2309.0,320.0,398.0,80.0,278.0,450.0,42.0,320.346954,397.80927599999995,80.760818,-0.34695399999998244,0.19072400000004563,-0.7608180000000004,0.8576693718537499,76.88953114696434
2310.0,396.0,198.0,82.0,442.0,248.0,42.0,395.20898,198.229704,82.24610999999999,0.7910200000000032,-0.22970399999999813,-0.2461099999999874,0.8596782538345366,78.8416133777081
2311.0,278.0,296.0,82.0,268.0,316.0,42.0,277.71239599999996,296.286592,82.392696,0.2876040000000444,-0.28659199999998464,-0.3926960000000008,0.564855011216168,45.8257569495584
2312.0,312.0,168.0,84.0,358.0,182.0,42.0,312.772838,168.775908,83.480274,-0.7728379999999788,-0.7759079999999869,0.5197260000000057,1.2121992054872637,63.84355879804947
2313.0,398.0,186.0,84.0,450.0,234.0,44.0,397.80033199999997,185.29203,84.005886,0.19966800000003104,0.7079699999999889,-0.005886000000003833,0.7356109543230013,81.2896057316063
2314.0,310.0,194.0,84.0,346.0,210.0,44.0,310.753044,193.670926,84.854486,-0.7530439999999885,0.32907399999999143,-0.8544859999999943,1.185542613155667,56.142675390472796
2315.0,340.0,356.0,84.0,316.0,408.0,44.0,338.96157,355.318474,82.68692,1.0384300000000053,0.6815260000000194,1.3130799999999994,1.8074826804083175,69.85699678629192
2316.0,266.0,384.0,84.0,218.0,412.0,44.0,263.86121799999995,383.894818,83.17324599999999,2.138782000000049,0.10518200000001343,0.8267540000000082,2.2954245518344147,68.46897107449476
2317.0,424.0,212.0,86.0,470.0,276.0,48.0,424.30392600000005,212.768982,86.679626,-0.30392600000004677,-0.7689819999999941,-0.679625999999999,1.0703251046649414,87.49857141690943
2318.0,360.0,194.0,88.0,404.0,228.0,50.0,360.55462,192.64354400000002,89.242432,-0.5546199999999999,1.3564559999999801,-1.2424319999999938,1.9212531064281797,67.34983296193094
2319.0,354.0,226.0,88.0,386.0,262.0,52.0,355.434248,223.759998,90.57866999999999,-1.434248000000025,2.240002000000004,-2.5786699999999882,3.7046207976536585,60.13318551349163
2320.0,256.0,340.0,88.0,226.0,358.0,50.0,256.08182999999997,339.915564,88.680926,-0.0818299999999681,0.08443599999998241,-0.6809259999999995,0.6910034764543453,51.65268628057983
2321.0,268.0,372.0,88.0,226.0,400.0,46.0,266.972944,372.511196,84.909478,1.027056000000016,-0.511195999999984,3.090522000000007,3.296587873853215,65.66582063752801
2322.0,156.0,114.0,90.0,198.0,58.0,48.0,156.25276,114.064674,90.726418,-0.252759999999995,-0.06467399999999657,-0.7264179999999953,0.7718506685881604,81.6333265278342
2323.0,272.0,358.0,90.0,238.0,386.0,52.0,272.708836,358.573462,89.924506,-0.7088360000000193,-0.5734620000000064,0.07549400000000617,0.9148805847628616,58.172158288995945
2324.0,128.0,370.0,90.0,66.0,344.0,50.0,128.127212,370.61799999999994,89.71661399999999,-0.1272119999999859,-0.6179999999999382,0.28338600000000724,0.6916751534788018,78.23042886243178
2325.0,228.0,402.0,90.0,172.0,418.0,54.0,229.77449,400.610104,91.54555199999999,-1.774489999999986,1.3898960000000216,-1.5455519999999865,2.7330123738505043,68.46897107449476
2326.0,196.0,434.0,90.0,120.0,444.0,50.0,196.101212,434.28707999999995,88.245492,-0.10121200000000385,-0.28707999999994627,1.7545080000000013,1.780718146537507,86.46386528486914
2327.0,138.0,486.0,90.0,32.0,482.0,52.0,137.635088,486.70323800000006,89.915652,0.3649120000000039,-0.7032380000000558,0.08434800000000564,0.7967553184586108,112.6765281680262
2328.0,314.0,52.0,92.0,406.0,46.0,50.0,314.754486,50.705051999999995,91.37405,-0.7544859999999858,1.294948000000005,0.6259500000000031,1.6241775917060288,101.31140113531151
2329.0,358.0,256.0,92.0,376.0,300.0,54.0,357.570224,255.905516,91.824276,0.42977600000000393,0.09448399999999424,0.17572400000000243,0.4738286194480058,60.860496218811754
2330.0,298.0,296.0,92.0,292.0,324.0,54.0,298.550912,296.38406,91.99896,-0.5509119999999825,-0.38405999999997675,0.0010400000000032605,0.671570693928765,47.58150901348127
2331.0,356.0,26.0,94.0,464.0,34.0,52.0,356.713712,26.327429999999993,92.838132,-0.7137119999999868,-0.32742999999999256,1.1618679999999983,1.4023310854673272,116.15506876585283
2332.0,350.0,56.0,94.0,442.0,66.0,52.0,347.946796,56.909621999999985,92.581174,2.053203999999994,-0.9096219999999846,1.4188259999999957,2.656336964087187,101.62676812730001
2333.0,376.0,88.0,94.0,464.0,112.0,54.0,377.026668,86.95518799999999,93.55842799999999,-1.0266679999999724,1.0448120000000074,0.44157200000000785,1.5299232427648015,99.59919678390986
2334.0,296.0,210.0,94.0,322.0,224.0,56.0,295.859082,210.90479,94.651382,0.1409179999999992,-0.9047899999999913,-0.6513819999999981,1.1237443378046368,48.12483766206386
2335.0,386.0,344.0,94.0,374.0,414.0,58.0,385.714382,345.0457,93.77017799999999,0.2856179999999995,-1.0457000000000107,0.22982200000001285,1.1080994015015204,79.62411694957753
2336.0,34.0,132.0,96.0,48.0,32.0,54.0,33.000507999999996,132.903188,96.764476,0.9994920000000036,-0.9031880000000001,-0.7644760000000019,1.5489210360712422,109.36178491593853
2337.0,266.0,150.0,96.0,310.0,140.0,56.0,264.679974,148.753166,95.705546,1.3200259999999844,1.2468340000000069,0.29445400000000177,1.8395017864487049,60.29925372672534
2338.0,202.0,424.0,96.0,134.0,438.0,60.0,205.50923999999998,426.08525399999996,96.432482,-3.509239999999977,-2.0852539999999635,-0.43248199999999315,4.104886149753691,78.20485918406861
2339.0,346.0,362.0,98.0,322.0,418.0,62.0,346.39047000000005,361.707024,97.28315,-0.3904700000000503,0.2929760000000101,0.7168499999999938,0.8672806235446727,70.76722405181653
2340.0,384.0,128.0,100.0,456.0,162.0,62.0,383.893898,127.96444799999999,99.56742,0.10610200000002123,0.0355520000000098,0.4325800000000015,0.446818794935941,88.2269800004511
2341.0,20.0,152.0,100.0,26.0,48.0,58.0,20.10734,151.092424,99.972894,-0.10734000000000066,0.9075760000000059,0.027106000000003405,0.914303454336694,112.32096865679178
2342.0,306.0,216.0,100.0,332.0,234.0,64.0,306.30393200000003,216.15517,101.03327999999999,-0.3039320000000316,-0.15516999999999825,-1.0332799999999907,1.088172756470221,47.916594202843754
2343.0,262.0,200.0,104.0,288.0,198.0,66.0,262.76977,199.636684,103.33507599999999,-0.7697699999999941,0.36331599999999753,0.6649240000000134,1.0801242032896063,46.08687448721165
2344.0,394.0,230.0,104.0,428.0,284.0,70.0,393.95559199999997,230.11718,104.83768799999999,0.044408000000032644,-0.11717999999999051,-0.8376879999999858,0.8470090957055756,72.30490993010088
2345.0,340.0,276.0,104.0,346.0,316.0,68.0,338.55330599999996,276.27244199999996,103.268798,1.4466940000000363,-0.27244199999995544,0.7312019999999961,1.6437166841655149,54.147945482723536
2346.0,210.0,292.0,104.0,192.0,284.0,68.0,210.577022,291.42913,104.483724,-0.5770219999999995,0.5708700000000135,-0.48372399999999516,0.9448999172187551,41.036569057366385
2347.0,384.0,142.0,106.0,450.0,178.0,70.0,383.46867,142.035064,105.965774,0.5313300000000254,-0.035064000000005535,0.034226000000003864,0.53358455006871,83.35466393669883
2348.0,334.0,244.0,106.0,352.0,278.0,70.0,333.34626999999995,245.20590399999998,105.321988,0.6537300000000528,-1.2059039999999754,0.6780119999999954,1.5301201398125586,52.687759489277965
2349.0,268.0,408.0,106.0,214.0,440.0,72.0,268.29583399999996,406.96728600000006,105.80457,-0.29583399999995663,1.0327139999999417,0.19543000000000177,1.09188316511056,71.386273190299
2350.0,346.0,234.0,108.0,372.0,268.0,72.0,346.30177,232.25777399999998,106.96936,-0.30176999999997633,1.7422260000000165,1.0306400000000053,2.04661559106151,55.92852581643825
2351.0,322.0,238.0,108.0,342.0,266.0,74.0,322.491266,238.51985199999996,108.79470599999999,-0.491265999999996,-0.5198519999999576,-0.7947059999999908,1.0691800648608902,48.373546489791295
2352.0,230.0,332.0,108.0,198.0,338.0,72.0,229.32556,331.868714,107.09240199999999,0.6744400000000041,0.1312859999999887,0.9075980000000072,1.138349444151494,48.53864439804639
2353.0,352.0,364.0,110.0,322.0,422.0,80.0,347.59654800000004,364.992698,111.98267,4.403451999999959,-0.9926980000000185,-1.9826699999999988,4.930194637578487,71.86097689288673
2354.0,226.0,378.0,110.0,176.0,390.0,74.0,225.78075399999997,378.011156,108.238516,0.2192460000000267,-0.011156000000028143,1.7614839999999958,1.7751110238821677,62.76941930590086
2355.0,152.0,154.0,112.0,178.0,102.0,74.0,152.40079799999998,153.707908,111.617966,-0.40079799999998045,0.2920919999999967,0.3820340000000044,0.6260245605597162,69.45502141674135
2356.0,346.0,240.0,112.0,368.0,280.0,76.0,346.35295399999995,242.661066,110.126892,-0.35295399999995425,-2.6610660000000053,1.873108000000002,3.2732831167095835,58.137767414994535
2357.0,338.0,254.0,112.0,354.0,290.0,78.0,338.095894,254.08937600000002,111.723886,-0.09589399999998705,-0.08937600000001567,0.27611400000000685,0.30565122216016755,52.03844732503075
2358.0,130.0,294.0,112.0,96.0,256.0,76.0,128.77806599999997,294.699802,111.889916,1.221934000000033,-0.6998019999999769,0.11008400000000051,1.4124319546852686,62.41794613730894
2359.0,282.0,332.0,112.0,258.0,358.0,78.0,281.20141,331.875624,111.445918,0.7985899999999901,0.12437599999998383,0.554081999999994,0.9799093020274752,49.07137658554119
2360.0,394.0,106.0,114.0,474.0,140.0,82.0,392.338584,106.38933599999999,116.11355,1.6614159999999742,-0.3893359999999859,-2.1135500000000036,2.71642766302582,92.62828941527529
2361.0,316.0,216.0,114.0,342.0,236.0,78.0,314.722396,215.24853199999998,112.42489,1.2776039999999966,0.7514680000000169,1.5751099999999951,2.162856363224336,48.703182647543684
2362.0,316.0,252.0,114.0,330.0,280.0,82.0,316.883964,252.595696,115.24926199999999,-0.8839639999999918,-0.5956960000000038,-1.2492619999999874,1.6422245955885446,44.76605857119878
2363.0,160.0,132.0,116.0,194.0,80.0,80.0,159.16299400000003,132.514446,116.705398,0.8370059999999739,-0.5144459999999924,-0.7053980000000024,1.2094709873973628,71.80529228406496
2364.0,440.0,286.0,116.0,462.0,366.0,86.0,441.85418599999997,285.15523199999996,116.795418,-1.8541859999999701,0.8447680000000446,-0.795417999999998,2.187310789792791,88.2269800004511
2365.0,422.0,288.0,116.0,436.0,362.0,84.0,420.59436800000003,288.784278,115.34551199999999,1.4056319999999687,-0.784277999999972,0.6544880000000148,1.7375982973207265,81.82909018191513
2366.0,116.0,320.0,116.0,72.0,284.0,82.0,117.47161200000001,322.75284,116.60646799999999,-1.4716120000000075,-2.752839999999992,-0.6064679999999925,3.1798700255148744,66.24198064671678
2367.0,398.0,228.0,118.0,432.0,282.0,88.0,396.708348,227.701178,119.58606799999998,1.2916519999999991,0.29882200000000125,-1.5860679999999832,2.0671891972947094,70.51241025521678
2368.0,274.0,232.0,118.0,288.0,240.0,84.0,273.862954,232.449346,117.58725999999999,0.137045999999998,-0.44934599999999136,0.41274000000001365,0.6253381016953972,37.62977544445356
2369.0,318.0,246.0,118.0,334.0,272.0,86.0,317.94700800000004,245.379428,118.59869,0.052991999999960626,0.6205720000000099,-0.5986900000000048,0.8639140439580861,44.22668877499196
2370.0,324.0,250.0,118.0,340.0,280.0,86.0,324.690204,250.03635599999998,118.471856,-0.6902039999999943,-0.036355999999983624,-0.4718560000000025,0.8368700048920342,46.69047011971501
2371.0,234.0,374.0,118.0,186.0,388.0,84.0,233.12172999999996,373.956954,116.40019,0.8782700000000432,0.043046000000003914,1.599810000000005,1.8255418886226886,60.4648658313239
2372.0,230.0,388.0,118.0,178.0,406.0,84.0,231.58949599999997,390.022462,116.231838,-1.5894959999999685,-2.0224620000000186,1.7681620000000038,3.121417455853028,64.68384651518491
2373.0,240.0,394.0,118.0,188.0,412.0,86.0,240.93848799999998,392.105548,117.74528799999999,-0.9384879999999782,1.8944520000000011,0.25471200000001204,2.1294568108773584,63.655321851358195
2374.0,364.0,208.0,120.0,402.0,248.0,88.0,364.55349000000007,209.07869399999998,120.149606,-0.5534900000000675,-1.0786939999999845,-0.14960600000000568,1.2216029964649084,63.7808748764079
2375.0,258.0,134.0,122.0,308.0,120.0,88.0,258.216254,134.04808599999998,122.16806399999999,-0.21625399999999217,-0.04808599999998364,-0.1680639999999869,0.2780711491830654,62.0644825967316
2376.0,366.0,208.0,122.0,404.0,248.0,90.0,366.12576,208.578664,121.777232,-0.12576000000001386,-0.5786640000000034,0.22276800000000208,0.6326872721337203,63.7808748764079
2377.0,268.0,294.0,122.0,256.0,308.0,90.0,266.74837999999994,293.662464,121.876476,1.2516200000000595,0.33753600000000006,0.1235240000000033,1.3022063408969218,36.932370625238775
2378.0,236.0,426.0,122.0,170.0,450.0,92.0,236.895604,426.36956599999996,122.311462,-0.8956039999999916,-0.3695659999999634,-0.3114620000000059,1.0176905868759727,76.36753236814714
2379.0,262.0,208.0,124.0,284.0,206.0,92.0,261.98227599999996,207.148902,124.56332799999998,0.017724000000043816,0.8510980000000075,-0.5633279999999843,1.0207939955563985,38.88444419044716
2380.0,402.0,300.0,124.0,410.0,368.0,94.0,402.04663999999997,300.301964,123.608958,-0.04663999999996804,-0.3019639999999981,0.3910419999999988,0.4962573854966744,74.75292636412303
2381.0,244.0,402.0,124.0,188.0,424.0,94.0,244.134212,401.50878,124.158072,-0.1342119999999909,0.49121999999999844,-0.1580720000000042,0.533194811047517,67.23094525588644
2382.0,340.0,142.0,126.0,400.0,160.0,94.0,340.158244,141.279356,126.111964,-0.1582440000000247,0.720643999999993,-0.1119640000000004,0.7462605949452228,70.3420215802759
2383.0,334.0,202.0,126.0,368.0,228.0,94.0,332.98855999999995,202.43328400000001,125.48564400000001,1.01144000000005,-0.43328400000001466,0.5143559999999923,1.2146225722388442,53.44155686354955
2384.0,370.0,202.0,126.0,412.0,242.0,96.0,370.835348,201.896658,126.719856,-0.8353480000000104,0.10334199999999782,-0.719855999999993,1.1075551953758362,65.29931086925804
2385.0,384.0,202.0,126.0,428.0,246.0,94.0,384.288926,200.826952,124.947168,-0.28892600000000357,1.1730479999999943,1.052831999999995,1.6024902695504828,69.9714227381436
2386.0,426.0,252.0,126.0,456.0,322.0,98.0,425.854478,252.643748,127.17711599999998,0.14552200000002813,-0.643747999999988,-1.1771159999999838,1.3495148081603086,81.14185110040317
2387.0,210.0,380.0,126.0,158.0,386.0,96.0,210.956976,379.79792199999997,126.40720999999999,-0.9569759999999974,0.20207800000002862,-0.4072099999999921,1.0594614512855105,60.332412515993425
2388.0,224.0,112.0,128.0,276.0,80.0,94.0,223.001484,111.342396,127.728656,0.9985159999999951,0.6576040000000063,0.27134399999999914,1.2260117411379052,69.88562083862459
2389.0,320.0,178.0,128.0,364.0,194.0,98.0,321.07114199999995,177.09337999999997,129.184688,-1.071141999999952,0.9066200000000322,-1.1846879999999942,1.8365159040716041,55.60575509783138
2390.0,266.0,252.0,128.0,272.0,258.0,96.0,266.22533999999996,250.71227399999998,127.29352399999999,-0.22533999999996013,1.2877260000000206,0.7064760000000092,1.4859760109948101,33.1058907144937
2391.0,426.0,308.0,128.0,434.0,386.0,100.0,425.431916,308.110502,128.181966,0.5680839999999989,-0.11050199999999677,-0.18196599999998853,0.6066644444962914,83.2586331859946
2392.0,260.0,350.0,128.0,226.0,370.0,98.0,259.644954,349.713396,127.86394999999999,0.35504600000001574,0.2866040000000112,0.13605000000001155,0.4761398087033059,49.558046773455466
2393.0,224.0,264.0,130.0,218.0,256.0,100.0,223.786406,263.231202,130.888014,0.2135940000000005,0.7687980000000039,-0.8880139999999983,1.1938348402672805,31.622776601683793
2394.0,382.0,160.0,132.0,440.0,198.0,102.0,381.19683,160.490064,132.000956,0.8031700000000228,-0.4900639999999896,-0.0009560000000021773,0.9408749581809617,75.55130707009641
2395.0,220.0,172.0,132.0,248.0,150.0,102.0,219.533454,173.089776,133.611068,0.4665459999999939,-1.0897760000000005,-1.6110679999999888,2.000204239800516,46.561786907291264
2396.0,332.0,204.0,132.0,366.0,230.0,102.0,332.028514,204.586016,132.027034,-0.02851399999997284,-0.5860160000000008,-0.027033999999986236,0.5873317951618137,52.26853738148792
2397.0,354.0,208.0,132.0,390.0,242.0,102.0,353.79755800000004,207.673208,131.755138,0.20244199999996226,0.32679200000001174,0.2448620000000119,0.45577754845099405,57.89645930452051
2398.0,414.0,308.0,132.0,420.0,382.0,104.0,413.550608,308.68017799999996,131.58228,0.4493919999999889,-0.6801779999999553,0.41772000000000276,0.9160159822557309,79.3473376995095
2399.0,110.0,310.0,132.0,72.0,266.0,102.0,112.971946,308.963672,133.203484,-2.9719460000000026,1.036328000000026,-1.203484000000003,3.36969026599717,65.4217089351845
2400.0,196.0,442.0,132.0,116.0,452.0,102.0,195.552528,442.055788,130.77439999999999,0.44747200000000475,-0.05578800000000683,1.2256000000000142,1.3059245199199072,86.02325267042627
2401.0,334.0,120.0,134.0,400.0,132.0,102.0,332.946488,119.601548,132.99562799999998,1.053512000000012,0.398452000000006,1.0043720000000178,1.5091105475849231,74.32361670424818
2402.0,354.0,136.0,134.0,418.0,160.0,104.0,354.23519400000004,136.700166,134.20655,-0.23519400000003543,-0.7001659999999958,-0.2065499999999929,0.7669495079156176,74.64583042608609
2403.0,310.0,282.0,134.0,310.0,310.0,106.0,309.371014,281.34083599999997,134.667106,0.6289859999999976,0.6591640000000325,-0.6671059999999898,1.1292258331830822,39.59797974644666
2404.0,446.0,282.0,134.0,468.0,364.0,106.0,446.179212,282.2392,133.171424,-0.1792120000000068,-0.23919999999998254,0.8285759999999982,0.8808358352837328,89.39798655450804
2405.0,390.0,96.0,136.0,476.0,126.0,106.0,390.47030600000005,95.227972,135.92961599999998,-0.4703060000000505,0.7720280000000059,0.07038400000001843,0.9067352832420602,95.89577675789482
2406.0,356.0,102.0,136.0,434.0,120.0,106.0,356.277284,101.48077599999999,136.22885399999998,-0.27728400000000875,0.5192240000000083,-0.22885399999998413,0.6315489942577743,85.48684109265004
2407.0,324.0,180.0,136.0,366.0,198.0,106.0,323.73927,179.760644,135.680762,0.26073000000002367,0.23935599999998658,0.3192380000000128,0.4766385719599433,54.662601474865795
2408.0,416.0,382.0,136.0,394.0,468.0,110.0,415.78110000000004,382.32048399999996,135.62694199999999,0.21889999999996235,-0.3204839999999649,0.37305800000001454,0.5383302663049625,92.49864863877742
2409.0,232.0,414.0,136.0,168.0,434.0,108.0,231.325672,414.61474999999996,135.618796,0.6743280000000027,-0.6147499999999582,0.38120399999999677,0.9889147100230382,72.6636084983398
2410.0,358.0,100.0,138.0,436.0,120.0,108.0,357.849554,100.98074599999998,137.85648,0.1504459999999881,-0.9807459999999821,0.1435199999999952,1.0025441166512126,85.93020423576334
2411.0,168.0,114.0,138.0,210.0,62.0,106.0,167.149638,114.62638799999999,138.130862,0.8503619999999898,-0.6263879999999915,-0.13086200000000758,1.0642379060304017,74.10802925459562
2412.0,188.0,142.0,138.0,224.0,102.0,106.0,188.434418,142.069108,137.58378,-0.43441799999999375,-0.06910799999999995,0.4162200000000098,0.6055856692392932,62.609903369994115
2413.0,402.0,202.0,138.0,448.0,254.0,110.0,402.056382,202.0034,137.852228,-0.056381999999985055,-0.0033999999999991815,0.14777200000000335,0.15819941184466932,74.85986908885161
2414.0,306.0,216.0,138.0,332.0,232.0,110.0,306.206068,215.054908,138.74259999999998,-0.20606800000001613,0.9450919999999883,-0.7425999999999817,1.2194743412995444,41.42463035441596
2415.0,270.0,400.0,138.0,220.0,434.0,110.0,271.745442,401.12072,136.97427199999998,-1.7454420000000255,-1.1207200000000057,1.025728000000015,2.314022260858381,66.63332499583073
2416.0,356.0,264.0,140.0,372.0,306.0,112.0,356.556276,262.17936199999997,139.292264,-0.5562760000000253,1.8206380000000308,0.7077360000000112,2.0310233777374784,52.952809179494906
2417.0,252.0,410.0,140.0,194.0,436.0,114.0,252.10185600000005,409.47111200000006,140.36927,-0.10185600000005479,0.5288879999999381,-0.3692700000000002,0.6530371307819685,68.67313885355759
2418.0,222.0,94.0,142.0,282.0,60.0,110.0,222.606404,94.400436,141.039534,-0.6064039999999977,-0.4004359999999991,0.9604659999999967,1.204396005667567,76.02631123499285
2419.0,372.0,106.0,142.0,450.0,130.0,114.0,371.38383400000004,105.171876,142.578094,0.6161659999999642,0.8281240000000025,-0.578093999999993,1.183064905982741,86.27861844049197
2420.0,386.0,164.0,142.0,444.0,204.0,114.0,385.975972,164.23108,141.739624,0.02402799999998706,-0.23107999999999151,0.26037600000000793,0.3489569780932882,75.81556568409947
2421.0,390.0,202.0,142.0,432.0,250.0,114.0,388.621174,203.092836,141.263428,1.3788260000000037,-1.0928360000000055,0.7365719999999953,1.9073515597172994,69.65629906907199
2422.0,418.0,226.0,142.0,458.0,288.0,116.0,418.72734999999994,225.88267399999998,142.313086,-0.7273499999999444,0.1173260000000198,-0.3130859999999984,0.8005162435403311,78.23042886243178
2423.0,294.0,148.0,144.0,342.0,148.0,114.0,292.1566,147.225384,142.954042,1.8433999999999742,0.7746160000000089,1.045958000000013,2.256586281359511,56.60388679233962
2424.0,162.0,260.0,144.0,144.0,228.0,114.0,159.13546,260.843704,143.08999599999999,2.864540000000005,-0.8437040000000025,0.9100040000000149,3.1217836458076436,47.41307836451879
2425.0,276.0,102.0,146.0,340.0,90.0,116.0,275.530224,102.69736599999999,145.286216,0.4697760000000244,-0.6973659999999882,0.713784000000004,1.1029489683516696,71.69379331573968
2426.0,322.0,214.0,146.0,350.0,238.0,118.0,321.82577,215.11814399999997,145.128042,0.17423000000002276,-1.1181439999999725,0.8719580000000065,1.4286052118762405,46.3033476111609
2427.0,216.0,346.0,146.0,176.0,344.0,120.0,214.234662,342.72175,146.465804,1.765338000000014,3.278250000000014,-0.46580399999999145,3.752374539296435,47.74934554525329
2428.0,266.0,80.0,148.0,338.0,60.0,118.0,266.189084,79.926076,147.288774,-0.18908399999997982,0.07392400000000521,0.7112260000000106,0.7396350045177744,80.52328855678958
2429.0,390.0,126.0,148.0,464.0,162.0,122.0,390.66059799999994,126.477308,148.679236,-0.6605979999999363,-0.4773079999999936,-0.6792360000000031,1.0609308121474812,86.30179604156567
2430.0,338.0,210.0,148.0,372.0,240.0,120.0,339.45741399999997,210.97456599999998,146.623264,-1.4574139999999716,-0.9745659999999816,1.376735999999994,2.229178429253223,53.291650377896914
2431.0,358.0,250.0,148.0,380.0,292.0,122.0,359.22110799999996,249.320608,147.606088,-1.2211079999999583,0.6793920000000071,0.39391200000000026,1.4518418994752522,54.0740233383831
2432.0,362.0,268.0,148.0,376.0,314.0,124.0,361.85579199999995,267.47443,149.007388,0.14420800000004874,0.5255700000000161,-1.0073879999999917,1.1453603601958706,53.74011537017761
2433.0,214.0,280.0,148.0,200.0,270.0,120.0,213.62762400000003,278.98470599999996,147.2063,0.3723759999999743,1.0152940000000399,0.7937000000000012,1.3414341138542973,32.863353450309965
2434.0,186.0,438.0,148.0,108.0,442.0,122.0,186.91875799999997,436.561868,147.320784,-0.9187579999999684,1.438131999999996,0.6792159999999967,1.836756458174008,82.3164625090267
2435.0,330.0,58.0,150.0,420.0,60.0,122.0,329.935724,58.65537599999999,150.119472,0.06427600000000666,-0.6553759999999897,-0.1194720000000018,0.6692702476100277,94.27618999514141
2436.0,316.0,68.0,150.0,400.0,66.0,122.0,315.957846,68.515132,150.1577,0.04215399999998226,-0.5151319999999942,-0.1577000000000055,0.5403769306141725,88.56635930193812
2437.0,388.0,150.0,150.0,452.0,188.0,124.0,388.12043,149.81827399999997,150.076992,-0.12042999999999893,0.18172600000002603,-0.07699199999998996,0.2312044377601945,78.8416133777081
2438.0,318.0,276.0,150.0,322.0,306.0,126.0,317.83736600000003,275.311472,151.033998,0.16263399999996864,0.6885280000000193,-1.0339979999999969,1.2528657105787555,38.62641583165593
2439.0,216.0,420.0,150.0,150.0,434.0,126.0,217.505902,419.47015999999996,150.463378,-1.5059019999999919,0.5298400000000356,-0.46337800000000584,1.6622847018751086,71.61005515987263
2440.0,366.0,128.0,152.0,434.0,154.0,126.0,365.307342,128.09696,152.213726,0.6926579999999944,-0.09695999999999572,-0.2137260000000083,0.7313379175456411,77.30459236035075
2441.0,204.0,166.0,152.0,234.0,136.0,124.0,205.21560599999998,166.06676199999998,151.87571,-1.2156059999999798,-0.06676199999998289,0.12429000000000201,1.223765956373991,50.83306010855534
2442.0,366.0,208.0,152.0,404.0,248.0,128.0,366.47479000000004,208.953534,152.90896,-0.47479000000004135,-0.9535339999999906,-0.9089600000000075,1.4003074358354435,60.166435825965294
2443.0,198.0,400.0,152.0,134.0,404.0,126.0,197.26909199999997,400.31746,150.903626,0.7309080000000279,-0.31745999999998276,1.0963739999999973,1.3553757058247813,69.19537556802477
2444.0,226.0,448.0,152.0,148.0,470.0,128.0,225.33710399999998,447.98258599999997,151.688984,0.6628960000000177,0.017414000000030683,0.3110159999999951,0.7324379198730917,84.52218643646175
2445.0,340.0,66.0,154.0,428.0,72.0,128.0,339.328678,65.95983799999999,154.8502,0.6713219999999751,0.04016200000000936,-0.850200000000001,1.084032404463985,91.9565114605812
2446.0,106.0,90.0,154.0,150.0,12.0,122.0,107.670248,91.52572799999999,152.154138,-1.6702480000000008,-1.5257279999999867,1.845862000000011,2.919722732475124,95.09994742374992
2447.0,160.0,108.0,154.0,204.0,52.0,126.0,160.06976799999998,108.612708,154.66636,-0.06976799999998207,-0.6127079999999978,-0.6663599999999974,0.9079175715272788,76.52450587883597
2448.0,282.0,122.0,154.0,342.0,114.0,128.0,283.438832,120.94460999999998,154.823874,-1.4388319999999908,1.055390000000017,-0.8238739999999893,1.9654144459121063,65.87867636800242
2449.0,302.0,172.0,154.0,342.0,180.0,128.0,300.611174,172.22832599999998,154.046922,1.3888259999999946,-0.22832599999998138,-0.04692199999999502,1.4082514316115486,48.373546489791295
2450.0,360.0,238.0,154.0,386.0,280.0,130.0,360.834044,238.51593599999998,154.268742,-0.8340440000000058,-0.5159359999999822,-0.26874200000000315,1.0168783666673182,54.91812087098393
2451.0,356.0,244.0,154.0,378.0,284.0,130.0,355.65919199999996,243.70308,154.265198,0.3408080000000382,0.2969200000000001,-0.26519799999999805,0.5240625520565508,51.57518783291051
2452.0,322.0,324.0,154.0,306.0,364.0,132.0,320.552122,324.59625,155.353846,1.4478780000000029,-0.5962499999999977,-1.3538460000000043,2.0699670908253633,48.373546489791295
2453.0,378.0,338.0,154.0,366.0,402.0,130.0,377.03785799999997,338.510708,152.941418,0.9621420000000285,-0.5107080000000224,1.0585820000000012,1.5189258507748429,69.39740629158989
2454.0,240.0,420.0,154.0,176.0,444.0,130.0,240.345212,420.523,153.481164,-0.3452120000000036,-0.5230000000000246,0.5188359999999932,0.8135669117165601,72.44308110509934
2455.0,198.0,140.0,156.0,234.0,100.0,128.0,195.88561399999998,138.133286,155.576526,2.1143860000000245,1.8667140000000018,0.4234739999999988,2.852118430827884,60.663003552412405
2456.0,316.0,208.0,156.0,346.0,228.0,130.0,316.22632,208.505784,155.098606,-0.22631999999998698,-0.5057840000000056,0.9013940000000105,1.0580875863046588,44.45222154178574
2457.0,358.0,288.0,156.0,364.0,336.0,130.0,358.311616,287.746752,153.729256,-0.311616000000015,0.25324799999998504,2.2707440000000076,2.305974283138482,54.91812087098393
2458.0,318.0,296.0,156.0,314.0,332.0,132.0,318.441738,297.652378,155.687006,-0.44173799999998664,-1.6523779999999988,0.3129940000000033,1.738807280742747,43.45112196480086
2459.0,202.0,402.0,156.0,138.0,408.0,132.0,201.47275,402.445234,155.750302,0.5272500000000093,-0.44523400000002766,0.2496979999999951,0.7338766711512446,68.61486719363377
2460.0,304.0,74.0,158.0,386.0,68.0,130.0,305.67440000000005,73.78642399999998,156.764406,-1.6744000000000483,0.21357600000001753,1.2355939999999919,2.0918705984386676,86.85620300243386
2461.0,364.0,204.0,158.0,402.0,240.0,132.0,362.87613400000004,203.29654599999998,156.291046,1.123865999999964,0.703454000000022,1.7089540000000056,2.1629715879289697,58.44655678480983
2462.0,224.0,208.0,158.0,240.0,192.0,132.0,224.52125800000002,208.09985799999998,157.737868,-0.5212580000000173,-0.09985799999998335,0.26213200000000825,0.5919414735867213,34.46737587922817
2463.0,318.0,254.0,158.0,330.0,280.0,134.0,317.361584,253.108676,157.850574,0.6384160000000065,0.8913239999999973,0.1494260000000054,1.1065087399148754,37.36308338453881
2464.0,204.0,394.0,158.0,144.0,400.0,134.0,204.071324,394.689476,157.450332,-0.07132400000000416,-0.6894760000000133,0.5496679999999969,0.8846463574649566,64.89992295835181
2465.0,278.0,408.0,158.0,224.0,444.0,136.0,277.693922,408.10794999999996,158.135436,0.3060780000000136,-0.1079499999999598,-0.13543599999999856,0.3516814676379739,68.52736679604726
2466.0,66.0,144.0,160.0,84.0,56.0,132.0,67.931626,142.965602,160.18796799999998,-1.9316259999999943,1.0343980000000101,-0.1879679999999837,2.199202172448907,94.08506789071261
2467.0,364.0,250.0,160.0,384.0,294.0,136.0,362.977872,249.97325,159.03035599999998,1.0221280000000093,0.026749999999992724,0.9696440000000166,1.4091382819368903,53.96295025292817
2468.0,428.0,332.0,160.0,428.0,414.0,140.0,428.42285200000003,331.82111,160.655248,-0.4228520000000344,0.17889000000002397,-0.6552480000000003,0.8000971112983961,84.40379138403677
2469.0,376.0,148.0,162.0,438.0,180.0,140.0,375.308594,147.398226,163.355466,0.6914059999999722,0.601774000000006,-1.355466000000007,1.636295291525337,73.15736463268753
2470.0,300.0,176.0,162.0,340.0,184.0,138.0,300.18987200000004,175.95484,162.20328,-0.18987200000003668,0.04516000000000986,-0.20328000000000657,0.2818041170458968,47.32863826479693
2471.0,354.0,216.0,162.0,384.0,250.0,142.0,351.5847539999999,215.843296,164.46385999999998,2.4152460000000815,0.15670399999999063,-2.4638599999999826,3.453776988129417,49.558046773455466
2472.0,322.0,298.0,162.0,318.0,332.0,140.0,321.623018,296.691778,162.219282,0.37698199999999815,1.3082220000000007,-0.21928199999999265,1.379001386921709,40.69397989875161
2473.0,208.0,406.0,164.0,144.0,414.0,140.0,207.769052,405.62703,162.20105999999998,0.23094800000001214,0.37297000000000935,1.798940000000016,1.8516556707995335,68.81860213634101
2474.0,362.0,112.0,166.0,436.0,134.0,144.0,361.82283199999995,112.21424999999999,167.184888,0.1771680000000515,-0.21424999999999272,-1.1848880000000008,1.217066610859084,80.2745289615579
2475.0,374.0,290.0,166.0,382.0,344.0,146.0,374.52517199999994,289.44295999999997,166.64520199999998,-0.5251719999999409,0.5570400000000291,-0.6452019999999834,1.0011916959243865,58.137767414994535
2476.0,364.0,100.0,168.0,442.0,122.0,146.0,363.380658,101.35038799999998,168.932006,0.6193420000000174,-1.350387999999981,-0.9320060000000012,1.753786602624154,83.97618710086806
2477.0,110.0,110.0,168.0,146.0,34.0,144.0,110.48863200000001,109.87684999999999,169.94055799999998,-0.4886320000000097,0.12315000000000964,-1.9405579999999816,2.004917081898386,87.45284443630179
2478.0,268.0,122.0,168.0,324.0,110.0,144.0,268.559944,122.672186,168.077032,-0.5599439999999731,-0.6721859999999964,-0.07703200000000265,0.8782398480802186,62.0966987850401
2479.0,206.0,192.0,168.0,226.0,168.0,144.0,207.50969,193.20793399999997,167.92767,-1.5096900000000062,-1.207933999999966,0.07232999999999379,1.9348126713860274,39.395431207184416
2480.0,366.0,262.0,170.0,384.0,308.0,150.0,366.74907999999994,260.989724,170.335132,-0.7490799999999354,1.0102759999999762,-0.33513199999998733,1.3015728562012372,53.291650377896914
2481.0,418.0,336.0,170.0,416.0,414.0,154.0,419.228042,335.07777999999996,172.190148,-1.2280420000000163,0.9222200000000385,-2.1901479999999935,2.674943951575076,79.64923100695951
2482.0,152.0,408.0,170.0,76.0,396.0,148.0,150.32656599999999,409.39132199999995,169.337128,1.6734340000000145,-1.3913219999999455,0.662871999999993,2.2749851754294768,80.02499609497022
2483.0,194.0,430.0,170.0,118.0,438.0,150.0,193.90469,431.13118399999996,170.25261,0.095310000000012,-1.131183999999962,-0.2526100000000042,1.1629587482176307,78.99367063252599
2484.0,264.0,154.0,172.0,308.0,144.0,150.0,265.030212,153.30834,172.679408,-1.030212000000006,0.691660000000013,-0.6794079999999951,1.4146821377991678,50.19960159204453
2485.0,224.0,198.0,172.0,244.0,180.0,148.0,224.653774,197.893866,170.965456,-0.6537739999999985,0.10613399999999729,1.034544000000011,1.2283998359524557,36.05551275463989
2486.0,236.0,212.0,172.0,250.0,202.0,150.0,235.05795799999999,213.44888799999998,172.31232599999998,0.9420420000000149,-1.4488879999999824,-0.31232599999998456,1.7562081586713938,27.92848008753788
2487.0,330.0,220.0,172.0,356.0,248.0,150.0,329.38326,221.644804,171.19385599999998,0.616739999999993,-1.6448039999999935,0.8061440000000175,1.9327743206986165,44.090815370097204
2488.0,236.0,386.0,172.0,184.0,402.0,152.0,235.835028,386.025898,171.95567599999998,0.1649720000000059,-0.025897999999983767,0.04432400000001735,0.1727746629688585,57.96550698475775
2489.0,262.0,376.0,174.0,220.0,400.0,156.0,263.321594,375.155626,175.060296,-1.3215940000000046,0.8443740000000162,-1.060295999999994,1.8930942291201531,51.61395160225576
2490.0,80.0,200.0,176.0,76.0,126.0,152.0,80.112816,199.633762,175.79259199999998,-0.11281599999999514,0.36623800000000983,0.20740800000001514,0.4357474049997457,77.89736837660179
2491.0,444.0,284.0,176.0,466.0,364.0,160.0,445.121302,283.29166999999995,177.422134,-1.1213020000000142,0.7083300000000463,-1.4221339999999998,1.9446117036725086,84.49852069711044
2492.0,174.0,144.0,178.0,204.0,96.0,154.0,171.775176,143.078072,177.08756,2.2248240000000123,0.9219280000000083,0.9124400000000037,2.575332953573203,61.48170459575759
2493.0,310.0,188.0,178.0,348.0,200.0,158.0,310.752164,186.505516,178.356504,-0.7521639999999934,1.494484,-0.35650400000000104,1.7106513996627104,44.58699361921591
2494.0,368.0,256.0,178.0,388.0,302.0,160.0,368.38760800000006,255.386698,178.576552,-0.387608000000057,0.6133020000000045,-0.5765519999999924,0.9267100482740224,53.291650377896914
2495.0,198.0,304.0,178.0,172.0,292.0,156.0,197.927798,303.711058,176.592936,0.07220200000000432,0.28894200000002,1.4070639999999912,1.4382384045296481,36.11094017053558
2496.0,322.0,38.0,180.0,418.0,32.0,158.0,321.427248,37.773548000000005,179.95319,0.5727519999999799,0.22645199999999477,0.04680999999999358,0.6176702501399708,98.67117106835208
2497.0,330.0,40.0,180.0,426.0,36.0,160.0,328.701966,38.822342000000006,181.50107,1.2980339999999728,1.1776579999999939,-1.5010699999999986,2.3075922029292593,98.14275317108238
2498.0,376.0,78.0,180.0,466.0,100.0,158.0,376.413564,78.137076,178.89142999999999,-0.41356400000000804,-0.13707599999999331,1.1085700000000145,1.1911139562493744,95.2260468569393
2499.0,178.0,152.0,180.0,208.0,108.0,158.0,178.04196000000002,151.402324,180.201548,-0.04196000000001732,0.597676000000007,-0.2015480000000025,0.632138306765229,57.619441163551734
2500.0,346.0,262.0,180.0,360.0,300.0,162.0,346.131004,261.129016,180.391012,-0.13100400000001855,0.8709840000000213,-0.39101199999998926,0.9636729530375092,44.31703961232068
2501.0,438.0,354.0,180.0,430.0,442.0,162.0,437.464058,353.275108,178.338378,0.5359419999999773,0.7248920000000112,1.6616219999999942,1.8904205642956735,90.17760254076397
2502.0,334.0,96.0,182.0,410.0,104.0,162.0,333.981852,95.83792,182.426174,0.0181479999999965,0.1620800000000031,-0.42617400000000316,0.45631519214245275,78.99367063252599
2503.0,370.0,98.0,182.0,452.0,120.0,162.0,370.776744,97.35537599999999,182.009216,-0.7767440000000079,0.6446240000000074,-0.009216000000009217,1.0094336419834748,87.2238499494261
2504.0,222.0,114.0,182.0,274.0,82.0,160.0,222.574168,114.067298,181.786894,-0.574167999999986,-0.06729799999999386,0.21310600000001045,0.6161266755010593,64.89992295835181
2505.0,302.0,212.0,182.0,328.0,226.0,162.0,302.014766,211.94525199999998,181.436316,-0.014766000000008717,0.05474800000001778,0.563683999999995,0.5665289314024452,35.66510900025401
2506.0,448.0,294.0,182.0,464.0,380.0,164.0,447.767134,296.283306,180.521692,0.23286600000000135,-2.283305999999982,1.4783079999999984,2.7300379862661095,89.30845424706443
2507.0,188.0,150.0,184.0,220.0,110.0,162.0,187.92247399999997,149.877276,183.389712,0.0775260000000344,0.12272400000000516,0.610287999999997,0.6273140392148122,55.749439459065414
2508.0,408.0,230.0,184.0,444.0,288.0,168.0,408.32766999999996,230.033974,184.9906,-0.32766999999995505,-0.033974000000000615,-0.9906000000000006,1.0439397595531898,70.11419257183242
2509.0,278.0,326.0,184.0,258.0,348.0,166.0,279.40782,324.973484,183.658166,-1.4078200000000152,1.026516000000015,0.34183400000000574,1.775540124641535,34.75629439396553
2510.0,440.0,360.0,184.0,430.0,452.0,168.0,440.121038,361.104558,183.136194,-0.12103799999999865,-1.1045579999999973,0.863806000000011,1.4074300616528028,93.91485505499116
2511.0,344.0,126.0,186.0,410.0,142.0,166.0,343.90569800000003,125.40436799999999,185.255862,0.09430199999997058,0.595632000000009,0.7441379999999924,0.9578161147485429,70.79548008171143
2512.0,210.0,132.0,186.0,252.0,94.0,164.0,208.640252,129.14843,185.04240000000001,1.3597479999999962,2.8515700000000095,0.9575999999999851,3.3011155460546995,60.76183012385325
2513.0,404.0,214.0,186.0,444.0,268.0,168.0,403.12393,214.49345399999999,185.22604,0.876070000000027,-0.4934539999999856,0.7739599999999882,1.2688615277547093,69.57010852370435
2514.0,408.0,232.0,186.0,444.0,290.0,170.0,408.86641399999996,231.607756,186.605568,-0.8664139999999634,0.39224400000000514,-0.6055680000000052,1.1274933159695213,70.11419257183242
2515.0,374.0,242.0,186.0,400.0,288.0,168.0,374.14187,241.468694,185.230092,-0.14186999999998307,0.5313060000000007,0.7699079999999867,0.9461350278897698,55.82114294781145
2516.0,266.0,290.0,186.0,256.0,302.0,168.0,265.903688,289.769778,185.849076,0.09631200000001172,0.23022200000002613,0.1509240000000034,0.291644002859677,23.83275057562597
2517.0,450.0,326.0,186.0,454.0,416.0,172.0,449.437846,326.93396199999995,186.706378,0.5621540000000209,-0.9339619999999513,-0.7063780000000008,1.2989503516470264,91.17017056033185
2518.0,434.0,344.0,186.0,430.0,430.0,172.0,434.43366399999996,344.049446,186.672202,-0.43366399999996474,-0.049445999999989,-0.6722019999999986,0.8014766999832038,87.2238499494261
2519.0,114.0,114.0,190.0,150.0,38.0,168.0,114.85762000000001,112.182194,189.533842,-0.8576200000000114,1.8178060000000045,0.4661580000000072,2.063306569320236,86.92525524840292
2520.0,356.0,120.0,190.0,428.0,140.0,170.0,357.40716399999997,119.211936,188.458456,-1.407163999999966,0.7880640000000056,1.5415439999999876,2.231034131278111,77.35631842325486
2521.0,378.0,240.0,190.0,406.0,288.0,174.0,378.85868,239.968604,190.11297,-0.8586799999999926,0.03139600000000087,-0.11296999999999002,0.8666482978209702,57.82732917920384
2522.0,380.0,278.0,190.0,392.0,332.0,176.0,379.44797800000003,277.815798,191.309716,0.5520219999999654,0.1842020000000275,-1.3097160000000088,1.4331834027590449,57.06137047074842
2523.0,302.0,302.0,190.0,294.0,330.0,174.0,302.768134,301.71025599999996,190.228162,-0.768133999999975,0.2897440000000415,-0.22816199999999753,0.8520794128107924,33.2264954516723
2524.0,438.0,318.0,190.0,444.0,402.0,176.0,438.06246799999997,318.693858,190.20264,-0.062467999999967105,-0.6938579999999774,-0.20264000000000237,0.7255371422525283,85.36978388165218
2525.0,202.0,394.0,190.0,140.0,396.0,172.0,200.271806,392.995762,188.65092,1.728194000000002,1.0042379999999866,1.3490799999999865,2.411465386166665,64.59102104782058
2526.0,292.0,78.0,192.0,368.0,68.0,172.0,292.07507,78.87859399999999,191.271132,-0.07506999999998243,-0.8785939999999925,0.7288680000000056,1.1440329904159199,79.22120928135344
2527.0,202.0,84.0,192.0,262.0,38.0,172.0,201.91276,83.115094,192.20125,0.08724000000000842,0.8849060000000009,-0.2012499999999875,0.9116858060406545,78.20485918406861
2528.0,132.0,90.0,192.0,178.0,20.0,172.0,131.965594,90.958546,192.870358,0.034405999999989945,-0.9585459999999983,-0.8703580000000102,1.2951900459453871,86.11620056644394
2529.0,366.0,190.0,192.0,410.0,222.0,176.0,364.812508,187.665098,192.506662,1.1874920000000202,2.3349019999999996,-0.5066620000000057,2.6680725218614376,56.7097875150313
2530.0,344.0,264.0,192.0,358.0,300.0,178.0,344.724064,261.80661599999996,193.509994,-0.7240639999999985,2.1933840000000373,-1.509994000000006,2.7595803897672884,41.08527716834828
2531.0,308.0,286.0,192.0,308.0,312.0,178.0,308.998808,284.12492799999995,193.64088,-0.9988079999999968,1.8750720000000456,-1.6408800000000099,2.6843992997406696,29.5296461204668
2532.0,312.0,96.0,194.0,384.0,94.0,176.0,311.307872,94.96265,194.154996,0.6921280000000252,1.0373500000000035,-0.15499600000001124,1.2566463109801602,74.24284477308234
2533.0,108.0,120.0,194.0,140.0,44.0,174.0,108.70435200000001,119.50233999999999,194.433176,-0.7043520000000143,0.4976600000000104,-0.4331760000000031,0.9651003380374671,84.8528137423857
2534.0,344.0,158.0,194.0,398.0,178.0,178.0,344.05925,156.61424399999999,194.728458,-0.05925000000002001,1.3857560000000149,-0.7284579999999892,1.566678432799797,59.76621118993574
2535.0,210.0,192.0,194.0,228.0,166.0,178.0,208.855506,191.46953200000002,195.795032,1.1444940000000088,0.5304679999999848,-1.795031999999992,2.193946830733137,35.4400902933387
2536.0,366.0,196.0,194.0,408.0,232.0,178.0,365.878848,195.974848,194.03834,0.12115199999999504,0.025151999999991403,-0.03834000000000515,0.12953912848247343,57.584720195551874
2537.0,336.0,256.0,194.0,348.0,288.0,180.0,333.85069,255.100834,195.3442,2.149310000000014,0.8991660000000081,-1.3442000000000007,2.6897781714587685,36.932370625238775
2538.0,358.0,36.0,196.0,464.0,46.0,180.0,361.01163599999995,36.914461999999986,197.561636,-3.011635999999953,-0.9144619999999861,-1.561635999999993,3.51353086544514,107.66615066955816
2539.0,314.0,86.0,196.0,390.0,86.0,178.0,313.906446,87.20689199999998,195.855026,0.09355399999998326,-1.206891999999982,0.1449739999999906,1.2191628731453197,78.10249675906654
2540.0,300.0,132.0,196.0,356.0,132.0,178.0,299.45874799999996,131.78600799999998,195.498576,0.5412520000000427,0.21399200000001883,0.5014239999999859,0.7682267447466536,58.82176467941097
2541.0,212.0,158.0,196.0,244.0,130.0,180.0,211.938344,159.358246,197.770248,0.06165599999999927,-1.3582460000000083,-1.7702480000000094,2.23213163598298,45.43126676640219
2542.0,52.0,188.0,196.0,50.0,100.0,176.0,53.367694000000014,186.424726,195.902326,-1.3676940000000144,1.5752740000000074,0.09767400000001203,2.0884480513022257,90.26627277117406
2543.0,460.0,352.0,196.0,456.0,448.0,186.0,459.44632,351.417144,197.788372,0.5536799999999857,0.5828559999999925,-1.7883720000000096,1.960754209359248,96.60227740586657
2544.0,254.0,194.0,198.0,280.0,188.0,182.0,255.01776,195.089804,198.530036,-1.0177600000000098,-1.0898039999999867,-0.5300359999999955,1.58254426077503,31.11269837220809
2545.0,218.0,240.0,198.0,220.0,226.0,182.0,218.287866,240.209592,198.40928,-0.28786600000000817,-0.20959199999998646,-0.4092799999999954,0.5424995472993459,21.354156504062622
2546.0,354.0,258.0,198.0,370.0,298.0,184.0,353.5822,257.19319399999995,198.383758,0.4177999999999997,0.8068060000000514,-0.38375800000000027,0.9862874652960378,45.2990066116245
2547.0,360.0,272.0,198.0,372.0,316.0,184.0,359.819466,270.659902,198.160976,0.18053400000002284,1.3400980000000118,-0.16097600000000511,1.3617519771735385,47.70744176750625
2548.0,384.0,282.0,198.0,396.0,338.0,184.0,384.19038,281.51735399999995,197.77136000000002,-0.19038000000000466,0.4826460000000452,0.2286399999999844,0.5669814417739246,58.957611891934704
2549.0,178.0,86.0,200.0,234.0,32.0,182.0,178.688888,85.828228,200.616846,-0.6888879999999915,0.17177200000000425,-0.6168460000000096,0.9405164986559256,79.84985911070852
2550.0,116.0,106.0,200.0,154.0,30.0,178.0,115.97577400000002,105.025116,197.798806,0.024225999999984538,0.974884000000003,2.2011939999999868,2.407538314994789,87.77243302996676
2551.0,338.0,206.0,200.0,372.0,232.0,184.0,337.963758,205.38971800000002,199.149824,0.03624200000001565,0.6102819999999838,0.8501760000000047,1.0471660962158722,45.69463863518345
2552.0,412.0,258.0,200.0,438.0,322.0,186.0,412.677658,258.189708,199.369618,-0.6776580000000081,-0.189707999999996,0.6303819999999973,0.9447703192586049,70.48404074682438
2553.0,258.0,320.0,200.0,236.0,332.0,186.0,258.33562800000004,318.455728,200.351384,-0.33562800000004245,1.544271999999978,-0.3513839999999959,1.6189171936278761,28.705400188814647
2554.0,370.0,330.0,200.0,360.0,388.0,188.0,369.26627,329.763794,200.655732,0.73372999999998,0.2362059999999815,-0.6557320000000004,1.0119967604493418,60.06662967072483
2555.0,180.0,426.0,200.0,104.0,426.0,186.0,180.23580599999997,425.8003319999999,199.963292,-0.2358059999999682,0.1996680000000879,0.036708000000004404,0.3111579295534993,77.27871634544663
2556.0,358.0,142.0,202.0,420.0,166.0,188.0,358.121756,141.671222,202.942536,-0.12175600000000486,0.3287779999999998,-0.9425359999999898,1.0056309502575893,67.94115100585212
2557.0,346.0,166.0,202.0,396.0,186.0,186.0,344.66032600000005,163.42913199999998,201.199216,1.3396739999999454,2.5708680000000186,0.8007839999999931,3.0075477908681583,56.178287620752556
2558.0,372.0,226.0,202.0,404.0,270.0,188.0,372.75000400000005,226.640006,201.805336,-0.7500040000000467,-0.6400059999999996,0.19466399999998885,1.004991419340516,56.178287620752556
2559.0,354.0,228.0,202.0,382.0,264.0,188.0,354.095982,227.69520999999997,201.995714,-0.09598199999999224,0.30479000000002543,0.0042860000000075615,0.3195744955718683,47.70744176750625
2560.0,390.0,260.0,202.0,412.0,316.0,190.0,390.952576,260.323892,202.858792,-0.9525760000000218,-0.32389200000000073,-0.858791999999994,1.3228116883003536,61.35144660071187
2561.0,336.0,234.0,204.0,360.0,264.0,192.0,337.039822,233.45202999999998,205.392484,-1.0398220000000151,0.5479700000000207,-1.392483999999996,1.8222273740782304,40.24922359499622
2562.0,226.0,246.0,204.0,224.0,236.0,190.0,224.071016,247.019252,204.823836,1.928984000000014,-1.0192519999999945,-0.823836,2.3320719685841693,17.320508075688775
2563.0,448.0,376.0,204.0,434.0,472.0,194.0,448.671388,375.862048,204.179638,-0.671387999999979,0.1379519999999843,-0.1796380000000113,0.7085636258600715,97.52948272189288
2564.0,360.0,202.0,206.0,398.0,236.0,192.0,359.27868600000005,201.819862,205.515266,0.7213139999999498,0.18013799999999947,0.4847340000000031,0.8875306396941631,52.87721626560914
2565.0,238.0,212.0,206.0,254.0,200.0,190.0,238.01278399999998,211.24991599999998,205.084338,-0.012783999999982143,0.7500840000000153,0.9156619999999975,1.1837340647104897,25.612496949731394
2566.0,300.0,180.0,208.0,338.0,188.0,196.0,300.20945,180.154874,209.683926,-0.2094500000000039,-0.15487400000000662,-1.6839260000000138,1.7039548209539037,40.64480286580315
2567.0,192.0,218.0,208.0,198.0,190.0,194.0,191.938454,218.07239599999997,208.78389,0.06154599999999277,-0.07239599999996926,-0.7838900000000137,0.789628154913448,31.874754901018456
2568.0,372.0,316.0,208.0,368.0,374.0,196.0,371.91273199999995,316.88531,207.331044,0.08726800000005142,-0.885310000000004,0.6689560000000085,1.1130550884210664,59.36328831862332
2569.0,206.0,412.0,208.0,138.0,418.0,194.0,204.64408999999998,410.827124,206.426454,1.3559100000000228,1.1728759999999738,1.5735459999999932,2.385409200450099,69.68500556073738
2570.0,60.0,172.0,210.0,64.0,86.0,194.0,60.767706000000004,172.085612,210.73754,-0.767706000000004,-0.08561199999999758,-0.7375399999999956,1.0680202098181473,87.56711711595854
2571.0,412.0,238.0,210.0,444.0,298.0,194.0,411.16835,238.060724,206.173536,0.8316500000000246,-0.06072399999999334,3.826463999999987,3.916268104965739,69.85699678629192
2572.0,216.0,424.0,210.0,146.0,438.0,196.0,216.08180000000002,424.30833399999995,207.785982,-0.08180000000001542,-0.30833399999994526,2.21401800000001,2.236881042854093,72.74613391789285
2573.0,306.0,114.0,212.0,370.0,114.0,198.0,305.83638199999996,114.35851999999998,212.01939,0.16361800000004223,-0.3585199999999844,-0.01938999999998714,0.39456737374496914,65.5133574166368
2574.0,296.0,126.0,212.0,354.0,120.0,198.0,294.966304,123.17875599999999,212.035846,1.0336960000000204,2.821244000000007,-0.03584599999999227,3.0048677281484593,59.9666574022598
2575.0,368.0,240.0,212.0,394.0,282.0,200.0,368.212968,238.68149799999998,211.549574,-0.2129679999999894,1.3185020000000236,0.4504259999999931,1.4094986606960829,50.83306010855534
2576.0,306.0,290.0,212.0,302.0,318.0,200.0,306.1003,290.563394,211.626538,-0.10030000000000427,-0.5633940000000166,0.3734619999999893,0.6833350237475111,30.72458299147443
2577.0,100.0,138.0,214.0,122.0,62.0,196.0,99.60468800000001,138.383678,212.342886,0.3953119999999899,-0.3836780000000033,1.657114000000007,1.7462838240171665,81.14185110040317
2578.0,372.0,202.0,214.0,412.0,240.0,202.0,371.288584,201.38829599999997,213.584536,0.7114159999999856,0.6117040000000316,0.41546399999998584,1.0261115163411851,56.462376853972415
2579.0,338.0,236.0,214.0,356.0,268.0,204.0,335.08299,237.718034,215.19824,2.9170100000000048,-1.7180339999999887,-1.1982399999999984,3.591151244775968,38.05259518088089
2580.0,294.0,244.0,214.0,306.0,260.0,202.0,294.135624,244.47609599999998,213.926054,-0.13562400000000707,-0.4760959999999841,0.0739460000000065,0.500529001665226,23.323807579381203
2581.0,470.0,360.0,214.0,464.0,462.0,206.0,469.48823799999997,360.413768,213.96514,0.5117620000000329,-0.4137680000000046,0.034860000000008995,0.6590292270211072,102.48902380255166
2582.0,332.0,58.0,216.0,422.0,58.0,202.0,331.70405,57.370764,215.67261,0.2959500000000048,0.6292359999999988,0.3273900000000083,0.7685756685558077,91.0823802938856
2583.0,204.0,170.0,216.0,230.0,138.0,202.0,203.34461,169.429804,215.775906,0.6553900000000112,0.5701960000000099,0.224094000000008,0.8971497374195846,43.54308211415448
2584.0,292.0,246.0,216.0,302.0,262.0,206.0,291.584938,247.109128,217.201306,0.4150619999999776,-1.1091279999999983,-1.2013059999999882,1.6868839586242883,21.354156504062622
2585.0,106.0,130.0,218.0,134.0,54.0,204.0,106.920072,129.12783,218.925794,-0.9200720000000047,0.8721700000000112,-0.9257939999999962,1.569811302201644,82.19489035213807
2586.0,410.0,190.0,218.0,460.0,242.0,208.0,409.157668,190.52729799999997,218.215264,0.842331999999999,-0.5272979999999734,-0.21526399999999057,1.0168111765337584,72.8285658241325
2587.0,314.0,286.0,218.0,312.0,314.0,208.0,312.902532,284.93541,218.173244,1.0974679999999921,1.0645900000000097,-0.17324400000001106,1.5387661819327871,29.79932885150268
2588.0,412.0,294.0,218.0,424.0,360.0,210.0,411.90790400000003,291.591776,218.660628,0.09209599999996954,2.4082240000000183,-0.6606280000000027,2.498890526168781,67.55738301621814
2589.0,206.0,266.0,220.0,196.0,250.0,208.0,206.124364,265.35182599999996,219.55804,-0.12436400000001413,0.64817400000004,0.4419599999999946,0.7943076106723708,22.360679774997898
2590.0,386.0,312.0,220.0,384.0,374.0,212.0,384.490892,312.88507,220.35205200000001,1.509108000000026,-0.8850699999999847,-0.3520520000000147,1.7845717893287627,62.545983084447556
2591.0,194.0,394.0,220.0,130.0,396.0,210.0,192.851336,395.969432,219.837078,1.1486639999999966,-1.9694319999999834,0.1629220000000089,2.2857460413624104,64.8074069840786
2592.0,104.0,110.0,222.0,138.0,30.0,206.0,103.801754,109.45941599999999,220.825062,0.19824599999999748,0.5405840000000097,1.1749379999999974,1.3084387037289913,88.38551917593742
2593.0,190.0,260.0,222.0,182.0,236.0,212.0,191.64118599999998,258.15124199999997,223.076074,-1.6411859999999763,1.848758000000032,-1.0760740000000055,2.696170039636976,27.202941017470888
2594.0,192.0,270.0,222.0,176.0,252.0,208.0,191.105738,272.103478,219.643356,0.8942619999999977,-2.1034779999999955,2.3566439999999886,3.2830009387546517,27.85677655436824
2595.0,398.0,370.0,222.0,378.0,446.0,216.0,398.599396,370.42968199999996,222.81415,-0.5993960000000129,-0.42968199999995704,-0.8141500000000121,1.0985182786098728,78.81624198095213
2596.0,208.0,398.0,222.0,146.0,404.0,212.0,207.38240199999998,398.04729,221.294326,0.6175980000000152,-0.04728999999997541,0.7056739999999877,0.9389565634149426,63.08724118235002
2597.0,352.0,16.0,224.0,460.0,18.0,212.0,350.91252,16.512934,224.129216,1.0874800000000278,-0.5129340000000013,-0.12921600000001376,1.2093017875667205,108.6830253535482
2598.0,286.0,132.0,224.0,338.0,128.0,216.0,284.78193000000005,133.730614,226.775366,1.2180699999999547,-1.7306140000000028,-2.775365999999991,3.4901827711241498,52.76362383309168
2599.0,104.0,212.0,224.0,98.0,148.0,210.0,103.46256000000001,211.583144,222.93071,0.5374399999999895,0.4168559999999957,1.0692899999999952,1.2672773107871753,65.7875368135941
2600.0,430.0,336.0,224.0,428.0,418.0,218.0,430.18003,335.69868399999996,224.510128,-0.18002999999998792,0.30131600000004255,-0.5101280000000088,0.6192194353700716,82.24354077980836
2601.0,450.0,336.0,224.0,452.0,426.0,216.0,450.889956,335.658042,222.646808,-0.8899559999999838,0.3419579999999769,1.353192000000007,1.6553203752035357,90.37698822156003
2602.0,372.0,80.0,226.0,460.0,100.0,216.0,372.284594,80.268526,226.440936,-0.2845940000000269,-0.26852599999999427,-0.44093599999999356,0.5895120979318461,90.79647570252934
2603.0,104.0,112.0,226.0,138.0,32.0,212.0,104.377238,111.07265799999999,225.717054,-0.3772380000000055,0.9273420000000101,0.2829460000000097,1.0403509660321504,88.04544281222056
2604.0,420.0,336.0,226.0,416.0,414.0,220.0,419.834252,335.72887000000003,226.261044,0.16574800000000778,0.271129999999971,-0.2610439999999983,0.4112515608967168,78.33262411026456
2605.0,226.0,166.0,228.0,258.0,142.0,218.0,226.286918,165.419108,228.68451,-0.2869179999999858,0.5808920000000057,-0.6845099999999888,0.9425027291673925,41.23105625617661
2606.0,266.0,264.0,228.0,266.0,272.0,220.0,266.345198,264.373178,228.749118,-0.34519799999998213,-0.3731779999999958,-0.7491180000000099,0.9053183179478914,11.313708498984761
2607.0,396.0,342.0,228.0,386.0,412.0,222.0,396.023748,341.990948,228.08639,-0.02374800000001187,0.009051999999996951,-0.08638999999999442,0.09005075406680138,70.96477999684069
2608.0,406.0,348.0,228.0,396.0,422.0,222.0,406.395118,347.162408,227.91424,-0.39511800000002495,0.8375919999999724,0.0857599999999934,0.9300717015305714,74.91328320131217
2609.0,314.0,108.0,230.0,382.0,110.0,220.0,314.32110399999993,108.348886,230.024794,-0.32110399999993433,-0.34888599999999315,-0.024794000000014194,0.4748093957031113,68.76045375068433
2610.0,256.0,186.0,230.0,284.0,178.0,222.0,255.89108999999996,186.674624,231.396224,0.10891000000003714,-0.6746239999999943,-1.3962239999999895,1.5544839618509967,30.199337741083
2611.0,408.0,346.0,230.0,398.0,422.0,224.0,407.967388,346.662378,229.541866,0.032611999999971886,-0.6623779999999897,0.45813400000000115,0.8060365496576353,76.88953114696434
2612.0,224.0,170.0,232.0,254.0,146.0,222.0,224.256606,169.606192,231.936218,-0.256606000000005,0.39380800000000704,0.06378200000000334,0.47434114688060586,39.698866482558415
2613.0,370.0,196.0,232.0,412.0,234.0,224.0,369.929532,196.94317,231.6788,0.0704680000000053,-0.9431700000000092,0.3212000000000046,0.9988517547284087,57.201398584300364
2614.0,370.0,204.0,232.0,408.0,242.0,224.0,368.903228,204.19889799999999,231.606396,1.0967719999999872,-0.1988979999999856,0.3936040000000105,1.1821139298747707,54.3323108288245
2615.0,382.0,304.0,232.0,384.0,362.0,226.0,381.497238,303.69886799999995,231.9629,0.5027620000000184,0.30113200000005236,0.03710000000000946,0.5872193117294856,58.34380858325929
2616.0,338.0,94.0,234.0,414.0,102.0,226.0,337.157118,93.87570799999999,234.86033,0.8428819999999746,0.12429200000001117,-0.8603300000000047,1.2108122381641044,76.83749084919418
2617.0,62.0,192.0,234.0,58.0,110.0,224.0,62.62604399999999,192.58946600000002,235.06535,-0.6260439999999932,-0.5894660000000158,-1.0653499999999951,1.3690770166765636,82.70429251254133
2618.0,334.0,248.0,234.0,352.0,280.0,228.0,335.31787399999996,248.318626,234.740892,-1.3178739999999607,-0.31862599999999475,-0.7408920000000023,1.5450680772755279,37.20215047547655
2619.0,390.0,308.0,234.0,390.0,370.0,230.0,388.277174,308.395256,235.11309,1.7228259999999977,-0.3952560000000176,-1.1130899999999997,2.088857601635881,62.12889826803627
2620.0,334.0,154.0,236.0,388.0,170.0,228.0,334.667504,153.490086,235.839864,-0.6675040000000081,0.5099140000000091,0.16013599999999428,0.8551125165193282,56.88585061331157
2621.0,280.0,172.0,236.0,318.0,170.0,228.0,280.281004,171.68168599999998,236.220874,-0.2810039999999958,0.3183140000000151,-0.22087400000000912,0.47861505877689564,38.88444419044716
2622.0,342.0,230.0,236.0,368.0,262.0,228.0,343.065708,230.17407799999998,234.8657,-1.0657079999999723,-0.1740779999999802,1.134299999999996,1.566101267909558,42.0
2623.0,236.0,306.0,236.0,216.0,310.0,228.0,237.458284,306.97308599999997,235.12798,-1.458283999999992,-0.9730859999999666,0.872019999999992,1.9580366361362849,21.908902300206645
2624.0,426.0,346.0,236.0,420.0,426.0,232.0,426.174516,344.13204199999996,235.92908,-0.1745159999999828,1.8679580000000442,0.07092000000000098,1.8774324409736183,80.32434251209281
2625.0,202.0,392.0,236.0,142.0,394.0,230.0,201.838062,391.49411999999995,236.180426,0.16193799999999214,0.5058800000000474,-0.1804260000000113,0.5609741809745342,60.332412515993425
2626.0,102.0,140.0,238.0,124.0,64.0,226.0,101.95451200000001,139.71392,236.886136,0.04548799999999176,0.28607999999999834,1.1138640000000066,1.1509143908388726,80.02499609497022
2627.0,306.0,160.0,238.0,352.0,166.0,230.0,305.67492599999997,159.75739199999998,237.721412,0.3250740000000292,0.24260800000001836,0.2785880000000134,0.4920802992236484,47.07440918375928
2628.0,272.0,182.0,238.0,304.0,178.0,230.0,271.50356999999997,181.555944,237.841412,0.4964300000000321,0.4440559999999891,0.15858800000000883,0.6846741047973298,33.2264954516723
2629.0,208.0,358.0,238.0,162.0,358.0,232.0,208.02870000000001,358.34331399999996,238.13387,-0.028700000000014825,-0.3433139999999639,-0.1338700000000017,0.36960704741113437,46.389654018972806
2630.0,290.0,84.0,240.0,362.0,70.0,232.0,288.484844,82.58382599999999,240.435606,1.5151559999999904,1.4161740000000123,-0.43560600000000704,2.1191977467541845,73.78346698278686
2631.0,404.0,236.0,240.0,436.0,292.0,236.0,403.777398,235.89193799999998,240.696464,0.22260199999999486,0.10806200000001809,-0.6964639999999918,0.739115112512246,64.62197768561404
2632.0,296.0,194.0,242.0,328.0,202.0,236.0,296.449968,194.026638,242.343788,-0.4499680000000126,-0.02663799999999128,-0.3437879999999893,0.566895910209276,33.52610922848042
2633.0,242.0,238.0,242.0,248.0,232.0,236.0,242.099578,238.127818,242.426068,-0.09957800000000816,-0.12781799999999066,-0.42606799999998657,0.4558367688460287,10.392304845413264
2634.0,228.0,168.0,244.0,258.0,142.0,234.0,226.433878,165.576948,241.792606,1.5661220000000071,2.4230520000000126,2.2073939999999936,3.6326997377741055,40.93897898091744
2635.0,424.0,208.0,244.0,470.0,268.0,240.0,423.98595000000006,208.44685399999997,244.070954,0.01404999999994061,-0.44685399999997344,-0.0709540000000004,0.45267026623357387,75.7099729229908
2636.0,338.0,58.0,246.0,430.0,60.0,238.0,338.770684,57.20091599999999,245.098738,-0.770684000000017,0.7990840000000077,0.9012620000000027,1.4299518381945748,92.36882591004391
2637.0,358.0,98.0,246.0,438.0,114.0,242.0,359.073122,97.12074,247.69653,-1.0731220000000121,0.8792600000000022,-1.6965299999999957,2.1915526494665865,81.68231142664855
2638.0,244.0,150.0,246.0,286.0,132.0,240.0,245.64171800000003,150.589238,246.673458,-1.6417180000000258,-0.5892379999999946,-0.6734580000000108,1.869755355636692,46.08687448721165
2639.0,386.0,158.0,246.0,444.0,196.0,240.0,385.051786,159.257862,245.060056,0.9482140000000072,-1.2578619999999887,0.939943999999997,1.8343449304795376,69.59885056522126
2640.0,334.0,224.0,248.0,360.0,252.0,244.0,334.39519799999994,224.640698,248.13506,-0.39519799999993666,-0.6406979999999862,-0.13506000000000995,0.764798398277569,38.41874542459709
2641.0,338.0,116.0,250.0,406.0,128.0,246.0,337.89008,116.35472399999999,250.982922,0.10991999999998825,-0.35472399999999027,-0.9829220000000021,1.0507364943980935,69.16646586316233
2642.0,266.0,204.0,250.0,288.0,202.0,244.0,265.445448,204.500758,249.115556,0.554552000000001,-0.5007579999999905,0.884444000000002,1.157811592792193,22.891046284519195
2643.0,332.0,74.0,252.0,416.0,76.0,246.0,332.12985599999996,73.350572,251.540636,-0.1298559999999611,0.6494280000000003,0.45936399999999367,0.8059991268084504,84.23775875461075
2644.0,314.0,112.0,252.0,382.0,112.0,248.0,315.09865799999994,110.179158,252.940418,-1.0986579999999435,1.820841999999999,-0.940417999999994,2.325274393410778,68.11754546370561
2645.0,368.0,262.0,252.0,386.0,308.0,250.0,369.22148,261.456464,252.249846,-1.2214799999999855,0.5435360000000173,-0.2498459999999909,1.3600984513673924,49.4368283772331
2646.0,248.0,266.0,252.0,244.0,266.0,246.0,247.92998599999999,265.68487200000004,250.240152,0.07001400000001468,0.3151279999999588,1.7598480000000052,1.7892100490674632,7.211102550927978
2647.0,466.0,314.0,252.0,478.0,406.0,252.0,466.217576,313.715782,252.233946,-0.2175760000000082,0.28421800000000985,-0.2339460000000031,0.4276095394352313,92.77930803794561
2648.0,478.0,330.0,252.0,486.0,430.0,252.0,478.677664,330.285366,251.907874,-0.6776639999999929,-0.28536600000001044,0.09212600000000748,0.7410461866361622,100.31948963187563
2649.0,226.0,402.0,252.0,166.0,416.0,248.0,226.37430600000002,402.529142,250.537418,-0.37430600000001846,-0.5291419999999789,1.4625819999999976,1.5997632151427863,61.741396161732524
2650.0,348.0,172.0,254.0,396.0,198.0,252.0,348.38878,173.40453399999998,255.128848,-0.388779999999997,-1.404533999999984,-1.128848000000005,1.8434108203707507,54.62600113499065
2651.0,366.0,182.0,254.0,412.0,216.0,252.0,365.503346,183.23292199999997,254.829864,0.49665399999997817,-1.2329219999999737,-0.8298639999999864,1.566983124445152,57.23635208501674
2652.0,376.0,240.0,254.0,402.0,286.0,250.0,375.928566,240.20381199999997,252.421742,0.07143400000001066,-0.2038119999999708,1.5782580000000053,1.5929659325497223,52.99056519796708
2653.0,364.0,258.0,254.0,380.0,302.0,252.0,363.017028,258.37331800000004,253.991648,0.9829720000000179,-0.37331800000004023,0.008352000000002135,1.0515084582693879,46.861498055439924
2654.0,244.0,306.0,254.0,224.0,310.0,252.0,243.89432399999998,305.130806,254.74658,0.10567600000001676,0.8691939999999931,-0.7465799999999945,1.1506725524718069,20.493901531919196
2655.0,284.0,56.0,256.0,368.0,36.0,250.0,284.465516,54.783232,255.549804,-0.4655159999999796,1.2167680000000018,0.45019600000000537,1.3783707594460899,86.55634003352961
2656.0,406.0,266.0,256.0,426.0,328.0,254.0,405.53996,266.64124400000003,255.07371,0.46003999999999223,-0.6412440000000288,0.9262899999999945,1.2168992699628098,65.1766829472013
2657.0,230.0,408.0,256.0,168.0,424.0,256.0,230.083182,408.30450999999994,256.986404,-0.08318199999999365,-0.30450999999993655,-0.9864039999999932,1.0356825944467478,64.03124237432849
2658.0,266.0,210.0,258.0,286.0,208.0,256.0,265.56289,209.801054,258.886882,0.4371100000000183,0.1989460000000065,-0.8868820000000142,1.0085654886719273,20.199009876724155
2659.0,246.0,64.0,260.0,318.0,30.0,256.0,244.112004,63.174265999999996,260.80812199999997,1.887995999999987,0.8257340000000042,-0.8081219999999689,2.2134648634337766,79.724525711979
2660.0,382.0,188.0,260.0,430.0,228.0,258.0,382.6658,187.938584,259.50616199999996,-0.6657999999999902,0.06141600000000835,0.4938380000000393,0.8312265246610137,62.51399843235114
2661.0,336.0,254.0,260.0,352.0,286.0,260.0,337.172916,253.296462,260.88645199999996,-1.1729159999999865,0.7035380000000089,-0.8864519999999629,1.6298757034829114,35.77708763999664
2662.0,430.0,338.0,260.0,428.0,420.0,260.0,431.086174,337.667066,258.895336,-1.0861740000000282,0.33293400000002293,1.1046640000000139,1.5845824558943302,82.02438661763951
2663.0,270.0,66.0,262.0,346.0,44.0,258.0,269.52759199999997,66.79571999999999,262.129422,0.4724080000000299,-0.7957199999999887,-0.12942199999997683,0.9343926856241995,79.22120928135344
2664.0,204.0,384.0,262.0,150.0,386.0,264.0,206.28445599999998,383.53428199999996,264.085762,-2.2844559999999774,0.46571800000003805,-2.0857619999999883,3.128263990155544,54.0740233383831
2665.0,414.0,238.0,264.0,446.0,298.0,266.0,413.38357,238.25124399999999,265.14908199999996,0.6164299999999798,-0.2512439999999856,-1.1490819999999644,1.3279679721890458,68.0294054067798
2666.0,404.0,278.0,264.0,422.0,340.0,266.0,405.664624,277.123456,264.78529,-1.6646240000000034,0.876544000000024,-0.785289999999975,2.038622777615323,64.59102104782058
2667.0,382.0,244.0,266.0,412.0,290.0,272.0,384.940884,240.93014599999998,270.34385599999996,-2.9408839999999827,3.0698540000000207,-4.34385599999996,6.077983813034359,55.24490926773253
2668.0,374.0,254.0,266.0,396.0,302.0,268.0,375.59518800000006,254.373078,267.012656,-1.5951880000000642,-0.37307799999999247,-1.0126559999999927,1.9259501872489289,52.839379254491625
2669.0,328.0,46.0,268.0,422.0,42.0,266.0,328.12889800000005,45.56970799999999,268.293346,-0.12889800000004925,0.43029200000000856,-0.29334599999998545,0.5364865099739335,94.10632284814874
2670.0,252.0,100.0,268.0,314.0,76.0,266.0,253.064656,100.05563199999999,268.48094199999997,-1.0646560000000136,-0.05563199999998858,-0.48094199999997045,1.1695693759345784,66.51315659326356
2671.0,346.0,112.0,268.0,418.0,126.0,266.0,346.87680600000004,111.87941199999999,267.32626999999997,-0.8768060000000446,0.12058800000001213,0.6737300000000346,1.1123139576037548,73.37574531137656
2672.0,428.0,222.0,268.0,470.0,286.0,268.0,428.92649600000004,222.709542,266.798226,-0.9264960000000428,-0.709541999999999,1.2017740000000003,1.6751434072508773,76.55063683601855
2673.0,358.0,220.0,270.0,388.0,256.0,270.0,357.429356,220.728652,269.236224,0.5706440000000157,-0.728652000000011,0.7637760000000071,1.1999675370675844,46.861498055439924
2674.0,384.0,232.0,270.0,416.0,278.0,270.0,384.90806999999995,230.546584,268.824836,-0.9080699999999524,1.4534160000000043,1.1751639999999952,2.0779845092906526,56.0357029044876
2675.0,254.0,200.0,272.0,276.0,192.0,272.0,253.77735799999994,200.12527799999998,272.23776,0.2226420000000644,-0.12527799999998024,-0.2377599999999802,0.34898976352898137,23.40939982143925
2676.0,422.0,226.0,272.0,462.0,284.0,272.0,422.22726199999994,223.27398999999997,270.142338,-0.22726199999993923,2.7260100000000307,1.8576620000000048,3.3066125631812624,70.45565981523414
2677.0,284.0,130.0,274.0,338.0,122.0,272.0,283.735168,129.620898,272.724334,0.2648320000000126,0.37910199999998895,1.275666000000001,1.3569001651499646,54.62600113499065
2678.0,306.0,154.0,274.0,354.0,158.0,276.0,305.56984,153.475214,275.490478,0.43016000000000076,0.524786000000006,-1.490477999999996,1.6376698812275918,48.2078831727758
2679.0,396.0,218.0,274.0,434.0,268.0,276.0,396.34641,218.157674,273.760118,-0.34640999999999167,-0.15767399999998588,0.2398820000000228,0.4498937122254552,62.83311228962003
2680.0,360.0,208.0,276.0,394.0,242.0,278.0,358.521918,208.369928,275.922422,1.4780819999999721,-0.3699279999999874,0.0775780000000168,1.52564460802374,48.12483766206386
2681.0,394.0,116.0,278.0,472.0,148.0,280.0,394.68481,115.07857399999999,278.242948,-0.6848100000000272,0.921426000000011,-0.2429480000000126,1.1734625431943124,84.33267456923205
2682.0,286.0,124.0,278.0,342.0,116.0,278.0,285.336956,123.97841199999999,277.68872999999996,0.6630440000000135,0.021588000000008378,0.3112700000000359,0.7327908300327186,56.568542494923804
2683.0,318.0,152.0,278.0,370.0,162.0,280.0,319.07852799999995,152.464698,278.633326,-1.0785279999999489,-0.4646979999999985,-0.6333260000000109,1.334267102293953,52.99056519796708
2684.0,354.0,260.0,278.0,370.0,300.0,282.0,355.002704,259.714016,278.64730199999997,-1.0027039999999943,0.2859839999999849,-0.6473019999999678,1.2272742314071206,43.266615305567875
2685.0,348.0,158.0,280.0,402.0,180.0,282.0,348.642664,158.15473599999999,279.885766,-0.6426640000000248,-0.15473599999998555,0.11423400000001038,0.6708275883921514,58.34380858325929
2686.0,368.0,202.0,280.0,408.0,238.0,282.0,368.39521,201.662964,279.170332,-0.39521000000002005,0.3370360000000119,0.8296680000000265,0.9788427859570034,53.85164807134504
2687.0,194.0,232.0,280.0,194.0,206.0,282.0,193.801926,232.412452,280.711838,0.1980739999999912,-0.4124520000000018,-0.7118380000000002,0.8462052351669767,26.076809620810597
2688.0,462.0,336.0,280.0,464.0,430.0,286.0,461.89705399999997,336.33813599999996,279.882324,0.10294600000003129,-0.33813599999996313,0.11767600000001721,0.3725338567002811,94.21252570651102
2689.0,434.0,350.0,280.0,426.0,436.0,286.0,433.934076,350.87573199999997,280.018526,0.06592399999999543,-0.8757319999999709,-0.01852600000000848,0.8784052153055267,86.57944328765345
2690.0,10.0,146.0,282.0,14.0,34.0,280.0,9.180392,145.52265,282.07785,0.8196080000000006,0.4773500000000013,-0.07785000000001219,0.9516726951342064,112.08925015361643
2691.0,212.0,150.0,282.0,248.0,118.0,282.0,212.86077,150.000644,281.453852,-0.8607700000000023,-0.0006439999999940937,0.5461480000000165,1.0194130887623631,48.16637831516918
2692.0,192.0,232.0,282.0,192.0,204.0,284.0,191.74602199999998,231.39789,282.38478,0.2539780000000178,0.6021100000000104,-0.3847799999999779,0.7583514521539498,28.071337695236398
2693.0,334.0,276.0,282.0,340.0,310.0,286.0,334.332814,275.320136,281.969896,-0.33281399999998484,0.6798640000000091,0.030103999999994357,0.7575529472637553,34.75629439396553
2694.0,356.0,72.0,284.0,444.0,84.0,286.0,356.333352,72.68474,284.064296,-0.33335199999999077,-0.684740000000005,-0.06429600000001301,0.764281622911347,88.83692925805124
2695.0,344.0,256.0,284.0,358.0,290.0,288.0,343.132544,255.12150599999998,283.74587399999996,0.8674560000000042,0.8784940000000176,0.25412600000004204,1.2604807193480032,36.98648401781386
2696.0,364.0,140.0,286.0,428.0,166.0,290.0,365.274226,140.598412,286.463104,-1.2742259999999987,-0.5984119999999962,-0.4631039999999871,1.4819629332867879,69.19537556802477
2697.0,128.0,124.0,288.0,158.0,56.0,288.0,126.85878600000002,125.273422,287.589122,1.1412139999999766,-1.2734219999999965,0.41087800000002517,1.7586340479940556,74.32361670424818
2698.0,112.0,158.0,288.0,122.0,94.0,290.0,108.79406200000001,164.17582,288.976246,3.205937999999989,-6.175819999999987,-0.9762460000000033,7.026510327663354,64.8074069840786
2699.0,58.0,220.0,288.0,42.0,138.0,288.0,58.06792,219.13563399999998,287.255206,-0.06792000000000087,0.8643660000000182,0.7447940000000131,1.1430047291205978,83.54639429682169
2700.0,212.0,380.0,288.0,158.0,384.0,294.0,212.25523199999998,380.19714,288.643442,-0.25523199999997814,-0.19713999999999032,-0.6434419999999932,0.7197396479199796,54.47935388750494
2701.0,326.0,174.0,292.0,370.0,188.0,296.0,325.99035,172.825214,291.43534999999997,0.009650000000021919,1.1747860000000117,0.5646500000000287,1.303474161921156,46.34652090502587
2702.0,218.0,372.0,292.0,168.0,378.0,298.0,218.50035,372.975644,291.936668,-0.5003499999999974,-0.9756439999999884,0.06333200000000261,1.0982906170317468,50.714889332423866
2703.0,360.0,42.0,294.0,460.0,50.0,298.0,360.02841399999994,42.22615599999999,294.208528,-0.028413999999941097,-0.22615599999998892,-0.20852800000000116,0.30893011914669655,100.39920318408906
2704.0,250.0,176.0,294.0,280.0,164.0,298.0,249.838732,177.58551999999997,293.84626,0.16126800000000685,-1.585519999999974,0.15374000000002752,1.6010986933427709,32.55764119219941
2705.0,260.0,218.0,296.0,276.0,214.0,300.0,259.758652,217.49607,294.917944,0.24134800000001633,0.5039299999999969,1.0820560000000228,1.2178010876740315,16.97056274847714
2706.0,266.0,208.0,298.0,286.0,206.0,304.0,265.48339599999997,208.720522,298.234714,0.5166040000000294,-0.7205219999999883,-0.23471399999999676,0.9171272033344187,20.97617696340303
2707.0,230.0,274.0,298.0,216.0,268.0,302.0,227.21012,275.068004,296.247348,2.789880000000011,-1.0680039999999735,1.7526520000000119,3.463502849936758,15.748015748023622
2708.0,334.0,104.0,300.0,406.0,112.0,306.0,334.278188,104.514208,300.326634,-0.2781880000000001,-0.5142079999999964,-0.32663400000001275,0.6696926164771453,72.69112738154499
2709.0,328.0,238.0,300.0,348.0,262.0,308.0,328.261508,236.160878,300.51504,-0.2615079999999921,1.8391220000000033,-0.515039999999999,1.927698722972033,32.2490309931942
2710.0,428.0,248.0,300.0,458.0,314.0,308.0,427.25573199999997,247.97942999999998,299.304166,0.7442680000000337,0.020570000000020627,0.6958339999999907,1.0190892680624393,72.93833011524188
2711.0,192.0,290.0,300.0,170.0,272.0,306.0,192.54790799999998,290.17004799999995,299.727662,-0.5479079999999783,-0.17004799999995157,0.27233799999999064,0.6350491988908848,29.0516780926679
2712.0,276.0,100.0,302.0,340.0,86.0,308.0,276.252996,101.483342,302.630456,-0.252995999999996,-1.4833419999999933,-0.630455999999981,1.6314978494978023,65.7875368135941
2713.0,122.0,142.0,302.0,148.0,70.0,304.0,122.87886400000001,138.908426,300.58684,-0.8788640000000072,3.0915740000000085,1.4131600000000049,3.51101878570481,76.57675887630658
2714.0,94.0,332.0,302.0,40.0,282.0,308.0,94.164648,331.744438,301.95604399999996,-0.16464799999999968,0.2555619999999976,0.043956000000036966,0.3071693827255606,73.83765976789893
2715.0,330.0,136.0,304.0,388.0,146.0,310.0,329.17618600000003,135.650392,303.301384,0.8238139999999703,0.34960799999998926,0.6986160000000154,1.1353235555188508,59.16079783099616
2716.0,336.0,260.0,304.0,348.0,294.0,312.0,336.624232,261.06516999999997,303.41535999999996,-0.6242320000000063,-1.0651699999999664,0.5846400000000358,1.3660368400317682,36.932370625238775
2717.0,230.0,378.0,304.0,180.0,388.0,312.0,230.55420999999998,377.765454,303.223216,-0.5542099999999834,0.234546000000023,0.7767840000000206,0.9826260391787022,51.61395160225576
2718.0,266.0,220.0,306.0,282.0,218.0,314.0,265.58969,219.18300399999998,306.307782,0.4103099999999813,0.8169960000000174,-0.3077819999999747,0.9646587581315983,18.0
2719.0,194.0,226.0,306.0,196.0,200.0,312.0,194.070254,227.52648599999998,305.349264,-0.07025400000000559,-1.5264859999999771,0.6507359999999949,1.6608890614390608,26.758176320519304
2720.0,290.0,362.0,306.0,256.0,392.0,316.0,290.67989800000004,361.162138,306.03948399999996,-0.679898000000037,0.8378619999999728,-0.039483999999958996,1.079737471658737,46.4327470649756
2721.0,424.0,260.0,308.0,450.0,328.0,318.0,424.7746,261.035484,307.37546199999997,-0.7746000000000208,-1.0354839999999967,0.6245380000000296,1.4360640611407496,73.48469228349535
2722.0,370.0,164.0,312.0,424.0,196.0,320.0,370.247586,165.24466199999998,310.709396,-0.24758600000001252,-1.2446619999999768,1.2906039999999734,1.8100113277147964,63.2771680782255
2723.0,144.0,122.0,314.0,180.0,58.0,322.0,144.78435,121.44552399999999,315.300536,-0.7843499999999892,0.5544760000000082,-1.3005360000000223,1.6168000632026367,73.86474125047755
2724.0,120.0,148.0,314.0,140.0,80.0,320.0,119.41209400000001,148.91556599999998,313.62076,0.5879059999999896,-0.9155659999999841,0.3792399999999816,1.1522662638435375,71.13367697511495
2725.0,248.0,282.0,314.0,236.0,282.0,322.0,246.57543799999996,280.94606799999997,312.3588,1.4245620000000372,1.0539320000000316,1.6412000000000262,2.4153026709852035,14.422205101855956
2726.0,258.0,326.0,314.0,230.0,336.0,326.0,256.00057599999997,324.504212,315.032794,1.9994240000000332,1.4957880000000046,-1.032794000000024,2.7021734805811777,32.0624390837628
2727.0,302.0,334.0,314.0,280.0,364.0,324.0,302.114942,333.24721,312.792516,-0.114941999999985,0.7527900000000045,1.2074840000000222,1.4275580750778782,38.52272056851645
2728.0,282.0,80.0,316.0,354.0,64.0,324.0,281.553142,80.90829,315.921334,0.4468580000000202,-0.9082899999999938,0.07866599999999835,1.015313319039993,74.18894796396563
2729.0,370.0,158.0,316.0,426.0,188.0,326.0,369.7751,158.567884,315.708222,0.224899999999991,-0.5678839999999923,0.2917780000000221,0.6769096311473195,64.31174076325411
2730.0,40.0,184.0,318.0,36.0,88.0,326.0,40.7459,182.218484,319.008192,-0.7458999999999989,1.7815160000000105,-1.0081920000000082,2.178673260752987,96.4157663455516
2731.0,276.0,344.0,318.0,246.0,366.0,330.0,276.27412599999997,343.696372,317.86957,-0.274125999999967,0.30362800000000334,0.13042999999998983,0.4293565082306093,39.08964057138413
2732.0,280.0,358.0,318.0,244.0,384.0,330.0,279.403592,358.20259999999996,317.66856,0.5964079999999967,-0.20259999999996126,0.3314399999999864,0.7117596055298245,46.0
2733.0,278.0,58.0,320.0,358.0,36.0,328.0,277.412446,58.151501999999994,319.506202,0.5875540000000115,-0.1515019999999936,0.4937980000000266,0.7823100560033968,83.35466393669883
2734.0,46.0,160.0,320.0,52.0,64.0,326.0,46.932612000000006,159.41178,319.203632,-0.932612000000006,0.5882200000000068,0.7963679999999727,1.3601359867189662,96.37427042525407
2735.0,326.0,174.0,320.0,368.0,190.0,330.0,325.269114,175.234436,319.277396,0.7308859999999981,-1.234435999999988,0.7226039999999898,1.6062948433920694,46.04345773288535
2736.0,446.0,366.0,320.0,434.0,458.0,336.0,446.33304,366.38451399999997,320.678798,-0.3330399999999827,-0.3845139999999674,-0.678797999999972,0.8482531359210678,94.14881836751856
2737.0,294.0,370.0,320.0,256.0,404.0,332.0,293.949102,370.64428999999996,319.006316,0.05089800000001787,-0.6442899999999554,0.9936839999999734,1.1853725584641697,52.38320341483518
2738.0,100.0,186.0,322.0,104.0,114.0,332.0,100.398472,184.80851,323.247532,-0.39847199999999816,1.1914899999999875,-1.2475319999999783,1.7705266012991487,72.80109889280519
2739.0,38.0,188.0,324.0,32.0,90.0,332.0,38.213584,184.87124599999999,323.921956,-0.21358399999999733,3.128754000000015,0.07804399999997713,3.1370066279031175,98.50888284819801
2740.0,338.0,192.0,326.0,378.0,216.0,340.0,339.895326,192.936962,327.10945399999997,-1.8953260000000114,-0.9369619999999941,-1.109453999999971,2.3876864563497375,48.703182647543684
2741.0,414.0,210.0,326.0,456.0,264.0,340.0,412.986402,209.96357,326.119844,1.0135980000000018,0.036429999999995744,-0.1198440000000005,1.0213082956874497,69.82836100038436
2742.0,202.0,224.0,326.0,206.0,196.0,336.0,201.01944600000002,222.05634199999997,325.004066,0.9805539999999837,1.9436580000000276,0.995933999999977,2.3939876984303887,30.0
2743.0,260.0,236.0,326.0,270.0,234.0,340.0,260.668092,234.99047000000002,327.485402,-0.6680920000000015,1.0095299999999838,-1.4854020000000219,1.9162246327004657,17.320508075688775
2744.0,186.0,310.0,326.0,156.0,292.0,338.0,187.168268,309.66456800000003,325.78461599999997,-1.1682680000000119,0.33543199999996887,0.21538400000002866,1.2344047204640864,36.98648401781386
2745.0,282.0,374.0,326.0,242.0,402.0,340.0,282.624908,372.80747799999995,325.66011,-0.6249080000000049,1.1925220000000536,0.33989000000002534,1.3885762280293261,50.79370039680118
2746.0,272.0,342.0,328.0,242.0,362.0,342.0,272.23579800000005,341.746168,327.769502,-0.23579800000004525,0.2538319999999885,0.23049800000001142,0.41612583317071383,38.67815921162743
2747.0,276.0,80.0,330.0,348.0,60.0,342.0,276.016024,79.537036,330.747688,-0.016024000000015803,0.4629639999999995,-0.7476879999999824,0.8795622656844561,75.68355171369801
2748.0,418.0,204.0,330.0,464.0,258.0,346.0,417.69598999999994,203.281564,331.062468,0.30401000000006206,0.718435999999997,-1.062468000000024,1.3181087273893928,72.71863585079137
2749.0,64.0,154.0,332.0,74.0,64.0,342.0,64.17247200000001,153.85226,332.191982,-0.17247200000001328,0.14773999999999887,-0.19198199999999588,0.2973731438916478,91.10433579144299
2750.0,244.0,166.0,332.0,278.0,148.0,344.0,244.54435,166.126654,331.731274,-0.5443500000000085,-0.12665400000000204,0.2687260000000151,0.6201385500773339,40.29888335921977
2751.0,390.0,232.0,334.0,420.0,280.0,350.0,389.27104399999996,231.85031599999996,334.32,0.7289560000000392,0.14968400000003612,-0.3199999999999932,0.8100507081609543,58.82176467941097
2752.0,290.0,112.0,336.0,348.0,102.0,350.0,287.017358,112.251048,336.807312,2.9826419999999985,-0.2510479999999973,-0.8073120000000245,3.100150167945422,60.4979338490167
2753.0,162.0,486.0,338.0,58.0,484.0,354.0,161.13003199999997,484.47964,337.165902,0.8699680000000285,1.5203599999999824,0.8340979999999831,1.9401181212049867,105.24257693538296
2754.0,330.0,86.0,340.0,408.0,88.0,354.0,330.02848,85.81934399999999,339.922564,-0.028480000000001837,0.18065600000001325,0.07743599999997741,0.1986052235768269,79.27168473042566
2755.0,334.0,346.0,340.0,312.0,390.0,358.0,334.054494,345.469136,340.166972,-0.05449399999997695,0.5308640000000082,-0.16697199999998702,0.5591652987409017,52.38320341483518
2756.0,168.0,374.0,340.0,108.0,360.0,354.0,167.71434399999998,375.134416,338.35348,0.28565600000001723,-1.1344159999999874,1.6465200000000095,2.0197839294815703,63.182275995725256
2757.0,104.0,176.0,342.0,112.0,104.0,352.0,104.195902,175.15651,339.706828,-0.1959020000000038,0.8434900000000027,2.293172000000027,2.4512223063786216,73.13002119512889
2758.0,268.0,220.0,346.0,282.0,220.0,362.0,266.550944,221.210576,345.608526,1.4490559999999846,-1.2105760000000032,0.39147400000001653,1.9283437026598698,21.2602916254693
2759.0,114.0,290.0,346.0,78.0,242.0,362.0,113.77725799999999,291.320668,346.459914,0.22274200000001088,-1.320668000000012,-0.45991400000002614,1.4160857502934137,62.0966987850401
2760.0,458.0,330.0,346.0,462.0,420.0,364.0,458.457714,329.857106,343.912898,-0.45771400000000995,0.1428940000000125,2.0871020000000158,2.141475089613717,91.86947262284681
2761.0,356.0,360.0,346.0,332.0,416.0,366.0,356.43183600000003,360.553132,346.306088,-0.4318360000000325,-0.5531320000000051,-0.30608799999998837,0.7655894487674361,64.1248781675256
2762.0,246.0,146.0,348.0,288.0,124.0,364.0,246.253062,145.07653,348.344492,-0.2530619999999999,0.9234700000000089,-0.34449200000000246,1.0176010784231795,50.039984012787215
2763.0,352.0,364.0,348.0,324.0,418.0,366.0,350.73661000000004,364.186224,346.32608799999997,1.2633899999999585,-0.18622399999998152,1.6739120000000298,2.1054251480449238,63.43500610861482
2764.0,330.0,46.0,350.0,424.0,42.0,366.0,330.60129800000004,46.03644799999999,350.20806,-0.6012980000000425,-0.03644799999999293,-0.20805999999998903,0.6373199393617354,95.4358423235212
2765.0,350.0,360.0,350.0,326.0,412.0,372.0,350.784498,359.063498,351.30137,-0.784497999999985,0.9365020000000186,-1.30137000000002,1.78494733393119,61.35144660071187
2766.0,236.0,126.0,352.0,284.0,98.0,368.0,236.41714,125.952834,351.94936,-0.4171399999999892,0.04716600000000426,0.05063999999998714,0.4228413659470772,57.82732917920384
2767.0,390.0,134.0,352.0,458.0,166.0,372.0,389.33589599999993,133.610942,353.478806,0.6641040000000658,0.3890580000000057,-1.47880600000002,1.66711350417905,77.76888838089432
2768.0,340.0,154.0,352.0,394.0,172.0,370.0,341.15384800000004,154.885688,352.118014,-1.153848000000039,-0.8856879999999876,-0.1180140000000165,1.4593614167313291,59.6992462263972
2769.0,374.0,358.0,354.0,354.0,420.0,376.0,374.657334,358.04252599999995,354.331814,-0.6573339999999916,-0.042525999999952546,-0.3318140000000085,0.7375615085048776,68.76045375068433
2770.0,352.0,14.0,356.0,462.0,12.0,372.0,352.374898,12.909418000000002,355.269922,-0.3748979999999733,1.0905819999999977,0.7300779999999918,1.3648924848543798,111.17553687749837
2771.0,334.0,36.0,356.0,432.0,32.0,374.0,334.288508,36.266068000000004,356.836284,-0.2885079999999789,-0.2660680000000042,-0.8362839999999778,0.923796501045524,99.71960689854328
2772.0,312.0,152.0,356.0,362.0,158.0,374.0,312.68557,152.362944,355.734022,-0.6855699999999842,-0.3629439999999988,0.26597800000001826,0.8200480891508664,53.47896782848375
2773.0,194.0,138.0,358.0,228.0,94.0,374.0,191.922302,137.4572,357.216792,2.077697999999998,0.5427999999999997,0.7832080000000019,2.2857986767141143,57.86190456595773
2774.0,72.0,224.0,362.0,56.0,148.0,380.0,72.39211,224.175154,362.432836,-0.3921100000000024,-0.17515399999999204,-0.4328360000000089,0.6097345149423696,79.724525711979
2775.0,264.0,404.0,362.0,208.0,430.0,384.0,263.897984,403.83418600000005,361.56282,0.10201599999999189,0.16581399999995483,0.4371800000000121,0.47856859409283636,65.54387843269576
2776.0,238.0,370.0,366.0,192.0,382.0,388.0,239.014548,370.73447799999997,365.491988,-1.0145479999999907,-0.7344779999999673,0.5080120000000079,1.351607105978635,52.38320341483518
2777.0,288.0,72.0,368.0,366.0,54.0,386.0,288.844142,70.6311,366.76761,-0.8441419999999766,1.3688999999999965,1.2323900000000094,2.026141169381831,82.04876598706406
2778.0,298.0,72.0,368.0,376.0,60.0,388.0,298.193134,72.71418600000001,368.28106,-0.19313399999998637,-0.7141860000000122,-0.28106000000002496,0.7914272601774759,81.41252974819048
2779.0,374.0,90.0,368.0,458.0,110.0,390.0,374.930754,90.27505599999998,368.884646,-0.930753999999979,-0.275055999999978,-0.8846459999999752,1.3132240315223846,89.10667763978185
2780.0,186.0,150.0,368.0,218.0,106.0,388.0,187.403636,149.518422,368.599542,-1.4036360000000059,0.48157800000001316,-0.5995419999999854,1.6004880506720478,57.96550698475775
2781.0,344.0,150.0,368.0,398.0,168.0,388.0,343.38623,150.915634,366.889938,0.6137699999999882,-0.9156340000000114,1.1100620000000276,1.564396650053965,60.332412515993425
2782.0,276.0,196.0,368.0,302.0,194.0,390.0,275.582262,196.08652,368.744906,0.41773799999998573,-0.08652000000000726,-0.7449060000000145,0.8584146409981664,34.11744421846396
2783.0,416.0,354.0,368.0,404.0,430.0,394.0,416.272034,352.996356,368.688552,-0.2720340000000192,1.0036440000000084,-0.6885520000000156,1.2471598264039974,81.21576201698781
2784.0,382.0,148.0,370.0,444.0,180.0,394.0,382.303284,148.344656,371.413832,-0.3032840000000192,-0.3446559999999863,-1.4138320000000135,1.4865025621289862,73.78346698278686
2785.0,300.0,376.0,370.0,260.0,412.0,396.0,299.726238,376.45233799999994,371.322752,0.2737619999999765,-0.4523379999999406,-1.32275199999998,1.4245097937156768,59.76621118993574
2786.0,354.0,144.0,372.0,412.0,166.0,392.0,353.779896,145.762722,370.114304,0.22010399999999208,-1.7627219999999966,1.8856959999999958,2.5906532042162587,65.1766829472013
2787.0,74.0,228.0,374.0,54.0,154.0,396.0,72.546292,229.51491,375.481186,1.453708000000006,-1.5149099999999862,-1.4811859999999797,2.5694612711539193,79.74960814950754
2788.0,122.0,126.0,376.0,152.0,54.0,396.0,122.66869200000001,126.34407,376.124972,-0.6686920000000072,-0.3440700000000021,-0.12497200000001385,0.762332707253214,80.52328855678958
2789.0,90.0,202.0,376.0,84.0,130.0,394.0,89.591934,203.050156,373.961912,0.40806600000000515,-1.050155999999987,2.038088000000016,2.3287653768544487,74.45804187594514
2790.0,128.0,110.0,378.0,164.0,38.0,398.0,127.84747,110.81282399999999,377.88652,0.15252999999999872,-0.812823999999992,0.11347999999998137,0.8347610234528098,82.94576541331088
2791.0,374.0,110.0,378.0,450.0,132.0,404.0,374.56785799999994,109.586778,380.13879,-0.5678579999999442,0.41322200000000464,-2.1387899999999718,2.251141442368253,83.28265125462805
2792.0,298.0,128.0,380.0,354.0,124.0,402.0,297.880792,128.29932,379.116982,0.11920800000001464,-0.2993199999999945,0.8830179999999928,0.939959466140954,60.29925372672534
2793.0,238.0,334.0,380.0,204.0,338.0,404.0,237.03668,333.584614,379.052736,0.9633200000000102,0.41538600000001225,0.9472640000000183,1.4134496938667696,41.80908992073375
2794.0,94.0,194.0,382.0,92.0,122.0,406.0,93.836258,194.873288,383.843616,0.16374199999999917,-0.8732880000000023,-1.8436159999999973,2.046549126936364,75.92101158440923
2795.0,372.0,98.0,384.0,452.0,116.0,410.0,372.013876,96.69379199999999,385.231792,-0.013875999999982014,1.3062080000000122,-1.2317919999999845,1.7954618943057503,86.02325267042627
2796.0,388.0,122.0,384.0,462.0,152.0,408.0,389.131738,122.048198,383.115058,-1.1317379999999844,-0.0481979999999993,0.8849420000000237,1.4374547962325654,83.37865434270333
2797.0,254.0,388.0,384.0,202.0,408.0,412.0,253.76935000000003,388.575114,384.79363,0.2306499999999687,-0.575113999999985,-0.7936300000000074,1.0068784000046778,62.353829072479584
2798.0,378.0,152.0,386.0,438.0,182.0,412.0,378.327288,151.635558,386.169554,-0.32728800000001,0.3644419999999968,-0.1695540000000051,0.5183473403269336,71.9444229944198
2799.0,292.0,402.0,390.0,240.0,440.0,418.0,291.674544,403.623696,389.125628,0.3254559999999742,-1.6236959999999954,0.8743719999999939,1.872654987640798,70.22819946431775
2800.0,186.0,172.0,392.0,208.0,130.0,416.0,186.135804,171.04206599999998,391.310612,-0.13580400000000736,0.9579340000000229,0.6893880000000081,1.1879966705829008,53.14132102234569
2801.0,426.0,212.0,392.0,470.0,270.0,420.0,426.15962400000006,211.776606,391.51349,-0.15962400000006483,0.2233940000000132,0.48651000000000977,0.5586382377818726,78.0
2802.0,246.0,298.0,392.0,228.0,300.0,418.0,245.924964,297.958616,390.839024,0.07503600000001143,0.04138399999999365,1.1609760000000051,1.1641341457615668,31.68595903550972
2803.0,266.0,198.0,396.0,290.0,194.0,422.0,266.55278200000004,199.52076,395.026414,-0.5527820000000361,-1.5207599999999957,0.9735860000000116,1.8884249035955996,35.608987629529715
2804.0,64.0,246.0,396.0,36.0,170.0,422.0,62.96299400000001,246.881656,396.691464,1.037005999999991,-0.8816559999999924,-0.6914639999999963,1.5267027247201608,85.06468127254695
2805.0,142.0,116.0,398.0,178.0,50.0,420.0,142.049084,116.715846,395.692686,-0.049083999999993466,-0.7158459999999991,2.3073140000000194,2.416307643775537,78.33262411026456
2806.0,360.0,360.0,398.0,336.0,416.0,430.0,360.127476,360.144972,398.7167,-0.12747600000000148,-0.14497199999999566,-0.716700000000003,0.7422438287786591,68.81860213634101
2807.0,364.0,150.0,402.0,422.0,176.0,432.0,364.518666,151.328782,402.712394,-0.5186659999999961,-1.3287819999999897,-0.7123940000000175,1.5944219122666352,70.28513356322232
2808.0,382.0,142.0,404.0,446.0,174.0,436.0,382.681832,143.57707,405.88233,-0.6818319999999858,-1.577069999999992,-1.8823300000000245,2.548570361992003,78.38367176906169
2809.0,56.0,148.0,406.0,66.0,52.0,432.0,55.66127800000001,147.494838,406.10983,0.33872199999999,0.5051620000000128,-0.1098299999999881,0.618048435341441,99.9599919967984
2810.0,28.0,176.0,406.0,24.0,74.0,434.0,28.771862,175.5241,407.717964,-0.7718619999999987,0.47589999999999577,-1.717963999999995,1.94258901014599,105.84894897919393
2811.0,100.0,188.0,406.0,100.0,116.0,434.0,98.747916,188.40831199999997,406.809872,1.2520839999999964,-0.4083119999999667,-0.8098719999999844,1.5460678150663179,77.25283166331187
2812.0,62.0,258.0,406.0,30.0,182.0,434.0,61.533758000000006,257.883628,406.41393,0.46624199999999405,0.11637200000001258,-0.41392999999999347,0.6342413498408882,87.08616422830896
2813.0,60.0,260.0,406.0,28.0,184.0,434.0,60.500232,259.95744,406.401272,-0.5002319999999969,0.04255999999998039,-0.40127200000000585,0.6426994829685176,87.08616422830896
2814.0,274.0,362.0,406.0,236.0,384.0,438.0,274.179972,361.34706,406.191752,-0.17997200000002067,0.652940000000001,-0.19175200000000814,0.7039100751431335,54.3323108288245
2815.0,292.0,380.0,406.0,250.0,412.0,438.0,292.342508,379.465468,405.785934,-0.34250800000000936,0.5345320000000129,0.21406600000000253,0.6699704780391605,61.741396161732524
2816.0,450.0,316.0,408.0,458.0,400.0,442.0,450.862604,316.125576,408.072078,-0.8626039999999762,-0.12557600000002367,-0.07207799999997633,0.8746714987216408,90.97252332435328
2817.0,296.0,346.0,408.0,266.0,376.0,442.0,295.443716,347.373912,409.399662,0.5562840000000051,-1.3739120000000185,-1.399661999999978,2.0386612731505926,54.36910887627275
2818.0,298.0,414.0,408.0,244.0,454.0,440.0,298.627032,413.67957,406.96268,-0.6270319999999856,0.32042999999998756,1.0373200000000224,1.2537453075980067,74.43117626371358
2819.0,104.0,166.0,410.0,116.0,92.0,436.0,104.952998,165.62133799999998,408.643824,-0.9529979999999938,0.3786620000000198,1.356176000000005,1.7002362898209227,79.3473376995095
2820.0,282.0,356.0,410.0,248.0,380.0,442.0,282.499364,355.159856,409.45054799999997,-0.49936400000001413,0.8401440000000093,0.5494520000000307,1.121206424141453,52.49761899362675
2821.0,414.0,386.0,410.0,390.0,464.0,446.0,414.71871200000004,383.56654000000003,410.965818,-0.7187120000000391,2.433459999999968,-0.9658180000000129,2.714973097411451,89.19641248391103
2822.0,386.0,390.0,410.0,354.0,460.0,446.0,385.707764,389.814116,411.208854,0.2922360000000026,0.18588399999998728,-1.208853999999974,1.257490649853085,84.970583144992
2823.0,324.0,72.0,412.0,404.0,68.0,440.0,322.50685000000004,72.16673399999999,410.635792,1.4931499999999573,-0.16673399999999106,1.3642080000000192,2.0293744397030142,84.8528137423857
2824.0,254.0,206.0,412.0,274.0,196.0,444.0,254.84402599999999,205.449922,413.11359,-0.8440259999999853,0.5500780000000134,-1.1135899999999879,1.5016818514119303,39.03844259188627
2825.0,284.0,382.0,412.0,240.0,410.0,446.0,284.12611400000003,380.58913599999994,412.417956,-0.1261140000000296,1.4108640000000605,-0.41795600000000377,1.476864646955902,62.25752966509352
2826.0,388.0,154.0,414.0,448.0,188.0,446.0,387.97020000000003,154.03432399999997,413.899196,0.029799999999966076,-0.0343239999999696,0.10080399999998235,0.11057858468976862,76.02631123499285
2827.0,292.0,428.0,414.0,230.0,466.0,448.0,290.94545600000004,426.7211219999999,413.451666,1.0545439999999644,1.278878000000077,0.5483340000000112,1.7459273073000874,80.2745289615579
2828.0,340.0,92.0,416.0,418.0,98.0,446.0,341.24487000000005,91.898384,415.121966,-1.2448700000000485,0.10161600000000703,0.8780340000000137,1.52675172621882,83.78544026261365
2829.0,404.0,384.0,416.0,376.0,460.0,452.0,402.85577399999994,384.155946,416.004644,1.1442260000000601,-0.15594599999997172,-0.004643999999984771,1.1548133445402027,88.63407922464135
2830.0,156.0,190.0,420.0,164.0,140.0,452.0,154.882534,190.602186,420.9256,1.1174660000000074,-0.602185999999989,-0.9255999999999744,1.571016740761204,59.89991652748775
2831.0,112.0,344.0,422.0,56.0,302.0,456.0,113.158968,344.586898,422.883404,-1.1589680000000016,-0.5868980000000192,-0.8834039999999845,1.5710056380051596,77.82030583337487
2832.0,274.0,360.0,424.0,236.0,382.0,460.0,273.861668,360.010038,424.238928,0.13833199999999124,-0.010038000000008651,-0.23892799999998715,0.2762663440450024,56.78027826631356
2833.0,308.0,396.0,424.0,262.0,438.0,460.0,308.63284,396.766614,423.438178,-0.6328399999999874,-0.7666140000000041,0.5618220000000065,1.1418526394767399,71.9444229944198
2834.0,464.0,354.0,426.0,456.0,450.0,462.0,462.501754,355.693936,423.879484,1.4982459999999946,-1.6939360000000079,2.120516000000009,3.1001207000483144,102.83968105745953
2835.0,328.0,402.0,426.0,280.0,450.0,466.0,325.795294,401.47227599999997,428.114476,2.2047059999999874,0.5277240000000347,-2.1144760000000247,3.1000370838407862,78.79086241436883
2836.0,116.0,142.0,428.0,136.0,70.0,460.0,114.98832399999999,143.565926,428.456092,1.0116760000000085,-1.5659259999999904,-0.4560920000000124,1.9192791560677145,81.2896057316063
2837.0,64.0,272.0,428.0,26.0,202.0,464.0,63.905248000000014,274.759618,430.777942,0.09475199999998551,-2.759617999999989,-2.777941999999996,3.916813909645429,87.40709353364863
2838.0,414.0,380.0,428.0,394.0,460.0,468.0,416.987834,379.635946,429.014766,-2.9878340000000208,0.3640540000000101,-1.0147660000000087,3.1763874702605395,91.6515138991168
2839.0,282.0,208.0,430.0,304.0,208.0,464.0,281.45847,207.175134,429.194156,0.5415300000000229,0.8248659999999859,0.8058439999999791,1.2739871314860163,40.496913462633174
2840.0,256.0,210.0,430.0,274.0,202.0,464.0,256.588848,210.30937799999998,429.42807799999997,-0.5888479999999845,-0.30937799999998106,0.5719220000000291,0.8772408381237181,39.293765408777
2841.0,434.0,348.0,430.0,426.0,430.0,470.0,434.062994,348.028736,430.832262,-0.06299400000000333,-0.028735999999980777,-0.8322620000000143,0.8351371374666696,91.58602513484249
2842.0,156.0,86.0,432.0,208.0,18.0,464.0,157.43574,84.488674,431.953364,-1.4357400000000098,1.5113259999999968,0.04663599999997814,2.085097250099385,91.3892772703669
2843.0,86.0,206.0,432.0,76.0,132.0,466.0,84.558028,207.393528,432.968344,1.441972000000007,-1.3935280000000034,-0.9683440000000019,2.226857345656437,82.04876598706406
2844.0,292.0,170.0,434.0,330.0,168.0,470.0,291.3068,169.396404,434.439054,0.6931999999999903,0.6035960000000102,-0.4390539999999987,1.0186377109316136,52.38320341483518
2845.0,400.0,364.0,434.0,380.0,434.0,474.0,399.40078199999994,363.13077999999996,434.312576,0.5992180000000644,0.8692200000000412,-0.31257599999997865,1.1010492158392082,83.06623862918075
2846.0,334.0,388.0,434.0,294.0,438.0,474.0,333.62383,388.588564,434.733586,0.3761700000000019,-0.5885640000000194,-0.7335860000000025,1.0129461340031995,75.49834435270749
2847.0,130.0,128.0,436.0,160.0,56.0,470.0,130.08435599999999,126.549092,436.682828,-0.08435599999998544,1.4509079999999983,-0.6828279999999722,1.6057720998896308,85.0881895447306
2848.0,380.0,162.0,72.0,438.0,200.0,28.0,379.483614,161.833866,71.363354,0.5163860000000113,0.16613399999999956,0.6366459999999989,0.8364048877595169,82.12186067059123
2849.0,316.0,42.0,76.0,410.0,36.0,32.0,315.09508600000004,41.717702,76.72339,0.9049139999999625,0.2822979999999973,-0.7233899999999949,1.1924154478619955,103.96153134693621
2850.0,264.0,124.0,76.0,318.0,112.0,32.0,263.389898,124.68063799999999,76.329474,0.6101019999999835,-0.6806379999999876,-0.3294740000000047,0.9716201182169738,70.68238818828917
2851.0,352.0,204.0,76.0,388.0,238.0,34.0,350.57833000000005,204.414044,76.103704,1.4216699999999491,-0.41404399999998986,-0.10370399999999336,1.484362672143114,64.9307323229917
2852.0,252.0,292.0,78.0,242.0,300.0,34.0,253.27522400000004,290.532136,76.16851799999999,-1.275224000000037,1.46786400000002,1.8314820000000083,2.6711696481122615,45.8257569495584
2853.0,336.0,156.0,80.0,390.0,178.0,36.0,336.53938000000005,157.292454,78.43764999999999,-0.539380000000051,-1.2924539999999922,1.5623500000000092,2.0981672118818517,73.0479294709987
2854.0,302.0,342.0,80.0,278.0,380.0,40.0,302.115494,343.397726,79.946346,-0.11549400000001242,-1.3977259999999774,0.05365399999999454,1.4035154387565314,60.166435825965294
2855.0,352.0,364.0,80.0,326.0,426.0,42.0,351.39606599999996,366.686412,80.782082,0.6039340000000379,-2.6864120000000185,-0.7820820000000026,2.8623762793916785,77.22693830523129
2856.0,296.0,230.0,84.0,316.0,246.0,44.0,296.81127599999996,229.44026200000002,84.59398399999999,-0.8112759999999639,0.5597379999999816,-0.5939839999999919,1.1507790270403397,47.49736834815167
2857.0,286.0,248.0,84.0,294.0,262.0,46.0,283.899738,247.60976799999997,86.16389,2.1002619999999865,0.3902320000000259,-2.163889999999995,3.040690943612643,41.27953488110059
2858.0,254.0,348.0,84.0,222.0,368.0,44.0,255.52078999999998,348.666154,83.669442,-1.5207899999999768,-0.6661540000000059,0.33055799999999635,1.69287683166258,54.99090833947008
2859.0,354.0,354.0,84.0,334.0,412.0,46.0,354.005788,353.768468,84.18037,-0.0057879999999954634,0.23153200000001561,-0.18036999999999637,0.29355392156809257,72.16647421067486
2860.0,366.0,154.0,86.0,426.0,186.0,46.0,366.682926,154.251632,86.340086,-0.682926000000009,-0.25163200000000074,-0.34008599999999944,0.8033461721425031,78.89233169326408
2861.0,246.0,196.0,86.0,270.0,190.0,46.0,246.519474,197.901016,87.142106,-0.5194740000000024,-1.9010159999999985,-1.1421059999999983,2.2777447583449715,47.031904065219386
2862.0,346.0,212.0,86.0,378.0,246.0,44.0,344.982176,213.327702,84.256518,1.0178240000000187,-1.327701999999988,1.7434820000000002,2.4162962939391366,62.80127387243033
2863.0,356.0,364.0,86.0,330.0,426.0,48.0,354.558976,365.706082,85.675846,1.4410240000000272,-1.7060819999999808,0.32415399999999295,2.256621761619791,77.22693830523129
2864.0,248.0,368.0,86.0,206.0,388.0,48.0,248.33006999999998,368.404214,86.798114,-0.3300699999999779,-0.4042140000000245,-0.7981139999999982,0.953583305061494,60.06662967072483
2865.0,270.0,382.0,86.0,226.0,410.0,46.0,269.57481399999995,380.28145600000005,84.791758,0.42518600000005335,1.7185439999999517,1.2082419999999985,2.143367757781169,65.72670690061993
2866.0,218.0,178.0,88.0,248.0,150.0,48.0,219.037464,172.557066,89.37124399999999,-1.037464,5.442934000000008,-1.3712439999999901,5.708079553333858,57.30619512757761
2867.0,270.0,370.0,88.0,230.0,398.0,50.0,269.59711,369.957084,88.188274,0.4028900000000135,0.04291599999999107,-0.18827400000000694,0.4467764924791956,61.87083319303208
2868.0,304.0,80.0,90.0,382.0,76.0,48.0,303.89492599999994,80.233222,89.51301,0.10507400000005873,-0.23322199999999782,0.4869900000000058,0.5500839089266446,88.67919710958145
2869.0,318.0,162.0,90.0,366.0,176.0,52.0,317.519166,162.13336199999998,91.69992199999999,0.48083400000001575,-0.1333619999999769,-1.6999219999999866,1.7716437465483752,62.80127387243033
2870.0,354.0,232.0,90.0,380.0,270.0,50.0,352.835674,231.515756,88.87863999999999,1.1643260000000168,0.4842439999999897,1.12136000000001,1.6874820103965704,60.991802727907626
2871.0,318.0,94.0,92.0,392.0,98.0,52.0,317.42528000000004,94.76845399999999,92.47662,0.5747199999999566,-0.7684539999999913,-0.47661999999999694,1.0714435369705366,84.2140130857092
2872.0,308.0,182.0,92.0,346.0,196.0,54.0,307.202276,182.891212,93.21185399999999,0.7977240000000165,-0.8912119999999959,-1.2118539999999882,1.7027074106950937,55.53377350765928
2873.0,306.0,272.0,92.0,310.0,298.0,54.0,305.77115,271.50354400000003,92.20705799999999,0.22885000000002265,0.4964559999999665,-0.2070579999999893,0.5845629972894048,46.216880033165374
2874.0,212.0,322.0,92.0,182.0,320.0,52.0,212.02729399999998,321.843026,91.006266,-0.027293999999983498,0.15697399999999107,0.9937340000000034,1.0064258849354002,50.039984012787215
2875.0,202.0,446.0,92.0,122.0,460.0,54.0,201.854844,446.239196,91.32327799999999,0.14515599999998585,-0.23919599999999264,0.6767220000000123,0.7322824974256922,89.66604708583958
2876.0,392.0,180.0,94.0,446.0,226.0,58.0,392.739626,180.25345199999998,95.591418,-0.739625999999987,-0.2534519999999816,-1.5914180000000044,1.7731034337860794,79.54872720540537
2877.0,370.0,314.0,94.0,370.0,372.0,58.0,371.678728,313.45012799999995,94.286374,-1.6787279999999782,0.5498720000000503,-0.286373999999995,1.789552173657974,68.26419266350405
2878.0,202.0,424.0,94.0,132.0,434.0,58.0,202.89622199999997,423.47718,94.851944,-0.8962219999999661,0.5228200000000243,-0.8519440000000031,1.342521212055873,79.3473376995095
2879.0,270.0,172.0,96.0,306.0,170.0,56.0,269.377784,173.103466,95.374158,0.6222159999999803,-1.1034659999999974,0.6258420000000058,1.4129643211263252,53.85164807134504
2880.0,250.0,188.0,96.0,278.0,180.0,56.0,250.225054,188.150366,95.40884199999999,-0.2250540000000001,-0.15036599999999112,0.5911580000000072,0.6501746056529784,49.47726750741192
2881.0,344.0,226.0,96.0,372.0,260.0,58.0,344.091684,225.903456,95.593952,-0.09168399999998655,0.09654399999999441,0.4060479999999984,0.4273191759048442,58.172158288995945
2882.0,316.0,304.0,96.0,310.0,340.0,58.0,316.735744,304.178096,94.98965799999999,-0.7357440000000111,-0.17809599999998227,1.0103420000000085,1.2624691583227003,52.687759489277965
2883.0,310.0,154.0,98.0,362.0,162.0,58.0,310.823858,152.35370799999998,96.802038,-0.8238579999999729,1.6462920000000167,1.197962000000004,2.196390745489522,66.09084656743322
2884.0,398.0,236.0,98.0,432.0,292.0,64.0,399.089778,235.234678,99.806204,-1.089778000000024,0.7653219999999976,-1.806203999999994,2.2440380439252867,73.81056834898374
2885.0,218.0,274.0,98.0,208.0,266.0,62.0,218.269746,273.22539199999994,99.692996,-0.2697459999999978,0.7746080000000575,-1.6929959999999937,1.8812272361934554,38.2099463490856
2886.0,114.0,316.0,98.0,70.0,278.0,50.0,114.06267,318.294764,90.47179399999999,-0.06266999999999712,-2.2947639999999865,7.5282060000000115,7.870435497673055,75.39230729988306
2887.0,366.0,368.0,98.0,342.0,432.0,60.0,365.553718,367.368058,95.37097,0.4462819999999965,0.6319419999999809,2.62903,2.7404957682485067,78.20485918406861
2888.0,126.0,370.0,98.0,64.0,344.0,60.0,126.665162,371.23641,97.92006,-0.6651619999999951,-1.236409999999978,0.07993999999999346,1.406250538824408,77.22693830523129
2889.0,278.0,114.0,100.0,338.0,102.0,58.0,276.56583800000004,111.969268,97.63899,1.434161999999958,2.0307320000000004,2.361009999999993,3.4285654898467155,74.21590126111789
2890.0,378.0,362.0,100.0,358.0,432.0,66.0,378.04002799999995,363.26916800000004,100.199418,-0.04002799999994977,-1.269168000000036,-0.19941799999999432,1.2853626693397024,80.34923770640266
2891.0,178.0,296.0,102.0,152.0,278.0,66.0,177.91952999999998,297.142444,103.13356399999999,0.08047000000001958,-1.1424440000000118,-1.1335639999999927,1.611403443006131,47.916594202843754
2892.0,118.0,318.0,102.0,74.0,278.0,64.0,117.29906000000001,317.393354,101.91960599999999,0.7009399999999886,0.606646000000012,0.08039400000001251,0.9304834486179755,70.5691150575094
2893.0,354.0,364.0,102.0,330.0,424.0,68.0,354.222302,364.34933,102.08451,-0.22230200000001332,-0.349330000000009,-0.08450999999999453,0.42260095622704325,73.02054505411473
2894.0,216.0,148.0,104.0,254.0,120.0,66.0,216.058884,147.864576,104.438354,-0.058884000000006154,0.13542400000000043,-0.4383540000000039,0.46255941731631006,60.597029630172464
2895.0,212.0,274.0,104.0,200.0,264.0,66.0,211.570512,273.78984,103.03710799999999,0.4294879999999921,0.21015999999997348,0.9628920000000107,1.0750758909993297,41.08527716834828
2896.0,266.0,376.0,104.0,222.0,404.0,68.0,265.107962,376.87585,102.907794,0.8920380000000137,-0.875850000000014,1.0922060000000045,1.6600478795444602,63.37191807101944
2897.0,228.0,406.0,106.0,168.0,424.0,70.0,228.374772,406.46961999999996,104.604788,-0.3747720000000072,-0.4696199999999635,1.3952120000000008,1.5190831186370195,72.24956747275377
2898.0,200.0,412.0,106.0,134.0,418.0,72.0,200.41571999999996,410.66311399999995,106.498994,-0.4157199999999648,1.3368860000000495,-0.49899399999999616,1.486298189271621,74.48489779814429
2899.0,306.0,240.0,108.0,324.0,262.0,74.0,307.465418,240.089588,108.93976799999999,-1.4654179999999997,-0.08958799999999201,-0.9397679999999866,1.743169474919743,44.31703961232068
2900.0,376.0,194.0,114.0,420.0,236.0,80.0,375.342866,194.99762199999998,113.638848,0.657133999999985,-0.9976219999999785,0.36115200000000414,1.2480006073491874,69.68500556073738
2901.0,324.0,54.0,116.0,416.0,56.0,78.0,325.383036,56.152732,114.14106799999999,-1.3830360000000042,-2.1527320000000003,1.85893200000001,3.162700084064888,99.55902771722914
2902.0,354.0,76.0,116.0,444.0,90.0,82.0,356.020734,75.33443599999998,116.86544,-2.0207340000000045,0.6655640000000176,-0.8654400000000066,2.2968081614388374,97.22139682189307
2903.0,358.0,96.0,116.0,438.0,114.0,82.0,357.603522,95.54234,116.61556999999999,0.3964780000000019,0.4576600000000042,-0.6155699999999911,0.863466215311285,88.76936408468859
2904.0,360.0,200.0,116.0,402.0,236.0,84.0,361.39450600000004,199.714922,117.013846,-1.3945060000000353,0.2850779999999986,-1.013846000000001,1.7475125641425584,63.90618123468183
2905.0,344.0,236.0,116.0,366.0,272.0,84.0,342.791038,237.043538,116.786002,1.2089619999999854,-1.0435380000000123,-0.7860019999999963,1.7799887131361212,52.952809179494906
2906.0,340.0,272.0,116.0,350.0,314.0,82.0,341.269322,273.81698,114.74015399999999,-1.2693219999999883,-1.816980000000001,1.2598460000000102,2.5494718283989726,54.954526656136345
2907.0,234.0,376.0,116.0,186.0,390.0,84.0,233.64210399999996,375.511006,116.376646,0.3578960000000393,0.48899399999999105,-0.3766459999999938,0.7134892347947618,59.36328831862332
2908.0,298.0,62.0,120.0,380.0,52.0,86.0,296.445568,62.47922799999999,120.938152,1.5544320000000198,-0.479227999999992,-0.9381520000000023,1.877777274788482,89.33084573650918
2909.0,392.0,364.0,120.0,374.0,438.0,90.0,392.25278999999995,364.010004,119.70384200000001,-0.25278999999994767,-0.010003999999980806,0.29615799999999126,0.38950279213372524,81.8535277187245
2910.0,244.0,370.0,120.0,200.0,388.0,88.0,244.03577,370.358094,119.601012,-0.035770000000013624,-0.35809399999999414,0.3989880000000028,0.5373101803241764,57.30619512757761
2911.0,210.0,372.0,120.0,160.0,376.0,88.0,209.835526,371.428982,119.95999599999999,0.16447400000001267,0.5710179999999809,0.040004000000010365,0.5955783517019261,59.49789912257407
2912.0,280.0,372.0,120.0,242.0,404.0,88.0,280.830662,371.87555,119.184054,-0.830662000000018,0.12445000000002437,0.8159459999999967,1.1710059930077346,59.09314681077663
2913.0,416.0,282.0,122.0,434.0,352.0,90.0,416.49370799999997,281.592968,120.38965400000001,-0.4937079999999696,0.40703200000001516,1.6103459999999927,1.732811841488844,79.04429138147802
2914.0,304.0,208.0,124.0,334.0,222.0,92.0,304.99276799999996,206.58731799999998,124.102826,-0.9927679999999555,1.412682000000018,-0.1028259999999932,1.7296912791663028,46.04345773288535
2915.0,164.0,110.0,126.0,208.0,56.0,90.0,163.887656,110.326152,125.104284,0.11234400000000733,-0.32615199999999334,0.8957159999999931,0.9598455365817903,78.40918313565064
2916.0,276.0,112.0,128.0,338.0,102.0,94.0,276.896498,112.32440799999999,127.132206,-0.8964980000000082,-0.32440799999999115,0.8677940000000035,1.2891918557390964,71.4142842854285
2917.0,274.0,232.0,128.0,290.0,238.0,96.0,275.00669999999997,230.493914,127.43099000000001,-1.0066999999999666,1.5060860000000105,0.5690099999999916,1.8988186615619604,36.27671429443411
2918.0,414.0,244.0,128.0,446.0,308.0,98.0,414.44235999999995,244.36418399999997,127.396354,-0.442359999999951,-0.3641839999999661,0.6036459999999977,0.8322865184369678,77.5886589650833
2919.0,222.0,328.0,128.0,192.0,330.0,96.0,222.80280399999998,327.44854599999996,126.88138000000001,-0.8028039999999805,0.5514540000000352,1.1186199999999928,1.4832081718127066,43.9089968002003
2920.0,326.0,64.0,130.0,414.0,64.0,96.0,326.075962,63.06626999999999,128.804386,-0.07596200000000408,0.9337300000000113,1.1956140000000062,1.5189189495624962,94.33981132056604
2921.0,324.0,168.0,130.0,372.0,184.0,100.0,324.703242,167.26380999999998,130.897376,-0.7032419999999888,0.7361900000000219,-0.8973760000000084,1.3571325329679602,58.82176467941097
2922.0,398.0,376.0,130.0,378.0,452.0,102.0,399.113428,373.967228,129.348334,-1.113427999999999,2.0327720000000227,0.6516660000000059,2.407603059211401,83.42661445845684
2923.0,250.0,384.0,130.0,202.0,406.0,102.0,250.40162600000002,383.96291199999996,130.847814,-0.4016260000000216,0.037088000000039756,-0.8478139999999996,0.9388650287533452,59.76621118993574
2924.0,232.0,408.0,130.0,170.0,426.0,100.0,230.724596,407.79986199999996,129.14803799999999,1.2754040000000089,0.20013800000003812,0.8519620000000145,1.5467869380441712,71.18988692223074
2925.0,180.0,94.0,132.0,234.0,44.0,98.0,181.03959199999997,94.32387999999999,131.658078,-1.0395919999999705,-0.3238799999999884,0.34192200000001094,1.1412976977756237,81.06787279804497
2926.0,224.0,344.0,132.0,186.0,348.0,100.0,222.86120999999997,343.033754,129.979166,1.1387900000000286,0.9662460000000124,2.020834000000008,2.5128159606648715,49.839743177508446
2927.0,188.0,458.0,132.0,102.0,468.0,104.0,188.85659,458.146254,132.300762,-0.8565900000000113,-0.146253999999999,-0.30076199999999176,0.9195620921177722,90.9945053286186
2928.0,316.0,180.0,134.0,356.0,194.0,104.0,314.91065199999997,179.23161,134.143768,1.0893480000000295,0.7683900000000108,-0.14376799999999434,1.3408100145166277,51.92301994298868
2929.0,186.0,408.0,134.0,118.0,416.0,110.0,187.813176,413.642012,137.741354,-1.8131759999999986,-5.6420120000000225,-3.741354000000001,7.008397560672215,72.55342858886821
2930.0,322.0,172.0,136.0,366.0,190.0,104.0,321.639404,173.52470599999998,134.136426,0.3605959999999868,-1.5247059999999806,1.8635739999999998,2.4346798383212382,57.30619512757761
2931.0,358.0,202.0,136.0,398.0,236.0,108.0,358.50714600000003,200.991202,136.69776199999998,-0.5071460000000343,1.008798000000013,-0.6977619999999831,1.3273063997299333,59.49789912257407
2932.0,308.0,246.0,136.0,322.0,268.0,108.0,307.78493000000003,245.60691400000002,136.734726,0.2150699999999688,0.3930859999999825,-0.7347259999999949,0.8605777148938759,38.262252939417984
2933.0,242.0,324.0,136.0,216.0,334.0,108.0,242.600572,324.43791,136.534732,-0.6005719999999997,-0.43790999999998803,-0.5347319999999911,0.9156365038092243,39.496835316262995
2934.0,286.0,88.0,138.0,358.0,78.0,106.0,286.30123,88.59656399999999,137.136946,-0.30122999999997546,-0.5965639999999865,0.8630540000000053,1.0915540874880998,79.42291860665912
2935.0,374.0,108.0,138.0,448.0,138.0,110.0,371.87469,111.86838399999999,139.21778,2.125310000000013,-3.868383999999992,-1.2177800000000047,4.578681632954622,84.61678320522472
2936.0,354.0,250.0,138.0,374.0,290.0,110.0,353.928814,249.20745599999998,137.831218,0.07118600000001152,0.7925440000000208,0.1687819999999931,0.8134376448481053,52.76362383309168
2937.0,366.0,264.0,140.0,384.0,312.0,112.0,367.440798,263.722958,139.156316,-1.4407979999999725,0.27704199999999446,0.8436839999999961,1.6924697452019375,58.412327466040935
2938.0,214.0,348.0,140.0,172.0,350.0,112.0,212.61450399999998,348.344506,139.862896,1.3854960000000176,-0.34450600000002396,0.13710399999999368,1.4342527869479855,50.51732376126036
2939.0,386.0,166.0,142.0,444.0,206.0,114.0,386.496346,165.78513199999998,141.71608,-0.49634600000001683,0.21486800000002404,0.28391999999999484,0.6108503708274425,75.81556568409947
2940.0,318.0,176.0,144.0,362.0,190.0,116.0,318.641824,174.682606,143.98927,-0.6418239999999855,1.3173940000000073,0.010729999999995243,1.4654624291028413,54.0
2941.0,342.0,288.0,144.0,346.0,330.0,118.0,342.655174,287.644056,144.06679,-0.6551739999999882,0.35594400000002224,-0.06678999999999746,0.7486053736862968,49.558046773455466
2942.0,260.0,356.0,144.0,224.0,378.0,116.0,260.33788,356.626934,142.527268,-0.3378799999999842,-0.6269340000000057,1.4727320000000077,1.6358938469778592,50.635955604688654
2943.0,206.0,400.0,144.0,144.0,408.0,118.0,206.00586,400.747844,144.24805999999998,-0.005860000000012633,-0.7478439999999864,-0.24805999999998107,0.7879332151495902,67.70524351924303
2944.0,340.0,70.0,146.0,428.0,76.0,118.0,340.27757599999995,68.969292,146.61055199999998,-0.27757599999995364,1.0307080000000042,-0.6105519999999842,1.229707754608372,92.5418824100742
2945.0,370.0,116.0,146.0,444.0,140.0,118.0,369.36074399999995,114.540876,145.77005599999998,0.6392560000000458,1.4591240000000028,0.22994400000001747,1.6095233219957001,82.68010643437755
2946.0,256.0,140.0,146.0,302.0,126.0,116.0,255.37285599999996,140.545742,145.069258,0.6271440000000439,-0.54574199999999,0.9307420000000093,1.2479681878413653,56.674509261219015
2947.0,312.0,160.0,146.0,362.0,174.0,126.0,314.570682,162.34884,152.370182,-2.5706819999999766,-2.3488399999999956,-6.370182,7.259798482316699,55.641710972974224
2948.0,360.0,268.0,146.0,376.0,314.0,122.0,361.83742199999995,267.4547,147.368876,-1.8374219999999468,0.5452999999999975,-1.3688760000000002,2.3552692413946654,54.29548784199291
2949.0,218.0,194.0,148.0,236.0,174.0,120.0,216.61987200000002,195.03453000000002,148.140464,1.380127999999985,-1.034530000000018,-0.14046400000000858,1.7305304829964707,38.8329756778952
2950.0,300.0,248.0,148.0,312.0,268.0,122.0,300.14401999999995,248.34382399999998,148.25874,-0.14401999999995496,-0.3438239999999837,-0.25873999999998887,0.45376545811241525,34.92849839314596
2951.0,72.0,140.0,150.0,90.0,54.0,120.0,71.962732,139.73389,150.347782,0.037267999999997414,0.2661099999999976,-0.34778199999999515,0.439494886714277,92.84395510748128
2952.0,210.0,190.0,150.0,230.0,166.0,122.0,209.89504599999998,190.397332,149.90581,0.10495400000002064,-0.3973320000000058,0.09418999999999755,0.42161572129133,41.95235392680606
2953.0,252.0,340.0,150.0,218.0,348.0,122.0,247.92568,334.934624,147.828622,4.07432,5.065376000000015,2.1713780000000042,6.853685133025894,44.76605857119878
2954.0,312.0,104.0,152.0,382.0,104.0,124.0,311.87822199999994,102.73969,151.44684999999998,0.121778000000063,1.260310000000004,0.5531500000000165,1.3817330060051558,75.39230729988306
2955.0,364.0,130.0,152.0,434.0,154.0,124.0,365.288972,128.07723,150.575214,-1.2889720000000011,1.922770000000014,1.4247860000000117,2.718181089530293,79.12016177940993
2956.0,286.0,182.0,152.0,322.0,186.0,126.0,286.614926,182.068352,152.446638,-0.6149260000000254,-0.06835200000000441,-0.4466380000000072,0.763080260800945,44.58699361921591
2957.0,208.0,192.0,152.0,228.0,168.0,124.0,208.87989,192.490874,151.531664,-0.879889999999989,-0.49087399999999093,0.46833599999999365,1.1110815923558295,41.95235392680606
2958.0,356.0,242.0,152.0,380.0,284.0,128.0,357.19472199999996,243.16359,152.6158,-1.194721999999956,-1.1635899999999992,-0.6158000000000072,1.777782884770776,54.0
2959.0,320.0,278.0,152.0,322.0,308.0,126.0,318.35774,276.865524,151.01045399999998,1.6422600000000216,1.1344760000000065,0.9895460000000185,2.2278363917245185,39.74921382870358
2960.0,316.0,314.0,152.0,304.0,350.0,128.0,315.318864,314.19818599999996,152.25251599999999,0.6811359999999809,-0.19818599999996422,-0.25251599999998575,0.7529862358290174,44.8998886412873
2961.0,310.0,316.0,152.0,298.0,348.0,126.0,310.11842,314.18368399999997,150.670206,-0.11842000000001462,1.816316000000029,1.3297939999999926,2.254191471612846,42.941821107167776
2962.0,190.0,426.0,152.0,116.0,430.0,128.0,190.06722399999998,425.217706,152.33404,-0.06722399999998174,0.782293999999979,-0.33403999999998746,0.8532793740692178,77.89736837660179
2963.0,292.0,78.0,154.0,368.0,66.0,128.0,291.150556,76.89048199999999,155.247412,0.8494440000000054,1.1095180000000084,-1.247411999999997,1.87313160221166,81.21576201698781
2964.0,318.0,90.0,154.0,392.0,88.0,126.0,315.5031,87.72820399999998,153.219284,2.4968999999999824,2.2717960000000232,0.7807160000000124,3.464835371020106,79.14543574963751
2965.0,294.0,94.0,154.0,364.0,88.0,126.0,293.7485,95.00484399999999,153.371688,0.2515000000000214,-1.0048439999999914,0.628311999999994,1.2115030679614418,75.63068160475615
2966.0,282.0,124.0,154.0,340.0,116.0,128.0,282.405306,123.01842199999999,154.811216,-0.40530599999999595,0.9815780000000132,-0.8112160000000017,1.336353142839132,64.06246951218786
2967.0,302.0,196.0,154.0,334.0,208.0,128.0,301.68081,196.064094,153.76085,0.31918999999999187,-0.06409400000001142,0.2391499999999951,0.4039591804081124,42.941821107167776
2968.0,210.0,200.0,154.0,226.0,178.0,128.0,209.9646,200.820354,154.701854,0.03540000000000987,-0.8203540000000089,-0.7018539999999973,1.0802003900351136,37.62977544445356
2969.0,358.0,288.0,154.0,364.0,334.0,128.0,357.772872,286.17296999999996,152.114288,0.22712799999999334,1.8270300000000361,1.8857120000000123,2.635438387864185,53.178943201233324
2970.0,364.0,150.0,156.0,424.0,178.0,132.0,363.83744,149.403574,156.901164,0.16255999999998494,0.5964260000000081,-0.9011639999999943,1.0928157584753226,70.42726744663604
2971.0,232.0,220.0,156.0,244.0,208.0,130.0,231.77368,219.473024,155.889232,0.22631999999998698,0.5269759999999906,0.1107680000000073,0.5841181359964658,31.04834939252005
2972.0,380.0,336.0,156.0,370.0,400.0,134.0,379.662024,335.956596,156.220214,0.33797600000002603,0.043404000000009546,-0.22021399999999858,0.4057165138221734,68.41052550594829
2973.0,370.0,112.0,158.0,446.0,138.0,132.0,370.52286,112.60517399999999,157.252298,-0.5228599999999801,-0.605173999999991,0.7477020000000039,1.094840824357575,84.42748367682174
2974.0,348.0,152.0,158.0,404.0,176.0,132.0,347.778066,153.047122,157.033568,0.2219339999999761,-1.0471220000000017,0.9664319999999975,1.4421199651429795,66.24198064671678
2975.0,308.0,334.0,158.0,288.0,370.0,136.0,308.16488400000003,333.975706,158.658212,-0.16488400000002912,0.024293999999997595,-0.6582119999999918,0.6789845129574007,46.69047011971501
2976.0,314.0,170.0,160.0,358.0,182.0,134.0,313.617858,169.68348799999998,158.851826,0.38214199999998755,0.3165120000000172,1.1481740000000116,1.250806095517618,52.49761899362675
2977.0,356.0,232.0,160.0,384.0,270.0,138.0,356.751754,231.344356,160.951396,-0.7517540000000054,0.6556439999999952,-0.9513959999999884,1.3784619980499933,52.076866265166146
2978.0,378.0,296.0,160.0,388.0,354.0,138.0,381.71526200000005,295.57502,159.940776,-3.7152620000000525,0.424980000000005,0.05922400000000039,3.739958183084457,62.83311228962003
2979.0,236.0,332.0,160.0,206.0,340.0,136.0,236.649374,331.97508600000003,159.457698,-0.6493739999999946,0.024913999999967018,0.5423020000000065,0.8464034253687767,39.242833740697165
2980.0,366.0,130.0,162.0,434.0,156.0,138.0,365.93793600000004,129.76939199999998,162.021254,0.062063999999963926,0.2306080000000179,-0.021253999999998996,0.23975763236235825,76.6550715869472
2981.0,374.0,314.0,162.0,372.0,372.0,140.0,373.985798,313.73929799999996,161.45448,0.014202000000011594,0.2607020000000375,0.5455200000000104,0.6047803733654319,62.0644825967316
2982.0,394.0,332.0,162.0,388.0,402.0,140.0,394.22260800000004,332.891998,161.014232,-0.22260800000003655,-0.891998000000001,0.9857680000000073,1.3479441025102015,73.62064927722385
2983.0,434.0,352.0,162.0,428.0,440.0,142.0,435.206084,352.043516,161.987688,-1.2060839999999757,-0.04351600000001099,0.012312000000008538,1.2069315815968784,90.44335243676011
2984.0,358.0,122.0,164.0,426.0,144.0,140.0,356.618462,122.54384999999999,163.844574,1.3815379999999777,-0.543849999999992,0.15542600000000562,1.492842024267783,75.39230729988306
2985.0,298.0,322.0,164.0,280.0,352.0,142.0,297.32102799999996,322.127468,163.829188,0.6789720000000443,-0.12746800000002168,0.17081200000001218,0.7116374126983979,41.32795663954365
2986.0,364.0,156.0,168.0,422.0,186.0,146.0,364.493626,156.277652,168.287458,-0.4936260000000061,-0.27765199999998913,-0.28745799999998667,0.6351294062976397,68.90573270780887
2987.0,190.0,306.0,168.0,162.0,292.0,144.0,190.048078,306.19147799999996,166.816294,-0.04807800000000384,-0.19147799999996096,1.1837060000000008,1.2000563374292006,39.44616584663204
2988.0,286.0,230.0,170.0,302.0,240.0,148.0,285.32809399999996,229.442386,169.943442,0.6719060000000354,0.5576140000000009,0.056557999999995445,0.8749799158815293,28.982753492378876
2989.0,424.0,330.0,170.0,424.0,410.0,152.0,424.384524,329.870906,170.55518,-0.384523999999999,0.12909400000000915,-0.5551800000000071,0.6875673056596056,82.0
2990.0,192.0,164.0,172.0,220.0,126.0,150.0,191.97524599999997,162.19131199999998,173.370288,0.02475400000002992,1.8086880000000178,-1.370287999999988,2.2692849633318493,52.076866265166146
2991.0,230.0,172.0,172.0,260.0,152.0,150.0,229.818108,171.998788,172.846496,0.18189200000000483,0.0012120000000095388,-0.8464960000000019,0.8658184836465465,42.23742416388575
2992.0,250.0,254.0,172.0,252.0,256.0,150.0,250.66195599999998,254.888532,171.665752,-0.6619559999999751,-0.8885319999999979,0.3342480000000023,1.1573230259801992,22.181073012818835
2993.0,354.0,254.0,172.0,372.0,296.0,152.0,354.321806,254.803702,172.18022399999998,-0.32180599999998094,-0.803701999999987,-0.1802239999999813,0.8842944626174926,49.879855653359705
2994.0,358.0,102.0,174.0,436.0,122.0,152.0,358.774068,102.96885799999998,173.8802,-0.7740679999999998,-0.9688579999999831,0.11979999999999791,1.2458808662099143,83.47454701883683
2995.0,212.0,110.0,174.0,260.0,74.0,150.0,209.52352199999999,111.39076,173.764712,2.4764780000000144,-1.3907600000000002,0.23528799999999706,2.8500030008805375,64.62197768561404
2996.0,74.0,142.0,174.0,90.0,56.0,148.0,72.740286,141.564162,173.263406,1.2597140000000024,0.43583799999998973,0.7365939999999966,1.522959239400711,91.25787637239867
2997.0,130.0,220.0,174.0,126.0,168.0,150.0,129.8698,219.25512399999997,173.387506,0.1302000000000021,0.7448760000000334,0.6124939999999981,0.9731090357262375,57.41080037762929
2998.0,198.0,306.0,174.0,172.0,292.0,158.0,197.946168,303.73078799999996,178.231448,0.05383199999999988,2.2692120000000386,-4.231448,4.8018093633413,33.58571124749333
2999.0,320.0,70.0,176.0,404.0,70.0,154.0,320.40031400000004,70.899396,176.30503199999998,-0.40031400000003714,-0.8993959999999959,-0.3050319999999829,1.0306352334536268,86.83317338436964
3000.0,308.0,188.0,176.0,346.0,200.0,156.0,309.179894,187.00554599999998,176.728878,-1.1798939999999902,0.9944540000000188,-0.7288780000000088,1.7065613813267975,44.58699361921591
3001.0,292.0,264.0,176.0,296.0,284.0,156.0,292.188102,265.26973,176.01218,-0.18810200000001487,-1.2697299999999814,-0.012180000000000746,1.2836451954118624,28.5657137141714
3002.0,294.0,314.0,176.0,280.0,342.0,156.0,294.847748,314.495318,175.416492,-0.8477480000000241,-0.4953179999999975,0.5835079999999948,1.1421463035408521,37.14835124201342
3003.0,228.0,390.0,176.0,174.0,404.0,158.0,228.641012,390.23794,176.902098,-0.6410119999999893,-0.2379399999999805,-0.9020979999999952,1.131941972606356,58.61740355901138
3004.0,234.0,430.0,176.0,164.0,452.0,158.0,233.360488,430.13398800000004,176.391472,0.6395119999999963,-0.13398800000004485,-0.39147199999999316,0.7616946298038354,75.55130707009641
3005.0,316.0,196.0,178.0,348.0,212.0,160.0,313.892778,195.849558,179.853752,2.107221999999979,0.1504419999999982,-1.8537519999999859,2.810589587640262,40.049968789001575
3006.0,366.0,248.0,180.0,388.0,292.0,162.0,365.80410800000004,247.636168,180.332784,0.195891999999958,0.36383200000000215,-0.33278400000000374,0.5305587531499104,52.38320341483518
3007.0,344.0,262.0,180.0,358.0,300.0,162.0,344.577104,261.648776,180.401898,-0.5771040000000198,0.351224000000002,-0.40189799999998854,0.7860848092896944,44.31703961232068
3008.0,292.0,278.0,180.0,292.0,298.0,162.0,292.77803,277.246804,180.78467999999998,-0.7780300000000011,0.7531960000000026,-0.7846799999999803,1.3372948806138363,26.90724809414742
3009.0,308.0,278.0,180.0,310.0,308.0,158.0,309.32826,280.299764,177.29196199999998,-1.3282600000000002,-2.299763999999982,2.708038000000016,3.7929749396403882,37.255872020394314
3010.0,296.0,270.0,182.0,300.0,290.0,162.0,296.91213400000004,268.951556,180.835312,-0.9121340000000373,1.0484440000000177,1.1646880000000124,1.813207487420051,28.5657137141714
3011.0,338.0,282.0,182.0,342.0,320.0,164.0,337.368014,281.36710600000004,181.892058,0.6319859999999835,0.6328939999999648,0.10794200000000842,0.9008954405456475,42.23742416388575
3012.0,304.0,66.0,184.0,388.0,58.0,162.0,304.92035000000004,65.812084,183.087432,-0.9203500000000417,0.1879160000000013,0.9125679999999932,1.3096323530594627,87.20091742636656
3013.0,106.0,106.0,184.0,142.0,28.0,162.0,105.98504000000001,106.431784,184.77957,0.014959999999987872,-0.4317839999999933,-0.7795700000000068,0.8912859300785604,88.67919710958145
3014.0,188.0,134.0,184.0,226.0,92.0,162.0,187.90080799999998,134.331528,183.56895,0.09919200000001638,-0.3315279999999916,0.43104999999999905,0.5527693643356123,60.76183012385325
3015.0,310.0,176.0,184.0,350.0,188.0,166.0,309.25730000000004,176.740364,185.04093,0.7426999999999566,-0.7403639999999996,-1.040930000000003,1.4775917593827943,45.47526800360829
3016.0,188.0,150.0,186.0,222.0,108.0,168.0,189.01111,147.862654,188.317906,-1.0111100000000022,2.137346000000008,-2.3179059999999936,3.311084351183462,56.95612346359257
3017.0,206.0,196.0,186.0,224.0,172.0,166.0,207.19860799999998,197.05282799999998,185.9151,-1.1986079999999788,-1.0528279999999768,0.08490000000000464,1.5975969282794396,36.05551275463989
3018.0,340.0,218.0,186.0,370.0,248.0,168.0,340.42589,218.184054,185.864262,-0.42588999999998123,-0.18405400000000327,0.13573800000000347,0.4834076661162772,46.08687448721165
3019.0,304.0,266.0,186.0,308.0,290.0,168.0,303.182844,266.93170599999996,185.707304,0.8171560000000113,-0.9317059999999628,0.2926960000000065,1.2733777708080007,30.265491900843113
3020.0,190.0,428.0,186.0,114.0,432.0,168.0,189.401098,427.68611799999996,185.091622,0.5989020000000096,0.3138820000000351,0.908377999999999,1.1324116329374365,78.20485918406861
3021.0,108.0,112.0,188.0,142.0,36.0,166.0,108.10327600000001,112.687452,187.962418,-0.10327600000000814,-0.6874519999999933,0.03758199999998624,0.6961814355496643,86.11620056644394
3022.0,346.0,152.0,188.0,402.0,174.0,170.0,346.052822,152.3877,188.199726,-0.05282199999999193,-0.38769999999999527,-0.1997259999999983,0.43930846652437144,62.80127387243033
3023.0,252.0,176.0,188.0,284.0,164.0,170.0,251.770852,175.28328,188.95972,0.22914800000000923,0.7167200000000093,-0.9597200000000043,1.2195322229051702,38.62641583165593
3024.0,294.0,268.0,188.0,296.0,288.0,170.0,293.35744,268.515944,187.434676,0.6425600000000031,-0.5159439999999904,0.5653240000000039,0.9993361745238679,26.981475126464083
3025.0,416.0,294.0,188.0,426.0,366.0,172.0,414.67389599999996,295.35930199999996,187.447382,1.3261040000000435,-1.359301999999957,0.5526179999999954,1.9777867427869955,74.43117626371358
3026.0,374.0,308.0,188.0,376.0,360.0,172.0,374.265274,303.691146,187.790164,-0.2652739999999767,4.308853999999997,0.2098359999999957,4.32210877180202,54.4426303552648
3027.0,348.0,30.0,190.0,452.0,34.0,170.0,348.474142,30.61005999999999,189.575656,-0.4741419999999721,-0.61005999999999,0.42434399999999073,0.8815053432055608,105.98113039593416
3028.0,398.0,316.0,190.0,398.0,384.0,176.0,397.639402,316.66187,190.664914,0.36059799999998177,-0.6618700000000217,-0.6649140000000102,1.005093747816605,69.42621983083913
3029.0,232.0,392.0,190.0,176.0,410.0,174.0,231.90299399999998,394.538176,189.928676,0.09700600000002169,-2.5381760000000213,0.07132400000000416,2.5410302406677716,60.959002616512684
3030.0,356.0,26.0,192.0,462.0,28.0,172.0,354.70088999999996,23.368833999999993,191.23037,1.2991100000000415,2.6311660000000074,0.7696300000000065,3.033653185279451,107.88883167408942
3031.0,350.0,288.0,192.0,358.0,334.0,178.0,353.570422,288.2255,193.109746,-3.5704220000000078,-0.22550000000001091,-1.1097460000000012,3.7457041651203666,48.744230427815765
3032.0,184.0,102.0,194.0,234.0,52.0,174.0,183.81914799999996,101.289828,193.827358,0.1808520000000442,0.710172,0.1726419999999962,0.7528990474505959,73.48469228349535
3033.0,314.0,106.0,194.0,384.0,108.0,176.0,314.95048999999995,105.84101399999999,193.990188,-0.9504899999999452,0.15898600000001295,0.009812000000010812,0.9637448125099819,72.30490993010088
3034.0,432.0,290.0,194.0,448.0,366.0,180.0,431.84027599999996,289.720862,193.881684,0.15972400000003972,0.279137999999989,0.11831599999999298,0.34267835513204636,78.91767862779544
3035.0,396.0,296.0,194.0,404.0,360.0,180.0,396.09335400000003,296.493426,194.191808,-0.09335400000003347,-0.4934259999999995,-0.19180800000000886,0.5375634805825347,66.0
3036.0,358.0,34.0,196.0,462.0,42.0,178.0,358.398618,34.306388,195.981098,-0.39861799999999903,-0.30638799999999833,0.018901999999997088,0.5031174833694393,105.84894897919393
3037.0,252.0,192.0,196.0,278.0,184.0,180.0,252.404742,192.48173,196.949498,-0.4047419999999988,-0.4817299999999989,-0.9494980000000055,1.1390462376339288,31.559467676119
3038.0,404.0,260.0,196.0,434.0,326.0,178.0,410.537126,262.258412,192.790254,-6.537126000000001,-2.258412000000021,3.2097459999999955,7.624756421429872,74.6993975879324
3039.0,386.0,274.0,196.0,400.0,330.0,182.0,385.19831400000004,274.241896,196.205252,0.801685999999961,-0.241895999999997,-0.20525200000000154,0.8621731269970879,59.39696961966999
3040.0,376.0,352.0,196.0,360.0,416.0,182.0,376.496396,351.46133199999997,195.41058,-0.4963960000000043,0.5386680000000297,0.5894199999999898,0.940206434481292,67.43886120034946
3041.0,464.0,356.0,196.0,460.0,456.0,184.0,464.61724599999997,356.574102,196.03391200000002,-0.617245999999966,-0.5741019999999821,-0.03391200000001504,0.8436443294801065,100.79682534683322
3042.0,216.0,108.0,198.0,268.0,72.0,178.0,215.47592799999998,108.03388799999999,196.68388,0.5240720000000181,-0.03388799999999037,1.3161200000000122,1.417029185348012,66.332495807108
3043.0,246.0,196.0,198.0,270.0,186.0,180.0,246.709516,196.114822,196.969498,-0.7095160000000078,-0.11482200000000375,1.0305020000000127,1.256396202614461,31.622776601683793
3044.0,232.0,208.0,198.0,250.0,194.0,182.0,233.270382,207.54836,198.622694,-1.2703820000000121,0.4516399999999976,-0.6226939999999956,1.4851252247403326,27.85677655436824
3045.0,356.0,258.0,198.0,372.0,298.0,184.0,355.1361,256.673434,198.372872,0.863900000000001,1.326566000000014,-0.372872000000001,1.6263868207594523,45.2990066116245
3046.0,358.0,286.0,198.0,360.0,334.0,180.0,355.142692,287.72547,194.737372,2.857307999999989,-1.725469999999973,3.2626280000000065,4.667568659821502,51.30302135352264
3047.0,216.0,168.0,202.0,242.0,138.0,188.0,212.53942,166.173134,204.241006,3.460579999999993,1.8268659999999954,-2.2410059999999987,4.509452429108431,42.09513035969837
3048.0,324.0,242.0,202.0,342.0,270.0,188.0,324.57910400000003,242.752566,202.142802,-0.5791040000000294,-0.7525660000000016,-0.142801999999989,0.9602652958302894,36.11094017053558
3049.0,224.0,170.0,206.0,254.0,148.0,190.0,224.48306,170.844564,205.696482,-0.4830599999999947,-0.8445639999999912,0.30351799999999685,1.0191950206020328,40.496913462633174
3050.0,402.0,240.0,208.0,430.0,298.0,196.0,400.30942,241.718774,207.88825,1.6905800000000113,-1.7187739999999962,0.11175000000000068,2.413448334225538,65.5133574166368
3051.0,456.0,350.0,208.0,452.0,444.0,196.0,455.389622,349.44721,206.049792,0.6103780000000256,0.5527900000000159,1.9502080000000035,2.1169433932554886,94.847245611035
3052.0,276.0,64.0,210.0,356.0,44.0,194.0,276.70925199999994,63.56555999999999,209.642608,-0.7092519999999354,0.43444000000000926,0.3573920000000044,0.9052654609383479,84.0
3053.0,438.0,334.0,210.0,438.0,420.0,200.0,438.304574,334.476366,209.685546,-0.30457400000000234,-0.4763659999999845,0.314454000000012,0.6469707918816693,86.57944328765345
3054.0,302.0,66.0,212.0,384.0,56.0,198.0,301.62283599999995,65.652692,212.625964,0.37716400000005024,0.3473079999999982,-0.6259640000000104,0.8091393322883579,83.78544026261365
3055.0,270.0,210.0,212.0,294.0,210.0,200.0,271.78450399999997,208.723626,212.941458,-1.78450399999997,1.2763740000000041,-0.9414580000000115,2.3874522570422063,26.832815729997478
3056.0,214.0,282.0,212.0,200.0,272.0,200.0,214.88279799999998,281.32795799999997,212.723236,-0.8827979999999798,0.6720420000000331,-0.7232360000000142,1.3244029108485187,20.97617696340303
3057.0,372.0,304.0,212.0,374.0,360.0,202.0,372.986924,304.50685599999997,212.37873,-0.9869239999999877,-0.5068559999999707,-0.37872999999999024,1.1723303286241205,56.92099788303083
3058.0,208.0,182.0,214.0,230.0,154.0,200.0,207.48923199999996,181.84249,213.949042,0.5107680000000414,0.15751000000000204,0.050958000000008496,0.5369265011973648,38.262252939417984
3059.0,238.0,236.0,214.0,244.0,228.0,202.0,237.63873999999998,235.72382399999998,214.640224,0.3612600000000157,0.27617600000002085,-0.6402239999999892,0.7852825865585007,15.620499351813308
3060.0,408.0,240.0,214.0,440.0,298.0,204.0,408.1524,239.198894,214.387868,-0.1524000000000001,0.8011060000000043,-0.38786799999999744,0.9030161508300972,66.9925368977769
3061.0,362.0,306.0,214.0,362.0,356.0,204.0,362.641146,304.537042,214.129646,-0.641145999999992,1.4629580000000146,-0.12964600000000814,1.6025362362193356,50.99019513592785
3062.0,302.0,190.0,216.0,336.0,198.0,204.0,301.3309,188.523814,216.13114,0.6691000000000145,1.4761860000000127,-0.13113999999998782,1.6260435468326344,36.932370625238775
3063.0,376.0,208.0,216.0,414.0,248.0,204.0,374.94235000000003,207.10447399999998,215.117986,1.057649999999967,0.895526000000018,0.8820139999999981,1.6427230549827805,56.462376853972415
3064.0,336.0,238.0,216.0,358.0,270.0,204.0,337.157264,238.75232599999998,215.16381,-1.1572639999999978,-0.7523259999999823,0.8361899999999878,1.6138364514633903,40.64480286580315
3065.0,412.0,262.0,216.0,438.0,324.0,206.0,413.381732,259.94106,215.731194,-1.3817319999999995,2.058940000000007,0.2688060000000121,2.494127885466187,67.97058187186572
3066.0,206.0,408.0,218.0,140.0,412.0,206.0,204.747088,405.763588,216.317272,1.2529120000000091,2.236411999999973,1.6827279999999973,3.0664149483512326,67.20119046564577
3067.0,188.0,426.0,218.0,112.0,430.0,208.0,187.694224,427.046426,217.896292,0.3057760000000087,-1.0464259999999967,0.10370800000001168,1.095108069971179,76.75936424958195
3068.0,368.0,96.0,220.0,448.0,116.0,208.0,367.050706,95.74058199999999,219.763852,0.949294000000009,0.2594180000000108,0.2361479999999858,1.0120388703325658,83.33066662399864
3069.0,334.0,170.0,220.0,378.0,188.0,206.0,331.3793,169.85832399999998,217.658766,2.6206999999999994,0.14167600000001812,2.341233999999986,3.517032445362416,49.558046773455466
3070.0,312.0,286.0,220.0,310.0,316.0,210.0,311.887376,287.028952,219.79909800000001,0.11262399999998252,-1.0289520000000039,0.20090199999998504,1.054413579808226,31.68595903550972
3071.0,436.0,320.0,220.0,442.0,400.0,210.0,436.300484,317.99497599999995,218.091774,-0.3004839999999831,2.0050240000000485,1.9082260000000133,2.7841943793327784,80.84553172563095
3072.0,230.0,150.0,222.0,270.0,126.0,210.0,231.373846,149.789212,222.253498,-1.3738459999999861,0.21078800000000797,-0.25349800000000755,1.4128501862065805,48.16637831516918
3073.0,384.0,210.0,222.0,426.0,256.0,212.0,386.420726,210.281042,221.512542,-2.420726000000002,-0.28104200000001356,0.4874580000000037,2.485259397850458,63.08724118235002
3074.0,280.0,242.0,222.0,292.0,252.0,210.0,281.250308,241.977128,220.65048,-1.2503080000000182,0.022872000000006665,1.3495200000000125,1.8398362572925013,19.697715603592208
3075.0,194.0,392.0,222.0,132.0,392.0,212.0,193.38285799999997,392.36129800000003,221.511792,0.6171420000000296,-0.3612980000000334,0.488207999999986,0.8658796361111901,62.80127387243033
3076.0,226.0,394.0,222.0,170.0,406.0,212.0,226.54957599999997,393.36422200000004,221.14015,-0.5495759999999734,0.6357779999999593,0.8598499999999945,1.2023266891988673,58.137767414994535
3077.0,266.0,260.0,224.0,268.0,268.0,216.0,266.82161,260.705854,225.508296,-0.821610000000021,-0.705853999999988,-1.5082960000000014,1.8569409481811805,11.489125293076057
3078.0,422.0,292.0,224.0,434.0,366.0,216.0,421.293636,293.71432200000004,223.451102,0.7063640000000078,-1.7143220000000383,0.5488980000000083,1.9336853504601392,75.39230729988306
3079.0,406.0,254.0,226.0,432.0,312.0,216.0,405.689638,252.274678,224.097676,0.3103619999999978,1.7253220000000056,1.902323999999993,2.586870150530171,64.34283176858165
3080.0,452.0,316.0,226.0,460.0,404.0,220.0,451.41818199999994,316.52389,226.139272,0.5818180000000552,-0.5238899999999944,-0.1392720000000054,0.7952167045579839,88.56635930193812
3081.0,236.0,324.0,226.0,208.0,330.0,218.0,236.35457399999999,324.493996,226.743524,-0.3545739999999853,-0.49399599999998145,-0.7435240000000078,0.9605116907502912,29.732137494637012
3082.0,114.0,114.0,228.0,150.0,40.0,216.0,115.81887400000001,114.20976599999999,228.834586,-1.818874000000008,-0.20976599999998768,-0.8345860000000016,2.0121725060312365,83.16249154516716
3083.0,368.0,150.0,228.0,428.0,180.0,220.0,368.273894,150.786226,228.950376,-0.2738939999999843,-0.7862259999999992,-0.9503760000000057,1.2634808220499434,67.55738301621814
3084.0,226.0,156.0,228.0,264.0,130.0,216.0,227.80800399999998,154.515786,227.154604,-1.8080039999999826,1.4842140000000086,0.8453959999999938,2.4872603519993546,47.58150901348127
3085.0,314.0,146.0,230.0,366.0,154.0,220.0,313.338132,146.69611,229.593914,0.6618680000000268,-0.6961100000000044,0.40608599999998773,1.042853882823491,53.55371135598354
3086.0,446.0,330.0,230.0,446.0,416.0,226.0,443.718236,329.545712,230.989746,2.2817640000000097,0.45428800000001957,-0.9897459999999967,2.528323888103748,86.09297300012354
3087.0,238.0,402.0,230.0,180.0,422.0,222.0,238.573918,403.29648799999995,229.08992800000001,-0.5739179999999919,-1.296487999999954,0.9100719999999853,1.6847830869437894,61.87083319303208
3088.0,186.0,444.0,230.0,104.0,448.0,224.0,186.30895,443.269774,230.836036,-0.30895000000001005,0.730226000000016,-0.8360360000000071,1.1522310128060438,82.3164625090267
3089.0,202.0,136.0,232.0,240.0,98.0,220.0,200.87196,135.92753399999998,230.938964,1.1280399999999986,0.0724660000000199,1.0610360000000014,1.5503299507046888,55.06359959174482
3090.0,98.0,144.0,232.0,116.0,68.0,218.0,96.70618,144.82214399999998,230.328544,1.2938199999999966,-0.8221439999999802,1.6714560000000063,2.2679629867067894,79.3473376995095
3091.0,380.0,216.0,232.0,416.0,260.0,224.0,379.802194,216.106326,231.350956,0.19780600000001414,-0.1063259999999957,0.6490440000000035,0.6867973106004487,57.41080037762929
3092.0,340.0,196.0,234.0,378.0,222.0,226.0,340.40935799999994,196.474508,233.643638,-0.4093579999999406,-0.47450799999998594,0.3563619999999901,0.72092002973418,46.73328578219169
3093.0,184.0,206.0,234.0,194.0,174.0,226.0,184.961582,206.99518,235.210206,-0.9615819999999928,-0.9951800000000048,-1.2102059999999994,1.838374754384969,34.46737587922817
3094.0,72.0,214.0,234.0,60.0,138.0,224.0,71.46518,213.826434,234.724848,0.5348199999999963,0.1735659999999939,-0.7248480000000086,0.9173669995481668,77.5886589650833
3095.0,364.0,262.0,234.0,378.0,306.0,228.0,362.283436,261.76442199999997,234.293302,1.7165640000000053,0.23557800000003226,-0.2933020000000113,1.7573033384660828,46.561786907291264
3096.0,222.0,294.0,234.0,204.0,288.0,226.0,222.39239999999998,292.977344,233.813768,-0.39239999999998076,1.0226559999999836,0.18623199999998974,1.111073990407456,20.591260281974
3097.0,208.0,396.0,234.0,146.0,402.0,228.0,207.008988,396.651078,234.425966,0.991012000000012,-0.6510779999999841,-0.4259659999999883,1.2599422127161202,62.57795138864806
3098.0,200.0,398.0,234.0,136.0,402.0,230.0,199.257858,399.26960800000006,236.118908,0.7421420000000012,-1.269608000000062,-2.1189080000000047,2.579234447329707,64.24951361683604
3099.0,392.0,308.0,236.0,394.0,370.0,230.0,391.384974,307.355736,235.091318,0.6150260000000003,0.644264000000021,0.9086819999999989,1.2724134781964649,62.321745803531535
3100.0,190.0,424.0,236.0,116.0,426.0,230.0,189.96334599999997,423.11583199999995,235.94524,0.036654000000027054,0.8841680000000451,0.054759999999987485,0.8866201134308203,74.26977851050857
3101.0,168.0,484.0,236.0,68.0,488.0,232.0,168.81971,483.78541399999995,237.115152,-0.8197099999999864,0.2145860000000539,-1.1151519999999948,1.4005483278344912,100.15987220439132
3102.0,232.0,148.0,238.0,272.0,124.0,230.0,232.591072,147.9127,238.651276,-0.5910719999999969,0.08729999999999905,-0.6512759999999957,0.8838256770200732,47.32863826479693
3103.0,232.0,156.0,238.0,268.0,134.0,228.0,232.066772,156.70274999999998,236.916816,-0.06677199999998606,-0.7027499999999804,1.0831839999999886,1.2929051165263235,43.3589667773576
3104.0,234.0,148.0,240.0,274.0,126.0,232.0,234.68371599999998,148.966722,240.255358,-0.6837159999999756,-0.9667220000000043,-0.2553580000000011,1.2112913365924713,46.34652090502587
3105.0,358.0,184.0,244.0,402.0,214.0,238.0,357.08488200000005,184.13956,243.438254,0.9151179999999499,-0.1395599999999888,0.5617459999999994,1.0828095474458583,53.59104402789705
3106.0,254.0,266.0,244.0,250.0,270.0,238.0,253.55895400000003,267.15477599999997,243.606358,0.4410459999999716,-1.1547759999999698,0.3936419999999998,1.2972984269072037,8.246211251235321
3107.0,360.0,104.0,246.0,438.0,122.0,242.0,361.154618,103.33694799999999,247.602354,-1.1546180000000277,0.6630520000000075,-1.6023539999999912,2.083343231909722,80.14985963805552
3108.0,376.0,112.0,246.0,450.0,136.0,242.0,374.120636,111.096752,247.37223,1.8793640000000096,0.9032480000000049,-1.3722300000000018,2.496173304660566,77.89736837660179
3109.0,362.0,244.0,246.0,384.0,284.0,242.0,361.349612,243.24867999999998,245.989212,0.6503880000000208,0.7513200000000211,0.010787999999990916,0.9937820052144527,45.8257569495584
3110.0,376.0,164.0,248.0,432.0,198.0,244.0,376.28549999999996,163.969934,248.378852,-0.28549999999995634,0.030066000000005033,-0.37885199999999486,0.47533467395086115,65.63535632568775
3111.0,404.0,278.0,248.0,420.0,342.0,244.0,404.42902799999996,278.980238,246.749,-0.4290279999999598,-0.9802379999999857,1.2510000000000048,1.646187280180463,66.09084656743322
3112.0,260.0,138.0,250.0,306.0,122.0,246.0,258.63395799999995,137.680568,251.597854,1.36604200000005,0.31943200000000616,-1.5978540000000123,2.1263219308712826,48.86716689148246
3113.0,230.0,158.0,252.0,264.0,134.0,246.0,229.124302,157.91984,251.685196,0.8756979999999999,0.08016000000000645,0.3148040000000094,0.9340097275831803,42.04759208325728
3114.0,358.0,244.0,252.0,380.0,284.0,250.0,358.31529199999994,244.36712,252.565032,-0.3152919999999426,-0.3671199999999999,-0.5650320000000022,0.7439403878591121,45.69463863518345
3115.0,350.0,28.0,254.0,454.0,30.0,248.0,349.70372399999997,27.751666,253.513826,0.2962760000000344,0.24833399999999983,0.48617400000000544,0.6211395994525108,104.19213022104884
3116.0,280.0,106.0,254.0,344.0,94.0,248.0,280.891192,106.06813,253.359148,-0.8911919999999895,-0.06812999999999647,0.6408519999999953,1.0997982377090694,65.39113089708727
3117.0,112.0,142.0,254.0,138.0,68.0,250.0,114.093,139.42046399999998,256.42499,-2.0930000000000035,2.5795360000000187,-2.4249899999999798,4.1128130853949605,78.53661566428744
3118.0,374.0,238.0,254.0,402.0,284.0,252.0,375.426562,238.66949,254.083798,-1.42656199999999,-0.6694899999999961,-0.0837980000000016,1.5780741759334274,53.88877434122992
3119.0,390.0,252.0,254.0,414.0,306.0,252.0,390.474076,252.645502,253.759498,-0.47407600000002503,-0.6455019999999934,0.24050199999999222,0.8362189293384906,59.12698199637793
3120.0,372.0,188.0,258.0,418.0,224.0,256.0,372.283282,187.92931,257.980054,-0.2832819999999856,0.07069000000001324,0.01994600000000446,0.2926492961549607,58.44655678480983
3121.0,370.0,244.0,258.0,394.0,288.0,256.0,370.28845,243.896094,257.357278,-0.28845000000001164,0.10390599999999495,0.642721999999992,0.7121035238081578,50.15974481593781
3122.0,240.0,146.0,260.0,280.0,124.0,256.0,239.04548200000002,146.09015,259.908388,0.9545179999999789,-0.09014999999999418,0.0916119999999978,0.9631325938664719,45.8257569495584
3123.0,264.0,214.0,262.0,282.0,212.0,262.0,263.550948,214.007868,263.777102,0.4490519999999947,-0.007868000000001985,-1.7771020000000135,1.832976028902736,18.110770276274835
3124.0,422.0,244.0,262.0,450.0,308.0,258.0,419.01975999999996,244.90306399999997,258.455542,2.9802400000000375,-0.9030639999999721,3.54445800000002,4.718107412878634,69.9714227381436
3125.0,72.0,210.0,264.0,62.0,132.0,260.0,71.788618,208.99965799999998,264.27781,0.2113820000000004,1.0003420000000176,-0.2778099999999881,1.0595021769623831,78.74007874011811
3126.0,54.0,216.0,264.0,38.0,134.0,262.0,53.680561999999995,216.81056,266.02341,0.3194380000000052,-0.8105600000000095,-2.0234100000000126,2.2030061682946034,83.57032966310472
3127.0,238.0,346.0,264.0,202.0,354.0,262.0,238.34150200000002,345.13596,262.540918,-0.34150200000001973,0.8640399999999886,1.4590820000000235,1.7297713780520425,36.932370625238775
3128.0,318.0,54.0,266.0,406.0,48.0,262.0,317.22208,54.350483999999994,265.032778,0.7779199999999946,-0.35048399999999447,0.9672219999999925,1.2897739949076246,88.29496021857646
3129.0,314.0,68.0,266.0,398.0,62.0,264.0,314.66746800000004,67.327618,266.550026,-0.6674680000000421,0.6723819999999989,-0.5500260000000026,1.095508870627736,84.23775875461075
3130.0,386.0,208.0,266.0,426.0,252.0,266.0,385.875968,207.705648,265.79945399999997,0.1240319999999997,0.2943520000000035,0.2005460000000312,0.3771547892364811,59.464274989274024
3131.0,294.0,214.0,266.0,316.0,224.0,266.0,293.126232,214.53572,266.7278,0.8737679999999841,-0.5357199999999978,-0.727800000000002,1.257043864081112,24.166091947189145
3132.0,388.0,258.0,266.0,408.0,314.0,270.0,388.05920199999997,260.59855999999996,268.444588,-0.05920199999997067,-2.5985599999999636,-2.44458800000001,3.568196945257907,59.59865770300536
3133.0,382.0,234.0,268.0,412.0,282.0,268.0,382.822648,234.674478,267.161008,-0.8226480000000151,-0.6744779999999935,0.8389920000000188,1.3548350011909376,56.60388679233962
3134.0,420.0,250.0,270.0,448.0,314.0,272.0,419.15557199999995,250.22308999999998,269.86537999999996,0.8444280000000504,-0.2230899999999849,0.13462000000004082,0.8837139467520524,69.88562083862459
3135.0,376.0,258.0,270.0,394.0,306.0,270.0,375.100406,258.020672,268.614966,0.8995939999999791,-0.020671999999990476,1.3850340000000188,1.6516706322920482,51.264022471905186
3136.0,426.0,264.0,272.0,450.0,332.0,276.0,425.429578,263.72925799999996,272.919622,0.5704220000000078,0.2707420000000411,-0.9196220000000039,1.115521004523016,72.22188034107116
3137.0,432.0,290.0,272.0,448.0,366.0,276.0,432.72203599999995,290.66790199999997,272.53026,-0.7220359999999459,-0.6679019999999696,-0.5302599999999984,1.1174098328276334,77.76888838089432
3138.0,86.0,176.0,274.0,92.0,98.0,270.0,86.34261000000001,174.88302399999998,272.70732799999996,-0.34261000000000763,1.1169760000000224,1.2926720000000387,1.7424172566466838,78.33262411026456
3139.0,84.0,178.0,274.0,90.0,100.0,272.0,85.327454,176.976566,274.33318199999997,-1.327454000000003,1.0234340000000088,-0.33318199999996523,1.708965043409608,78.2559901860554
3140.0,206.0,220.0,274.0,214.0,196.0,274.0,206.66557600000002,219.36567200000002,274.16665,-0.6655760000000157,0.6343279999999822,-0.16665000000000418,0.9344172760924317,25.298221281347036
3141.0,370.0,156.0,276.0,426.0,186.0,276.0,368.795476,156.520582,274.768966,1.2045239999999922,-0.5205819999999903,1.2310340000000224,1.7992577343049068,63.52952069707436
3142.0,354.0,192.0,278.0,396.0,222.0,280.0,354.890448,192.329378,277.785488,-0.8904479999999921,-0.3293779999999913,0.21451200000001336,0.9733462414433961,51.65268628057983
3143.0,414.0,244.0,278.0,446.0,304.0,280.0,415.073282,243.05151,276.548034,-1.073282000000006,0.9484899999999925,1.4519660000000272,2.039552106904866,68.0294054067798
3144.0,194.0,290.0,278.0,172.0,272.0,280.0,193.86299799999998,289.393798,278.41612,0.13700200000002383,0.6062019999999961,-0.41611999999997806,0.7479346677404274,28.495613697550013
3145.0,286.0,124.0,280.0,342.0,116.0,280.0,285.355326,123.99814199999999,279.327242,0.6446740000000091,0.0018580000000127939,0.6727579999999875,0.9317785922653488,56.568542494923804
3146.0,240.0,180.0,282.0,266.0,162.0,282.0,238.294098,179.511948,280.83790999999997,1.705902000000009,0.48805200000001037,1.1620900000000347,2.1210255907009046,31.622776601683793
3147.0,352.0,256.0,282.0,368.0,294.0,286.0,351.924422,255.61108,282.00584399999997,0.07557800000000725,0.38892000000001303,-0.005843999999967764,0.3962385049689276,41.42463035441596
3148.0,350.0,62.0,284.0,440.0,68.0,286.0,349.06256,61.29184399999999,284.27441999999996,0.937439999999981,0.7081560000000096,-0.2744199999999637,1.2064762783975316,90.22194854911969
3149.0,280.0,116.0,284.0,338.0,104.0,286.0,279.180392,115.77253999999999,284.40581399999996,0.8196080000000165,0.22746000000000777,-0.4058139999999639,0.9424331954361548,59.262129560116215
3150.0,292.0,98.0,286.0,360.0,90.0,288.0,292.649044,99.196546,286.089388,-0.6490440000000035,-1.196545999999998,-0.08938799999998537,1.3641739839903109,68.49817515817483
3151.0,284.0,120.0,286.0,342.0,112.0,288.0,284.388058,120.96895799999999,285.928378,-0.3880580000000009,-0.9689579999999864,0.07162199999999075,1.0462305329189994,58.58327406350724
3152.0,362.0,200.0,286.0,402.0,234.0,290.0,362.76624200000003,200.19306,285.804126,-0.7662420000000338,-0.19306000000000267,0.19587400000000343,0.8141041641215541,52.64978632435273
3153.0,206.0,254.0,288.0,198.0,234.0,292.0,204.286812,253.22831,288.55301,1.7131880000000024,0.7716900000000066,-0.553009999999972,1.958657356339793,21.908902300206645
3154.0,394.0,226.0,290.0,428.0,274.0,296.0,393.429532,224.57641,290.107264,0.5704680000000053,1.4235899999999901,-0.10726399999998648,1.5373834241398519,59.12698199637793
3155.0,346.0,104.0,292.0,420.0,116.0,296.0,346.104386,103.88534199999998,292.010784,-0.10438599999997678,0.11465800000001991,-0.010784000000001015,0.15543226375498664,75.07329751649384
3156.0,250.0,178.0,292.0,282.0,164.0,296.0,251.374262,177.04603,292.196862,-1.3742619999999874,0.9539699999999982,-0.19686200000001008,1.684461175743735,35.156791662493895
3157.0,74.0,196.0,292.0,68.0,116.0,280.0,72.471026,195.205262,280.818624,1.5289740000000052,0.7947379999999953,11.181376,11.313378771821265,81.11719916269298
3158.0,250.0,244.0,292.0,252.0,242.0,296.0,248.360348,245.45045799999997,291.441936,1.6396520000000123,-1.4504579999999692,0.5580640000000017,2.2591419873403162,4.898979485566356
3159.0,240.0,274.0,292.0,230.0,272.0,298.0,239.09142799999998,274.498328,292.847034,0.9085720000000208,-0.498328000000015,-0.8470340000000078,1.3383947369606868,11.832159566199232
3160.0,342.0,252.0,294.0,358.0,286.0,300.0,342.20201599999996,252.131782,293.624034,-0.20201599999995778,-0.13178199999998697,0.37596600000000535,0.4466848922181984,38.05259518088089
3161.0,276.0,276.0,294.0,272.0,288.0,300.0,275.90468999999996,276.035514,294.068588,0.09531000000004042,-0.03551399999997784,-0.068587999999977,0.12267662385313256,14.0
3162.0,300.0,398.0,294.0,252.0,438.0,304.0,299.43048,397.82647399999996,295.688672,0.5695200000000114,0.17352600000003804,-1.6886719999999968,1.7905522686199404,63.2771680782255
3163.0,334.0,104.0,302.0,406.0,112.0,308.0,334.296558,104.53393799999999,301.965146,-0.29655800000000454,-0.533937999999992,0.03485399999999572,0.6117607673952244,72.69112738154499
3164.0,190.0,200.0,302.0,202.0,166.0,306.0,189.830486,199.48913199999998,300.801318,0.1695139999999924,0.5108680000000163,1.1986820000000193,1.3139861668769808,36.27671429443411
3165.0,272.0,326.0,302.0,248.0,344.0,310.0,271.920212,325.88474,301.732548,0.07978800000000774,0.11525999999997794,0.2674519999999916,0.3019628534240456,31.04834939252005
3166.0,244.0,174.0,310.0,274.0,158.0,316.0,243.78123999999997,174.660214,308.69615799999997,0.2187600000000316,-0.6602139999999963,1.3038420000000315,1.4777491073792233,34.52535300326414
3167.0,232.0,256.0,310.0,228.0,246.0,316.0,230.93799599999997,254.992982,307.9106,1.0620040000000301,1.007017999999988,2.089400000000012,2.550986105085657,12.328828005937952
3168.0,276.0,142.0,312.0,324.0,134.0,320.0,276.420992,143.05705,311.98356,-0.42099200000001247,-1.0570500000000038,0.016439999999988686,1.1379188196721322,49.31531202375181
3169.0,340.0,180.0,314.0,384.0,202.0,324.0,340.76744799999994,180.341478,314.133508,-0.7674479999999448,-0.34147799999999506,-0.13350800000000618,0.8505339753660129,50.19960159204453
3170.0,342.0,194.0,314.0,380.0,218.0,326.0,341.84101,193.833144,315.60544,0.15899000000001706,0.16685599999999567,-1.6054399999999873,1.6218989914405777,46.51881339845203
3171.0,302.0,390.0,314.0,260.0,430.0,326.0,303.76665399999996,389.74825599999997,313.762936,-1.76665399999996,0.2517440000000306,0.2370639999999753,1.800177973798108,59.22837157984339
3172.0,278.0,146.0,318.0,326.0,138.0,328.0,279.08912,145.724314,318.479634,-1.0891199999999799,0.2756860000000074,-0.4796339999999759,1.2215702677095317,49.678969393496885
3173.0,236.0,174.0,318.0,266.0,156.0,326.0,237.137116,175.283852,316.955806,-1.1371159999999918,-1.283851999999996,1.0441940000000045,2.007896876086016,35.888716889852724
3174.0,304.0,188.0,322.0,338.0,198.0,334.0,304.07885,189.28650399999998,322.623534,-0.07884999999998854,-1.2865039999999794,-0.6235340000000065,1.4318186036198695,37.416573867739416
3175.0,344.0,188.0,322.0,386.0,212.0,332.0,344.99669800000004,187.670898,320.55895,-0.9966980000000376,0.329102000000006,1.4410500000000184,1.782789985418398,49.39635614091387
3176.0,256.0,204.0,322.0,278.0,198.0,334.0,257.46185,204.879304,322.950114,-1.4618500000000267,-0.8793039999999905,-0.950113999999985,1.9526642209842513,25.768197453450252
3177.0,58.0,134.0,324.0,72.0,38.0,334.0,55.78023,134.09042399999998,325.954892,2.219769999999997,-0.09042399999998452,-1.9548919999999725,2.959249581285748,97.52948272189288
3178.0,20.0,152.0,324.0,24.0,44.0,330.0,20.011012,151.18735999999998,322.8685,-0.01101200000000091,0.812640000000016,1.1315000000000168,1.3931250065030287,108.24047302187847
3179.0,50.0,226.0,324.0,30.0,142.0,332.0,50.189408,225.796358,323.320698,-0.18940800000000024,0.2036420000000021,0.679302000000007,0.7340276982730355,86.7179335547152
3180.0,470.0,364.0,326.0,462.0,464.0,342.0,469.703872,363.82921999999996,325.371298,0.29612800000001016,0.17078000000003613,0.6287019999999757,0.7156282593553638,101.58740079360236
3181.0,292.0,384.0,326.0,246.0,420.0,342.0,290.43444400000004,385.77415599999995,327.064954,1.5655559999999582,-1.774155999999948,-1.0649540000000002,2.5947489519388354,60.56401571890688
3182.0,346.0,40.0,328.0,446.0,42.0,338.0,347.437018,40.042868,327.149146,-1.4370180000000232,-0.042867999999998574,0.8508540000000266,1.6705720358799594,100.5186549850325
3183.0,44.0,168.0,328.0,44.0,72.0,334.0,42.871988,167.785948,325.707048,1.1280119999999982,0.21405200000000946,2.292952000000014,2.564343620724817,96.18731725128839
3184.0,438.0,336.0,328.0,434.0,420.0,344.0,436.51941400000004,336.936446,327.680182,1.4805859999999598,-0.9364459999999895,0.31981799999999794,1.7808283374418377,85.60373823613078
3185.0,282.0,340.0,328.0,254.0,362.0,344.0,281.57756800000004,338.647338,329.342698,0.42243199999995795,1.3526620000000094,-1.3426979999999844,1.9521734554265273,39.03844259188627
3186.0,66.0,214.0,330.0,52.0,134.0,338.0,65.255922,213.92198000000002,328.210664,0.7440780000000018,0.07801999999998088,1.7893359999999916,1.939449022629873,81.60882305241266
3187.0,320.0,368.0,330.0,286.0,412.0,344.0,319.449318,369.182478,328.579922,0.5506819999999948,-1.1824780000000032,1.4200779999999895,1.9282443858836908,57.3410847473258
3188.0,146.0,108.0,332.0,186.0,44.0,342.0,145.98713199999997,109.20518,331.817806,0.012868000000025859,-1.2051799999999986,0.18219399999998132,1.2189417834580905,76.13146524269712
3189.0,216.0,214.0,332.0,226.0,192.0,346.0,215.609548,213.849288,333.134854,0.39045200000001046,0.15071199999999862,-1.1348540000000185,1.2095703669336686,27.92848008753788
3190.0,326.0,80.0,334.0,406.0,80.0,346.0,326.31960399999997,80.043976,333.473578,-0.3196039999999698,-0.04397600000000068,0.526422000000025,0.6174145507485284,80.89499366462674
3191.0,222.0,232.0,334.0,226.0,216.0,346.0,221.85403599999998,232.49791199999999,332.852326,0.14596400000002063,-0.49791199999998526,1.147673999999995,1.259514771376652,20.396078054371138
3192.0,252.0,362.0,334.0,210.0,376.0,350.0,251.089496,361.019612,334.332918,0.9105040000000031,0.9803880000000049,-0.3329180000000065,1.3787721201431438,47.07440918375928
3193.0,114.0,162.0,338.0,130.0,92.0,350.0,115.040388,161.134628,338.111606,-1.040387999999993,0.8653720000000078,-0.11160599999999476,1.3578408552418793,72.80109889280519
3194.0,84.0,206.0,338.0,76.0,132.0,350.0,83.49256799999999,206.249188,337.934648,0.5074320000000085,-0.24918800000000374,0.0653520000000185,0.5690806426790609,75.39230729988306
3195.0,104.0,174.0,340.0,114.0,102.0,352.0,105.229428,173.082698,339.719486,-1.2294279999999986,0.9173020000000065,0.2805139999999824,1.5593666248140616,73.67496182557545
3196.0,202.0,182.0,340.0,222.0,150.0,354.0,201.64737399999999,182.33263599999998,340.205098,0.352626000000015,-0.3326359999999795,-0.20509800000002087,0.5263620369821569,40.24922359499622
3197.0,260.0,230.0,340.0,272.0,228.0,356.0,260.80782999999997,229.96639399999998,340.653244,-0.8078299999999672,0.03360600000002023,-0.6532439999999724,1.039445234570784,20.09975124224178
3198.0,454.0,320.0,342.0,462.0,408.0,362.0,455.3171,320.513064,342.41564999999997,-1.3170999999999822,-0.5130639999999858,-0.415649999999971,1.4733472097899782,90.598013223249
3199.0,288.0,386.0,342.0,244.0,420.0,360.0,289.045874,386.471486,341.822448,-1.0458740000000262,-0.47148600000002716,0.1775519999999915,1.1608945622992974,58.44655678480983
3200.0,208.0,224.0,344.0,214.0,200.0,360.0,208.496234,223.32216599999998,344.575578,-0.49623399999998696,0.6778340000000185,-0.5755780000000073,1.0183305693123528,29.46183972531247
3201.0,334.0,334.0,344.0,316.0,376.0,362.0,333.556416,333.590712,343.587032,0.4435839999999871,0.40928800000000365,0.412967999999978,0.7313179889924583,49.1121166312347
3202.0,206.0,220.0,350.0,212.0,194.0,366.0,205.436322,219.23896,349.572632,0.5636780000000101,0.7610400000000084,0.4273680000000013,1.0390178904658116,31.11269837220809
3203.0,338.0,154.0,352.0,392.0,170.0,370.0,339.07957400000004,153.851396,352.152444,-1.0795740000000364,0.14860400000000595,-0.1524440000000027,1.1003646411204249,59.12698199637793
3204.0,438.0,342.0,352.0,434.0,426.0,374.0,438.35608599999995,341.894552,352.18723,-0.35608599999994794,0.10544800000002397,-0.18722999999999956,0.4158985369052984,86.92525524840292
3205.0,452.0,316.0,356.0,460.0,402.0,380.0,452.36740799999995,316.54823799999997,357.243776,-0.3674079999999549,-0.5482379999999694,-1.2437760000000253,1.408024247406271,89.64373932405988
3206.0,104.0,176.0,358.0,110.0,104.0,374.0,102.84407200000001,175.89329999999998,357.741346,1.1559279999999887,0.10670000000001778,0.2586539999999786,1.1893091788513055,74.0
3207.0,460.0,350.0,362.0,456.0,444.0,386.0,460.242572,350.28203999999994,361.68666,-0.24257199999999557,-0.2820399999999381,0.3133399999999824,0.48638430524015874,97.09788875150684
3208.0,346.0,138.0,364.0,406.0,154.0,386.0,345.94084200000003,137.9385,365.37269,0.05915799999996807,0.061499999999995225,-1.3726899999999773,1.37533986892838,65.87867636800242
3209.0,78.0,224.0,364.0,62.0,150.0,382.0,77.59255399999999,224.18965599999999,364.015146,0.4074460000000073,-0.18965599999998517,-0.015146000000015647,0.4496788215693516,77.82030583337487
3210.0,326.0,110.0,366.0,392.0,112.0,388.0,324.154058,108.961458,367.581828,1.8459419999999795,1.0385420000000067,-1.5818279999999731,2.643530059354698,69.59885056522126
3211.0,350.0,132.0,366.0,414.0,148.0,386.0,350.59532,131.19730399999997,365.399778,-0.5953200000000152,0.8026960000000258,0.6002219999999738,1.1657586457324811,68.93475175845634
3212.0,280.0,370.0,366.0,240.0,398.0,390.0,280.48951,370.712384,366.680884,-0.48950999999999567,-0.7123839999999859,-0.6808839999999918,1.1003245089572278,54.405882034941776
3213.0,332.0,160.0,368.0,382.0,178.0,390.0,333.57527,162.86370399999998,368.497818,-1.575269999999989,-2.8637039999999843,-0.4978179999999952,3.306070013420749,57.51521537819362
3214.0,354.0,132.0,370.0,418.0,150.0,392.0,354.27860400000003,131.77102599999998,370.269998,-0.27860400000002983,0.22897400000002222,-0.26999799999998686,0.4504977264049395,70.02856560004639
3215.0,250.0,240.0,370.0,256.0,236.0,392.0,250.78878600000002,240.695822,370.139372,-0.788786000000016,-0.6958219999999926,-0.1393719999999803,1.0610259958474202,23.15167380558045
3216.0,230.0,336.0,370.0,198.0,342.0,396.0,233.342248,338.17307800000003,372.484258,-3.342248000000012,-2.1730780000000323,-2.484258000000011,4.69727873328295,41.66533331199932
3217.0,334.0,26.0,372.0,436.0,20.0,392.0,334.439394,26.07980599999999,371.702384,-0.43939399999999296,-0.07980599999999072,0.297616000000005,0.536666906309673,104.11532067856297
3218.0,72.0,228.0,372.0,52.0,152.0,390.0,70.416908,228.421428,370.60008,1.5830919999999935,-0.4214279999999917,1.3999200000000087,2.154891608886163,80.62257748298549
3219.0,86.0,218.0,374.0,70.0,150.0,402.0,83.991854,222.30791599999998,380.356722,2.0081459999999964,-4.307915999999977,-6.356721999999991,7.9371723683976825,75.25955088890711
3220.0,302.0,68.0,376.0,382.0,56.0,398.0,301.90593599999994,68.145452,376.48805,0.09406400000005988,-0.1454520000000059,-0.488049999999987,0.517877517276045,83.83316766053875
3221.0,308.0,324.0,378.0,288.0,348.0,406.0,304.92072,319.54468399999996,380.116316,3.079279999999983,4.455316000000039,-2.1163159999999834,5.8146882453070665,41.95235392680606
3222.0,330.0,380.0,378.0,292.0,428.0,406.0,328.84348,380.667244,379.152784,1.1565200000000004,-0.6672439999999824,-1.152783999999997,1.7639909343848599,67.32013071882734
3223.0,304.0,152.0,380.0,352.0,154.0,404.0,304.150872,152.14959,380.41322,-0.15087199999999257,-0.14958999999998923,-0.4132200000000239,0.46463996479426334,53.70288632839021
3224.0,284.0,160.0,380.0,326.0,158.0,402.0,284.97255,161.994844,378.869138,-0.9725500000000125,-1.9948440000000005,1.1308619999999792,2.4908040769759427,47.45524207081869
3225.0,278.0,390.0,380.0,230.0,420.0,408.0,278.60945399999997,390.58332600000006,381.222938,-0.6094539999999711,-0.5833260000000564,-1.2229379999999992,1.4856920112311398,63.150613615387776
3226.0,368.0,362.0,382.0,344.0,422.0,410.0,367.720498,362.530788,382.217404,0.2795019999999795,-0.5307879999999727,-0.21740399999998772,0.6380609439261694,70.42726744663604
3227.0,278.0,88.0,386.0,346.0,70.0,408.0,277.670204,88.478146,384.71175,0.32979599999998754,-0.4781459999999953,1.288250000000005,1.4131443880340042,73.70210309075311
3228.0,344.0,344.0,386.0,324.0,390.0,414.0,343.89225400000004,342.903016,385.979992,0.10774599999996326,1.0969840000000204,0.020008000000018455,1.1024442919422448,57.445626465380286
3229.0,294.0,400.0,386.0,244.0,438.0,414.0,294.22523,400.99066400000004,385.850376,-0.22523000000001048,-0.990664000000038,0.14962400000001708,1.0269036250652177,68.76045375068433
3230.0,222.0,362.0,388.0,176.0,366.0,416.0,222.677536,362.736362,388.706596,-0.6775360000000035,-0.7363619999999855,-0.7065959999999905,1.2249742583238106,54.0
3231.0,398.0,370.0,388.0,376.0,442.0,418.0,397.860118,369.834068,388.361836,0.13988200000000006,0.16593199999999797,-0.3618359999999825,0.42193091074722966,81.04319835741924
3232.0,296.0,416.0,388.0,240.0,456.0,416.0,295.819166,416.036382,387.298764,0.18083400000000438,-0.036382000000003245,0.7012359999999944,0.7250906930694905,74.29670248402684
3233.0,270.0,256.0,390.0,272.0,262.0,416.0,270.205288,256.977178,389.40835599999997,-0.20528799999999592,-0.9771779999999808,0.5916440000000307,1.1606302724657827,26.758176320519304
3234.0,300.0,410.0,392.0,248.0,448.0,424.0,300.02675,407.820054,393.903444,-0.026749999999992724,2.1799459999999726,-1.903443999999979,2.8941283984218464,71.91661838546081
3235.0,232.0,226.0,394.0,240.0,210.0,420.0,231.849904,224.92744599999997,393.4717,0.15009599999999068,1.072554000000025,0.5283000000000015,1.2049903659913852,31.559467676119
3236.0,404.0,370.0,394.0,384.0,444.0,426.0,404.66957199999996,369.38800000000003,394.848796,-0.6695719999999596,0.6119999999999663,-0.848795999999993,1.2423064488281033,83.06623862918075
3237.0,250.0,324.0,398.0,224.0,332.0,426.0,251.21662799999996,323.941888,397.03814,-1.2166279999999574,0.05811199999999417,0.9618600000000015,1.5520101012969918,39.03844259188627
3238.0,280.0,370.0,398.0,240.0,396.0,428.0,280.31816599999996,369.53320199999996,397.836156,-0.3181659999999624,0.4667980000000398,0.16384399999998323,0.5881962535548894,56.356011214421486
3239.0,32.0,132.0,400.0,46.0,26.0,424.0,33.283936000000004,132.410842,399.970714,-1.2839360000000042,-0.41084200000000237,0.029286000000013246,1.3483843928405628,109.5810202544218
3240.0,260.0,324.0,400.0,234.0,336.0,428.0,260.04524599999996,324.470922,398.575134,-0.04524599999996326,-0.4709219999999732,1.4248660000000086,1.5013520068777995,40.049968789001575
3241.0,218.0,352.0,400.0,176.0,350.0,430.0,218.64313399999998,350.442056,400.364532,-0.643133999999975,1.5579440000000204,-0.36453199999999697,1.7244403231530019,51.65268628057983
3242.0,116.0,132.0,402.0,140.0,58.0,428.0,114.67996000000001,132.886414,402.359392,1.3200399999999917,-0.886414000000002,-0.3593920000000139,1.6301527507138684,82.02438661763951
3243.0,274.0,190.0,402.0,302.0,186.0,430.0,273.868166,190.26491199999998,401.609322,0.1318340000000262,-0.26491199999998116,0.3906779999999799,0.4900896560671131,39.7994974842648
3244.0,306.0,308.0,404.0,292.0,334.0,434.0,304.643082,307.90301999999997,403.19852,1.3569180000000074,0.09698000000003049,0.8014800000000264,1.5789242443904863,42.09513035969837
3245.0,282.0,326.0,404.0,258.0,344.0,434.0,280.828652,324.50919999999996,403.26586199999997,1.1713480000000231,1.4908000000000357,0.7341380000000299,2.033100927191812,42.42640687119285
3246.0,436.0,340.0,406.0,432.0,422.0,440.0,436.36764800000003,339.957298,406.3161,-0.36764800000003106,0.04270200000001978,-0.3161000000000058,0.4867316742395426,88.85943956609225
3247.0,308.0,164.0,408.0,352.0,168.0,438.0,308.10578,163.363364,408.103116,-0.10577999999998156,0.63663600000001,-0.10311599999999999,0.6535500855726428,53.40411969127476
3248.0,282.0,168.0,410.0,320.0,164.0,440.0,282.221002,168.59115,409.962892,-0.2210019999999986,-0.591149999999999,0.03710799999998926,0.6322002927617143,48.579831205964474
3249.0,82.0,224.0,410.0,66.0,152.0,438.0,81.735088,225.25662799999998,409.848166,0.2649119999999954,-1.2566279999999779,0.15183400000000802,1.293192120948757,78.89233169326408
3250.0,298.0,414.0,410.0,244.0,454.0,442.0,298.645402,413.6993,408.60119199999997,-0.64540199999999,0.3007000000000062,1.398808000000031,1.5695948688970913,74.43117626371358
3251.0,438.0,350.0,412.0,430.0,434.0,446.0,437.991102,349.86055999999996,411.101258,0.00889799999998786,0.13944000000003598,0.898742000000027,0.9095382732837901,90.97252332435328
3252.0,282.0,170.0,416.0,320.0,164.0,448.0,282.294482,168.67007,416.51694,-0.29448200000001634,1.3299299999999903,-0.5169399999999769,1.4569352823045916,50.039984012787215
3253.0,78.0,242.0,424.0,54.0,170.0,458.0,77.27875399999999,242.558956,426.086706,0.7212460000000078,-0.5589559999999949,-2.0867059999999924,2.2774919391488466,83.16249154516716
3254.0,320.0,362.0,424.0,290.0,400.0,460.0,320.500334,359.962986,423.73311,-0.5003340000000094,2.037013999999999,0.2668899999999894,2.114471664471293,60.332412515993425
3255.0,66.0,266.0,426.0,30.0,192.0,454.0,64.319328,265.851188,422.68133,1.6806720000000013,0.14881200000002082,3.3186699999999973,3.7229523166202374,86.92525524840292
3256.0,274.0,190.0,430.0,302.0,184.0,464.0,273.660082,189.04627,429.48757,0.3399180000000115,0.9537300000000073,0.5124299999999948,1.1347817695592473,44.45222154178574
3257.0,210.0,174.0,76.0,236.0,144.0,32.0,208.00598200000002,170.85563,76.399096,1.9940179999999827,3.144370000000009,-0.3990960000000001,3.7446559385930223,59.262129560116215
3258.0,306.0,188.0,86.0,340.0,200.0,48.0,303.526214,187.49940599999996,88.281888,2.4737860000000182,0.5005940000000351,-2.281887999999995,3.4025320529241316,52.38320341483518
3259.0,246.0,198.0,86.0,272.0,196.0,48.0,249.65286599999996,202.06314199999997,88.69909999999999,-3.6528659999999604,-4.063141999999971,-2.699099999999987,6.094070375054706,46.08687448721165
3260.0,202.0,440.0,86.0,124.0,452.0,48.0,201.27213799999998,439.444038,86.49103199999999,0.727862000000016,0.5559620000000223,-0.4910319999999899,1.039225317971054,87.58995376183276
3261.0,310.0,364.0,88.0,280.0,408.0,52.0,311.06485000000004,364.75307399999997,89.436916,-1.0648500000000354,-0.7530739999999696,-1.4369159999999965,1.9405549626413623,64.28063471995279
3262.0,396.0,174.0,90.0,452.0,220.0,52.0,395.78509399999996,173.972826,90.71385599999999,0.21490600000004179,0.027174000000002252,-0.7138559999999927,0.7459982599497185,81.82909018191513
3263.0,390.0,182.0,90.0,440.0,228.0,52.0,388.54319,183.307594,90.684996,1.4568100000000186,-1.3075939999999946,-0.6849959999999982,2.073961659470116,77.84600182411425
3264.0,288.0,358.0,90.0,258.0,392.0,56.0,289.845698,358.077478,93.022038,-1.8456980000000272,-0.07747799999998506,-3.022037999999995,3.5419369871769413,56.674509261219015
3265.0,392.0,262.0,96.0,412.0,320.0,60.0,390.799274,262.149546,96.308424,1.2007259999999746,-0.14954599999998663,-0.30842400000000225,1.2486922346871292,71.13367697511495
3266.0,378.0,184.0,100.0,428.0,224.0,64.0,378.289262,183.43643,100.62847199999999,-0.2892620000000079,0.5635699999999986,-0.6284719999999879,0.8923344128341054,73.45747068882783
3267.0,238.0,368.0,100.0,196.0,384.0,64.0,239.666782,368.05275,100.00772799999999,-1.666782000000012,-0.05275000000000318,-0.007727999999985968,1.667634408378539,57.584720195551874
3268.0,376.0,194.0,102.0,424.0,236.0,68.0,378.340446,193.839722,103.78600399999999,-2.340445999999986,0.16027800000000525,-1.7860039999999913,2.9484210696940667,72.27724399837061
3269.0,334.0,242.0,104.0,352.0,276.0,68.0,332.807526,243.63212199999998,103.70702,1.1924740000000043,-1.6321219999999812,0.29298,2.042462666478863,52.687759489277965
3270.0,358.0,366.0,104.0,332.0,428.0,72.0,356.85369,366.977134,105.30356,1.1463100000000281,-0.9771339999999782,-1.3035600000000045,1.9920055581388405,74.45804187594514
3271.0,228.0,322.0,108.0,200.0,326.0,72.0,227.757216,322.024642,107.22278,0.24278400000000033,-0.02464199999997163,0.7772199999999998,0.8146301168137589,45.78209256903839
3272.0,202.0,398.0,114.0,144.0,404.0,80.0,204.616082,397.26487,113.16342,-2.616082000000006,0.7351300000000265,0.8365799999999979,2.8432670018878046,67.49814812274482
3273.0,340.0,318.0,116.0,332.0,364.0,84.0,340.31194200000004,317.36585,115.88803999999999,-0.3119420000000446,0.6341499999999769,0.1119600000000105,0.715534119007613,56.60388679233962
3274.0,318.0,172.0,122.0,360.0,188.0,88.0,316.31037000000003,173.372094,121.084532,1.6896299999999655,-1.3720940000000041,0.9154680000000042,2.3612651568089302,56.356011214421486
3275.0,218.0,184.0,122.0,240.0,164.0,88.0,216.831882,185.90906999999999,122.02022,1.1681179999999927,-1.9090699999999856,-0.020219999999994798,2.2381815778046086,45.16635916254486
3276.0,326.0,248.0,122.0,340.0,280.0,88.0,324.708574,250.056086,120.110368,1.2914260000000013,-2.0560859999999934,1.889632000000006,3.076683254463481,48.744230427815765
3277.0,314.0,86.0,124.0,392.0,84.0,92.0,314.150062,84.28468999999998,125.41166799999999,-0.15006199999999126,1.7153100000000165,-1.4116679999999917,2.2265699050710333,84.33267456923205
3278.0,204.0,254.0,124.0,200.0,240.0,92.0,205.56483400000002,255.397706,124.620292,-1.564834000000019,-1.3977059999999994,-0.6202920000000063,2.187932740112471,35.156791662493895
3279.0,410.0,284.0,124.0,424.0,352.0,96.0,408.779318,284.25095799999997,125.35962,1.2206820000000107,-0.2509579999999687,-1.3596200000000067,1.8443456854093347,74.85986908885161
3280.0,370.0,192.0,126.0,416.0,232.0,96.0,371.341278,193.086878,126.81580399999999,-1.3412779999999884,-1.086878000000013,-0.8158039999999858,1.9094152577645267,67.94115100585212
3281.0,320.0,168.0,128.0,368.0,184.0,96.0,321.558702,168.26387,127.642124,-1.5587019999999825,-0.26386999999999716,0.3578760000000045,1.6208807892870922,59.86651818838306
3282.0,258.0,142.0,130.0,304.0,128.0,96.0,257.26342999999997,141.382734,128.649708,0.7365700000000288,0.6172660000000008,1.350291999999996,1.6573596969034914,58.88972745734183
3283.0,388.0,292.0,130.0,396.0,360.0,108.0,389.21643400000005,297.86218599999995,135.24892,-1.2164340000000493,-5.8621859999999515,-5.248919999999998,7.962166636120569,71.91661838546081
3284.0,226.0,342.0,132.0,188.0,348.0,100.0,224.41510999999997,342.513994,129.96828,1.5848900000000299,-0.5139940000000252,2.031720000000007,2.6275373075441095,50.039984012787215
3285.0,214.0,422.0,134.0,148.0,440.0,104.0,217.31105399999998,424.43504599999994,132.38,-3.3110539999999844,-2.435045999999943,1.6200000000000045,4.417796692134172,74.6993975879324
3286.0,308.0,146.0,136.0,360.0,152.0,104.0,307.090598,145.556998,134.61642,0.909402,0.443002000000007,1.383579999999995,1.7139300995104767,61.35144660071187
3287.0,194.0,434.0,136.0,116.0,440.0,112.0,192.52213399999997,432.83012599999995,139.108224,1.4778660000000343,1.1698740000000498,-3.108224000000007,3.6350721483910413,81.82909018191513
3288.0,318.0,272.0,138.0,316.0,308.0,112.0,313.56745,278.286694,139.57352799999998,4.432549999999992,-6.286694000000011,-1.5735279999999818,7.8514973934224805,44.45222154178574
3289.0,364.0,278.0,144.0,376.0,328.0,120.0,365.46166999999997,278.313334,145.565556,-1.4616699999999696,-0.31333399999999756,-1.5655559999999866,2.1646299853766853,56.74504383644443
3290.0,354.0,304.0,144.0,352.0,352.0,116.0,353.02261799999997,303.159618,142.136636,0.9773820000000342,0.8403819999999769,1.86336399999999,2.265754372464939,55.60575509783138
3291.0,336.0,316.0,144.0,328.0,360.0,120.0,336.494054,315.652406,145.450116,-0.49405400000000554,0.34759400000001506,-1.4501160000000084,1.5709065399342,50.75431016179808
3292.0,328.0,246.0,146.0,344.0,276.0,120.0,327.069546,246.224142,146.351876,0.9304539999999974,-0.2241420000000005,-0.3518760000000043,1.019706331085572,42.80186911806539
3293.0,356.0,108.0,148.0,432.0,128.0,120.0,356.93347,108.354854,147.615148,-0.9334699999999998,-0.3548540000000031,0.3848519999999951,1.0702329952491645,83.42661445845684
3294.0,380.0,138.0,148.0,444.0,172.0,124.0,377.741838,139.464898,150.308888,2.258162000000027,-1.4648980000000051,-2.308887999999996,3.5462918048564642,76.34133873596926
3295.0,208.0,192.0,150.0,228.0,168.0,124.0,208.87989,192.490874,151.531664,-0.879889999999989,-0.49087399999999093,-1.5316640000000064,1.8333462043138473,40.64480286580315
3296.0,288.0,290.0,150.0,280.0,312.0,124.0,286.748218,290.868858,149.55346,1.2517819999999915,-0.8688579999999888,0.4465399999999988,1.5878508655689167,34.9857113690718
3297.0,314.0,314.0,150.0,304.0,348.0,124.0,314.76175,312.60467400000005,148.999036,-0.7617500000000064,1.3953259999999545,1.0009640000000104,1.878596986602476,43.95452195167182
3298.0,326.0,60.0,152.0,416.0,56.0,120.0,325.768806,56.567062,148.54981999999998,0.23119400000001633,3.432938,3.4501800000000173,4.872602591006179,95.60334722173695
3299.0,54.0,152.0,152.0,66.0,62.0,124.0,55.434168000000014,152.226678,153.661262,-1.4341680000000139,-0.2266779999999926,-1.6612619999999936,2.2063572241484413,95.01578816175763
3300.0,282.0,200.0,152.0,312.0,204.0,128.0,283.547162,198.67335,153.927684,-1.5471620000000144,1.3266500000000008,-1.9276839999999993,2.8052942948289834,38.62641583165593
3301.0,360.0,274.0,152.0,372.0,320.0,128.0,360.345854,273.21556599999997,152.23555199999998,-0.34585399999997435,0.7844340000000329,-0.23555199999998422,0.8890649213505314,53.25410782277739
3302.0,318.0,70.0,154.0,404.0,64.0,124.0,318.563642,65.94129000000001,151.79798399999999,-0.5636420000000157,4.058709999999991,2.2020160000000146,4.651848410311755,91.27978965795221
3303.0,380.0,284.0,154.0,388.0,340.0,132.0,378.017534,284.637466,155.190048,1.982465999999988,-0.6374660000000176,-1.1900479999999902,2.398488812693516,60.69596362197407
3304.0,352.0,318.0,158.0,344.0,372.0,136.0,352.194458,320.97647800000004,158.32986,-0.19445799999999736,-2.976478000000043,-0.3298599999999965,3.0010069673108477,58.855755878248644
3305.0,214.0,406.0,158.0,152.0,418.0,134.0,214.97029,406.596904,157.19489199999998,-0.9702900000000056,-0.596903999999995,0.8051080000000184,1.394975254612079,67.55738301621814
3306.0,222.0,106.0,162.0,276.0,72.0,136.0,221.30575799999997,105.54051799999999,162.231584,0.6942420000000311,0.4594820000000084,-0.231583999999998,0.8641335614035888,68.90573270780887
3307.0,428.0,344.0,164.0,420.0,424.0,144.0,424.845862,341.70986999999997,163.858096,3.154137999999989,2.2901300000000333,0.1419040000000109,3.9004382683437107,82.84926070883192
3308.0,358.0,122.0,166.0,428.0,144.0,140.0,358.172362,122.02409,163.833688,-0.172362000000021,-0.024090000000001055,2.166312000000005,2.17329166668628,77.84600182411425
3309.0,168.0,138.0,172.0,204.0,92.0,144.0,170.64257800000001,139.871318,168.94208799999998,-2.6425780000000145,-1.8713180000000023,3.057912000000016,4.453748459775449,64.77653896280658
3310.0,294.0,250.0,172.0,300.0,264.0,152.0,290.05542199999996,248.65023,172.948824,3.9445780000000354,1.3497700000000066,-0.9488240000000019,4.275727029869926,25.13961017995307
3311.0,182.0,438.0,176.0,104.0,440.0,156.0,183.60287399999999,436.382746,175.220804,-1.6028739999999857,1.6172540000000026,0.7791960000000131,2.406628755501767,80.54812226240907
3312.0,398.0,302.0,178.0,404.0,368.0,160.0,397.99115,302.512334,177.712512,0.008849999999995362,-0.5123340000000098,0.2874879999999962,0.5875489768521496,68.67313885355759
3313.0,342.0,108.0,180.0,414.0,118.0,160.0,340.7139,105.65703399999998,180.601082,1.2860999999999763,2.3429660000000183,-0.601081999999991,2.7394967526682734,75.39230729988306
3314.0,190.0,418.0,182.0,116.0,422.0,160.0,188.279648,419.317178,178.644408,1.7203519999999912,-1.3171780000000126,3.3555920000000015,3.994316782386196,77.30459236035075
3315.0,310.0,290.0,188.0,304.0,316.0,172.0,306.876646,288.21336199999996,188.700028,3.123354000000006,1.786638000000039,-0.7000280000000032,3.6657134030286906,31.11269837220809
3316.0,414.0,300.0,188.0,424.0,368.0,172.0,413.64036999999996,297.433114,187.434724,0.3596300000000383,2.566886000000011,0.5652760000000114,2.6528804025195134,70.5691150575094
3317.0,292.0,90.0,190.0,364.0,80.0,172.0,292.08951399999995,89.242426,191.15164000000001,-0.08951399999995147,0.7575740000000053,-1.1516400000000147,1.3813782288975143,74.88658090739622
3318.0,356.0,130.0,192.0,424.0,152.0,172.0,357.439978,129.595498,189.977476,-1.4399779999999964,0.4045020000000079,2.022524000000004,2.515504291203657,74.21590126111789
3319.0,84.0,146.0,192.0,100.0,64.0,168.0,82.77498200000001,145.37887,189.49992,1.2250179999999915,0.6211299999999937,2.500079999999997,2.852520216163937,86.92525524840292
3320.0,356.0,162.0,192.0,408.0,188.0,176.0,354.41225000000003,161.765974,192.917796,1.5877499999999714,0.23402600000000007,-0.9177960000000098,1.848801700775918,60.29925372672534
3321.0,358.0,34.0,194.0,460.0,40.0,176.0,356.305974,33.252365999999995,194.377016,1.694026000000008,0.747634000000005,-0.3770159999999976,1.889661808601749,103.7496987947435
3322.0,90.0,144.0,194.0,108.0,64.0,172.0,89.027322,143.33929,192.7334,0.9726780000000019,0.6607099999999946,1.266600000000011,1.7282695842327447,84.8999411071645
3323.0,374.0,216.0,194.0,412.0,260.0,180.0,376.290254,216.711786,195.325464,-2.2902540000000045,-0.7117859999999894,-1.3254640000000109,2.7402112162400973,59.799665550904216
3324.0,370.0,262.0,196.0,388.0,308.0,180.0,370.13243,260.246154,194.89104,-0.13242999999999938,1.75384600000001,1.1089599999999962,2.0792560636477715,51.92301994298868
3325.0,300.0,268.0,196.0,304.0,288.0,184.0,299.70163,266.575014,198.860716,0.29836999999997715,1.4249859999999899,-2.8607159999999965,3.2098762888547494,23.664319132398465
3326.0,358.0,258.0,198.0,376.0,304.0,184.0,359.805022,260.29607,198.280468,-1.8050220000000081,-2.296069999999986,-0.28046800000001326,2.93405933212128,51.34199061197374
3327.0,392.0,260.0,198.0,416.0,320.0,188.0,395.082754,262.372746,201.15142,-3.0827540000000226,-2.3727460000000065,-3.1514200000000017,5.006470195799849,65.39113089708727
3328.0,386.0,200.0,200.0,428.0,244.0,184.0,384.59520200000003,200.16075,198.703752,1.4047979999999711,-0.16075000000000728,1.2962479999999914,1.9182171047115337,62.89674077406555
3329.0,354.0,248.0,200.0,372.0,280.0,192.0,350.526214,242.765886,205.138816,3.4737860000000182,5.234114000000005,-5.138815999999991,8.116068532278918,37.57658845611187
3330.0,406.0,252.0,200.0,432.0,312.0,188.0,405.432458,251.998458,201.158508,0.5675420000000031,0.0015420000000005984,-1.1585080000000119,1.290057008659707,66.48308055437865
3331.0,214.0,166.0,202.0,244.0,140.0,184.0,214.576954,167.16796599999998,200.929552,-0.5769540000000006,-1.1679659999999785,1.070447999999999,1.6860840477200265,43.58898943540674
3332.0,340.0,270.0,202.0,348.0,304.0,188.0,338.08716200000003,267.61217,201.70989600000001,1.9128379999999652,2.387830000000008,0.29010399999998526,3.0732461102163455,37.62977544445356
3333.0,120.0,106.0,204.0,156.0,36.0,188.0,119.18264599999999,109.266162,205.909848,0.8173540000000088,-3.2661619999999942,-1.9098480000000109,3.870839851332527,80.32434251209281
3334.0,304.0,62.0,208.0,388.0,52.0,188.0,303.59803800000003,61.406417999999995,204.45872,0.40196199999996907,0.5935820000000049,3.5412800000000004,3.613111827575779,86.92525524840292
3335.0,350.0,162.0,210.0,404.0,188.0,196.0,351.48815,163.002794,209.324688,-1.4881500000000187,-1.0027939999999944,0.675311999999991,1.9173503921505928,61.54673021371647
3336.0,422.0,278.0,210.0,444.0,348.0,200.0,424.23281,276.97121400000003,210.500472,-2.232809999999972,1.0287859999999682,-0.500472000000002,2.5088470165954346,74.05403432629447
3337.0,374.0,306.0,210.0,376.0,364.0,200.0,375.563202,307.07547,210.682244,-1.5632019999999898,-1.0754699999999957,-0.6822439999999972,2.016356389441101,58.88972745734183
3338.0,220.0,238.0,212.0,220.0,224.0,196.0,217.896082,238.79364999999999,209.902408,2.103917999999993,-0.7936499999999853,2.0975919999999917,3.0751005628577275,21.2602916254693
3339.0,404.0,242.0,212.0,432.0,300.0,200.0,402.420434,242.792526,211.130844,1.5795659999999998,-0.7925260000000094,0.8691560000000038,1.9694055857968975,65.5133574166368
3340.0,242.0,124.0,216.0,292.0,100.0,204.0,241.646774,123.80998599999998,217.524288,0.3532260000000065,0.19001400000001922,-1.5242880000000127,1.5761750645838966,56.74504383644443
3341.0,106.0,128.0,216.0,132.0,56.0,204.0,105.886546,131.201642,218.913136,0.11345400000000438,-3.2016419999999925,-2.9131360000000086,4.330097534787871,77.48548251124207
3342.0,336.0,240.0,216.0,356.0,272.0,204.0,336.123738,240.82613800000001,215.151152,-0.12373800000000301,-0.8261380000000145,0.8488480000000038,1.1909483678111454,39.59797974644666
3343.0,392.0,208.0,218.0,432.0,256.0,208.0,391.045686,208.682302,218.20286,0.9543140000000108,-0.6823019999999929,-0.20285999999998694,1.1905475250488766,63.2771680782255
3344.0,56.0,186.0,222.0,54.0,100.0,208.0,56.76941400000001,185.700886,222.096746,-0.7694140000000118,0.299114000000003,-0.096745999999996,0.8311599586770403,87.1550342780037
3345.0,382.0,308.0,222.0,380.0,364.0,212.0,378.781222,306.15432999999996,220.491544,3.218777999999986,1.845670000000041,1.5084559999999954,4.005305115234051,56.92099788303083
3346.0,238.0,150.0,224.0,276.0,128.0,212.0,236.57428999999996,149.803714,223.83580800000001,1.4257100000000378,0.19628599999998642,0.16419199999998568,1.4484944634896253,45.51922670696417
3347.0,424.0,244.0,224.0,456.0,308.0,216.0,423.29569,242.929454,224.014132,0.7043100000000209,1.0705460000000073,-0.014131999999989375,1.2815307361277157,72.0
3348.0,122.0,114.0,226.0,156.0,44.0,212.0,121.48458199999997,115.71912999999999,225.477816,0.5154180000000252,-1.7191299999999927,0.52218400000001,1.8691548361438683,79.06958960308319
3349.0,370.0,282.0,226.0,380.0,336.0,220.0,371.569466,284.476522,227.375208,-1.5694659999999772,-2.4765219999999886,-1.3752079999999864,3.238453610120706,55.24490926773253
3350.0,240.0,110.0,228.0,296.0,84.0,216.0,240.701802,110.45643,227.52194,-0.7018019999999865,-0.45642999999999745,0.47805999999999926,0.9640517391219093,62.89674077406555
3351.0,314.0,148.0,228.0,364.0,156.0,216.0,312.267866,148.730462,226.304232,1.7321339999999736,-0.7304619999999886,1.6957679999999868,2.5316974616300123,52.03844732503075
3352.0,448.0,328.0,228.0,448.0,416.0,224.0,445.253766,329.006222,229.340348,2.7462340000000154,-1.0062219999999797,-1.3403480000000059,3.217268508711087,88.09086218218096
3353.0,236.0,122.0,230.0,288.0,96.0,220.0,237.645186,121.899242,230.701244,-1.6451859999999954,0.10075799999999902,-0.7012440000000026,1.7912376438362356,58.9915248150105
3354.0,226.0,136.0,230.0,272.0,108.0,220.0,228.33623,135.381634,230.647068,-2.3362300000000005,0.6183660000000089,-0.6470679999999902,2.50180817000025,54.772255750516614
3355.0,208.0,374.0,230.0,156.0,376.0,224.0,207.976886,373.810142,231.400584,0.02311399999999253,0.18985800000001518,-1.4005840000000092,1.4135826322560812,52.38320341483518
3356.0,102.0,130.0,232.0,130.0,52.0,222.0,103.457228,128.790868,233.717718,-1.4572280000000006,1.209132000000011,-1.7177179999999908,2.5565736376901014,83.47454701883683
3357.0,200.0,138.0,232.0,240.0,100.0,224.0,201.429074,137.52104599999998,234.192444,-1.4290740000000142,0.47895400000001587,-2.1924439999999947,2.6605375631116415,55.749439459065414
3358.0,96.0,144.0,232.0,116.0,68.0,220.0,96.72455000000001,144.841874,231.967056,-0.7245500000000078,-0.84187399999999,0.03294399999998632,1.1112199789024646,79.49842765740716
3359.0,316.0,102.0,234.0,388.0,104.0,224.0,317.458422,102.16691,233.339792,-1.4584219999999846,-0.16691000000000145,0.6602080000000115,1.6095739440758758,72.71863585079137
3360.0,384.0,206.0,234.0,428.0,252.0,228.0,387.08083799999997,206.811018,234.65684,-3.0808379999999715,-0.81101799999999,-0.6568399999999883,3.252806751740379,63.93746945258312
3361.0,258.0,138.0,236.0,304.0,124.0,228.0,257.435102,139.57681,236.838588,0.5648980000000279,-1.5768099999999947,-0.8385879999999872,1.8731442443784176,48.744230427815765
3362.0,74.0,176.0,236.0,80.0,96.0,228.0,76.113066,176.033202,238.387436,-2.1130660000000034,-0.03320199999998863,-2.387436000000008,3.188416683442748,80.62257748298549
3363.0,354.0,182.0,236.0,400.0,212.0,224.0,354.882018,182.96715799999998,232.0031,-0.8820180000000164,-0.9671579999999835,3.9969000000000108,4.205776974506385,56.213877290220786
3364.0,252.0,192.0,236.0,276.0,184.0,224.0,251.25498199999998,193.43555,233.007648,0.745018000000016,-1.4355500000000063,2.992352000000011,3.40147410907802,28.0
3365.0,382.0,182.0,238.0,432.0,220.0,228.0,381.86265399999996,180.906666,235.011772,0.13734600000003638,1.0933339999999987,2.9882279999999923,3.184925389904128,63.592452382338585
3366.0,424.0,296.0,244.0,436.0,368.0,240.0,423.58835,294.985374,243.078816,0.41165000000000873,1.0146260000000211,0.9211840000000109,1.4309093626893599,73.10266752998827
3367.0,246.0,302.0,244.0,224.0,308.0,236.0,243.22699,303.418914,241.662028,2.7730099999999993,-1.4189139999999725,2.3379720000000077,3.8947419005988,24.166091947189145
3368.0,248.0,144.0,248.0,288.0,124.0,240.0,245.114122,143.85327,246.756748,2.885877999999991,0.14672999999999092,1.2432520000000125,3.1457108988729363,45.43126676640219
3369.0,440.0,354.0,250.0,432.0,440.0,248.0,439.287494,352.04968599999995,248.807052,0.712506000000019,1.9503140000000485,1.1929480000000012,2.3946846200149654,86.39444426582071
3370.0,102.0,154.0,256.0,120.0,80.0,248.0,103.211774,153.402886,254.743188,-1.2117740000000055,0.5971140000000048,1.2568119999999965,1.8451335343047697,76.57675887630658
3371.0,260.0,206.0,256.0,280.0,204.0,252.0,259.823702,208.21276999999998,255.689604,0.1762979999999743,-2.2127699999999777,0.31039599999999723,2.2413785344113317,20.493901531919196
3372.0,406.0,278.0,262.0,420.0,340.0,264.0,404.092354,277.62348599999996,263.157664,1.9076459999999997,0.37651400000004287,-1.1576640000000111,2.262976356572922,63.592452382338585
3373.0,194.0,266.0,266.0,180.0,246.0,264.0,193.16677599999997,266.954242,265.57055199999996,0.8332240000000297,-0.954242000000022,0.42944800000003625,1.3376343347283377,24.49489742783178
3374.0,276.0,72.0,268.0,352.0,52.0,268.0,276.362638,71.55129799999999,270.19514799999996,-0.362638000000004,0.4487020000000115,-2.1951479999999606,2.2696948133508696,78.587530817554
3375.0,280.0,138.0,272.0,328.0,132.0,272.0,278.56753799999996,139.989958,272.661044,1.4324620000000436,-1.9899580000000014,-0.661044000000004,2.539460453156169,48.373546489791295
3376.0,276.0,86.0,278.0,348.0,68.0,280.0,277.52805,85.141614,279.85964,-1.5280500000000075,0.8583859999999959,-1.859640000000013,2.555391214099333,74.24284477308234
3377.0,56.0,222.0,278.0,38.0,140.0,274.0,55.351904000000005,221.591096,275.78385,0.6480959999999953,0.4089040000000068,2.2161500000000274,2.344899087153245,84.04760555780278
3378.0,414.0,244.0,280.0,444.0,308.0,288.0,414.63361,246.75829399999998,283.06588,-0.633609999999976,-2.758293999999978,-3.065879999999993,4.1724414432003485,71.13367697511495
3379.0,266.0,134.0,286.0,316.0,120.0,288.0,266.268854,133.942046,285.97571999999997,-0.26885399999997617,0.057953999999995176,0.024280000000032942,0.2760990000561179,51.96152422706632
3380.0,360.0,202.0,286.0,404.0,236.0,288.0,364.82214600000003,201.20762200000001,284.13118399999996,-4.822146000000032,0.7923779999999851,1.868816000000038,5.23196217322492,55.641710972974224
3381.0,388.0,246.0,288.0,416.0,300.0,292.0,390.83425400000004,247.858186,286.58948399999997,-2.834254000000044,-1.8581859999999892,1.4105160000000296,3.670886314416219,60.959002616512684
3382.0,232.0,254.0,310.0,228.0,248.0,320.0,231.49510999999998,256.586494,311.16408,0.5048900000000174,-2.586494000000016,-1.1640800000000127,2.880962924186309,12.328828005937952
3383.0,196.0,130.0,316.0,236.0,88.0,324.0,196.11753000000002,130.222754,316.28108,-0.11753000000001634,-0.222754000000009,-0.28107999999997446,0.37741040236855355,58.54912467321779
3384.0,260.0,206.0,326.0,280.0,200.0,336.0,259.55449400000003,205.93332599999997,324.554196,0.4455059999999662,0.06667400000003454,1.4458040000000096,1.5143547222259395,23.15167380558045
3385.0,284.0,338.0,328.0,256.0,360.0,344.0,282.61109400000004,336.573526,329.355356,1.3889059999999631,1.4264739999999847,-1.355355999999972,2.4085011596940906,39.03844259188627
3386.0,274.0,94.0,336.0,340.0,72.0,348.0,272.977778,90.99957799999999,335.565504,1.0222219999999993,3.0004220000000146,0.4344960000000242,3.1994150667558134,70.59745037889117
3387.0,254.0,354.0,344.0,216.0,368.0,360.0,253.76155,353.34277399999996,342.586996,0.23845000000000027,0.657226000000037,1.4130040000000008,1.5765102986000603,43.54308211415448
3388.0,206.0,232.0,348.0,204.0,200.0,372.0,200.836954,226.039346,354.46108,5.1630460000000085,5.960654000000005,-6.461079999999981,10.194704256241664,40.049968789001575
3389.0,356.0,128.0,354.0,420.0,148.0,372.0,355.12843,129.499914,353.897536,0.8715700000000197,-1.4999139999999898,0.10246399999999767,1.7377787959323254,69.42621983083913
3390.0,18.0,144.0,358.0,26.0,32.0,374.0,18.846808000000003,141.777348,359.046142,-0.8468080000000029,2.2226520000000107,-1.0461419999999748,2.5983992738091657,113.4195750300626
3391.0,348.0,146.0,358.0,408.0,164.0,376.0,350.00476199999997,145.09035,357.051524,-2.004761999999971,0.9096499999999992,0.9484760000000279,2.3971108697179475,65.1766829472013
3392.0,246.0,244.0,364.0,248.0,240.0,384.0,245.540454,245.804046,363.58178,0.4595459999999889,-1.8040459999999996,0.41822000000001935,1.9080546283144004,20.493901531919196
3393.0,326.0,108.0,368.0,392.0,112.0,388.0,324.154058,108.961458,367.581828,1.8459419999999795,-0.9614579999999933,0.41817200000002686,2.122915724825631,69.07966415668217
3394.0,284.0,200.0,372.0,314.0,198.0,394.0,285.98315,196.115524,371.90952599999997,-1.9831500000000233,3.8844760000000065,0.09047400000002881,4.362364411847335,37.255872020394314
3395.0,278.0,366.0,372.0,240.0,396.0,388.0,279.950766,369.138602,365.065916,-1.9507659999999873,-3.1386019999999917,6.934083999999984,7.857342516412001,50.99019513592785
3396.0,266.0,230.0,374.0,280.0,232.0,400.0,268.468318,231.42951799999997,376.609876,-2.4683180000000107,-1.4295179999999732,-2.6098759999999857,3.8662085040545735,29.597297173897484
3397.0,316.0,316.0,374.0,300.0,348.0,400.0,314.18901,316.366934,375.135464,1.8109900000000039,-0.36693400000001475,-1.1354640000000131,2.1687793423380017,44.22668877499196
3398.0,86.0,208.0,376.0,76.0,136.0,396.0,84.955826,209.811082,375.573336,1.0441739999999982,-1.811081999999999,0.4266640000000166,2.1336259095483463,75.39230729988306
3399.0,304.0,68.0,378.0,384.0,56.0,400.0,303.47820599999994,67.645422,378.115676,0.5217940000000567,0.3545780000000036,-0.11567600000000766,0.6413855887810885,83.83316766053875
3400.0,118.0,130.0,378.0,144.0,56.0,396.0,116.97346600000002,129.977162,376.144972,1.0265339999999838,0.02283800000000724,1.8550280000000043,2.1202411438758526,80.47359815492284
3401.0,340.0,98.0,380.0,412.0,108.0,404.0,338.79927,100.813594,380.628152,1.2007300000000214,-2.813593999999995,-0.628152,3.1229214951452144,76.55063683601855
3402.0,306.0,320.0,380.0,288.0,352.0,404.0,305.94309799999996,322.633058,378.430716,0.05690200000003642,-2.6330580000000054,1.569283999999982,3.0657600267509486,43.86342439892262
3403.0,292.0,382.0,380.0,248.0,416.0,408.0,291.553806,382.79738199999997,381.172052,0.4461939999999913,-0.7973819999999705,-1.1720520000000079,1.4861403131144661,62.25752966509352
3404.0,310.0,398.0,384.0,264.0,440.0,412.0,310.266234,397.32738600000005,384.07946,-0.2662339999999972,0.6726139999999532,-0.07945999999998321,0.7277389829821767,68.2934843158555
3405.0,292.0,116.0,390.0,352.0,108.0,416.0,292.29249,116.524774,390.785804,-0.2924899999999866,-0.5247739999999936,-0.7858039999999846,0.9891542233605239,65.87867636800242
3406.0,334.0,104.0,398.0,404.0,112.0,424.0,333.808118,106.198038,397.009728,0.19188200000002098,-2.198037999999997,0.9902720000000045,2.41843511084172,75.09993342207434
3407.0,292.0,320.0,400.0,276.0,344.0,428.0,294.75864199999995,319.77216999999996,398.252352,-2.758641999999952,0.22783000000003995,1.7476480000000265,3.273573845962215,40.19950248448356
3408.0,348.0,92.0,402.0,428.0,100.0,428.0,349.369414,90.67606599999999,400.297384,-1.3694140000000061,1.3239340000000084,1.7026159999999777,2.5547988537667625,84.49852069711044
3409.0,276.0,192.0,404.0,304.0,188.0,432.0,275.96081,191.318934,403.213404,0.039190000000019154,0.6810659999999871,0.7865959999999745,1.0412108430437823,39.7994974842648
3410.0,184.0,184.0,406.0,200.0,144.0,432.0,183.709782,184.15731,404.297444,0.2902180000000101,-0.1573099999999954,1.7025560000000155,1.7342634911569974,50.3189825016365
3411.0,318.0,374.0,412.0,284.0,416.0,444.0,319.854666,373.79684199999997,410.46932,-1.8546660000000088,0.20315800000003037,1.530680000000018,2.4133048723524553,62.80127387243033
3412.0,260.0,326.0,414.0,232.0,336.0,448.0,258.675046,325.18798200000003,414.97114,1.324953999999991,0.8120179999999664,-0.9711399999999912,1.832481714517202,45.16635916254486
3413.0,278.0,270.0,416.0,276.0,280.0,448.0,278.290374,270.23980600000004,415.39088,-0.2903739999999857,-0.23980600000004415,0.6091200000000185,0.7161362663013482,33.58571124749333
3414.0,108.0,328.0,426.0,56.0,280.0,460.0,107.471594,327.531786,426.419412,0.5284060000000039,0.46821399999998903,-0.41941200000002254,0.8211843132793105,78.51114570556209
3415.0,396.0,224.0,96.0,432.0,280.0,60.0,395.930794,225.870906,96.670444,0.06920600000000832,-1.8709059999999909,-0.6704440000000034,1.988611045028155,75.68355171369801
3416.0,208.0,416.0,96.0,140.0,428.0,60.0,207.56906999999998,416.755714,96.51754399999999,0.4309300000000178,-0.7557140000000118,-0.5175439999999867,1.0122529854893092,77.87168933572714
3417.0,324.0,328.0,100.0,308.0,368.0,64.0,322.52219,326.513774,99.586464,1.4778099999999768,1.4862259999999878,0.41353599999999346,2.136305723081762,56.142675390472796
3418.0,220.0,164.0,104.0,248.0,140.0,68.0,216.619294,164.984106,105.874084,3.3807060000000035,-0.984105999999997,-1.8740839999999963,3.9887126390262817,51.536394906900505
3419.0,340.0,236.0,104.0,356.0,272.0,68.0,334.874578,239.484498,103.732336,5.125422000000015,-3.484498000000002,0.26766399999999635,6.203492645839452,53.36665625650534
3420.0,328.0,240.0,116.0,352.0,268.0,84.0,330.87299,237.573754,116.909292,-2.8729900000000157,2.426245999999992,-0.9092919999999935,3.868792206087068,48.82622246293481
3421.0,204.0,288.0,116.0,184.0,276.0,80.0,202.390146,287.410342,114.452516,1.6098540000000128,0.5896579999999858,1.5474839999999972,2.3095525948841296,42.89522117905443
3422.0,372.0,200.0,120.0,412.0,240.0,84.0,370.20475400000004,200.224226,116.912328,1.7952459999999633,-0.22422599999998738,3.0876719999999978,3.5786734803801044,67.05221845696084
3423.0,228.0,332.0,120.0,196.0,336.0,88.0,227.398246,330.992262,120.234928,0.6017539999999997,1.0077380000000176,-0.23492799999999647,1.197010826326994,45.43126676640219
3424.0,236.0,340.0,124.0,200.0,352.0,96.0,234.74251800000002,342.464078,126.57885199999998,1.2574819999999818,-2.4640779999999722,-2.5788519999999835,3.781986119529226,47.15930449020638
3425.0,240.0,92.0,128.0,304.0,64.0,96.0,240.61146200000002,91.65307,129.40311599999998,-0.6114620000000173,0.3469300000000004,-1.403115999999983,1.5693886426886023,76.83749084919418
3426.0,220.0,328.0,128.0,192.0,328.0,96.0,222.28243,325.894494,126.904924,-2.282430000000005,2.105505999999991,1.095076000000006,3.292693983156042,42.5205832509386
3427.0,316.0,212.0,132.0,356.0,236.0,108.0,325.875246,211.906162,136.926368,-9.875246000000004,0.0938380000000052,-4.9263679999999965,11.036230824071417,52.459508194416
3428.0,24.0,172.0,136.0,20.0,76.0,104.0,23.153386000000005,174.86222199999997,137.36171199999998,0.8466139999999953,-2.8622219999999743,-1.361711999999983,3.280751379367812,101.27191120937731
3429.0,268.0,184.0,140.0,300.0,180.0,112.0,267.832314,182.985446,141.167432,0.16768600000000333,1.014554000000004,-1.167431999999991,1.5557428734003533,42.708313008125245
3430.0,356.0,124.0,144.0,428.0,148.0,116.0,358.99267,124.895434,144.124456,-2.9926699999999755,-0.8954339999999945,-0.12445600000000923,3.126238166421721,80.89499366462674
3431.0,64.0,140.0,144.0,80.0,52.0,112.0,63.599378000000016,140.699718,143.87170799999998,0.40062199999998427,-0.6997179999999901,0.12829200000001606,0.8164325469210408,94.99473669630333
3432.0,320.0,252.0,148.0,336.0,284.0,116.0,322.89870199999996,254.47993,143.02421999999999,-2.8987019999999575,-2.479929999999996,4.9757800000000145,6.269841520971951,48.0
3433.0,364.0,256.0,148.0,392.0,300.0,116.0,370.570894,252.35906599999998,142.53106,-6.57089400000001,3.6409340000000157,5.4689400000000035,9.29205860265594,61.18823416311342
3434.0,292.0,264.0,148.0,296.0,280.0,120.0,290.816694,261.80648599999995,146.56605199999998,1.183306000000016,2.19351400000005,1.433948000000015,2.8753997329999703,32.49615361854384
3435.0,324.0,180.0,152.0,368.0,200.0,124.0,325.97887399999996,180.972506,150.39293999999998,-1.978873999999962,-0.9725060000000099,1.6070600000000184,2.7284339961802133,55.85696017507576
3436.0,160.0,104.0,156.0,208.0,48.0,128.0,162.15519,104.484814,156.330188,-2.1551900000000046,-0.4848140000000001,-0.3301879999999926,2.233587398343753,78.89233169326408
3437.0,276.0,268.0,156.0,280.0,280.0,132.0,278.495714,266.082946,156.48421199999999,-2.495714000000021,1.9170540000000074,-0.4842119999999852,3.1840454880004647,27.129319932501073
3438.0,236.0,332.0,160.0,208.0,340.0,136.0,238.203274,331.455326,159.446812,-2.2032739999999933,0.5446739999999863,0.5531880000000058,2.33604431650942,37.73592452822641
3439.0,240.0,400.0,160.0,184.0,420.0,136.0,240.37143399999997,399.85452599999996,158.635684,-0.3714339999999652,0.14547400000003563,1.3643160000000023,1.421437317959533,64.1248781675256
3440.0,132.0,220.0,172.0,128.0,168.0,148.0,131.40533,218.715634,171.73810799999998,0.5946700000000078,1.2843660000000057,0.26189200000001733,1.4393803703399712,57.41080037762929
3441.0,408.0,324.0,172.0,412.0,396.0,156.0,411.455246,322.150562,174.062328,-3.4552459999999883,1.8494380000000206,-2.062328000000008,4.428582461233394,73.86474125047755
3442.0,404.0,296.0,176.0,412.0,364.0,160.0,403.16600200000005,297.32519,177.716056,0.8339979999999514,-1.3251900000000205,-1.716056000000009,2.3230431324536363,70.31358332498779
3443.0,316.0,196.0,180.0,356.0,212.0,160.0,320.108378,193.77051799999998,179.810208,-4.108378000000016,2.2294820000000186,0.18979200000001129,4.678181354166619,47.49736834815167
3444.0,284.0,268.0,180.0,284.0,284.0,160.0,282.90144200000003,268.42774999999995,179.35452,1.0985579999999686,-0.42774999999994634,0.6454799999999921,1.3440402420552278,25.612496949731394
3445.0,344.0,124.0,184.0,408.0,144.0,164.0,342.85380200000003,127.45844999999998,183.604692,1.1461979999999699,-3.458449999999985,0.395308,3.6648212333711214,69.9714227381436
3446.0,300.0,140.0,184.0,352.0,140.0,164.0,298.303854,138.90362599999997,183.956588,1.6961459999999988,1.0963740000000257,0.04341199999998935,2.0201068790873546,55.71355310873648
3447.0,376.0,260.0,188.0,392.0,308.0,168.0,373.13000999999997,259.088254,185.038196,2.86999000000003,0.9117459999999937,2.9618040000000008,4.223790513630164,54.405882034941776
3448.0,340.0,156.0,196.0,396.0,176.0,180.0,342.003346,155.59968199999997,196.4014,-2.003346000000022,0.40031800000002704,-0.4013999999999953,2.082011444934947,61.57921727336261
3449.0,216.0,236.0,200.0,216.0,224.0,184.0,214.678062,239.71479,200.093108,1.3219379999999887,-3.7147899999999936,-0.09310800000000086,3.944091013098953,20.0
3450.0,296.0,68.0,204.0,376.0,60.0,184.0,296.319394,70.70172600000001,201.152836,-0.3193939999999884,-2.701726000000008,2.8471639999999923,3.9379790183808736,82.84926070883192
3451.0,232.0,140.0,204.0,276.0,120.0,188.0,234.27235399999998,143.350746,204.26784,-2.2723539999999787,-3.3507459999999867,-0.26784000000000674,4.057441277878438,50.91168824543142
3452.0,224.0,240.0,212.0,224.0,228.0,200.0,222.08136999999996,240.901694,213.110572,1.9186300000000358,-0.901693999999992,-1.1105719999999906,2.393232816447264,16.97056274847714
3453.0,104.0,132.0,216.0,132.0,52.0,192.0,104.735578,127.975158,209.129152,-0.7355780000000038,4.024842000000007,6.870847999999995,7.996810636632081,88.09086218218096
3454.0,256.0,120.0,220.0,308.0,100.0,208.0,254.114714,119.69136599999999,220.714224,1.8852860000000078,0.30863400000001207,-0.7142240000000015,2.039527928204966,56.991227395100026
3455.0,68.0,172.0,220.0,68.0,92.0,208.0,65.565218,175.846358,222.11472,2.4347819999999984,-3.8463580000000093,-2.1147200000000055,5.019429641910333,80.89499366462674
3456.0,276.0,116.0,224.0,336.0,104.0,212.0,276.946802,115.56228999999999,223.791756,-0.946801999999991,0.4377100000000098,0.20824400000000765,1.0636680096909914,62.353829072479584
3457.0,240.0,148.0,224.0,280.0,132.0,216.0,240.759578,151.911758,227.043972,-0.7595780000000047,-3.911757999999992,-3.0439719999999966,5.014436650854403,43.81780460041329
3458.0,224.0,372.0,224.0,176.0,380.0,216.0,224.48315399999998,371.641726,224.690588,-0.48315399999998476,0.35827399999999443,-0.6905879999999911,0.9158110244673674,49.31531202375181
3459.0,240.0,108.0,228.0,296.0,84.0,220.0,240.738542,110.49588999999999,230.798964,-0.7385419999999954,-2.4958899999999886,-2.798964000000012,3.8221866321727416,61.44916598294886
3460.0,392.0,204.0,228.0,436.0,252.0,220.0,393.22295799999995,204.653058,228.059248,-1.2229579999999487,-0.6530579999999873,-0.05924799999999664,1.3876675922683563,65.60487786742691
3461.0,256.0,136.0,232.0,308.0,120.0,224.0,259.46541399999995,135.389726,233.58688,-3.465413999999953,0.610274000000004,-1.5868800000000078,3.860015114072962,54.99090833947008
3462.0,428.0,296.0,232.0,440.0,372.0,228.0,427.62667799999997,296.93557799999996,233.178884,0.37332200000003013,-0.935577999999964,-1.1788840000000107,1.5506266459802567,77.0454411370329
3463.0,228.0,144.0,236.0,268.0,120.0,228.0,228.424154,145.824386,237.081624,-0.42415399999998726,-1.824386000000004,-1.081624000000005,2.1629150168437072,47.32863826479693
3464.0,116.0,124.0,240.0,140.0,52.0,224.0,111.24509800000001,126.21179799999999,235.30180000000001,4.754901999999987,-2.2117979999999875,4.698199999999986,7.040896722890323,77.56287771866127
3465.0,68.0,184.0,240.0,68.0,104.0,232.0,68.907902,185.40742999999998,241.6356,-0.9079020000000071,-1.4074299999999766,-1.6356000000000108,2.3410110222944236,80.39900496896712
3466.0,240.0,136.0,244.0,288.0,112.0,236.0,241.955138,134.489498,243.620988,-1.9551380000000051,1.5105020000000025,0.3790119999999888,2.4995661597949392,54.258639865002145
3467.0,248.0,132.0,248.0,300.0,112.0,244.0,251.352018,131.449858,250.10972,-3.352017999999987,0.5501419999999939,-2.10972000000001,3.9986997100167385,55.85696017507576
3468.0,356.0,192.0,252.0,396.0,224.0,248.0,355.116902,193.56775,251.545752,0.8830980000000181,-1.5677499999999895,0.45424800000000687,1.8558134026911233,51.38093031466052
3469.0,328.0,132.0,264.0,388.0,144.0,264.0,328.23330200000004,133.64255,265.63915199999997,-0.23330200000003742,-1.64255,-1.6391519999999673,2.332213456098714,61.18823416311342
3470.0,376.0,280.0,268.0,388.0,332.0,268.0,377.18519800000007,279.762898,266.70304,-1.1851980000000708,0.23710199999999304,1.2969600000000128,1.7728555776509822,53.36665625650534
3471.0,312.0,232.0,272.0,332.0,256.0,272.0,313.93852599999997,235.301662,271.17954399999996,-1.9385259999999676,-3.301661999999993,0.8204560000000356,3.9156101775912124,31.240998703626616
3472.0,212.0,324.0,272.0,180.0,316.0,272.0,211.45334599999998,321.424982,271.30055999999996,0.546654000000018,2.575018,0.6994400000000383,2.7237409219013604,32.984845004941285
3473.0,276.0,88.0,276.0,344.0,72.0,272.0,275.387518,89.210318,273.28027599999996,0.612482,-1.210318000000001,2.719724000000042,3.039227286272652,69.9714227381436
3474.0,128.0,128.0,280.0,160.0,56.0,276.0,128.30246599999998,124.63528199999999,277.747164,-0.30246599999998125,3.3647180000000105,2.252836000000002,4.060552049115498,78.89233169326408
3475.0,76.0,196.0,280.0,72.0,120.0,280.0,76.619574,197.273846,280.74976399999997,-0.6195740000000001,-1.2738459999999918,-0.7497639999999706,1.602716952205827,76.10519036176179
3476.0,60.0,212.0,284.0,44.0,132.0,288.0,58.060698,213.95371799999998,287.314952,1.9393019999999979,-1.9537179999999807,-3.3149520000000052,4.308922490951995,81.68231142664855
3477.0,124.0,148.0,288.0,144.0,84.0,292.0,123.30346200000001,150.70793,290.612732,0.6965379999999897,-2.7079300000000046,-2.612731999999994,3.8268026568099875,67.17142249498666
3478.0,284.0,108.0,292.0,348.0,96.0,296.0,284.960246,107.056182,292.63811999999996,-0.9602459999999837,0.9438179999999932,-0.638119999999958,1.4899872254619844,65.23802572120036
3479.0,204.0,220.0,292.0,212.0,196.0,296.0,205.313746,220.102462,292.201168,-1.313746000000009,-0.10246200000000272,-0.20116799999999557,1.3330024674335836,25.612496949731394
3480.0,324.0,112.0,312.0,388.0,116.0,320.0,321.46242600000005,112.438262,311.847104,2.5375739999999496,-0.4382619999999946,0.15289599999999837,2.579676834980641,64.62197768561404
3481.0,212.0,212.0,332.0,224.0,188.0,344.0,212.99652999999998,211.24121399999999,331.554316,-0.9965299999999786,0.7587860000000148,0.4456840000000284,1.3294594625455887,29.393876913398138
3482.0,288.0,112.0,340.0,352.0,104.0,356.0,290.70064199999996,112.82476999999999,341.677532,-2.7006419999999594,-0.8247699999999867,-1.6775319999999851,3.2844826649089973,66.4529909033446
3483.0,256.0,356.0,344.0,216.0,372.0,364.0,254.83903800000002,356.49033799999995,345.816932,1.1609619999999836,-0.49033799999995153,-1.8169320000000084,2.2112227414514227,47.49736834815167
3484.0,236.0,260.0,356.0,232.0,252.0,376.0,236.158018,259.207518,356.973556,-0.15801799999999844,0.7924820000000068,-0.9735559999999737,1.2652306879711537,21.908902300206645
3485.0,248.0,240.0,368.0,252.0,236.0,388.0,247.644246,241.69588199999998,366.88412,0.35575399999999036,-1.6958819999999832,1.1158800000000042,2.061010635790108,20.784609690826528
3486.0,244.0,252.0,376.0,244.0,248.0,400.0,244.66111,253.217614,376.617472,-0.6611100000000079,-1.2176139999999975,-0.6174720000000207,1.51687901820812,24.331050121192877
3487.0,260.0,236.0,380.0,276.0,240.0,396.0,267.405274,238.645786,373.260448,-7.40527400000002,-2.645785999999987,6.739552000000003,10.356632065182978,22.978250586152114
3488.0,276.0,200.0,396.0,300.0,200.0,424.0,275.901774,201.60384599999998,396.539864,0.09822600000001103,-1.603845999999976,-0.5398640000000228,1.6951175408472268,36.87817782917155
3489.0,244.0,340.0,396.0,208.0,348.0,428.0,242.96679,340.55211399999996,398.575388,1.0332099999999969,-0.5521139999999605,-2.5753879999999754,2.8293066506902047,48.82622246293481
3490.0,240.0,240.0,400.0,244.0,232.0,428.0,240.755298,241.061418,399.744992,-0.7552980000000105,-1.0614180000000033,0.25500799999997525,1.327445787816591,29.393876913398138
3491.0,264.0,156.0,404.0,304.0,140.0,432.0,263.471834,154.021686,403.77846,0.5281659999999988,1.9783140000000117,0.2215400000000045,2.059554703753228,51.38093031466052
3492.0,240.0,260.0,404.0,236.0,256.0,436.0,240.857666,261.868002,406.060056,-0.8576659999999947,-1.86800199999999,-2.0600559999999746,2.9101294065205843,32.49615361854384
3493.0,280.0,116.0,104.0,340.0,108.0,68.0,279.77270999999996,116.210314,105.750032,0.22729000000003907,-0.21031399999999678,-1.7500320000000045,1.7772182543852153,70.42726744663604
3494.0,396.0,328.0,140.0,392.0,396.0,116.0,395.54884599999997,326.953562,141.400948,0.4511540000000309,1.0464380000000233,-1.4009479999999996,1.8058869616518294,72.22188034107116
3495.0,40.0,176.0,156.0,48.0,80.0,140.0,46.279393999999996,171.048826,166.655436,-6.279393999999996,4.951174000000009,-10.655436000000009,13.322283187787603,97.65244492586962
3496.0,292.0,292.0,156.0,288.0,312.0,132.0,293.037298,288.868738,156.063964,-1.0372980000000211,3.1312619999999924,-0.06396399999999858,3.299224188615256,31.496031496047245
3497.0,208.0,416.0,176.0,136.0,424.0,152.0,204.26554199999998,415.59470999999996,171.957956,3.734458000000018,0.40529000000003634,4.042044000000004,5.518021043435789,76.31513611335565
3498.0,368.0,172.0,180.0,420.0,204.0,160.0,367.751682,170.92199,179.556032,0.24831799999998339,1.0780100000000061,0.44396800000001235,1.1920046032830645,64.24951361683604
3499.0,224.0,168.0,184.0,256.0,148.0,164.0,225.79815,170.068314,184.38494,-1.7981499999999926,-2.0683139999999867,-0.3849400000000003,2.767570239162128,42.708313008125245
3500.0,236.0,228.0,184.0,240.0,216.0,168.0,231.096406,227.10362199999997,186.948556,4.903593999999998,0.896378000000027,-2.9485559999999964,5.7916068686381,20.396078054371138
3501.0,296.0,280.0,188.0,296.0,300.0,172.0,296.49805399999997,277.859986,188.931924,-0.4980539999999678,2.140014000000008,-0.9319240000000093,2.386671332397492,25.612496949731394
3502.0,280.0,120.0,192.0,336.0,108.0,176.0,277.65689,118.31525399999998,194.251452,2.3431100000000242,1.6847460000000183,-2.2514520000000005,3.6602690700165987,59.464274989274024
3503.0,236.0,140.0,204.0,276.0,116.0,188.0,233.23160599999997,140.242642,204.314928,2.768394000000029,-0.24264199999998937,-0.314928000000009,2.7967946160889543,49.31531202375181
3504.0,368.0,224.0,212.0,400.0,264.0,200.0,368.191302,223.13574999999997,211.728812,-0.1913020000000074,0.8642500000000268,0.2711879999999951,0.9257793738510524,52.61178575186362
3505.0,332.0,172.0,216.0,380.0,188.0,204.0,332.91483,169.31883399999998,216.009368,-0.9148299999999949,2.681166000000019,-0.009367999999994936,2.832958313826748,52.0
3506.0,336.0,244.0,216.0,356.0,276.0,204.0,337.164486,243.93424199999998,215.104064,-1.1644860000000108,0.06575800000001664,0.8959360000000061,1.4707321560556288,39.59797974644666
3507.0,128.0,404.0,216.0,52.0,380.0,204.0,128.03113399999998,403.748466,215.534448,-0.031133999999980233,0.2515339999999924,0.4655520000000024,0.5300729608421818,80.59776671843954
3508.0,260.0,140.0,236.0,308.0,124.0,228.0,260.54290199999997,138.53728999999998,236.816816,-0.5429019999999696,1.4627100000000155,-0.8168159999999887,1.7610938372386618,51.22499389946279
3509.0,264.0,92.0,240.0,328.0,72.0,232.0,262.58891800000004,92.97379799999999,240.597124,1.4110819999999649,-0.973797999999988,-0.597124000000008,1.8154867190106039,67.52777206453653
3510.0,256.0,132.0,244.0,304.0,116.0,236.0,255.42708600000003,133.439522,243.486812,0.5729139999999688,-1.4395220000000108,0.5131880000000137,1.6321200823542394,51.22499389946279
3511.0,344.0,216.0,260.0,372.0,244.0,260.0,341.784062,215.46376999999998,261.272016,2.215937999999994,0.5362300000000175,-1.2720160000000078,2.6107371635229795,39.59797974644666
3512.0,376.0,228.0,260.0,404.0,276.0,256.0,374.93570600000004,231.972982,257.44411199999996,1.0642939999999612,-3.972982000000002,2.5558880000000386,4.842506702040187,55.71355310873648
3513.0,212.0,356.0,260.0,168.0,356.0,260.0,212.427206,355.506202,261.063924,-0.4272060000000124,0.4937980000000266,-1.0639239999999859,1.2483091400033914,44.0
3514.0,92.0,156.0,264.0,108.0,80.0,260.0,93.998594,156.639826,264.639576,-1.998593999999997,-0.6398259999999993,-0.6395759999999768,2.19381237732126,77.76888838089432
3515.0,276.0,128.0,284.0,332.0,116.0,284.0,277.622566,126.636402,282.65869599999996,-1.6225660000000062,1.363597999999996,1.3413040000000365,2.508229724402473,57.271284253105414
3516.0,112.0,176.0,336.0,124.0,104.0,348.0,113.48256200000002,171.99849,336.364488,-1.4825620000000157,4.001509999999996,-0.36448799999999437,4.282863979405371,73.97296803562772
3517.0,268.0,248.0,336.0,272.0,252.0,352.0,267.01557799999995,248.575558,337.093692,0.9844220000000519,-0.5755580000000009,-1.093691999999976,1.580036669293485,16.97056274847714
3518.0,272.0,240.0,344.0,280.0,240.0,360.0,270.182414,237.251126,343.74546,1.8175860000000057,2.7488740000000007,0.25454000000002,3.3052560788646974,17.88854381999832
3519.0,108.0,188.0,364.0,112.0,116.0,380.0,107.575326,184.757042,362.504732,0.424673999999996,3.2429579999999874,1.49526800000001,3.596241230488292,73.86474125047755
3520.0,100.0,204.0,388.0,92.0,136.0,412.0,97.533986,205.81084199999998,388.594344,2.4660140000000013,-1.8108419999999796,-0.5943439999999782,3.1166678660864564,72.55342858886821
3521.0,316.0,96.0,108.0,392.0,84.0,88.0,314.11332200000004,84.24522999999999,122.13464400000001,1.8866779999999608,11.754770000000008,-14.134644000000009,18.480322849867104,79.49842765740716
3522.0,260.0,184.0,208.0,304.0,168.0,176.0,268.40571,173.252974,193.719308,-8.40571,10.747026000000005,14.280691999999988,19.750764350972336,56.7097875150313
3523.0,252.0,120.0,216.0,312.0,104.0,208.0,258.263262,121.75994999999999,220.645364,-6.263261999999997,-1.7599499999999892,-4.645364000000001,7.994077906528053,62.609903369994115
3524.0,108.0,148.0,248.0,120.0,88.0,240.0,105.21979000000002,159.54017399999998,248.094964,2.7802099999999825,-11.540173999999979,-0.09496400000000449,11.870728779467226,61.70899448216605
3525.0,252.0,128.0,252.0,304.0,112.0,248.0,254.496558,130.449798,253.364972,-2.496557999999993,-2.449797999999987,-1.3649719999999945,3.754658526277974,54.55272678794342
3526.0,124.0,164.0,332.0,140.0,96.0,344.0,123.79552600000001,161.584742,333.094552,0.2044739999999905,2.4152579999999944,-1.0945520000000215,2.6595723159831577,70.8801805866774
3527.0,216.0,464.0,40.0,136.0,464.0,16.0,213.42386199999999,445.33411,60.068259999999995,2.5761380000000145,18.66588999999999,-20.068259999999995,27.52793119569183,83.5224520712844
3528.0,216.0,176.0,168.0,240.0,136.0,160.0,210.20796600000003,164.862622,181.336268,5.792033999999973,11.137378000000012,-13.33626799999999,18.315154674199825,47.32863826479693
3529.0,168.0,168.0,200.0,192.0,128.0,184.0,171.05330999999998,171.357414,201.353852,-3.053309999999982,-3.3574140000000057,-1.3538519999999892,4.7358046793971456,49.31531202375181
3530.0,224.0,192.0,224.0,240.0,168.0,200.0,218.90135,190.122054,213.729804,5.098649999999992,1.8779460000000086,10.270195999999999,11.618943105112097,37.52332607858744
3531.0,72.0,216.0,272.0,64.0,136.0,288.0,74.640446,211.86422199999998,287.159004,-2.640445999999997,4.135778000000016,-15.159003999999982,15.933361761292423,81.97560612767678
3532.0,272.0,216.0,304.0,288.0,216.0,304.0,269.639166,215.971022,298.106108,2.360834000000011,0.028977999999995063,5.893891999999994,6.349199934456623,16.0
3533.0,176.0,176.0,328.0,192.0,128.0,344.0,172.52290999999997,172.935814,332.434812,3.4770900000000324,3.0641860000000065,-4.434812000000022,6.414588699678293,53.0659966456864
3534.0,232.0,152.0,248.0,272.0,128.0,240.0,233.72366999999997,151.119454,246.796748,-1.72366999999997,0.8805460000000096,1.203251999999992,2.2790820306693425,47.32863826479693
