match_index,source_x,source_y,source_z,reference_x,reference_y,reference_z,predicted_source_x,predicted_source_y,predicted_source_z,residual_x,residual_y,residual_z,residual_l2,raw_delta_l2
0.0,139.0,91.0,4.0,163.0,102.0,4.0,136.34916099999998,92.75736599999999,2.7978799999999993,2.650839000000019,-1.7573659999999904,1.2021200000000007,3.400055169593145,26.40075756488817
1.0,36.0,222.0,5.0,31.0,202.0,4.0,36.646425,221.84643,4.406023999999999,-0.6464250000000007,0.15357000000000198,0.5939760000000014,0.8912107012940336,20.639767440550294
2.0,131.0,50.0,8.0,168.0,61.0,6.0,132.31882900000002,49.890153999999995,8.146468,-1.3188290000000222,0.10984600000000455,-0.1464680000000005,1.331476229596706,38.65229618017538
3.0,133.0,206.0,9.0,134.0,204.0,17.0,132.98247600000002,203.989622,8.161014,0.017523999999980333,2.010378000000003,0.8389860000000002,2.178491290241026,8.306623862918075
4.0,38.0,127.0,14.0,54.0,115.0,7.0,39.347471000000006,128.295803,13.528687999999999,-1.3474710000000059,-1.2958030000000065,0.47131200000000106,1.927931148146643,21.18962010041709
5.0,44.0,100.0,15.0,65.0,90.0,8.0,44.169963,100.53612799999999,15.917772,-0.16996300000000275,-0.5361279999999908,-0.9177719999999994,1.0763949543438922,24.289915602982237
6.0,32.0,146.0,15.0,42.0,130.0,10.0,31.85841200000001,146.291033,16.00739,0.1415879999999916,-0.29103299999999876,-1.007390000000001,1.058103010549067,19.519221295943137
7.0,146.0,82.0,16.0,174.0,93.0,18.0,145.928435,82.284448,16.194256,0.07156499999999255,-0.2844479999999976,-0.19425599999999932,0.3518062072576283,30.14962686336267
8.0,210.0,178.0,16.0,219.0,194.0,32.0,210.407141,177.61522200000002,16.460543999999995,-0.40714099999999576,0.38477799999998297,-0.4605439999999952,0.7252025090283258,24.351591323771842
9.0,105.0,20.0,18.0,143.0,29.0,10.0,102.87636,22.438975000000003,17.070314,2.1236399999999946,-2.438975000000003,0.9296860000000002,3.3649311967439974,39.8622628559895
10.0,21.0,109.0,19.0,40.0,93.0,8.0,21.856313000000007,108.65839599999998,17.715324,-0.8563130000000072,0.341604000000018,1.284676000000001,1.581251931780963,27.16615541441225
11.0,128.0,122.0,19.0,146.0,126.0,21.0,127.61945800000001,121.94836799999999,18.317242,0.3805419999999913,0.05163200000001211,0.6827579999999998,0.7833495795313828,18.547236990991408
12.0,145.0,90.0,21.0,171.0,100.0,24.0,145.28597500000004,90.474928,21.559995999999998,-0.28597500000003606,-0.47492800000000557,-0.5599959999999982,0.7879935442787738,28.0178514522438
13.0,188.0,87.0,22.0,216.0,105.0,29.0,188.19395500000002,86.85285299999998,22.160255999999997,-0.19395500000001675,0.14714700000001812,-0.16025599999999685,0.29146657985095104,34.0147027033899
14.0,84.0,81.0,23.0,110.0,78.0,19.0,84.02520199999998,79.915858,23.88233,-0.025201999999978852,1.084142,-0.8823299999999996,1.39803621049957,26.476404589747453
15.0,163.0,47.0,24.0,199.0,63.0,25.0,163.13810800000002,46.990272000000004,23.659658,-0.13810800000001677,0.009727999999995518,0.3403419999999997,0.3674249999823152,39.408120990476064
16.0,118.0,151.0,24.0,130.0,151.0,28.0,119.01321300000001,151.27070400000002,24.039835999999998,-1.0132130000000075,-0.27070400000002337,-0.03983599999999754,1.0495085258734336,12.649110640673518
17.0,147.0,88.0,25.0,174.0,97.0,30.0,148.00150299999999,87.210736,27.363543999999997,-1.0015029999999854,0.7892640000000029,-2.3635439999999974,2.6855699880362387,28.89636655359978
18.0,69.0,43.0,26.0,103.0,40.0,17.0,69.21601299999998,42.26882499999999,26.09964,-0.21601299999997536,0.7311750000000075,-0.09964000000000084,0.7688996204928186,35.298725189445584
19.0,176.0,89.0,26.0,203.0,105.0,31.0,176.45713400000002,89.616748,25.165094,-0.4571340000000248,-0.6167480000000012,0.8349060000000001,1.134203517141445,31.78049716414141
20.0,157.0,45.0,29.0,192.0,59.0,31.0,156.45468100000002,44.721569,30.388292,0.5453189999999779,0.27843099999999765,-1.3882919999999999,1.517317142454396,37.749172176353746
21.0,50.0,215.0,30.0,45.0,196.0,30.0,50.83866100000001,214.669588,28.815928,-0.838661000000009,0.3304119999999955,1.1840720000000005,1.4881367087230304,19.6468827043885
22.0,168.0,144.0,31.0,181.0,153.0,40.0,167.49285400000002,143.847603,31.156214,0.5071459999999774,0.15239700000000767,-0.15621399999999852,0.5521093412730661,18.193405398660254
23.0,47.0,207.0,31.0,43.0,187.0,31.0,47.165904000000005,205.92411,30.787202,-0.16590400000000471,1.075889999999987,0.21279799999999938,1.1092098169958529,20.396078054371138
24.0,65.0,230.0,34.0,56.0,212.0,38.0,65.192476,229.389113,34.098678,-0.1924759999999992,0.6108869999999911,-0.0986779999999996,0.6480488292011557,20.518284528683193
25.0,105.0,75.0,36.0,132.0,76.0,35.0,105.41518200000002,74.529354,37.632473999999995,-0.4151820000000157,0.4706460000000021,-1.6324739999999949,1.7489582931322285,27.03701166919155
26.0,176.0,43.0,37.0,212.0,62.0,40.0,176.376942,44.376745,37.102418,-0.3769420000000139,-1.3767449999999997,-0.10241800000000012,1.431084034259697,40.8166632639171
27.0,77.0,219.0,38.0,69.0,204.0,42.0,75.813581,218.845552,37.615144,1.1864190000000008,0.15444800000000214,0.3848559999999992,1.256804825341231,17.46424919657298
28.0,19.0,49.0,39.0,48.0,34.0,29.0,18.626316000000003,48.061037999999996,42.778397999999996,0.37368399999999724,0.9389620000000036,-3.7783979999999957,3.911212192620591,34.14674215792775
29.0,193.0,87.0,40.0,219.0,104.0,47.0,192.552101,86.466387,39.320423999999996,0.4478990000000067,0.5336130000000026,0.6795760000000044,0.9732316721860292,31.843366656181317
30.0,143.0,185.0,40.0,146.0,185.0,49.0,143.146125,184.315663,39.726836,-0.14612500000001205,0.6843369999999993,0.2731640000000013,0.7511911980914069,9.486832980505138
31.0,43.0,203.0,40.0,39.0,184.0,39.0,43.654849000000006,204.211951,39.096736,-0.6548490000000058,-1.2119509999999991,0.9032640000000001,1.647282092690261,19.44222209522358
32.0,58.0,204.0,41.0,54.0,186.0,42.0,58.163936,203.438149,40.548261999999994,-0.16393599999999964,0.5618509999999901,0.45173800000000597,0.7393367155369698,18.466185312619388
33.0,54.0,27.0,42.0,89.0,22.0,30.0,53.797923000000004,27.557705999999996,41.455563999999995,0.20207699999999562,-0.557705999999996,0.5444360000000046,0.8051593969277132,37.33630940518894
34.0,32.0,32.0,42.0,66.0,22.0,29.0,32.574329999999996,32.13408,42.405834,-0.5743299999999962,-0.1340799999999973,-0.4058339999999987,0.7159145415871883,37.749172176353746
35.0,34.0,202.0,42.0,29.0,180.0,42.0,33.913261,202.341888,43.188807999999995,0.08673900000000145,-0.3418880000000115,-1.1888079999999945,1.2400304510490843,22.561028345356956
36.0,111.0,226.0,42.0,103.0,217.0,51.0,110.74531400000001,225.91586,42.228622,0.2546859999999924,0.08413999999999078,-0.22862200000000144,0.3524379620301923,15.033296378372908
37.0,81.0,213.0,43.0,76.0,199.0,48.0,81.77215099999998,212.72489,43.273455999999996,-0.7721509999999796,0.2751100000000122,-0.2734559999999959,0.8641069741860512,15.684387141358123
38.0,104.0,227.0,43.0,96.0,217.0,51.0,104.31670300000002,227.329699,42.810615999999996,-0.31670300000001816,-0.32969900000000507,0.189384000000004,0.49484191441915704,15.0996688705415
39.0,199.0,92.0,44.0,224.0,109.0,53.0,198.82617500000003,90.992489,44.20836,0.17382499999996526,1.0075109999999938,-0.208359999999999,1.0434114410653044,31.54362059117501
40.0,132.0,185.0,45.0,135.0,184.0,53.0,133.23285300000003,185.789517,44.583048,-1.2328530000000342,-0.7895169999999894,0.416952000000002,1.522206485074239,8.602325267042627
41.0,63.0,195.0,45.0,61.0,179.0,46.0,63.49002799999999,195.130731,44.469913999999996,-0.49002799999998814,-0.13073099999999727,0.5300860000000043,0.7336274276095409,16.15549442140351
42.0,15.0,154.0,46.0,20.0,131.0,39.0,14.798836999999999,153.762621,45.640732,0.2011630000000011,0.23737900000000423,0.35926800000000014,0.47527764310348386,24.55605831561735
43.0,87.0,41.0,47.0,119.0,41.0,39.0,86.34751400000002,41.581608,45.839614,0.6524859999999819,-0.5816080000000028,1.1603860000000026,1.4527565229094603,32.984845004941285
44.0,105.0,144.0,47.0,115.0,140.0,50.0,105.09245100000001,144.553402,47.481204,-0.09245100000001116,-0.5534020000000055,-0.4812039999999982,0.7391605039644681,11.180339887498949
45.0,39.0,27.0,49.0,74.0,18.0,37.0,39.868525999999996,26.973916,49.81133,-0.8685259999999957,0.026084000000000884,-0.8113299999999981,1.1888120779298927,38.07886552931954
46.0,26.0,51.0,49.0,56.0,37.0,37.0,27.427087,50.070841,49.528232,-1.4270870000000002,0.9291589999999985,-0.5282320000000027,1.7829590008393352,35.21363372331802
47.0,25.0,53.0,49.0,52.0,40.0,36.0,24.298256000000002,53.882495,48.617806,0.7017439999999979,-0.8824949999999987,0.38219399999999837,1.19051010923763,32.66496594212215
48.0,151.0,102.0,50.0,173.0,109.0,56.0,152.292194,101.500607,51.33459,-1.292193999999995,0.49939299999999776,-1.3345899999999986,1.9236135709089237,23.853720883753127
49.0,65.0,134.0,50.0,76.0,122.0,47.0,65.09881200000001,133.786156,49.523742,-0.09881200000000945,0.2138439999999946,0.4762580000000014,0.53133299374686,16.55294535724685
50.0,111.0,148.0,51.0,121.0,144.0,54.0,111.86764500000001,147.71505200000001,50.455672,-0.8676450000000102,0.28494799999998577,0.5443280000000001,1.063153883646676,11.180339887498949
51.0,108.0,198.0,51.0,103.0,189.0,57.0,105.325098,197.650574,50.623245999999995,2.674902000000003,0.349425999999994,0.37675400000000536,2.723810348683626,11.916375287812984
52.0,93.0,52.0,52.0,123.0,51.0,46.0,92.88035400000001,51.500189,51.304358,0.11964599999998882,0.4998110000000011,0.6956419999999994,0.8648953654639373,30.610455730027933
53.0,87.0,54.0,53.0,117.0,52.0,49.0,87.888383,53.943623,54.595532,-0.8883830000000046,0.05637699999999768,-1.5955319999999986,1.827053662003939,30.331501776206203
54.0,51.0,106.0,53.0,68.0,93.0,47.0,51.510303,105.697823,52.905192,-0.5103030000000004,0.30217700000000036,0.09480800000000045,0.6005902496727704,22.22611077089287
55.0,120.0,196.0,53.0,119.0,190.0,61.0,120.63834700000001,195.71961100000001,53.047292,-0.6383470000000102,0.28038899999998534,-0.04729199999999878,0.6988142936388785,10.04987562112089
56.0,117.0,205.0,54.0,114.0,198.0,62.0,117.86929600000002,204.99284100000003,53.67567,-0.8692960000000198,0.007158999999973048,0.32433000000000334,0.9278559887164798,11.045361017187261
57.0,61.0,151.0,55.0,69.0,135.0,52.0,61.97319600000001,148.861133,53.698057999999996,-0.9731960000000086,2.1388670000000047,1.301942000000004,2.686431735493952,18.138357147217054
58.0,54.0,157.0,55.0,59.0,140.0,53.0,53.966604999999994,156.071405,55.023143999999995,0.03339500000000584,0.9285950000000014,-0.023143999999994946,0.9294834827935367,17.832554500127006
59.0,59.0,78.0,56.0,82.0,69.0,50.0,59.50516700000001,78.494692,56.875175999999996,-0.5051670000000072,-0.4946920000000006,-0.8751759999999962,1.1250986195569708,25.41653005427767
60.0,49.0,93.0,57.0,67.0,81.0,50.0,48.312272,93.815719,56.998314,0.6877279999999999,-0.8157190000000014,0.0016859999999994102,1.0669442963627493,22.737634001804146
61.0,26.0,109.0,57.0,41.0,91.0,50.0,26.586824,109.309931,58.223346,-0.586824,-0.30993100000000595,-1.2233459999999994,1.391759701763563,24.454038521274967
62.0,29.0,178.0,57.0,29.0,156.0,53.0,29.859015000000007,178.51921099999998,56.018747999999995,-0.8590150000000065,-0.5192109999999843,0.9812520000000049,1.4036888260045404,22.360679774997898
63.0,194.0,59.0,58.0,225.0,77.0,64.0,193.96850200000003,58.773587,57.704485999999996,0.031497999999970716,0.22641300000000086,0.2955140000000043,0.3736087455734957,36.345563690772494
64.0,62.0,39.0,59.0,93.0,33.0,49.0,61.75815599999999,39.329732,58.370594,0.2418440000000075,-0.3297319999999999,0.629406000000003,0.7505755291747843,33.12099032335839
65.0,89.0,179.0,59.0,90.0,167.0,63.0,89.257383,178.156675,59.536719999999995,-0.25738300000000436,0.843324999999993,-0.5367199999999954,1.0322361274020522,12.68857754044952
66.0,26.0,239.0,61.0,11.0,210.0,63.0,25.960591,238.15694100000002,62.077299999999994,0.03940899999999914,0.8430589999999825,-1.077299999999994,1.3685309045695524,32.71085446759225
67.0,146.0,236.0,63.0,135.0,231.0,77.0,145.772764,235.589052,63.268649999999994,0.22723600000000488,0.41094799999999054,-0.26864999999999384,0.5410058048671854,18.49324200890693
68.0,11.0,42.0,64.0,39.0,25.0,49.0,10.444214000000002,42.042242,63.60959,0.5557859999999977,-0.04224200000000167,0.3904100000000028,0.6805162984528731,36.02776706930364
69.0,20.0,87.0,64.0,38.0,69.0,53.0,19.399796999999992,87.58897099999999,63.419412,0.6002030000000076,-0.5889709999999866,0.5805879999999988,1.0218673621336538,27.730849247724095
70.0,199.0,66.0,65.0,227.0,85.0,72.0,198.33516000000003,67.116657,64.48484199999999,0.6648399999999697,-1.1166570000000036,0.5151580000000138,1.3979709747390974,34.55430508634199
71.0,144.0,237.0,66.0,134.0,232.0,80.0,145.372658,237.022601,66.144114,-1.3726580000000013,-0.022601000000008753,-0.14411400000000185,1.380387494568465,17.916472867168917
72.0,90.0,105.0,67.0,108.0,98.0,64.0,91.03858600000001,103.914797,65.465114,-1.0385860000000093,1.085203000000007,1.5348860000000002,2.147603656078336,19.544820285692065
73.0,221.0,134.0,68.0,236.0,151.0,82.0,221.815507,133.59238,67.174568,-0.8155069999999967,0.40762000000000853,0.8254320000000064,1.2298551614206497,26.645825188948457
74.0,102.0,92.0,70.0,122.0,89.0,70.0,102.56486699999999,92.28317199999998,70.916096,-0.5648669999999925,-0.2831719999999791,-0.916095999999996,1.1128759996014705,20.223748416156685
75.0,85.0,177.0,70.0,85.0,164.0,73.0,85.02998299999999,176.78468700000002,69.853388,-0.029982999999987214,0.21531299999998055,0.14661200000000463,0.26220935681625135,13.341664064126334
76.0,80.0,107.0,71.0,95.0,98.0,69.0,79.604807,106.88598299999998,71.35594,0.3951930000000061,0.11401700000001824,-0.3559400000000039,0.5439399480990634,17.60681686165901
77.0,69.0,107.0,72.0,84.0,96.0,69.0,69.07225400000002,107.059168,72.45783399999999,-0.07225400000001514,-0.059167999999999665,-0.4578339999999912,0.46726166576768746,18.841443681416774
78.0,236.0,214.0,72.0,233.0,228.0,95.0,236.94589500000004,213.966209,72.71766,-0.9458950000000357,0.0337910000000079,-0.7176599999999951,1.187811036447322,27.09243436828813
79.0,27.0,76.0,75.0,48.0,58.0,65.0,27.428220000000003,75.13127399999999,75.16227,-0.42822000000000315,0.8687260000000094,-0.16227000000000658,0.9820329853808482,29.410882339705484
80.0,12.0,74.0,76.0,33.0,55.0,65.0,13.006950000000003,75.088086,76.69039799999999,-1.0069500000000033,-1.088086000000004,-0.6903979999999876,1.635398680536339,30.380915061926625
81.0,30.0,75.0,78.0,50.0,58.0,67.0,29.466993999999993,74.865514,76.919978,0.5330060000000074,0.13448599999999544,1.0800219999999996,1.211870207867165,28.460498941515414
82.0,235.0,206.0,78.0,233.0,217.0,99.0,234.982476,202.975506,77.59597,0.017524000000008755,3.0244940000000042,0.4040300000000059,3.0514113599303565,23.790754506740637
83.0,187.0,11.0,82.0,227.0,30.0,84.0,187.709953,11.610365999999997,81.18042399999999,-0.7099530000000129,-0.6103659999999973,0.8195760000000121,1.244300902491449,44.328320518603
84.0,169.0,82.0,83.0,192.0,92.0,89.0,169.41591800000003,82.530468,83.093082,-0.4159180000000333,-0.530467999999999,-0.09308199999999545,0.6804765539473244,25.787593916455254
85.0,92.0,22.0,84.0,125.0,22.0,78.0,91.708023,23.603189999999998,84.63826,0.2919770000000028,-1.603189999999998,-0.6382600000000025,1.7500984464392275,33.54101966249684
86.0,215.0,198.0,84.0,213.0,208.0,103.0,215.082047,198.07290500000002,83.94978799999998,-0.08204699999998866,-0.07290500000001998,0.05021200000001613,0.12069836029541857,21.563858652847824
87.0,112.0,219.0,85.0,102.0,207.0,95.0,112.11930700000002,218.915295,85.57624799999999,-0.11930700000002048,0.0847050000000138,-0.5762479999999925,0.5945341493791577,18.547236990991408
88.0,57.0,188.0,86.0,51.0,168.0,88.0,56.181411000000004,188.785484,86.735492,0.8185889999999958,-0.7854839999999967,-0.7354919999999936,1.352043470913927,20.97617696340303
89.0,203.0,203.0,87.0,199.0,210.0,105.0,202.857303,203.08733900000001,86.850436,0.1426969999999983,-0.08733900000001427,0.14956399999999803,0.22441017095043045,19.72308292331602
90.0,84.0,56.0,91.0,109.0,50.0,85.0,83.74745300000001,55.998369,90.079856,0.25254699999999275,0.0016310000000032687,0.9201439999999934,0.9541737934495917,26.40075756488817
91.0,5.0,162.0,93.0,4.0,133.0,88.0,5.485005000000001,162.428568,93.92147599999998,-0.485005000000001,-0.4285680000000127,-0.9214759999999842,1.1260632305625573,29.444863728670914
92.0,148.0,219.0,98.0,138.0,213.0,111.0,148.088309,218.895361,97.41307599999999,-0.08830900000000952,0.10463899999999171,0.5869240000000104,0.6026836496687231,17.46424919657298
93.0,67.0,58.0,99.0,90.0,48.0,93.0,66.676028,58.340146,99.542854,0.3239719999999977,-0.3401459999999972,-0.5428540000000055,0.7178771645734405,25.787593916455254
94.0,184.0,64.0,99.0,209.0,76.0,106.0,183.301897,63.88301200000001,99.53225599999999,0.6981030000000032,0.1169879999999921,-0.5322559999999896,0.8856243223223895,28.600699292150182
95.0,167.0,137.0,99.0,176.0,141.0,110.0,167.38926899999998,137.402906,100.03563600000001,-0.38926899999998454,-0.40290600000000154,-1.0356360000000109,1.1774572279675435,14.7648230602334
96.0,166.0,54.0,100.0,194.0,63.0,104.0,166.52634900000004,53.45882,100.07305199999999,-0.5263490000000388,0.5411799999999971,-0.0730519999999899,0.7584561008423865,29.68164415931166
97.0,179.0,117.0,100.0,192.0,125.0,110.0,178.639637,117.78277799999998,100.20401999999999,0.36036300000000665,-0.7827779999999791,-0.20401999999998566,0.885565948675177,18.24828759089466
98.0,210.0,220.0,101.0,202.0,226.0,121.0,210.672246,219.975456,100.49429,-0.6722460000000012,0.024543999999991684,0.5057099999999934,0.8415816636262904,22.360679774997898
99.0,31.0,29.0,103.0,60.0,13.0,88.0,31.086892999999996,28.204136,100.50544399999998,-0.08689299999999633,0.7958640000000017,2.494556000000017,2.6198777714010033,36.359317925395686
100.0,104.0,51.0,103.0,130.0,47.0,100.0,103.90282100000002,49.72046400000001,103.04481200000001,0.0971789999999828,1.2795359999999931,-0.0448120000000074,1.2840032120991676,26.476404589747453
101.0,120.0,108.0,103.0,134.0,104.0,106.0,120.450222,107.71115499999999,103.14525799999998,-0.45022199999999657,0.2888450000000091,-0.14525799999998412,0.5542843763565752,14.866068747318506
102.0,203.0,206.0,103.0,196.0,212.0,122.0,202.249872,206.916481,103.26646199999999,0.7501279999999895,-0.9164810000000045,-0.26646199999999,1.213932221002881,21.118712081942874
103.0,106.0,175.0,109.0,104.0,162.0,115.0,106.29120800000001,173.800636,108.86485400000001,-0.2912080000000117,1.1993640000000028,0.13514599999999177,1.2415879127456144,14.45683229480096
104.0,111.0,113.0,111.0,123.0,107.0,113.0,111.70089200000001,113.48942400000001,110.51279399999999,-0.7008920000000103,-0.48942400000001385,0.4872060000000147,0.9839487455533659,13.564659966250536
105.0,207.0,173.0,111.0,208.0,181.0,128.0,207.204457,173.154628,110.94438,-0.20445699999999078,-0.15462800000000243,0.055620000000004666,0.2623091070340439,18.81488772222678
106.0,102.0,68.0,112.0,123.0,62.0,109.0,101.61171100000001,67.12039100000001,110.87977999999998,0.3882889999999861,0.8796089999999879,1.1202200000000175,1.476270025707359,22.045407685048602
107.0,112.0,85.0,112.0,130.0,80.0,113.0,112.31842800000001,84.41999799999999,112.45978199999999,-0.3184280000000115,0.5800020000000075,-0.4597819999999899,0.8057283653390929,18.708286933869708
108.0,125.0,191.0,112.0,119.0,181.0,120.0,124.661148,190.577805,110.64804999999998,0.3388520000000028,0.4221949999999879,1.3519500000000164,1.4563097535994998,14.142135623730951
109.0,180.0,15.0,113.0,216.0,28.0,116.0,180.409848,13.994654999999998,113.06619,-0.40984800000001087,1.005345000000002,-0.06619000000000597,1.0876925430603142,38.39270764090493
110.0,27.0,37.0,113.0,53.0,19.0,101.0,27.262814,36.661922000000004,113.03138999999999,-0.26281399999999877,0.3380779999999959,-0.031389999999987594,0.42936379071830894,33.823069050575526
111.0,178.0,17.0,115.0,213.0,30.0,118.0,178.28720700000002,16.787342000000002,115.052276,-0.2872070000000235,0.21265799999999757,-0.052276000000006206,0.36117041128671257,37.456641600656084
112.0,170.0,30.0,117.0,201.0,41.0,120.0,169.83623400000002,30.616351000000005,116.943646,0.1637659999999812,-0.6163510000000052,0.056353999999998905,0.6402215485853316,33.03028912982749
113.0,241.0,173.0,117.0,241.0,187.0,139.0,239.91327000000004,173.39514,118.220654,1.0867299999999602,-0.3951399999999978,-1.2206539999999961,1.681402361190177,26.076809620810597
114.0,84.0,222.0,117.0,70.0,202.0,124.0,84.58465199999998,222.260967,116.603006,-0.5846519999999771,-0.26096699999999373,0.3969940000000065,0.7533431968425647,25.39685019840059
115.0,135.0,48.0,118.0,161.0,50.0,118.0,134.83631100000002,47.775766000000004,117.50234,0.16368899999997666,0.2242339999999956,0.4976599999999962,0.5698600276181746,26.076809620810597
116.0,105.0,125.0,118.0,114.0,117.0,120.0,106.294883,126.033706,117.05838399999999,-1.2948829999999987,-1.0337059999999951,0.9416160000000104,1.905757269323931,12.206555615733702
117.0,108.0,164.0,118.0,106.0,152.0,124.0,106.88483,163.775745,118.293194,1.1151700000000062,0.22425499999999943,-0.29319399999999973,1.1746732122428831,13.564659966250536
118.0,30.0,64.0,119.0,50.0,45.0,109.0,30.911656999999998,64.45193499999999,118.54146800000001,-0.9116569999999982,-0.45193499999999176,0.45853199999999106,1.1160713798400086,29.34280150224242
119.0,196.0,166.0,119.0,196.0,172.0,135.0,194.95405399999999,166.843502,119.51905,1.045946000000015,-0.8435020000000009,-0.5190499999999929,1.4404553312824475,17.08800749063506
120.0,146.0,209.0,120.0,136.0,201.0,134.0,145.992185,208.597174,120.82926,0.007814999999993688,0.40282600000000457,-0.829260000000005,0.9219555347743251,18.973665961010276
121.0,220.0,138.0,121.0,228.0,150.0,137.0,219.80906800000002,137.98425,120.84314999999998,0.19093199999997523,0.015749999999997044,0.15685000000001992,0.2475984927740811,21.540659228538015
122.0,196.0,174.0,121.0,196.0,179.0,137.0,196.662657,174.15166299999999,120.78737999999998,-0.6626569999999958,-0.151662999999985,0.21262000000001535,0.7122662631474247,16.76305461424021
123.0,234.0,200.0,121.0,229.0,211.0,143.0,234.46225,200.677996,120.81835799999999,-0.4622500000000116,-0.6779960000000074,0.18164200000001074,0.8404447957361771,25.099800796022265
124.0,176.0,202.0,122.0,164.0,198.0,139.0,171.566024,200.21446,123.592262,4.433976000000001,1.7855399999999975,-1.5922620000000052,5.0382134270810734,21.18962010041709
125.0,151.0,42.0,123.0,179.0,47.0,124.0,151.327434,41.481919,122.05875799999998,-0.3274340000000109,0.5180810000000022,0.9412420000000168,1.123190744923159,28.460498941515414
126.0,179.0,165.0,123.0,180.0,168.0,136.0,179.50020000000004,166.04710699999998,122.185982,-0.5002000000000351,-1.0471069999999827,0.8140180000000043,1.4174831264508958,13.379088160259652
127.0,55.0,60.0,124.0,75.0,45.0,117.0,54.67909400000001,59.955286,124.158886,0.3209059999999866,0.04471399999999903,-0.15888599999999542,0.36086668400946886,25.96150997149434
128.0,16.0,31.0,125.0,42.0,10.0,112.0,16.334840000000007,30.425207,125.370902,-0.3348400000000069,0.5747929999999997,-0.37090200000000095,0.7616253094882056,35.86084215408221
129.0,84.0,74.0,125.0,102.0,64.0,123.0,84.170524,74.377828,125.906374,-0.17052400000000034,-0.37782799999999384,-0.9063739999999996,0.9966675774981318,20.688160865577203
130.0,180.0,139.0,125.0,186.0,143.0,137.0,179.730827,139.297317,124.99077599999998,0.269172999999995,-0.2973169999999925,0.00922400000001744,0.401169022475556,14.0
131.0,150.0,143.0,126.0,157.0,141.0,137.0,152.66756,143.106088,127.589226,-2.667560000000009,-0.10608799999999974,-1.5892259999999965,3.1068907763904474,13.19090595827292
132.0,158.0,147.0,126.0,161.0,145.0,136.0,157.10093800000004,146.326207,125.91999799999999,0.8990619999999581,0.6737929999999892,0.08000200000000746,1.1263701907884953,10.63014581273465
133.0,182.0,158.0,126.0,184.0,161.0,140.0,182.07117300000002,158.34562,126.35705999999999,-0.07117300000001592,-0.3456199999999967,-0.35705999999998994,0.5020065974954839,14.45683229480096
134.0,89.0,53.0,127.0,112.0,45.0,124.0,89.365993,52.965816000000004,127.81660399999998,-0.3659930000000031,0.03418399999999622,-0.8166039999999839,0.8955230397488251,24.535688292770594
135.0,201.0,117.0,127.0,213.0,126.0,139.0,201.070101,116.569355,126.26225600000001,-0.07010099999999397,0.4306449999999984,0.7377439999999922,0.8571087887555385,19.209372712298546
136.0,92.0,144.0,128.0,95.0,134.0,131.0,93.61577500000001,148.044113,127.62771599999999,-1.6157750000000135,-4.04411300000001,0.3722840000000076,4.3708322072632955,10.862780491200215
137.0,135.0,209.0,129.0,124.0,198.0,142.0,135.13414600000002,208.50083100000003,129.80393,-0.13414600000001542,0.49916899999996645,-0.8039300000000082,0.9557553477626918,20.273134932713294
138.0,192.0,120.0,131.0,203.0,127.0,144.0,192.60666600000002,119.958891,131.80999,-0.6066660000000184,0.041109000000005835,-0.8099899999999991,1.0128264340631228,18.411952639521967
139.0,235.0,199.0,133.0,229.0,209.0,156.0,235.344982,199.52769500000002,133.511638,-0.34498199999998747,-0.5276950000000227,-0.5116380000000049,0.8119409069587641,25.787593916455254
140.0,88.0,68.0,139.0,107.0,59.0,137.0,89.10046,69.213896,139.426938,-1.1004599999999982,-1.2138960000000054,-0.4269380000000069,1.6931721017841084,21.118712081942874
141.0,25.0,130.0,139.0,28.0,102.0,135.0,25.601640000000003,129.07596800000002,140.04352599999999,-0.6016400000000033,0.9240319999999826,-1.0435259999999857,1.5181410801700685,28.442925306655784
142.0,182.0,16.0,141.0,215.0,28.0,144.0,182.31986700000002,16.131348,140.08522,-0.31986700000001633,-0.13134799999999913,0.9147800000000075,0.9779517591338664,35.24202037341219
143.0,42.0,212.0,141.0,25.0,181.0,143.0,40.657408,211.15287400000003,140.589306,1.3425920000000033,0.8471259999999745,0.41069400000000655,1.639769892386115,35.41186241925155
144.0,148.0,57.0,142.0,170.0,60.0,145.0,147.98129600000001,58.066402,141.791294,0.0187039999999854,-1.0664019999999965,0.2087060000000065,1.0867940281654085,22.40535650240808
145.0,93.0,162.0,142.0,90.0,145.0,147.0,93.007609,161.42664100000002,142.405036,-0.007609000000002197,0.5733589999999822,-0.4050359999999955,0.702034615284728,17.97220075561143
146.0,246.0,169.0,142.0,246.0,182.0,164.0,245.95436000000004,168.991275,142.323174,0.045639999999963266,0.008724999999998317,-0.3231739999999945,0.3264974264844871,25.553864678361276
147.0,39.0,55.0,145.0,56.0,35.0,137.0,37.098037,54.931979,145.915164,1.901963000000002,0.06802100000000166,-0.9151640000000043,2.11178011561479,27.440845468024488
148.0,154.0,139.0,145.0,158.0,136.0,155.0,154.32806000000002,139.026452,145.29034199999998,-0.328060000000022,-0.026452000000006137,-0.2903419999999812,0.438886715301345,11.180339887498949
149.0,205.0,112.0,146.0,216.0,120.0,159.0,204.55415000000002,111.199678,145.81474599999999,0.44584999999997876,0.8003219999999942,0.18525400000001468,0.9346745801079523,18.81488772222678
150.0,226.0,217.0,147.0,214.0,222.0,171.0,225.88252200000002,216.909458,147.97105,0.1174779999999771,0.09054199999999923,-0.9710499999999911,0.9823120872451775,27.294688127912362
151.0,114.0,155.0,148.0,113.0,143.0,154.0,114.406836,155.216287,147.414074,-0.4068359999999984,-0.21628699999999412,0.5859260000000006,0.7453890760810739,13.45362404707371
152.0,128.0,150.0,149.0,128.0,140.0,157.0,127.839798,149.32108,149.33392999999998,0.16020199999999818,0.6789200000000051,-0.33392999999998096,0.773373320010455,12.806248474865697
153.0,193.0,13.0,150.0,227.0,26.0,155.0,194.02104700000004,12.419128999999998,149.85680399999998,-1.0210470000000385,0.5808710000000019,0.14319600000001742,1.1834074485425914,36.742346141747674
154.0,145.0,49.0,156.0,168.0,50.0,158.0,145.305482,49.125806999999995,155.400186,-0.305482000000012,-0.12580699999999467,0.5998140000000092,0.6847798830054932,23.108440016582687
155.0,108.0,230.0,156.0,89.0,210.0,167.0,108.099141,229.588823,155.639808,-0.09914100000000303,0.41117700000000923,0.36019200000001206,0.5555481437949522,29.698484809834994
156.0,50.0,32.0,157.0,73.0,16.0,149.0,49.833271,32.866195,157.825356,0.16672899999999657,-0.8661949999999976,-0.8253559999999993,1.2080169138724812,29.13760456866693
157.0,67.0,114.0,157.0,73.0,95.0,156.0,67.54314400000001,114.26807300000002,157.15971399999998,-0.5431440000000123,-0.2680730000000153,-0.1597139999999797,0.6264001116387313,19.949937343260004
158.0,184.0,40.0,158.0,210.0,49.0,164.0,184.26800699999998,40.033074,157.77386399999997,-0.268006999999983,-0.03307399999999916,0.2261360000000252,0.35222028905360103,28.160255680657446
159.0,207.0,134.0,158.0,212.0,140.0,175.0,206.801382,133.598758,159.66592999999997,0.1986180000000104,0.4012419999999963,-1.6659299999999746,1.7250411639691143,18.708286933869708
160.0,141.0,193.0,162.0,132.0,181.0,173.0,141.953739,191.614245,160.552992,-0.953739000000013,1.385754999999989,1.447008000000011,2.218956320482678,18.601075237738275
161.0,115.0,62.0,165.0,133.0,56.0,165.0,115.16087500000003,62.824366999999995,164.48213199999998,-0.16087500000003274,-0.8243669999999952,0.5178680000000213,0.9867365310649163,18.973665961010276
162.0,190.0,115.0,165.0,197.0,120.0,178.0,189.024329,116.35008400000001,165.67236799999998,0.9756710000000055,-1.3500840000000096,-0.6723679999999774,1.7963127329952895,15.588457268119896
163.0,140.0,213.0,167.0,125.0,200.0,181.0,140.422515,213.042199,167.0513,-0.4225150000000042,-0.042199000000010756,-0.05129999999999768,0.4277047706374155,24.289915602982237
164.0,33.0,70.0,168.0,47.0,46.0,160.0,33.52347700000001,69.606094,167.75902399999998,-0.5234770000000069,0.3939060000000012,0.24097600000001762,0.6980397832079606,28.91366458960192
165.0,140.0,148.0,168.0,138.0,139.0,177.0,138.828583,147.658969,167.836096,1.171416999999991,0.34103099999998676,0.16390400000000227,1.2310095255788929,12.884098726725126
166.0,206.0,55.0,169.0,228.0,69.0,180.0,206.71944500000004,57.988659999999996,169.79592399999999,-0.7194450000000359,-2.988659999999996,-0.7959239999999852,3.1754030795162054,28.30194339616981
167.0,170.0,116.0,170.0,178.0,116.0,180.0,170.91637000000003,116.22871699999999,169.55072199999998,-0.916370000000029,-0.22871699999998896,0.44927800000002094,1.0458949107214677,12.806248474865697
168.0,39.0,80.0,171.0,49.0,56.0,165.0,38.017542999999996,79.790435,171.46606,0.9824570000000037,0.20956499999999778,-0.4660599999999988,1.1074074090749102,26.68332812825267
169.0,80.0,110.0,172.0,86.0,91.0,172.0,80.23731700000002,108.6508,171.84546799999998,-0.23731700000001865,1.3491999999999962,0.15453200000001743,1.3786007897549617,19.924858845171276
170.0,169.0,134.0,172.0,171.0,133.0,185.0,168.651654,135.400818,173.350374,0.3483459999999923,-1.4008179999999868,-1.350373999999988,1.9766501826868417,13.19090595827292
171.0,73.0,38.0,173.0,94.0,24.0,167.0,72.659156,38.062672000000006,172.645974,0.34084400000000414,-0.06267200000000628,0.3540260000000046,0.4954158057591692,25.942243542145693
172.0,133.0,42.0,179.0,155.0,39.0,180.0,133.22146600000002,42.004551000000006,178.67526999999998,-0.2214660000000208,-0.004551000000006411,0.3247300000000166,0.39308710695852145,22.22611077089287
173.0,73.0,221.0,179.0,52.0,192.0,186.0,72.164556,219.937757,178.679974,0.8354439999999954,1.0622429999999952,0.3200260000000128,1.3887921042621858,36.4828726939094
174.0,173.0,196.0,181.0,160.0,190.0,199.0,172.23157200000003,196.97394,182.39391799999999,0.7684279999999717,-0.9739399999999989,-1.3939179999999851,1.8660246797692448,23.0
175.0,24.0,62.0,183.0,37.0,36.0,174.0,23.601693000000004,62.350412,182.995048,0.3983069999999955,-0.3504119999999986,0.004952000000002954,0.5305295074705981,30.430248109405877
176.0,43.0,74.0,184.0,55.0,52.0,178.0,43.980062999999994,75.37971,183.84781999999998,-0.9800629999999941,-1.3797100000000029,0.15218000000001553,1.6992003767857988,25.768197453450252
177.0,110.0,93.0,184.0,119.0,81.0,186.0,109.80557200000001,92.710107,183.506386,0.19442799999998783,0.2898930000000064,0.493614000000008,0.6045618079477125,15.132745950421556
178.0,126.0,51.0,186.0,145.0,45.0,187.0,126.03618400000002,50.653686,185.678666,-0.03618400000001998,0.34631399999999957,0.32133400000000734,0.47381241858778445,19.949937343260004
179.0,107.0,153.0,186.0,102.0,136.0,193.0,106.73770400000001,152.96285,186.502142,0.2622959999999921,0.03714999999999691,-0.5021419999999921,0.5677375293918728,19.05255888325765
180.0,213.0,188.0,187.0,203.0,189.0,208.0,212.415512,187.886521,187.57044199999999,0.5844879999999932,0.11347900000001232,-0.5704419999999857,0.8245652072146742,23.280893453645632
181.0,170.0,151.0,188.0,167.0,146.0,201.0,169.392311,150.629931,187.85721999999998,0.6076889999999935,0.37006900000000087,0.14278000000001612,0.7256880279307337,14.247806848775006
182.0,158.0,206.0,189.0,143.0,195.0,205.0,158.30144,205.943536,189.110978,-0.3014400000000137,0.0564640000000054,-0.1109779999999887,0.326144712328755,24.535688292770594
183.0,162.0,160.0,190.0,156.0,154.0,203.0,161.21403600000002,161.18412,189.94644599999998,0.7859639999999786,-1.1841200000000072,0.05355400000001964,1.4222333193298438,15.524174696260024
184.0,106.0,140.0,192.0,104.0,123.0,197.0,106.18058099999999,139.519631,191.4015,-0.18058099999998944,0.48036899999999605,0.5985000000000014,0.7883946497294322,17.832554500127006
185.0,169.0,113.0,193.0,174.0,110.0,204.0,168.37586399999998,112.54926700000001,193.53319,0.6241360000000213,0.4507329999999854,-0.5331899999999905,0.9364814786662913,12.449899597988733
186.0,157.0,153.0,193.0,153.0,145.0,205.0,156.72392000000002,152.70971600000001,192.96285799999998,0.276079999999979,0.29028399999998555,0.037142000000017106,0.40232386856857166,14.966629547095765
187.0,52.0,57.0,195.0,68.0,36.0,190.0,53.68748,57.194677,195.80958199999998,-1.6874800000000008,-0.19467699999999866,-0.8095819999999776,1.8817308254511234,26.870057685088806
188.0,180.0,162.0,195.0,175.0,158.0,210.0,180.231121,161.92736000000002,194.72605599999997,-0.2311210000000017,0.0726399999999785,0.2739440000000286,0.36570316019555166,16.30950643030009
189.0,161.0,41.0,196.0,182.0,43.0,201.0,160.999731,42.099333,196.25768799999997,0.0002690000000029613,-1.0993330000000014,-0.25768799999997327,1.129130737600385,21.6794833886788
190.0,120.0,215.0,196.0,102.0,195.0,209.0,121.05220300000002,214.500981,196.36778399999997,-1.05220300000002,0.4990190000000041,-0.3677839999999719,1.221235516280961,29.88310559496787
191.0,87.0,100.0,199.0,92.0,82.0,200.0,86.63892199999998,100.155125,199.125498,0.36107800000002044,-0.15512499999999818,-0.12549799999999323,0.4125419199463401,18.708286933869708
192.0,88.0,108.0,199.0,91.0,90.0,200.0,87.44234900000001,108.55135000000001,198.45931199999998,0.5576509999999928,-0.5513500000000136,0.5406880000000172,0.9525255763731625,18.275666882497067
193.0,24.0,147.0,199.0,17.0,113.0,195.0,23.927852,146.710626,197.64752199999998,0.07214799999999855,0.28937400000000935,1.3524780000000192,1.3849690921692286,34.942810419312295
194.0,30.0,163.0,199.0,20.0,129.0,198.0,30.429612999999996,162.70048200000002,198.785428,-0.42961299999999625,0.29951799999997775,0.21457200000000398,0.5659677599271756,35.45419580247167
195.0,223.0,175.0,199.0,217.0,178.0,218.0,223.915399,174.482722,197.05674,-0.9153990000000078,0.5172780000000046,1.9432600000000093,2.209477604793734,20.149441679609886
196.0,106.0,212.0,199.0,87.0,189.0,210.0,106.08627200000001,211.454047,199.138906,-0.08627200000000812,0.5459529999999972,-0.13890599999999154,0.5699143909649905,31.796226191169293
197.0,95.0,228.0,199.0,72.0,202.0,209.0,95.007588,227.730258,198.206382,-0.007587999999998374,0.2697420000000079,0.7936180000000093,0.8382409285116177,36.124783736376884
198.0,56.0,198.0,200.0,38.0,166.0,204.0,55.52973600000001,197.37787500000002,199.595206,0.47026399999999313,0.6221249999999827,0.40479400000000965,0.878661440918503,36.932370625238775
199.0,16.0,49.0,204.0,30.0,21.0,194.0,15.964987,49.781976,204.221952,0.035012999999999295,-0.7819760000000002,-0.2219519999999875,0.8136185009259529,32.863353450309965
200.0,123.0,121.0,204.0,125.0,108.0,210.0,123.55122100000003,120.81216,203.566456,-0.5512210000000266,0.18783999999999423,0.4335440000000119,0.7260088542001657,14.45683229480096
201.0,68.0,189.0,204.0,52.0,160.0,209.0,67.60067799999999,188.749996,203.803194,0.39932200000001217,0.2500039999999899,0.19680600000000936,0.5105807099137298,33.49626844888845
202.0,49.0,97.0,205.0,54.0,72.0,201.0,49.689512,97.65653800000001,204.18355,-0.6895120000000006,-0.6565380000000118,0.8164500000000032,1.254216706190769,25.80697580112788
203.0,27.0,181.0,207.0,12.0,144.0,207.0,27.220129999999997,180.302386,206.70353799999998,-0.2201299999999975,0.6976139999999873,0.29646200000001954,0.7893112360406336,39.92492955535426
204.0,31.0,65.0,208.0,44.0,39.0,200.0,33.302343,65.805938,207.14395199999998,-2.3023430000000005,-0.8059379999999976,0.8560480000000155,2.585176498384013,30.14962686336267
205.0,210.0,91.0,208.0,219.0,96.0,221.0,208.406737,90.295017,207.457056,1.5932630000000074,0.7049829999999986,0.5429440000000056,1.8249044371128116,16.583123951777
206.0,115.0,131.0,209.0,114.0,114.0,215.0,115.24553800000001,129.525078,208.72900199999998,-0.24553800000001047,1.4749219999999923,0.27099800000002006,1.5195801168520184,18.05547008526779
207.0,116.0,143.0,209.0,112.0,126.0,216.0,116.09250600000001,142.289501,208.73328999999998,-0.09250600000001441,0.7104989999999987,0.26671000000001754,0.7645262671334518,18.81488772222678
208.0,80.0,194.0,209.0,63.0,167.0,216.0,79.91645399999999,194.181895,208.966942,0.08354600000001255,-0.18189499999999725,0.033058000000011134,0.20287571689337744,32.66496594212215
209.0,91.0,205.0,209.0,72.0,180.0,217.0,91.08075,205.748852,207.963002,-0.08074999999999477,-0.7488519999999994,1.0369980000000112,1.2816648284196697,32.4037034920393
210.0,114.0,214.0,209.0,94.0,193.0,221.0,114.48693700000001,214.89739900000004,208.76420399999998,-0.4869370000000117,-0.8973990000000356,0.23579600000002188,1.0478703931241142,31.38470965295043
211.0,203.0,211.0,211.0,185.0,206.0,233.0,202.068973,210.66230900000002,211.524576,0.9310270000000003,0.3376909999999782,-0.5245759999999962,1.1207258656718786,28.861739379323623
212.0,215.0,238.0,211.0,192.0,234.0,236.0,214.82692600000001,238.13562900000002,211.205922,0.17307399999998552,-0.13562900000002287,-0.20592199999998684,0.3012535563292088,34.20526275297414
213.0,218.0,242.0,211.0,194.0,238.0,237.0,217.625586,241.897896,211.62696999999997,0.3744140000000016,0.10210399999999709,-0.6269699999999716,0.7373618183171441,35.608987629529715
214.0,147.0,161.0,212.0,139.0,149.0,224.0,146.64686400000002,160.947361,212.030106,0.3531359999999779,0.052638999999999214,-0.030105999999989308,0.3583047167607254,18.76166303929372
215.0,105.0,209.0,214.0,85.0,185.0,223.0,104.70180800000003,208.659138,212.185802,0.2981919999999718,0.3408619999999871,1.8141980000000046,1.8698715878669292,32.51153641401772
216.0,197.0,210.0,214.0,179.0,205.0,236.0,196.646552,211.057181,215.00308199999998,0.353447999999986,-1.0571810000000141,-1.0030819999999778,1.499576825037309,28.861739379323623
217.0,206.0,132.0,216.0,207.0,133.0,232.0,206.46074,131.377205,215.57107399999998,-0.46073999999998705,0.6227949999999964,0.42892600000001835,0.8855125482459293,16.06237840420901
218.0,46.0,163.0,216.0,35.0,130.0,217.0,46.339699,162.007951,215.722556,-0.3396990000000031,0.9920490000000086,0.2774440000000027,1.0846805069411087,34.79942528261063
219.0,171.0,189.0,216.0,157.0,181.0,233.0,170.973904,190.71064,216.194202,0.026095999999995456,-1.7106400000000122,-0.19420199999999,1.7218259574126642,23.430749027719962
220.0,230.0,137.0,217.0,231.0,142.0,236.0,230.842773,136.024674,216.58065599999998,-0.842772999999994,0.9753259999999955,0.4193440000000237,1.3554986263884596,19.672315572906
221.0,86.0,222.0,217.0,61.0,192.0,228.0,84.67250100000001,221.022038,218.33552799999998,1.3274989999999889,0.9779619999999909,-1.3355279999999823,2.1218619906178877,40.570925550201586
222.0,77.0,45.0,218.0,92.0,28.0,215.0,76.531982,45.880406,218.61340199999998,0.4680180000000007,-0.8804060000000007,-0.6134019999999794,1.1706483617055876,22.869193252058544
223.0,217.0,55.0,221.0,234.0,65.0,235.0,216.924553,56.480009,222.581516,0.07544699999999693,-1.4800090000000026,-1.5815159999999935,2.167328251129945,24.186773244895647
224.0,31.0,86.0,221.0,35.0,56.0,216.0,30.312035,86.14205999999999,221.69184399999997,0.6879649999999984,-0.14205999999998653,-0.6918439999999748,0.9859639979030467,30.675723300355934
225.0,38.0,75.0,222.0,44.0,46.0,217.0,36.52615600000001,74.150554,222.842222,1.4738439999999926,0.8494460000000004,-0.8422219999999925,1.8981866453370613,30.033314835362415
226.0,39.0,70.0,226.0,46.0,42.0,221.0,37.906057999999994,69.92586399999999,226.898586,1.0939420000000055,0.07413600000000997,-0.8985859999999946,1.4176254954168974,29.29163703175362
227.0,90.0,71.0,226.0,101.0,53.0,226.0,91.289118,70.42970500000001,226.10542999999998,-1.289118000000002,0.5702949999999873,-0.10542999999998415,1.4135689193841903,21.095023109728988
228.0,81.0,92.0,227.0,86.0,71.0,227.0,81.488587,91.96551500000001,226.62856799999997,-0.48858699999999544,0.03448499999998944,0.3714320000000271,0.614709852221367,21.587033144922902
229.0,107.0,190.0,227.0,90.0,166.0,237.0,106.618594,189.155272,227.01769,0.38140599999999836,0.8447280000000035,-0.01768999999998755,0.927010715644649,31.064449134018133
230.0,123.0,43.0,228.0,140.0,33.0,229.0,123.104207,42.274273,227.6222,-0.10420700000000238,0.7257269999999991,0.3778000000000077,0.8247858009071234,19.748417658131498
231.0,101.0,66.0,229.0,110.0,52.0,232.0,99.945334,68.00221300000001,231.222794,1.0546659999999974,-2.002213000000012,-2.2227939999999933,3.1720640654565933,16.911534525287763
232.0,70.0,179.0,235.0,54.0,149.0,240.0,70.20138299999999,179.220958,234.48911199999998,-0.20138299999999276,-0.220957999999996,0.5108880000000227,0.5919325121979857,34.36568055487916
233.0,88.0,60.0,236.0,99.0,41.0,236.0,87.87981199999999,59.233257,237.01566599999998,0.12018800000001306,0.7667429999999982,-1.0156659999999818,1.2782477877739367,21.95449840010015
234.0,33.0,159.0,238.0,20.0,123.0,238.0,33.178823,159.318676,237.82726399999999,-0.1788230000000013,-0.3186760000000106,0.17273600000001466,0.40419028192302237,38.27531841800928
235.0,38.0,158.0,245.0,24.0,122.0,245.0,37.34418800000001,157.970166,244.32233399999998,0.6558119999999903,0.02983399999999392,0.6776660000000163,0.9435097532384119,38.62641583165593
236.0,137.0,198.0,8.0,139.0,200.0,17.0,136.71344100000002,198.882613,8.119967999999998,0.2865589999999827,-0.8826129999999921,-0.1199679999999983,0.9356890986187536,9.433981132056603
237.0,139.0,96.0,10.0,164.0,106.0,12.0,138.936546,97.20528900000002,10.036042,0.06345400000000723,-1.2052890000000218,-0.03604200000000013,1.20749617365897,27.0
238.0,133.0,209.0,11.0,133.0,209.0,21.0,133.544284,209.58939200000003,11.623809999999997,-0.5442840000000047,-0.5893920000000321,-0.6238099999999971,1.0162514051257392,10.0
239.0,211.0,177.0,16.0,221.0,193.0,32.0,212.028662,176.18698700000002,16.387926000000004,-1.028661999999997,0.8130129999999838,-0.38792600000000377,1.3673412997086611,24.73863375370596
240.0,79.0,121.0,18.0,96.0,115.0,15.0,78.727249,120.365545,17.732691999999997,0.2727509999999995,0.6344550000000027,0.26730800000000343,0.7405267192276083,18.275666882497067
241.0,139.0,13.0,20.0,183.0,28.0,16.0,140.002139,13.750195999999999,19.610276,-1.0021389999999997,-0.750195999999999,0.38972400000000107,1.311091686310686,46.65833258915282
242.0,173.0,187.0,20.0,178.0,195.0,33.0,173.070087,186.98965700000002,20.737695999999996,-0.0700870000000009,0.010342999999977565,-0.7376959999999961,0.741090111682779,16.06237840420901
243.0,194.0,29.0,22.0,236.0,51.0,25.0,194.535209,27.225751000000002,21.707395999999996,-0.5352090000000089,1.7742489999999975,0.2926040000000043,1.87617304332463,47.50789408087881
244.0,84.0,122.0,23.0,101.0,117.0,22.0,84.456662,121.887901,23.863622,-0.45666199999999435,0.11209900000000061,-0.8636219999999994,0.983335815949462,17.74823934929885
245.0,175.0,188.0,23.0,179.0,196.0,35.0,174.40571300000002,187.950155,22.484879999999997,0.59428699999998,0.0498450000000048,0.5151200000000031,0.7880419892327946,14.966629547095765
246.0,193.0,44.0,24.0,230.0,66.0,29.0,192.657402,44.078216,24.649241999999997,0.3425980000000095,-0.07821599999999762,-0.6492419999999974,0.7382454245195177,43.3358973600409
247.0,189.0,25.0,26.0,230.0,48.0,29.0,188.783352,25.641158,26.335229999999996,0.21664799999999218,-0.6411580000000008,-0.3352299999999957,0.7552477009352592,47.10626285325551
248.0,164.0,223.0,27.0,161.0,226.0,41.0,164.937833,222.728753,26.943431999999998,-0.9378330000000119,0.27124699999998825,0.05656800000000217,0.9779087940713164,14.628738838327793
249.0,181.0,45.0,28.0,216.0,65.0,31.0,179.78698300000002,46.019807,27.830887999999998,1.2130169999999794,-1.0198070000000001,0.16911200000000193,1.593742585263364,40.422765862815474
250.0,183.0,45.0,29.0,221.0,63.0,32.0,184.04941200000002,43.030457,28.564506,-1.049412000000018,1.9695430000000016,0.4354939999999985,2.273767841849524,42.15447781671598
251.0,51.0,216.0,29.0,45.0,197.0,31.0,51.154900000000005,215.762966,29.684258,-0.15490000000000492,0.2370339999999942,-0.6842579999999998,0.7405323340138488,20.024984394500787
252.0,89.0,125.0,30.0,105.0,120.0,29.0,89.48292699999999,124.636515,29.984028,-0.48292699999998945,0.36348499999999717,0.01597200000000143,0.6046444718493569,16.792855623746664
253.0,19.0,114.0,33.0,34.0,96.0,24.0,18.607974,114.048653,33.325114,0.3920260000000013,-0.04865300000000161,-0.32511399999999924,0.5116156878761642,25.099800796022265
254.0,55.0,28.0,34.0,91.0,23.0,23.0,55.14279600000001,27.694353999999997,34.461642,-0.14279600000001125,0.30564600000000297,-0.46164199999999767,0.5717722545699493,37.97367509209505
255.0,25.0,41.0,34.0,57.0,30.0,20.0,25.121647000000003,41.524248,33.74682,-0.12164700000000295,-0.524248,0.2531800000000004,0.5947554711921539,36.61966684720111
256.0,128.0,135.0,34.0,142.0,137.0,38.0,128.030679,135.198016,33.973416,-0.03067899999999213,-0.19801599999999553,0.02658399999999972,0.20213422855369578,14.696938456699069
257.0,205.0,185.0,37.0,210.0,198.0,54.0,205.22499200000001,185.050273,37.99807,-0.2249920000000145,-0.05027300000000423,-0.9980699999999985,1.0243497935241672,21.97726097583591
258.0,60.0,215.0,37.0,55.0,198.0,40.0,61.46298099999999,215.38935,37.417136,-1.462980999999992,-0.3893500000000074,-0.4171359999999993,1.5703213911034206,17.97220075561143
259.0,57.0,204.0,40.0,53.0,187.0,41.0,57.35977400000001,204.59531,39.575742,-0.3597740000000087,-0.595310000000012,0.4242580000000018,0.8147552870279653,17.4928556845359
260.0,214.0,178.0,43.0,220.0,193.0,60.0,213.938681,178.32368,43.406955999999994,0.06131899999999746,-0.32367999999999597,-0.4069559999999939,0.5235856645258654,23.45207879911715
261.0,46.0,16.0,44.0,84.0,10.0,31.0,46.724371999999995,16.345316,43.957262,-0.7243719999999954,-0.3453160000000004,0.04273799999999994,0.803607162041251,40.607881008493905
262.0,40.0,168.0,44.0,43.0,149.0,41.0,39.99749400000001,167.69240200000002,43.96647,0.002505999999989683,0.3075979999999845,0.03352999999999895,0.3094302353358352,19.467922333931785
263.0,118.0,146.0,45.0,128.0,144.0,49.0,117.79118600000001,145.955728,45.063698,0.20881399999998962,0.04427200000000653,-0.06369800000000225,0.22275711387966163,10.954451150103322
264.0,130.0,150.0,45.0,140.0,150.0,51.0,130.30504,149.815884,45.427989999999994,-0.3050399999999911,0.18411599999998884,-0.4279899999999941,0.5568873702607965,11.661903789690601
265.0,38.0,161.0,45.0,42.0,142.0,42.0,37.67356,160.793509,45.66727,0.32643999999999807,0.20649099999999976,-0.667270000000002,0.7710063939948886,19.6468827043885
266.0,48.0,175.0,46.0,50.0,158.0,45.0,48.767186,175.77348,46.389466,-0.7671860000000024,-0.7734800000000064,-0.38946599999999876,1.1569483282117714,17.146428199482248
267.0,58.0,139.0,47.0,69.0,125.0,44.0,59.01283399999999,138.065547,46.93875,-1.012833999999991,0.9344529999999907,0.06125000000000114,1.379415341101064,18.05547008526779
268.0,119.0,202.0,47.0,117.0,196.0,55.0,119.48686699999999,201.854669,46.879604,-0.4868669999999895,0.14533099999999877,0.1203959999999995,0.5221645067083641,10.198039027185569
269.0,106.0,91.0,48.0,129.0,89.0,48.0,106.77117000000001,89.349199,49.17019,-0.7711700000000121,1.6508010000000013,-1.170189999999998,2.165454166358877,23.08679276123039
270.0,216.0,195.0,48.0,217.0,208.0,65.0,214.917007,194.63931100000002,47.061372,1.0829929999999877,0.3606889999999794,0.9386280000000014,1.4778338591174451,21.42428528562855
271.0,43.0,161.0,49.0,48.0,145.0,45.0,44.132515000000005,162.861781,47.773408,-1.132515000000005,-1.8617810000000077,1.2265919999999966,2.500669240753369,17.233687939614086
272.0,28.0,50.0,50.0,56.0,38.0,38.0,27.743326000000003,51.164219,50.396562,0.25667399999999674,-1.1642190000000028,-0.39656200000000297,1.2564031367682138,32.7414110874898
273.0,104.0,148.0,50.0,113.0,142.0,52.0,103.888183,147.144112,49.384147999999996,0.11181700000000205,0.8558879999999931,0.6158520000000038,1.0603400378826566,11.0
274.0,50.0,151.0,50.0,57.0,135.0,47.0,50.44765,150.93937200000002,49.88578199999999,-0.447650000000003,0.06062799999997992,0.11421800000000815,0.46595281779167524,17.72004514666935
275.0,120.0,160.0,50.0,126.0,156.0,55.0,119.143224,159.06563599999998,49.877966,0.8567759999999964,0.9343640000000164,0.12203399999999931,1.2735750844877676,8.774964387392123
276.0,147.0,65.0,51.0,176.0,75.0,53.0,147.426621,65.861831,51.38382,-0.42662100000001146,-0.8618309999999951,-0.38382000000000005,1.0354110017775557,30.740852297878796
277.0,36.0,167.0,51.0,39.0,146.0,47.0,36.284411,165.842049,50.352012,-0.28441099999999864,1.157950999999997,0.647987999999998,1.3570661676815872,21.587033144922902
278.0,37.0,13.0,52.0,74.0,5.0,38.0,37.17161500000001,13.72736,51.990984,-0.17161500000000984,-0.7273599999999991,0.009016000000002578,0.7473858214342858,40.36087214122113
279.0,55.0,28.0,52.0,88.0,22.0,41.0,53.990704,28.519750000000002,52.120661999999996,1.009295999999999,-0.5197500000000019,-0.12066199999999583,1.1416557258473323,35.298725189445584
280.0,111.0,149.0,52.0,119.0,145.0,55.0,110.347138,149.21238400000001,51.490286,0.6528619999999989,-0.21238400000001434,0.5097140000000024,0.8550696558152484,9.433981132056603
281.0,120.0,24.0,53.0,158.0,30.0,48.0,120.705712,23.059287,52.285365999999996,-0.7057120000000054,0.9407129999999988,0.7146340000000038,1.3761076009051803,38.79432948254165
282.0,32.0,100.0,53.0,50.0,84.0,45.0,32.84053599999999,99.976686,53.32075,-0.8405359999999931,0.02331399999999917,-0.32074999999999676,0.8999582614721564,25.37715508089904
283.0,51.0,145.0,54.0,59.0,129.0,51.0,51.397102,144.66612,54.129478,-0.39710199999999674,0.3338799999999935,-0.12947799999999887,0.534724606959501,18.138357147217054
284.0,88.0,154.0,54.0,95.0,145.0,56.0,88.40719999999999,154.128929,54.44769,-0.4071999999999889,-0.1289289999999994,-0.4476900000000015,0.6187575156238444,11.575836902790225
285.0,25.0,77.0,55.0,47.0,61.0,44.0,25.034228000000006,76.955057,54.762498,-0.03422800000000592,0.04494300000000351,0.2375019999999992,0.24412830486651962,29.34280150224242
286.0,123.0,84.0,56.0,147.0,86.0,57.0,123.56533500000003,83.262643,56.612595999999996,-0.565335000000033,0.7373570000000029,-0.6125959999999964,1.112911886399834,24.1039415863879
287.0,48.0,136.0,56.0,57.0,120.0,52.0,47.72434500000001,135.92064200000002,56.100752,0.2756549999999933,0.07935799999998494,-0.10075199999999995,0.30403015753867896,18.788294228055936
288.0,39.0,52.0,59.0,66.0,40.0,48.0,38.367645999999986,51.883981,58.997769999999996,0.6323540000000136,0.11601900000000143,0.002230000000004395,0.6429128732394597,31.52776554086889
289.0,202.0,82.0,60.0,228.0,100.0,69.0,202.17886600000003,82.07160400000001,60.110722,-0.17886600000002773,-0.07160400000000777,-0.11072200000000265,0.22221507612223707,32.87856444554719
290.0,202.0,81.0,61.0,228.0,99.0,70.0,202.06465500000002,81.11642,61.166384,-0.06465500000001612,-0.11642000000000507,-0.16638400000000075,0.21311386834507864,32.87856444554719
291.0,105.0,86.0,62.0,127.0,84.0,61.0,105.171481,85.530009,62.310752,-0.171481,0.46999099999999316,-0.3107520000000008,0.5889516779380072,22.11334438749598
292.0,35.0,91.0,63.0,53.0,75.0,54.0,34.56775600000001,90.774099,62.572281999999994,0.4322439999999901,0.22590099999999325,0.4277180000000058,0.6486977916264194,25.709920264364882
293.0,162.0,146.0,63.0,172.0,151.0,72.0,162.02949500000003,145.82793800000002,62.875696,-0.029495000000025584,0.17206199999998262,0.12430400000000219,0.21430532257738275,14.352700094407323
294.0,98.0,203.0,63.0,93.0,192.0,71.0,98.20123900000002,203.71054500000002,64.641612,-0.20123900000001527,-0.7105450000000246,-1.641611999999995,1.8000725792839645,14.491376746189438
295.0,38.0,89.0,64.0,57.0,74.0,56.0,38.228051,89.080104,64.257372,-0.22805100000000067,-0.08010400000000573,-0.2573720000000037,0.35307825733256804,25.495097567963924
296.0,57.0,33.0,65.0,89.0,26.0,55.0,57.184172999999994,33.382255,65.1308,-0.18417299999999415,-0.3822550000000007,-0.1307999999999936,0.44401263377745986,34.249087579087416
297.0,40.0,87.0,65.0,59.0,73.0,57.0,39.950585999999994,87.720966,65.14675,0.04941400000000584,-0.7209660000000042,-0.14674999999999727,0.7374071324933099,24.919871588754223
298.0,221.0,220.0,65.0,216.0,231.0,86.0,221.070103,219.850788,65.192112,-0.07010299999998892,0.14921200000000567,-0.1921119999999945,0.2531514805348727,24.228082879171435
299.0,71.0,39.0,71.0,101.0,33.0,63.0,70.51933600000001,38.681274,71.173402,0.4806639999999902,0.31872599999999807,-0.17340199999999584,0.6022394852348922,31.622776601683793
300.0,51.0,57.0,71.0,77.0,47.0,63.0,51.49153400000001,57.868656,71.857486,-0.4915340000000086,-0.8686560000000014,-0.8574859999999944,1.3158461763017748,28.982753492378876
301.0,176.0,140.0,71.0,187.0,148.0,82.0,176.169555,140.41641,71.529524,-0.16955500000000256,-0.41641000000001327,-0.529523999999995,0.694652325052617,17.4928556845359
302.0,90.0,97.0,73.0,107.0,91.0,72.0,89.42175,97.499583,73.899886,0.578249999999997,-0.4995830000000012,-0.8998859999999951,1.1805723397509316,18.05547008526779
303.0,180.0,152.0,73.0,190.0,160.0,85.0,181.810416,152.309142,73.04209399999999,-1.8104160000000036,-0.30914200000000847,-0.04209399999999164,1.8371028207631759,17.549928774784245
304.0,112.0,28.0,74.0,146.0,29.0,69.0,111.591305,25.909767000000002,73.578652,0.4086949999999945,2.090232999999998,0.4213479999999947,2.171091830028841,34.38022687534217
305.0,17.0,153.0,76.0,19.0,127.0,71.0,16.252012,152.078578,76.88241,0.7479879999999994,0.9214220000000068,-0.882409999999993,1.4789022815345167,26.551836094703507
306.0,153.0,233.0,79.0,144.0,229.0,93.0,155.22389500000003,232.828249,78.09964,-2.2238950000000273,0.17175100000000043,0.9003600000000063,2.4053805326031332,17.11724276862369
307.0,111.0,10.0,82.0,148.0,13.0,77.0,110.792563,9.670093000000003,82.60699199999999,0.20743699999999876,0.32990699999999684,-0.6069919999999911,0.7213238008564438,37.456641600656084
308.0,215.0,138.0,82.0,226.0,153.0,96.0,214.476423,138.62807,81.28659999999999,0.5235769999999889,-0.6280700000000081,0.7134000000000071,1.0851471604483,23.280893453645632
309.0,217.0,218.0,82.0,211.0,227.0,103.0,217.334576,217.93819800000003,82.336418,-0.33457599999999843,0.06180199999997171,-0.3364179999999948,0.4784743020309366,23.62202362203543
310.0,92.0,21.0,83.0,127.0,17.0,76.0,92.266616,17.939637,83.016314,-0.2666159999999991,3.060362999999999,-0.016313999999994167,3.071998035452007,35.91656999213594
311.0,100.0,99.0,84.0,116.0,94.0,84.0,99.54495,99.583797,84.41456199999999,0.45504999999999995,-0.5837970000000041,-0.41456199999998944,0.8483814540364469,16.76305461424021
312.0,226.0,132.0,85.0,238.0,149.0,100.0,225.04005500000002,132.38361,84.51154399999999,0.9599449999999763,-0.38361000000000445,0.48845600000001355,1.1433460976716416,25.65151067676132
313.0,36.0,37.0,87.0,65.0,24.0,76.0,36.834065,37.632177999999996,87.515456,-0.8340650000000025,-0.6321779999999961,-0.5154560000000004,1.1666226192925455,33.63034344160047
314.0,51.0,63.0,87.0,74.0,50.0,79.0,50.998314000000015,62.652982,87.21785,0.0016859999999851993,0.3470179999999985,-0.21784999999999854,0.4097352284341661,27.60434748368452
315.0,114.0,221.0,87.0,103.0,208.0,96.0,113.35391899999999,219.806696,86.361436,0.6460810000000095,1.193304000000012,0.6385640000000024,1.4997196661619943,19.261360284258224
316.0,154.0,221.0,92.0,144.0,216.0,107.0,153.840166,220.47995400000002,92.78524199999998,0.15983399999998937,0.5200459999999794,-0.7852419999999825,0.9553008679133227,18.708286933869708
317.0,109.0,238.0,92.0,94.0,224.0,103.0,109.23926,238.496664,92.34503000000001,-0.23926000000000158,-0.49666400000000976,-0.3450300000000084,0.6503584991341439,23.280893453645632
318.0,90.0,239.0,93.0,74.0,221.0,102.0,90.125111,239.39426400000002,93.32687200000001,-0.12511100000000397,-0.39426400000002104,-0.3268720000000087,0.5272022082664518,25.709920264364882
319.0,106.0,232.0,94.0,92.0,217.0,104.0,105.99695300000002,231.79974800000002,94.128972,0.003046999999980926,0.20025199999997767,-0.12897200000000453,0.2382098329141602,22.825424421026653
320.0,106.0,48.0,95.0,133.0,46.0,92.0,105.634603,47.537476,95.193084,0.3653970000000015,0.46252400000000193,-0.19308399999999892,0.6202619198701484,27.23967694375247
321.0,230.0,154.0,99.0,234.0,171.0,118.0,227.919765,156.969446,100.099388,2.0802349999999876,-2.969446000000005,-1.0993880000000047,3.788619956750081,25.80697580112788
322.0,77.0,60.0,100.0,101.0,52.0,94.0,77.74004500000001,60.28462,99.21562399999999,-0.7400450000000092,-0.28461999999999676,0.7843760000000088,1.115311999308277,26.0
323.0,183.0,70.0,100.0,208.0,81.0,107.0,183.560663,69.275491,100.10906399999999,-0.5606630000000052,0.7245089999999976,-0.10906399999998939,0.922578585674955,28.19574435974337
324.0,177.0,126.0,100.0,186.0,134.0,111.0,175.167438,128.28226600000002,100.82187400000001,1.8325619999999958,-2.2822660000000212,-0.8218740000000082,3.0401477678685445,16.30950643030009
325.0,171.0,129.0,101.0,182.0,134.0,111.0,171.49394600000002,129.09017400000002,101.15444199999999,-0.4939460000000224,-0.09017400000001885,-0.15444199999998887,0.5253249780431367,15.684387141358123
326.0,182.0,71.0,102.0,207.0,82.0,108.0,182.958529,70.570846,101.06053599999998,-0.9585289999999986,0.4291539999999969,0.9394640000000152,1.4090931860075908,27.964262908219126
327.0,114.0,106.0,103.0,128.0,101.0,105.0,114.193295,105.78107700000001,102.963112,-0.1932950000000062,0.21892299999998954,0.036888000000004695,0.29436535376636663,15.0
328.0,120.0,102.0,104.0,134.0,98.0,106.0,119.158872,101.56546900000001,103.707254,0.8411279999999977,0.4345309999999927,0.29274599999999396,0.9909660553525464,14.696938456699069
329.0,165.0,81.0,109.0,186.0,88.0,115.0,165.671144,81.441728,108.97849399999998,-0.6711439999999982,-0.4417279999999977,0.021506000000016456,0.8037539441620155,22.93468988235943
330.0,169.0,57.0,110.0,195.0,68.0,115.0,169.632001,59.138315,110.10353599999999,-0.6320010000000025,-2.1383149999999986,-0.10353599999999119,2.232159493970356,28.6705423736629
331.0,153.0,82.0,110.0,173.0,86.0,115.0,153.30184500000001,82.018867,110.24667199999999,-0.30184500000001435,-0.01886700000000019,-0.24667199999998957,0.39027354931894054,21.0
332.0,104.0,201.0,112.0,95.0,186.0,120.0,103.69632100000001,200.546658,112.175128,0.30367899999998826,0.45334199999999214,-0.17512800000000084,0.5730704323108862,19.235384061671343
333.0,47.0,61.0,116.0,67.0,45.0,108.0,46.42298400000001,60.949229,116.16605799999999,0.5770159999999933,0.05077099999999746,-0.1660579999999925,0.6025781427010024,26.832815729997478
334.0,165.0,40.0,118.0,194.0,49.0,121.0,165.230437,40.293535000000006,117.73830799999999,-0.2304369999999949,-0.29353500000000565,0.2616920000000107,0.4557923979818077,30.512292604784715
335.0,87.0,59.0,118.0,109.0,51.0,114.0,86.89208399999998,59.026463,117.884074,0.10791600000001722,-0.02646299999999968,0.11592600000000175,0.1605770559606948,23.748684174075834
336.0,55.0,26.0,119.0,84.0,14.0,109.0,55.464363999999996,25.832006,118.61828599999998,-0.4643639999999962,0.1679940000000002,0.38171400000001654,0.6241486091693301,32.93933818400121
337.0,43.0,28.0,120.0,70.0,13.0,109.0,42.391917,27.635403,119.87593999999999,0.6080830000000006,0.36459699999999984,0.12406000000001427,0.719782460815769,32.78719262151
338.0,22.0,39.0,120.0,46.0,19.0,108.0,21.541300999999997,38.55944,120.34735599999999,0.45869900000000285,0.44055999999999784,-0.34735599999999067,0.724675152697396,33.46640106136302
339.0,200.0,181.0,121.0,199.0,186.0,138.0,201.025365,180.784796,120.844288,-1.0253649999999936,0.21520399999999995,0.15571199999999408,1.05921309082969,17.74823934929885
340.0,33.0,44.0,122.0,57.0,25.0,111.0,33.23779600000001,42.69067,121.756786,-0.2377960000000101,1.3093300000000028,0.2432139999999947,1.352791571644357,32.526911934581186
341.0,189.0,124.0,123.0,199.0,131.0,135.0,188.884948,124.24205,123.10992999999999,0.1150519999999915,-0.2420500000000061,-0.10992999999999142,0.28967183174067707,17.11724276862369
342.0,187.0,167.0,124.0,187.0,170.0,139.0,186.66230299999998,166.889121,124.30264399999999,0.3376970000000199,0.11087900000001127,-0.3026439999999866,0.4668263137249311,15.297058540778355
343.0,185.0,176.0,124.0,182.0,179.0,139.0,184.007463,177.117535,123.87536,0.9925369999999987,-1.1175350000000037,0.12463999999999942,1.4998497598739702,15.588457268119896
344.0,145.0,207.0,124.0,135.0,199.0,137.0,144.94640400000003,206.95788,123.98572199999998,0.053595999999970445,0.04212000000001126,0.014278000000018665,0.06964543703645137,18.24828759089466
345.0,149.0,144.0,126.0,153.0,141.0,135.0,148.79204,143.775802,125.99780200000001,0.20796000000001413,0.22419800000000123,0.002197999999992817,0.3058053891088357,10.295630140987
346.0,180.0,155.0,126.0,183.0,159.0,139.0,180.621336,156.429938,125.665538,-0.6213360000000137,-1.4299379999999928,0.33446200000000204,1.5945676336185923,13.92838827718412
347.0,212.0,209.0,126.0,203.0,213.0,147.0,211.41905800000004,208.25434800000002,126.640702,0.5809419999999648,0.7456519999999784,-0.6407020000000045,1.1419236249731997,23.194827009486403
348.0,76.0,39.0,127.0,102.0,30.0,120.0,76.54983200000001,39.344983,126.20503,-0.5498320000000092,-0.34498299999999915,0.7949700000000064,1.0263068738993322,28.39013913315678
349.0,141.0,128.0,127.0,148.0,125.0,133.0,140.554547,128.258997,125.98817600000001,0.44545299999998633,-0.2589969999999937,1.01182399999999,1.135471544422829,9.695359714832659
350.0,171.0,187.0,127.0,166.0,185.0,141.0,170.806873,186.633047,126.56762799999998,0.19312700000000405,0.3669529999999952,0.4323720000000151,0.5990810368572945,15.0
351.0,26.0,90.0,129.0,39.0,68.0,121.0,26.971897000000006,91.061309,128.845664,-0.9718970000000056,-1.0613089999999943,0.1543360000000007,1.4473355426389551,26.77685567799177
352.0,115.0,105.0,129.0,127.0,98.0,132.0,115.35662499999998,104.77583000000001,129.301144,-0.35662499999997976,0.22416999999998666,-0.30114399999999364,0.5178042953288199,14.212670403551895
353.0,225.0,164.0,129.0,227.0,175.0,147.0,225.28146,164.48422200000002,128.204602,-0.2814600000000098,-0.4842220000000168,0.7953980000000058,0.9728045308735106,21.18962010041709
354.0,123.0,191.0,129.0,117.0,181.0,139.0,124.74366799999999,192.294602,129.092258,-1.7436679999999853,-1.2946019999999976,-0.09225799999998685,2.173679822603122,15.362291495737216
355.0,73.0,39.0,131.0,97.0,27.0,125.0,71.817362,37.62751,131.711718,1.1826379999999972,1.372489999999999,-0.7117179999999905,1.9465107116756326,27.49545416973504
356.0,42.0,76.0,131.0,58.0,57.0,124.0,42.35655099999999,76.163946,131.18228,-0.35655099999998896,-0.1639459999999957,-0.18227999999999156,0.43270417714298487,25.80697580112788
357.0,53.0,77.0,131.0,69.0,60.0,125.0,53.205343000000006,77.084139,130.948716,-0.20534300000000627,-0.0841389999999933,0.051284000000009655,0.22776120746519246,24.1039415863879
358.0,74.0,56.0,133.0,95.0,44.0,128.0,73.94248300000001,55.651531999999996,133.17166799999998,0.05751699999999005,0.348468000000004,-0.1716679999999826,0.39269333396047823,24.698178070456937
359.0,51.0,24.0,134.0,78.0,11.0,124.0,50.823660999999994,25.00748,133.82807599999998,0.1763390000000058,-1.007480000000001,0.1719240000000184,1.0371447609167248,31.591137997862628
360.0,218.0,127.0,136.0,227.0,138.0,152.0,217.82320500000003,126.93131,136.480224,0.17679499999997006,0.06869000000000369,-0.48022399999999266,0.5163234241257924,21.400934559032695
361.0,102.0,173.0,137.0,97.0,158.0,144.0,101.93110300000001,173.12116400000002,137.719396,0.06889699999999266,-0.12116400000002159,-0.719395999999989,0.7327742601381332,17.291616465790582
362.0,71.0,27.0,141.0,97.0,16.0,133.0,70.25799900000001,26.913195,140.438012,0.7420009999999877,0.08680499999999824,0.5619880000000137,0.9348428232435637,29.34280150224242
363.0,86.0,65.0,141.0,105.0,55.0,138.0,86.503828,65.589823,140.929882,-0.5038279999999986,-0.5898229999999955,0.0701180000000079,0.778877627639281,21.6794833886788
364.0,230.0,196.0,142.0,224.0,204.0,164.0,230.485104,195.968951,142.091646,-0.48510400000000686,0.031048999999995885,-0.09164599999999723,0.4946604093042073,24.166091947189145
365.0,204.0,112.0,146.0,215.0,120.0,159.0,203.63577700000002,111.401655,145.897888,0.3642229999999813,0.5983449999999948,0.10211200000000531,0.7078855792414345,18.81488772222678
366.0,46.0,117.0,146.0,52.0,95.0,143.0,46.944129,117.61132900000001,146.399748,-0.9441289999999967,-0.611329000000012,-0.3997479999999882,1.1936922460944441,23.0
367.0,52.0,33.0,147.0,76.0,18.0,138.0,51.90768599999999,33.548759000000004,146.80664199999998,0.09231400000000889,-0.548759000000004,0.19335800000001768,0.5891057891762844,29.698484809834994
368.0,48.0,30.0,148.0,73.0,14.0,138.0,48.291667,30.057566,147.430732,-0.2916669999999968,-0.05756600000000134,0.5692679999999939,0.6422223439502797,31.32091952673165
369.0,144.0,59.0,148.0,164.0,60.0,151.0,143.077142,59.692846,148.062122,0.9228579999999909,-0.692846000000003,-0.06212199999998802,1.1556650080209168,20.248456731316587
370.0,113.0,83.0,148.0,127.0,76.0,149.0,112.33891299999999,83.416297,147.71572799999998,0.6610870000000091,-0.41629700000000014,0.2842720000000156,0.8313541867110679,15.684387141358123
371.0,125.0,74.0,149.0,142.0,70.0,151.0,125.02518600000002,74.37915000000001,148.954586,-0.02518600000001925,-0.37915000000000987,0.04541399999999385,0.38268980714412537,17.578395831246947
372.0,218.0,115.0,149.0,228.0,126.0,164.0,217.371046,115.267125,149.065026,0.6289539999999931,-0.26712499999999295,-0.06502599999998893,0.6864162588524445,21.118712081942874
373.0,194.0,113.0,150.0,204.0,119.0,163.0,193.722505,112.875509,150.7541,0.2774949999999876,0.12449100000000612,-0.754099999999994,0.8131225578631954,17.46424919657298
374.0,59.0,120.0,150.0,64.0,99.0,148.0,59.330575,119.630214,149.83736,-0.33057500000000317,0.36978600000000483,0.16264000000001033,0.5219897374671355,21.6794833886788
375.0,81.0,118.0,151.0,86.0,102.0,152.0,80.58451200000002,118.53595100000001,151.575222,0.4154879999999821,-0.5359510000000114,-0.5752219999999966,0.889243555967089,16.792855623746664
376.0,225.0,201.0,151.0,216.0,207.0,172.0,224.59190700000002,201.210386,150.17175199999997,0.4080929999999796,-0.21038599999999974,0.8282480000000305,0.9469936193813736,23.62202362203543
377.0,192.0,195.0,152.0,184.0,195.0,170.0,192.419243,195.24408400000002,152.03229599999997,-0.4192429999999945,-0.24408400000001507,-0.0322959999999739,0.4861941214381361,19.697715603592208
378.0,104.0,95.0,153.0,115.0,85.0,154.0,103.76053199999998,95.404035,152.68041799999997,0.23946800000001645,-0.40403499999999326,0.31958200000002535,0.568086136930852,14.89966442575134
379.0,57.0,212.0,153.0,41.0,184.0,158.0,57.512261,212.03054,153.407976,-0.5122610000000023,-0.03054000000000201,-0.4079759999999908,0.6555825198226346,32.63433774416144
380.0,176.0,47.0,154.0,200.0,54.0,159.0,175.65533200000002,46.82876400000001,153.32697399999998,0.34466799999998443,0.17123599999999328,0.6730260000000214,0.7752946501788954,25.495097567963924
381.0,101.0,68.0,154.0,118.0,59.0,153.0,100.81878700000001,68.097701,153.90431199999998,0.1812129999999854,-0.0977010000000007,0.09568800000002398,0.22702385362335703,19.261360284258224
382.0,243.0,187.0,155.0,238.0,197.0,178.0,243.24994700000005,186.938664,155.05126399999997,-0.24994700000004855,0.06133600000001138,-0.051263999999974885,0.2624187596209979,25.573423705088842
383.0,185.0,15.0,157.0,216.0,26.0,161.0,184.52502800000002,15.055457999999998,156.543342,0.47497199999997974,-0.05545799999999801,0.45665800000000445,0.6612189648762236,33.13608305156178
384.0,85.0,160.0,159.0,80.0,140.0,163.0,84.363978,159.43055800000002,159.096722,0.636021999999997,0.5694419999999809,-0.09672199999999975,0.8591526762642215,21.0
385.0,105.0,91.0,163.0,117.0,80.0,164.0,105.531293,90.569646,162.60242399999998,-0.5312930000000051,0.43035399999999413,0.39757600000001503,0.7909130754646887,16.30950643030009
386.0,155.0,186.0,163.0,146.0,178.0,177.0,154.569342,185.99011199999998,163.51798599999998,0.430657999999994,0.009888000000017882,-0.5179859999999792,0.6737014039646746,18.466185312619388
387.0,176.0,120.0,164.0,184.0,121.0,176.0,177.098677,119.861872,164.73555599999997,-1.0986770000000092,0.1381279999999947,-0.7355559999999741,1.3293656847718691,14.45683229480096
388.0,131.0,31.0,166.0,157.0,29.0,166.0,131.491766,30.390429,165.977702,-0.4917660000000126,0.609570999999999,0.02229800000000637,0.783522688631932,26.076809620810597
389.0,146.0,193.0,167.0,135.0,182.0,180.0,145.63118100000003,192.51627399999998,166.943872,0.3688189999999736,0.48372600000001853,0.056128000000001066,0.6108753147909961,20.273134932713294
390.0,143.0,31.0,169.0,168.0,32.0,170.0,142.64360000000002,31.517913,168.630126,0.3563999999999794,-0.5179130000000001,0.36987400000001003,0.729425535229603,25.03996805109783
391.0,170.0,116.0,169.0,177.0,116.0,180.0,169.99799700000003,116.43069399999999,169.633864,0.0020029999999735537,-0.43069399999998836,-0.6338639999999884,0.7663451599253271,13.038404810405298
392.0,219.0,70.0,170.0,238.0,83.0,183.0,219.219367,70.516115,170.539168,-0.21936700000000542,-0.5161149999999992,-0.5391679999999894,0.7779451819620649,26.43860813280457
393.0,198.0,49.0,171.0,221.0,59.0,179.0,198.03757,49.090592,170.35258199999998,-0.03756999999998811,-0.0905920000000009,0.647418000000016,0.6548041555213436,26.324893162176366
394.0,68.0,111.0,171.0,73.0,91.0,170.0,68.09644,111.138307,171.002322,-0.09644000000000119,-0.13830699999999752,-0.0023219999999923857,0.16862648526551072,20.639767440550294
395.0,156.0,2.0,172.0,193.0,4.0,174.0,159.980681,-1.9349919999999976,173.02220799999998,-3.980681000000004,3.9349919999999976,-1.0222079999999778,5.689893888209952,37.107950630558946
396.0,101.0,161.0,172.0,96.0,144.0,178.0,101.43405600000003,161.332505,171.82172599999998,-0.43405600000002664,-0.3325049999999976,0.17827400000001603,0.5751050384382206,18.708286933869708
397.0,145.0,190.0,172.0,134.0,179.0,185.0,144.572203,189.99089300000003,172.117992,0.4277969999999982,0.009106999999971777,-0.11799199999998677,0.44386408136049355,20.273134932713294
398.0,60.0,224.0,173.0,39.0,193.0,179.0,59.73383400000001,223.10406,172.933182,0.26616599999999124,0.895939999999996,0.06681800000001203,0.9370258631862782,37.92097045171708
399.0,74.0,39.0,174.0,95.0,25.0,168.0,73.893768,38.954072999999994,173.43116199999997,0.10623200000000566,0.045927000000006046,0.5688380000000279,0.5804922027013227,25.942243542145693
400.0,154.0,114.0,177.0,161.0,111.0,185.0,154.732974,114.886406,176.24244599999997,-0.7329740000000129,-0.8864059999999938,0.7575540000000274,1.377263425938571,11.045361017187261
401.0,136.0,38.0,179.0,158.0,37.0,180.0,135.54613500000002,39.350058000000004,178.61317599999998,0.4538649999999791,-1.3500580000000042,0.3868240000000185,1.47590069061743,22.045407685048602
402.0,85.0,100.0,179.0,92.0,83.0,180.0,84.833867,99.79746600000001,179.791912,0.16613300000000208,0.20253399999998578,-0.7919119999999964,0.834113188115971,18.411952639521967
403.0,156.0,187.0,179.0,146.0,178.0,193.0,156.185566,187.095664,178.909922,-0.18556599999999435,-0.0956639999999993,0.09007800000000543,0.22737719176733348,19.4164878389476
404.0,206.0,68.0,181.0,224.0,77.0,192.0,205.97992100000002,67.81998,180.923116,0.020078999999981306,0.18001999999999896,0.07688400000000684,0.19677783436403587,22.93468988235943
405.0,201.0,56.0,182.0,222.0,65.0,191.0,201.459461,55.863465000000005,181.25139599999997,-0.45946100000000456,0.13653499999999497,0.7486040000000287,0.8889061624052597,24.55605831561735
406.0,17.0,61.0,183.0,30.0,33.0,173.0,16.426392999999997,60.622310999999996,182.896044,0.5736070000000026,0.3776890000000037,0.10395600000001082,0.6946083940653237,32.449961479175904
407.0,34.0,65.0,185.0,47.0,41.0,178.0,34.265604,65.728435,185.54328199999998,-0.2656040000000033,-0.7284350000000046,-0.5432819999999765,0.9467409178677041,28.178005607210743
408.0,107.0,67.0,185.0,122.0,56.0,185.0,107.07905200000002,66.428054,184.63661399999998,-0.07905200000001855,0.571945999999997,0.36338600000001975,0.682217583045185,18.601075237738275
409.0,67.0,168.0,188.0,57.0,142.0,191.0,66.50024099999999,168.05930700000002,187.757544,0.4997590000000116,-0.059307000000018206,0.24245600000000422,0.5586244626455378,28.0178514522438
410.0,45.0,201.0,188.0,28.0,168.0,191.0,45.463274000000006,200.54794600000002,187.73334599999998,-0.4632740000000055,0.45205399999997553,0.2666540000000168,0.7000571217464986,37.242448899072144
411.0,161.0,159.0,189.0,156.0,152.0,202.0,160.68257200000002,159.066461,189.17178199999998,0.3174279999999783,-0.06646100000000388,-0.171781999999979,0.36699680547516966,15.588457268119896
412.0,104.0,232.0,190.0,81.0,208.0,202.0,103.85719700000001,231.57447200000001,190.16213599999998,0.14280299999998647,0.4255279999999857,-0.1621359999999754,0.47723668979760553,35.34119409414458
413.0,159.0,126.0,191.0,162.0,121.0,201.0,159.41982099999998,126.032791,190.61458,-0.4198209999999847,-0.03279100000000312,0.38542000000001053,0.5708533070080224,11.575836902790225
414.0,169.0,198.0,192.0,155.0,190.0,209.0,168.64984700000002,198.67479500000002,192.429588,0.3501529999999775,-0.6747950000000174,-0.4295879999999954,0.873213184267166,23.430749027719962
415.0,224.0,157.0,193.0,221.0,162.0,212.0,223.539207,156.871736,192.450852,0.46079299999999535,0.1282640000000015,0.5491480000000024,0.7282481503230879,19.87460691435179
416.0,189.0,87.0,194.0,201.0,90.0,205.0,188.96844900000002,86.67936500000002,194.123672,0.03155099999997901,0.3206349999999816,-0.12367199999999912,0.34510437900726015,16.55294535724685
417.0,50.0,197.0,194.0,33.0,164.0,198.0,49.90133699999999,195.92461600000001,194.42627199999998,0.09866300000000905,1.0753839999999855,-0.4262719999999831,1.160987921129654,37.33630940518894
418.0,221.0,209.0,194.0,208.0,209.0,217.0,222.22100299999997,207.984129,193.93937599999998,-1.2210029999999676,1.0158710000000042,0.06062400000001844,1.58950227556488,26.419689627245813
419.0,116.0,219.0,194.0,98.0,197.0,207.0,117.607133,217.219257,194.58902799999998,-1.6071330000000046,1.780743000000001,-0.5890279999999848,2.469995161234532,31.25699921617557
420.0,228.0,220.0,195.0,212.0,221.0,219.0,228.679223,219.605787,194.40680799999998,-0.6792230000000075,0.3942130000000077,0.5931920000000162,0.9841872392802272,28.861739379323623
421.0,85.0,109.0,197.0,88.0,90.0,198.0,84.48520199999999,109.01908700000001,196.78474599999998,0.5147980000000132,-0.019087000000013177,0.21525400000001582,0.5583149459660031,19.261360284258224
422.0,124.0,92.0,199.0,133.0,81.0,203.0,124.380032,91.05707799999999,198.69633,-0.3800319999999999,0.94292200000001,0.303670000000011,1.0610097492521102,14.7648230602334
423.0,88.0,107.0,199.0,92.0,89.0,201.0,88.246511,107.39418900000001,199.43183199999999,-0.24651099999999815,-0.39418900000001145,-0.4318319999999858,0.6345325185252493,18.547236990991408
424.0,55.0,197.0,199.0,37.0,165.0,203.0,54.29512400000001,196.48647400000002,198.81001799999999,0.7048759999999916,0.5135259999999846,0.18998200000001475,0.8925538013901335,36.932370625238775
425.0,126.0,213.0,199.0,107.0,193.0,213.0,125.61767400000002,211.718922,199.98738999999998,0.38232599999997774,1.281078000000008,-0.9873899999999765,1.6620087317640533,30.93541659651604
426.0,136.0,22.0,200.0,160.0,19.0,201.0,135.630125,21.960083000000004,200.33479599999998,0.3698750000000075,0.03991699999999554,-0.334795999999983,0.5004890050040998,24.20743687382041
427.0,211.0,177.0,200.0,204.0,177.0,220.0,211.963353,176.22233599999998,200.15524399999998,-0.9633530000000121,0.7776640000000157,-0.15524399999998195,1.2477623968693088,21.18962010041709
428.0,99.0,221.0,200.0,78.0,195.0,211.0,99.213279,219.486623,200.287184,-0.213279,1.5133769999999913,-0.28718399999999633,1.5550795882609905,35.185224171518364
429.0,170.0,104.0,201.0,177.0,102.0,211.0,170.116281,104.232767,200.76706399999998,-0.11628099999998653,-0.2327669999999955,0.23293600000002357,0.34922904711092656,12.36931687685298
430.0,98.0,167.0,201.0,88.0,146.0,209.0,97.648956,167.13889,202.12140599999998,0.3510440000000017,-0.1388900000000035,-1.121405999999979,1.183247116570311,24.596747752497688
431.0,220.0,181.0,201.0,211.0,183.0,222.0,219.885342,181.09237700000003,200.93524599999998,0.11465799999999149,-0.09237700000002746,0.06475400000002196,0.16085101059367318,22.93468988235943
432.0,134.0,20.0,203.0,159.0,17.0,203.0,134.48333000000002,20.251692000000002,202.529262,-0.4833300000000236,-0.251692000000002,0.4707380000000114,0.7201048648690235,25.179356624028344
433.0,236.0,177.0,203.0,229.0,182.0,226.0,236.604887,176.708898,203.38034,-0.6048869999999908,0.2911019999999951,-0.3803399999999897,0.7715485550326553,24.55605831561735
434.0,67.0,188.0,203.0,52.0,159.0,209.0,67.38545299999998,187.725715,203.89685999999998,-0.38545299999998406,0.2742849999999919,-0.8968599999999753,1.0139842878634457,33.19638534539566
435.0,210.0,201.0,203.0,197.0,198.0,224.0,210.458523,199.42246400000002,202.618236,-0.4585230000000138,1.5775359999999807,0.381764000000004,1.6865962541524142,24.879710609249457
436.0,190.0,62.0,204.0,207.0,66.0,213.0,190.121399,61.437535000000004,203.568772,-0.1213989999999967,0.562464999999996,0.4312280000000044,0.7190703591513131,19.6468827043885
437.0,177.0,97.0,204.0,185.0,97.0,215.0,176.79119599999999,97.77193400000002,204.418242,0.20880400000001487,-0.7719340000000159,-0.41824199999999223,0.9024453342646436,13.601470508735444
438.0,191.0,62.0,205.0,208.0,66.0,214.0,191.140786,61.304655000000004,204.44762599999999,-0.14078599999999142,0.6953449999999961,0.5523740000000146,0.8991342517650011,19.6468827043885
439.0,137.0,63.0,205.0,151.0,57.0,209.0,136.35143,63.25333,205.219734,0.6485700000000065,-0.2533299999999983,-0.21973399999998833,0.7301384557438421,15.748015748023622
440.0,120.0,137.0,206.0,118.0,122.0,213.0,120.43880200000001,136.773224,205.72311399999998,-0.4388020000000097,0.22677600000000098,0.27688600000001884,0.5662511866442483,16.673332000533065
441.0,82.0,95.0,209.0,88.0,76.0,209.0,82.58320599999999,95.43922,208.678026,-0.5832059999999899,-0.43922000000000594,0.32197400000001153,0.7979415414126532,19.924858845171276
442.0,172.0,75.0,210.0,185.0,74.0,218.0,172.144063,74.420762,209.45854799999998,-0.1440629999999885,0.5792380000000037,0.5414520000000209,0.8058790709014744,15.297058540778355
443.0,80.0,94.0,210.0,85.0,74.0,210.0,79.498651,94.065686,210.07677999999999,0.5013490000000047,-0.06568599999999947,-0.0767799999999852,0.5114299940333988,20.615528128088304
444.0,210.0,155.0,210.0,206.0,156.0,228.0,210.088486,154.86125700000002,209.65191399999998,-0.08848599999998896,0.13874299999997675,0.34808600000002343,0.385023707894732,18.466185312619388
445.0,179.0,79.0,211.0,193.0,77.0,219.0,180.237736,75.946886,209.47440999999998,-1.2377360000000124,3.0531139999999937,1.5255900000000224,3.630553725093744,16.24807680927192
446.0,199.0,51.0,212.0,218.0,58.0,223.0,199.511842,51.71251,213.023498,-0.5118420000000015,-0.7125100000000018,-1.0234979999999894,1.3480359376025486,23.043437243605826
447.0,198.0,208.0,212.0,181.0,204.0,234.0,198.06604500000003,209.49075200000001,213.00647199999997,-0.066045000000031,-1.4907520000000147,-1.0064719999999738,1.7999137074629425,28.089143810376278
448.0,77.0,92.0,213.0,83.0,72.0,211.0,77.332469,92.490175,211.39239199999997,-0.33246900000000323,-0.4901749999999936,1.6076080000000275,1.7132456473752047,20.97617696340303
449.0,116.0,194.0,213.0,100.0,173.0,224.0,115.99571700000001,193.40720800000003,213.02465999999998,0.004282999999986714,0.5927919999999745,-0.02465999999998303,0.5933201622673621,28.600699292150182
450.0,61.0,176.0,214.0,47.0,145.0,219.0,60.790578000000004,175.086636,215.24385399999997,0.20942199999999644,0.9133640000000014,-1.2438539999999705,1.5573259594240145,34.38022687534217
451.0,117.0,196.0,215.0,100.0,175.0,226.0,116.628195,195.59396400000003,214.76131999999998,0.37180499999999483,0.40603599999997186,0.23868000000001643,0.6000602750732473,29.171904291629644
452.0,201.0,58.0,216.0,218.0,64.0,227.0,201.20724800000002,58.134584000000004,216.309486,-0.2072480000000212,-0.1345840000000038,-0.3094859999999926,0.39603809255677064,21.118712081942874
453.0,180.0,165.0,218.0,172.0,159.0,234.0,180.11556300000004,165.2159,217.96972,-0.11556300000003716,-0.21590000000000487,0.030280000000004748,0.24674783761770028,18.867962264113206
454.0,122.0,43.0,219.0,140.0,34.0,221.0,122.51131999999998,42.745778,219.83256599999999,-0.5113199999999836,0.2542219999999986,-0.8325659999999857,1.0095757089193256,20.223748416156685
455.0,201.0,64.0,219.0,217.0,69.0,231.0,201.76905600000003,63.734354,219.772282,-0.7690560000000346,0.2656459999999967,-0.7722819999999899,1.1217996327223663,20.615528128088304
456.0,196.0,82.0,219.0,207.0,86.0,232.0,196.345165,83.235998,219.97337599999997,-0.3451650000000086,-1.235997999999995,-0.9733759999999734,1.6106802198465535,17.4928556845359
457.0,121.0,33.0,223.0,141.0,24.0,223.0,121.47947100000002,32.439185,222.610076,-0.47947100000001797,0.5608149999999981,0.3899240000000077,0.8345337799286624,21.93171219946131
458.0,84.0,75.0,224.0,92.0,56.0,223.0,83.36639399999999,75.11305,223.68672199999997,0.6336060000000145,-0.1130500000000012,0.31327800000002526,0.7158072163788477,20.639767440550294
459.0,158.0,155.0,224.0,150.0,143.0,237.0,156.770799,153.47818900000001,224.18348799999998,1.229200999999989,1.5218109999999854,-0.18348799999998278,1.964818481251111,19.4164878389476
460.0,94.0,160.0,226.0,84.0,134.0,234.0,93.918114,157.38285100000002,227.62786599999998,0.08188599999999724,2.6171489999999835,-1.6278659999999832,3.0831999479684833,28.982753492378876
461.0,115.0,48.0,227.0,132.0,36.0,229.0,116.402898,46.962932,228.00633799999997,-1.4028979999999933,1.0370679999999979,-1.006337999999971,2.014037985061831,20.904544960366874
462.0,112.0,147.0,228.0,106.0,128.0,236.0,113.03299800000002,146.93186500000002,228.28473,-1.0329980000000205,0.06813499999998385,-0.28472999999999615,1.0736845063281102,21.470910553583888
463.0,116.0,48.0,229.0,131.0,37.0,230.0,115.80076399999999,48.258287,228.95781,0.1992360000000133,-0.2582870000000028,0.04219000000000506,0.3289181572443321,18.627936010197157
464.0,95.0,66.0,234.0,105.0,49.0,235.0,95.01083600000001,66.146546,234.80549,-0.010836000000011836,-0.14654600000000073,-0.8054899999999918,0.8187840308115366,19.748417658131498
465.0,7.0,109.0,235.0,5.0,71.0,229.0,7.302402000000001,108.46384599999999,235.287062,-0.3024020000000007,0.5361540000000105,-0.2870619999999917,0.6792000244140212,38.52272056851645
466.0,70.0,159.0,237.0,58.0,130.0,241.0,69.88661400000001,159.02080800000002,236.898194,0.11338599999999133,-0.02080800000001659,0.1018060000000105,0.15379798274360057,31.63858403911275
467.0,110.0,59.0,241.0,121.0,45.0,242.0,109.55100200000001,59.301469000000004,240.58385399999997,0.4489979999999889,-0.30146900000000443,0.4161460000000261,0.682393035779978,17.832554500127006
468.0,182.0,77.0,9.0,213.0,96.0,14.0,181.986601,77.2038,8.822735999999999,0.013398999999992611,-0.2038000000000011,0.17726400000000098,0.27043760629209945,36.701498607005135
469.0,178.0,191.0,17.0,183.0,200.0,30.0,178.435035,190.893886,16.967667999999996,-0.4350349999999992,0.10611399999999094,0.0323320000000038,0.4489554437190818,16.583123951777
470.0,41.0,129.0,21.0,55.0,115.0,14.0,40.972941999999996,128.577505,20.179517999999998,0.0270580000000038,0.42249499999999784,0.8204820000000019,0.9232685810277536,21.0
471.0,99.0,22.0,22.0,141.0,27.0,14.0,101.01321999999999,21.070755000000002,21.271914000000002,-2.01321999999999,0.9292449999999981,0.7280859999999976,2.3338081030412403,43.04648650006177
472.0,130.0,148.0,25.0,142.0,150.0,30.0,130.020492,147.960893,25.05979,-0.020491999999990185,0.039107000000001335,-0.059789999999999566,0.07432444828587462,13.152946437965905
473.0,48.0,188.0,27.0,49.0,170.0,25.0,48.411233,186.88488900000002,26.108696000000002,-0.41123300000000285,1.1151109999999846,0.8913039999999981,1.4856001962257426,18.138357147217054
474.0,173.0,51.0,28.0,208.0,69.0,31.0,173.30089900000002,51.732747,28.12136,-0.30089900000001535,-0.7327470000000034,-0.12135999999999925,0.8013654745557822,39.4715087119811
475.0,68.0,230.0,32.0,59.0,213.0,37.0,68.06180599999999,229.738366,32.793589999999995,-0.061805999999990036,0.2616339999999866,-0.7935899999999947,0.8378886678383849,19.87460691435179
476.0,128.0,146.0,36.0,139.0,146.0,41.0,127.515627,145.229767,36.265836,0.48437300000000505,0.7702329999999904,-0.2658360000000002,0.9479160597405185,12.083045973594572
477.0,52.0,21.0,40.0,90.0,16.0,28.0,53.222918,21.071849,40.010425999999995,-1.222918,-0.07184900000000027,-0.010425999999995383,1.2250711877278804,40.162171256046406
478.0,81.0,219.0,40.0,74.0,205.0,45.0,80.92371300000002,219.067239,39.991755999999995,0.07628699999997934,-0.06723900000000071,0.008244000000004803,0.10202329648662124,16.431676725154983
479.0,121.0,148.0,43.0,131.0,147.0,48.0,121.09096599999998,148.353543,43.571278,-0.09096599999998034,-0.35354300000000194,-0.5712779999999995,0.6779572400151777,11.224972160321824
480.0,211.0,190.0,44.0,215.0,204.0,62.0,211.91631900000002,190.73885,44.716332,-0.9163190000000156,-0.7388500000000136,-0.7163320000000013,1.3779228448955516,23.15167380558045
481.0,45.0,16.0,45.0,81.0,9.0,33.0,43.956056,16.06516,46.224346,1.0439440000000033,-0.06515999999999877,-1.224345999999997,1.610306811900142,38.58756276314948
482.0,128.0,162.0,46.0,134.0,160.0,53.0,127.14908000000003,161.40875,46.914174,0.8509199999999737,0.5912500000000023,-0.9141740000000027,1.3817943085625888,9.433981132056603
483.0,215.0,194.0,47.0,217.0,207.0,65.0,214.70178200000004,193.61503000000002,47.155038,0.298217999999963,0.3849699999999814,-0.15503799999999757,0.5110505433594243,22.293496809607955
484.0,115.0,225.0,47.0,108.0,217.0,56.0,115.84224900000001,225.25145999999998,46.62289199999999,-0.8422490000000096,-0.25145999999998025,0.3771080000000069,0.9564653434730458,13.92838827718412
485.0,108.0,87.0,50.0,130.0,88.0,48.0,107.47431800000001,88.122941,49.180714,0.5256819999999891,-1.1229409999999973,0.8192859999999982,1.4861250298682744,22.11334438749598
486.0,128.0,155.0,53.0,136.0,153.0,59.0,128.08533500000001,154.24941099999998,53.175528,-0.08533500000001482,0.7505890000000193,-0.1755279999999999,0.7755488301390386,10.198039027185569
487.0,120.0,216.0,53.0,114.0,208.0,62.0,120.021546,215.23565100000002,52.73901,-0.02154600000000073,0.7643489999999815,0.2609899999999996,0.8079662146506942,13.45362404707371
488.0,196.0,79.0,55.0,224.0,96.0,63.0,197.03839,78.367806,55.045978,-1.0383899999999926,0.6321939999999984,-0.045977999999998076,1.21656772200317,33.71943060017473
489.0,88.0,190.0,55.0,86.0,178.0,59.0,87.54731000000001,189.955286,54.990978,0.4526899999999898,0.04471399999999903,0.00902200000000164,0.4549823890877434,12.806248474865697
490.0,192.0,60.0,56.0,224.0,78.0,63.0,193.16434,59.930748,56.731966,-1.16434000000001,0.06925199999999876,-0.7319659999999999,1.3770467313275983,37.376463182061514
491.0,88.0,151.0,56.0,96.0,141.0,57.0,88.565687,149.898925,55.701208,-0.5656869999999969,1.1010750000000087,0.29879199999999884,1.2734381009134346,12.84523257866513
492.0,40.0,51.0,60.0,67.0,39.0,49.0,39.171808000000006,50.726820000000004,59.97029,0.8281919999999943,0.2731799999999964,0.029710000000001457,0.8725892420629472,31.52776554086889
493.0,219.0,210.0,75.0,214.0,217.0,98.0,217.432375,206.74397199999999,78.213672,1.5676249999999925,3.256028000000015,-3.2136720000000025,4.83599567834723,24.55605831561735
494.0,68.0,77.0,78.0,89.0,67.0,72.0,67.72563600000001,76.552425,77.644426,0.2743639999999914,0.4475750000000005,0.3555740000000043,0.6340598194153283,24.020824298928627
495.0,193.0,149.0,81.0,200.0,159.0,93.0,191.58703300000002,149.817867,80.00030799999999,1.4129669999999805,-0.8178670000000068,0.9996920000000102,1.9143579256873506,17.11724276862369
496.0,82.0,180.0,86.0,80.0,166.0,90.0,82.58580600000002,181.017783,86.435698,-0.5858060000000194,-1.0177830000000085,-0.43569800000000214,1.2525508580209594,14.696938456699069
497.0,216.0,183.0,87.0,217.0,194.0,105.0,215.94441700000002,183.06325700000002,86.85253599999999,0.055582999999984395,-0.06325700000002143,0.14746400000001358,0.1698132775550987,21.118712081942874
498.0,115.0,221.0,88.0,103.0,208.0,97.0,113.45493300000001,219.875793,87.323432,1.5450669999999889,1.1242070000000126,0.6765680000000032,2.0270218725909195,19.849433241279208
499.0,127.0,29.0,92.0,159.0,34.0,89.0,126.62655900000001,29.787411,91.269396,0.3734409999999855,-0.7874109999999988,0.7306039999999996,1.1372143457668773,32.526911934581186
500.0,110.0,237.0,92.0,95.0,223.0,103.0,109.942408,237.270406,92.35555399999998,0.057591999999999643,-0.27040600000000836,-0.3555539999999837,0.45039414984654597,23.280893453645632
501.0,110.0,121.0,94.0,121.0,115.0,97.0,109.96972200000002,120.98207400000001,94.537814,0.030277999999981375,0.017925999999988562,-0.5378139999999973,0.5389638182253013,12.884098726725126
502.0,105.0,144.0,95.0,111.0,135.0,99.0,105.29252,143.62565800000002,95.419906,-0.2925199999999961,0.3743419999999844,-0.41990599999999745,0.634051206291719,11.532562594670797
503.0,103.0,146.0,96.0,107.0,137.0,100.0,102.15049200000001,146.551225,96.52713800000001,0.8495079999999859,-0.5512249999999881,-0.5271380000000079,1.1416598940722107,10.63014581273465
504.0,85.0,173.0,98.0,83.0,158.0,102.0,84.83129299999999,173.04676800000001,98.47955199999998,0.16870700000001193,-0.046768000000014354,-0.479551999999984,0.5105089797221887,15.652475842498529
505.0,140.0,222.0,99.0,129.0,214.0,112.0,140.139191,221.806532,99.029684,-0.13919100000001094,0.19346799999999575,-0.029684000000003152,0.2401773123361189,18.81488772222678
506.0,132.0,52.0,116.0,158.0,53.0,116.0,132.52483900000001,51.316345999999996,115.546776,-0.5248390000000143,0.6836540000000042,0.45322400000000584,0.9737816807750216,26.019223662515376
507.0,110.0,113.0,116.0,121.0,106.0,118.0,110.15399100000002,113.21458200000001,115.58272399999998,-0.15399100000001908,-0.21458200000000716,0.4172760000000153,0.4938399770988794,13.19090595827292
508.0,154.0,156.0,119.0,156.0,154.0,129.0,153.73900000000003,156.070942,118.75874199999998,0.26099999999996726,-0.07094200000000228,0.24125800000001618,0.3624350837432699,10.392304845413264
509.0,190.0,124.0,122.0,200.0,131.0,134.0,189.70230700000002,123.97097600000001,122.06479199999998,0.2976929999999811,0.02902399999999261,-0.06479199999998286,0.3060416933834116,17.11724276862369
510.0,185.0,204.0,123.0,177.0,204.0,140.0,184.89723700000002,203.803542,122.911416,0.10276299999998173,0.1964580000000069,0.08858399999999733,0.23875323032159898,18.788294228055936
511.0,172.0,149.0,125.0,171.0,149.0,134.0,166.94354,148.265367,122.78992199999999,5.056459999999987,0.7346330000000023,2.21007800000001,5.5670385432807015,9.055385138137417
512.0,145.0,206.0,125.0,136.0,198.0,138.0,145.75056600000002,205.800719,124.95824199999998,-0.7505660000000205,0.19928100000001336,0.04175800000001573,0.7776927207329624,17.72004514666935
513.0,148.0,144.0,126.0,152.0,140.0,135.0,147.65844199999998,142.953498,126.17461,0.34155800000002046,1.0465020000000038,-0.17461000000000126,1.1145927307622379,10.63014581273465
514.0,76.0,41.0,127.0,101.0,32.0,121.0,76.162923,41.664619,127.062836,-0.16292300000000637,-0.6646190000000018,-0.06283600000000433,0.6871758741297639,27.23967694375247
515.0,169.0,187.0,127.0,164.0,185.0,141.0,168.970127,187.03700100000003,126.733912,0.029873000000009142,-0.037001000000032036,0.2660879999999963,0.2703040766877203,15.0
516.0,166.0,197.0,127.0,160.0,194.0,141.0,167.23366000000001,197.06343800000002,126.22348599999998,-1.2336600000000146,-0.0634380000000192,0.7765140000000201,1.4590803156920698,15.524174696260024
517.0,123.0,77.0,130.0,141.0,74.0,132.0,123.04844699999998,77.365408,130.38514,-0.0484469999999817,-0.3654080000000022,-0.3851400000000069,0.5331068728435276,18.35755975068582
518.0,108.0,88.0,130.0,123.0,81.0,131.0,107.923294,88.101864,130.264038,0.0767060000000015,-0.10186400000000617,-0.26403799999999933,0.2932168998813014,16.583123951777
519.0,143.0,129.0,130.0,150.0,127.0,138.0,143.32681300000002,130.24909,130.44454,-0.32681300000001556,-1.2490899999999954,-0.4445399999999893,1.3655212838579225,10.816653826391969
520.0,107.0,91.0,131.0,122.0,83.0,132.0,107.536385,90.42150000000001,131.12184399999998,-0.5363849999999957,0.5784999999999911,-0.12184399999998163,0.7982587791944293,17.029386365926403
521.0,23.0,133.0,136.0,25.0,106.0,131.0,23.303365000000007,133.502635,136.070304,-0.30336500000000655,-0.502634999999998,-0.07030399999999304,0.5912824357834426,27.53179979587241
522.0,219.0,127.0,137.0,228.0,138.0,153.0,218.84259200000002,126.79843,137.35907799999998,0.15740799999997535,0.2015700000000038,-0.35907799999998247,0.4408454983868852,21.400934559032695
523.0,224.0,209.0,138.0,215.0,215.0,160.0,224.183166,208.777447,137.961614,-0.18316599999999994,0.22255300000000489,0.038386000000002696,0.2907801684451716,24.515301344262525
524.0,81.0,55.0,140.0,102.0,44.0,136.0,81.179206,54.790469,140.285642,-0.17920599999999354,0.20953099999999836,-0.28564199999999573,0.3970004818145622,24.041630560342615
525.0,136.0,69.0,142.0,156.0,68.0,145.0,136.845874,69.08832799999999,142.205954,-0.8458740000000091,-0.08832799999998997,-0.2059539999999913,0.8750552608698551,20.248456731316587
526.0,138.0,67.0,143.0,158.0,66.0,146.0,138.353184,66.704909,143.188998,-0.35318399999999883,0.2950909999999993,-0.188997999999998,0.49753178807087095,20.248456731316587
527.0,137.0,68.0,143.0,157.0,67.0,146.0,137.650036,67.931167,143.178474,-0.6500360000000001,0.06883299999999792,-0.17847399999999425,0.6775970423939274,20.248456731316587
528.0,194.0,199.0,143.0,186.0,200.0,161.0,194.42298799999998,199.339662,142.73971799999998,-0.4229879999999753,-0.3396620000000041,0.2602820000000179,0.601694143159123,19.72308292331602
529.0,142.0,62.0,145.0,163.0,62.0,148.0,142.286177,61.736094,145.071944,-0.28617700000000923,0.26390599999999864,-0.071944000000002,0.3958782531296773,21.213203435596427
530.0,185.0,195.0,145.0,177.0,194.0,161.0,184.866281,195.01176900000002,144.049992,0.13371900000001347,-0.01176900000001524,0.9500079999999969,0.9594448813694292,17.916472867168917
531.0,50.0,32.0,146.0,75.0,17.0,137.0,50.67307400000001,32.657358,146.021454,-0.6730740000000068,-0.6573580000000021,-0.021454000000005635,0.941067704129736,30.512292604784715
532.0,84.0,112.0,147.0,92.0,96.0,148.0,84.39934400000001,110.902015,147.790382,-0.39934400000001347,1.0979849999999942,-0.7903819999999939,1.4105851255720048,17.916472867168917
533.0,82.0,115.0,148.0,89.0,99.0,148.0,82.28990000000002,114.58078899999998,147.75880999999998,-0.28990000000001714,0.41921100000001843,0.24119000000001733,0.5638727592471849,17.46424919657298
534.0,110.0,180.0,148.0,103.0,165.0,156.0,110.16008400000001,179.908433,148.108834,-0.16008400000001188,0.09156699999999773,-0.10883400000000165,0.21414070631480542,18.384776310850235
535.0,124.0,4.0,149.0,156.0,6.0,146.0,123.602938,5.6520030000000006,148.97524199999998,0.39706200000000536,-1.6520030000000006,0.02475800000001982,1.6992307384275411,32.202484376209235
536.0,63.0,117.0,149.0,68.0,98.0,147.0,62.687828,117.728928,148.636462,0.3121719999999968,-0.7289279999999962,0.36353800000000547,0.8723229128092398,19.748417658131498
537.0,122.0,18.0,150.0,152.0,16.0,147.0,122.18271000000001,16.771818,149.333146,-0.18271000000001436,1.2281820000000003,0.6668540000000007,1.4094354282974466,30.215889859476256
538.0,168.0,48.0,151.0,189.0,59.0,153.0,166.02327,53.757334,148.00123,1.9767300000000034,-5.757334,2.9987700000000075,6.785792348234365,23.790754506740637
539.0,46.0,206.0,153.0,31.0,177.0,155.0,46.518914,206.673052,152.00906999999998,-0.5189140000000023,-0.6730520000000126,0.9909300000000201,1.3054550926784343,32.71085446759225
540.0,77.0,120.0,159.0,81.0,102.0,160.0,76.800759,120.098612,159.68689999999998,0.19924100000000067,-0.09861200000000281,-0.6868999999999801,0.7219784710259534,18.466185312619388
541.0,146.0,192.0,166.0,135.0,181.0,179.0,145.314942,191.422896,166.07554199999998,0.685057999999998,0.5771039999999914,-0.07554199999998445,0.8989216228036707,20.273134932713294
542.0,170.0,115.0,167.0,176.0,115.0,178.0,168.662371,115.47019600000002,167.88667999999998,1.3376289999999926,-0.4701960000000156,-0.8866799999999841,1.6722849764489804,12.529964086141668
543.0,112.0,167.0,170.0,106.0,151.0,178.0,112.124361,166.482702,170.334644,-0.12436099999999328,0.5172980000000109,-0.3346439999999973,0.628529622103054,18.867962264113206
544.0,103.0,162.0,171.0,98.0,145.0,178.0,103.486027,161.952832,171.56177599999998,-0.4860270000000071,0.04716799999999921,-0.5617759999999805,0.7443381886810491,19.05255888325765
545.0,63.0,42.0,174.0,84.0,26.0,167.0,63.905876,42.131004000000004,173.29006199999998,-0.9058759999999992,-0.13100400000000434,0.7099380000000224,1.1583545826887514,27.313000567495326
546.0,76.0,121.0,174.0,79.0,101.0,174.0,76.162984,120.44564300000002,173.414794,-0.16298399999999447,0.5543569999999818,0.5852059999999994,0.8223998602510687,20.223748416156685
547.0,88.0,59.0,175.0,106.0,48.0,173.0,89.45111599999998,60.636274,175.172262,-1.4511159999999848,-1.6362740000000002,-0.17226199999998926,2.1938104852461513,21.18962010041709
548.0,137.0,37.0,179.0,160.0,35.0,180.0,136.95243100000002,36.897542,178.634224,0.04756899999998154,0.1024579999999986,0.365776000000011,0.38282180410865574,23.108440016582687
549.0,131.0,49.0,186.0,151.0,45.0,188.0,131.647436,49.510920999999996,186.14181,-0.647435999999999,-0.5109209999999962,-0.14180999999999244,0.8368534629413877,20.493901531919196
550.0,60.0,228.0,186.0,37.0,197.0,193.0,60.172183999999994,228.572496,186.192746,-0.17218399999999434,-0.572496000000001,-0.19274599999999964,0.6281321679296477,39.230090491866065
551.0,186.0,164.0,187.0,181.0,162.0,203.0,185.895161,164.328943,187.11856799999998,0.10483899999999835,-0.32894300000000953,-0.11856799999998202,0.36503846892348435,16.881943016134134
552.0,161.0,123.0,189.0,164.0,119.0,200.0,160.725103,123.511178,189.673632,0.27489700000000994,-0.511178000000001,-0.6736319999999978,0.8891857959487451,12.083045973594572
553.0,100.0,153.0,189.0,95.0,134.0,195.0,100.080671,152.466321,189.19546,-0.08067099999999527,0.5336790000000065,-0.19545999999999708,0.5740432883346037,20.54263858417414
554.0,41.0,72.0,190.0,52.0,48.0,184.0,40.97012800000001,72.303099,190.24388599999997,0.02987199999999035,-0.3030990000000031,-0.24388599999997496,0.39018165151758366,27.073972741361768
555.0,194.0,88.0,191.0,205.0,92.0,203.0,192.87036300000003,87.781825,191.67978,1.129636999999974,0.21817500000000223,-0.6797799999999938,1.3363311456349185,16.76305461424021
556.0,149.0,106.0,191.0,156.0,101.0,199.0,149.40305500000002,106.62083899999999,191.06276,-0.40305500000002326,-0.6208389999999895,-0.06275999999999726,0.7428547735230658,11.74734012447073
557.0,191.0,87.0,193.0,203.0,91.0,204.0,190.919406,87.230595,192.901726,0.08059399999999073,-0.2305949999999939,0.09827400000000353,0.263300637935035,16.76305461424021
558.0,190.0,87.0,194.0,202.0,90.0,205.0,189.88682200000002,86.47738799999999,194.04053,0.11317799999997646,0.5226120000000094,-0.04052999999998974,0.5362604247266469,16.55294535724685
559.0,244.0,187.0,194.0,235.0,194.0,217.0,243.78869899999998,187.166535,193.09953199999998,0.21130100000002017,-0.1665350000000103,0.9004680000000178,0.9398003180729638,25.67099530598687
560.0,138.0,105.0,196.0,144.0,96.0,202.0,137.609496,104.130449,195.41478199999997,0.39050399999999286,0.8695510000000013,0.585218000000026,1.1185224285373212,12.36931687685298
561.0,25.0,172.0,198.0,13.0,137.0,197.0,25.621787999999995,172.239472,197.656098,-0.6217879999999951,-0.23947200000000635,0.34390200000001414,0.7498238068586558,37.013511046643494
562.0,36.0,160.0,199.0,26.0,128.0,199.0,35.82564,160.533436,199.34223799999998,0.17436000000000007,-0.5334359999999947,-0.3422379999999805,0.6573296162048239,33.52610922848042
563.0,106.0,210.0,201.0,87.0,187.0,212.0,105.85784999999998,209.543679,201.25023,0.1421500000000151,0.45632100000000264,-0.25022999999998774,0.5394909919924527,31.796226191169293
564.0,177.0,66.0,203.0,193.0,68.0,211.0,177.492599,66.175581,202.621436,-0.49259900000001267,-0.175580999999994,0.37856400000001145,0.6455952016999654,18.0
565.0,198.0,198.0,203.0,185.0,195.0,223.0,198.691358,198.70424800000004,202.93494199999998,-0.6913580000000081,-0.7042480000000353,0.06505800000002182,0.989026629081373,24.041630560342615
566.0,195.0,197.0,204.0,180.0,192.0,224.0,193.554832,196.71038700000003,204.59364599999998,1.4451679999999953,0.28961299999997436,-0.5936459999999784,1.5889624952493202,25.495097567963924
567.0,136.0,62.0,205.0,151.0,56.0,209.0,136.13620500000002,62.229049,205.31339999999997,-0.13620500000001812,-0.2290490000000034,-0.31339999999997303,0.41138158250703155,16.64331697709324
568.0,106.0,23.0,207.0,128.0,15.0,205.0,105.785345,24.602611,207.217988,0.21465499999999338,-1.6026109999999996,-0.2179879999999912,1.6315506594923714,23.49468024894146
569.0,211.0,219.0,209.0,192.0,215.0,232.0,210.333595,218.39790200000002,209.13759199999998,0.6664049999999975,0.6020979999999838,-0.13759199999998373,0.9085973718281232,30.099833886584822
570.0,199.0,206.0,210.0,182.0,202.0,232.0,198.35194,207.102019,211.18667,0.6480599999999868,-1.1020190000000127,-1.1866699999999923,1.7443088398735451,28.089143810376278
571.0,187.0,205.0,211.0,172.0,198.0,231.0,188.20629600000004,204.95556800000003,211.430758,-1.2062960000000373,0.04443199999997205,-0.4307579999999973,1.2816694959325845,25.96150997149434
572.0,174.0,146.0,213.0,170.0,140.0,227.0,173.48244400000002,145.674836,213.18168599999998,0.5175559999999848,0.3251640000000009,-0.18168599999998492,0.6376563671978658,15.748015748023622
573.0,172.0,188.0,213.0,159.0,179.0,229.0,171.976144,187.981736,212.36726599999997,0.023855999999994992,0.018263999999987846,0.6327340000000277,0.6334469174193165,22.494443758403985
574.0,129.0,48.0,216.0,146.0,41.0,217.0,129.12407700000003,48.427495,214.83006799999998,-0.12407700000002819,-0.4274950000000004,1.169932000000017,1.2517539540892402,18.411952639521967
575.0,185.0,210.0,217.0,167.0,202.0,237.0,185.081415,210.477159,217.24378,-0.08141499999999269,-0.47715900000000033,-0.24377999999998679,0.5419758314777446,28.071337695236398
576.0,52.0,80.0,223.0,60.0,55.0,219.0,53.359176999999995,80.275645,222.59294799999998,-1.3591769999999954,-0.27564499999999725,0.4070520000000215,1.4453489592683157,26.551836094703507
577.0,92.0,69.0,229.0,102.0,52.0,229.0,92.295308,69.41073800000001,229.00194199999999,-0.2953080000000057,-0.41073800000000915,-0.0019419999999854554,0.50588169651808,19.72308292331602
578.0,46.0,144.0,18.0,56.0,130.0,16.0,45.321718,143.877937,20.615378,0.6782820000000029,0.12206299999999715,-2.6153779999999998,2.7046567121128335,17.320508075688775
579.0,76.0,212.0,36.0,72.0,198.0,40.0,77.075322,211.95574100000002,36.003721999999996,-1.075322,0.04425899999998251,-0.0037219999999962283,1.0762388749943008,15.0996688705415
580.0,152.0,96.0,38.0,176.0,106.0,42.0,152.98744200000002,96.85447500000001,37.898218,-0.9874420000000157,-0.8544750000000079,0.10178200000000004,1.3097819683111553,26.30589287593181
581.0,88.0,222.0,38.0,80.0,210.0,44.0,87.409062,222.90768500000001,38.062578,0.5909379999999942,-0.907685000000015,-0.06257800000000202,1.08490358334417,15.620499351813308
582.0,42.0,200.0,42.0,38.0,180.0,42.0,42.17861799999999,200.52409500000002,42.440529999999995,-0.17861799999999306,-0.5240950000000169,-0.4405299999999954,0.7075638768683794,20.396078054371138
583.0,104.0,148.0,50.0,114.0,142.0,52.0,104.806556,146.942135,49.301006,-0.8065560000000005,1.0578649999999925,0.698993999999999,1.5027320291379245,11.832159566199232
584.0,134.0,56.0,56.0,164.0,62.0,56.0,133.911262,55.177193,56.48517,0.08873800000000642,0.8228069999999974,-0.48516999999999655,0.9593100232943433,30.59411708155671
585.0,52.0,130.0,56.0,62.0,116.0,52.0,51.455310000000004,130.813633,56.059706,0.5446899999999957,-0.81363300000001,-0.05970599999999848,0.9809437604801874,17.663521732655695
586.0,122.0,26.0,66.0,158.0,32.0,62.0,122.55035800000002,26.075207,65.565978,-0.550358000000017,-0.07520699999999891,0.4340219999999988,0.704929157786098,36.71511950137164
587.0,52.0,82.0,70.0,70.0,70.0,60.0,49.71005599999999,82.633667,67.39917399999999,2.2899440000000126,-0.6336670000000026,2.600826000000012,3.522736616935919,23.83275057562597
588.0,218.0,224.0,70.0,212.0,234.0,90.0,218.44634200000002,224.007927,69.091666,-0.44634200000001556,-0.007926999999995132,0.9083339999999964,1.012104082517706,23.15167380558045
589.0,178.0,134.0,76.0,190.0,142.0,86.0,178.03738,133.941181,75.690078,-0.03738000000001307,0.05881899999999973,0.30992200000000025,0.31766111698632726,17.549928774784245
590.0,32.0,70.0,86.0,52.0,54.0,78.0,31.553993999999996,71.124503,87.71031400000001,0.4460060000000041,-1.1245030000000042,-1.710314000000011,2.094899121113246,26.832815729997478
591.0,142.0,142.0,92.0,150.0,140.0,100.0,142.28620600000002,140.939057,92.67103399999999,-0.2862060000000213,1.0609430000000089,-0.6710339999999917,1.2875560387187113,11.489125293076057
592.0,6.0,154.0,96.0,6.0,126.0,88.0,5.815176000000001,154.854647,94.410854,0.184823999999999,-0.8546469999999999,1.5891459999999995,1.8138264566658515,29.120439557122072
593.0,150.0,124.0,100.0,162.0,126.0,106.0,150.89961599999998,124.589981,98.75663,-0.8996159999999804,-0.5899809999999945,1.2433699999999988,1.6441883969657964,13.564659966250536
594.0,226.0,164.0,128.0,228.0,174.0,148.0,226.08562200000003,163.32706100000001,129.177122,-0.08562200000002917,0.6729389999999853,-1.1771219999999971,1.3586000984428708,22.44994432064365
595.0,52.0,78.0,130.0,68.0,60.0,124.0,52.185956,77.217019,130.069862,-0.18595599999999735,0.7829810000000066,-0.06986200000000053,0.8077868402870955,24.819347291981714
596.0,48.0,86.0,130.0,62.0,68.0,124.0,48.397518,86.623129,129.819386,-0.39751799999999804,-0.6231290000000058,0.1806139999999914,0.7608756323874504,23.57965224510319
597.0,232.0,162.0,132.0,234.0,174.0,152.0,231.999916,162.39158700000002,132.526254,8.399999998687235e-05,-0.39158700000001545,-0.5262539999999944,0.6559601040772268,23.40939982143925
598.0,182.0,174.0,138.0,180.0,174.0,154.0,182.609802,173.436539,138.939914,-0.609802000000002,0.5634609999999896,-0.9399139999999875,1.2541072941024491,16.1245154965971
599.0,168.0,146.0,142.0,170.0,144.0,154.0,166.969322,144.727879,142.581314,1.0306779999999947,1.2721209999999985,-0.5813139999999919,1.7373873905726887,12.328828005937952
600.0,204.0,112.0,146.0,213.0,118.0,161.0,201.570609,109.895241,148.17549599999998,2.4293910000000096,2.1047590000000014,-2.1754959999999812,3.8813314629103726,18.49324200890693
601.0,178.0,54.0,154.0,200.0,62.0,160.0,177.478146,55.092109,153.539642,0.5218539999999905,-1.0921090000000007,0.4603580000000136,1.2949761207686434,24.166091947189145
602.0,242.0,188.0,156.0,238.0,198.0,180.0,243.6672,188.101139,156.88159,-1.6672000000000082,-0.10113899999998921,-0.8815899999999885,1.8886465697480312,26.30589287593181
603.0,168.0,182.0,178.0,158.0,176.0,192.0,166.67457800000003,182.554281,177.137554,1.3254219999999748,-0.5542810000000031,0.8624460000000056,1.6756443560496201,18.2208671582886
604.0,64.0,98.0,182.0,70.0,76.0,180.0,63.123085999999994,97.07099299999999,182.27669799999998,0.8769140000000064,0.9290070000000128,-0.2766979999999819,1.3071319568616724,22.891046284519195
605.0,94.0,94.0,190.0,102.0,78.0,190.0,93.95161200000001,93.347261,189.048782,0.04838799999998855,0.6527389999999968,0.9512180000000114,1.1546537507794346,17.88854381999832
606.0,168.0,112.0,194.0,172.0,110.0,204.0,166.539118,112.95322100000001,193.69947399999998,1.460881999999998,-0.9532210000000134,0.30052600000001917,1.7700628151116646,10.954451150103322
607.0,236.0,176.0,194.0,230.0,182.0,216.0,236.51312,175.81595099999998,193.677238,-0.5131199999999865,0.1840490000000159,0.32276200000001154,0.6335151753865091,23.57965224510319
608.0,118.0,218.0,194.0,96.0,198.0,206.0,115.88459800000001,218.578395,193.69965,2.115401999999989,-0.5783950000000004,0.3003500000000088,2.213521294256949,32.0624390837628
609.0,134.0,24.0,200.0,158.0,22.0,200.0,134.33804,25.367783,199.258086,-0.33804000000000656,-1.3677829999999993,0.7419140000000084,1.592337200496495,24.08318915758459
610.0,212.0,194.0,200.0,200.0,194.0,222.0,212.150714,194.58121500000001,200.819482,-0.15071399999999358,-0.5812150000000145,-0.8194819999999936,1.0159115780150378,25.059928172283335
611.0,190.0,62.0,204.0,208.0,66.0,214.0,191.140786,61.304655000000004,204.44762599999999,-1.1407859999999914,0.6953449999999961,-0.4476259999999854,1.4089948199681082,20.97617696340303
612.0,78.0,176.0,208.0,62.0,150.0,212.0,74.93520000000001,176.694707,206.794422,3.064799999999991,-0.694706999999994,1.2055780000000027,3.365863213194045,30.789608636681304
613.0,48.0,182.0,210.0,32.0,148.0,214.0,47.155588,180.843649,211.400006,0.8444119999999984,1.1563510000000008,-1.4000059999999905,2.002547392942542,37.78888725538237
614.0,198.0,52.0,212.0,218.0,58.0,222.0,199.41082799999998,51.643413,212.061502,-1.4108279999999809,0.35658699999999754,-0.061501999999990176,1.4564931960558356,23.15167380558045
615.0,32.0,86.0,220.0,36.0,56.0,216.0,31.230408000000004,85.94008299999999,221.608702,0.7695919999999958,0.05991700000001288,-1.6087019999999939,1.784316120578687,30.528675044947494
616.0,142.0,48.0,228.0,158.0,42.0,232.0,141.874988,48.064507000000006,228.168638,0.12501199999999812,-0.06450700000000609,-0.1686379999999872,0.21960857960698166,17.549928774784245
617.0,32.0,76.0,238.0,38.0,46.0,232.0,32.531128,76.398871,237.77101399999998,-0.5311280000000025,-0.39887099999999975,0.22898600000002034,0.7025877989411798,31.176914536239792
618.0,160.0,198.0,8.0,164.0,204.0,20.0,160.83670800000002,198.13760299999998,8.552741999999997,-0.8367080000000158,-0.13760299999998438,-0.5527419999999967,1.0121949325288182,14.0
619.0,126.0,134.0,18.0,142.0,136.0,20.0,125.99720200000002,132.929989,16.751154,0.002797999999984313,1.0700109999999938,1.2488460000000003,1.6445509115381585,16.24807680927192
620.0,96.0,24.0,20.0,136.0,28.0,14.0,96.63658000000001,23.104921,21.593958,-0.6365800000000092,0.8950789999999991,-1.5939580000000007,1.9357434278346426,40.64480286580315
621.0,150.0,26.0,20.0,192.0,42.0,18.0,151.482674,26.410531,19.474666,-1.482674000000003,-0.41053099999999887,0.5253340000000009,1.6256794591164054,44.98888751680797
622.0,146.0,108.0,20.0,166.0,118.0,24.0,144.56816,109.92187099999998,20.289718,1.431839999999994,-1.9218709999999817,-0.2897180000000006,2.4140609863391838,22.715633383201094
623.0,76.0,84.0,24.0,102.0,80.0,20.0,77.20968200000002,83.649333,25.322129999999998,-1.209682000000015,0.3506670000000014,-1.3221299999999978,1.826013587822673,26.60826939130014
624.0,140.0,122.0,28.0,158.0,128.0,32.0,140.18153800000002,122.33327300000002,27.714161999999998,-0.18153800000001752,-0.3332730000000197,0.2858380000000018,0.47511082940406707,19.390719429665317
625.0,60.0,224.0,28.0,52.0,206.0,32.0,59.621550000000006,223.636753,29.221265999999996,0.37844999999999374,0.3632470000000012,-1.2212659999999964,1.3291589176110534,20.09975124224178
626.0,98.0,102.0,34.0,120.0,102.0,32.0,99.687514,103.377093,33.308874,-1.687513999999993,-1.3770930000000021,0.691125999999997,2.285113515500046,22.090722034374522
627.0,62.0,206.0,34.0,58.0,190.0,36.0,62.092244,206.312783,34.069053999999994,-0.09224400000000088,-0.31278299999999604,-0.06905399999999418,0.3333325899773331,16.61324772583615
628.0,96.0,102.0,38.0,116.0,100.0,36.0,95.987628,102.412827,37.676758,0.012371999999999161,-0.41282699999999295,0.3232420000000005,0.5244660035474125,20.199009876724155
629.0,64.0,202.0,38.0,60.0,188.0,38.0,63.700568,203.99846100000002,36.014094,0.29943200000000303,-1.9984610000000202,1.985906,2.8332540535541604,14.560219778561036
630.0,122.0,148.0,42.0,132.0,146.0,46.0,121.59208600000002,146.989091,41.65781,0.4079139999999768,1.010908999999998,0.3421900000000022,1.1425518954415064,10.954451150103322
631.0,70.0,128.0,44.0,82.0,118.0,42.0,69.24307999999999,128.131685,44.589574,0.756920000000008,-0.1316850000000045,-0.5895739999999989,0.9684349885774532,15.748015748023622
632.0,64.0,186.0,44.0,64.0,172.0,44.0,64.53654399999999,187.21663900000001,42.952158,-0.5365439999999921,-1.216639000000015,1.0478420000000028,1.6929450012392706,14.0
633.0,62.0,204.0,44.0,58.0,186.0,46.0,62.24148399999999,202.906629,44.063677999999996,-0.2414839999999927,1.0933709999999905,-0.0636779999999959,1.1215300056534265,18.547236990991408
634.0,120.0,116.0,46.0,136.0,118.0,48.0,119.441306,117.639509,45.871882,0.5586940000000027,-1.6395090000000039,0.12811800000000062,1.7368197858848269,16.24807680927192
635.0,152.0,54.0,48.0,182.0,64.0,50.0,150.26634200000004,53.175587,49.029306,1.7336579999999628,0.8244129999999998,-1.0293059999999983,2.178232700417673,31.68595903550972
636.0,102.0,144.0,48.0,112.0,138.0,50.0,101.90688200000002,143.110771,47.917962,0.09311799999997561,0.8892290000000003,0.08203799999999717,0.8978470971212167,11.832159566199232
637.0,130.0,202.0,52.0,126.0,198.0,62.0,128.889772,202.569117,52.677966,1.1102280000000064,-0.5691170000000056,-0.6779659999999978,1.4199078381462007,11.489125293076057
638.0,136.0,56.0,54.0,166.0,64.0,54.0,135.97643,56.683606999999995,54.207561999999996,0.02357000000000653,-0.683606999999995,-0.2075619999999958,0.7148119047644574,31.04834939252005
639.0,36.0,184.0,54.0,34.0,162.0,52.0,35.64121600000001,183.585915,54.079046,0.3587839999999929,0.41408500000000004,-0.07904599999999817,0.5535707867987568,22.181073012818835
640.0,30.0,72.0,58.0,54.0,56.0,48.0,30.790770000000002,70.696201,58.496818,-0.790770000000002,1.303798999999998,-0.49681799999999754,1.6037571980898466,30.528675044947494
641.0,162.0,162.0,58.0,168.0,166.0,68.0,161.18032200000002,161.72367300000002,57.95529,0.8196779999999819,0.27632699999998067,0.044710000000002026,0.8661568095402586,12.328828005937952
642.0,58.0,192.0,60.0,56.0,174.0,62.0,59.438262,192.12476300000003,60.745889999999996,-1.4382620000000017,-0.12476300000002993,-0.7458899999999957,1.6249662393148376,18.2208671582886
643.0,126.0,52.0,66.0,156.0,56.0,64.0,126.08104000000003,51.200098999999994,65.40826999999999,-0.08104000000002998,0.7999010000000055,0.5917300000000125,0.9982752547774729,30.331501776206203
644.0,220.0,220.0,66.0,216.0,230.0,86.0,220.854878,218.826507,65.285778,-0.8548780000000136,1.1734930000000077,0.7142220000000066,1.618028207793996,22.715633383201094
645.0,176.0,244.0,68.0,164.0,244.0,86.0,176.11263200000002,243.66924500000002,68.29783799999998,-0.11263200000001916,0.33075499999998215,-0.2978379999999845,0.4591212385557689,21.633307652783937
646.0,206.0,158.0,72.0,214.0,170.0,88.0,206.30666,157.911795,72.996014,-0.3066599999999937,0.08820499999998788,-0.9960140000000024,1.0458797090588376,21.540659228538015
647.0,78.0,82.0,78.0,96.0,76.0,74.0,76.29330000000002,84.49530899999999,78.14343,1.7066999999999837,-2.495308999999992,-0.14342999999999506,3.026543252686289,19.390719429665317
648.0,180.0,134.0,78.0,192.0,142.0,88.0,180.076154,133.675421,77.44778600000001,-0.0761540000000025,0.32457899999999995,0.5522139999999922,0.6450513628797259,17.549928774784245
649.0,128.0,150.0,80.0,134.0,146.0,86.0,127.46939200000003,149.349017,79.97136599999999,0.5306079999999724,0.6509829999999965,0.02863400000001093,0.8403235221680795,9.38083151964686
650.0,126.0,16.0,86.0,160.0,22.0,80.0,124.05310600000001,16.672189000000003,83.652282,1.9468939999999861,-0.672189000000003,2.3477180000000004,3.1231417045150147,35.04283093587046
651.0,166.0,142.0,86.0,176.0,146.0,96.0,167.051198,141.556953,86.09936199999999,-1.0511979999999994,0.4430470000000071,-0.09936199999998507,1.1450679833341784,14.696938456699069
652.0,210.0,188.0,86.0,210.0,198.0,104.0,210.27569200000002,188.50512300000003,86.09787,-0.2756920000000207,-0.505123000000026,-0.09787000000000035,0.5837241308126963,20.591260281974
653.0,152.0,214.0,92.0,142.0,208.0,108.0,150.382634,212.758757,94.66284999999999,1.617366000000004,1.2412429999999972,-2.6628499999999917,3.3537034880121652,19.79898987322333
654.0,80.0,22.0,98.0,110.0,20.0,94.0,79.118202,25.689835000000002,101.46465799999999,0.8817980000000034,-3.689835000000002,-3.464657999999986,5.137733459123091,30.331501776206203
655.0,78.0,60.0,98.0,100.0,52.0,92.0,76.619644,60.348403,97.374774,1.3803560000000061,-0.3484029999999976,0.6252259999999978,1.5548874197899385,24.166091947189145
656.0,120.0,216.0,112.0,108.0,206.0,122.0,120.14169800000002,218.544771,111.14495399999998,-0.14169800000001942,-2.5447709999999972,0.8550460000000157,2.688315723229141,18.547236990991408
657.0,116.0,108.0,118.0,128.0,102.0,122.0,116.12575800000002,107.980007,119.223378,-0.1257580000000189,0.019992999999999483,-1.2233779999999967,1.2299872054200387,14.0
658.0,190.0,214.0,120.0,180.0,214.0,138.0,189.60257800000002,213.302227,119.80133799999999,0.3974219999999775,0.6977730000000122,0.198662000000013,0.8272230629382888,20.591260281974
659.0,224.0,166.0,128.0,226.0,176.0,148.0,224.67932600000003,165.77957700000002,129.156074,-0.6793260000000316,0.2204229999999825,-1.1560739999999896,1.3588882244986198,22.44994432064365
660.0,130.0,196.0,132.0,122.0,186.0,142.0,130.7147,196.613413,131.09420599999999,-0.7146999999999935,-0.6134130000000084,0.9057940000000144,1.3067265854053123,16.24807680927192
661.0,32.0,84.0,134.0,44.0,62.0,126.0,30.777482,84.25122300000001,133.80193,1.2225180000000009,-0.2512230000000102,0.1980700000000013,1.263683101474815,26.30589287593181
662.0,84.0,60.0,136.0,104.0,50.0,132.0,83.903246,60.255813,135.709378,0.09675400000000423,-0.2558130000000034,0.29062200000001326,0.39907740398199726,22.715633383201094
663.0,94.0,164.0,136.0,92.0,148.0,140.0,94.78293200000002,163.611851,135.223782,-0.7829320000000166,0.3881489999999985,0.7762180000000001,1.1688269959018849,16.61324772583615
664.0,240.0,180.0,136.0,238.0,192.0,158.0,240.15354200000004,180.43531900000002,136.279674,-0.15354200000004425,-0.4353190000000211,-0.279674,0.53971781868031,25.13961017995307
665.0,176.0,8.0,140.0,210.0,20.0,144.0,176.006202,8.946985000000003,141.250258,-0.006202000000001817,-0.9469850000000033,-1.2502580000000023,1.5684272764757097,36.27671429443411
666.0,92.0,162.0,142.0,88.0,144.0,148.0,91.05665200000001,160.875411,143.626982,0.9433479999999861,1.124588999999986,-1.6269819999999982,2.191272757177649,19.390719429665317
667.0,234.0,170.0,146.0,234.0,180.0,166.0,234.70546199999998,169.50463100000002,145.432202,-0.7054619999999829,0.4953689999999824,0.5677980000000105,1.0322120171791116,22.360679774997898
668.0,92.0,108.0,154.0,102.0,92.0,158.0,93.73231400000003,105.476091,156.95358599999997,-1.7323140000000308,2.5239090000000033,-2.953585999999973,4.253786394998339,19.28730152198591
669.0,174.0,48.0,158.0,198.0,54.0,164.0,174.323656,47.578203,158.303238,-0.3236559999999997,0.421796999999998,-0.30323799999999324,0.6120614349793605,25.45584412271571
670.0,180.0,94.0,158.0,194.0,94.0,164.0,179.25916400000003,89.357351,154.889166,0.7408359999999732,4.642649000000006,3.110834000000011,5.637403293330457,15.231546211727817
671.0,160.0,192.0,174.0,150.0,184.0,190.0,160.84736600000002,192.22615100000002,175.12937,-0.8473660000000223,-0.22615100000001576,-1.1293699999999944,1.4299125881175507,20.493901531919196
672.0,120.0,178.0,176.0,110.0,162.0,186.0,118.97343999999998,177.494661,176.66771799999998,1.0265600000000177,0.5053389999999922,-0.6677179999999794,1.3247793273013437,21.354156504062622
673.0,232.0,178.0,190.0,226.0,184.0,212.0,232.86602200000002,178.396033,189.97448999999997,-0.8660220000000152,-0.39603299999998853,0.025510000000025457,0.9526211217861057,23.57965224510319
674.0,168.0,198.0,192.0,154.0,190.0,210.0,167.832488,198.94586900000002,193.47472599999998,0.1675119999999879,-0.9458690000000161,-1.4747259999999756,1.7599844346984874,24.166091947189145
675.0,238.0,178.0,194.0,232.0,184.0,216.0,238.780316,177.460559,193.32362199999997,-0.7803159999999991,0.5394410000000107,0.6763780000000281,1.1650651703750516,23.57965224510319
676.0,144.0,10.0,198.0,172.0,10.0,198.0,144.41053400000004,10.110539000000001,197.294098,-0.41053400000004103,-0.11053900000000105,0.7059020000000089,0.824047734831573,28.0
677.0,68.0,194.0,200.0,50.0,166.0,206.0,66.75224,195.092345,200.521494,1.2477599999999995,-1.0923449999999946,-0.5214939999999899,1.7384126692649753,33.823069050575526
678.0,108.0,162.0,204.0,100.0,144.0,212.0,108.542024,162.873895,204.19702199999998,-0.5420239999999978,-0.8738950000000045,-0.1970219999999756,1.0470435311318227,21.2602916254693
679.0,190.0,64.0,206.0,208.0,68.0,216.0,191.773264,63.49141100000001,206.184286,-1.7732640000000117,0.5085889999999935,-0.18428599999998596,1.8539388647992225,20.97617696340303
680.0,92.0,206.0,208.0,72.0,178.0,218.0,90.75131400000001,203.769387,209.11233,1.2486859999999922,2.2306130000000053,-1.1123299999999858,2.787853854000416,35.832945734337834
681.0,202.0,66.0,210.0,216.0,76.0,224.0,201.65016000000003,70.622619,212.46578999999997,0.34983999999997195,-4.622619,-2.46578999999997,5.250820390078186,22.181073012818835
682.0,40.0,100.0,210.0,40.0,70.0,208.0,37.108938,98.919333,212.26884199999998,2.891061999999998,1.0806670000000054,-2.268841999999978,3.8306298011811193,30.066592756745816
683.0,164.0,102.0,212.0,170.0,98.0,220.0,163.73589600000003,102.171355,210.38168599999997,0.2641039999999748,-0.17135500000000548,1.6183140000000265,1.6486520741008621,10.770329614269007
684.0,214.0,120.0,214.0,216.0,124.0,230.0,212.58704400000002,120.20268899999999,213.741798,1.41295599999998,-0.20268899999999235,0.25820200000001137,1.4505846274729877,16.61324772583615
685.0,60.0,166.0,218.0,46.0,136.0,220.0,58.03619399999999,166.139181,217.13198599999998,1.9638060000000124,-0.13918100000000777,0.8680140000000165,2.1515932841950125,33.166247903554
686.0,132.0,22.0,224.0,154.0,16.0,224.0,131.797534,21.688333000000004,223.24055399999997,0.20246599999998693,0.31166699999999636,0.7594460000000254,0.8455099212670606,22.80350850198276
687.0,46.0,158.0,228.0,32.0,124.0,230.0,43.606412,157.366457,229.03992599999998,2.393588000000001,0.6335430000000031,-1.03992599999998,2.685532783651871,36.823905279043935
688.0,58.0,172.0,228.0,44.0,142.0,230.0,58.500938,173.379791,226.35623399999997,-0.5009379999999979,-1.3797910000000115,1.6437660000000278,2.203798708203887,33.166247903554
689.0,110.0,118.0,6.0,130.0,120.0,6.0,110.11893000000003,117.997859,5.77957,-0.1189300000000344,0.0021409999999946194,0.22043000000000035,0.25047617387889076,20.09975124224178
690.0,146.0,100.0,8.0,172.0,110.0,10.0,146.94240200000002,99.54840300000001,7.072249999999997,-0.9424020000000155,0.4515969999999925,0.9277500000000032,1.3974195656684603,27.92848008753788
691.0,204.0,74.0,10.0,236.0,96.0,16.0,203.311208,72.69652300000001,8.834462,0.6887920000000065,1.3034769999999867,1.1655379999999997,1.879352425235079,39.293765408777
692.0,148.0,34.0,14.0,186.0,48.0,12.0,146.657702,33.353497000000004,13.639545999999998,1.3422979999999995,0.6465029999999956,0.3604540000000025,1.532859137666927,40.54626986542659
693.0,138.0,50.0,16.0,174.0,62.0,16.0,139.054432,50.393543,17.17391,-1.0544319999999914,-0.3935430000000011,-1.1739099999999993,1.6262741538784233,37.94733192202055
694.0,152.0,86.0,16.0,180.0,98.0,20.0,152.71682600000003,86.33218500000001,17.151066,-0.7168260000000259,-0.3321850000000097,-1.1510660000000001,1.396115799229077,30.72458299147443
695.0,140.0,86.0,26.0,166.0,96.0,28.0,140.237266,87.66407699999999,26.198354,-0.2372660000000053,-1.6640769999999918,-0.19835399999999836,1.6925695631202207,27.92848008753788
696.0,94.0,106.0,26.0,114.0,104.0,24.0,93.79961400000002,106.08474100000001,25.924425999999997,0.2003859999999804,-0.08474100000000817,0.07557400000000314,0.23031937728509516,20.199009876724155
697.0,142.0,120.0,26.0,160.0,126.0,32.0,141.58783400000002,119.88075700000002,27.73521,0.41216599999998493,0.11924299999998311,-1.7352099999999986,1.787471244161701,19.8997487421324
698.0,46.0,126.0,28.0,60.0,112.0,24.0,45.92927199999999,125.18574699999999,29.664766,0.07072800000000967,0.8142530000000079,-1.6647660000000002,1.8545771034791234,20.199009876724155
699.0,186.0,82.0,34.0,214.0,98.0,38.0,185.75976,80.70871299999999,31.640166,0.24024,1.2912870000000112,2.3598339999999993,2.7007321010283536,32.49615361854384
700.0,128.0,144.0,34.0,140.0,146.0,40.0,128.332986,144.958693,35.220698,-0.33298600000000533,-0.9586930000000109,-1.2206979999999987,1.5874745829930699,13.564659966250536
701.0,50.0,182.0,34.0,50.0,164.0,32.0,48.745354,181.020905,33.321522,1.254646000000001,0.9790950000000009,0.6784779999999984,1.7300566467098706,18.110770276274835
702.0,156.0,94.0,38.0,178.0,106.0,42.0,154.82418800000002,96.45052100000001,37.731933999999995,1.1758119999999792,-2.450521000000009,0.2680660000000046,2.731198713228497,25.37715508089904
703.0,100.0,108.0,42.0,118.0,106.0,42.0,99.72180800000001,108.569141,42.720454,0.27819199999999,-0.5691410000000019,-0.7204539999999966,0.9593571977428385,18.110770276274835
704.0,194.0,230.0,46.0,188.0,236.0,64.0,194.20947600000002,229.10741500000003,45.887845999999996,-0.20947600000002353,0.8925849999999684,0.11215400000000386,0.9236702314770973,19.8997487421324
705.0,182.0,64.0,50.0,212.0,80.0,54.0,181.665188,63.781161,48.884374,0.33481199999999944,0.21883900000000267,1.115625999999999,1.1851628390820386,34.23448553724738
706.0,192.0,80.0,52.0,218.0,96.0,58.0,191.023082,79.234183,50.73485,0.9769180000000119,0.7658169999999984,1.2651499999999984,1.7724133205076678,31.11269837220809
707.0,34.0,180.0,52.0,34.0,160.0,50.0,35.008738000000015,181.399159,52.342386,-1.0087380000000152,-1.3991589999999974,-0.34238599999999764,1.7585296224178375,20.09975124224178
708.0,78.0,20.0,56.0,114.0,18.0,46.0,77.512572,19.516709,55.143614,0.4874279999999942,0.48329100000000125,0.8563860000000005,1.097521401550328,37.416573867739416
709.0,190.0,62.0,56.0,220.0,80.0,62.0,189.820284,62.718121000000004,55.915206,0.1797160000000133,-0.7181210000000036,0.08479400000000226,0.7451078000752712,35.4964786985977
710.0,36.0,186.0,56.0,34.0,164.0,54.0,36.273694,185.772671,55.815706,-0.273693999999999,0.22732899999999745,0.1842940000000013,0.4006883555994593,22.181073012818835
711.0,90.0,198.0,56.0,88.0,186.0,60.0,91.20687000000001,197.814677,55.037362,-1.2068700000000092,0.185323000000011,0.9626379999999983,1.554847815791958,12.806248474865697
712.0,228.0,216.0,56.0,226.0,230.0,76.0,229.028468,216.115767,54.83439799999999,-1.0284680000000037,-0.11576700000000528,1.165602000000007,1.5587740207345722,24.49489742783178
713.0,86.0,22.0,60.0,122.0,22.0,52.0,86.32654,22.412599,59.875789999999995,-0.3265399999999943,-0.41259900000000016,0.12421000000000504,0.5406426088470994,36.87817782917155
714.0,144.0,78.0,62.0,168.0,86.0,64.0,143.55826600000003,79.504805,61.600586,0.4417339999999683,-1.5048050000000046,0.39941400000000016,1.6183629253591376,25.37715508089904
715.0,68.0,118.0,62.0,82.0,106.0,60.0,68.478632,117.084059,63.029494,-0.4786320000000046,0.9159410000000037,-1.0294939999999997,1.458730407903054,18.547236990991408
716.0,92.0,194.0,64.0,88.0,182.0,70.0,91.35611,194.408523,65.03198599999999,0.643889999999999,-0.4085230000000024,-1.0319859999999892,1.2831525543850888,14.0
717.0,76.0,116.0,66.0,90.0,106.0,64.0,76.229672,115.744631,66.212342,-0.22967199999999366,0.25536900000000173,-0.2123420000000067,0.4037965808535293,17.320508075688775
718.0,102.0,198.0,68.0,100.0,188.0,74.0,104.071992,198.40687300000002,67.32027,-2.0719919999999945,-0.4068730000000187,0.6797300000000064,2.2182717054258707,11.832159566199232
719.0,216.0,188.0,72.0,218.0,200.0,90.0,216.63893,187.970511,71.777458,-0.6389299999999878,0.02948900000001231,0.22254200000000424,0.6772193793631329,21.72556098240043
720.0,98.0,214.0,72.0,92.0,202.0,80.0,100.34424200000001,214.777205,72.446058,-2.3442420000000084,-0.7772050000000092,-0.4460579999999936,2.50967844672441,15.620499351813308
721.0,130.0,28.0,76.0,166.0,34.0,74.0,131.53995999999998,27.337117,76.257462,-1.5399599999999793,0.6628830000000008,-0.25746200000000385,1.6962244411436063,36.55133376499413
722.0,180.0,138.0,76.0,192.0,144.0,88.0,180.506604,135.723983,77.260454,-0.50660400000001,2.276016999999996,-1.2604539999999957,2.6505933832296837,18.0
723.0,212.0,196.0,76.0,212.0,206.0,94.0,212.82409800000002,195.604447,75.562298,-0.8240980000000206,0.3955530000000067,0.4377020000000016,1.0135002369102046,20.591260281974
724.0,160.0,222.0,78.0,152.0,220.0,94.0,160.734868,222.06300099999999,79.239494,-0.7348680000000058,-0.06300099999998565,-1.2394939999999934,1.442340278665541,18.0
725.0,40.0,46.0,82.0,64.0,30.0,70.0,36.60095800000001,43.565259,81.26462599999999,3.3990419999999872,2.4347410000000025,0.7353740000000073,4.245259141056166,31.240998703626616
726.0,210.0,190.0,82.0,210.0,198.0,102.0,210.073664,188.36692900000003,84.173878,-0.07366400000000795,1.6330709999999726,-2.173878000000002,2.71994353522659,21.540659228538015
727.0,210.0,210.0,82.0,206.0,218.0,102.0,210.704672,209.660457,82.633126,-0.704671999999988,0.33954299999999193,-0.6331260000000043,1.006330268007965,21.908902300206645
728.0,84.0,28.0,86.0,116.0,24.0,80.0,84.075144,27.607739000000002,87.123198,-0.07514399999999455,0.39226099999999775,-1.1231980000000021,1.1920944006499663,32.802438933713454
729.0,186.0,98.0,86.0,204.0,112.0,96.0,185.447992,101.076043,86.95603,0.5520080000000007,-3.0760429999999985,-0.9560299999999984,3.268141173635709,24.899799195977465
730.0,164.0,140.0,90.0,174.0,142.0,100.0,164.757608,138.140171,90.488294,-0.7576080000000047,1.8598289999999906,-0.48829399999999623,2.0667280472623797,14.2828568570857
731.0,150.0,144.0,92.0,158.0,144.0,100.0,150.49409000000003,143.420365,91.631234,-0.49409000000002834,0.5796349999999961,0.3687659999999937,0.8462210255488922,11.313708498984761
732.0,8.0,164.0,94.0,6.0,134.0,88.0,7.536976000000003,163.048895,93.66152600000001,0.4630239999999972,0.9511050000000125,0.33847399999999084,1.1106559297446779,30.659419433511783
733.0,150.0,212.0,94.0,142.0,208.0,106.0,150.18060599999998,212.620563,92.738858,-0.18060599999998317,-0.6205630000000042,1.2611420000000066,1.417108361547915,14.966629547095765
734.0,136.0,36.0,98.0,166.0,42.0,96.0,135.48406799999998,37.051499,96.672046,0.5159320000000207,-1.0514989999999997,1.3279540000000054,1.7706772155706514,30.659419433511783
735.0,58.0,56.0,100.0,80.0,44.0,94.0,56.732412000000004,56.331889,101.71093400000001,1.2675879999999964,-0.33188899999999677,-1.7109340000000088,2.1550463564436426,25.768197453450252
736.0,172.0,64.0,100.0,196.0,74.0,106.0,170.93259799999998,64.460151,100.800434,1.0674020000000155,-0.4601509999999962,-0.8004339999999956,1.411304559888128,26.68332812825267
737.0,168.0,64.0,102.0,192.0,74.0,108.0,167.46113400000002,65.40625299999999,103.056994,0.5388659999999845,-1.4062529999999924,-1.056994000000003,1.8398805347089708,26.68332812825267
738.0,92.0,34.0,106.0,120.0,30.0,102.0,91.262294,34.465651,107.39254600000001,0.7377060000000029,-0.46565100000000115,-1.39254600000001,1.6432362454476936,28.5657137141714
739.0,76.0,42.0,108.0,104.0,34.0,100.0,77.22719799999999,41.656213,106.424162,-1.2271979999999871,0.34378699999999895,1.5758380000000045,2.0266893779800057,30.199337741083
740.0,38.0,74.0,108.0,58.0,56.0,102.0,39.919018,73.619531,110.112034,-1.9190180000000012,0.38046900000000505,-2.112033999999994,2.8789015893984606,27.568097504180443
741.0,206.0,146.0,110.0,212.0,156.0,126.0,205.295296,146.601501,111.02947,0.7047039999999924,-0.6015010000000132,-1.0294700000000034,1.384998072748483,19.79898987322333
742.0,174.0,62.0,116.0,196.0,68.0,122.0,171.257472,59.420017,116.754366,2.742527999999993,2.5799829999999986,-0.7543660000000045,3.840161477467967,23.57965224510319
743.0,96.0,196.0,116.0,88.0,180.0,122.0,96.17838800000001,195.95300500000002,115.24311,-0.17838800000001243,0.046994999999981246,0.7568899999999985,0.7790463918593041,18.867962264113206
744.0,118.0,82.0,120.0,136.0,78.0,122.0,118.30734200000003,81.781447,120.80622599999998,-0.307342000000034,0.218553,-0.806225999999981,0.8900701555770704,18.547236990991408
745.0,114.0,104.0,120.0,126.0,98.0,122.0,113.428112,104.28683699999999,119.76432599999998,0.5718880000000013,-0.28683699999999135,0.23567400000001726,0.6818163853919944,13.564659966250536
746.0,110.0,76.0,122.0,130.0,70.0,120.0,110.873276,74.660867,120.130414,-0.8732760000000042,1.339133000000004,1.8695859999999982,2.4599268231516587,20.97617696340303
747.0,126.0,80.0,122.0,144.0,78.0,124.0,125.85635400000001,80.30382499999999,122.06508199999999,0.14364599999998973,-0.30382499999998913,-0.06508199999998965,0.34231487064541777,18.2208671582886
748.0,190.0,124.0,122.0,200.0,132.0,134.0,189.917532,124.99525700000001,121.971126,0.08246800000000576,-0.9952570000000094,0.028874000000001843,0.9990851690166458,17.549928774784245
749.0,166.0,158.0,122.0,168.0,158.0,134.0,166.125446,158.089827,122.19635399999999,-0.12544600000001083,-0.08982700000001387,-0.19635399999998526,0.24972080842612898,12.165525060596439
750.0,208.0,182.0,126.0,206.0,188.0,144.0,208.49051,181.83410100000003,125.846938,-0.49051000000000045,0.1658989999999676,0.15306200000000558,0.53995417781974,19.078784028338912
751.0,148.0,184.0,128.0,142.0,178.0,140.0,147.158332,184.241431,128.256702,0.8416679999999985,-0.24143100000000572,-0.25670199999999,0.9124636249127935,14.696938456699069
752.0,152.0,186.0,128.0,146.0,180.0,140.0,151.26227400000002,185.48208499999998,127.73680199999998,0.7377259999999808,0.5179150000000163,0.2631980000000169,0.9390147951470187,14.696938456699069
753.0,154.0,208.0,128.0,142.0,202.0,142.0,152.52576,208.96236900000002,127.93270999999999,1.4742400000000089,-0.9623690000000238,0.06729000000001406,1.761835864619935,19.390719429665317
754.0,120.0,78.0,132.0,140.0,74.0,132.0,122.13007399999998,77.567385,130.468282,-2.130073999999979,0.4326149999999984,1.5317180000000121,2.6590470126014973,20.396078054371138
755.0,106.0,90.0,132.0,122.0,82.0,132.0,107.32115999999999,89.397219,131.21551,-1.321159999999992,0.6027809999999931,0.7844900000000052,1.6505251405722297,17.88854381999832
756.0,112.0,104.0,134.0,124.0,96.0,136.0,112.57511200000002,103.609587,133.585886,-0.5751120000000185,0.39041299999999524,0.4141140000000121,0.8091146569609449,14.560219778561036
757.0,78.0,42.0,136.0,102.0,32.0,130.0,77.99042200000002,42.084514999999996,135.637658,0.009577999999976328,-0.08451499999999612,0.3623420000000124,0.3721911448073528,26.68332812825267
758.0,56.0,116.0,142.0,62.0,96.0,140.0,56.04004200000001,116.408549,142.588674,-0.040042000000006794,-0.4085489999999936,-0.5886739999999975,0.7176717393356049,20.97617696340303
759.0,62.0,34.0,144.0,86.0,20.0,136.0,61.31983800000001,33.439357,143.863898,0.6801619999999886,0.5606429999999989,0.13610199999999395,0.8918882632353571,28.91366458960192
760.0,52.0,36.0,144.0,76.0,20.0,136.0,52.136108,35.459127,144.695318,-0.13610800000000012,0.5408729999999977,-0.6953179999999861,0.8913675509670398,29.93325909419153
761.0,52.0,204.0,144.0,38.0,176.0,146.0,51.823174,203.61305900000002,142.862778,0.17682599999999837,0.3869409999999789,1.1372220000000084,1.2141930032087165,31.368774282716245
762.0,100.0,46.0,146.0,122.0,38.0,144.0,99.06342800000002,45.158018999999996,146.880766,0.936571999999984,0.8419810000000041,-0.8807659999999942,1.5368304598429088,23.49468024894146
763.0,46.0,108.0,146.0,54.0,86.0,142.0,46.742836000000004,107.919749,146.114462,-0.742836000000004,0.08025100000000407,-0.11446200000000317,0.755875052730944,23.748684174075834
764.0,106.0,72.0,148.0,122.0,64.0,148.0,105.063334,72.065713,148.293434,0.9366660000000024,-0.06571300000000235,-0.29343399999999065,0.9837504288593726,17.88854381999832
765.0,210.0,208.0,148.0,200.0,210.0,170.0,210.341586,207.376667,149.297034,-0.3415860000000066,0.6233330000000024,-1.2970339999999965,1.4790274579739886,24.24871130596428
766.0,74.0,32.0,150.0,100.0,22.0,144.0,75.41562199999998,33.213017,150.20854599999998,-1.4156219999999848,-1.2130170000000007,-0.20854599999998413,1.8758697511525027,28.495613697550013
767.0,104.0,70.0,150.0,120.0,62.0,150.0,102.998166,70.55929900000001,150.57104199999998,1.0018340000000023,-0.55929900000001,-0.5710419999999772,1.2816300951214392,17.88854381999832
768.0,176.0,44.0,152.0,200.0,52.0,156.0,174.92184,44.572911000000005,150.62831799999998,1.078159999999997,-0.5729110000000048,1.3716820000000212,1.8363462387700902,25.612496949731394
769.0,60.0,44.0,156.0,82.0,30.0,150.0,61.212792,45.457433,156.72775,-1.2127920000000003,-1.4574330000000018,-0.7277499999999861,2.0309100047153703,26.758176320519304
770.0,104.0,182.0,156.0,96.0,166.0,164.0,104.75481000000002,182.899329,156.29313,-0.7548100000000204,-0.8993289999999945,-0.2931299999999908,1.2101470915723491,19.595917942265423
771.0,208.0,112.0,160.0,218.0,120.0,176.0,208.108134,111.970373,162.00239399999998,-0.10813400000000684,0.029627000000004955,-2.002393999999981,2.0055304665651246,20.493901531919196
772.0,160.0,180.0,160.0,154.0,174.0,174.0,160.752384,180.069881,160.341526,-0.7523840000000064,-0.06988100000000941,-0.34152599999998756,0.8292195404674219,16.3707055437449
773.0,196.0,200.0,160.0,184.0,196.0,182.0,193.846636,197.097529,163.48258199999998,2.1533640000000105,2.9024709999999914,-3.4825819999999794,5.018933333793233,25.37715508089904
774.0,230.0,208.0,160.0,220.0,214.0,184.0,230.984142,208.401609,160.727474,-0.9841419999999914,-0.40160900000000765,-0.7274740000000008,1.2880386972917353,26.68332812825267
775.0,142.0,36.0,170.0,168.0,36.0,172.0,143.706528,35.753231,170.179454,-1.7065279999999916,0.24676900000000046,-0.17945399999999267,1.7335906357214117,26.076809620810597
776.0,98.0,68.0,170.0,114.0,56.0,168.0,98.01483000000002,66.86922100000001,168.94781799999998,-0.014830000000017662,1.1307789999999898,1.0521820000000162,1.5446579028590801,20.09975124224178
777.0,218.0,106.0,172.0,228.0,116.0,186.0,217.44110400000002,106.54444899999999,171.165598,0.5588959999999759,-0.544448999999986,0.8344020000000114,1.142373034529867,19.8997487421324
778.0,44.0,72.0,174.0,58.0,50.0,168.0,45.294592,72.034247,174.165766,-1.2945920000000015,-0.03424699999999348,-0.16576599999999075,1.3056108418012622,26.758176320519304
779.0,144.0,192.0,174.0,132.0,180.0,186.0,143.051696,191.48822500000003,173.152606,0.9483040000000074,0.5117749999999717,0.8473940000000084,1.370864952603647,20.784609690826528
780.0,76.0,122.0,176.0,78.0,102.0,176.0,75.66186400000001,121.81009499999999,175.328262,0.33813599999999155,0.1899050000000102,0.6717380000000048,0.7756492790978436,20.09975124224178
781.0,178.0,192.0,176.0,168.0,188.0,194.0,178.64303600000002,192.964077,177.106134,-0.6430360000000235,-0.9640770000000032,-1.1061339999999973,1.6020212811261374,20.97617696340303
782.0,140.0,32.0,178.0,166.0,30.0,178.0,141.184516,30.426080999999996,176.67970999999997,-1.1845160000000021,1.5739190000000036,1.3202900000000284,2.37138458646359,26.076809620810597
783.0,204.0,178.0,178.0,196.0,180.0,192.0,202.433652,178.976279,173.60349399999998,1.566348000000005,-0.9762790000000052,4.3965060000000165,4.768210539707865,16.24807680927192
784.0,82.0,102.0,180.0,88.0,84.0,180.0,81.37559999999999,101.62965500000001,180.030814,0.6244000000000085,0.37034499999998616,-0.030813999999992348,0.7266225165937262,18.973665961010276
785.0,60.0,138.0,180.0,58.0,114.0,180.0,60.28115999999999,138.417395,179.715094,-0.28115999999999275,-0.4173949999999991,0.28490600000000654,0.5783087068867275,24.08318915758459
786.0,82.0,144.0,180.0,80.0,122.0,184.0,82.61122200000003,142.444537,180.984626,-0.6112220000000264,1.5554630000000031,-0.9846259999999916,1.9397282896140442,22.44994432064365
787.0,144.0,46.0,182.0,166.0,44.0,184.0,144.80375,45.180597,181.14036199999998,-0.803750000000008,0.8194030000000012,0.8596380000000181,1.4340198150489574,22.181073012818835
788.0,168.0,194.0,182.0,162.0,188.0,200.0,173.738882,194.59052100000002,183.376962,-5.73888199999999,-0.5905210000000238,-1.3769619999999918,5.931231407625982,19.8997487421324
789.0,230.0,172.0,184.0,224.0,178.0,206.0,229.13184199999998,172.239719,184.930794,0.8681580000000224,-0.239719000000008,-0.9307939999999917,1.2951992056672315,23.57965224510319
790.0,186.0,164.0,188.0,180.0,160.0,204.0,184.647352,162.551455,188.351038,1.3526479999999879,1.4485449999999958,-0.3510379999999884,2.012751079088755,17.549928774784245
791.0,200.0,58.0,194.0,218.0,66.0,204.0,199.31437599999998,58.593915,193.99624599999999,0.6856240000000184,-0.5939150000000026,0.003754000000014912,0.9070994372818387,22.090722034374522
792.0,54.0,158.0,194.0,46.0,128.0,196.0,53.890058,156.286605,194.79341,0.10994199999999665,1.7133949999999913,-0.7934099999999944,1.891377566084826,31.11269837220809
793.0,168.0,200.0,194.0,154.0,192.0,212.0,168.46496599999998,201.132625,195.21138599999998,-0.46496599999997557,-1.1326249999999902,-1.211385999999976,1.7223497939666312,24.166091947189145
794.0,202.0,218.0,206.0,184.0,214.0,228.0,202.36733,218.713049,206.04841,-0.3673300000000097,-0.7130490000000123,-0.04840999999998985,0.803563148359246,28.705400188814647
795.0,192.0,54.0,208.0,212.0,58.0,216.0,193.294506,52.440693,206.788378,-1.2945060000000126,1.559306999999997,1.2116220000000055,2.361188678434876,21.908902300206645
796.0,174.0,74.0,208.0,188.0,74.0,216.0,174.697154,73.676637,207.28512999999998,-0.6971540000000118,0.3233630000000005,0.714870000000019,1.049583939656588,16.1245154965971
797.0,156.0,90.0,208.0,162.0,86.0,214.0,153.200128,91.08121700000001,206.39883799999998,2.7998719999999935,-1.0812170000000094,1.6011620000000164,3.401769123223538,9.38083151964686
798.0,226.0,128.0,208.0,228.0,134.0,226.0,225.355714,127.745387,207.95944999999998,0.6442859999999939,0.2546130000000062,0.04055000000002451,0.6939571543438379,19.078784028338912
799.0,116.0,152.0,208.0,110.0,136.0,218.0,116.610038,153.074459,209.88690599999998,-0.610038000000003,-1.0744589999999903,-1.886905999999982,2.2554429181340225,19.79898987322333
800.0,242.0,170.0,214.0,234.0,176.0,236.0,240.91554200000004,170.24429700000002,213.14658599999999,1.0844579999999553,-0.2442970000000173,0.853414000000015,1.4014441242407552,24.166091947189145
801.0,192.0,60.0,216.0,208.0,64.0,226.0,191.92250399999998,60.085257000000006,216.17890999999997,0.07749600000002488,-0.08525700000000569,-0.17890999999997348,0.21279843553230213,19.28730152198591
802.0,58.0,80.0,220.0,64.0,56.0,216.0,56.944852000000004,80.284727,219.280726,1.0551479999999955,-0.2847270000000037,0.7192740000000128,1.3083431711554163,25.059928172283335
803.0,56.0,180.0,220.0,44.0,148.0,226.0,59.38823200000001,179.24908900000003,221.94625399999998,-3.3882320000000092,0.7509109999999737,-1.946253999999982,3.9789305156361996,34.698703145794944
804.0,122.0,34.0,224.0,140.0,26.0,224.0,121.09256200000002,34.758821,223.46788199999997,0.9074379999999849,-0.7588209999999975,0.5321180000000254,1.297074631549394,19.697715603592208
805.0,116.0,46.0,224.0,132.0,36.0,224.0,115.897828,46.617447,223.19635799999998,0.10217199999999593,-0.6174469999999985,0.8036420000000248,1.0185874432551372,18.867962264113206
806.0,198.0,58.0,224.0,214.0,62.0,234.0,197.81040400000003,57.377609,223.563358,0.18959599999996612,0.6223910000000004,0.4366420000000062,0.7835645705753885,19.28730152198591
807.0,92.0,160.0,230.0,80.0,136.0,236.0,90.87710000000001,160.37751500000002,229.697094,1.1228999999999871,-0.3775150000000167,0.3029060000000072,1.222773090176991,27.49545416973504
808.0,58.0,172.0,230.0,44.0,142.0,232.0,58.702965999999996,173.517985,228.28022599999997,-0.7029659999999964,-1.5179850000000101,1.7197740000000294,2.399179499007343,33.166247903554
809.0,42.0,76.0,232.0,48.0,48.0,226.0,41.53922400000001,76.013081,230.98028599999998,0.46077599999998853,-0.013080999999999676,1.0197140000000218,1.1190631244630636,29.257477676655586
810.0,140.0,46.0,242.0,156.0,40.0,246.0,141.02198800000002,47.387257000000005,241.990198,-1.0219880000000217,-1.3872570000000053,0.009802000000007638,1.7230895320316526,17.549928774784245
811.0,132.0,60.0,4.0,168.0,68.0,4.0,133.623376,56.921927,5.566814000000001,-1.6233760000000075,3.0780730000000034,-1.5668140000000008,3.816384302098132,36.87817782917155
812.0,160.0,236.0,4.0,156.0,236.0,16.0,159.972868,232.254023,2.3725820000000013,0.027131999999994605,3.7459770000000105,1.6274179999999987,4.084307674095706,12.649110640673518
813.0,128.0,104.0,8.0,152.0,108.0,8.0,127.942464,101.401187,6.998430000000003,0.05753599999999892,2.598813000000007,1.0015699999999974,2.7857282468261384,24.331050121192877
814.0,156.0,44.0,12.0,192.0,60.0,12.0,154.75064,44.433006999999996,12.016702,1.2493599999999958,-0.43300699999999637,-0.01670200000000044,1.322374541668504,39.395431207184416
815.0,84.0,92.0,16.0,108.0,80.0,16.0,82.315864,82.16108299999999,20.975293999999998,1.6841359999999952,9.83891700000001,-4.975293999999998,11.15321263967567,26.832815729997478
816.0,136.0,192.0,16.0,140.0,192.0,24.0,136.61711200000002,190.97006700000003,15.520125999999998,-0.6171120000000201,1.0299329999999713,0.47987400000000235,1.2930074481258675,8.94427190999916
817.0,148.0,108.0,20.0,168.0,120.0,24.0,146.83535600000002,111.56647899999999,19.936101999999998,1.1646439999999814,-3.566478999999987,0.06389800000000179,3.752366061377922,23.664319132398465
818.0,128.0,160.0,28.0,136.0,160.0,32.0,126.86453200000003,159.553759,26.545973999999998,1.1354679999999746,0.44624099999998634,1.4540260000000025,1.898054324243892,8.94427190999916
819.0,144.0,80.0,32.0,168.0,92.0,32.0,141.61716800000002,83.439387,30.254717999999997,2.382831999999979,-3.4393869999999964,1.745282000000003,4.5335726017697,26.832815729997478
820.0,156.0,92.0,32.0,180.0,104.0,40.0,156.028456,93.85981100000001,35.828990000000005,-0.028456000000005588,-1.8598110000000077,-3.8289900000000046,4.256861651470137,28.0
821.0,36.0,116.0,32.0,52.0,100.0,24.0,35.999587999999996,114.51019099999999,31.453894,0.0004120000000042978,1.4898090000000082,0.5461060000000018,1.5867459750889636,24.0
822.0,188.0,92.0,36.0,212.0,108.0,44.0,186.681348,91.770059,36.641766,1.318651999999986,0.22994099999999662,-0.641765999999997,1.4844458761911656,29.93325909419153
823.0,128.0,144.0,36.0,140.0,144.0,40.0,127.902536,142.910131,35.40803,0.09746400000000222,1.089868999999993,0.5919700000000034,1.2440828546993923,12.649110640673518
824.0,132.0,188.0,36.0,136.0,188.0,44.0,134.103,189.062791,35.467278,-2.1030000000000086,-1.0627910000000043,0.5327219999999997,2.4157662219190508,8.94427190999916
825.0,100.0,112.0,40.0,116.0,108.0,40.0,98.113484,110.883463,40.775414,1.8865160000000003,1.116536999999994,-0.7754139999999978,2.3252665141916493,16.492422502470642
826.0,80.0,132.0,40.0,96.0,124.0,36.0,82.78556800000001,131.035111,37.091614,-2.785568000000012,0.9648889999999994,2.908386,4.1411482694949555,18.33030277982336
827.0,172.0,228.0,40.0,164.0,232.0,56.0,170.49951199999998,229.304963,40.561949999999996,1.5004880000000185,-1.3049629999999866,-0.561949999999996,2.0664414997800002,18.33030277982336
828.0,228.0,204.0,48.0,228.0,220.0,68.0,227.90485199999998,204.91622700000002,47.908806,0.0951480000000231,-0.9162270000000206,0.09119400000000155,0.9256572816485821,25.612496949731394
829.0,88.0,172.0,52.0,92.0,152.0,56.0,87.15865600000001,161.90482699999998,54.041454,0.8413439999999923,10.095173000000017,-2.0414540000000017,10.333823690211737,20.784609690826528
830.0,84.0,216.0,52.0,76.0,200.0,56.0,82.795488,214.30194699999998,50.875758,1.204511999999994,1.6980530000000158,1.1242420000000024,2.366041678313602,18.33030277982336
831.0,56.0,128.0,56.0,64.0,116.0,52.0,53.29205600000001,130.409679,55.893422,2.7079439999999906,-2.4096790000000112,0.10657799999999895,3.6264131673405613,14.966629547095765
832.0,92.0,200.0,56.0,88.0,184.0,60.0,90.77642,195.76611499999999,55.224694,1.2235799999999983,4.233885000000015,0.7753060000000005,4.474821739830664,16.97056274847714
833.0,228.0,216.0,56.0,224.0,228.0,76.0,226.761272,214.471159,55.188013999999995,1.238728000000009,1.528841,0.8119860000000045,2.1286434942143386,23.664319132398465
834.0,88.0,24.0,60.0,124.0,20.0,52.0,87.73283600000002,19.960083,59.896837999999995,0.26716399999997975,4.039916999999999,0.10316200000000464,4.050055353699377,37.094473981982816
835.0,92.0,60.0,60.0,120.0,60.0,56.0,93.07239999999999,62.015619,60.330749999999995,-1.0723999999999876,-2.015619000000001,-0.33074999999999477,2.3069801203436873,28.284271247461902
836.0,144.0,160.0,60.0,148.0,160.0,68.0,141.52151200000003,159.61752700000002,60.180125999999994,2.4784879999999703,0.3824729999999761,-0.18012599999999424,2.514285929990627,8.94427190999916
837.0,84.0,144.0,64.0,92.0,132.0,64.0,83.66226799999998,141.971983,63.610741999999995,0.3377320000000168,2.0280170000000055,0.3892580000000052,2.0924716597070168,14.422205101855956
838.0,104.0,160.0,64.0,112.0,152.0,68.0,106.73828400000002,158.69445100000002,63.922565999999996,-2.7382840000000215,1.305548999999985,0.07743400000000378,3.0345763263449284,12.0
839.0,76.0,176.0,64.0,72.0,164.0,64.0,72.182008,178.78851500000002,62.27627,3.817992000000004,-2.788515000000018,1.7237300000000033,5.032308012253338,12.649110640673518
840.0,56.0,36.0,68.0,88.0,28.0,60.0,57.20132,35.978279,69.83659,-1.2013200000000026,0.021720999999999435,-1.836590000000001,2.1946991530369284,33.94112549695428
841.0,160.0,140.0,68.0,168.0,144.0,76.0,157.25348400000001,139.742267,67.71190999999999,2.7465159999999855,0.25773300000000177,0.28809000000001106,2.773584735616514,12.0
842.0,96.0,88.0,72.0,116.0,84.0,68.0,95.776476,88.235435,69.95928599999999,0.2235239999999976,-0.2354349999999954,2.0407140000000084,2.0663751468687943,20.784609690826528
843.0,216.0,188.0,72.0,212.0,208.0,92.0,213.05252,197.514815,73.450974,2.947480000000013,-9.514814999999999,-1.4509740000000022,10.066015516742514,28.5657137141714
844.0,92.0,196.0,72.0,92.0,184.0,80.0,96.470192,196.340147,74.132046,-4.470191999999997,-0.34014700000000175,-2.1320460000000026,4.964265972385946,14.422205101855956
845.0,104.0,216.0,72.0,96.0,204.0,80.0,104.448184,216.01785900000002,71.92615799999999,-0.4481839999999977,-0.017859000000015612,0.07384200000001329,0.4545772571312829,16.492422502470642
846.0,112.0,56.0,76.0,140.0,56.0,72.0,112.19518400000001,54.984507,74.43450999999999,-0.1951840000000118,1.0154929999999993,1.5654900000000112,1.8761880947828866,28.284271247461902
847.0,76.0,84.0,76.0,96.0,76.0,72.0,76.091272,84.357115,76.219438,-0.09127200000000357,-0.3571149999999932,-0.2194379999999967,0.4289693894125714,21.908902300206645
848.0,132.0,136.0,76.0,140.0,132.0,84.0,129.76445199999998,133.659027,78.859846,2.2355480000000227,2.340972999999991,-2.8598460000000046,4.319322700464633,12.0
849.0,132.0,28.0,80.0,168.0,32.0,76.0,133.14828400000002,25.022795,78.202502,-1.148284000000018,2.9772050000000014,1.7974980000000045,3.662417892142439,36.4417343165772
850.0,100.0,24.0,84.0,132.0,24.0,80.0,98.769112,24.376106999999998,85.792926,1.230887999999993,-0.3761069999999975,-1.7929259999999942,2.2070626147594816,32.2490309931942
851.0,128.0,148.0,88.0,136.0,144.0,96.0,129.885828,147.587471,89.61237399999999,-1.8858280000000036,0.41252900000000636,-1.6123739999999884,2.51520920348606,12.0
852.0,80.0,80.0,92.0,100.0,72.0,88.0,80.52008800000002,80.557635,91.65347,-0.5200880000000154,-0.5576350000000048,0.34653000000000134,0.8375746903226137,21.908902300206645
853.0,144.0,212.0,92.0,136.0,208.0,104.0,144.46834,213.69423100000003,91.313718,-0.46834000000001197,-1.6942310000000305,0.6862820000000056,1.886993381145022,14.966629547095765
854.0,80.0,24.0,96.0,112.0,20.0,88.0,80.34886400000002,24.871299,95.526398,-0.34886400000002027,-0.8712990000000005,0.47360199999999963,1.0512691816566366,33.2264954516723
855.0,76.0,60.0,96.0,100.0,52.0,92.0,76.619644,60.348403,97.374774,-0.6196439999999939,-0.3484029999999976,-1.3747740000000022,1.5476908244933794,25.612496949731394
856.0,104.0,144.0,96.0,108.0,136.0,100.0,102.85364000000001,145.324967,96.53766199999998,1.1463599999999872,-1.3249669999999867,-0.5376619999999832,1.8326917981299848,9.797958971132712
857.0,220.0,176.0,96.0,220.0,188.0,116.0,218.51934,177.071707,97.747062,1.4806600000000003,-1.0717070000000035,-1.7470619999999997,2.5284650603267207,23.323807579381203
858.0,184.0,76.0,100.0,208.0,88.0,108.0,185.168252,76.514555,100.41539799999998,-1.1682519999999954,-0.5145550000000014,-0.41539799999998195,1.34243624874069,28.0
859.0,96.0,36.0,104.0,124.0,32.0,100.0,95.16420800000003,35.568111,104.948654,0.8357919999999694,0.4318889999999982,-0.9486540000000048,1.3360467010179533,28.5657137141714
860.0,76.0,44.0,108.0,104.0,36.0,100.0,77.657648,43.704775,106.23683,-1.6576479999999947,0.29522500000000207,1.7631700000000023,2.4379752134566486,30.199337741083
861.0,88.0,32.0,112.0,116.0,28.0,108.0,87.76443600000002,33.639579,113.68442199999998,0.23556399999998234,-1.6395789999999977,-1.6844219999999837,2.362411304032583,28.5657137141714
862.0,160.0,36.0,112.0,188.0,44.0,116.0,158.139004,36.038507,113.89551,1.860996,-0.038507000000002733,-1.8955100000000016,2.656642064931783,29.393876913398138
863.0,76.0,48.0,112.0,100.0,36.0,108.0,74.792268,45.065459000000004,114.265366,1.207731999999993,2.934540999999996,-2.265366,3.898978145419766,27.129319932501073
864.0,204.0,188.0,112.0,204.0,196.0,132.0,207.163396,189.603139,113.719942,-3.163396000000006,-1.6031389999999988,-1.7199420000000032,3.94148822013983,21.540659228538015
865.0,128.0,44.0,116.0,152.0,44.0,112.0,124.67352,43.033291,113.040638,3.3264800000000037,0.9667090000000016,2.9593619999999987,4.55607494759744,24.331050121192877
866.0,124.0,216.0,116.0,108.0,204.0,124.0,119.913276,216.634403,113.25627800000001,4.086724000000004,-0.6344029999999918,2.743721999999991,4.963042477338772,21.540659228538015
867.0,168.0,160.0,120.0,168.0,160.0,132.0,166.353868,160.000195,120.08502999999999,1.6461319999999944,-0.0001949999999908414,-0.08502999999998906,1.6483266364252505,12.0
868.0,140.0,200.0,120.0,136.0,192.0,132.0,143.853132,199.240451,119.74826199999998,-3.853131999999988,0.7595489999999927,0.25173800000001734,3.935341524374842,14.966629547095765
869.0,172.0,148.0,124.0,172.0,144.0,140.0,167.39187200000003,143.356567,128.94708599999998,4.608127999999965,4.6434329999999875,-4.9470859999999846,8.201827453761046,16.492422502470642
870.0,176.0,200.0,124.0,164.0,196.0,140.0,171.236588,198.234995,124.74159,4.763411999999988,1.7650050000000022,-0.7415900000000022,5.133740571928903,20.396078054371138
871.0,40.0,88.0,128.0,52.0,68.0,120.0,38.809732000000004,88.366511,126.80282199999999,1.190267999999996,-0.3665110000000027,1.197178000000008,1.7275136435435212,24.657656011875904
872.0,148.0,184.0,128.0,140.0,176.0,140.0,144.89113600000002,182.596823,128.610318,3.1088639999999828,1.4031769999999995,-0.6103180000000066,3.465029455134386,16.492422502470642
873.0,224.0,204.0,128.0,216.0,212.0,148.0,223.24369600000003,204.67346300000003,126.61551800000001,0.7563039999999717,-0.6734630000000266,1.3844819999999913,1.715324622661544,22.978250586152114
874.0,136.0,208.0,128.0,124.0,200.0,136.0,134.958512,210.13481099999998,123.84462199999999,1.0414879999999869,-2.134810999999985,4.155378000000013,4.786364129770009,16.492422502470642
875.0,88.0,48.0,136.0,112.0,40.0,132.0,89.09798,48.397187,135.980902,-1.0979800000000068,-0.3971870000000024,0.019098000000013826,1.1677680964014292,25.612496949731394
876.0,96.0,64.0,140.0,116.0,56.0,140.0,97.02318400000001,64.530551,141.845646,-1.0231840000000147,-0.5305510000000027,-1.845645999999988,2.175959332977753,21.540659228538015
877.0,92.0,92.0,140.0,104.0,84.0,140.0,92.029008,95.634143,140.220702,-0.029008000000004586,-3.6341429999999946,-0.22070199999998863,3.64095402076392,14.422205101855956
878.0,56.0,120.0,140.0,64.0,96.0,140.0,57.876788,116.004595,142.42239,-1.8767879999999977,3.995405000000005,-2.422390000000007,5.035232628495835,25.298221281347036
879.0,212.0,196.0,140.0,208.0,200.0,160.0,214.52617999999998,194.82707100000002,139.948598,-2.5261799999999823,1.1729289999999821,0.05140199999999595,2.7856758600104334,20.784609690826528
880.0,44.0,108.0,144.0,48.0,84.0,140.0,40.60012,106.94485499999999,144.876654,3.399880000000003,1.0551450000000102,-0.876654000000002,3.6662020158661535,24.657656011875904
881.0,44.0,132.0,144.0,46.0,106.0,142.0,43.70035199999999,130.021185,144.906278,0.2996480000000119,1.9788149999999973,-0.9062779999999862,2.1970064955327215,26.153393661244042
882.0,144.0,140.0,144.0,148.0,136.0,152.0,144.84128800000002,140.838931,143.235774,-0.84128800000002,-0.8389310000000023,0.7642260000000078,1.4126613538923791,9.797958971132712
883.0,100.0,44.0,148.0,124.0,36.0,144.0,100.46972400000001,42.70550300000001,146.901814,-0.4697240000000136,1.2944969999999927,1.0981859999999983,1.7613561848135628,25.612496949731394
884.0,80.0,60.0,148.0,96.0,44.0,144.0,76.47708,56.555107,148.480462,3.522919999999999,3.4448930000000004,-0.4804619999999886,4.950666302760972,22.978250586152114
885.0,92.0,92.0,148.0,104.0,80.0,148.0,91.97622000000001,92.08979500000001,148.291334,0.023779999999987922,-0.0897950000000094,-0.2913340000000062,0.3057844501949122,16.97056274847714
886.0,32.0,104.0,148.0,40.0,80.0,140.0,32.392236000000004,104.463547,145.916454,-0.392236000000004,-0.4635470000000055,2.0835460000000126,2.170227830210704,26.5329983228432
887.0,156.0,140.0,148.0,160.0,140.0,160.0,157.530776,143.065107,149.559374,-1.530776000000003,-3.065107000000012,-1.5593739999999912,3.764279925231525,12.649110640673518
888.0,56.0,224.0,148.0,40.0,196.0,156.0,58.974560000000004,224.385695,150.443134,-2.974560000000004,-0.38569499999999834,-2.4431339999999864,3.868549026260486,33.2264954516723
889.0,176.0,44.0,152.0,200.0,52.0,156.0,174.92184,44.572911000000005,150.62831799999998,1.078159999999997,-0.5729110000000048,1.3716820000000212,1.8363462387700902,25.612496949731394
890.0,164.0,72.0,152.0,184.0,76.0,160.0,165.797328,72.66367500000001,153.55858999999998,-1.7973279999999932,-0.663675000000012,-1.558589999999981,2.469828988676935,21.908902300206645
891.0,80.0,120.0,152.0,84.0,104.0,152.0,79.17821599999999,120.98846700000001,151.554174,0.8217840000000081,-0.9884670000000142,0.44582600000001094,1.3605722233755366,16.492422502470642
892.0,192.0,196.0,152.0,180.0,196.0,160.0,187.950836,196.385303,142.651238,4.04916399999999,-0.3853029999999933,9.348761999999994,10.195270395303345,14.422205101855956
893.0,220.0,208.0,152.0,208.0,212.0,172.0,218.321048,207.947607,150.36855799999998,1.6789520000000095,0.05239299999999503,1.6314420000000212,2.341629313985692,23.664319132398465
894.0,168.0,16.0,156.0,196.0,24.0,160.0,165.626104,16.977339,157.43151799999998,2.373896000000002,-0.9773390000000006,-1.4315179999999827,2.939356651388355,29.393876913398138
895.0,104.0,68.0,156.0,120.0,56.0,156.0,102.31290000000001,64.828195,156.905014,1.6870999999999867,3.171805000000006,-0.9050139999999942,3.7048216837279746,20.0
896.0,180.0,88.0,156.0,196.0,92.0,164.0,180.66546,86.90483499999999,154.910214,-0.6654599999999959,1.0951650000000086,1.0897860000000037,1.6822178558739118,18.33030277982336
897.0,124.0,20.0,160.0,148.0,16.0,156.0,119.41834400000002,18.201599,158.323678,4.581655999999981,1.7984009999999984,1.676321999999999,5.19960318743852,24.657656011875904
898.0,68.0,124.0,160.0,72.0,112.0,156.0,70.28359599999999,131.882827,155.650534,-2.2835959999999886,-7.882826999999992,4.349466000000007,9.28825207928278,13.2664991614216
899.0,120.0,84.0,172.0,132.0,76.0,176.0,119.65815600000002,84.272031,173.27390999999997,0.3418439999999805,-0.27203099999999836,-1.2739099999999723,1.3467386061878954,14.966629547095765
900.0,100.0,88.0,172.0,112.0,76.0,172.0,100.88664,88.03518300000002,171.088766,-0.8866399999999999,-0.03518300000001773,0.9112340000000074,1.27189454588225,16.97056274847714
901.0,68.0,108.0,172.0,72.0,88.0,172.0,66.73442,108.40563500000002,173.29045399999998,1.26558,-0.40563500000001795,-1.2904539999999827,1.8524319193268532,20.396078054371138
902.0,152.0,176.0,172.0,144.0,168.0,184.0,151.28744400000002,176.634935,171.35490199999998,0.712555999999978,-0.6349350000000129,0.6450980000000186,1.151967854137002,16.492422502470642
903.0,156.0,180.0,172.0,148.0,172.0,184.0,155.82183600000002,179.92415100000002,170.64766999999998,0.17816399999998112,0.07584899999997674,1.3523300000000233,1.3661229485654112,16.492422502470642
904.0,108.0,96.0,176.0,116.0,84.0,176.0,106.68598800000001,95.697911,173.854854,1.314011999999991,0.30208899999999517,2.145146000000011,2.533680457630958,14.422205101855956
905.0,152.0,104.0,176.0,160.0,100.0,180.0,150.94205600000004,103.475807,172.545934,1.0579439999999636,0.5241929999999968,3.4540660000000116,3.6502870764833,9.797958971132712
906.0,192.0,192.0,176.0,184.0,188.0,200.0,193.943088,190.147027,181.54783799999998,-1.9430879999999888,1.8529729999999915,-5.5478379999999845,6.16340866637259,25.612496949731394
907.0,68.0,56.0,180.0,84.0,40.0,176.0,67.82815199999999,57.092811000000005,180.63670199999999,0.17184800000001133,-1.0928110000000046,-0.6367019999999854,1.276384367511995,22.978250586152114
908.0,216.0,68.0,180.0,236.0,80.0,192.0,217.646072,68.469099,179.64441399999998,-1.6460720000000038,-0.46909899999999993,0.3555860000000166,1.7481556865396812,26.229754097208
909.0,128.0,208.0,180.0,112.0,192.0,192.0,127.87302,208.233719,179.46343,0.1269800000000032,-0.23371900000000778,0.5365700000000118,0.598878832704093,25.612496949731394
910.0,148.0,216.0,180.0,132.0,200.0,192.0,147.96228,212.388427,177.05126199999998,0.0377200000000073,3.611572999999993,2.94873800000002,4.662610655563369,25.612496949731394
911.0,156.0,148.0,184.0,156.0,140.0,196.0,157.493788,146.360507,184.52379799999997,-1.493787999999995,1.6394929999999874,-0.5237979999999709,2.2789699933954624,14.422205101855956
912.0,56.0,176.0,184.0,44.0,148.0,188.0,55.54970000000001,176.62340300000002,185.39040599999998,0.4502999999999915,-0.6234030000000246,-1.3904059999999845,1.5889085043654905,30.72458299147443
913.0,40.0,152.0,188.0,32.0,120.0,188.0,38.502924,150.36725900000002,189.01075799999998,1.4970759999999999,1.6327409999999816,-1.0107579999999814,2.4348945474950043,32.984845004941285
914.0,52.0,156.0,196.0,48.0,128.0,196.0,55.72680400000001,155.882651,194.62712599999998,-3.7268040000000084,0.11734899999999016,1.3728740000000244,3.9733640485227535,28.284271247461902
915.0,164.0,192.0,196.0,152.0,180.0,212.0,164.04551999999998,189.245207,196.50166199999998,-0.04551999999998202,2.7547930000000065,-0.5016619999999818,2.800468051146632,23.323807579381203
916.0,232.0,168.0,200.0,228.0,176.0,220.0,233.78908000000004,170.350607,198.253502,-1.789080000000041,-2.3506069999999966,1.7464980000000025,3.4316782743802103,21.908902300206645
917.0,140.0,28.0,204.0,160.0,24.0,208.0,137.413348,27.565167000000002,206.600438,2.5866519999999866,0.4348329999999976,-2.600437999999997,3.6935248880760114,20.784609690826528
918.0,212.0,108.0,204.0,220.0,116.0,220.0,213.52859600000002,110.50956300000001,204.53859799999998,-1.5285960000000216,-2.509563000000014,-0.538597999999979,2.98740690027139,19.595917942265423
919.0,48.0,48.0,208.0,64.0,28.0,200.0,49.302327999999996,50.499307,206.511438,-1.3023279999999957,-2.4993070000000017,1.4885620000000017,3.1872261494404506,26.832815729997478
920.0,76.0,80.0,208.0,84.0,60.0,208.0,75.36510000000001,79.789535,209.54725399999998,0.6348999999999876,0.21046499999999924,-1.547253999999981,1.685641856012399,21.540659228538015
921.0,240.0,124.0,208.0,232.0,136.0,224.0,229.25762799999998,128.847847,205.515558,10.742372000000017,-4.847847000000002,2.4844420000000014,12.044609946908094,21.540659228538015
922.0,36.0,160.0,208.0,32.0,128.0,204.0,41.840948000000004,159.66705900000002,203.65336599999998,-5.8409480000000045,0.33294099999997684,4.346634000000023,7.288398341072011,32.49615361854384
923.0,68.0,172.0,208.0,52.0,140.0,216.0,64.003276,168.748055,212.410486,3.9967240000000004,3.2519450000000063,-4.410485999999992,6.782428456784264,36.66060555964672
924.0,192.0,200.0,208.0,180.0,196.0,228.0,194.81978800000002,201.083899,208.06696599999998,-2.819788000000017,-1.0838990000000024,-0.06696599999997943,3.0216760005502077,23.664319132398465
925.0,104.0,16.0,212.0,136.0,4.0,212.0,111.47195200000002,12.203383000000002,214.31715,-7.471952000000016,3.7966169999999977,-2.317149999999998,8.695605295636021,34.17601498127012
926.0,80.0,60.0,216.0,96.0,40.0,212.0,82.485132,57.156579,214.27085399999999,-2.485131999999993,2.8434209999999993,1.7291460000000143,4.153416657401592,25.92296279363144
927.0,208.0,208.0,216.0,188.0,204.0,240.0,205.10074,208.49149500000001,218.196454,2.899259999999998,-0.49149500000001467,-2.1964539999999886,3.6703795521363936,31.496031496047245
928.0,136.0,48.0,220.0,152.0,40.0,224.0,135.126188,46.675031000000004,221.158854,0.8738119999999867,1.3249689999999958,-1.158853999999991,1.9652055504758135,18.33030277982336
929.0,220.0,156.0,220.0,216.0,156.0,240.0,220.484384,153.670651,220.364446,-0.4843840000000057,2.3293490000000077,-0.3644459999999867,2.406930724007866,20.396078054371138
930.0,72.0,164.0,220.0,52.0,136.0,220.0,63.54643199999999,164.92731899999998,216.63313399999998,8.453568000000011,-0.9273189999999829,3.366866000000016,9.146503108857573,34.40930106817051
931.0,116.0,48.0,224.0,132.0,36.0,224.0,115.897828,46.617447,223.19635799999998,0.10217199999999593,1.3825530000000015,0.8036420000000248,1.6024145467253605,20.0
932.0,56.0,172.0,232.0,40.0,140.0,232.0,54.59902400000001,172.277331,228.80012599999998,1.400975999999993,-0.27733100000000377,3.1998740000000225,3.504117556819852,35.77708763999664
933.0,196.0,92.0,236.0,200.0,92.0,240.0,192.016016,91.348299,227.68934199999998,3.9839839999999924,0.6517010000000028,8.310658000000018,9.23925749714885,5.656854249492381
934.0,148.0,100.0,8.0,172.0,112.0,12.0,147.57488,101.73515900000001,8.80891,0.4251199999999926,-1.73515900000001,-0.8089099999999991,1.9610811196330016,27.129319932501073
935.0,128.0,124.0,8.0,148.0,128.0,12.0,128.977528,122.971103,9.305662,-0.9775280000000066,1.0288970000000006,-1.3056619999999999,1.9284561923043557,20.784609690826528
936.0,148.0,32.0,12.0,188.0,48.0,12.0,148.494448,32.949543000000006,13.473262,-0.49444800000000555,-0.9495430000000056,-1.473262,1.8211566802988195,43.08131845707603
937.0,136.0,200.0,32.0,140.0,196.0,40.0,139.094236,196.172743,30.537398,-3.094235999999995,3.827257000000003,1.4626020000000004,5.134335125227899,9.797958971132712
938.0,92.0,24.0,36.0,128.0,28.0,28.0,90.70379199999999,25.688095,35.727038,1.2962080000000071,-1.6880950000000006,0.2729619999999997,2.14576982962596,37.094473981982816
939.0,156.0,96.0,36.0,176.0,108.0,40.0,153.215864,98.76484300000001,35.786894000000004,2.7841359999999895,-2.7648430000000133,0.21310599999999624,3.9295272296271233,23.664319132398465
940.0,104.0,52.0,48.0,140.0,56.0,48.0,109.770848,53.326179,51.346605999999994,-5.770848000000001,-1.3261790000000033,-3.346605999999994,6.801559313744237,36.22154055254967
941.0,144.0,208.0,48.0,140.0,204.0,60.0,142.836316,205.748931,49.027989999999996,1.1636839999999893,2.251069000000001,-1.0279899999999955,2.73463627100881,13.2664991614216
942.0,120.0,24.0,56.0,156.0,32.0,56.0,120.107528,26.064579,59.960285999999996,-0.10752800000000207,-2.0645789999999984,-3.9602859999999964,4.46742811020177,36.87817782917155
943.0,48.0,164.0,56.0,52.0,148.0,52.0,49.15878,165.610395,53.89381399999999,-1.1587800000000001,-1.6103950000000111,2.106186000000008,2.893468958019261,16.97056274847714
944.0,100.0,76.0,60.0,124.0,76.0,56.0,100.189492,77.596207,58.499525999999996,-0.18949200000000133,-1.5962070000000068,1.500474000000004,2.198910236819374,24.331050121192877
945.0,136.0,160.0,60.0,144.0,160.0,68.0,137.84802000000002,160.42543500000002,60.512693999999996,-1.8480200000000195,-0.42543500000002155,-0.5126939999999962,1.9644408866802499,11.313708498984761
946.0,148.0,164.0,60.0,152.0,164.0,68.0,146.055904,162.906743,59.472894,1.9440960000000018,1.0932569999999942,0.5271060000000034,2.2918466049238546,8.94427190999916
947.0,176.0,160.0,68.0,184.0,168.0,80.0,177.516908,161.369767,67.981638,-1.5169080000000008,-1.369766999999996,0.018361999999996215,2.043919929399631,16.492422502470642
948.0,36.0,28.0,72.0,68.0,16.0,60.0,36.251160000000006,27.726447,72.623422,-0.2511600000000058,0.2735529999999997,-0.623422000000005,0.7256497636553112,36.22154055254967
949.0,40.0,48.0,80.0,68.0,36.0,68.0,41.363772000000004,48.764843,78.44606999999999,-1.3637720000000044,-0.764842999999999,1.5539300000000082,2.2044403660641483,32.7414110874898
950.0,100.0,56.0,84.0,132.0,52.0,76.0,104.391356,52.779587,79.322294,-4.391356000000002,3.2204130000000006,4.677706000000001,7.1788579058051445,33.2264954516723
951.0,100.0,28.0,88.0,132.0,28.0,84.0,100.03406800000002,28.749619,89.266246,-0.03406800000001908,-0.7496189999999991,-1.2662459999999953,1.4718927292099069,32.2490309931942
952.0,132.0,44.0,88.0,164.0,44.0,88.0,133.26966,38.951239,88.95503,-1.2696599999999876,5.048760999999999,-0.9550299999999936,5.292835388675993,32.0
953.0,92.0,60.0,88.0,116.0,56.0,84.0,91.3664,60.661119,87.97387,0.6336000000000013,-0.6611189999999993,0.02612999999999488,0.9160840949721814,24.657656011875904
954.0,132.0,224.0,88.0,120.0,216.0,100.0,131.092116,224.84372299999998,88.04667799999999,0.9078839999999957,-0.8437229999999829,-0.046677999999985786,1.2402825056691567,18.76166303929372
955.0,80.0,168.0,92.0,80.0,160.0,100.0,82.304596,175.563067,96.61765399999999,-2.3045960000000036,-7.5630669999999895,-4.6176539999999875,9.156083968237771,11.313708498984761
956.0,224.0,172.0,92.0,224.0,188.0,112.0,221.788776,175.987411,93.56651,2.211223999999987,-3.9874110000000087,-1.5665099999999939,4.821090295897495,25.612496949731394
957.0,116.0,36.0,96.0,148.0,36.0,92.0,117.257948,34.265011,94.88261399999999,-1.257947999999999,1.7349889999999988,1.1173860000000104,2.416851562223261,32.2490309931942
958.0,80.0,164.0,96.0,84.0,148.0,96.0,82.991332,162.187399,93.561094,-2.991332,1.8126010000000008,2.438906000000003,4.264018292205255,16.492422502470642
959.0,100.0,148.0,100.0,100.0,140.0,104.0,96.771612,151.31429500000002,100.676118,3.2283879999999954,-3.3142950000000155,-0.6761180000000024,4.675914453397653,8.94427190999916
960.0,180.0,72.0,104.0,204.0,84.0,108.0,180.63386000000003,73.22533899999999,101.12262999999999,-0.633860000000027,-1.225338999999991,2.8773700000000133,3.191001767693194,27.129319932501073
961.0,200.0,208.0,108.0,196.0,216.0,124.0,203.31279999999998,211.151799,104.81578999999999,-3.3127999999999815,-3.151799000000011,3.1842100000000073,5.572043978694084,18.33030277982336
962.0,116.0,72.0,120.0,136.0,68.0,120.0,115.95306400000001,71.400443,119.818894,0.0469359999999881,0.5995570000000043,0.18110599999999977,0.6280692378878335,20.396078054371138
963.0,208.0,220.0,120.0,196.0,224.0,140.0,206.650824,220.451599,119.45839799999999,1.349176,-0.4515989999999874,0.5416020000000117,1.5223502429405005,23.664319132398465
964.0,144.0,44.0,124.0,172.0,48.0,124.0,145.11404800000003,43.920039,122.54708600000001,-1.1140480000000252,0.07996099999999728,1.4529139999999927,1.8326090142801967,28.284271247461902
965.0,72.0,64.0,124.0,92.0,52.0,120.0,72.10105199999998,63.898935,124.975798,-0.10105199999998149,0.1010649999999984,-0.9757979999999975,0.9862085873348452,23.664319132398465
966.0,156.0,128.0,136.0,152.0,132.0,140.0,146.441712,135.104735,131.733918,9.558288000000005,-7.104735000000005,4.2660820000000115,12.65059621290211,6.928203230275509
967.0,96.0,92.0,140.0,108.0,80.0,140.0,94.84160000000003,90.72911099999999,140.262798,1.158399999999972,1.270889000000011,-0.26279800000000364,1.7395724184767258,16.97056274847714
968.0,20.0,96.0,140.0,32.0,72.0,132.0,22.515340000000002,97.33233900000002,139.63495,-2.515340000000002,-1.3323390000000188,0.36504999999999654,2.869725427461843,28.0
969.0,56.0,116.0,140.0,64.0,100.0,136.0,58.333632,119.825331,138.199742,-2.3336320000000015,-3.8253310000000056,1.8002580000000137,4.8290707633611145,18.33030277982336
970.0,132.0,8.0,144.0,164.0,8.0,140.0,130.774288,5.670167000000006,142.350798,1.2257119999999873,2.3298329999999936,1.6492020000000025,3.1065026881747495,32.2490309931942
971.0,80.0,56.0,152.0,100.0,48.0,148.0,81.415528,60.120711,151.62121399999998,-1.4155279999999948,-4.120711,0.3787860000000194,4.373494883740119,21.908902300206645
972.0,164.0,60.0,156.0,188.0,64.0,164.0,167.29217599999998,59.840783,158.19799799999998,-3.2921759999999836,0.15921699999999817,-2.197997999999984,3.9616875288276865,25.612496949731394
973.0,160.0,116.0,156.0,168.0,116.0,164.0,160.11641600000002,117.142935,154.99020599999997,-0.11641600000001517,-1.1429349999999943,1.0097940000000278,1.5295545174059821,11.313708498984761
974.0,108.0,184.0,164.0,100.0,172.0,168.0,110.123708,188.513495,159.24654999999998,-2.1237079999999935,-4.513495000000006,4.753450000000015,6.890359909815246,14.966629547095765
975.0,144.0,192.0,164.0,140.0,188.0,172.0,150.70628399999998,197.099299,158.270198,-6.706283999999982,-5.099299000000002,5.7298020000000065,10.18860767422423,9.797958971132712
976.0,60.0,156.0,168.0,60.0,128.0,172.0,64.322944,151.800599,170.541518,-4.322944000000007,4.199400999999995,-2.5415179999999964,6.540804792245446,28.284271247461902
977.0,72.0,52.0,172.0,88.0,36.0,164.0,69.42857599999999,51.358615,169.13484599999998,2.5714240000000075,0.6413849999999996,2.865154000000018,3.9029096261273,24.0
978.0,140.0,112.0,172.0,148.0,104.0,180.0,140.78248000000002,109.996655,173.168974,-0.7824800000000209,2.003344999999996,-1.1689739999999915,2.4478901838319866,13.856406460551018
979.0,76.0,164.0,180.0,68.0,140.0,184.0,75.464796,163.30531900000003,180.29634199999998,0.5352039999999931,0.6946809999999743,-0.29634199999998145,0.9256584652780667,25.612496949731394
980.0,32.0,76.0,188.0,44.0,52.0,180.0,34.07998799999999,77.73965100000001,186.68637399999997,-2.079987999999993,-1.7396510000000092,1.3136260000000277,3.0130298620858498,28.0
981.0,44.0,160.0,192.0,48.0,132.0,196.0,56.587703999999995,159.979775,194.25246199999998,-12.587703999999995,0.020225000000010596,-2.25246199999998,12.787661479085406,28.5657137141714
982.0,212.0,96.0,196.0,220.0,100.0,208.0,208.872828,93.29190299999999,194.493302,3.1271720000000016,2.7080970000000093,1.506698,4.402627958639823,14.966629547095765
983.0,36.0,164.0,196.0,24.0,132.0,200.0,34.950808,165.103611,200.09585399999997,1.049191999999998,-1.1036110000000008,-4.095853999999974,4.369757554087044,34.40930106817051
984.0,56.0,96.0,200.0,56.0,68.0,200.0,50.564344,93.086363,203.42993399999997,5.435656000000002,2.9136369999999943,-3.4299339999999745,7.056917454700799,28.0
985.0,120.0,148.0,204.0,116.0,132.0,212.0,120.653292,147.35089100000002,203.99074199999998,-0.6532919999999933,0.6491089999999815,0.009258000000016864,0.920987861868422,18.33030277982336
986.0,136.0,24.0,212.0,160.0,20.0,212.0,136.956504,23.744431000000002,210.823086,-0.9565039999999954,0.2555689999999977,1.1769140000000107,1.5379668329235892,24.331050121192877
987.0,212.0,168.0,212.0,208.0,168.0,232.0,214.911988,167.02506300000002,212.209622,-2.911988000000008,0.9749369999999828,-0.20962199999999598,3.0780054660440435,20.396078054371138
988.0,108.0,196.0,212.0,92.0,172.0,224.0,108.43350799999999,193.99874300000002,213.783462,-0.4335079999999891,2.001256999999981,-1.783461999999986,2.715454929023287,31.240998703626616
989.0,100.0,152.0,216.0,96.0,128.0,220.0,102.233044,147.846083,213.724214,-2.2330440000000067,4.153917000000007,2.2757860000000107,5.2364791479219255,24.657656011875904
990.0,76.0,200.0,216.0,60.0,176.0,220.0,79.50241599999998,204.28274299999998,212.22135799999998,-3.5024159999999824,-4.282742999999982,3.778642000000019,6.6997716979960495,29.120439557122072
991.0,140.0,40.0,228.0,156.0,32.0,232.0,137.88599200000002,38.225651,229.271582,2.114007999999984,1.7743490000000008,-1.271581999999995,3.0387933428564904,18.33030277982336
992.0,172.0,160.0,228.0,164.0,148.0,240.0,171.00718799999999,155.979207,225.43715799999998,0.9928120000000149,4.020792999999998,2.5628420000000176,4.870381004927346,18.76166303929372
993.0,96.0,12.0,16.0,136.0,20.0,8.0,94.308696,14.496091,16.57131,1.6913040000000024,-2.496091,-0.5713100000000004,3.068774122804904,41.569219381653056
994.0,140.0,212.0,16.0,136.0,216.0,28.0,138.513076,216.63710700000001,17.452693999999997,1.4869239999999877,-4.6371070000000145,-1.4526939999999975,5.081734366223907,13.2664991614216
995.0,112.0,76.0,44.0,136.0,80.0,40.0,110.454644,78.16405499999999,41.735222,1.5453559999999982,-2.1640549999999905,2.2647779999999997,3.492918349896681,24.657656011875904
996.0,124.0,172.0,44.0,128.0,168.0,52.0,123.25962799999999,170.745763,45.701702,0.7403720000000078,1.2542369999999892,-1.7017019999999974,2.23987741793094,9.797958971132712
997.0,160.0,156.0,48.0,168.0,160.0,56.0,158.676804,154.748823,46.973333999999994,1.3231959999999958,1.2511770000000126,1.0266660000000059,2.0905345286077033,12.0
998.0,100.0,56.0,72.0,132.0,60.0,68.0,105.30504400000001,60.421059,70.87699799999999,-5.305044000000009,-4.421059,1.1230020000000138,6.996455389368328,32.49615361854384
999.0,228.0,184.0,84.0,228.0,200.0,104.0,227.23685600000002,186.918099,84.413982,0.7631439999999827,-2.918099000000012,-0.4139820000000043,3.044515008151717,25.612496949731394
1000.0,176.0,108.0,92.0,192.0,116.0,100.0,175.69247200000004,107.873279,91.427054,0.3075279999999623,0.12672100000000341,0.5729460000000017,0.662494378497644,19.595917942265423
1001.0,224.0,176.0,92.0,228.0,188.0,108.0,225.058212,174.903115,89.38595799999999,-1.0582119999999975,1.0968849999999861,2.614042000000012,3.0259188551468177,20.396078054371138
1002.0,164.0,20.0,112.0,196.0,28.0,116.0,162.042388,18.034195,114.72903,1.9576120000000117,1.9658049999999996,-2.7290299999999945,3.891559941908773,33.2264954516723
1003.0,120.0,108.0,112.0,132.0,104.0,116.0,119.623616,108.80607900000001,112.931502,0.3763840000000016,-0.8060790000000111,-0.9315019999999947,1.2880699692567206,13.2664991614216
1004.0,120.0,216.0,116.0,108.0,208.0,124.0,120.77417600000001,220.731527,112.88161399999998,-0.7741760000000113,-4.731527,3.118386000000015,5.719355512267192,16.492422502470642
1005.0,92.0,184.0,120.0,84.0,172.0,124.0,90.98512399999998,188.704859,118.248998,1.0148760000000152,-4.704858999999999,1.7510019999999997,5.121687174092246,14.966629547095765
1006.0,108.0,160.0,132.0,104.0,148.0,140.0,105.80340800000002,161.18812699999998,134.226078,2.1965919999999812,-1.1881269999999802,-2.226078000000001,3.34545743429458,14.966629547095765
1007.0,100.0,120.0,136.0,104.0,108.0,140.0,97.19440800000001,120.21688700000001,137.972718,2.80559199999999,-0.21688700000001404,-1.9727179999999862,3.436568455415503,13.2664991614216
1008.0,204.0,104.0,140.0,220.0,116.0,152.0,206.65964400000001,105.810967,139.12287,-2.6596440000000143,-1.810967000000005,0.877129999999994,3.3350659241947653,23.323807579381203
1009.0,28.0,136.0,140.0,28.0,108.0,136.0,26.994004000000004,135.290751,140.443526,1.0059959999999961,0.7092489999999998,-0.4435259999999914,1.3083491157535072,28.284271247461902
1010.0,164.0,48.0,148.0,188.0,56.0,152.0,164.35820800000002,50.817371,147.40337399999999,-0.35820800000001896,-2.8173710000000014,0.5966260000000148,2.9020432296540726,25.612496949731394
1011.0,148.0,40.0,156.0,172.0,40.0,160.0,147.02875200000003,38.213283000000004,157.92827,0.9712479999999744,1.786716999999996,-1.9282699999999977,2.8024820264353036,24.331050121192877
1012.0,124.0,20.0,164.0,152.0,16.0,160.0,123.495892,17.670079,161.839094,0.5041080000000022,2.329920999999999,2.1609060000000113,3.2174790570788563,28.5657137141714
1013.0,44.0,196.0,164.0,28.0,168.0,164.0,42.735896000000004,198.68232700000002,161.75945399999998,1.2641039999999961,-2.682327000000015,2.2405460000000232,3.716568771846039,32.2490309931942
1014.0,100.0,68.0,172.0,116.0,60.0,168.0,100.71247600000001,70.562391,168.40687,-0.7124760000000094,-2.562391000000005,3.593130000000002,4.470352657716957,18.33030277982336
1015.0,68.0,56.0,176.0,84.0,40.0,172.0,67.42409599999999,56.816423,176.788718,0.5759040000000084,-0.8164230000000003,-0.7887179999999887,1.2729053443477218,22.978250586152114
1016.0,164.0,108.0,200.0,172.0,104.0,212.0,166.05588,107.360311,201.957438,-2.055880000000002,0.6396890000000042,-1.9574379999999962,2.9098811169814134,14.966629547095765
1017.0,64.0,184.0,204.0,52.0,156.0,208.0,66.63876400000001,184.583775,203.215862,-2.638764000000009,-0.5837750000000028,0.7841380000000129,2.814025781929702,30.72458299147443
1018.0,116.0,156.0,208.0,108.0,140.0,216.0,115.43216400000003,157.437343,207.75453399999998,0.5678359999999714,-1.4373429999999985,0.24546600000002172,1.5648150624597699,19.595917942265423
1019.0,176.0,156.0,224.0,168.0,152.0,240.0,175.54158,159.268423,224.72992599999998,0.4584199999999896,-3.2684230000000127,-0.7299259999999776,3.3801671214312825,18.33030277982336
1020.0,144.0,96.0,24.0,168.0,104.0,24.0,143.39175600000002,95.17798299999998,21.434758,0.6082439999999849,0.8220170000000167,2.5652420000000014,2.7615465287387457,25.298221281347036
1021.0,24.0,48.0,32.0,56.0,32.0,24.0,25.037779999999998,44.051175,37.490614,-1.037779999999998,3.9488249999999994,-5.490614000000001,6.8422984665988515,36.66060555964672
1022.0,160.0,104.0,48.0,168.0,112.0,56.0,148.346004,105.583335,51.469302,11.653996000000006,-1.5833350000000053,-3.469301999999999,12.262080935038927,13.856406460551018
1023.0,112.0,136.0,48.0,128.0,128.0,48.0,114.24657200000001,129.498135,45.600358,-2.2465720000000147,6.501865000000009,2.399642,7.2855758837289715,17.88854381999832
1024.0,160.0,152.0,48.0,168.0,160.0,56.0,158.676804,154.748823,46.973333999999994,1.3231959999999958,-2.7488229999999874,1.0266660000000059,3.218838084666722,13.856406460551018
1025.0,112.0,200.0,48.0,112.0,192.0,56.0,114.13511599999998,198.836527,48.631974,-2.1351159999999823,1.1634730000000104,-0.6319739999999996,2.5123257933359175,11.313708498984761
1026.0,160.0,32.0,64.0,200.0,48.0,64.0,164.76765200000003,34.118863000000005,62.49935,-4.767652000000027,-2.1188630000000046,1.5006500000000003,5.428815379838706,43.08131845707603
1027.0,160.0,152.0,64.0,168.0,152.0,72.0,158.57122800000002,147.66012700000002,63.114597999999994,1.4287719999999808,4.339872999999983,0.8854020000000062,4.6540115798864115,11.313708498984761
1028.0,144.0,160.0,64.0,168.0,168.0,72.0,162.01482800000002,164.04862300000002,61.615942,-18.014828000000023,-4.0486230000000205,2.384058000000003,18.61744097917536,26.5329983228432
1029.0,72.0,176.0,64.0,72.0,160.0,64.0,71.32110799999998,174.691391,62.650934,0.6788920000000189,1.30860899999999,1.3490660000000005,1.9983320382011094,16.0
1030.0,120.0,104.0,96.0,144.0,96.0,96.0,126.90201199999998,96.80616699999999,93.443206,-6.902011999999985,7.193833000000012,2.5567939999999965,10.29204539624991,25.298221281347036
1031.0,120.0,32.0,104.0,152.0,32.0,96.0,120.47459599999999,29.636367,98.772694,-0.47459599999999114,2.363633,5.227305999999999,5.756451193186734,32.984845004941285
1032.0,120.0,40.0,112.0,152.0,40.0,112.0,123.81262000000001,38.936167,113.415302,-3.8126200000000097,1.0638330000000025,-1.415301999999997,4.203675970801397,32.0
1033.0,144.0,56.0,112.0,168.0,56.0,112.0,141.95018800000003,52.093030999999996,110.586374,2.0498119999999744,3.9069690000000037,1.4136259999999936,4.63297684757661,24.0
1034.0,184.0,120.0,112.0,192.0,128.0,120.0,180.295452,121.546591,109.542982,3.7045479999999884,-1.5465910000000065,2.457018000000005,4.706650301213057,13.856406460551018
1035.0,160.0,136.0,112.0,168.0,136.0,120.0,159.9763,134.588287,110.789062,0.02369999999999095,1.4117129999999918,1.2109379999999987,1.8600715373912298,11.313708498984761
1036.0,208.0,216.0,112.0,200.0,216.0,136.0,208.19846,211.173055,116.027174,-0.1984600000000114,4.826944999999995,-4.027174000000002,6.289428815949901,25.298221281347036
1037.0,48.0,72.0,120.0,64.0,56.0,112.0,46.43939600000001,73.09863899999999,119.23314199999999,1.5606039999999908,-1.0986389999999915,0.7668580000000134,2.056833413113705,24.0
1038.0,112.0,120.0,128.0,128.0,112.0,128.0,118.88409200000001,118.63739899999999,124.058694,-6.88409200000001,1.3626010000000122,3.9413059999999973,8.048682944140683,17.88854381999832
1039.0,24.0,136.0,136.0,24.0,112.0,128.0,23.3733,139.64300699999998,132.70546199999998,0.6266999999999996,-3.643006999999983,3.294538000000017,4.95158898995999,25.298221281347036
1040.0,112.0,192.0,144.0,104.0,176.0,152.0,113.041876,190.69715900000003,143.147382,-1.041876000000002,1.3028409999999724,0.8526180000000068,1.8734614286344258,19.595917942265423
1041.0,144.0,176.0,160.0,144.0,168.0,168.0,149.67122,175.529383,155.962966,-5.671220000000005,0.4706170000000043,4.037034000000006,6.977238720743695,11.313708498984761
1042.0,144.0,24.0,168.0,168.0,24.0,168.0,140.719772,23.185471,167.45546199999998,3.280227999999994,0.8145290000000003,0.5445380000000171,3.4234302763849276,24.0
1043.0,120.0,168.0,176.0,112.0,152.0,184.0,118.45590800000002,166.70970300000002,175.51410199999998,1.5440919999999778,1.2902969999999812,0.48589800000002015,2.0700684334284465,19.595917942265423
1044.0,96.0,32.0,192.0,120.0,16.0,192.0,97.340404,26.344447,195.28350999999998,-1.3404040000000066,5.655553000000001,-3.2835099999999784,6.675582411979114,28.844410203711913
1045.0,72.0,144.0,192.0,72.0,128.0,192.0,77.3637,150.758815,188.78373399999998,-5.363699999999994,-6.7588149999999985,3.2162660000000187,9.20843227031513,16.0
1046.0,152.0,160.0,192.0,152.0,152.0,200.0,156.807052,159.736175,187.580358,-4.807051999999999,0.2638249999999971,4.41964200000001,6.535333807044065,11.313708498984761
1047.0,136.0,128.0,200.0,120.0,120.0,200.0,120.531916,133.422447,193.23821399999997,15.468084000000005,-5.422447000000005,6.761786000000029,17.730941994396733,17.88854381999832
1048.0,96.0,48.0,208.0,112.0,40.0,208.0,96.77504400000001,53.648559000000006,209.09259799999998,-0.7750440000000083,-5.648559000000006,-1.092597999999981,5.805228881622242,17.88854381999832
1049.0,192.0,64.0,208.0,208.0,56.0,216.0,189.19056400000002,51.200039000000004,207.30827799999997,2.8094359999999767,12.799960999999996,0.691722000000027,13.12289646247736,19.595917942265423
1050.0,176.0,96.0,208.0,184.0,96.0,216.0,175.758612,97.01872700000001,205.55704599999999,0.2413880000000006,-1.0187270000000126,2.4429540000000145,2.6578369237387567,11.313708498984761
1051.0,40.0,88.0,216.0,48.0,64.0,208.0,43.164572,91.15783099999999,212.16570199999998,-3.1645719999999997,-3.1578309999999874,3.834298000000018,5.8896734816583045,26.5329983228432
1052.0,112.0,16.0,16.0,152.0,24.0,8.0,109.863564,15.361583,14.866374,2.1364360000000033,0.6384170000000005,1.1336259999999996,2.5014081945698132,41.569219381653056
1053.0,168.0,176.0,16.0,176.0,184.0,32.0,168.76485200000002,176.05742300000003,20.97231,-0.764852000000019,-0.057423000000028424,-4.97231,5.031119430000945,19.595917942265423
1054.0,88.0,8.0,24.0,136.0,16.0,8.0,93.44779600000001,10.398967,16.945974,-5.447796000000011,-2.3989670000000007,7.054026,9.229994947635731,51.22499389946279
1055.0,144.0,160.0,48.0,152.0,160.0,56.0,143.982836,157.980455,48.303606,0.017164000000008173,2.0195449999999937,-0.30360600000000204,2.0423107533274596,11.313708498984761
1056.0,176.0,96.0,72.0,192.0,112.0,64.0,171.19506800000002,101.28866299999999,57.169862,4.8049319999999796,-5.2886629999999855,14.830137999999998,16.461783650359294,24.0
1057.0,144.0,136.0,96.0,144.0,136.0,96.0,135.511012,137.777407,89.69656599999999,8.488988000000006,-1.7774070000000108,6.30343400000001,10.721724352927064,0.0
1058.0,160.0,144.0,104.0,176.0,144.0,112.0,168.236972,140.613943,101.67863,-8.236972000000009,3.386056999999994,2.3213700000000017,9.203360712964212,17.88854381999832
1059.0,192.0,104.0,112.0,208.0,112.0,120.0,191.54582,101.92646300000001,109.711366,0.454180000000008,2.0735369999999875,2.288634000000002,3.1214869451472906,19.595917942265423
1060.0,104.0,120.0,136.0,112.0,112.0,136.0,104.99823600000002,122.421807,133.084934,-0.9982360000000199,-2.421807000000001,2.915065999999996,3.9190858680693665,11.313708498984761
1061.0,208.0,192.0,136.0,200.0,192.0,152.0,204.649284,187.695863,133.667094,3.3507160000000056,4.304136999999997,2.3329060000000084,5.932566344530927,17.88854381999832
1062.0,152.0,120.0,152.0,160.0,120.0,160.0,153.226276,122.579487,151.432694,-1.2262760000000128,-2.5794870000000003,0.5673060000000021,2.911930993169487,11.313708498984761
1063.0,8.0,112.0,160.0,16.0,80.0,152.0,11.563452000000005,110.14015900000001,159.45581399999998,-3.563452000000005,1.8598409999999888,0.5441860000000247,4.056271330197355,33.94112549695428
1064.0,224.0,112.0,176.0,224.0,120.0,184.0,214.42648400000002,111.311287,169.19950999999998,9.573515999999984,0.688713000000007,6.800490000000025,11.76321378020161,11.313708498984761
1065.0,168.0,128.0,176.0,176.0,128.0,184.0,172.06638,129.200431,172.44099799999998,-4.066380000000009,-1.200431000000009,3.559002000000021,5.535609824234837,11.313708498984761
1066.0,88.0,32.0,192.0,128.0,32.0,184.0,107.32287600000001,40.564351,185.42374999999998,-19.322876000000008,-8.564351000000002,6.576250000000016,22.135236818816228,40.792156108742276
1067.0,40.0,48.0,208.0,72.0,32.0,192.0,56.702099999999994,52.427839,197.77567,-16.702099999999994,-4.427838999999999,10.224330000000009,20.07742081465697,39.191835884530846
1068.0,104.0,8.0,216.0,128.0,16.0,216.0,107.11172400000001,26.386959,217.706278,-3.1117240000000095,-18.386959,-1.7062779999999975,18.72630428389812,25.298221281347036
1069.0,104.0,40.0,216.0,120.0,32.0,216.0,103.20834000000002,44.391271,216.87275799999998,0.7916599999999789,-4.391271000000003,-0.8727579999999762,4.5466133635492865,17.88854381999832
1070.0,112.0,136.0,224.0,112.0,112.0,232.0,114.69558,129.05511900000002,225.43654999999998,-2.6955800000000067,6.944880999999981,-1.4365499999999827,7.586909749236558,25.298221281347036
1071.0,136.0,24.0,8.0,168.0,40.0,16.0,128.809244,29.071222999999996,19.733413999999996,7.190755999999993,-5.071222999999996,-11.733413999999996,14.66619509834302,36.66060555964672
1072.0,80.0,112.0,32.0,96.0,104.0,24.0,77.2689,109.720327,27.420982,2.731099999999998,2.2796730000000025,4.579018000000001,5.798553443855891,19.595917942265423
1073.0,184.0,192.0,40.0,176.0,224.0,64.0,180.6063,219.23976700000003,48.009541999999996,3.3936999999999955,-27.23976700000003,-8.009541999999996,28.595014757017605,40.792156108742276
1074.0,144.0,176.0,56.0,144.0,176.0,64.0,140.88756400000003,176.53754300000003,55.166053999999995,3.112435999999974,-0.5375430000000279,0.8339460000000045,3.266753168187164,8.0
1075.0,104.0,136.0,64.0,104.0,136.0,56.0,94.735532,143.09260700000002,54.542406,9.264467999999994,-7.092607000000015,9.457594,15.01937167954469,8.0
1076.0,208.0,224.0,64.0,216.0,8.0,152.0,179.74185200000002,-4.003473,149.57136599999998,28.258147999999977,228.00347299999999,-85.57136599999998,245.16640330101836,233.37523433303716
1077.0,32.0,184.0,80.0,24.0,160.0,80.0,28.855427999999996,185.491839,82.03368599999999,3.1445720000000037,-1.4918389999999988,-2.033685999999989,4.031103498014033,25.298221281347036
1078.0,192.0,96.0,104.0,208.0,104.0,112.0,189.015908,93.179439,102.764726,2.984092000000004,2.820560999999998,1.235274000000004,4.287921556449118,19.595917942265423
1079.0,48.0,168.0,120.0,40.0,136.0,120.0,42.424556,160.44134300000002,121.43123800000001,5.575443999999997,7.558656999999982,-1.4312380000000076,9.500911201217951,32.984845004941285
1080.0,16.0,144.0,128.0,8.0,136.0,128.0,13.844732,167.457383,131.78775,2.1552679999999995,-23.457382999999993,-3.7877499999999884,23.858772965578353,11.313708498984761
1081.0,232.0,200.0,144.0,224.0,208.0,168.0,231.75006,200.342463,145.564966,0.24994000000000938,-0.3424630000000093,-1.5649659999999983,1.6213788857404694,26.5329983228432
1082.0,80.0,40.0,160.0,96.0,32.0,176.0,77.12682799999999,46.474839,180.38832599999998,2.873172000000011,-6.474839000000003,-20.388325999999978,21.58384800029365,24.0
1083.0,16.0,72.0,176.0,224.0,192.0,168.0,228.30646,183.953967,147.063622,-212.30646,-111.953967,28.93637799999999,241.75408508756905,240.26651868289932
1084.0,208.0,96.0,208.0,16.0,32.0,48.0,-9.272804,53.788582999999996,63.904198,217.272804,42.211417000000004,144.095802,264.1076962854235,257.9922479455536
1085.0,112.0,112.0,144.0,112.0,112.0,144.0,105.80634800000001,122.974583,140.780902,6.193651999999986,-10.974582999999996,3.2190980000000025,13.006359561944947,0.0
1086.0,64.0,64.0,176.0,48.0,64.0,192.0,41.548348,90.052279,196.773766,22.451652000000003,-26.052279,-20.773765999999995,40.178940658580096,22.627416997969522
1087.0,96.0,80.0,192.0,112.0,48.0,208.0,98.49684400000001,61.842807,208.34327,-2.49684400000001,18.157193,-16.34326999999999,24.556472912299206,39.191835884530846
1088.0,160.0,144.0,48.0,160.0,144.0,48.0,147.07810800000001,139.42336699999998,41.441158,12.921891999999986,4.576633000000015,6.5588419999999985,15.19668618012877,0.0
1089.0,208.0,96.0,64.0,160.0,16.0,176.0,132.45910000000003,17.159815000000002,176.565894,75.54089999999997,78.84018499999999,-112.56589399999999,156.82245641381672,145.7669372663088
1090.0,64.0,192.0,144.0,144.0,208.0,64.0,147.774764,209.314535,52.168741999999995,-83.774764,-17.314535000000006,91.831258,125.50292487183113,114.2628548566856
1091.0,16.0,192.0,208.0,176.0,176.0,32.0,167.04305200000002,167.863175,21.721638,-151.04305200000002,24.136824999999988,186.27836200000002,241.03157060426418,238.39463081202143
