match_index,source_x,source_y,source_z,reference_x,reference_y,reference_z,predicted_source_x,predicted_source_y,predicted_source_z,residual_x,residual_y,residual_z,residual_l2,raw_delta_l2
0.0,139.0,91.0,4.0,163.0,102.0,4.0,136.32591599999998,92.71758500000001,2.773066,2.674084000000022,-1.717585000000014,1.226934,3.406785950369815,26.40075756488817
1.0,182.0,177.0,7.0,191.0,188.0,19.0,182.062104,176.259074,6.802457000000002,-0.062104000000005044,0.7409260000000017,0.1975429999999978,0.7693188423150717,18.601075237738275
2.0,131.0,50.0,8.0,168.0,61.0,6.0,132.300042,49.819239,8.148942000000002,-1.3000419999999906,0.18076099999999684,-0.14894200000000168,1.3209721648274708,38.65229618017538
3.0,160.0,199.0,8.0,163.0,205.0,20.0,160.103669,199.40735700000002,8.470462,-0.10366899999999646,-0.40735700000001884,-0.4704619999999995,0.6308894359981106,13.74772708486752
4.0,137.0,44.0,9.0,174.0,57.0,7.0,137.051446,44.57693400000001,8.994003,-0.05144599999999855,-0.5769340000000085,0.005997000000000696,0.5792542578876824,39.26830783214372
5.0,133.0,206.0,9.0,134.0,204.0,17.0,132.94963099999998,204.029304,8.066368999999998,0.05036900000001765,1.9706960000000038,0.9336310000000019,2.1812488635499663,8.306623862918075
6.0,206.0,74.0,10.0,237.0,98.0,19.0,204.94915999999998,74.71664200000001,11.491413,1.0508400000000222,-0.7166420000000073,-1.4914129999999997,1.960141116943639,40.22437072223753
7.0,127.0,221.0,12.0,124.0,218.0,22.0,127.282801,220.74549900000002,12.384225999999998,-0.2828010000000063,0.25450099999997633,-0.3842259999999982,0.5407187657904894,10.862780491200215
8.0,102.0,150.0,13.0,113.0,147.0,14.0,101.095721,149.632755,12.278996,0.9042790000000025,0.36724499999999694,0.7210040000000006,1.213439808100098,11.445523142259598
9.0,38.0,127.0,14.0,54.0,114.0,7.0,39.098820999999994,127.23239400000003,13.511199,-1.0988209999999938,-0.23239400000002775,0.4888010000000005,1.2248840675255759,21.77154105707724
10.0,56.0,44.0,16.0,90.0,40.0,6.0,56.142249,44.040555,16.554126,-0.14224899999999963,-0.040554999999997676,-0.5541260000000001,0.5735286478476902,35.66510900025401
11.0,193.0,59.0,16.0,228.0,80.0,22.0,193.11411500000003,58.290451000000004,16.816506,-0.11411500000002661,0.7095489999999955,-0.8165060000000004,1.087733452947918,41.255302689472536
12.0,146.0,82.0,16.0,174.0,93.0,18.0,145.90926399999998,82.241251,16.190717999999997,0.09073600000002102,-0.24125100000000543,-0.19071799999999683,0.3206375246614239,30.14962686336267
13.0,131.0,156.0,16.0,142.0,158.0,22.0,130.906999,155.607843,16.553854,0.09300099999998679,0.3921569999999974,-0.5538540000000012,0.6849748549881206,12.68857754044952
14.0,210.0,178.0,16.0,219.0,194.0,32.0,210.385136,177.65718900000002,16.443654000000002,-0.3851359999999886,0.3428109999999833,-0.4436540000000022,0.6802043751204352,24.351591323771842
15.0,178.0,210.0,17.0,179.0,218.0,32.0,178.809936,210.33430900000002,17.478326000000003,-0.8099359999999933,-0.33430900000001884,-0.4783260000000027,0.9982758105118066,17.029386365926403
16.0,105.0,20.0,18.0,143.0,29.0,10.0,102.85890899999998,22.341767000000004,17.073884,2.141091000000017,-2.3417670000000044,0.9261160000000004,3.3054249648155825,39.8622628559895
17.0,126.0,123.0,18.0,144.0,127.0,21.0,125.97355800000003,123.357912,18.347061,0.02644199999997454,-0.3579119999999989,-0.34706100000000006,0.49925095576172707,18.681541692269406
18.0,155.0,56.0,19.0,188.0,70.0,19.0,153.920791,55.90767000000001,18.166655,1.0792089999999916,0.09232999999998981,0.8333450000000013,1.3666311805333515,35.84689665786984
19.0,145.0,90.0,21.0,171.0,100.0,24.0,145.26689399999998,90.43806900000001,21.553878,-0.2668939999999793,-0.4380690000000129,-0.553878000000001,0.7549289336626338,28.0178514522438
20.0,161.0,41.0,22.0,198.0,57.0,23.0,160.713358,40.840118000000004,22.417779000000003,0.2866420000000005,0.15988199999999608,-0.417779000000003,0.5312863473956408,40.32369030731191
21.0,86.0,164.0,22.0,95.0,155.0,22.0,87.09392699999998,162.021587,20.709008,-1.0939269999999794,1.978412999999989,1.2909919999999993,2.603354494486279,12.727922061357855
22.0,84.0,81.0,23.0,110.0,78.0,19.0,84.001913,79.855726,23.839691,-0.00191300000000183,1.1442739999999958,-0.8396909999999984,1.4193123765140596,26.476404589747453
23.0,83.0,122.0,23.0,99.0,117.0,21.0,82.49146299999998,122.192452,22.996911,0.5085370000000182,-0.19245200000000295,0.0030889999999992312,0.5437436846474814,16.881943016134134
24.0,163.0,47.0,24.0,199.0,63.0,25.0,163.124985,46.92716000000001,23.695267,-0.12498500000000945,0.07283999999999224,0.3047329999999988,0.3373264251641138,39.408120990476064
25.0,131.0,71.0,24.0,161.0,79.0,23.0,131.463271,70.86144200000001,23.393693,-0.4632709999999918,0.13855799999998908,0.606307000000001,0.7755169353753603,31.064449134018133
26.0,118.0,151.0,24.0,130.0,151.0,28.0,118.98659,151.270849,23.977528,-0.9865900000000067,-0.27084899999999834,0.02247200000000049,1.023339630662769,12.649110640673518
27.0,145.0,100.0,25.0,169.0,108.0,28.0,145.555764,99.31948100000002,24.815278,-0.5557640000000106,0.6805189999999754,0.18472200000000072,0.8978318051511534,25.475478405713993
28.0,69.0,43.0,26.0,104.0,40.0,18.0,70.21483899999998,42.045511000000005,26.951534,-1.2148389999999836,0.9544889999999953,-0.9515339999999988,1.8144696195301668,36.02776706930364
29.0,23.0,54.0,26.0,54.0,41.0,13.0,24.001033999999997,52.818736,26.164136999999997,-1.001033999999997,1.1812639999999988,-0.16413699999999665,1.5570467756689232,36.0416425818802
30.0,176.0,89.0,26.0,203.0,105.0,31.0,176.441567,89.58783400000002,25.184249,-0.44156699999999205,-0.5878340000000151,0.8157509999999988,1.098171171104946,31.78049716414141
31.0,53.0,117.0,26.0,69.0,106.0,21.0,52.57114799999999,116.97355200000001,26.505063,0.42885200000001333,0.026447999999987815,-0.5050629999999998,0.6631004211859699,20.049937655763422
32.0,132.0,48.0,27.0,167.0,58.0,25.0,132.658558,48.262404000000004,26.802934999999998,-0.6585579999999993,-0.26240400000000363,0.19706500000000204,0.7357914873148519,36.45545226711637
33.0,84.0,97.0,27.0,106.0,94.0,23.0,84.17494099999999,97.34140200000002,26.512183,-0.1749409999999898,-0.3414020000000164,0.4878169999999997,0.6205844862498638,22.561028345356956
34.0,175.0,126.0,27.0,192.0,138.0,35.0,173.84266300000002,125.91277400000001,26.831895000000003,1.157336999999984,0.08722599999998693,0.16810499999999706,1.1727304028078918,22.293496809607955
35.0,47.0,199.0,27.0,45.0,180.0,26.0,46.95396399999999,198.019835,26.323715999999997,0.04603600000000796,0.9801649999999995,0.6762840000000025,1.191722614192163,19.131126469708992
36.0,179.0,46.0,28.0,215.0,65.0,31.0,178.857699,46.16273000000001,27.964001,0.14230100000000334,-0.16273000000001048,0.035999000000000336,0.21914961898667398,40.8166632639171
37.0,157.0,45.0,29.0,192.0,59.0,31.0,156.442286,44.65588600000001,30.424335,0.5577140000000043,0.3441139999999905,-1.4243349999999992,1.5678614553004981,37.749172176353746
38.0,50.0,215.0,30.0,44.0,196.0,31.0,49.98355299999999,214.969122,29.711603,0.01644700000000654,0.030878000000001293,0.2883969999999998,0.290511246429463,19.949937343260004
39.0,168.0,144.0,31.0,181.0,153.0,40.0,167.472507,143.85592100000002,31.137933999999998,0.5274929999999927,0.14407899999997653,-0.13793399999999778,0.563944511140932,18.193405398660254
40.0,134.0,124.0,32.0,151.0,128.0,35.0,134.03441200000003,123.93974600000001,31.152169,-0.03441200000003164,0.06025399999998626,0.8478309999999993,0.8506657009783569,17.72004514666935
41.0,230.0,188.0,32.0,235.0,205.0,50.0,229.268201,186.949743,31.415404000000002,0.7317989999999952,1.0502569999999878,0.5845959999999977,1.407239150132615,25.25866188063018
42.0,149.0,36.0,33.0,186.0,47.0,33.0,148.552256,33.70509200000001,33.974396999999996,0.44774400000000014,2.2949079999999924,-0.9743969999999962,2.5330864437695286,38.600518131237564
43.0,83.0,60.0,34.0,112.0,58.0,27.0,82.34555900000001,59.505038000000006,33.259759,0.6544409999999914,0.4949619999999939,0.7402409999999975,1.1050959876888427,29.899832775452108
44.0,54.0,194.0,34.0,53.0,177.0,34.0,54.46567099999999,193.88381500000003,33.647816,-0.4656709999999933,0.11618499999997312,0.35218400000000116,0.5952999280379498,17.029386365926403
45.0,65.0,230.0,34.0,56.0,212.0,38.0,65.15549099999998,229.432387,33.953522,-0.15549099999998361,0.5676129999999944,0.04647800000000046,0.590357665601107,20.518284528683193
46.0,176.0,43.0,37.0,212.0,62.0,40.0,176.367513,44.316809000000006,37.157012,-0.3675130000000024,-1.3168090000000063,-0.1570120000000017,1.3761193682940513,40.8166632639171
47.0,41.0,176.0,37.0,43.0,157.0,36.0,41.180716999999994,175.54010900000003,38.28115,-0.18071699999999424,0.4598909999999705,-1.2811499999999967,1.3731364420442573,19.131126469708992
48.0,45.0,207.0,37.0,41.0,190.0,37.0,46.54442799999999,209.84016,36.299519,-1.5444279999999893,-2.8401599999999974,0.7004810000000035,3.307935958289543,17.46424919657298
49.0,223.0,177.0,38.0,230.0,194.0,56.0,222.916479,177.09926500000003,38.639168,0.08352099999999041,-0.09926500000003102,-0.639167999999998,0.6522001455764955,25.729360660537214
50.0,106.0,118.0,40.0,122.0,116.0,40.0,105.32331300000001,117.840329,39.485023999999996,0.6766869999999869,0.159671000000003,0.5149760000000043,0.865216969774627,16.1245154965971
51.0,43.0,203.0,40.0,39.0,184.0,39.0,43.61905199999999,204.232158,38.954733000000004,-0.6190519999999893,-1.2321579999999983,1.0452669999999955,1.730324194177777,19.44222209522358
52.0,35.0,29.0,41.0,70.0,20.0,28.0,35.696245,29.101509,41.26294,-0.6962449999999976,-0.10150900000000007,-0.2629400000000004,0.7511315601850297,38.40572873934304
53.0,228.0,167.0,41.0,238.0,185.0,58.0,228.53030799999996,166.397163,40.753078,-0.5303079999999625,0.6028369999999938,0.24692199999999787,0.8400056532648763,26.70205984563738
54.0,54.0,27.0,42.0,89.0,22.0,30.0,53.77962999999999,27.454255000000003,41.434184,0.22037000000000972,-0.4542550000000034,0.5658159999999981,0.7583259772558272,37.33630940518894
55.0,42.0,201.0,42.0,38.0,181.0,41.0,42.257541999999994,201.497444,41.244917,-0.2575419999999937,-0.49744400000000155,0.7550829999999991,0.9401748517105725,20.42057785666214
56.0,34.0,202.0,42.0,29.0,180.0,42.0,33.877435999999996,202.358699,43.043251999999995,0.12256400000000411,-0.35869900000000143,-1.0432519999999954,1.1099827215776794,22.561028345356956
57.0,169.0,158.0,43.0,176.0,164.0,53.0,166.562001,157.041772,43.027073,2.4379989999999907,0.9582279999999912,-0.027073000000001457,2.6196894799410746,13.601470508735444
58.0,16.0,197.0,43.0,12.0,171.0,41.0,16.22620599999999,196.496036,44.329280999999995,-0.22620599999999058,0.5039639999999963,-1.3292809999999946,1.439491870311527,26.38181191654584
59.0,81.0,213.0,43.0,76.0,199.0,48.0,81.739736,212.761637,43.156167999999994,-0.7397359999999935,0.23836299999999255,-0.15616799999999387,0.7927261277950822,15.684387141358123
60.0,199.0,92.0,44.0,224.0,109.0,53.0,198.815704,90.972656,44.253821,0.18429599999998914,1.0273439999999994,-0.2538210000000021,1.0741628414691116,31.54362059117501
61.0,85.0,38.0,45.0,119.0,36.0,37.0,85.053596,36.233344,44.381434999999996,-0.05359599999999887,1.7666559999999976,0.6185650000000038,1.87258340609357,34.9857113690718
62.0,187.0,44.0,45.0,223.0,63.0,49.0,187.596321,43.744640000000004,44.819659,-0.596320999999989,0.25535999999999603,0.18034099999999853,0.6732981070239128,40.90232267243512
63.0,63.0,195.0,45.0,61.0,179.0,46.0,63.457765,195.15024300000002,44.351164,-0.457765000000002,-0.15024300000001745,0.6488360000000029,0.8081521571894805,16.15549442140351
64.0,15.0,154.0,46.0,20.0,131.0,39.0,14.766137999999998,153.739926,45.513455,0.233862000000002,0.260074000000003,0.48654499999999956,0.5992127815267312,24.55605831561735
65.0,122.0,196.0,46.0,122.0,191.0,54.0,122.87493,195.68984700000001,45.895202,-0.8749300000000062,0.31015299999998547,0.10479800000000239,0.9341734363130876,9.433981132056603
66.0,148.0,104.0,47.0,169.0,111.0,51.0,148.528263,103.98826199999999,46.671913,-0.5282630000000097,0.011738000000008242,0.32808699999999646,0.6219651576913358,22.494443758403985
67.0,105.0,144.0,47.0,115.0,140.0,50.0,105.069106,144.547883,47.426463999999996,-0.069106000000005,-0.547883000000013,-0.42646399999999574,0.6977269983460661,11.180339887498949
68.0,44.0,163.0,47.0,48.0,145.0,45.0,44.102004,162.85351200000002,47.662917,-0.10200400000000087,0.14648799999997664,-0.6629170000000002,0.6865293140492936,18.547236990991408
69.0,73.0,199.0,47.0,70.0,184.0,50.0,73.20430099999999,198.73566300000002,46.988866,-0.20430099999998674,0.2643369999999834,0.011133999999998423,0.33427071981551987,15.588457268119896
70.0,39.0,27.0,49.0,73.0,18.0,36.0,38.83078199999999,27.000009000000002,48.904798,0.16921800000000786,-9.00000000214618e-06,0.09520200000000045,0.1941601205423059,37.49666651850535
71.0,115.0,221.0,50.0,108.0,212.0,59.0,115.040201,220.38903,49.883151,-0.040200999999996156,0.6109700000000089,0.11684900000000198,0.6233411185715338,14.52583904633395
72.0,111.0,148.0,51.0,121.0,144.0,54.0,111.84512400000003,147.713919,50.40556,-0.8451240000000269,0.2860809999999958,0.5944399999999987,1.072117450439569,11.180339887498949
73.0,93.0,52.0,52.0,123.0,51.0,46.0,92.86506700000001,51.425259000000004,51.301872,0.13493299999998953,0.574740999999996,0.698127999999997,0.914284876804811,30.610455730027933
74.0,69.0,131.0,52.0,80.0,120.0,50.0,68.62027099999997,131.11290300000002,52.194494,0.37972900000002596,-0.11290300000001707,-0.19449399999999883,0.4413265422405762,15.684387141358123
75.0,39.0,198.0,52.0,34.0,176.0,51.0,38.51980299999999,197.872582,51.671323,0.4801970000000111,0.1274180000000058,0.328676999999999,0.5956954556331713,22.58317958127243
76.0,87.0,54.0,53.0,117.0,52.0,49.0,87.87297000000001,53.869532,54.589755,-0.8729700000000093,0.13046800000000047,-1.5897549999999967,1.8183562577088699,30.331501776206203
77.0,51.0,106.0,53.0,68.0,93.0,47.0,51.48655999999999,105.651126,52.839214999999996,-0.4865599999999901,0.348873999999995,0.16078500000000417,0.6199237999149477,22.22611077089287
78.0,99.0,182.0,53.0,100.0,173.0,58.0,99.20106999999999,181.957539,53.253994,-0.2010699999999872,0.04246100000000297,-0.2539939999999987,0.3267185844989453,10.344080432788601
79.0,120.0,196.0,53.0,119.0,190.0,61.0,120.61265799999998,195.755472,52.974635,-0.6126579999999819,0.24452800000000252,0.025365000000000748,0.660141765814722,10.04987562112089
80.0,24.0,75.0,54.0,45.0,59.0,42.0,22.541477,75.09616700000001,53.1246,1.4585229999999996,-0.09616700000000833,0.8753999999999991,1.7037789156513232,29.0
81.0,121.0,95.0,54.0,142.0,96.0,55.0,120.90750299999999,94.34059400000001,54.160039,0.09249700000000871,0.65940599999999,-0.1600389999999976,0.684824393086277,21.047565179849187
82.0,82.0,150.0,54.0,89.0,139.0,55.0,81.47987499999999,149.11845,54.475805,0.5201250000000073,0.8815500000000043,-0.47580500000000114,1.1287385951361883,13.076696830622021
83.0,34.0,183.0,54.0,33.0,161.0,52.0,34.475495,182.767861,54.129474,-0.4754950000000022,0.23213899999998944,-0.12947400000000187,0.544745378155701,22.11334438749598
84.0,117.0,205.0,54.0,114.0,198.0,62.0,117.842611,205.03469900000002,53.595486,-0.8426110000000051,-0.03469900000001758,0.40451399999999893,0.935322882280771,11.045361017187261
85.0,54.0,157.0,55.0,59.0,140.0,53.0,53.93882399999999,156.061696,54.928259,0.06117600000001033,0.938303999999988,0.07174100000000294,0.9430289870799197,17.832554500127006
86.0,143.0,64.0,56.0,170.0,72.0,59.0,141.86588300000003,64.363326,57.964403000000004,1.134116999999975,-0.3633260000000007,-1.9644030000000043,2.2971953113250865,28.319604517012593
87.0,59.0,78.0,56.0,83.0,69.0,50.0,60.40376899999999,78.22916700000002,56.752124,-1.4037689999999898,-0.2291670000000181,-0.752124000000002,1.6089671937693393,26.324893162176366
88.0,47.0,81.0,56.0,69.0,69.0,48.0,47.342959,80.917081,55.980486,-0.34295900000000046,0.08291900000000396,0.01951400000000092,0.3533797283914302,26.30589287593181
89.0,47.0,137.0,56.0,56.0,121.0,52.0,46.99469800000001,137.121945,56.002892,0.0053019999999932566,-0.12194500000001085,-0.0028920000000027812,0.12209446299076215,18.788294228055936
90.0,75.0,184.0,56.0,74.0,170.0,58.0,74.675679,184.131551,55.678874,0.32432099999999764,-0.13155100000000175,0.3211259999999996,0.47498598349635396,14.177446878757825
91.0,236.0,195.0,56.0,239.0,211.0,76.0,236.863483,194.09399700000003,55.547558,-0.8634830000000022,0.9060029999999699,0.4524419999999978,1.330844878512123,25.787593916455254
92.0,136.0,237.0,56.0,126.0,231.0,69.0,136.671844,236.92398400000002,56.235801,-0.671843999999993,0.07601599999998143,-0.23580100000000215,0.7160690638429988,17.46424919657298
93.0,46.0,31.0,57.0,79.0,22.0,45.0,46.11268999999999,30.512480000000004,56.696779,-0.11268999999999352,0.4875199999999964,0.30322100000000063,0.5850792778256597,36.24913792078372
94.0,49.0,93.0,57.0,67.0,81.0,50.0,48.290012999999995,93.76015900000002,56.939884,0.7099870000000053,-0.7601590000000158,0.060116000000000724,1.0418911550186187,22.737634001804146
95.0,26.0,109.0,57.0,41.0,91.0,50.0,26.561376999999993,109.259951,58.140008,-0.5613769999999931,-0.25995100000000093,-1.1400080000000017,1.2970493046118166,24.454038521274967
96.0,194.0,59.0,58.0,225.0,77.0,64.0,193.96280299999998,58.731001000000006,57.774558,0.03719700000002035,0.26899899999999377,0.22544200000000103,0.3529421683137319,36.345563690772494
97.0,62.0,39.0,59.0,93.0,33.0,50.0,61.84351899999999,39.308087,59.319816,0.15648100000000653,-0.30808700000000044,-0.319816000000003,0.47083561546043246,32.83291031876401
98.0,39.0,53.0,59.0,66.0,41.0,48.0,38.563796,52.821077,58.865604,0.4362039999999965,0.1789229999999975,0.1343960000000024,0.4902546831606983,31.52776554086889
99.0,89.0,179.0,59.0,90.0,167.0,63.0,89.23154,178.172534,59.456091,-0.23153999999999542,0.8274659999999869,-0.4560910000000007,0.9727948154862756,12.68857754044952
100.0,75.0,47.0,60.0,104.0,43.0,52.0,74.300296,47.476449,59.396516,0.699703999999997,-0.47644900000000234,0.6034840000000017,1.0396067888740435,30.347981810987037
101.0,8.0,126.0,61.0,18.0,103.0,53.0,8.321928,126.412048,61.792257,-0.32192799999999977,-0.41204799999999864,-0.7922569999999993,0.9492588401152753,26.324893162176366
102.0,80.0,150.0,61.0,87.0,138.0,62.0,80.136064,148.982183,61.472844,-0.13606400000000463,1.017817000000008,-0.47284400000000204,1.1305071012253836,13.92838827718412
103.0,26.0,239.0,61.0,11.0,210.0,63.0,25.923926,238.19958200000002,61.914100999999995,0.07607399999999842,0.8004179999999792,-0.9141009999999952,1.2173893651584762,32.71085446759225
104.0,35.0,92.0,63.0,53.0,76.0,54.0,34.760596,91.738495,62.414768,0.2394040000000004,0.26150499999999965,0.5852319999999978,0.6842482254744965,25.709920264364882
105.0,174.0,92.0,63.0,196.0,103.0,69.0,173.42683399999999,91.583864,62.527357,0.5731660000000147,0.4161359999999945,0.4726429999999979,0.8515162003749608,25.317977802344327
106.0,146.0,236.0,63.0,135.0,231.0,77.0,145.74741699999998,235.66125200000002,63.194871,0.25258300000001555,0.3387479999999812,-0.19487099999999913,0.46532041222580683,18.49324200890693
107.0,129.0,55.0,64.0,158.0,61.0,63.0,128.882578,55.787518000000006,63.839771,0.1174220000000048,-0.7875180000000057,0.16022900000000107,0.8121858524063384,29.631064780058107
108.0,20.0,87.0,64.0,38.0,69.0,54.0,19.477735999999993,87.591455,64.31016199999999,0.522264000000007,-0.5914549999999963,-0.31016199999999117,0.8478084506331589,27.349588662354687
109.0,76.0,225.0,64.0,65.0,207.0,70.0,75.583661,224.707243,64.4855,0.4163389999999936,0.2927569999999946,-0.4855000000000018,0.7033882810866224,21.93171219946131
110.0,171.0,237.0,65.0,162.0,236.0,83.0,172.228607,235.75119,66.274635,-1.2286070000000109,1.2488099999999918,-1.2746350000000035,2.16649393254955,20.149441679609886
111.0,85.0,174.0,66.0,86.0,162.0,70.0,85.190267,174.339811,66.994766,-0.19026700000000574,-0.3398109999999974,-0.9947659999999985,1.0682848130372338,12.68857754044952
112.0,144.0,237.0,66.0,132.0,232.0,81.0,143.61188099999998,237.56913600000001,67.198149,0.3881190000000174,-0.5691360000000145,-1.1981490000000008,1.3820684392815112,19.849433241279208
113.0,61.0,34.0,67.0,92.0,27.0,57.0,60.342493999999995,33.844628,66.705521,0.657506000000005,0.15537199999999984,0.2944789999999955,0.7370023608245797,33.31666249791537
114.0,90.0,105.0,67.0,108.0,98.0,64.0,91.020701,103.87862500000003,65.436204,-1.0207010000000025,1.121374999999972,1.5637959999999964,2.178249377743956,19.544820285692065
115.0,103.0,51.0,68.0,131.0,51.0,64.0,102.03395899999998,51.057289000000004,67.969106,0.9660410000000184,-0.057289000000004364,0.03089400000000353,0.9682312133153095,28.284271247461902
116.0,221.0,134.0,68.0,236.0,151.0,82.0,221.807068,133.61179500000003,67.22292200000001,-0.8070679999999868,0.3882049999999708,0.7770779999999888,1.185711641476518,26.645825188948457
117.0,207.0,71.0,69.0,235.0,90.0,78.0,207.36066,71.007879,69.20194000000001,-0.36065999999999576,-0.007879000000002634,-0.20194000000000756,0.41342167074428987,35.014282800023196
118.0,52.0,41.0,70.0,82.0,32.0,60.0,52.53709299999999,41.196709,69.946132,-0.5370929999999916,-0.19670899999999847,0.053867999999994254,0.5745129091273666,32.87856444554719
119.0,102.0,92.0,70.0,122.0,89.0,70.0,102.55000799999999,92.24231900000001,70.906058,-0.5500079999999912,-0.24231900000000905,-0.9060580000000016,1.087275676720949,20.223748416156685
120.0,85.0,177.0,70.0,85.0,164.0,73.0,85.00560999999999,176.799684,69.776467,-0.005609999999990123,0.20031599999998662,0.2235330000000033,0.3002082178172277,13.341664064126334
121.0,124.0,24.0,71.0,160.0,29.0,69.0,124.44224799999998,22.997536,72.465229,-0.442247999999978,1.0024639999999998,-1.4652289999999937,1.8295937765637926,36.40054944640259
122.0,80.0,107.0,71.0,95.0,98.0,69.0,79.58659800000001,106.84965600000001,71.320211,0.4134019999999907,0.15034399999998982,-0.32021100000000047,0.5440952273830285,17.60681686165901
123.0,82.0,39.0,72.0,114.0,34.0,64.0,82.76282699999999,37.063433,70.971408,-0.7628269999999873,1.9365669999999966,1.0285920000000033,2.3216800554516492,33.36165463522455
124.0,91.0,65.0,72.0,115.0,63.0,68.0,90.324915,66.865429,72.00717399999999,0.6750849999999957,-1.865429000000006,-0.00717399999999202,1.9838388486825276,24.413111231467404
125.0,69.0,107.0,72.0,84.0,96.0,69.0,69.053257,107.02034800000001,72.414969,-0.05325700000000211,-0.02034800000001269,-0.41496899999999926,0.41886706735431006,18.841443681416774
126.0,50.0,79.0,73.0,71.0,66.0,66.0,50.355679999999985,78.685283,73.42472000000001,-0.35567999999998534,0.3147170000000017,-0.42472000000000776,0.6371358810246032,25.67099530598687
127.0,46.0,36.0,74.0,76.0,26.0,64.0,46.140228999999984,36.534849,74.856076,-0.14022899999998373,-0.5348490000000012,-0.8560760000000016,1.0191141952784288,33.166247903554
128.0,160.0,87.0,74.0,183.0,96.0,80.0,161.09385400000002,87.795197,74.84631,-1.0938540000000216,-0.7951970000000017,-0.8463100000000026,1.5953355315497284,25.41653005427767
129.0,101.0,209.0,74.0,97.0,199.0,82.0,104.467469,210.877663,74.153512,-3.467468999999994,-1.8776630000000125,-0.1535120000000063,3.9462039407098577,13.416407864998739
130.0,27.0,76.0,75.0,48.0,58.0,65.0,27.408819,75.059032,75.110901,-0.40881900000000115,0.940967999999998,-0.11090099999999836,1.0319170429768068,29.410882339705484
131.0,12.0,74.0,76.0,33.0,55.0,65.0,12.986499000000002,75.01223200000001,76.629447,-0.986499000000002,-1.0122320000000116,-0.629446999999999,1.5472548027503505,30.380915061926625
132.0,26.0,183.0,76.0,22.0,158.0,74.0,25.952934999999997,183.43780700000002,76.495138,0.047065000000003465,-0.4378070000000207,-0.4951379999999972,0.6626097814838049,25.39685019840059
133.0,243.0,224.0,76.0,237.0,238.0,100.0,243.263478,223.837289,76.27046999999999,-0.2634779999999921,0.1627110000000016,-0.2704699999999889,0.4111563533559835,28.42534080710379
134.0,218.0,198.0,79.0,216.0,209.0,99.0,217.635704,198.280994,79.77031500000001,0.36429599999999596,-0.28099399999999264,-0.7703150000000107,0.8972482392721701,22.9128784747792
135.0,194.0,54.0,80.0,224.0,71.0,86.0,193.97944800000002,54.306847000000005,79.598918,0.020551999999980808,-0.30684700000000475,0.4010820000000024,0.5054149155268411,35.0
136.0,54.0,94.0,80.0,71.0,80.0,74.0,54.176994,93.590419,79.80636799999999,-0.17699400000000054,0.40958100000000286,0.19363200000000802,0.4863916354348681,22.825424421026653
137.0,220.0,146.0,80.0,232.0,160.0,97.0,221.58710900000003,144.684208,81.14324500000001,-1.5871090000000265,1.3157919999999876,-1.1432450000000074,2.3573783521467377,25.079872407968907
138.0,43.0,207.0,80.0,34.0,182.0,81.0,42.845953,206.101552,79.983361,0.1540469999999985,0.8984480000000019,0.01663899999999785,0.9117105589133006,26.589471600616662
139.0,187.0,11.0,82.0,227.0,30.0,84.0,187.71194,11.535137,81.289274,-0.7119399999999985,-0.5351370000000006,0.710725999999994,1.1394567211811908,44.328320518603
140.0,157.0,149.0,82.0,164.0,151.0,91.0,156.588478,148.771602,81.818483,0.41152199999999084,0.22839799999999855,0.18151699999999948,0.5044446690936396,11.575836902790225
141.0,169.0,82.0,83.0,192.0,92.0,89.0,169.410065,82.501512,83.144805,-0.410065000000003,-0.5015120000000053,-0.14480500000000518,0.6638042470442692,25.787593916455254
142.0,200.0,151.0,83.0,208.0,161.0,97.0,199.75918,150.554676,83.026489,0.24082000000001358,0.4453239999999994,-0.026488999999997986,0.5069609496766057,18.973665961010276
143.0,92.0,22.0,84.0,125.0,22.0,78.0,91.70077,23.511919000000002,84.671696,0.29922999999999433,-1.5119190000000025,-0.6716959999999972,1.6812534525992804,33.54101966249684
144.0,218.0,137.0,84.0,230.0,152.0,99.0,218.23146300000002,137.02608600000002,83.986883,-0.2314630000000193,-0.026086000000020704,0.01311699999999405,0.23329735415132732,24.372115213907882
145.0,215.0,198.0,84.0,213.0,208.0,103.0,215.069898,198.13875800000002,83.962017,-0.06989799999999491,-0.13875800000002414,0.03798299999999699,0.15994443177868295,21.563858652847824
146.0,112.0,219.0,85.0,102.0,207.0,95.0,112.096168,218.96941400000003,85.501347,-0.0961680000000058,0.030585999999971136,-0.5013469999999955,0.5114025831270261,18.547236990991408
147.0,237.0,232.0,85.0,229.0,243.0,109.0,237.90206700000002,231.201308,85.12175500000001,-0.9020670000000166,0.7986919999999884,-0.12175500000000739,1.2109740143281413,27.586228448267445
148.0,53.0,239.0,85.0,37.0,213.0,89.0,53.079945,237.827032,84.516223,-0.07994500000000215,1.1729679999999973,0.48377700000000345,1.2713321036526992,30.789608636681304
149.0,57.0,188.0,86.0,51.0,168.0,88.0,56.156146,188.80355699999998,86.63967,0.8438540000000003,-0.8035569999999836,-0.6396699999999953,1.3292746647946647,20.97617696340303
150.0,203.0,203.0,87.0,199.0,210.0,105.0,202.84407000000002,203.15394,86.85226300000001,0.1559299999999837,-0.15394000000000574,0.14773699999999224,0.2642686316402202,19.72308292331602
151.0,98.0,87.0,88.0,117.0,81.0,88.0,98.057827,86.298465,89.39811,-0.05782700000000318,0.7015350000000069,-1.3981100000000026,1.5653136715221068,19.924858845171276
152.0,173.0,75.0,92.0,197.0,85.0,98.0,173.407027,74.94021500000001,92.05551200000001,-0.40702699999999936,0.05978499999999087,-0.05551200000000733,0.4151226410327425,26.68332812825267
153.0,29.0,94.0,92.0,44.0,75.0,84.0,29.314652000000002,94.60907300000002,92.127836,-0.3146520000000024,-0.6090730000000235,-0.12783600000000206,0.6973649283761197,25.495097567963924
154.0,160.0,154.0,92.0,166.0,156.0,102.0,160.614033,154.255275,91.770982,-0.6140330000000063,-0.2552750000000117,0.2290179999999964,0.7033143643051889,11.832159566199232
155.0,5.0,162.0,93.0,4.0,132.0,86.0,5.041262999999994,161.25174700000002,91.978666,-0.04126299999999361,0.748252999999977,1.021333999999996,1.2667708264457138,30.822070014844883
156.0,153.0,220.0,94.0,143.0,215.0,108.0,152.78946299999998,219.79305300000001,93.882998,0.2105370000000164,0.20694699999998534,0.11700199999999938,0.31755685661311217,17.916472867168917
157.0,170.0,71.0,95.0,191.0,83.0,98.0,167.465991,74.10144700000001,92.73830000000001,2.5340089999999975,-3.1014470000000074,2.2616999999999905,4.599506712234475,24.372115213907882
158.0,86.0,173.0,95.0,84.0,161.0,95.0,85.66765999999998,175.45071000000002,91.318191,0.3323400000000163,-2.450710000000015,3.681809000000001,4.435329400639945,12.165525060596439
159.0,102.0,149.0,96.0,106.0,139.0,100.0,101.64672199999998,148.804201,96.391072,0.3532780000000173,0.19579899999999384,-0.3910719999999941,0.5622098388226635,11.489125293076057
160.0,204.0,142.0,97.0,214.0,153.0,113.0,205.16771399999996,142.251436,98.687053,-1.167713999999961,-0.2514360000000124,-1.687053000000006,2.0671051914938765,21.840329667841555
161.0,229.0,155.0,98.0,236.0,170.0,117.0,229.43586299999996,155.51298000000003,99.123089,-0.43586299999995504,-0.5129800000000273,-1.1230889999999931,1.3093715809845474,25.199206336708304
162.0,113.0,103.0,99.0,128.0,98.0,100.0,113.03232899999998,102.33511700000003,98.441096,-0.03232899999997585,0.6648829999999748,0.5589039999999983,0.8691882702533226,15.84297951775486
163.0,189.0,110.0,99.0,204.0,120.0,109.0,188.478937,110.16622800000002,98.769681,0.521062999999998,-0.16622800000001803,0.2303189999999944,0.5934519691718964,20.615528128088304
164.0,166.0,54.0,100.0,194.0,63.0,103.0,166.424564,53.341006,99.188243,-0.4245640000000037,0.6589939999999999,0.8117570000000001,1.128484430189891,29.563490998188964
165.0,179.0,117.0,100.0,192.0,125.0,110.0,178.63425800000002,117.78351900000001,100.249926,0.36574199999998314,-0.7835190000000125,-0.2499260000000021,0.900073463335637,18.24828759089466
166.0,129.0,40.0,101.0,159.0,43.0,99.0,129.571017,39.628878,100.105965,-0.5710170000000119,0.37112199999999973,0.8940350000000024,1.123873006348145,30.215889859476256
167.0,112.0,109.0,101.0,125.0,104.0,102.0,111.77011200000001,109.229727,100.04816,0.22988799999998832,-0.2297269999999969,0.9518400000000042,1.0057943988077291,13.96424004376894
168.0,150.0,131.0,101.0,160.0,132.0,109.0,150.648273,131.350196,101.264473,-0.648272999999989,-0.35019600000001105,-0.2644729999999953,0.7828416753558736,12.84523257866513
169.0,62.0,144.0,101.0,66.0,126.0,100.0,62.111527,143.554101,100.911588,-0.11152700000000237,0.44589899999999716,0.08841200000000526,0.46806075639173056,18.466185312619388
170.0,210.0,220.0,101.0,202.0,226.0,121.0,210.660461,220.057816,100.49892100000001,-0.660460999999998,-0.05781600000000253,0.5010789999999901,0.8310424698040333,22.360679774997898
171.0,150.0,228.0,101.0,137.0,221.0,117.0,149.480109,227.77834800000002,102.475283,0.5198910000000012,0.22165199999997753,-1.4752830000000046,1.5798342289854352,21.77154105707724
172.0,60.0,57.0,102.0,84.0,45.0,94.0,60.61082199999999,56.474463,101.284206,-0.6108219999999918,0.5255369999999999,0.7157940000000025,1.0778004010432514,28.0
173.0,120.0,108.0,103.0,134.0,104.0,106.0,120.44097299999999,107.68984700000001,103.15692200000001,-0.4409729999999854,0.31015299999998547,-0.15692200000000867,0.5614949547609318,14.866068747318506
174.0,210.0,172.0,104.0,212.0,181.0,121.0,210.163996,171.91119600000002,103.91452100000001,-0.16399599999999737,0.0888039999999819,0.08547899999999231,0.20515237720532173,19.339079605813716
175.0,31.0,30.0,105.0,58.0,15.0,94.0,30.276785999999994,30.971855,106.25281,0.7232140000000058,-0.9718550000000015,-1.2528099999999966,1.7427201516368034,32.78719262151
176.0,51.0,61.0,109.0,71.0,46.0,101.0,49.59421,60.609128000000005,108.999155,1.4057900000000032,0.39087199999999456,0.0008449999999982083,1.4591186238647647,26.248809496813376
177.0,203.0,151.0,109.0,209.0,160.0,124.0,203.19431200000002,151.198473,109.027886,-0.1943120000000249,-0.198473000000007,-0.027885999999995192,0.2791528507270026,18.49324200890693
178.0,169.0,201.0,109.0,164.0,200.0,123.0,170.367789,201.21672600000002,108.004559,-1.3677889999999877,-0.21672600000002262,0.9954409999999996,1.7054969047400748,14.89966442575134
179.0,9.0,97.0,111.0,21.0,71.0,102.0,9.150712999999996,96.39951500000001,111.726132,-0.1507129999999961,0.6004849999999919,-0.7261320000000069,0.9542349422537404,30.01666203960727
180.0,111.0,113.0,111.0,123.0,107.0,113.0,111.691553,113.47084800000002,110.518659,-0.691552999999999,-0.4708480000000179,0.48134100000000046,0.965211142286503,13.564659966250536
181.0,207.0,173.0,111.0,208.0,181.0,128.0,207.198398,173.203773,110.982136,-0.1983979999999974,-0.20377300000001242,0.01786400000000299,0.284963724759844,18.81488772222678
182.0,180.0,15.0,113.0,216.0,28.0,116.0,180.416295,13.923013000000005,113.186496,-0.416294999999991,1.0769869999999955,-0.18649600000000532,1.1696081750782972,38.39270764090493
183.0,27.0,37.0,113.0,53.0,19.0,101.0,27.253266999999994,36.566564,113.025971,-0.2532669999999939,0.4334360000000004,-0.025970999999998412,0.5026782591539017,33.823069050575526
184.0,96.0,63.0,113.0,118.0,57.0,110.0,96.03896399999999,63.01944700000001,112.75349800000001,-0.03896399999999289,-0.019447000000006653,0.24650199999999245,0.25031902666196987,23.0
185.0,231.0,131.0,113.0,242.0,146.0,129.0,230.99752499999997,130.531632,112.440737,0.0024750000000324235,0.4683679999999981,0.5592630000000014,0.7294859917901096,24.535688292770594
186.0,178.0,17.0,115.0,213.0,30.0,118.0,178.293538,16.717383000000005,115.170408,-0.2935380000000123,0.2826169999999948,-0.17040799999999479,0.44167387583714124,37.456641600656084
187.0,170.0,30.0,117.0,201.0,41.0,120.0,169.840847,30.554321,117.047958,0.15915300000000343,-0.5543210000000016,-0.04795799999999417,0.5787066771811108,33.03028912982749
188.0,84.0,222.0,117.0,70.0,202.0,124.0,84.56390299999998,222.313981,116.523748,-0.5639029999999821,-0.3139810000000125,0.47625200000000234,0.8021138505686022,25.39685019840059
189.0,134.0,49.0,118.0,160.0,51.0,118.0,134.13294,48.943919,117.558838,-0.13293999999999073,0.05608099999999894,0.4411620000000056,0.46415733583021435,26.076809620810597
190.0,105.0,125.0,118.0,114.0,117.0,120.0,106.285,126.02348500000002,117.056124,-1.2849999999999966,-1.0234850000000222,0.943876000000003,1.8946367590124082,12.206555615733702
191.0,108.0,164.0,118.0,106.0,152.0,124.0,106.87174900000002,163.792869,118.268164,1.1282509999999775,0.20713100000000395,-0.26816399999999874,1.178034592470845,13.564659966250536
192.0,240.0,173.0,118.0,241.0,187.0,139.0,239.91137899999998,173.453854,118.286209,0.0886210000000176,-0.45385400000000686,-0.2862089999999995,0.543831524130414,25.25866188063018
193.0,219.0,231.0,118.0,207.0,236.0,140.0,219.326498,230.615409,117.433794,-0.32649799999998663,0.38459100000000035,0.566205999999994,0.7583537536802891,25.553864678361276
194.0,30.0,64.0,119.0,50.0,44.0,109.0,30.68568299999999,63.353036,118.618469,-0.6856829999999903,0.646963999999997,0.3815309999999954,1.0170002447128412,30.0
195.0,146.0,209.0,120.0,136.0,201.0,134.0,145.978974,208.65691900000002,120.80572599999999,0.021026000000006206,0.34308099999998376,-0.8057259999999928,0.8759800524629414,18.973665961010276
196.0,220.0,138.0,121.0,228.0,150.0,137.0,219.80903500000002,138.01265600000002,120.91802100000001,0.19096499999997718,-0.012656000000021095,0.08197899999998981,0.20820269451183898,21.540659228538015
197.0,196.0,174.0,121.0,196.0,179.0,137.0,196.657198,174.19994000000003,120.822481,-0.657197999999994,-0.19994000000002643,0.17751900000000376,0.7095056096783195,16.76305461424021
198.0,119.0,40.0,122.0,146.0,40.0,121.0,119.211535,40.702608,122.63641700000001,-0.2115349999999978,-0.7026079999999979,-0.6364170000000087,0.9713041005668652,27.018512172212592
199.0,218.0,146.0,122.0,225.0,155.0,138.0,218.230505,143.81291900000002,121.65671999999999,-0.23050499999999374,2.187080999999978,0.34328000000000713,2.2258250187258444,19.6468827043885
200.0,38.0,40.0,123.0,62.0,24.0,113.0,37.809227,40.70628000000001,123.364289,0.19077300000000008,-0.7062800000000067,-0.3642889999999994,0.8172712226978318,30.528675044947494
201.0,55.0,60.0,124.0,75.0,45.0,117.0,54.671766999999996,59.88509200000001,124.165023,0.32823300000000444,0.11490799999999268,-0.16502300000000503,0.3849329049094178,25.96150997149434
202.0,16.0,31.0,125.0,42.0,10.0,112.0,16.326938999999996,30.323993,125.36856,-0.32693899999999587,0.6760069999999985,-0.3685600000000022,0.8364873264849844,35.86084215408221
203.0,84.0,74.0,125.0,102.0,64.0,123.0,84.16484700000001,74.32587000000001,125.925819,-0.16484700000000885,-0.325870000000009,-0.9258190000000042,0.9952419861872872,20.688160865577203
204.0,180.0,139.0,125.0,186.0,143.0,137.0,179.727728,139.3167,125.038053,0.27227199999998675,-0.3166999999999973,-0.038053000000005,0.41937925889699346,14.0
205.0,179.0,187.0,125.0,175.0,187.0,140.0,179.394131,186.848013,124.68679,-0.39413099999998735,0.1519869999999912,0.313209999999998,0.5258705139385419,15.524174696260024
206.0,150.0,143.0,126.0,155.0,141.0,135.0,150.622811,143.386658,125.855537,-0.6228110000000129,-0.38665800000001127,0.14446300000000178,0.7471730114598795,10.488088481701515
207.0,158.0,147.0,126.0,161.0,145.0,136.0,157.095295,146.34483300000002,125.946902,0.904705000000007,0.6551669999999774,0.05309800000000564,1.1182818663100924,10.63014581273465
208.0,182.0,158.0,126.0,184.0,161.0,140.0,182.06677,158.379425,126.394756,-0.06676999999999111,-0.3794249999999977,-0.394756000000001,0.5515921165689353,14.45683229480096
209.0,169.0,186.0,126.0,165.0,184.0,140.0,169.56411599999998,185.791753,125.793366,-0.5641159999999843,0.20824700000000007,0.206633999999994,0.6358390397112935,14.696938456699069
210.0,89.0,53.0,127.0,111.0,45.0,123.0,88.34343099999998,53.03270200000001,126.974301,0.6565690000000188,-0.03270200000000756,0.025699000000003025,0.6578850288356055,23.748684174075834
211.0,14.0,116.0,127.0,20.0,89.0,120.0,13.925885999999991,116.299653,127.439096,0.07411400000000867,-0.2996530000000064,-0.43909600000000637,0.5367402561956861,28.53068523537421
212.0,201.0,117.0,127.0,213.0,126.0,140.0,201.172414,116.647457,127.30275,-0.1724140000000034,0.35254299999999716,-0.3027500000000032,0.49565180998862607,19.849433241279208
213.0,155.0,184.0,127.0,148.0,179.0,140.0,152.874604,184.098617,127.665124,2.125395999999995,-0.09861699999999018,-0.6651240000000058,2.229220358080597,15.588457268119896
214.0,163.0,187.0,127.0,157.0,183.0,140.0,162.001293,186.381829,126.54673,0.998706999999996,0.6181709999999896,0.4532700000000034,1.2589697176620183,14.866068747318506
215.0,212.0,209.0,127.0,204.0,214.0,146.0,212.445213,209.08548700000003,125.52910200000001,-0.4452129999999954,-0.08548700000002896,1.4708979999999912,1.5391762631167278,21.213203435596427
216.0,22.0,77.0,129.0,38.0,53.0,120.0,22.713323999999993,75.76343700000001,129.347636,-0.713323999999993,1.2365629999999896,-0.3476359999999943,1.4692753215245127,30.215889859476256
217.0,148.0,117.0,129.0,159.0,116.0,134.0,148.817102,116.88330300000001,126.918684,-0.8171020000000055,0.11669699999998784,2.081316000000001,2.2390065118415827,12.12435565298214
218.0,8.0,133.0,129.0,11.0,102.0,123.0,8.760025999999996,131.65032200000002,129.843617,-0.7600259999999963,1.349677999999983,-0.8436169999999947,1.7637913331936235,31.71750305430741
219.0,223.0,148.0,129.0,228.0,159.0,147.0,222.75703000000001,147.93106600000002,129.69588299999998,0.24296999999998548,0.06893399999998451,-0.6958829999999807,0.7402968775734259,21.6794833886788
220.0,135.0,209.0,129.0,124.0,198.0,141.0,135.020283,208.489452,128.815129,-0.020283000000006268,0.510548,0.1848709999999869,0.5433672303645072,19.6468827043885
221.0,130.0,197.0,130.0,122.0,187.0,141.0,130.816876,197.617576,130.01624900000002,-0.8168760000000077,-0.6175760000000139,-0.016249000000016167,1.024182867047204,16.881943016134134
222.0,192.0,120.0,131.0,203.0,127.0,144.0,192.607651,119.96858500000002,131.882786,-0.6076510000000042,0.03141499999998132,-0.8827860000000101,1.0721649881534192,18.411952639521967
223.0,235.0,199.0,133.0,229.0,209.0,156.0,235.342843,199.605757,133.566082,-0.3428429999999878,-0.6057570000000112,-0.5660819999999944,0.8971798573429961,25.787593916455254
224.0,194.0,111.0,134.0,206.0,118.0,145.0,193.527997,110.20665600000001,133.446089,0.47200300000000084,0.7933439999999905,0.5539109999999994,1.0765681261610829,17.72004514666935
225.0,50.0,24.0,135.0,77.0,10.0,125.0,49.78838799999999,24.158504,134.998271,0.21161200000000946,-0.15850400000000064,0.001729000000011638,0.2643977042279381,32.01562118716424
226.0,220.0,185.0,137.0,216.0,192.0,157.0,219.846733,184.87362000000002,137.20138500000002,0.1532669999999996,0.12637999999998328,-0.20138500000001613,0.2828755838067368,21.563858652847824
227.0,160.0,143.0,138.0,164.0,142.0,149.0,160.520587,143.56470800000002,138.495857,-0.5205870000000061,-0.5647080000000244,-0.4958570000000009,0.914210104014408,11.74734012447073
228.0,102.0,173.0,138.0,97.0,158.0,144.0,101.91997,173.145997,137.695978,0.0800299999999936,-0.14599699999999416,0.30402200000000335,0.34662559252455566,16.911534525287763
229.0,19.0,60.0,139.0,37.0,37.0,128.0,19.162126999999998,60.118665,138.638038,-0.16212699999999813,-0.11866500000000002,0.36196200000000545,0.4139843424551264,31.20897306865447
230.0,88.0,68.0,139.0,107.0,58.0,136.0,88.781656,68.066781,138.592622,-0.7816559999999981,-0.06678100000000597,0.40737799999999424,0.8839698180260417,21.6794833886788
231.0,119.0,81.0,139.0,135.0,76.0,140.0,118.77570599999999,81.14203300000001,138.44008200000002,0.22429400000001465,-0.14203300000001207,0.5599179999999819,0.6196687326701177,16.792855623746664
232.0,39.0,141.0,140.0,38.0,119.0,136.0,38.53108199999999,144.525989,138.530876,0.46891800000000927,-3.52598900000001,1.4691239999999937,3.8484812389072474,22.38302928559939
233.0,182.0,16.0,141.0,215.0,28.0,144.0,182.330818,16.064941000000005,140.221046,-0.3308179999999936,-0.06494100000000458,0.7789539999999988,0.8487798399590994,35.24202037341219
234.0,64.0,44.0,141.0,87.0,31.0,134.0,64.40143499999999,44.289427,140.859072,-0.4014349999999922,-0.28942700000000343,0.14092800000000238,0.5145665639526109,27.331300737432898
235.0,42.0,212.0,141.0,25.0,181.0,143.0,40.63770499999999,211.189314,140.498893,1.3622950000000102,0.810686000000004,0.5011069999999904,1.6625786246280279,35.41186241925155
236.0,76.0,28.0,142.0,102.0,16.0,135.0,75.052503,25.954434000000003,141.998919,0.9474969999999985,2.0455659999999973,0.0010809999999992215,2.25434957225493,29.478805945967352
237.0,42.0,47.0,142.0,62.0,29.0,133.0,40.90846199999999,47.21732,142.144769,1.091538000000007,-0.21732000000000085,-0.1447689999999966,1.1223374052418527,28.372521918222215
238.0,148.0,57.0,142.0,170.0,60.0,145.0,147.985571,58.02128800000001,141.87656900000002,0.014429000000006909,-1.0212880000000126,0.1234309999999823,1.028820969239071,22.40535650240808
239.0,93.0,162.0,142.0,90.0,146.0,147.0,93.21265700000001,162.466382,142.291011,-0.2126570000000072,-0.46638200000001007,-0.29101099999999747,0.5894256286369053,17.029386365926403
240.0,246.0,169.0,142.0,246.0,182.0,164.0,245.957459,169.05126900000002,142.40972399999998,0.04254099999999994,-0.051269000000019105,-0.4097239999999829,0.415104809919119,25.553864678361276
241.0,242.0,183.0,142.0,240.0,194.0,164.0,243.028313,182.563341,141.77354400000002,-1.0283129999999971,0.4366589999999917,0.22645599999998467,1.139903955684855,24.677925358506133
242.0,231.0,195.0,142.0,225.0,203.0,164.0,231.18761299999997,194.817261,142.161546,-0.1876129999999705,0.182738999999998,-0.1615459999999871,0.30771624917443674,24.166091947189145
243.0,81.0,30.0,144.0,107.0,21.0,138.0,81.02401699999999,30.278135000000002,144.00362,-0.02401699999998641,-0.27813500000000246,-0.003620000000012169,0.2791934793543732,28.160255680657446
244.0,24.0,105.0,144.0,31.0,79.0,137.0,23.597633000000002,105.00612000000001,143.83869099999998,0.40236699999999814,-0.006120000000009895,0.16130900000001702,0.4335403678667122,27.820855486487112
245.0,39.0,55.0,145.0,56.0,35.0,137.0,37.093218,54.85618,145.924169,1.9067819999999998,0.14381999999999806,-0.9241690000000062,2.1238149939401523,27.440845468024488
246.0,227.0,127.0,145.0,235.0,139.0,161.0,226.30004899999997,126.98664000000002,144.479443,0.6999510000000271,0.01335999999997739,0.5205569999999966,0.8724044258542215,21.540659228538015
247.0,154.0,139.0,145.0,158.0,136.0,155.0,154.32607900000002,139.041422,145.33095500000002,-0.3260790000000213,-0.041422000000011394,-0.3309550000000172,0.46644882715044556,11.180339887498949
248.0,226.0,217.0,147.0,214.0,222.0,171.0,225.88035299999999,216.999222,148.015891,0.11964700000001471,0.0007779999999968368,-1.0158910000000105,1.0229127693865323,27.294688127912362
249.0,114.0,155.0,148.0,113.0,143.0,154.0,114.400101,155.232695,147.416624,-0.4001010000000065,-0.23269500000000676,0.583375999999987,0.7446847189260656,13.45362404707371
250.0,166.0,151.0,149.0,166.0,148.0,161.0,164.862455,150.142728,149.316721,1.1375449999999887,0.8572719999999947,-0.31672100000000114,1.4591902209273353,12.36931687685298
251.0,243.0,191.0,149.0,237.0,200.0,171.0,242.271986,189.804386,148.193493,0.7280140000000017,1.1956140000000062,0.8065070000000105,1.6155342033646438,24.515301344262525
252.0,162.0,146.0,150.0,164.0,144.0,161.0,162.164993,146.44627200000002,149.858357,-0.16499300000000972,-0.44627200000002176,0.14164299999998775,0.4964313925226921,11.357816691600547
253.0,181.0,51.0,155.0,203.0,60.0,161.0,179.91363199999998,52.467444000000015,154.558799,1.0863680000000215,-1.4674440000000146,0.4412010000000066,1.8783624908310683,24.515301344262525
254.0,145.0,49.0,156.0,168.0,50.0,158.0,145.312613,49.075203,155.496978,-0.3126129999999989,-0.07520300000000191,0.5030219999999872,0.5970037784319181,23.108440016582687
255.0,108.0,230.0,156.0,89.0,210.0,167.0,108.08639599999998,229.65785400000001,155.595377,-0.08639599999997927,0.3421459999999854,0.40462299999998663,0.5368872565641465,29.698484809834994
256.0,193.0,20.0,157.0,223.0,32.0,162.0,192.36025,19.797211000000004,156.511432,0.6397499999999923,0.20278899999999567,0.48856799999998657,0.8301217571205897,32.69556544854363
257.0,187.0,53.0,157.0,210.0,61.0,164.0,186.861528,52.287121000000006,156.77556,0.13847200000000726,0.7128789999999938,0.2244399999999871,0.7600949131687355,25.337718918639855
258.0,67.0,114.0,157.0,73.0,95.0,156.0,67.53753699999999,114.24406900000002,157.159714,-0.5375369999999862,-0.24406900000002452,-0.15971400000000813,0.6115752324334266,19.949937343260004
259.0,196.0,193.0,157.0,187.0,192.0,176.0,195.133746,192.04494100000002,157.879774,0.8662539999999979,0.9550589999999772,-0.8797739999999976,1.5609407346446402,21.047565179849187
260.0,122.0,32.0,158.0,148.0,29.0,157.0,122.32438000000002,31.517496000000005,158.160733,-0.3243800000000192,0.48250399999999516,-0.16073299999999335,0.6032143828731256,26.19160170741759
261.0,184.0,40.0,158.0,210.0,49.0,164.0,184.279908,39.986401,157.906104,-0.27990800000000604,0.01359899999999925,0.09389600000000087,0.29555013124849655,28.160255680657446
262.0,207.0,134.0,158.0,212.0,140.0,175.0,206.807073,133.625234,159.756371,0.1929269999999974,0.37476599999999394,-1.7563710000000015,1.8062418087637102,18.708286933869708
263.0,181.0,31.0,160.0,208.0,40.0,165.0,180.607949,31.233932000000003,159.88137700000001,0.39205100000000925,-0.23393200000000292,0.11862299999998527,0.47169861495875215,28.89636655359978
264.0,201.0,45.0,162.0,227.0,57.0,171.0,202.323071,45.239726000000005,162.48974900000002,-1.3230709999999988,-0.23972600000000455,-0.48974900000001753,1.431027431294738,30.01666203960727
265.0,100.0,66.0,164.0,117.0,57.0,164.0,100.584115,66.96283700000001,164.81505,-0.584114999999997,-0.9628370000000075,-0.8150500000000136,1.3901625531908248,19.235384061671343
266.0,104.0,91.0,164.0,115.0,80.0,165.0,103.79647600000001,91.01228800000001,163.775539,0.20352399999998738,-0.012288000000012289,0.22446099999999092,0.30324207168694634,15.588457268119896
267.0,27.0,120.0,164.0,29.0,91.0,159.0,26.568247,119.234938,164.049629,0.4317530000000005,0.7650620000000004,-0.04962900000001014,0.8798826935984149,29.49576240750525
268.0,115.0,62.0,165.0,133.0,55.0,165.0,114.95039899999998,61.751732000000004,164.647747,0.04960100000002399,0.24826799999999594,0.3522529999999904,0.43379653644766875,19.313207915827967
269.0,190.0,115.0,165.0,197.0,120.0,178.0,189.030992,116.360275,165.764252,0.9690080000000023,-1.3602750000000015,-0.764251999999999,1.836683342112354,15.588457268119896
270.0,177.0,120.0,165.0,184.0,121.0,176.0,177.10377800000003,119.87135700000002,164.816008,-0.1037780000000339,0.12864299999998252,0.18399199999998928,0.2473296399483867,13.076696830622021
271.0,48.0,200.0,166.0,33.0,169.0,170.0,48.135579,199.144207,166.959864,-0.1355789999999999,0.8557930000000056,-0.9598640000000103,1.293097916859365,34.66987164671943
272.0,202.0,11.0,167.0,234.0,25.0,173.0,202.070334,11.163136000000003,166.852929,-0.07033400000000256,-0.16313600000000328,0.14707100000001105,0.23062980096467298,35.4400902933387
273.0,126.0,191.0,167.0,116.0,177.0,178.0,126.898346,191.14194700000002,167.068082,-0.8983460000000036,-0.14194700000001603,-0.06808200000000397,0.9120359890097604,20.42057785666214
274.0,140.0,213.0,167.0,125.0,200.0,181.0,140.416134,213.10916,167.047391,-0.41613399999999956,-0.10916000000000281,-0.047391000000004624,0.4328155709271568,24.289915602982237
275.0,140.0,148.0,168.0,138.0,138.0,177.0,138.613045,146.65369600000002,167.967105,1.3869550000000004,1.346303999999975,0.032894999999996344,1.9331996051794378,13.601470508735444
276.0,27.0,165.0,168.0,19.0,133.0,166.0,27.127553,164.79138700000001,167.654704,-0.12755299999999892,0.2086129999999855,0.3452959999999905,0.4231057541489918,33.04542328371661
277.0,206.0,55.0,169.0,228.0,69.0,180.0,206.733754,57.96213700000001,169.94000400000002,-0.7337540000000047,-2.9621370000000127,-0.940004000000016,3.193158007255687,28.30194339616981
278.0,69.0,113.0,170.0,74.0,93.0,169.0,69.34104199999999,112.892788,169.779245,-0.3410419999999874,0.10721200000000408,0.22075499999999693,0.4201628597734347,20.639767440550294
279.0,170.0,116.0,170.0,178.0,116.0,180.0,170.922049,116.23455700000002,169.63174,-0.922048999999987,-0.23455700000002366,0.36825999999999226,1.0201993786755514,12.806248474865697
280.0,61.0,231.0,170.0,39.0,201.0,176.0,61.13773299999999,231.150497,169.226178,-0.1377329999999901,-0.15049700000000144,0.7738219999999956,0.8002625906425909,37.68288736283355
281.0,34.0,62.0,171.0,48.0,39.0,163.0,33.236698,62.373018,171.233475,0.763302000000003,-0.37301800000000185,-0.23347499999999854,0.8810692067896854,28.089143810376278
282.0,39.0,80.0,171.0,49.0,56.0,165.0,38.01480999999999,79.73572000000001,171.474631,0.98519000000001,0.2642799999999852,-0.47463099999998803,1.125041261759319,26.68332812825267
283.0,80.0,110.0,172.0,86.0,91.0,172.0,80.235838,108.627825,171.866672,-0.2358380000000011,1.3721749999999986,0.1333280000000059,1.3986637009849787,19.924858845171276
284.0,73.0,38.0,173.0,94.0,24.0,167.0,72.663591,37.987234,172.706839,0.3364090000000033,0.012765999999999167,0.2931609999999978,0.4464049260010477,25.942243542145693
285.0,164.0,117.0,173.0,170.0,115.0,183.0,163.66276,117.03249400000001,173.27283500000001,0.3372400000000084,-0.03249400000001401,-0.2728350000000148,0.4350007067362244,11.832159566199232
286.0,80.0,106.0,175.0,86.0,89.0,175.0,80.10910199999998,106.78556600000002,174.942827,-0.10910199999997872,-0.7855660000000171,0.057173000000005914,0.7951640954476143,18.027756377319946
287.0,223.0,206.0,175.0,211.0,208.0,198.0,222.844886,205.12480700000003,175.57162,0.15511399999999753,0.8751929999999675,-0.5716199999999958,1.0567746044663155,26.019223662515376
288.0,137.0,103.0,176.0,146.0,97.0,182.0,137.64608800000002,103.35753500000001,175.98353,-0.6460880000000202,-0.3575350000000128,0.01646999999999821,0.7386015440472862,12.36931687685298
289.0,135.0,39.0,178.0,158.0,36.0,179.0,135.240851,38.198310000000006,177.854003,-0.24085099999999215,0.8016899999999936,0.14599699999999416,0.8497241813141392,23.2163735324878
290.0,83.0,102.0,178.0,91.0,84.0,178.0,83.92926600000001,100.858667,177.889648,-0.9292660000000126,1.141333000000003,0.110352000000006,1.4759247540267868,19.697715603592208
291.0,133.0,42.0,179.0,155.0,39.0,180.0,133.232051,41.94845300000001,178.781126,-0.23205100000001266,0.05154699999999224,0.21887399999999957,0.3231262720454728,22.22611077089287
292.0,73.0,221.0,179.0,52.0,192.0,186.0,72.153291,219.993231,178.628734,0.8467090000000042,1.0067689999999914,0.37126599999999144,1.3668717543346862,36.4828726939094
293.0,206.0,67.0,181.0,224.0,77.0,192.0,205.995126,67.801629,181.066808,0.004874000000000933,-0.8016290000000055,-0.06680800000000886,0.8044228479978734,23.345235059857504
294.0,208.0,187.0,181.0,199.0,188.0,201.0,207.82418800000002,187.25417199999998,181.332319,0.1758119999999792,-0.25417199999998275,-0.33231900000001247,0.45381624330668485,21.95449840010015
295.0,173.0,196.0,181.0,160.0,190.0,199.0,172.232123,197.03950600000002,182.432107,0.7678769999999986,-1.0395060000000171,-1.432107000000002,1.929025212539753,23.0
296.0,24.0,62.0,183.0,37.0,36.0,174.0,23.601180000000006,62.280807,183.010792,0.3988199999999935,-0.2808070000000029,-0.010792000000009239,0.4878795249987405,30.430248109405877
297.0,89.0,39.0,184.0,109.0,27.0,180.0,88.40122499999998,38.934765,183.701794,0.5987750000000176,0.06523500000000126,0.2982059999999933,0.6720966629034973,23.664319132398465
298.0,45.0,76.0,184.0,56.0,53.0,178.0,45.113946000000006,76.14802700000001,183.69401,-0.11394600000000565,-0.14802700000001323,0.3059900000000084,0.3585046216508378,26.19160170741759
299.0,110.0,93.0,184.0,119.0,81.0,186.0,109.810193,92.684807,183.565868,0.18980700000000184,0.3151929999999936,0.4341320000000053,0.5690728581842586,15.132745950421556
300.0,109.0,145.0,184.0,105.0,128.0,193.0,107.77133,144.174124,187.029459,1.228669999999994,0.8258759999999938,-3.029459000000003,3.371842666696801,19.6468827043885
301.0,43.0,120.0,185.0,44.0,94.0,182.0,43.317660999999994,120.87533900000003,184.670354,-0.317660999999994,-0.8753390000000252,0.3296459999999968,0.9878225352552138,26.19160170741759
302.0,165.0,189.0,185.0,154.0,181.0,200.0,164.88632,189.09460500000003,184.736956,0.11367999999998801,-0.0946050000000298,0.2630440000000078,0.30177043321208097,20.248456731316587
303.0,138.0,37.0,186.0,161.0,34.0,187.0,138.37538800000002,36.096810000000005,185.495861,-0.37538800000001515,0.903189999999995,0.5041390000000092,1.1003746898057096,23.2163735324878
304.0,137.0,38.0,186.0,160.0,35.0,187.0,137.672062,37.323762,185.484043,-0.672062000000011,0.6762379999999979,0.515956999999986,1.0840557136683509,23.2163735324878
305.0,126.0,51.0,186.0,144.0,45.0,187.0,125.12803600000001,50.80463400000001,185.860227,0.8719639999999913,0.19536599999999282,0.13977299999999104,0.9044476672428203,19.0
306.0,107.0,153.0,186.0,102.0,136.0,193.0,106.73702699999998,152.98028,186.522945,0.26297300000001655,0.01972000000000662,-0.5229449999999929,0.5856749526435303,19.05255888325765
307.0,213.0,188.0,187.0,203.0,189.0,208.0,212.421413,187.95667300000002,187.64657,0.5785869999999989,0.04332699999997658,-0.646569999999997,0.8687306316678334,23.280893453645632
308.0,150.0,208.0,187.0,134.0,195.0,202.0,149.73134600000003,207.621859,186.99102200000002,0.26865399999996953,0.3781409999999994,0.008977999999984831,0.4639463245688912,25.495097567963924
309.0,121.0,51.0,188.0,139.0,44.0,189.0,120.522952,50.927608000000006,188.291563,0.47704799999999636,0.07239199999999357,-0.29156299999999646,0.5637591497590025,19.339079605813716
310.0,170.0,151.0,188.0,167.0,146.0,201.0,169.397766,150.662196,187.92583100000002,0.6022340000000099,0.33780400000000554,0.0741689999999835,0.6944770505445181,14.247806848775006
311.0,213.0,225.0,188.0,195.0,224.0,212.0,213.008162,225.726057,188.85861,-0.00816199999999867,-0.7260569999999973,-0.8586099999999988,1.1244716615339818,30.01666203960727
312.0,236.0,173.0,189.0,232.0,180.0,210.0,237.32292300000003,173.01483900000002,188.030206,-1.3229230000000314,-0.014839000000023361,0.9697940000000074,1.6403797920866063,22.494443758403985
313.0,160.0,194.0,189.0,147.0,183.0,204.0,159.292075,192.835117,188.975598,0.7079249999999888,1.1648830000000032,0.02440200000000914,1.3633435615859972,22.693611435820433
314.0,158.0,206.0,189.0,143.0,195.0,205.0,158.301029,206.01269200000002,189.137207,-0.30102899999999977,-0.012692000000015469,-0.13720699999998942,0.3310669215642018,24.535688292770594
315.0,50.0,216.0,189.0,30.0,184.0,194.0,51.035492999999995,216.788671,188.895714,-1.0354929999999953,-0.7886709999999937,0.10428600000000188,1.3058036870395109,38.06573262134856
316.0,215.0,246.0,189.0,192.0,243.0,214.0,214.54270000000002,245.946447,189.240918,0.45729999999997517,0.053552999999993744,-0.24091799999999353,0.5196467035717378,34.10278580995987
317.0,162.0,160.0,190.0,156.0,154.0,203.0,161.21813099999997,161.222062,190.003623,0.7818690000000288,-1.222061999999994,-0.0036230000000045948,1.4507817861877197,15.524174696260024
318.0,182.0,201.0,190.0,170.0,196.0,209.0,183.719323,201.863816,190.668665,-1.7193230000000028,-0.8638160000000141,-0.6686650000000043,2.036998414925755,23.021728866442675
319.0,232.0,189.0,191.0,222.0,194.0,214.0,231.55491499999997,189.66174700000002,191.38548600000001,0.44508500000003437,-0.6617470000000196,-0.38548600000001443,0.8857816917446801,25.573423705088842
320.0,168.0,194.0,191.0,155.0,186.0,207.0,167.588702,194.50302200000002,190.921541,0.41129799999998795,-0.5030220000000156,0.07845900000000938,0.6544868157335235,22.11334438749598
321.0,97.0,52.0,192.0,115.0,39.0,191.0,97.60656900000001,50.78629000000001,192.665233,-0.6065690000000075,1.2137099999999919,-0.6652330000000006,1.5111428986531983,22.22611077089287
322.0,79.0,107.0,192.0,82.0,86.0,190.0,77.307523,105.55725900000002,189.993694,1.6924769999999967,1.4427409999999838,2.006305999999995,2.9952034579049753,21.307275752662516
323.0,106.0,140.0,192.0,104.0,123.0,197.0,106.181906,139.52786400000002,191.433221,-0.1819059999999979,0.4721359999999777,0.5667789999999968,0.7597635356957944,17.832554500127006
324.0,43.0,193.0,192.0,25.0,159.0,195.0,41.165991,192.240918,192.625561,1.8340090000000018,0.7590820000000065,-0.6255610000000047,2.0811345606485956,38.58756276314948
325.0,224.0,213.0,192.0,209.0,214.0,215.0,224.01880000000003,212.85683,191.534945,-0.01880000000002724,0.1431699999999978,0.46505500000000666,0.48695712534576036,27.477263328068172
326.0,190.0,88.0,193.0,202.0,92.0,204.0,190.230145,88.45059700000002,193.01722,-0.23014499999999316,-0.4505970000000161,-0.017220000000008895,0.5062616969848812,16.76305461424021
327.0,169.0,113.0,193.0,174.0,110.0,204.0,168.38566699999998,112.554653,193.628436,0.6143330000000162,0.44534699999999816,-0.6284359999999936,0.9852262640601955,12.449899597988733
328.0,183.0,89.0,194.0,196.0,92.0,203.0,184.61820099999997,89.59266200000002,192.549007,-1.6182009999999707,-0.5926620000000185,1.450993000000011,2.2528212109916663,16.09347693943108
329.0,82.0,113.0,194.0,85.0,93.0,196.0,82.175919,112.54272500000002,194.86249,-0.17591899999999328,0.45727499999998145,-0.8624900000000082,0.9919359456567721,20.322401432901575
330.0,141.0,33.0,195.0,163.0,31.0,197.0,140.57868499999998,33.310716000000006,195.239479,0.4213150000000212,-0.31071600000000643,-0.23947899999998867,0.5756743465901676,22.181073012818835
331.0,52.0,57.0,195.0,68.0,36.0,190.0,53.692319000000005,57.13074700000001,195.85781,-1.6923190000000048,-0.1307470000000066,-0.8578100000000006,1.9018087106410095,26.870057685088806
332.0,180.0,162.0,195.0,175.0,158.0,210.0,180.237676,161.971363,194.799328,-0.23767599999999334,0.028637000000003354,0.2006719999999973,0.31237671220658547,16.30950643030009
333.0,64.0,178.0,196.0,51.0,150.0,200.0,63.615652000000004,178.11262100000002,196.14411,0.3843479999999957,-0.11262100000001851,-0.14411000000001195,0.4256460581809777,31.12876483254676
334.0,219.0,183.0,196.0,211.0,185.0,216.0,219.71798499999997,182.79559300000003,195.064882,-0.7179849999999703,0.20440699999997491,0.9351179999999886,1.1965493536824654,21.633307652783937
335.0,120.0,215.0,196.0,102.0,195.0,209.0,121.04883999999998,214.56741200000002,196.365669,-1.0488399999999842,0.4325879999999813,-0.3656689999999969,1.1920199414879553,29.88310559496787
336.0,34.0,210.0,197.0,13.0,174.0,200.0,33.877373999999996,210.38595700000002,197.013994,0.1226260000000039,-0.385957000000019,-0.013993999999996731,0.4052107769556672,41.78516483155236
337.0,221.0,197.0,198.0,209.0,198.0,220.0,221.08253,196.80230500000002,197.855222,-0.08252999999999133,0.19769499999998175,0.1447780000000023,0.2585636927509197,25.079872407968907
338.0,88.0,108.0,199.0,91.0,90.0,200.0,87.44599199999999,108.53334100000001,198.50107,0.5540080000000103,-0.5333410000000072,0.49893000000000143,0.9166834956761359,18.275666882497067
339.0,24.0,147.0,199.0,17.0,113.0,195.0,23.922093000000004,146.703294,197.61846500000001,0.07790699999999617,0.29670600000000036,1.3815349999999853,1.4151829942837637,34.942810419312295
340.0,30.0,163.0,199.0,19.0,129.0,198.0,29.504709,162.908331,198.834016,0.4952910000000017,0.091668999999996,0.1659840000000088,0.5303461779800095,35.749125863438955
341.0,123.0,176.0,199.0,113.0,159.0,209.0,123.407051,175.44444000000001,198.850967,-0.4070509999999956,0.5555599999999856,0.14903300000000286,0.7046618091609487,22.11334438749598
342.0,106.0,212.0,199.0,87.0,189.0,210.0,106.08229299999999,211.514719,199.129428,-0.08229299999999284,0.4852809999999863,-0.1294279999999901,0.5089414445631079,31.796226191169293
343.0,23.0,170.0,200.0,12.0,133.0,199.0,24.0372,168.491102,199.996503,-1.0371999999999986,1.5088979999999879,0.0034970000000100754,1.8310022510671473,38.61346915261564
344.0,226.0,195.0,200.0,214.0,196.0,222.0,225.446921,193.881299,199.55683,0.5530789999999968,1.1187009999999873,0.44317000000000917,1.3243065946154524,25.079872407968907
345.0,56.0,198.0,200.0,38.0,166.0,204.0,55.522530999999994,197.415325,199.558148,0.47746900000000636,0.5846750000000043,0.44185200000001146,0.8746740487118737,36.932370625238775
346.0,179.0,63.0,201.0,196.0,66.0,209.0,179.631759,63.35682400000001,200.773981,-0.6317589999999882,-0.35682400000001024,0.22601900000000796,0.7599522283788607,19.026297590440446
347.0,221.0,92.0,201.0,233.0,100.0,214.0,221.43529599999997,91.085295,199.33508,-0.4352959999999655,0.9147049999999979,1.664919999999995,1.9488782545456629,19.4164878389476
348.0,127.0,139.0,201.0,125.0,125.0,209.0,127.113993,138.16969600000002,201.065447,-0.11399299999999357,0.8303039999999839,-0.06544700000000603,0.8406440663407865,16.24807680927192
349.0,108.0,164.0,201.0,100.0,145.0,208.0,108.35399000000001,163.648909,200.27848,-0.35399000000001024,0.3510909999999967,0.7215199999999982,0.8770204791115213,21.77154105707724
350.0,190.0,58.0,202.0,207.0,63.0,210.0,189.19060299999998,58.13011900000001,201.11286,0.8093970000000184,-0.13011900000000765,0.887139999999988,1.207920459868948,19.44222209522358
351.0,45.0,144.0,202.0,39.0,113.0,201.0,44.735302999999995,142.677392,201.581259,0.2646970000000053,1.3226080000000024,0.41874100000001135,1.4123386451393372,31.591137997862628
352.0,125.0,128.0,203.0,125.0,115.0,210.0,125.06382099999999,127.988383,202.970144,-0.06382099999999014,0.011617000000001099,0.02985599999999522,0.07141047168306958,14.7648230602334
353.0,16.0,49.0,204.0,31.0,22.0,194.0,17.102083999999998,50.527059,204.075664,-1.1020839999999978,-1.5270590000000013,-0.07566399999998907,1.884734297834312,32.46536616149585
354.0,159.0,112.0,204.0,165.0,107.0,215.0,160.587071,112.05865800000001,205.240965,-1.5870710000000088,-0.058658000000008315,-1.2409649999999885,2.0154972714518866,13.490737563232042
355.0,123.0,121.0,204.0,125.0,108.0,210.0,123.557876,120.812963,203.629628,-0.5578759999999932,0.18703700000000367,0.37037200000000325,0.6952581456761194,14.45683229480096
356.0,24.0,163.0,204.0,14.0,127.0,202.0,24.886846,162.144819,203.284718,-0.8868459999999985,0.8551809999999875,0.715282000000002,1.4245907166625011,37.416573867739416
357.0,68.0,189.0,204.0,52.0,160.0,209.0,67.59606500000001,188.78491200000002,203.782789,0.40393499999998994,0.21508799999998018,0.21721099999999183,0.5065638661511299,33.49626844888845
358.0,191.0,61.0,205.0,209.0,65.0,214.0,191.86250700000002,60.053603,204.609956,-0.8625070000000221,0.9463969999999975,0.39004399999998896,1.3385514291927767,20.518284528683193
359.0,49.0,97.0,205.0,54.0,72.0,201.0,49.69168299999999,97.62155200000001,204.208041,-0.6916829999999905,-0.6215520000000083,0.7919589999999914,1.2214545914089412,25.80697580112788
360.0,121.0,136.0,205.0,118.0,121.0,212.0,120.12776,135.690561,204.90678400000002,0.872240000000005,0.3094389999999976,0.09321599999998398,0.930185107909713,16.822603841260722
361.0,34.0,140.0,205.0,28.0,108.0,203.0,33.758913,139.91147800000002,204.883807,0.24108700000000027,0.08852199999998334,0.11619300000000976,0.2818863233681255,32.61901286060018
362.0,84.0,164.0,206.0,74.0,139.0,213.0,83.68908400000001,163.094176,207.798881,0.31091599999999175,0.9058239999999955,-1.7988809999999944,2.0379300111124934,27.820855486487112
363.0,154.0,158.0,207.0,147.0,147.0,220.0,153.166063,157.041549,207.768462,0.8339369999999917,0.9584509999999966,-0.7684619999999995,1.4847939536561896,18.411952639521967
364.0,27.0,181.0,207.0,12.0,144.0,207.0,27.213108999999996,180.321058,206.660787,-0.21310899999999577,0.6789420000000064,0.3392130000000009,0.7883166525032992,39.92492955535426
365.0,107.0,49.0,208.0,124.0,38.0,208.0,107.377609,49.12208100000001,208.381708,-0.37760900000000674,-0.12208100000000854,-0.38170800000000327,0.550629934444187,20.248456731316587
366.0,31.0,65.0,208.0,44.0,39.0,200.0,33.30644,65.744205,207.1784,-2.306440000000002,-0.7442049999999938,0.8215999999999894,2.5590101827904053,30.14962686336267
367.0,210.0,91.0,208.0,219.0,96.0,221.0,208.42454800000002,90.29655200000002,207.603483,1.5754519999999843,0.7034479999999803,0.3965169999999887,1.7703428550133768,16.583123951777
368.0,72.0,219.0,208.0,49.0,188.0,216.0,71.572708,218.577277,208.130074,0.42729199999999423,0.42272299999999063,-0.13007400000000757,0.614973522575557,39.42080668885405
369.0,151.0,16.0,209.0,175.0,17.0,211.0,150.004819,17.50719,209.045797,0.9951810000000023,-1.5071900000000014,-0.045796999999993204,1.8066832273727478,24.1039415863879
370.0,115.0,131.0,209.0,113.0,115.0,215.0,114.548179,130.757522,208.771757,0.45182099999999537,0.24247800000000552,0.22824299999999198,0.5612777062862865,17.204650534085253
371.0,116.0,143.0,209.0,112.0,126.0,216.0,116.09738099999998,142.304361,208.780396,-0.0973809999999844,0.6956389999999999,0.2196040000000039,0.7359501303063941,18.81488772222678
372.0,199.0,157.0,209.0,195.0,157.0,226.0,200.01060900000002,158.01705500000003,208.646892,-1.0106090000000165,-1.0170550000000276,0.35310799999999176,1.4766234061432468,17.46424919657298
373.0,91.0,205.0,209.0,72.0,179.0,218.0,90.96345199999999,204.84679500000001,209.008074,0.03654800000001046,0.1532049999999856,-0.008073999999993475,0.15771086774536575,33.436506994600975
374.0,220.0,154.0,211.0,217.0,157.0,231.0,220.72264100000004,153.92186600000002,211.647109,-0.7226410000000385,0.07813399999997728,-0.6471090000000004,0.9731726438397519,20.445048300260872
375.0,89.0,195.0,211.0,72.0,169.0,219.0,88.91328000000001,194.66548200000003,210.912771,0.08671999999998548,0.33451799999997434,0.08722900000000777,0.35641485542129364,32.07802986469088
376.0,203.0,211.0,211.0,185.0,206.0,233.0,202.07586,210.748924,211.59248300000002,0.9241399999999942,0.25107600000001185,-0.5924830000000156,1.1261039040270724,28.861739379323623
377.0,215.0,238.0,211.0,192.0,234.0,236.0,214.832401,238.24522100000002,211.26552,0.1675989999999956,-0.245221000000015,-0.2655200000000093,0.39840134794201043,34.20526275297414
378.0,218.0,242.0,211.0,194.0,238.0,237.0,217.631041,242.010964,211.686461,0.3689589999999896,-0.010964000000001306,-0.6864610000000084,0.7794098135756335,35.608987629529715
379.0,238.0,246.0,211.0,214.0,246.0,239.0,237.92369699999998,246.31217800000002,211.210039,0.07630300000002421,-0.31217800000001716,-0.21003899999999476,0.3839187843984873,36.87817782917155
380.0,147.0,161.0,212.0,139.0,149.0,223.0,146.552179,160.914666,211.126921,0.4478210000000047,0.08533399999998892,0.87307899999999,0.9849327285850464,18.138357147217054
381.0,208.0,100.0,213.0,217.0,106.0,229.0,209.5484,101.505232,214.526767,-1.5483999999999867,-1.5052320000000066,-1.5267670000000066,2.6446707557110014,19.313207915827967
382.0,76.0,91.0,214.0,82.0,71.0,213.0,76.407592,91.77496000000002,213.546145,-0.40759199999999396,-0.7749600000000214,0.45385500000000434,0.9862446963553376,20.904544960366874
383.0,197.0,210.0,214.0,179.0,205.0,236.0,196.653493,211.143077,215.06879,0.34650700000000256,-1.1430770000000052,-1.068790000000007,1.6028113404509057,28.861739379323623
384.0,226.0,118.0,216.0,225.0,123.0,234.0,221.059273,117.66255100000001,217.07889600000001,4.94072700000001,0.33744899999999234,-1.0788960000000145,5.068399322759221,18.708286933869708
385.0,46.0,163.0,216.0,35.0,130.0,217.0,46.337602,162.019572,215.710463,-0.33760199999999685,0.9804279999999892,0.2895369999999957,1.0765899163362873,34.79942528261063
386.0,171.0,189.0,216.0,157.0,181.0,233.0,170.980577,190.7754,216.254815,0.019422999999989088,-1.7753999999999905,-0.2548150000000078,1.7936981622207149,23.430749027719962
387.0,178.0,140.0,217.0,175.0,135.0,231.0,177.414309,139.85001,217.180321,0.5856909999999971,0.1499900000000025,-0.18032099999999218,0.6309093521433919,15.165750888103101
388.0,77.0,45.0,218.0,91.0,27.0,215.0,75.410157,44.993866,218.875081,1.589843000000002,0.00613400000000297,-0.8750809999999944,1.8147741311705974,23.0
389.0,156.0,72.0,218.0,167.0,66.0,223.0,154.412882,70.18171000000001,216.639485,1.5871180000000038,1.8182899999999904,1.3605149999999924,2.7705817322809585,13.490737563232042
390.0,79.0,74.0,218.0,87.0,55.0,216.0,77.86127099999999,74.57240100000001,217.529298,1.138729000000012,-0.5724010000000135,0.47070199999998863,1.3586416058129651,20.71231517720798
391.0,158.0,164.0,219.0,150.0,153.0,232.0,158.426392,163.417677,218.506932,-0.4263919999999928,0.5823230000000024,0.49306799999999384,0.874085960656611,18.81488772222678
392.0,217.0,55.0,221.0,234.0,65.0,235.0,216.94877,56.461330000000004,222.76422300000002,0.051230000000003884,-1.4613300000000038,-1.7642230000000154,2.2914171762315707,24.186773244895647
393.0,147.0,63.0,221.0,161.0,58.0,226.0,147.48457000000002,63.400443,220.775276,-0.48457000000001926,-0.40044300000000277,0.22472400000000903,0.667580375179667,15.684387141358123
394.0,31.0,86.0,221.0,36.0,56.0,215.0,31.133716999999997,85.82466600000001,220.674603,-0.1337169999999972,0.17533399999999233,0.3253970000000095,0.39307181946051883,31.0
395.0,38.0,75.0,222.0,44.0,46.0,217.0,36.53241099999999,74.09750400000001,222.882725,1.467589000000011,0.9024959999999851,-0.8827249999999935,1.9358512155023675,30.033314835362415
396.0,78.0,81.0,222.0,86.0,60.0,221.0,78.52437499999999,80.246028,221.953517,-0.524374999999992,0.7539720000000045,0.046482999999994945,0.9195670648180033,22.494443758403985
397.0,78.0,135.0,222.0,73.0,110.0,225.0,77.745844,134.40077200000002,222.164347,0.2541559999999947,0.5992279999999823,-0.16434699999999225,0.6713266006415757,25.67099530598687
398.0,28.0,69.0,223.0,36.0,39.0,216.0,27.577599999999997,68.467933,223.238784,0.4224000000000032,0.5320669999999978,-0.23878400000000966,0.7200936405392045,31.827660925679098
399.0,177.0,129.0,223.0,177.0,124.0,236.0,177.390636,128.517001,222.86475000000002,-0.39063600000000065,0.4829990000000066,0.135249999999985,0.6357492280742485,13.92838827718412
400.0,162.0,157.0,224.0,155.0,148.0,238.0,162.55009,157.69863900000001,224.341484,-0.5500900000000115,-0.6986390000000142,-0.34148400000000834,0.9525265259702945,18.05547008526779
401.0,118.0,157.0,225.0,110.0,138.0,234.0,118.663283,156.256031,225.141026,-0.663283000000007,0.7439689999999928,-0.14102600000001075,1.006639232161156,22.494443758403985
402.0,103.0,52.0,226.0,118.0,38.0,226.0,103.68804699999998,51.58059900000001,226.202458,-0.6880469999999832,0.4194009999999935,-0.20245800000000713,0.8308400055209031,20.518284528683193
403.0,39.0,70.0,226.0,46.0,42.0,221.0,37.91350500000001,69.87062800000001,226.945093,1.0864949999999922,0.12937199999998938,-0.9450930000000142,1.445824774327099,29.29163703175362
404.0,90.0,71.0,226.0,101.0,53.0,226.0,91.30123499999999,70.38866300000001,226.189976,-1.3012349999999913,0.6113369999999918,-0.18997600000000148,1.450184930748478,21.095023109728988
405.0,81.0,92.0,227.0,86.0,71.0,227.0,81.497928,91.93741,226.692647,-0.4979280000000017,0.06259000000000015,0.3073530000000062,0.5884859113802178,21.587033144922902
406.0,123.0,43.0,228.0,140.0,33.0,229.0,123.122048,42.221536,227.748581,-0.1220480000000066,0.7784639999999996,0.2514189999999985,0.8271114962089454,19.748417658131498
407.0,115.0,49.0,229.0,129.0,38.0,228.0,113.99347399999999,49.498361,227.221278,1.006526000000008,-0.4983610000000027,1.7787219999999877,2.1036421340810265,17.832554500127006
408.0,108.0,49.0,234.0,122.0,36.0,234.0,107.74104500000001,49.277207000000004,233.761922,0.25895499999998606,-0.2772070000000042,0.23807800000000157,0.44786442921714137,19.1049731745428
409.0,8.0,108.0,235.0,6.0,71.0,229.0,8.223403999999995,108.22734399999999,235.209321,-0.22340399999999505,-0.227343999999988,-0.20932099999998854,0.3813265301457368,37.53664875824692
410.0,70.0,179.0,235.0,54.0,149.0,240.0,70.20301999999998,179.253365,234.49422,-0.20301999999998088,-0.2533650000000023,0.5057799999999872,0.6010194273274205,34.36568055487916
411.0,118.0,52.0,236.0,131.0,41.0,238.0,117.487581,52.862627,236.399624,0.5124189999999942,-0.8626270000000034,-0.39962399999998865,1.0799990342893788,17.146428199482248
412.0,21.0,126.0,238.0,15.0,90.0,235.0,21.184185999999997,126.302178,238.45320900000002,-0.18418599999999685,-0.30217799999999784,-0.4532090000000153,0.5750081946903117,36.61966684720111
413.0,33.0,159.0,238.0,20.0,123.0,238.0,33.17947999999999,159.327559,237.819974,-0.17947999999999098,-0.3275590000000079,0.18002599999999802,0.4146291470181531,38.27531841800928
414.0,6.0,104.0,239.0,5.0,66.0,232.0,6.532801999999997,103.511797,238.650506,-0.5328019999999967,0.4882029999999986,0.34949399999999287,0.802724234372546,38.65229618017538
415.0,58.0,154.0,239.0,47.0,123.0,242.0,58.382639000000005,154.153623,239.44564400000002,-0.3826390000000046,-0.15362300000001028,-0.4456440000000157,0.6071335974775409,33.03028912982749
416.0,38.0,158.0,245.0,24.0,122.0,245.0,37.34643500000001,157.97994,244.322649,0.6535649999999933,0.020060000000000855,0.6773509999999874,0.941463748652052,38.62641583165593
417.0,137.0,198.0,8.0,139.0,200.0,17.0,136.68139599999998,198.919604,8.031247,0.31860400000002187,-0.9196039999999925,-0.03124700000000047,0.9737332286827847,9.433981132056603
418.0,133.0,209.0,11.0,133.0,208.0,21.0,133.296422,208.608584,11.622223,-0.29642200000000685,0.39141599999999244,-0.622223,0.7926121049220722,10.04987562112089
419.0,141.0,165.0,17.0,150.0,168.0,24.0,140.608393,164.38188100000002,16.877736,0.3916069999999934,0.6181189999999788,0.12226400000000126,0.7418730526889145,11.789826122551595
420.0,169.0,237.0,17.0,163.0,241.0,32.0,169.06266499999998,237.14096100000003,16.629754,-0.06266499999998132,-0.14096100000003275,0.37024600000000163,0.4010972528726769,16.64331697709324
421.0,81.0,80.0,19.0,108.0,80.0,15.0,82.190549,82.03248200000002,19.965747,-1.1905490000000043,-2.032482000000016,-0.9657470000000004,2.54579207119004,27.294688127912362
422.0,173.0,187.0,20.0,178.0,195.0,33.0,173.044548,187.029108,20.690172999999998,-0.044547999999991816,-0.029108000000007905,-0.6901729999999979,0.69222147459971,16.06237840420901
423.0,131.0,150.0,23.0,143.0,152.0,28.0,131.14171800000003,149.671313,22.812193999999998,-0.14171800000002577,0.32868700000000217,0.18780600000000192,0.404215572595873,13.152946437965905
424.0,175.0,188.0,23.0,180.0,196.0,36.0,175.400139,187.85824500000004,23.318903999999996,-0.4001389999999958,0.14175499999996077,-0.3189039999999963,0.5309477004018223,16.06237840420901
425.0,193.0,44.0,24.0,230.0,66.0,29.0,192.647393,44.020836,24.708725000000005,0.3526070000000061,-0.02083600000000274,-0.7087250000000047,0.7918692827544273,43.3358973600409
426.0,177.0,188.0,24.0,182.0,197.0,39.0,177.75573,188.687382,25.947635,-0.7557299999999998,-0.6873820000000137,-1.9476349999999982,2.1992962374471094,18.193405398660254
427.0,189.0,25.0,26.0,230.0,48.0,29.0,188.77496299999999,25.569756000000005,26.404541000000002,0.2250370000000146,-0.5697560000000053,-0.4045410000000018,0.7341096454794842,47.10626285325551
428.0,166.0,52.0,26.0,201.0,68.0,28.0,166.341116,51.856537,25.94715,-0.34111599999999953,0.143462999999997,0.0528499999999994,0.3738112897238375,38.535697735995385
429.0,164.0,223.0,27.0,161.0,226.0,41.0,164.90932,222.792428,26.870914999999997,-0.9093200000000081,0.20757199999999898,0.12908500000000345,0.9416007300384889,14.628738838327793
430.0,181.0,45.0,28.0,216.0,65.0,31.0,179.77616,45.96083800000001,27.881607000000002,1.2238399999999956,-0.9608380000000096,0.11839299999999753,1.5604521493121815,40.422765862815474
431.0,177.0,48.0,28.0,214.0,66.0,31.0,178.154373,47.38968200000001,27.952183,-1.1543729999999925,0.6103179999999924,0.047816999999998444,1.3066566303899327,41.255302689472536
432.0,94.0,105.0,28.0,115.0,104.0,28.0,95.09833,106.12140900000003,29.641402,-1.0983300000000042,-1.1214090000000283,-1.6414019999999994,2.2711423248632108,21.02379604162864
433.0,47.0,199.0,28.0,44.0,180.0,29.0,46.339037,198.429588,29.293841,0.6609630000000024,0.5704120000000046,-1.2938410000000005,1.5608544039704695,19.261360284258224
434.0,183.0,45.0,29.0,221.0,63.0,32.0,184.039373,42.97054500000001,28.620638000000003,-1.0393730000000119,2.0294549999999916,0.37936199999999687,2.3114712538117335,42.15447781671598
435.0,191.0,40.0,30.0,229.0,61.0,34.0,191.159147,39.44386300000001,30.075063999999998,-0.15914699999999016,0.5561369999999926,-0.07506399999999758,0.5833101528980859,43.60045871318328
436.0,48.0,227.0,31.0,39.0,207.0,33.0,47.960089,227.392816,31.012394999999998,0.03991099999999648,-0.3928160000000105,-0.012394999999997935,0.39503282623347635,22.02271554554524
437.0,19.0,114.0,33.0,34.0,96.0,24.0,18.577196999999998,113.99703300000002,33.218704,0.4228030000000018,0.0029669999999839547,-0.21870400000000245,0.47602796085314414,25.099800796022265
438.0,55.0,28.0,34.0,91.0,23.0,23.0,55.12344099999999,27.590522,34.437145,-0.12344099999999258,0.409478,-0.437145000000001,0.6115600248462935,37.97367509209505
439.0,25.0,41.0,34.0,57.0,30.0,20.0,25.098178000000004,41.422409,33.691326000000004,-0.09817800000000432,-0.4224090000000018,0.30867399999999634,0.5323043501992071,36.61966684720111
440.0,128.0,135.0,34.0,142.0,137.0,38.0,128.00801199999998,135.190175,33.933538,-0.00801199999997948,-0.19017500000001064,0.06646200000000135,0.2016132937407747,14.696938456699069
441.0,78.0,226.0,36.0,70.0,211.0,41.0,78.10234399999999,225.7887,35.781949,-0.102343999999988,0.21129999999999427,0.21805100000000266,0.32041882425506196,17.72004514666935
442.0,205.0,185.0,37.0,210.0,198.0,54.0,205.20544300000003,185.09877100000003,37.985046,-0.2054430000000309,-0.0987710000000277,-0.985045999999997,1.0110777214467799,21.97726097583591
443.0,125.0,148.0,39.0,136.0,148.0,44.0,125.470799,148.09290900000002,39.167032,-0.4707989999999995,-0.09290900000002011,-0.16703199999999896,0.5081175746872006,12.083045973594572
444.0,186.0,184.0,40.0,190.0,193.0,54.0,185.760548,184.011311,40.103986000000006,0.239452,-0.011311000000006288,-0.10398600000000613,0.2613011427854869,17.11724276862369
445.0,57.0,204.0,40.0,53.0,187.0,41.0,57.32526699999999,204.619424,39.443735000000004,-0.32526699999998954,-0.6194240000000093,0.5562649999999962,0.8938207109314489,17.4928556845359
446.0,23.0,22.0,41.0,59.0,11.0,26.0,23.45460299999999,21.958207,41.092028,-0.45460299999999165,0.041792999999998415,-0.09202799999999911,0.46570344130357477,40.52159917870962
447.0,138.0,152.0,41.0,148.0,154.0,48.0,138.18785300000002,152.097713,41.46334,-0.18785300000001826,-0.09771299999999883,-0.4633400000000023,0.509431580860481,12.36931687685298
448.0,195.0,185.0,41.0,200.0,196.0,56.0,195.79291899999998,185.20614500000002,40.922563999999994,-0.7929189999999835,-0.20614500000002067,0.07743600000000583,0.822929301751969,19.261360284258224
449.0,224.0,218.0,41.0,223.0,232.0,62.0,225.26944999999998,217.880511,41.411332,-1.2694499999999778,0.1194889999999873,-0.4113320000000016,1.339766747551581,25.25866188063018
450.0,24.0,110.0,42.0,40.0,92.0,33.0,24.138024999999992,109.30902400000002,41.764381,-0.13802499999999185,0.6909759999999778,0.2356189999999998,0.7429771506324855,25.709920264364882
451.0,214.0,178.0,43.0,220.0,193.0,60.0,213.921446,178.370273,43.407628,0.0785539999999969,-0.3702729999999974,-0.40762800000000254,0.556267392383375,23.45207879911715
452.0,46.0,16.0,44.0,84.0,10.0,31.0,46.70688299999998,16.232281999999998,43.939274999999995,-0.7068829999999835,-0.23228199999999788,0.060725000000005025,0.746542717356466,40.607881008493905
453.0,40.0,168.0,44.0,43.0,149.0,41.0,39.96552699999999,167.68606400000002,43.847730999999996,0.03447300000001263,0.313935999999984,0.15226900000000398,0.3506138163079031,19.467922333931785
454.0,118.0,146.0,45.0,128.0,144.0,49.0,117.768461,145.95424,45.015917,0.23153899999999794,0.045760000000001355,-0.015917000000001735,0.2365536662366475,10.954451150103322
455.0,130.0,150.0,45.0,140.0,150.0,51.0,130.283159,149.82047,45.387071,-0.28315900000001193,0.17952999999999975,-0.38707099999999883,0.5120878823229522,11.661903789690601
456.0,38.0,161.0,45.0,42.0,142.0,42.0,37.642299,160.781823,45.552186,0.3577009999999987,0.21817699999999718,-0.552185999999999,0.6931526435973513,19.6468827043885
457.0,48.0,175.0,46.0,50.0,158.0,45.0,48.73568099999999,175.775508,46.273373,-0.7356809999999925,-0.7755080000000021,-0.2733729999999994,1.1033458156688645,17.146428199482248
458.0,216.0,177.0,46.0,222.0,192.0,62.0,215.74558899999997,177.080003,45.262206,0.254411000000033,-0.08000300000000493,0.737794000000001,0.7845160440462764,22.737634001804146
459.0,63.0,194.0,46.0,61.0,178.0,47.0,63.34380799999999,194.19447,45.407953,-0.34380799999998857,-0.19446999999999548,0.5920470000000009,0.7117177614567388,16.15549442140351
460.0,58.0,139.0,47.0,69.0,125.0,44.0,58.985807,138.043293,46.854306,-0.9858070000000012,0.9567069999999944,0.14569399999999888,1.3814233481210572,18.05547008526779
461.0,217.0,177.0,47.0,224.0,192.0,65.0,217.886045,176.88408,47.98514899999999,-0.8860449999999958,0.11591999999998848,-0.9851489999999927,1.330049525629018,24.454038521274967
462.0,106.0,91.0,48.0,128.0,90.0,47.0,105.948815,90.46242600000002,48.178211000000005,0.05118500000000381,0.537573999999978,-0.17821100000000456,0.5686518005088689,22.045407685048602
463.0,216.0,195.0,48.0,218.0,208.0,66.0,215.91861699999998,194.56567900000002,47.934698,0.08138300000001664,0.43432099999998286,0.06530200000000264,0.4466791633085073,22.293496809607955
464.0,83.0,123.0,49.0,98.0,116.0,47.0,83.98849499999997,123.17074600000001,48.200519,-0.9884949999999719,-0.17074600000000828,0.7994810000000001,1.2827495589170739,16.673332000533065
465.0,28.0,50.0,50.0,57.0,38.0,38.0,28.640462000000007,50.870055,50.264016,-0.6404620000000065,-0.8700550000000007,-0.26401599999999803,1.112156340055214,33.60059523282288
466.0,104.0,148.0,50.0,113.0,143.0,53.0,104.18112300000001,148.234708,50.196347,-0.1811230000000137,-0.2347080000000119,-0.19634700000000294,0.35559180362040366,10.723805294763608
467.0,50.0,151.0,50.0,57.0,135.0,47.0,50.419158999999986,150.924458,49.788645,-0.4191589999999863,0.07554200000001288,0.21135499999999752,0.47547008009967295,17.72004514666935
468.0,120.0,160.0,50.0,126.0,156.0,55.0,119.120227,159.07446600000003,49.825623,0.8797730000000001,0.9255339999999705,0.17437699999999978,1.2888060578744756,8.774964387392123
469.0,36.0,167.0,51.0,39.0,147.0,47.0,36.46848099999999,166.859234,50.141193,-0.46848099999998993,0.1407660000000135,0.8588069999999988,0.9883516466147018,20.615528128088304
470.0,37.0,13.0,52.0,74.0,5.0,38.0,37.154844000000004,13.610911000000002,51.972314,-0.1548440000000042,-0.6109110000000015,0.027686000000002764,0.6308370858256538,40.36087214122113
471.0,55.0,28.0,52.0,88.0,22.0,41.0,53.97412699999999,28.418304000000003,52.104925,1.0258730000000114,-0.4183040000000027,-0.10492500000000149,1.1128355243116683,35.298725189445584
472.0,111.0,149.0,52.0,120.0,145.0,55.0,111.24297599999997,149.01015800000002,51.356319,-0.24297599999997033,-0.010158000000018319,0.6436810000000008,0.6880884763611341,10.295630140987
473.0,120.0,24.0,53.0,158.0,31.0,49.0,121.012036,24.065700000000003,53.190053000000006,-1.0120359999999948,-0.0657000000000032,-0.19005300000000602,1.0318204776534492,38.84584919911006
474.0,115.0,88.0,53.0,138.0,89.0,53.0,115.52535800000001,87.834168,53.223945,-0.5253580000000113,0.16583199999999465,-0.2239450000000005,0.5946870129849906,23.021728866442675
475.0,32.0,100.0,53.0,49.0,83.0,44.0,31.580916999999992,99.028613,52.45909,0.41908300000000764,0.9713869999999929,0.5409099999999967,1.1881948042126718,25.67099530598687
476.0,88.0,154.0,54.0,95.0,145.0,56.0,88.38262900000001,154.12674500000003,54.378746,-0.38262900000000855,-0.12674500000002809,-0.3787459999999996,0.5530983449460081,11.575836902790225
477.0,25.0,77.0,55.0,47.0,61.0,44.0,25.011025000000004,76.881077,54.696542,-0.011025000000003615,0.11892299999999523,0.3034579999999991,0.3261149924765778,29.34280150224242
478.0,59.0,79.0,55.0,82.0,69.0,49.0,59.38412999999999,78.361772,55.871941,-0.38412999999999187,0.638227999999998,-0.8719409999999996,1.1468094629732484,25.787593916455254
479.0,48.0,136.0,56.0,57.0,120.0,52.0,47.698024,135.894993,56.01471,0.30197600000000335,0.10500700000000052,-0.014710000000000889,0.3200505565141266,18.788294228055936
480.0,25.0,109.0,57.0,39.0,91.0,49.0,24.623276999999987,109.594448,57.342219,0.3767230000000126,-0.5944479999999999,-0.34221900000000005,0.7825614911264221,24.166091947189145
481.0,113.0,21.0,58.0,150.0,26.0,53.0,112.99338500000002,20.832684,58.170573,0.006614999999982274,0.16731599999999958,-0.17057299999999742,0.23902625464579982,37.66961640367472
482.0,39.0,52.0,59.0,66.0,40.0,48.0,38.348661,51.796017000000006,58.959816000000004,0.6513390000000001,0.2039829999999938,0.040183999999996445,0.6837150803265915,31.52776554086889
483.0,140.0,64.0,59.0,168.0,71.0,60.0,139.915004,63.81133700000001,59.18598,0.08499599999998964,0.18866299999999114,-0.1859800000000007,0.2782204305671946,28.879058156387302
484.0,202.0,82.0,60.0,228.0,100.0,69.0,202.172181,82.04814000000002,60.173385,-0.1721809999999948,-0.048140000000017835,-0.17338500000000323,0.24905042578964012,32.87856444554719
485.0,202.0,81.0,61.0,228.0,99.0,70.0,202.058224,81.09236700000002,61.230174,-0.05822399999999561,-0.09236700000002429,-0.2301739999999981,0.2547582523511321,32.87856444554719
486.0,105.0,86.0,62.0,127.0,84.0,61.0,105.156036,85.48397600000001,62.301955,-0.15603600000000029,0.5160239999999874,-0.30195499999999953,0.6179035716816879,22.11334438749598
487.0,34.0,91.0,62.0,52.0,76.0,54.0,33.84213499999999,91.94038700000002,62.497162,0.15786500000000814,-0.9403870000000154,-0.497162000000003,1.0753692957482255,24.758836806279895
488.0,12.0,42.0,63.0,40.0,25.0,49.0,11.34282799999999,41.738596,63.477817,0.6571720000000099,0.26140399999999886,-0.4778170000000017,0.853531589508563,35.62302626111375
489.0,162.0,146.0,63.0,172.0,151.0,72.0,162.01378400000002,145.84001300000003,62.870368,-0.01378400000001534,0.15998699999997257,0.12963200000000086,0.2063741608074806,14.352700094407323
490.0,98.0,203.0,63.0,93.0,192.0,71.0,98.174722,203.747654,64.554225,-0.1747220000000027,-0.7476540000000114,-1.5542250000000024,1.733530972213945,14.491376746189438
491.0,221.0,220.0,65.0,216.0,231.0,86.0,221.05335999999997,219.93158300000002,65.18415,-0.05335999999996943,0.06841699999998241,-0.18415000000000248,0.20356669174743505,24.228082879171435
492.0,44.0,54.0,66.0,72.0,43.0,57.0,45.415434,54.283428,66.84600900000001,-1.4154339999999976,-0.2834280000000007,-0.8460090000000093,1.673175444363504,31.400636936215164
493.0,224.0,145.0,66.0,236.0,162.0,82.0,224.173553,144.88745500000002,66.18659,-0.1735529999999983,0.11254499999998302,-0.18658999999999537,0.27857287903526046,26.248809496813376
494.0,122.0,27.0,67.0,157.0,33.0,63.0,121.940337,27.287730000000003,66.560101,0.059663000000000466,-0.28773000000000337,0.43989899999999693,0.5290173500651933,35.73513677041127
495.0,106.0,85.0,70.0,127.0,83.0,70.0,105.85150300000001,85.08249900000001,71.05936,0.14849699999999189,-0.08249900000001276,-1.059359999999998,1.0728937755481647,21.095023109728988
496.0,170.0,147.0,70.0,179.0,153.0,80.0,169.682705,147.03118500000002,69.805802,0.31729500000000144,-0.031185000000022,0.1941980000000001,0.37331151127979206,14.730919862656235
497.0,62.0,38.0,71.0,92.0,31.0,62.0,61.708924,38.291303,71.141558,0.2910759999999968,-0.2913029999999992,-0.1415580000000034,0.4354553283047512,32.09361307176243
498.0,51.0,57.0,71.0,76.0,47.0,62.0,50.455707999999994,57.922535,70.95247,0.5442920000000058,-0.9225350000000034,0.04752999999999474,1.0721864149433213,28.39013913315678
499.0,176.0,140.0,71.0,187.0,148.0,82.0,176.157074,140.429323,71.54286400000001,-0.15707399999999438,-0.4293230000000108,-0.5428640000000087,0.7097124786144153,17.4928556845359
500.0,90.0,97.0,73.0,107.0,91.0,72.0,89.405719,97.459393,73.878698,0.5942809999999952,-0.4593930000000057,-0.878698,1.1559939492116729,18.05547008526779
501.0,112.0,28.0,74.0,146.0,29.0,68.0,111.48261599999998,25.754737000000002,72.65616800000001,0.5173840000000212,2.245262999999998,1.343831999999992,2.6673538548248508,34.539832078341085
502.0,17.0,153.0,76.0,19.0,127.0,71.0,16.224832999999997,152.058762,76.775161,0.7751670000000033,0.9412379999999985,-0.7751609999999971,1.4448831878231534,26.551836094703507
503.0,111.0,10.0,82.0,148.0,13.0,77.0,110.78798,9.573576000000003,82.66196500000001,0.21201999999999543,0.42642399999999725,-0.6619650000000092,0.8154676997901315,37.456641600656084
504.0,67.0,65.0,82.0,90.0,57.0,75.0,66.78082599999999,66.247378,81.370335,0.21917400000000953,-1.2473779999999977,0.6296650000000028,1.4143787079085297,25.337718918639855
505.0,215.0,138.0,82.0,227.0,153.0,96.0,215.387681,138.448961,81.252122,-0.3876809999999864,-0.44896099999999706,0.747878,0.9545596053500205,23.769728648009426
506.0,217.0,218.0,82.0,211.0,227.0,103.0,217.320541,218.018682,82.33677700000001,-0.3205409999999915,-0.018682000000012522,-0.3367770000000121,0.46531096863710747,23.62202362203543
507.0,100.0,99.0,84.0,117.0,94.0,84.0,100.44987,99.34709700000002,84.323046,-0.4498700000000042,-0.3470970000000193,-0.32304600000000505,0.653619202919422,17.72004514666935
508.0,36.0,37.0,87.0,65.0,24.0,76.0,36.82102399999999,37.536985,87.501758,-0.8210239999999871,-0.5369850000000014,-0.5017579999999953,1.1019048912519518,33.63034344160047
509.0,51.0,63.0,87.0,74.0,50.0,79.0,50.984216999999994,62.579378000000005,87.198431,0.015783000000006098,0.4206219999999945,-0.19843099999999936,0.46534592695541593,27.60434748368452
510.0,218.0,230.0,87.0,209.0,238.0,108.0,218.355994,230.04456100000002,86.27811799999999,-0.3559940000000097,-0.04456100000001584,0.7218820000000079,0.8061209789361766,24.20743687382041
511.0,154.0,221.0,92.0,144.0,216.0,107.0,153.821881,220.54693400000002,92.743815,0.17811900000000946,0.45306599999997843,-0.7438149999999979,0.8889634034885692,18.708286933869708
512.0,181.0,93.0,93.0,201.0,103.0,101.0,181.256835,92.79158799999999,92.917851,-0.25683499999999526,0.2084120000000098,0.08214900000000114,0.3408052774972856,23.748684174075834
513.0,90.0,239.0,93.0,74.0,221.0,102.0,90.09939599999998,239.45823900000002,93.22745,-0.0993959999999845,-0.45823900000002027,-0.2274500000000046,0.5211487776412965,25.709920264364882
514.0,204.0,143.0,94.0,213.0,154.0,107.0,203.85732,143.062666,92.89977300000001,0.1426800000000128,-0.06266600000000722,1.1002269999999896,1.1112083789663312,19.261360284258224
515.0,200.0,215.0,94.0,194.0,219.0,112.0,200.896226,213.873949,93.154364,-0.8962260000000128,1.1260509999999897,0.8456359999999989,1.6692250124452959,19.390719429665317
516.0,185.0,68.0,98.0,210.0,81.0,105.0,185.19472600000003,68.700388,98.099277,-0.19472600000003126,-0.7003880000000038,-0.09927700000000073,0.7337012255332669,29.03446228191595
517.0,175.0,95.0,98.0,193.0,103.0,106.0,174.41503699999998,94.75315900000001,98.389888,0.5849630000000161,0.2468409999999892,-0.3898879999999991,0.7450670058417651,21.2602916254693
518.0,183.0,70.0,100.0,208.0,81.0,107.0,183.56016,69.24274600000001,100.18921900000001,-0.5601599999999962,0.757253999999989,-0.18921900000000846,0.9607375687860772,28.19574435974337
519.0,177.0,126.0,100.0,189.0,132.0,110.0,177.38482,125.56461500000003,99.837624,-0.3848199999999906,0.43538499999996816,0.16237599999999475,0.6033344810310143,16.73320053068151
520.0,162.0,141.0,100.0,169.0,143.0,109.0,161.280907,140.808828,99.486595,0.7190929999999867,0.19117199999999457,0.5134050000000059,0.9040056251251896,11.575836902790225
521.0,226.0,160.0,101.0,231.0,173.0,119.0,225.691319,159.73619399999998,101.177577,0.3086810000000071,0.26380600000001664,-0.17757699999999943,0.44318298289308555,22.759613353482084
522.0,182.0,71.0,102.0,206.0,82.0,109.0,182.14072900000002,70.81016400000001,102.184949,-0.14072900000002164,0.18983599999998546,-0.18494900000000314,0.30008080734695736,27.313000567495326
523.0,114.0,106.0,103.0,128.0,101.0,105.0,114.18362400000001,105.75673200000003,102.971345,-0.1836240000000089,0.24326799999997206,0.02865500000000054,0.3061342878950179,15.0
524.0,120.0,102.0,104.0,134.0,98.0,106.0,119.15016299999999,101.53948700000001,103.722194,0.849837000000008,0.46051299999999173,0.2778059999999982,1.0057193064538459,14.696938456699069
525.0,201.0,149.0,106.0,208.0,158.0,121.0,201.542047,149.142384,106.410973,-0.5420469999999966,-0.14238399999999274,-0.4109729999999985,0.6949726328381521,18.841443681416774
526.0,118.0,211.0,106.0,108.0,199.0,116.0,118.010592,211.01260900000003,105.974796,-0.0105920000000026,-0.012609000000026072,0.025204000000002225,0.030106792605669983,18.547236990991408
527.0,202.0,151.0,108.0,208.0,160.0,123.0,202.174673,151.33107800000002,108.147703,-0.17467300000001273,-0.3310780000000193,-0.14770300000000702,0.40241704141601575,18.49324200890693
528.0,165.0,81.0,109.0,186.0,88.0,115.0,165.669387,81.41408600000001,109.043019,-0.6693870000000004,-0.4140860000000117,-0.04301900000000103,0.788287260791401,22.93468988235943
529.0,169.0,57.0,110.0,195.0,68.0,115.0,169.632836,59.09585800000001,110.185713,-0.6328359999999975,-2.095858000000007,-0.1857130000000069,2.1971780713972704,28.6705423736629
530.0,153.0,82.0,110.0,173.0,86.0,115.0,153.299124,81.988562,110.302565,-0.29912400000000616,0.011437999999998283,-0.3025650000000013,0.4256190484987772,21.0
531.0,104.0,201.0,112.0,96.0,186.0,120.0,104.597017,200.386681,112.038588,-0.5970169999999939,0.61331899999999,-0.038588000000004286,0.8567838279250961,18.788294228055936
532.0,47.0,61.0,116.0,67.0,45.0,108.0,46.41347699999999,60.876645,116.160982,0.5865230000000068,0.12335499999999655,-0.16098200000000418,0.6205972042138189,26.832815729997478
533.0,188.0,101.0,116.0,204.0,112.0,126.0,188.477883,103.14362700000001,115.887186,-0.4778829999999914,-2.1436270000000093,0.11281400000000019,2.1991443507450876,21.840329667841555
534.0,208.0,206.0,116.0,201.0,212.0,136.0,208.24778,206.94817300000003,116.338938,-0.24778000000000588,-0.9481730000000255,-0.33893799999999885,1.036969591730177,22.02271554554524
535.0,169.0,31.0,118.0,200.0,41.0,121.0,169.023564,30.825500000000005,118.092929,-0.023563999999993257,0.17449999999999477,-0.09292899999999804,0.19910125850179222,32.71085446759225
536.0,165.0,40.0,118.0,194.0,49.0,121.0,165.233878,40.237332,117.833597,-0.23387800000000425,-0.2373320000000021,0.16640300000000252,0.37244510403145836,30.512292604784715
537.0,79.0,50.0,118.0,102.0,41.0,114.0,78.30614,50.125907000000005,119.429502,0.6938600000000008,-0.1259070000000051,-1.4295019999999994,1.593979372593322,25.019992006393608
538.0,43.0,28.0,120.0,70.0,13.0,109.0,42.385718000000004,27.538336,119.891161,0.6142819999999958,0.46166399999999896,0.10883900000000324,0.7760940357591949,32.78719262151
539.0,200.0,181.0,121.0,199.0,186.0,138.0,201.01970400000002,180.83897100000002,120.878392,-1.0197040000000186,0.161028999999985,0.12160799999999483,1.0394782788115544,17.74823934929885
540.0,33.0,44.0,122.0,57.0,26.0,111.0,33.444836,43.627286,121.662681,-0.44483600000000223,0.372714000000002,0.3373189999999937,0.6712517414897329,31.953090617340916
541.0,189.0,124.0,123.0,199.0,131.0,135.0,188.883745,124.25281000000001,123.172321,0.11625499999999533,-0.25281000000001086,-0.17232099999999662,0.3272959641761615,17.11724276862369
542.0,187.0,167.0,124.0,187.0,170.0,139.0,186.65718999999999,166.930002,124.337089,0.34281000000001427,0.06999799999999823,-0.33708900000000597,0.48584710560526506,15.297058540778355
543.0,185.0,176.0,124.0,183.0,178.0,139.0,184.70442599999998,175.93805,123.912969,0.2955740000000162,0.06194999999999595,0.08703099999999608,0.31428679090443556,15.264337522473747
544.0,184.0,177.0,124.0,182.0,179.0,139.0,184.00109999999998,177.165002,123.901151,-0.0010999999999796728,-0.165001999999987,0.0988490000000013,0.1923486282898735,15.264337522473747
545.0,145.0,207.0,124.0,135.0,199.0,137.0,144.93377700000002,207.01655200000002,123.964275,0.06622299999997949,-0.016552000000018552,0.03572499999999934,0.07704368928080906,18.24828759089466
546.0,183.0,159.0,125.0,184.0,161.0,139.0,181.965592,158.310138,125.432179,1.0344080000000133,0.6898620000000051,-0.432179000000005,1.316316138907762,14.177446878757825
547.0,175.0,153.0,126.0,178.0,155.0,138.0,175.062838,153.30184300000002,125.529238,-0.06283799999999928,-0.3018430000000194,0.47076199999999346,0.5627385463401325,12.529964086141668
548.0,212.0,209.0,126.0,203.0,213.0,147.0,211.412795,208.33160600000002,126.668285,0.5872050000000115,0.668393999999978,-0.6682849999999974,1.1127286697510677,23.194827009486403
549.0,116.0,76.0,127.0,134.0,71.0,126.0,115.36507799999998,75.248607,125.517458,0.6349220000000173,0.7513929999999931,1.4825419999999951,1.779226845654313,18.708286933869708
550.0,141.0,128.0,127.0,148.0,125.0,133.0,140.549068,128.260368,126.014533,0.45093199999999456,-0.2603679999999997,0.9854669999999999,1.114574525160608,9.695359714832659
551.0,171.0,187.0,127.0,166.0,185.0,141.0,170.79889,186.684208,126.579337,0.2011099999999999,0.31579199999998764,0.42066300000000467,0.5631404611045064,15.0
552.0,105.0,100.0,128.0,117.0,92.0,129.0,104.57261,100.41489200000001,127.82743500000001,0.4273900000000026,-0.4148920000000089,0.17256499999999164,0.620142131280408,14.45683229480096
553.0,115.0,105.0,129.0,127.0,98.0,132.0,115.351564,104.75419300000001,129.325954,-0.3515639999999962,0.245806999999985,-0.32595399999999586,0.538761855981831,14.212670403551895
554.0,225.0,164.0,129.0,227.0,174.0,148.0,225.166772,163.578145,129.327674,-0.1667720000000088,0.42185499999999365,-0.3276740000000018,0.5595934160486511,21.563858652847824
555.0,123.0,191.0,129.0,117.0,181.0,139.0,124.731405,192.338102,129.06833699999999,-1.7314049999999952,-1.3381019999999921,-0.06833699999998544,2.1892807453586123,15.362291495737216
556.0,42.0,76.0,131.0,58.0,57.0,124.0,42.347795999999995,76.102985,131.173216,-0.34779599999999533,-0.10298500000000388,-0.17321599999999648,0.40195988667651444,25.80697580112788
557.0,53.0,77.0,131.0,69.0,60.0,125.0,53.197449999999996,77.02664,130.946823,-0.19744999999999635,-0.02664000000000044,0.05317700000000514,0.20621344628563656,24.1039415863879
558.0,60.0,231.0,132.0,41.0,202.0,138.0,59.345026,229.13886700000003,132.389252,0.6549740000000028,1.8611329999999668,-0.38925199999999904,2.0110504975929566,35.185224171518364
559.0,74.0,56.0,133.0,95.0,44.0,128.0,73.93880999999999,55.584349,133.199702,0.061190000000010514,0.4156509999999969,-0.19970200000000204,0.4651783085065333,24.698178070456937
560.0,218.0,127.0,136.0,227.0,138.0,151.0,217.72544599999998,126.883846,135.607037,0.2745540000000233,0.11615399999999454,0.39296300000000883,0.49324595284808825,20.663978319771825
561.0,71.0,27.0,141.0,97.0,16.0,133.0,70.25784200000001,26.825319999999998,140.485735,0.7421579999999892,0.17468000000000217,0.5142649999999946,0.9196630304567968,29.34280150224242
562.0,86.0,65.0,141.0,105.0,54.0,138.0,86.28655,64.508899,141.059412,-0.2865500000000054,0.49110100000000045,-0.0594120000000089,0.5716824996840507,22.15851980616034
563.0,230.0,196.0,142.0,224.0,204.0,164.0,230.48428700000002,196.044213,142.14972799999998,-0.4842870000000232,-0.04421300000001338,-0.14972799999998188,0.5088292068287926,24.166091947189145
564.0,75.0,44.0,143.0,97.0,32.0,137.0,74.104714,43.503428,142.828651,0.8952859999999987,0.49657200000000046,0.1713489999999922,1.0380179443444104,25.768197453450252
565.0,81.0,31.0,144.0,106.0,22.0,138.0,80.32069099999998,31.505087000000003,143.991802,0.6793090000000177,-0.5050870000000032,0.008197999999993044,0.8465463969883914,27.23967694375247
566.0,18.0,128.0,144.0,20.0,99.0,139.0,17.99961799999999,127.866706,144.78593899999998,0.00038200000000898626,0.13329400000000646,-0.7859389999999848,0.797162184301901,29.49576240750525
567.0,191.0,197.0,144.0,183.0,197.0,161.0,191.017907,196.938504,143.299635,-0.01790700000000811,0.061496000000005324,0.700365000000005,0.703287673637188,18.788294228055936
568.0,82.0,30.0,145.0,108.0,21.0,139.0,82.043656,30.14553,144.883803,-0.043655999999998585,-0.14553000000000083,0.11619699999999966,0.1912761617269649,28.160255680657446
569.0,91.0,162.0,145.0,88.0,145.0,149.0,91.362956,161.98368000000002,144.475165,-0.36295599999999695,0.016319999999979018,0.5248349999999959,0.6383221581309808,17.72004514666935
570.0,204.0,112.0,146.0,216.0,121.0,159.0,204.774504,112.232934,145.81559099999998,-0.7745040000000074,-0.2329340000000002,0.18440900000001648,0.8295308153727731,19.849433241279208
571.0,56.0,213.0,146.0,40.0,185.0,151.0,56.084584,212.81547,146.586751,-0.08458399999999955,0.1845299999999952,-0.5867509999999925,0.6208723781559213,32.63433774416144
572.0,52.0,33.0,147.0,76.0,18.0,138.0,51.906320999999984,33.461607,146.84046999999998,0.09367900000001583,-0.46160700000000077,0.15953000000001794,0.49729930463455246,29.698484809834994
573.0,48.0,30.0,148.0,73.0,14.0,139.0,48.39157599999999,30.03633,148.427077,-0.3915759999999935,-0.03632999999999953,-0.42707699999999704,0.580556971024371,31.016124838541646
574.0,144.0,59.0,148.0,165.0,60.0,150.0,143.899156,59.37718300000001,147.101424,0.10084399999999505,-0.37718300000000937,0.8985759999999914,0.9797322877199621,21.118712081942874
575.0,125.0,74.0,149.0,142.0,70.0,151.0,125.02708099999998,74.340586,149.016943,-0.02708099999998126,-0.34058600000000183,-0.01694299999999771,0.34208079338951514,17.578395831246947
576.0,218.0,115.0,149.0,229.0,126.0,164.0,218.29606199999998,115.080073,149.086294,-0.29606199999997784,-0.08007299999999873,-0.08629400000000942,0.3186079842204026,21.61018278497431
577.0,85.0,110.0,150.0,93.0,95.0,150.0,85.299689,109.79050700000002,149.73637200000002,-0.29968900000000076,0.2094929999999806,0.2636279999999829,0.45077770148265245,17.0
578.0,194.0,113.0,150.0,204.0,119.0,163.0,193.727414,112.882666,150.843051,0.2725859999999898,0.1173339999999996,-0.8430510000000027,0.8937591306123808,17.46424919657298
579.0,59.0,120.0,150.0,64.0,99.0,148.0,59.322504,119.60704100000001,149.82379600000002,-0.3225040000000021,0.3929589999999905,0.17620399999998426,0.538027374129782,21.6794833886788
580.0,11.0,97.0,151.0,18.0,68.0,142.0,9.797044999999997,96.701491,150.75903,1.2029550000000029,0.2985089999999957,0.24097000000000435,1.2626459899773992,31.160872901765767
581.0,81.0,118.0,151.0,86.0,102.0,152.0,80.57876300000001,118.51774499999999,151.5788,0.42123699999999076,-0.5177449999999908,-0.5788000000000011,0.8834647334183656,16.792855623746664
582.0,192.0,195.0,152.0,184.0,195.0,170.0,192.41670000000002,195.31007499999998,152.068858,-0.41670000000002005,-0.31007499999998345,-0.06885800000000586,0.523953070216224,19.697715603592208
583.0,62.0,215.0,153.0,45.0,187.0,159.0,61.916582999999996,214.41042600000003,153.686973,0.0834170000000043,0.5895739999999705,-0.6869729999999947,0.9091137443103359,33.301651610693426
584.0,176.0,47.0,154.0,200.0,54.0,159.0,175.66508299999998,46.784186000000005,153.446099,0.33491700000001856,0.21581399999999462,0.5539009999999962,0.6823132691704052,25.495097567963924
585.0,101.0,68.0,154.0,118.0,59.0,153.0,100.81988799999999,68.04890800000001,153.955885,0.18011200000000827,-0.0489080000000115,0.04411500000000501,0.19177710560180156,19.261360284258224
586.0,119.0,96.0,155.0,130.0,88.0,157.0,118.48504700000001,95.63009199999999,154.085317,0.5149529999999913,0.36990800000000945,0.9146829999999966,1.112948117012645,13.74772708486752
587.0,66.0,113.0,156.0,72.0,94.0,155.0,66.302763,113.35161400000001,156.373743,-0.3027629999999988,-0.3516140000000121,-0.3737429999999904,0.5958033813381731,19.949937343260004
588.0,183.0,116.0,157.0,193.0,120.0,168.0,184.345368,116.474973,156.468058,-1.3453680000000077,-0.47497300000000564,0.5319419999999866,1.5226873275617065,15.394804318340652
589.0,203.0,107.0,158.0,216.0,114.0,172.0,204.58387299999998,105.958245,158.988576,-1.5838729999999828,1.0417549999999949,-0.9885759999999948,2.1380340661294253,20.346989949375804
590.0,85.0,160.0,159.0,80.0,140.0,163.0,84.35608499999998,159.443534,159.081455,0.6439150000000211,0.5564660000000003,-0.08145500000000538,0.8549361691997996,21.0
591.0,184.0,32.0,162.0,212.0,41.0,168.0,184.800462,31.659285000000008,162.34532000000002,-0.8004620000000102,0.34071499999999233,-0.34532000000001517,0.9359871938595216,30.01666203960727
592.0,105.0,91.0,163.0,116.0,80.0,164.0,104.61375900000002,90.741109,162.730568,0.38624099999998407,0.25889100000000553,0.2694319999999948,0.5374013980126845,15.588457268119896
593.0,155.0,186.0,163.0,146.0,178.0,177.0,154.56613299999998,186.04096,163.53947300000002,0.43386700000002065,-0.04096000000001254,-0.5394730000000152,0.6935051643773357,18.466185312619388
594.0,199.0,103.0,164.0,211.0,109.0,177.0,199.42178299999998,102.18884000000003,164.684491,-0.4217829999999765,0.8111599999999726,-0.6844910000000084,1.1421074265453084,18.681541692269406
595.0,212.0,57.0,165.0,233.0,72.0,178.0,211.769108,59.889283000000006,167.320244,0.23089200000001142,-2.889283000000006,-2.3202440000000024,3.7127886540024133,28.89636655359978
596.0,131.0,31.0,166.0,157.0,29.0,166.0,131.501131,30.324051000000004,166.08238,-0.5011309999999867,0.6759489999999957,-0.08238000000000056,0.8454737099176892,26.076809620810597
597.0,211.0,57.0,166.0,233.0,69.0,176.0,210.921347,56.675529000000004,165.677726,0.07865300000000275,0.3244709999999955,0.32227399999999307,0.4640347565926426,26.981475126464083
598.0,154.0,188.0,166.0,144.0,180.0,180.0,153.463015,188.70272500000002,166.403568,0.5369849999999872,-0.7027250000000151,-0.40356800000000703,0.9721329366264746,18.973665961010276
599.0,146.0,193.0,167.0,135.0,182.0,180.0,145.627136,192.56987300000003,166.95669,0.37286399999999276,0.4301269999999704,0.04330999999999108,0.5708875149492835,20.273134932713294
600.0,143.0,31.0,169.0,168.0,32.0,170.0,142.65431900000002,31.455567000000002,168.743718,0.3456809999999848,-0.45556700000000205,0.2562819999999988,0.6266714520177146,25.03996805109783
601.0,68.0,111.0,171.0,73.0,91.0,170.0,68.093489,111.11384700000002,171.01264,-0.09348900000000526,-0.11384700000002113,-0.012640000000004648,0.14785500373678906,20.639767440550294
602.0,79.0,110.0,172.0,85.0,92.0,172.0,79.532512,109.85477700000001,171.854854,-0.532511999999997,0.14522299999998722,0.1451460000000111,0.5707241988815581,18.973665961010276
603.0,145.0,190.0,172.0,134.0,179.0,185.0,144.56916,190.04302,172.134605,0.43083999999998923,-0.043020000000012715,-0.13460499999999342,0.4534229063743803,20.273134932713294
604.0,60.0,224.0,173.0,39.0,193.0,179.0,59.72018699999999,223.157878,172.867605,0.2798130000000114,0.8421219999999892,0.13239500000000248,0.8972141404804033,37.92097045171708
605.0,74.0,39.0,174.0,95.0,25.0,168.0,73.89836500000001,38.879689,173.49281,0.10163499999998749,0.12031100000000094,0.5071900000000085,0.5310801314735906,25.942243542145693
606.0,86.0,56.0,174.0,104.0,44.0,171.0,86.555613,56.74666200000001,173.848967,-0.5556129999999939,-0.7466620000000077,0.1510330000000124,0.942879056455285,21.840329667841555
607.0,88.0,59.0,174.0,105.0,46.0,171.0,87.90434400000001,58.59489000000001,173.578149,0.09565599999999108,0.4051099999999934,0.42185100000000375,0.5926402354185852,21.61018278497431
608.0,106.0,167.0,175.0,99.0,150.0,182.0,105.88057600000002,167.17463899999998,174.862812,0.11942399999998088,-0.1746389999999849,0.13718800000000897,0.2521535632129608,19.672315572906
609.0,154.0,114.0,177.0,161.0,111.0,185.0,154.738427,114.887856,176.316383,-0.7384270000000015,-0.8878559999999993,0.6836169999999981,1.3419742597211015,11.045361017187261
610.0,80.0,37.0,179.0,100.0,25.0,174.0,79.09773799999999,38.285951,178.856302,0.9022620000000074,-1.2859509999999972,0.14369800000000055,1.5774649936683243,23.853720883753127
611.0,136.0,38.0,179.0,159.0,35.0,178.0,135.84299900000002,36.90207100000001,176.903244,0.15700099999997974,1.0979289999999935,2.096755999999999,2.3720208950550954,23.2163735324878
612.0,85.0,100.0,179.0,92.0,83.0,179.0,84.73376999999999,99.70100200000002,178.864043,0.2662300000000073,0.2989979999999832,0.13595699999999056,0.42280317259097205,18.384776310850235
613.0,86.0,150.0,179.0,82.0,130.0,183.0,86.06521699999999,150.17489,179.110327,-0.06521699999998987,-0.17489000000000487,-0.11032700000001228,0.2168220840182178,20.784609690826528
614.0,34.0,171.0,179.0,23.0,139.0,179.0,33.407520999999996,171.03491000000002,179.273357,0.5924790000000044,-0.034910000000024866,-0.2733570000000043,0.6534325695815976,33.83784863137726
615.0,156.0,187.0,179.0,146.0,178.0,193.0,156.184981,187.149552,178.940705,-0.1849809999999934,-0.1495519999999999,0.05929499999999166,0.24515233649711873,19.4164878389476
616.0,152.0,112.0,180.0,159.0,108.0,188.0,152.55963400000002,112.42432099999999,179.651538,-0.5596340000000168,-0.42432099999999195,0.34846200000001204,0.7840052872532305,11.357816691600547
617.0,159.0,189.0,181.0,149.0,180.0,196.0,159.67416799999998,188.801857,181.39283,-0.6741679999999803,0.19814299999998752,-0.39283000000000357,0.8050332599172356,20.149441679609886
618.0,201.0,56.0,182.0,222.0,66.0,191.0,201.690541,56.86046600000001,181.305351,-0.6905409999999961,-0.8604660000000095,0.6946489999999983,1.3037583530079524,24.939927826679853
619.0,17.0,61.0,183.0,30.0,33.0,173.0,16.425369999999994,60.549584,182.907609,0.5746300000000062,0.45041599999999704,0.09239099999999212,0.7359417822334883,32.449961479175904
620.0,107.0,67.0,185.0,122.0,56.0,185.0,107.08602300000001,66.38334400000001,184.711409,-0.0860230000000115,0.6166559999999919,0.2885909999999967,0.6862574911401623,18.601075237738275
621.0,64.0,171.0,185.0,54.0,144.0,188.0,63.866088999999995,170.52514100000002,184.91127600000002,0.13391100000000478,0.4748589999999808,0.08872399999998493,0.5012935008335739,28.948229652260256
622.0,191.0,108.0,186.0,199.0,111.0,198.0,190.955259,108.116691,185.698912,0.04474099999998771,-0.11669100000000299,0.3010879999999929,0.32599467833999274,14.730919862656235
623.0,198.0,59.0,187.0,217.0,67.0,197.0,197.920439,59.310708000000005,187.398571,0.07956100000001243,-0.3107080000000053,-0.398571000000004,0.5115938389249899,22.9128784747792
624.0,67.0,168.0,188.0,57.0,142.0,191.0,66.49473599999999,168.077206,187.740249,0.505264000000011,-0.07720599999998967,0.2597509999999943,0.5733437521531098,28.0178514522438
625.0,45.0,201.0,188.0,28.0,168.0,191.0,45.452876999999994,200.583634,187.680163,-0.45287699999999376,0.41636600000001067,0.3198370000000068,0.6933642114026419,37.242448899072144
626.0,161.0,159.0,189.0,156.0,152.0,202.0,160.68668300000002,159.102655,189.22947,0.31331699999998364,-0.10265499999999861,-0.22946999999999207,0.40169898234123746,15.588457268119896
627.0,39.0,71.0,190.0,51.0,48.0,184.0,40.05303399999999,72.44790900000001,190.35250200000002,-1.0530339999999896,-1.4479090000000099,-0.3525020000000154,1.824713330208616,26.627053911388696
628.0,104.0,232.0,190.0,81.0,208.0,202.0,103.84966800000001,231.647915,190.133148,0.1503319999999917,0.3520849999999882,-0.1331480000000056,0.4053294306523901,35.34119409414458
629.0,158.0,207.0,191.0,142.0,196.0,207.0,157.800059,207.378218,191.050543,0.19994099999999548,-0.37821800000000394,-0.05054300000000467,0.4307898024025193,25.15949125081825
630.0,190.0,87.0,193.0,202.0,91.0,204.0,190.01501,87.42553699999999,193.111432,-0.015009999999989532,-0.4255369999999914,-0.11143200000000775,0.44014103318481235,16.76305461424021
631.0,224.0,157.0,193.0,221.0,162.0,212.0,223.54977799999998,156.923145,192.55751,0.450222000000025,0.07685499999999479,0.4424899999999923,0.6359276219893384,19.87460691435179
632.0,231.0,224.0,193.0,213.0,225.0,217.0,230.26148500000002,223.46349600000002,192.094191,0.7385149999999783,0.5365039999999794,0.905809000000005,1.2859746854903307,30.01666203960727
633.0,189.0,87.0,194.0,201.0,90.0,205.0,188.98259199999998,86.67165600000001,194.250615,0.01740800000001741,0.3283439999999871,-0.25061500000001047,0.41342556648687967,16.55294535724685
634.0,116.0,219.0,194.0,98.0,197.0,207.0,117.60291000000001,217.286526,194.581667,-1.6029100000000085,1.7134739999999908,-0.5816670000000101,2.4173642910544135,31.25699921617557
635.0,228.0,220.0,195.0,212.0,221.0,219.0,228.68483999999998,219.70372200000003,194.478587,-0.6848399999999799,0.2962779999999725,0.5214129999999955,0.9103065392783639,28.861739379323623
636.0,176.0,106.0,196.0,183.0,105.0,207.0,175.87967500000002,105.820186,196.245681,0.12032499999997981,0.17981399999999326,-0.2456809999999905,0.32736880422848486,13.076696830622021
637.0,85.0,109.0,197.0,89.0,90.0,199.0,85.507892,108.867838,197.703281,-0.5078919999999982,0.1321619999999939,-0.703281000000004,0.8775108220808461,19.519221295943137
638.0,154.0,132.0,197.0,155.0,125.0,207.0,154.46546700000002,131.974362,196.668473,-0.46546700000001806,0.025637999999986505,0.33152699999999413,0.572037574694191,12.24744871391589
639.0,99.0,165.0,198.0,90.0,145.0,205.0,98.865846,165.459968,198.214689,0.13415399999999522,-0.4599680000000035,-0.2146889999999928,0.5250325927606769,23.021728866442675
640.0,215.0,211.0,198.0,199.0,210.0,221.0,214.58071800000002,211.191232,198.51119500000001,0.4192819999999813,-0.1912320000000136,-0.5111950000000149,0.6882495197041584,28.035691537752374
641.0,124.0,92.0,199.0,133.0,81.0,203.0,124.38867299999998,91.03619800000001,198.776161,-0.38867299999998295,0.963801999999987,0.22383899999999812,1.063054511327599,14.7648230602334
642.0,55.0,197.0,199.0,37.0,165.0,203.0,54.287757000000006,196.52287,198.772177,0.7122429999999937,0.4771299999999883,0.22782300000000077,0.8870436557903902,36.932370625238775
643.0,136.0,22.0,200.0,161.0,18.0,201.0,136.34972000000002,20.665868,200.479331,-0.3497200000000191,1.3341320000000003,-0.47933100000000195,1.460126870989304,25.337718918639855
644.0,170.0,104.0,201.0,177.0,102.0,211.0,170.128216,104.233506,200.872989,-0.128216000000009,-0.23350600000000554,0.1270110000000102,0.2951206343395993,12.36931687685298
645.0,98.0,167.0,201.0,88.0,146.0,208.0,97.547593,167.096673,201.172996,0.4524069999999938,-0.09667300000000978,-0.17299600000001192,0.4939082694124491,24.289915602982237
646.0,200.0,197.0,201.0,187.0,194.0,221.0,200.117026,197.21297600000003,201.007315,-0.11702600000000984,-0.21297600000002603,-0.0073150000000055115,0.24312007419588674,24.041630560342615
647.0,134.0,20.0,203.0,159.0,17.0,203.0,134.500019,20.183166,202.663485,-0.5000190000000089,-0.18316599999999994,0.33651499999999146,0.6299294636243038,25.179356624028344
648.0,131.0,62.0,203.0,146.0,56.0,206.0,131.253825,62.992963,202.94807,-0.2538250000000062,-0.9929630000000031,0.0519299999999987,1.0262063023067092,16.431676725154983
649.0,97.0,168.0,203.0,87.0,147.0,211.0,97.14780099999999,168.531486,204.048909,-0.14780099999998697,-0.531486000000001,-1.048909000000009,1.1851297794241844,24.596747752497688
650.0,236.0,177.0,203.0,229.0,182.0,226.0,236.616658,176.77922700000002,203.490196,-0.616658000000001,0.2207729999999799,-0.4901959999999974,0.8181075264957474,24.55605831561735
651.0,190.0,62.0,204.0,207.0,66.0,213.0,190.139542,61.413160000000005,203.71795500000002,-0.13954200000000583,0.5868399999999951,0.28204499999998234,0.6658847778624962,19.6468827043885
652.0,177.0,97.0,204.0,185.0,97.0,215.0,176.804941,97.770218,204.535205,0.19505899999998633,-0.7702179999999998,-0.5352049999999906,0.9579813009813837,13.601470508735444
653.0,139.0,18.0,205.0,165.0,15.0,206.0,139.884049,17.129555000000003,205.245276,-0.8840490000000045,0.8704449999999966,-0.24527599999998984,1.2646649550778248,26.19160170741759
654.0,191.0,62.0,205.0,208.0,66.0,214.0,191.15918100000002,61.28055500000001,204.598138,-0.159181000000018,0.7194449999999932,0.40186199999999417,0.8393049301832983,19.6468827043885
655.0,120.0,137.0,206.0,118.0,122.0,213.0,120.444073,136.78490800000003,205.775149,-0.44407300000000305,0.21509199999997008,0.22485100000000102,0.5422392184211599,16.673332000533065
656.0,73.0,219.0,208.0,51.0,189.0,216.0,73.624765,219.198553,207.871074,-0.6247649999999965,-0.19855300000000398,0.12892600000000698,0.6681141463178272,38.05259518088089
657.0,82.0,95.0,209.0,88.0,76.0,209.0,82.58932100000001,95.41176000000002,208.730413,-0.5893210000000124,-0.4117600000000152,0.26958700000000135,0.7678038090619425,19.924858845171276
658.0,222.0,161.0,209.0,217.0,164.0,229.0,222.02623000000003,160.95871200000002,209.062471,-0.02623000000002662,0.04128799999998023,-0.06247099999998795,0.07934316407226434,20.83266665599966
659.0,212.0,228.0,209.0,191.0,224.0,233.0,211.459056,227.988652,209.40230300000002,0.5409439999999961,0.011347999999998137,-0.4023030000000176,0.6742380084577032,32.14031735997639
660.0,199.0,51.0,212.0,218.0,58.0,223.0,199.533313,51.684738,213.191087,-0.5333129999999926,-0.684738000000003,-1.1910870000000102,1.4737629138304507,23.043437243605826
661.0,210.0,99.0,212.0,218.0,105.0,227.0,210.04937,100.13970600000002,212.613431,-0.04937000000001035,-1.139706000000018,-0.6134309999999914,1.2952469861370193,18.027756377319946
662.0,77.0,92.0,213.0,83.0,72.0,212.0,77.44001,92.528841,212.406962,-0.4400100000000009,-0.5288409999999999,0.5930380000000071,0.9082817144614379,20.904544960366874
663.0,218.0,113.0,213.0,224.0,119.0,229.0,218.774382,113.417768,212.725253,-0.7743820000000028,-0.41776799999999525,0.27474699999999075,0.9217827823066536,18.110770276274835
664.0,85.0,188.0,213.0,69.0,162.0,220.0,84.75313,188.165025,212.782014,0.24687000000000126,-0.1650250000000142,0.21798599999999624,0.3683693034456097,31.32091952673165
665.0,116.0,194.0,213.0,100.0,173.0,224.0,115.99661799999998,193.459181,213.041776,0.0033820000000162054,0.540818999999999,-0.0417759999999987,0.5424406537686856,28.600699292150182
666.0,183.0,163.0,214.0,176.0,158.0,230.0,183.179697,163.155211,213.96847400000001,-0.17969700000000444,-0.15521100000000843,0.03152599999998529,0.2395315323835325,18.16590212458495
667.0,61.0,176.0,214.0,47.0,145.0,219.0,60.788515,175.111342,215.233709,0.21148500000000325,0.8886579999999924,-1.2337090000000046,1.5350820313162419,34.38022687534217
668.0,117.0,196.0,215.0,100.0,175.0,226.0,116.629244,195.647875,214.778506,0.3707560000000001,0.3521250000000009,0.22149400000000696,0.5572356944749715,29.171904291629644
669.0,201.0,58.0,216.0,218.0,64.0,227.0,201.228835,58.112246000000006,216.476123,-0.22883500000000367,-0.11224600000000606,-0.4761230000000012,0.5400534537154671,21.118712081942874
670.0,180.0,165.0,218.0,172.0,159.0,234.0,180.12570000000002,165.264987,218.054146,-0.12570000000002324,-0.26498699999999076,-0.054146000000002914,0.2982455188012072,18.867962264113206
671.0,122.0,43.0,219.0,140.0,34.0,221.0,122.52775900000003,42.6923,219.953753,-0.5277590000000316,0.307699999999997,-0.9537530000000061,1.1326312891184154,20.223748416156685
672.0,170.0,139.0,219.0,167.0,133.0,232.0,169.737529,139.48431300000001,218.990474,0.262471000000005,-0.4843130000000144,0.009525999999993928,0.5509454169752358,14.628738838327793
673.0,84.0,75.0,224.0,92.0,56.0,223.0,83.376957,75.07301000000001,223.761155,0.6230429999999956,-0.07301000000001068,0.23884499999999775,0.6712376434423168,20.639767440550294
674.0,158.0,155.0,224.0,149.0,142.0,237.0,155.647336,152.690344,224.438543,2.3526640000000043,2.3096559999999897,-0.4385430000000099,3.325937266107252,20.46948949045872
675.0,112.0,147.0,228.0,106.0,128.0,236.0,113.040445,146.951573,228.337876,-1.0404450000000054,0.04842700000000377,-0.3378759999999943,1.095002814484971,21.470910553583888
676.0,116.0,48.0,229.0,131.0,37.0,230.0,115.81761699999998,48.20809100000001,229.07585600000002,0.18238300000001573,-0.20809100000001024,-0.07585600000001591,0.28691384718415464,18.627936010197157
677.0,70.0,73.0,233.0,78.0,51.0,230.0,70.151074,73.259207,232.12377,-0.15107399999999416,-0.2592070000000035,0.8762299999999925,0.9261698738487378,23.600847442411894
678.0,7.0,109.0,235.0,5.0,71.0,229.0,7.304942999999994,108.429236,235.291715,-0.3049429999999944,0.5707639999999969,-0.2917150000000106,0.709830555956842,38.52272056851645
679.0,70.0,159.0,237.0,58.0,130.0,241.0,69.890477,159.03894400000001,236.917249,0.10952299999999582,-0.03894400000001497,0.0827510000000018,0.14268724773433872,31.63858403911275
680.0,95.0,78.0,242.0,102.0,60.0,243.0,95.44566700000001,78.54007000000001,241.811907,-0.44566700000001447,-0.5400700000000143,0.18809300000000917,0.7250335553876329,19.339079605813716
681.0,142.0,60.0,245.0,154.0,49.0,245.0,141.04151000000002,56.9046,240.48890500000002,0.9584899999999834,3.095399999999998,4.511094999999983,5.554294045072227,16.278820596099706
682.0,162.0,196.0,7.0,165.0,203.0,19.0,161.409143,196.884166,7.531521000000003,0.5908569999999997,-0.8841659999999933,-0.5315210000000032,1.188854946343746,14.212670403551895
683.0,178.0,191.0,17.0,183.0,200.0,30.0,178.40899399999998,190.93708700000002,16.919412,-0.40899399999997854,0.06291299999998046,0.08058799999999877,0.42157865618289997,16.583123951777
684.0,41.0,129.0,21.0,55.0,115.0,15.0,41.041841,128.609858,21.035209,-0.04184099999999802,0.3901419999999973,-0.03520899999999827,0.39395573752135865,20.688160865577203
685.0,48.0,188.0,27.0,48.0,171.0,27.0,47.87431,188.257906,27.887019000000002,0.12568999999999875,-0.2579059999999913,-0.8870190000000022,0.9322640115852371,17.0
686.0,173.0,51.0,28.0,208.0,69.0,31.0,173.28901199999999,51.676214,28.163911000000002,-0.2890119999999854,-0.6762140000000016,-0.16391100000000236,0.7534322304368154,39.4715087119811
687.0,172.0,52.0,28.0,207.0,68.0,30.0,172.05423799999997,50.783759,27.377940000000002,-0.05423799999996959,1.2162409999999966,0.6220599999999976,1.367165891296658,38.535697735995385
688.0,68.0,230.0,32.0,59.0,213.0,37.0,68.02483099999998,229.782484,32.649550999999995,-0.02483099999997762,0.21751599999998916,-0.6495509999999953,0.68545334663855,19.87460691435179
689.0,69.0,231.0,32.0,60.0,214.0,37.0,69.15842699999999,230.605652,32.472944999999996,-0.158426999999989,0.3943480000000079,-0.47294499999999573,0.6358352242979298,19.87460691435179
690.0,128.0,146.0,36.0,139.0,146.0,41.0,127.492378,145.229252,36.220543,0.5076219999999978,0.7707479999999975,-0.22054299999999927,0.9488792279510568,12.083045973594572
691.0,52.0,21.0,40.0,90.0,16.0,28.0,53.204924999999996,20.963429,39.991908,-1.2049249999999958,0.03657099999999858,0.008091999999997768,1.2055070195274642,40.162171256046406
692.0,186.0,185.0,40.0,190.0,194.0,55.0,186.07686099999998,185.10565800000003,40.972351,-0.07686099999997964,-0.10565800000003378,-0.9723510000000033,0.981090053708634,17.944358444926362
693.0,81.0,219.0,40.0,74.0,205.0,45.0,80.89009000000001,219.10792,39.867953,0.10990999999998508,-0.10792000000000712,0.13204700000000003,0.2028875173809327,16.431676725154983
694.0,121.0,148.0,43.0,131.0,147.0,48.0,121.068071,148.35445700000002,43.523522,-0.06807100000000332,-0.3544570000000249,-0.5235219999999998,0.635884195725934,11.224972160321824
695.0,211.0,190.0,44.0,215.0,204.0,62.0,211.89798199999998,190.793967,44.70842,-0.8979819999999847,-0.7939670000000092,-0.7084199999999967,1.392341253361755,23.15167380558045
696.0,45.0,16.0,45.0,81.0,9.0,33.0,43.93872100000001,15.951472000000003,46.205822999999995,1.0612789999999919,0.04852799999999746,-1.2058229999999952,1.6070709971727979,38.58756276314948
697.0,52.0,23.0,45.0,88.0,17.0,33.0,52.089028000000006,22.738708,44.875369,-0.0890280000000061,0.26129200000000097,0.12463100000000082,0.3028735383109621,38.41874542459709
698.0,128.0,162.0,46.0,134.0,160.0,53.0,127.12609900000001,161.420996,46.864469,0.8739009999999894,0.5790039999999976,-0.8644689999999997,1.3587697530405871,9.433981132056603
699.0,131.0,165.0,46.0,137.0,164.0,53.0,130.74202200000002,164.91556,46.240439,0.25797799999998006,0.08444000000000074,-0.24043900000000207,0.3626205658880793,9.273618495495704
700.0,215.0,194.0,47.0,217.0,207.0,65.0,214.68384300000002,193.673224,47.148726999999994,0.3161569999999756,0.3267759999999953,-0.14872699999999384,0.4783905552516476,22.293496809607955
701.0,115.0,225.0,47.0,107.0,217.0,56.0,114.893881,225.50836100000004,46.606753999999995,0.10611900000000674,-0.5083610000000363,0.39324600000000487,0.6514096752413508,14.45683229480096
702.0,150.0,162.0,48.0,158.0,165.0,57.0,150.64955,161.978036,48.266261,-0.649550000000005,0.021963999999996986,-0.2662610000000001,0.7023478767085484,12.409673645990857
703.0,108.0,87.0,50.0,130.0,88.0,48.0,107.45664500000001,88.077809,49.164424,0.5433549999999912,-1.077809000000002,0.8355760000000032,1.4680238922721933,22.11334438749598
704.0,37.0,164.0,50.0,40.0,144.0,47.0,36.74153699999999,163.58216199999998,50.341435000000004,0.2584630000000132,0.4178380000000175,-0.34143500000000415,0.5983055873364582,20.445048300260872
705.0,14.0,116.0,52.0,27.0,95.0,42.0,13.754038999999999,115.632383,51.21606,0.2459610000000012,0.36761699999999564,0.7839400000000012,0.9001116574125674,26.645825188948457
706.0,128.0,155.0,53.0,136.0,153.0,59.0,128.064144,154.257514,53.134626999999995,-0.06414399999999887,0.7424860000000137,-0.13462699999999472,0.7573138992921091,10.198039027185569
707.0,120.0,216.0,53.0,114.0,208.0,62.0,119.99396099999998,215.285299,52.653366000000005,0.006039000000015449,0.7147009999999909,0.34663399999999456,0.7943482352708939,13.45362404707371
708.0,88.0,190.0,55.0,88.0,178.0,58.0,89.255213,189.505543,53.771662,-1.2552129999999977,0.49445700000001125,1.2283380000000008,1.8245168243844745,12.36931687685298
709.0,122.0,84.0,56.0,146.0,86.0,57.0,122.632353,83.421,56.697737000000004,-0.6323529999999948,0.5789999999999935,-0.6977370000000036,1.105417675712665,24.1039415863879
710.0,88.0,151.0,56.0,96.0,142.0,57.0,88.75686300000001,150.91896,55.541565,-0.7568630000000098,0.08104000000000156,0.4584350000000015,0.888578489270372,12.083045973594572
711.0,83.0,196.0,60.0,80.0,182.0,64.0,83.37513299999998,195.63664100000003,59.829428,-0.37513299999997685,0.36335899999997423,0.17057199999999995,0.5494081704470402,14.866068747318506
712.0,133.0,61.0,63.0,162.0,68.0,63.0,134.062367,62.15537000000001,62.850711,-1.0623669999999947,-1.155370000000012,0.1492890000000031,1.5766390471855052,29.832867780352597
713.0,71.0,40.0,72.0,102.0,35.0,64.0,71.95642999999998,40.511197,71.865924,-0.9564299999999832,-0.5111970000000028,0.1340759999999932,1.0927291940297783,32.4037034920393
714.0,230.0,222.0,72.0,225.0,233.0,94.0,230.559203,220.718971,71.954796,-0.5592029999999966,1.2810289999999895,0.045203999999998246,1.3984944389113492,25.099800796022265
715.0,82.0,42.0,75.0,112.0,39.0,69.0,82.50747000000001,42.938952,75.478021,-0.5074700000000121,-0.9389520000000005,-0.47802099999999825,1.169470279932334,30.740852297878796
716.0,219.0,210.0,75.0,215.0,221.0,95.0,218.894151,210.506458,74.871857,0.1058490000000063,-0.5064580000000092,0.12814299999999434,0.5330331556423195,23.173260452512935
717.0,83.0,42.0,76.0,113.0,38.0,69.0,83.21079599999999,41.712,75.489839,-0.21079599999998777,0.2879999999999967,0.5101609999999965,0.6226099899110111,31.064449134018133
718.0,68.0,77.0,78.0,89.0,67.0,72.0,67.710181,76.49200900000001,77.622878,0.2898189999999943,0.5079909999999899,0.37712199999999996,0.6958957621123916,24.020824298928627
719.0,216.0,183.0,87.0,217.0,194.0,105.0,215.934208,183.11892400000002,86.876563,0.06579199999998764,-0.11892400000002112,0.12343699999999558,0.18359792484939014,21.118712081942874
720.0,115.0,221.0,88.0,104.0,209.0,98.0,114.66689400000001,220.823611,88.035866,0.3331059999999866,0.17638900000000035,-0.03586599999999862,0.37862786019123196,19.1049731745428
721.0,110.0,237.0,92.0,95.0,223.0,103.0,109.91852499999999,237.337914,92.271329,0.08147500000001173,-0.33791400000001204,-0.2713289999999944,0.4409574506253489,23.280893453645632
722.0,110.0,121.0,94.0,121.0,116.0,96.0,110.07082,121.922293,93.47173000000001,-0.07081999999999766,-0.9222929999999963,0.528269999999992,1.0652272260644602,12.24744871391589
723.0,105.0,144.0,95.0,111.0,135.0,99.0,105.277309,143.62521400000003,95.393373,-0.27730900000000247,0.37478599999997186,-0.39337299999999686,0.6100058560423645,11.532562594670797
724.0,85.0,173.0,98.0,83.0,158.0,102.0,84.81204,173.062431,98.42126,0.1879600000000039,-0.06243100000000368,-0.42126000000000374,0.4654960568694488,15.652475842498529
725.0,140.0,222.0,99.0,129.0,214.0,112.0,140.120586,221.871629,98.981034,-0.12058600000000297,0.12837099999998713,0.018966000000006034,0.17714346217966284,18.81488772222678
726.0,83.0,47.0,112.0,107.0,41.0,108.0,82.29137699999998,48.700725000000006,113.24207,0.7086230000000171,-1.7007250000000056,-1.2420699999999982,2.222014843931975,25.059928172283335
727.0,214.0,154.0,115.0,220.0,164.0,131.0,214.866169,153.56291000000002,114.482743,-0.8661690000000135,0.43708999999998355,0.5172570000000007,1.0994776981412628,19.79898987322333
728.0,132.0,52.0,116.0,158.0,53.0,116.0,132.523932,51.259249000000004,115.610048,-0.5239320000000021,0.7407509999999959,0.38995199999999386,0.9875623255921578,26.019223662515376
729.0,192.0,104.0,118.0,208.0,114.0,129.0,192.885531,104.59404,118.256917,-0.8855309999999861,-0.5940400000000068,-0.2569170000000014,1.0968386474089906,21.840329667841555
730.0,154.0,156.0,119.0,156.0,154.0,129.0,153.73095899999998,156.094824,118.772925,0.26904100000001563,-0.09482399999998847,0.22707499999999925,0.36460623456272095,10.392304845413264
731.0,190.0,124.0,122.0,200.0,131.0,134.0,189.70102799999998,123.98163100000002,122.12735,0.29897200000002044,0.01836899999997854,-0.12735000000000696,0.3254837929068254,17.11724276862369
732.0,185.0,204.0,123.0,177.0,204.0,140.0,184.888348,203.870249,122.920398,0.11165199999999231,0.12975099999999884,0.07960199999999418,0.1887802148240039,18.788294228055936
733.0,187.0,168.0,124.0,188.0,172.0,138.0,187.90474300000002,168.70894300000003,123.103694,-0.9047430000000247,-0.7089430000000334,0.8963059999999956,1.457574875927163,14.594519519326424
734.0,16.0,95.0,125.0,27.0,70.0,116.0,15.862836000000001,95.13312099999999,124.802058,0.1371639999999985,-0.1331209999999885,0.19794199999999762,0.2751657662228272,28.75760768909681
735.0,145.0,206.0,125.0,136.0,198.0,138.0,145.73828100000003,205.858887,124.93867,-0.738281000000029,0.14111299999999005,0.06132999999999811,0.754143940259444,17.72004514666935
736.0,148.0,144.0,126.0,152.0,140.0,135.0,147.652293,142.967274,126.196931,0.347707000000014,1.0327259999999967,-0.1969310000000064,1.107341396176448,10.63014581273465
737.0,76.0,41.0,127.0,101.0,32.0,121.0,76.15970999999999,41.587268,127.097843,-0.1597099999999898,-0.5872680000000017,-0.09784299999999746,0.6164123948891669,27.23967694375247
738.0,166.0,197.0,127.0,160.0,194.0,141.0,167.224339,197.1211,126.225793,-1.2243389999999863,-0.12110000000001264,0.7742070000000041,1.4536394586588437,15.524174696260024
739.0,123.0,77.0,130.0,141.0,74.0,132.0,123.04677799999999,77.326265,130.433526,-0.046777999999989106,-0.32626500000000647,-0.4335260000000005,0.5445932649096973,18.35755975068582
740.0,143.0,129.0,130.0,150.0,126.0,138.0,143.10701500000002,129.228079,130.568418,-0.10701500000001829,-0.22807900000000814,-0.5684180000000083,0.6217485530260742,11.045361017187261
741.0,107.0,91.0,131.0,122.0,83.0,131.0,107.43105600000001,90.318466,130.18852700000002,-0.4310560000000123,0.6815339999999992,0.8114729999999781,1.1440219831895602,17.0
742.0,94.0,113.0,131.0,104.0,101.0,132.0,94.872366,112.47288900000001,130.93838,-0.8723659999999995,0.5271109999999908,0.06162000000000489,1.0211099199777613,15.652475842498529
743.0,128.0,194.0,131.0,119.0,182.0,141.0,126.985818,193.097952,130.734491,1.0141820000000052,0.9020480000000077,0.26550900000000865,1.3830223253834442,18.027756377319946
744.0,224.0,209.0,138.0,215.0,215.0,160.0,224.17991099999998,208.859753,138.004634,-0.17991099999997573,0.14024699999998802,-0.004634000000010019,0.22816367564971424,24.515301344262525
745.0,81.0,55.0,140.0,102.0,44.0,136.0,81.177461,54.725401000000005,140.32356,-0.17746099999999387,0.27459899999999493,-0.3235599999999863,0.4599870551678451,24.041630560342615
746.0,194.0,199.0,143.0,186.0,200.0,161.0,194.41869499999999,199.408008,142.769817,-0.4186949999999854,-0.40800799999999526,0.2301830000000109,0.6282994863741247,19.72308292331602
747.0,160.0,82.0,144.0,177.0,84.0,150.0,160.08392800000001,81.55591900000002,143.851608,-0.08392800000001444,0.44408099999998285,0.1483920000000012,0.47568059599797374,18.138357147217054
748.0,142.0,62.0,145.0,163.0,62.0,148.0,142.290148,61.692513000000005,145.152634,-0.29014799999998786,0.30748699999999474,-0.15263400000000615,0.44947887050337704,21.213203435596427
749.0,185.0,195.0,145.0,177.0,194.0,161.0,184.861736,195.074676,144.076635,0.1382639999999924,-0.07467600000001084,0.9233649999999898,0.9366409994747084,17.916472867168917
750.0,50.0,32.0,146.0,75.0,17.0,137.0,50.671547,32.569152,146.05449900000002,-0.6715469999999968,-0.5691520000000025,-0.05449900000002117,0.8819747804296906,30.512292604784715
751.0,84.0,112.0,147.0,92.0,96.0,148.0,84.39400699999999,110.878885,147.7994,-0.3940069999999878,1.1211150000000032,-0.7993999999999915,1.4321943720298527,17.916472867168917
752.0,82.0,115.0,148.0,89.0,99.0,148.0,82.284029,114.559741,147.763946,-0.28402900000000386,0.4402589999999975,0.23605399999999577,0.5746494155900604,17.46424919657298
753.0,110.0,180.0,148.0,103.0,165.0,156.0,110.15081700000002,179.94150900000002,148.093054,-0.15081700000001774,0.0584909999999752,-0.09305399999999509,0.18661728613931114,18.384776310850235
754.0,124.0,4.0,149.0,157.0,5.0,146.0,124.31433099999998,4.336871000000002,149.091928,-0.3143309999999815,-0.33687100000000214,-0.09192799999999579,0.4698263566318827,33.15116890850155
755.0,63.0,117.0,149.0,68.0,98.0,147.0,62.680035,117.705126,148.625855,0.3199650000000034,-0.705126000000007,0.3741449999999986,0.8599795102942924,19.748417658131498
756.0,168.0,48.0,151.0,189.0,59.0,153.0,166.03061899999997,53.71457600000001,148.105911,1.969381000000027,-5.714576000000008,2.894089000000008,6.701536504627744,23.790754506740637
757.0,46.0,206.0,153.0,31.0,177.0,155.0,46.502067000000004,206.709166,151.932301,-0.5020670000000038,-0.7091660000000104,1.0676990000000046,1.3765786728865257,32.71085446759225
758.0,104.0,66.0,159.0,122.0,58.0,159.0,104.88566499999999,66.632002,159.495983,-0.8856649999999888,-0.632002,-0.4959829999999954,1.195754220782003,19.697715603592208
759.0,77.0,120.0,159.0,81.0,102.0,160.0,76.795882,120.081501,159.691386,0.20411799999999403,-0.08150100000000293,-0.6913859999999943,0.7254799596963311,18.466185312619388
760.0,182.0,30.0,161.0,209.0,39.0,166.0,181.412453,30.076267,160.855772,0.5875470000000007,-0.07626700000000142,0.14422799999999825,0.6097785241233087,28.89636655359978
761.0,189.0,34.0,163.0,217.0,46.0,169.0,190.56962000000001,35.844412000000005,162.424867,-1.5696200000000147,-1.8444120000000055,0.5751329999999939,2.4892449734473825,31.04834939252005
762.0,146.0,192.0,166.0,135.0,181.0,179.0,145.310823,191.47552600000003,166.088325,0.6891770000000008,0.5244739999999695,-0.08832499999999754,0.8705396140497965,20.273134932713294
763.0,170.0,115.0,167.0,178.0,115.0,177.0,170.40337999999997,115.00163600000002,166.838221,-0.4033799999999701,-0.0016360000000190666,0.16177899999999568,0.43461539979270697,12.806248474865697
764.0,202.0,95.0,168.0,216.0,102.0,180.0,202.811677,94.21182100000001,167.819736,-0.8116770000000031,0.7881789999999853,0.18026399999999398,1.1456617293363602,19.72308292331602
765.0,112.0,167.0,170.0,106.0,151.0,178.0,112.120226,166.509307,170.341534,-0.12022600000000239,0.49069299999999316,-0.3415339999999958,0.6098191407958519,18.867962264113206
766.0,103.0,162.0,171.0,98.0,145.0,178.0,103.481728,161.974083,171.565958,-0.48172800000000393,0.02591699999999264,-0.5659579999999949,0.7436679464902314,19.05255888325765
767.0,76.0,121.0,174.0,79.0,101.0,174.0,76.16031699999999,120.43024300000002,173.426464,-0.16031699999999205,0.5697569999999814,0.57353599999999,0.8241772399393015,20.223748416156685
768.0,88.0,59.0,175.0,105.0,46.0,172.0,88.00552199999998,58.664177,174.540726,-0.005521999999984928,0.33582299999999776,0.4592739999999935,0.5689817105048214,21.61018278497431
769.0,85.0,55.0,176.0,103.0,42.0,173.0,85.40923799999999,55.03700800000001,176.044939,-0.4092379999999878,-0.03700800000000726,-0.044938999999999396,0.413358012416586,22.40535650240808
770.0,130.0,219.0,176.0,115.0,200.0,191.0,132.243304,215.82095,177.49710100000001,-2.243303999999995,3.1790499999999895,-1.497101000000015,4.168942688874117,28.478061731796284
771.0,137.0,37.0,179.0,160.0,35.0,180.0,136.963816,36.838753,178.746004,0.036183999999991556,0.16124700000000303,0.2539960000000008,0.3030244955131528,23.108440016582687
772.0,114.0,85.0,184.0,125.0,75.0,187.0,114.131327,85.392382,184.599353,-0.13132699999999886,-0.3923819999999978,-0.5993530000000078,0.728309297937358,15.165750888103101
773.0,131.0,49.0,186.0,151.0,45.0,188.0,131.658441,49.460677000000004,186.246046,-0.6584410000000105,-0.460677000000004,-0.24604600000000687,0.8404204203409272,20.493901531919196
774.0,60.0,228.0,186.0,37.0,197.0,193.0,60.16029700000001,228.63192,186.131623,-0.16029700000000702,-0.631920000000008,-0.1316229999999905,0.6650884367796586,39.230090491866065
775.0,66.0,51.0,187.0,83.0,34.0,182.0,66.22953999999999,51.497951,187.109708,-0.22953999999998587,-0.4979510000000005,-0.10970800000001191,0.5591776598407671,24.55605831561735
776.0,186.0,164.0,187.0,180.0,160.0,203.0,184.552005,162.527014,187.460895,1.4479949999999917,1.4729859999999917,-0.4608949999999936,2.1163179055250527,17.549928774784245
777.0,161.0,123.0,189.0,164.0,119.0,200.0,160.73256,123.52196500000002,189.75416,0.26743999999999346,-0.5219650000000229,-0.754160000000013,0.9553684736399041,12.083045973594572
778.0,100.0,153.0,189.0,95.0,134.0,195.0,100.07988600000002,152.481978,189.213281,-0.07988600000001611,0.518022000000002,-0.21328099999999495,0.5658775048020573,20.54263858417414
779.0,41.0,72.0,190.0,52.0,48.0,184.0,40.971495,72.246017,190.270108,0.028505000000002667,-0.24601699999999482,-0.27010799999999335,0.36646313727030444,27.073972741361768
780.0,194.0,88.0,191.0,205.0,92.0,203.0,192.88434999999998,87.77563400000003,191.807461,1.1156500000000165,0.22436599999997497,-0.8074609999999893,1.3953523895335573,16.76305461424021
781.0,149.0,106.0,191.0,156.0,101.0,199.0,149.411264,106.61673400000001,191.146551,-0.4112639999999885,-0.6167340000000081,-0.1465509999999881,0.755629605066528,11.74734012447073
782.0,50.0,207.0,191.0,31.0,175.0,195.0,50.11891699999999,207.43052600000001,190.623805,-0.11891699999998906,-0.4305260000000146,0.3761949999999956,0.5839662383991104,37.429934544425805
783.0,190.0,87.0,194.0,202.0,90.0,205.0,189.901053,86.469764,194.16822100000002,0.09894700000000967,0.5302360000000022,-0.16822100000001683,0.5650124152140463,16.55294535724685
784.0,138.0,105.0,196.0,144.0,96.0,202.0,137.61759100000003,104.12199900000002,195.49407,0.38240899999996714,0.8780009999999834,0.5059300000000064,1.083091669334573,12.36931687685298
785.0,25.0,172.0,198.0,14.0,137.0,197.0,26.532306,172.04898400000002,197.52971300000002,-1.5323059999999984,-0.04898400000001857,0.4702869999999848,1.6035993802259287,36.701498607005135
786.0,36.0,160.0,199.0,26.0,127.0,199.0,35.60484400000001,159.514254,199.40825900000002,0.39515599999999296,0.485746000000006,-0.40825900000001525,0.7475111048894275,34.48187929913333
787.0,221.0,179.0,201.0,213.0,181.0,222.0,221.301435,178.707291,201.052404,-0.3014349999999979,0.2927090000000021,-0.052403999999995676,0.4234238976746583,22.561028345356956
788.0,170.0,103.0,202.0,177.0,101.0,212.0,170.014259,103.27773300000001,201.929778,-0.014259000000009792,-0.277733000000012,0.07022200000000112,0.28682759221177995,12.36931687685298
789.0,177.0,66.0,203.0,193.0,68.0,211.0,177.50900199999998,66.151194,202.757893,-0.5090019999999811,-0.15119400000000383,0.2421070000000043,0.5835738694364099,18.0
790.0,216.0,171.0,203.0,209.0,172.0,223.0,215.792554,170.358606,203.192465,0.20744600000000446,0.6413939999999911,-0.19246499999999855,0.7010441372531333,21.213203435596427
791.0,209.0,201.0,203.0,195.0,199.0,224.0,208.84392300000002,200.931001,202.764834,0.15607699999998204,0.06899899999999093,0.23516599999999244,0.29055797956000035,25.317977802344327
792.0,176.0,68.0,204.0,191.0,69.0,212.0,175.988393,67.649325,203.791046,0.011606999999997925,0.3506749999999954,0.20895400000000564,0.4083741571035061,17.029386365926403
793.0,195.0,197.0,204.0,183.0,193.0,223.0,196.43040299999998,197.134058,203.356257,-1.430402999999984,-0.13405800000001022,0.6437430000000006,1.5743028107139867,22.825424421026653
794.0,136.0,62.0,205.0,151.0,56.0,209.0,136.149664,62.19136400000001,205.423831,-0.14966400000000135,-0.1913640000000072,-0.42383100000000695,0.4885204294121271,16.64331697709324
795.0,196.0,73.0,206.0,211.0,76.0,215.0,196.167092,70.994766,204.371413,-0.1670919999999967,2.0052340000000015,1.6285870000000102,2.5886635060951892,17.74823934929885
796.0,211.0,219.0,209.0,192.0,215.0,232.0,210.340124,218.491933,209.20524,0.659875999999997,0.5080670000000111,-0.20524000000000342,0.8577248215278656,30.099833886584822
797.0,187.0,205.0,211.0,172.0,198.0,231.0,188.212431,205.03446600000004,211.492147,-1.2124310000000094,-0.03446600000003741,-0.49214699999998857,1.3089635229929113,25.96150997149434
798.0,174.0,146.0,213.0,170.0,140.0,227.0,173.49296700000002,145.70762200000001,213.270923,0.5070329999999785,0.29237799999998515,-0.27092300000001046,0.6449547502747578,15.748015748023622
799.0,172.0,188.0,213.0,159.0,179.0,229.0,171.982517,188.044348,212.428143,0.017482999999998583,-0.0443480000000136,0.5718569999999943,0.5738404210597181,22.494443758403985
800.0,130.0,48.0,215.0,147.0,41.0,217.0,130.058219,48.177328,214.867203,-0.058219000000008236,-0.17732800000000282,0.1327970000000107,0.22906268738929264,18.49324200890693
801.0,185.0,210.0,217.0,167.0,202.0,237.0,185.08773399999998,210.559888,217.302731,-0.08773399999998333,-0.5598880000000008,-0.3027309999999943,0.6425090549252941,28.071337695236398
802.0,116.0,159.0,223.0,107.0,142.0,233.0,116.667262,160.89266,224.04878300000001,-0.6672619999999938,-1.8926600000000064,-1.0487830000000145,2.264364421495146,21.6794833886788
803.0,145.0,64.0,226.0,158.0,57.0,230.0,144.918764,63.258207000000006,224.966978,0.08123599999998987,0.7417929999999942,1.0330219999999883,1.2743588956918557,15.297058540778355
804.0,130.0,22.0,10.0,172.0,36.0,6.0,130.595511,23.385171000000007,10.174666000000002,-0.5955109999999877,-1.3851710000000068,-0.174666000000002,1.5178406576179215,44.45222154178574
805.0,140.0,104.0,20.0,162.0,112.0,22.0,139.38000900000003,104.41724300000001,19.239726,0.6199909999999704,-0.41724300000001335,0.760273999999999,1.0660661875352642,23.49468024894146
806.0,40.0,140.0,26.0,52.0,124.0,20.0,40.728563,138.787509,25.247368,-0.7285630000000012,1.212491,0.7526319999999984,1.602308770953339,20.8806130178211
807.0,46.0,178.0,34.0,48.0,162.0,32.0,46.443985000000005,179.378801,33.547812,-0.44398500000000496,-1.37880100000001,0.4521879999999996,1.5174613224626292,16.24807680927192
808.0,76.0,212.0,36.0,72.0,198.0,40.0,77.04133300000001,211.989849,35.87934,-1.0413330000000087,0.01015100000000757,0.12066000000000088,1.0483493193063171,15.0996688705415
809.0,88.0,222.0,38.0,80.0,210.0,44.0,87.37535299999999,222.952581,37.939952,0.6246470000000102,-0.9525810000000092,0.06004800000000188,1.1407016255244098,15.620499351813308
810.0,42.0,200.0,42.0,38.0,180.0,42.0,42.143584999999995,200.541671,42.301705999999996,-0.14358499999999452,-0.541671000000008,-0.3017059999999958,0.6364358843607143,20.396078054371138
811.0,104.0,148.0,50.0,114.0,142.0,52.0,104.78327100000001,146.93846900000003,49.245588,-0.7832710000000134,1.0615309999999738,0.7544120000000021,1.5197035859489074,11.832159566199232
812.0,40.0,198.0,52.0,34.0,176.0,52.0,38.62098099999999,197.941869,52.6339,1.3790190000000067,0.05813100000000304,-0.633899999999997,1.51884884880689,22.80350850198276
813.0,190.0,60.0,54.0,220.0,78.0,60.0,189.180921,60.48837300000001,54.242008,0.8190789999999879,-0.48837300000000994,-0.24200799999999845,0.9838528687939011,35.4964786985977
814.0,134.0,56.0,56.0,164.0,62.0,56.0,133.900233,55.116217000000006,56.513155999999995,0.09976700000001415,0.883782999999994,-0.5131559999999951,1.026817863943741,30.59411708155671
815.0,52.0,130.0,56.0,62.0,116.0,52.0,51.42978899999999,130.78529300000002,55.979588,0.5702110000000076,-0.7852930000000242,0.02041200000000032,0.9706916761330792,17.663521732655695
816.0,122.0,26.0,66.0,158.0,32.0,62.0,122.542485,25.991491000000003,65.609342,-0.5424849999999992,0.008508999999996547,0.39065800000000195,0.66856267564829,36.71511950137164
817.0,68.0,116.0,66.0,82.0,106.0,62.0,68.65943899999999,117.18972300000001,64.899598,-0.6594389999999919,-1.189723000000015,1.1004020000000025,1.7496242948284728,17.663521732655695
818.0,116.0,26.0,68.0,150.0,32.0,66.0,115.59950900000001,27.883775000000004,70.118802,0.40049099999998816,-1.8837750000000035,-2.1188020000000023,2.8632714169128315,34.583232931581165
819.0,78.0,114.0,68.0,90.0,106.0,66.0,76.41183899999999,115.85173500000002,68.090754,1.5881610000000137,-1.8517350000000192,-0.090754000000004,2.4411911356266462,14.560219778561036
820.0,52.0,82.0,70.0,70.0,70.0,60.0,49.690690999999994,82.57169300000001,67.354804,2.309309000000006,-0.5716930000000104,2.6451959999999985,3.5576400636019985,23.83275057562597
821.0,178.0,134.0,76.0,190.0,142.0,86.0,178.026359,133.950435,75.711262,-0.026359000000013566,0.04956500000000119,0.28873799999999505,0.2941447241580205,17.549928774784245
822.0,212.0,210.0,82.0,208.0,214.0,106.0,212.071937,205.50643900000003,86.696446,-0.07193699999999126,4.493560999999971,-4.696445999999995,6.500297718074587,24.657656011875904
823.0,32.0,70.0,86.0,52.0,54.0,78.0,31.53743699999999,71.051955,87.671674,0.46256300000001005,-1.0519550000000066,-1.6716739999999959,2.0285629921868362,26.832815729997478
824.0,142.0,142.0,92.0,150.0,140.0,100.0,142.274141,140.94601300000002,92.671524,-0.274140999999986,1.053986999999978,-0.6715240000000051,1.2794476803003525,11.489125293076057
825.0,6.0,154.0,96.0,6.0,126.0,88.0,5.789730999999996,154.836177,94.304304,0.21026900000000381,-0.8361769999999922,1.695695999999998,1.9023117389392261,29.120439557122072
826.0,174.0,56.0,100.0,202.0,68.0,104.0,174.949105,56.920457000000006,99.02060800000001,-0.949105000000003,-0.9204570000000061,0.97939199999999,1.6453723224662549,30.72458299147443
827.0,150.0,124.0,100.0,162.0,126.0,106.0,150.890851,124.588191,98.777226,-0.8908509999999978,-0.5881909999999948,1.2227740000000011,1.6231945082946755,13.564659966250536
828.0,202.0,152.0,108.0,208.0,162.0,124.0,202.706121,153.45048500000001,108.921856,-0.706120999999996,-1.4504850000000147,-0.9218560000000053,1.8580452326577108,19.79898987322333
829.0,160.0,150.0,126.0,162.0,148.0,136.0,158.659161,149.218121,125.581872,1.3408389999999883,0.7818790000000035,0.41812799999999584,1.6074871753597197,10.392304845413264
830.0,168.0,186.0,126.0,164.0,184.0,140.0,168.64565499999998,185.993645,125.87576,-0.6456549999999766,0.006355000000013433,0.12424000000000035,0.6575304880003435,14.696938456699069
831.0,14.0,116.0,128.0,20.0,88.0,120.0,13.710750999999995,115.27459300000001,127.533308,0.2892490000000052,0.7254069999999899,0.4666919999999948,0.9097701481769906,29.732137494637012
832.0,52.0,78.0,130.0,68.0,60.0,124.0,52.177811,77.159245,130.06664,-0.1778109999999984,0.8407550000000015,-0.0666400000000067,0.8619319064438924,24.819347291981714
833.0,48.0,86.0,130.0,66.0,66.0,126.0,51.834055,83.85196300000001,131.59131000000002,-3.8340549999999993,2.148036999999988,-1.5913100000000213,4.674003445922351,27.202941017470888
834.0,232.0,162.0,132.0,234.0,174.0,152.0,232.000711,162.442049,132.601224,-0.0007109999999954653,-0.44204899999999725,-0.601224000000002,0.7462426697114015,23.40939982143925
835.0,8.0,92.0,136.0,18.0,64.0,126.0,7.317656999999997,91.492659,135.734646,0.682343000000003,0.5073409999999967,0.2653540000000021,0.8907298160755606,31.368774282716245
836.0,194.0,120.0,142.0,204.0,126.0,156.0,194.525113,119.57307700000001,143.445528,-0.5251130000000046,0.42692299999998795,-1.445527999999996,1.596107173557585,18.2208671582886
837.0,168.0,146.0,142.0,170.0,144.0,154.0,166.96751300000003,144.74991100000003,142.625954,1.0324869999999748,1.2500889999999742,-0.6259540000000072,1.737978804015139,12.328828005937952
838.0,178.0,54.0,154.0,200.0,62.0,160.0,177.487341,55.05395300000001,153.65498,0.5126590000000135,-1.053953000000007,0.3450200000000052,1.2217507834620087,24.166091947189145
839.0,242.0,188.0,156.0,238.0,198.0,180.0,243.670779,188.17595700000004,156.962716,-1.6707790000000102,-0.17595700000003944,-0.9627160000000003,1.9363071629640913,26.30589287593181
840.0,82.0,102.0,178.0,88.0,86.0,178.0,81.604153,103.514463,177.948406,0.3958470000000034,-1.5144630000000063,0.05159399999999437,1.5661912292609808,17.08800749063506
841.0,168.0,182.0,178.0,158.0,176.0,192.0,166.675065,182.607441,177.177824,1.3249350000000106,-0.6074409999999943,0.8221760000000131,1.673442767973271,18.2208671582886
842.0,54.0,212.0,184.0,34.0,180.0,190.0,53.444084999999994,211.60371500000002,185.092678,0.5559150000000059,0.39628499999997757,-1.0926780000000065,1.288420932822035,38.2099463490856
843.0,110.0,156.0,186.0,106.0,140.0,192.0,111.170233,156.203665,184.853944,-1.170232999999996,-0.20366500000000087,1.1460559999999873,1.6505662851427572,17.549928774784245
844.0,94.0,94.0,190.0,102.0,78.0,190.0,93.95566299999999,93.318939,189.09951,0.04433700000001295,0.6810609999999997,0.9004899999999907,1.1299080030648443,17.88854381999832
845.0,168.0,112.0,194.0,172.0,110.0,204.0,166.548745,112.958437,193.793224,1.4512550000000033,-0.9584370000000035,0.20677599999999074,1.7514276668392594,10.954451150103322
846.0,236.0,176.0,194.0,230.0,182.0,216.0,236.523339,175.884465,193.78203200000002,-0.5233389999999929,0.11553499999999417,0.21796799999998484,0.5785690055386519,23.57965224510319
847.0,118.0,218.0,194.0,96.0,198.0,206.0,115.87994500000002,218.646083,193.689666,2.1200549999999794,-0.6460830000000044,0.31033400000001166,2.237937362275791,32.0624390837628
848.0,224.0,192.0,198.0,214.0,194.0,220.0,224.814295,191.69260500000001,197.8201,-0.8142949999999871,0.30739499999998543,0.1799000000000035,0.8887812121382693,24.24871130596428
849.0,134.0,24.0,200.0,158.0,22.0,200.0,134.353699,25.302497000000002,199.387088,-0.353699000000006,-1.3024970000000025,0.6129119999999944,1.4823166117108733,24.08318915758459
850.0,212.0,194.0,200.0,200.0,194.0,222.0,212.15819699999997,194.657667,200.89877,-0.15819699999997283,-0.6576670000000036,-0.8987700000000132,1.124873186896203,25.059928172283335
851.0,190.0,62.0,204.0,208.0,66.0,214.0,191.15918100000002,61.28055500000001,204.598138,-1.159181000000018,0.7194449999999932,-0.5981380000000058,1.489654579367324,20.97617696340303
852.0,192.0,54.0,206.0,210.0,60.0,216.0,191.907649,54.864985000000004,206.923776,0.09235100000000784,-0.8649850000000043,-0.9237760000000037,1.2688931616184302,21.447610589527216
853.0,78.0,176.0,208.0,62.0,150.0,212.0,74.93285900000001,176.723253,206.7887,3.0671409999999923,-0.7232529999999997,1.2112999999999943,3.376047467955677,30.789608636681304
854.0,48.0,182.0,210.0,32.0,148.0,214.0,47.151115,180.868467,211.374098,0.8488850000000028,1.1315329999999904,-1.3740980000000036,1.972084680463289,37.78888725538237
855.0,198.0,52.0,212.0,218.0,58.0,222.0,199.432135,51.61545100000001,212.22851,-1.4321349999999882,0.3845489999999927,-0.22851,1.500368425329579,23.15167380558045
856.0,242.0,168.0,216.0,238.0,174.0,240.0,244.57821899999996,167.731737,216.97842400000002,-2.5782189999999616,0.26826299999999037,-0.9784240000000182,2.770648258604082,25.059928172283335
857.0,118.0,196.0,216.0,100.0,176.0,226.0,116.844379,196.672935,214.684294,1.1556209999999965,-0.6729349999999954,1.3157060000000058,1.8760020491198832,28.705400188814647
858.0,32.0,86.0,220.0,36.0,56.0,216.0,31.234895,85.89395300000001,221.63718,0.7651049999999984,0.10604699999998957,-1.6371800000000007,1.8102458340330458,30.528675044947494
859.0,94.0,158.0,228.0,81.0,135.0,236.0,91.58486499999998,159.174293,229.738242,2.4151350000000207,-1.1742930000000058,-1.7382420000000138,3.198957075147799,27.60434748368452
860.0,160.0,198.0,8.0,164.0,204.0,20.0,160.806995,198.180405,8.482279999999998,-0.8069950000000006,-0.18040500000000748,-0.4822799999999976,0.9572778554056295,14.0
861.0,160.0,228.0,12.0,158.0,234.0,24.0,162.154991,230.42070500000003,10.000592000000001,-2.1549909999999954,-2.4207050000000265,1.999407999999999,3.8080744816206136,13.564659966250536
862.0,126.0,134.0,18.0,142.0,136.0,20.0,125.97167300000001,132.91794900000002,16.701363999999998,0.02832699999999022,1.0820509999999786,1.298636000000002,1.6905893191505612,16.24807680927192
863.0,96.0,24.0,20.0,136.0,28.0,14.0,96.619259,23.007099000000004,21.595162,-0.6192589999999996,0.9929009999999963,-1.5951619999999984,1.978351816822778,40.64480286580315
864.0,128.0,24.0,20.0,168.0,34.0,16.0,127.50317700000002,22.835489000000003,20.318436,0.4968229999999778,1.1645109999999974,-0.3184359999999984,1.3054962460865107,41.42463035441596
865.0,150.0,26.0,20.0,192.0,42.0,18.0,151.46967700000002,26.329135,19.512438,-1.4696770000000186,-0.32913500000000084,0.4875620000000005,1.58303412357348,44.98888751680797
866.0,146.0,108.0,20.0,166.0,118.0,24.0,144.547019,109.898609,20.270032,1.452980999999994,-1.8986089999999933,-0.2700320000000005,2.405989859136143,22.715633383201094
867.0,76.0,84.0,24.0,102.0,80.0,20.0,77.18567300000001,83.590269,25.272996,-1.1856730000000084,0.40973099999999363,-1.2729959999999991,1.7872377489595535,26.60826939130014
868.0,142.0,118.0,24.0,162.0,124.0,28.0,142.56869700000001,117.13368500000001,23.884644,-0.5686970000000144,0.866314999999986,0.11535599999999846,1.0427008026130946,21.2602916254693
869.0,140.0,122.0,28.0,158.0,128.0,32.0,140.16010500000002,122.31864100000001,27.68768,-0.1601050000000157,-0.3186410000000137,0.3123199999999997,0.4740353154629026,19.390719429665317
870.0,60.0,224.0,28.0,52.0,206.0,32.0,59.583769,223.67387300000001,29.072907999999998,0.41623100000000335,0.3261269999999854,-1.0729079999999982,1.1961348761548547,20.09975124224178
871.0,96.0,102.0,38.0,116.0,100.0,36.0,95.965675,102.37357300000002,37.636472,0.0343249999999955,-0.3735730000000217,0.3635280000000023,0.5223864457832129,20.199009876724155
872.0,122.0,148.0,42.0,132.0,146.0,46.0,121.569041,146.988931,41.610186,0.4309590000000014,1.011068999999992,0.3898140000000012,1.16616514140922,10.954451150103322
873.0,70.0,128.0,44.0,82.0,118.0,42.0,69.217499,128.104703,44.517514,0.7825009999999963,-0.10470300000000066,-0.5175139999999985,0.9439763097694734,15.748015748023622
874.0,64.0,186.0,44.0,64.0,172.0,44.0,64.50484699999998,187.23057300000002,42.838312,-0.5048469999999838,-1.230573000000021,1.161687999999998,1.7659839781498674,14.0
875.0,120.0,116.0,46.0,136.0,118.0,48.0,119.42146100000002,117.61825700000003,45.8437,0.5785389999999779,-1.6182570000000283,0.15630000000000166,1.7256572030881645,16.24807680927192
876.0,152.0,54.0,48.0,182.0,64.0,50.0,150.255733,53.11655900000001,49.066178,1.7442670000000078,0.8834409999999906,-1.0661780000000007,2.227031857754624,31.68595903550972
877.0,102.0,144.0,48.0,112.0,138.0,50.0,101.883453,143.103439,47.86207,0.11654699999999707,0.8965609999999913,0.13792999999999722,0.9145652053462251,11.832159566199232
878.0,124.0,6.0,52.0,166.0,12.0,44.0,123.766269,2.627989000000003,49.508044,0.2337310000000059,3.372010999999997,2.491956000000002,4.199396750774805,43.174066289845804
879.0,158.0,92.0,52.0,180.0,102.0,56.0,157.201009,92.88834500000002,51.426372,0.7989910000000009,-0.8883450000000153,0.5736279999999994,1.3253650589516943,24.49489742783178
880.0,130.0,202.0,52.0,126.0,198.0,62.0,128.86414299999998,202.611995,52.606758,1.1358570000000157,-0.6119950000000074,-0.6067579999999992,1.4257854940481207,11.489125293076057
881.0,136.0,56.0,54.0,166.0,64.0,54.0,135.96506900000003,56.623979000000006,54.23479,0.034930999999971846,-0.6239790000000056,-0.23478999999999672,0.6676049065892218,31.04834939252005
882.0,36.0,184.0,54.0,34.0,162.0,52.0,35.609091,183.59102900000002,53.952868,0.3909090000000006,0.40897099999997977,0.04713199999999773,0.5677046331905208,22.181073012818835
883.0,80.0,138.0,56.0,90.0,128.0,56.0,80.133029,137.71018500000002,56.39232,-0.1330289999999934,0.28981499999997595,-0.392319999999998,0.5055733690237083,14.142135623730951
884.0,162.0,162.0,58.0,168.0,166.0,68.0,161.162253,161.746333,57.936456,0.8377470000000073,0.2536670000000072,0.06354400000000027,0.877613139620195,12.328828005937952
885.0,94.0,200.0,58.0,90.0,188.0,64.0,93.85055300000002,199.76808100000002,58.440216,0.1494469999999808,0.23191899999997645,-0.4402159999999995,0.5195295516387715,14.0
886.0,156.0,76.0,60.0,182.0,86.0,64.0,156.405195,76.63789700000001,60.469592000000006,-0.405194999999992,-0.6378970000000095,-0.4695920000000058,0.8897259224604008,28.142494558940577
887.0,58.0,192.0,60.0,56.0,174.0,62.0,59.408633,192.142995,60.635425999999995,-1.4086330000000018,-0.1429950000000133,-0.6354259999999954,1.5519216153498228,18.2208671582886
888.0,126.0,52.0,66.0,156.0,56.0,64.0,126.071159,51.13528900000001,65.438196,-0.07115899999999442,0.8647109999999927,0.5618039999999951,1.033640387764517,30.331501776206203
889.0,146.0,236.0,66.0,138.0,232.0,78.0,148.81911300000002,236.149923,63.816054,-2.8191130000000157,-0.14992300000000114,2.183945999999999,3.5692429370405825,14.966629547095765
890.0,108.0,92.0,68.0,128.0,92.0,70.0,108.70617899999999,94.10614699999999,70.129058,-0.7061789999999917,-2.106146999999993,-2.1290580000000006,3.076919227573899,20.09975124224178
891.0,102.0,216.0,74.0,92.0,202.0,82.0,100.520569,214.96230300000002,74.282846,1.4794310000000053,1.03769699999998,-0.28284600000000637,1.8290798252908422,18.973665961010276
892.0,78.0,82.0,78.0,96.0,76.0,74.0,76.27797900000002,84.442879,78.123366,1.7220209999999838,-2.442879000000005,-0.1233660000000043,2.99135977492477,19.390719429665317
893.0,180.0,134.0,78.0,192.0,142.0,88.0,180.065637,133.685225,77.471628,-0.0656370000000095,0.31477499999999736,0.5283720000000045,0.6185212096428095,17.549928774784245
894.0,132.0,24.0,80.0,168.0,30.0,78.0,132.915673,23.031043,80.375058,-0.9156729999999982,0.9689569999999996,-0.3750579999999957,1.384919930588766,36.55133376499413
895.0,128.0,150.0,80.0,134.0,146.0,86.0,127.45308300000002,149.356627,79.948478,0.5469169999999792,0.6433729999999969,0.05152200000000562,0.8459914529721762,9.38083151964686
896.0,126.0,16.0,86.0,162.0,20.0,82.0,125.65826899999999,14.268943000000004,85.66185,0.34173100000001,1.7310569999999963,0.33814999999999884,1.7965755859718213,36.4417343165772
897.0,112.0,130.0,86.0,122.0,126.0,88.0,112.33120699999998,131.416705,84.7466,-0.3312069999999778,-1.4167050000000074,1.2533999999999992,1.9203548354077702,10.954451150103322
898.0,166.0,142.0,86.0,176.0,146.0,96.0,167.040225,141.570033,86.1137,-1.0402249999999924,0.4299670000000049,-0.11369999999999436,1.1313122299851563,14.696938456699069
899.0,210.0,188.0,86.0,210.0,198.0,104.0,210.26434300000003,188.56312100000002,86.113896,-0.2643430000000251,-0.5631210000000237,-0.11389599999999689,0.6324197823487492,20.591260281974
900.0,96.0,24.0,88.0,130.0,20.0,82.0,96.267517,20.729487000000002,88.298458,-0.267516999999998,3.2705129999999976,-0.29845799999999656,3.294980698914939,34.75629439396553
901.0,182.0,76.0,88.0,204.0,88.0,92.0,179.874591,76.186429,85.42065600000001,2.1254089999999906,-0.18642900000000395,2.579343999999992,3.3474071547479727,25.37715508089904
902.0,152.0,214.0,92.0,142.0,208.0,108.0,150.36505699999998,212.81952500000003,94.624876,1.6349430000000211,1.1804749999999729,-2.6248760000000004,3.31006553624698,19.79898987322333
903.0,78.0,60.0,98.0,100.0,52.0,92.0,76.60978699999998,60.281037000000005,97.381264,1.390213000000017,-0.28103700000000487,0.6187359999999984,1.5474198584851002,24.166091947189145
904.0,6.0,138.0,100.0,10.0,110.0,94.0,6.628482999999996,138.043371,101.257582,-0.6284829999999957,-0.0433710000000076,-1.2575819999999993,1.4065505364735365,28.91366458960192
905.0,208.0,182.0,112.0,206.0,190.0,130.0,207.50004700000002,182.971671,112.22417,0.49995299999997656,-0.9716709999999864,-0.22417000000000087,1.1155042462267684,19.79898987322333
906.0,116.0,108.0,118.0,128.0,102.0,122.0,116.118785,107.95967100000001,119.240942,-0.11878500000000258,0.040328999999985626,-1.240942000000004,1.2472663515985707,14.0
907.0,42.0,28.0,120.0,70.0,14.0,110.0,42.702031,28.632683,120.759526,-0.7020309999999981,-0.6326830000000001,-0.7595259999999939,1.2124417710248967,32.863353450309965
908.0,190.0,214.0,120.0,180.0,214.0,138.0,189.59272500000003,213.37659900000003,119.805942,0.4072749999999701,0.6234009999999728,0.1940579999999983,0.7695194862964427,20.591260281974
909.0,184.0,128.0,126.0,192.0,134.0,138.0,183.40345700000003,128.949095,126.354174,0.5965429999999685,-0.9490949999999998,-0.35417400000000043,1.1756207263186382,15.620499351813308
910.0,12.0,118.0,128.0,18.0,90.0,120.0,12.304098999999994,117.728497,127.509672,-0.3040989999999937,0.2715029999999956,0.4903280000000052,0.6376610607477917,29.732137494637012
911.0,224.0,166.0,128.0,226.0,176.0,148.0,224.67858099999998,165.830157,129.221644,-0.6785809999999799,0.16984299999998598,-1.2216439999999977,1.4077403457122206,22.44994432064365
912.0,130.0,196.0,132.0,122.0,186.0,142.0,130.702919,196.661803,131.073038,-0.7029190000000085,-0.6618029999999919,0.9269620000000032,1.3384083385925265,16.24807680927192
913.0,220.0,200.0,134.0,212.0,206.0,154.0,218.881245,199.82416700000002,133.324262,1.118754999999993,0.17583299999998303,0.6757379999999955,1.3187690618747365,22.360679774997898
914.0,84.0,60.0,136.0,104.0,50.0,132.0,83.90048099999998,60.194829000000006,135.74319200000002,0.09951900000001501,-0.1948290000000057,0.25680799999997816,0.337361407789916,22.715633383201094
915.0,94.0,164.0,136.0,92.0,148.0,142.0,94.97395900000001,163.766283,137.124914,-0.9739590000000078,0.23371700000001283,-1.1249139999999898,1.5062042614353466,17.204650534085253
916.0,240.0,180.0,136.0,238.0,192.0,158.0,240.154053,180.50128300000003,136.351294,-0.15405300000000466,-0.5012830000000292,-0.3512939999999958,0.6312087193108376,25.13961017995307
917.0,92.0,162.0,142.0,88.0,144.0,148.0,91.04664299999999,160.88933300000002,143.60680000000002,0.9533570000000111,1.110666999999978,-1.606800000000021,2.1735401984637965,19.390719429665317
918.0,44.0,232.0,144.0,24.0,200.0,150.0,44.515055,231.352355,145.52929799999998,-0.5150549999999967,0.6476450000000114,-1.529297999999983,1.7388151344677096,38.2099463490856
919.0,116.0,26.0,146.0,144.0,26.0,144.0,116.68981700000003,28.349153000000005,146.259444,-0.6898170000000334,-2.3491530000000047,-0.259444000000002,2.4620476234293416,28.071337695236398
920.0,234.0,170.0,146.0,234.0,180.0,166.0,234.70801300000002,169.562427,145.51202999999998,-0.7080130000000224,0.4375729999999862,0.48797000000001844,0.9648146243699034,22.360679774997898
921.0,176.0,118.0,152.0,184.0,120.0,162.0,175.47215100000003,117.87627900000001,151.434142,0.5278489999999749,0.12372099999998909,0.5658579999999915,0.7836623819004975,12.96148139681572
922.0,92.0,108.0,154.0,102.0,92.0,158.0,93.72985699999998,105.452595,156.978078,-1.7298569999999813,2.5474049999999977,-2.9780780000000107,4.2837630710110455,19.28730152198591
923.0,174.0,48.0,158.0,198.0,54.0,164.0,174.334051,47.53440500000001,158.423772,-0.3340509999999881,0.4655949999999933,-0.4237720000000138,0.7127071506656837,25.45584412271571
924.0,180.0,94.0,158.0,196.0,98.0,168.0,182.36778099999998,93.31797700000001,158.29354,-2.3677809999999795,0.6820229999999867,-0.29354000000000724,2.4814729432516263,19.28730152198591
925.0,46.0,220.0,162.0,26.0,188.0,166.0,45.389205,219.75644300000002,161.896286,0.6107950000000031,0.24355699999998137,0.10371399999999653,0.6656929758304454,37.94733192202055
926.0,112.0,166.0,170.0,106.0,150.0,178.0,111.905091,165.484247,170.435746,0.09490900000000124,0.5157529999999895,-0.43574599999999464,0.6818236222117745,18.867962264113206
927.0,160.0,192.0,174.0,150.0,184.0,190.0,160.84610099999998,192.28448300000002,175.158126,-0.846100999999976,-0.2844830000000229,-1.15812600000001,1.4622152069261198,20.493901531919196
928.0,120.0,178.0,176.0,110.0,162.0,186.0,118.969979,177.531695,176.676242,1.030021000000005,0.46830499999998665,-0.676242000000002,1.3181639033253796,21.354156504062622
929.0,90.0,158.0,178.0,84.0,138.0,182.0,89.522041,157.902299,177.229266,0.47795899999999847,0.0977010000000007,0.7707340000000045,0.9121519554536983,21.2602916254693
930.0,80.0,162.0,178.0,72.0,140.0,184.0,79.13313500000001,162.513697,179.954724,0.86686499999999,-0.5136970000000076,-1.9547239999999988,2.1991556225537985,24.166091947189145
931.0,176.0,156.0,188.0,170.0,150.0,202.0,173.11486700000003,154.226047,188.264378,2.8851329999999678,1.7739530000000059,-0.26437799999999356,3.3971749146580357,16.3707055437449
932.0,232.0,178.0,190.0,226.0,184.0,212.0,232.87505299999995,178.465005,190.072876,-0.8750529999999515,-0.4650049999999908,-0.07287600000000793,0.9936087329577511,23.57965224510319
933.0,64.0,134.0,192.0,62.0,110.0,192.0,64.303899,134.335113,191.30564,-0.30389900000000125,-0.3351130000000069,0.694359999999989,0.8287286254076119,24.08318915758459
934.0,168.0,198.0,192.0,154.0,190.0,210.0,167.834315,199.01301500000002,193.514818,0.1656849999999963,-1.0130150000000242,-1.5148179999999911,1.8298427480453126,24.166091947189145
935.0,138.0,36.0,196.0,160.0,32.0,198.0,138.139615,35.010739,196.355026,-0.13961499999999205,0.9892609999999991,-0.3550260000000094,1.06027031224212,22.44994432064365
936.0,144.0,10.0,198.0,172.0,10.0,198.0,144.428177,10.036715000000004,197.438962,-0.42817700000000514,-0.036715000000004494,0.5610379999999964,0.7067157646451653,28.0
937.0,232.0,172.0,198.0,226.0,178.0,220.0,232.39366699999997,172.868941,198.338764,-0.39366699999996513,-0.8689410000000066,-0.3387639999999976,1.0123207081088397,23.57965224510319
938.0,222.0,190.0,198.0,212.0,192.0,220.0,222.54710299999996,190.04626900000002,198.173312,-0.5471029999999644,-0.04626900000002365,-0.1733120000000099,0.5757599867253426,24.24871130596428
939.0,68.0,194.0,200.0,50.0,166.0,206.0,66.746419,195.13119500000002,200.494574,1.253580999999997,-1.1311950000000195,-0.49457400000000007,1.759451872903046,33.823069050575526
940.0,226.0,96.0,202.0,236.0,106.0,218.0,225.886201,96.907127,202.37293400000001,0.1137990000000002,-0.9071270000000027,-0.372934000000015,0.9873749920298853,21.354156504062622
941.0,108.0,162.0,204.0,100.0,144.0,212.0,108.543567,162.900997,204.223,-0.5435669999999959,-0.9009969999999896,-0.2230000000000132,1.0756345464413009,21.2602916254693
942.0,194.0,198.0,206.0,180.0,194.0,226.0,194.193689,198.972655,206.396958,-0.19368900000000622,-0.9726550000000032,-0.39695800000001213,1.0682456793781185,24.73863375370596
943.0,92.0,206.0,208.0,72.0,178.0,218.0,90.74831699999999,203.82173500000002,209.102286,1.251683000000014,2.178264999999982,-1.1022859999999923,2.7434618948529135,35.832945734337834
944.0,202.0,66.0,210.0,216.0,76.0,224.0,201.669999,70.608889,212.622636,0.33000100000001,-4.608889000000005,-2.622636,5.313094960831968,22.181073012818835
945.0,40.0,100.0,210.0,40.0,70.0,208.0,37.11120499999999,98.88292900000002,212.28802000000002,2.888795000000009,1.1170709999999815,-2.2880200000000173,3.850716776324388,30.066592756745816
946.0,28.0,64.0,212.0,42.0,38.0,202.0,31.456739000000006,65.261503,209.362554,-3.456739000000006,-1.2615030000000047,2.6374460000000113,4.5273121977665856,31.176914536239792
947.0,164.0,102.0,212.0,170.0,98.0,220.0,163.749051,102.17009300000001,210.489788,0.25094899999999143,-0.1700930000000085,1.5102119999999957,1.5403399995436025,10.770329614269007
948.0,54.0,80.0,222.0,58.0,54.0,220.0,51.415479,79.67935700000001,223.863244,2.5845210000000023,0.3206429999999898,-1.8632440000000088,3.2022240609342187,26.38181191654584
949.0,132.0,22.0,224.0,154.0,16.0,224.0,131.817317,21.622593000000002,223.383784,0.18268299999999726,0.37740699999999805,0.6162160000000085,0.7453397083169581,22.80350850198276
950.0,96.0,162.0,224.0,88.0,140.0,230.0,98.482699,162.470627,222.914962,-2.4826989999999967,-0.47062700000000746,1.0850379999999973,2.7500166470721563,24.166091947189145
951.0,46.0,158.0,228.0,32.0,124.0,230.0,43.606722999999995,157.375619,229.036418,2.3932770000000048,0.6243809999999996,-1.0364179999999976,2.68175105157321,36.823905279043935
952.0,204.0,74.0,10.0,236.0,96.0,16.0,203.296895,72.66055300000002,8.874500000000001,0.7031049999999937,1.3394469999999785,1.1254999999999988,1.8855304709375371,39.293765408777
953.0,148.0,34.0,14.0,186.0,48.0,12.0,146.642653,33.27512500000001,13.666067999999997,1.3573470000000043,0.7248749999999902,0.33393200000000256,1.5745936696995828,40.54626986542659
954.0,132.0,200.0,14.0,134.0,198.0,22.0,132.164711,198.225379,13.444526,-0.16471100000001115,1.7746209999999962,0.5554740000000002,1.8668049635240396,8.48528137423857
955.0,138.0,50.0,16.0,174.0,62.0,16.0,139.037723,50.32581700000001,17.186135999999998,-1.0377229999999997,-0.3258170000000078,-1.1861359999999976,1.6093304050797022,37.94733192202055
956.0,140.0,80.0,16.0,168.0,92.0,18.0,140.18336299999999,82.42754300000001,16.779294,-0.18336299999998573,-2.427543000000014,-0.7792940000000002,2.556146737778186,30.528675044947494
957.0,152.0,86.0,16.0,180.0,98.0,20.0,152.698061,86.29377300000002,17.150447999999997,-0.6980609999999956,-0.2937730000000158,-1.1504479999999973,1.3773606412098456,30.72458299147443
958.0,80.0,82.0,18.0,108.0,82.0,16.0,82.72199699999999,84.15188900000001,20.7399,-2.7219969999999876,-2.1518890000000113,-2.7398999999999987,4.421192819401793,28.071337695236398
959.0,80.0,120.0,18.0,98.0,114.0,14.0,80.21935099999999,118.83415500000001,16.623902,-0.21935099999998897,1.1658449999999903,1.376097999999999,1.8168530845475561,19.390719429665317
960.0,140.0,86.0,26.0,166.0,96.0,28.0,140.21876100000003,87.62443700000003,26.193004000000002,-0.21876100000002907,-1.6244370000000288,-0.19300400000000195,1.6504249410700589,27.92848008753788
961.0,94.0,106.0,26.0,114.0,104.0,24.0,93.77515700000001,106.046153,25.873488,0.2248429999999928,-0.046153000000003885,0.12651200000000173,0.26208731408062763,20.199009876724155
962.0,58.0,36.0,32.0,94.0,32.0,22.0,59.713861,36.141099000000004,32.379478,-1.7138610000000014,-0.14109900000000408,-0.37947799999999887,1.761031518061504,37.57658845611187
963.0,186.0,82.0,34.0,214.0,98.0,38.0,185.74693899999997,80.67661100000001,31.675438,0.25306100000003084,1.3233889999999917,2.3245620000000002,2.6868172261778422,32.49615361854384
964.0,128.0,144.0,34.0,140.0,146.0,40.0,128.309661,144.958073,35.175572,-0.3096610000000055,-0.958073000000013,-1.1755720000000025,1.5478253568907683,13.564659966250536
965.0,50.0,182.0,34.0,50.0,164.0,32.0,48.711177,181.025137,33.194599999999994,1.2888230000000007,0.9748629999999991,0.8054000000000059,1.8055724172954155,18.110770276274835
966.0,118.0,122.0,36.0,134.0,122.0,38.0,117.433299,121.42941100000002,36.00587,0.5667009999999948,0.570588999999984,-0.005870000000001596,0.8042115935635198,16.1245154965971
967.0,156.0,94.0,38.0,178.0,106.0,42.0,154.80813499999996,96.42235100000002,37.738234,1.1918650000000355,-2.4223510000000203,0.2617660000000015,2.7123510068171828,25.37715508089904
968.0,100.0,108.0,42.0,118.0,106.0,42.0,99.70047499999998,108.53587100000001,42.681874,0.2995250000000169,-0.5358710000000144,-0.6818740000000005,0.9175102757691743,18.110770276274835
969.0,194.0,230.0,46.0,188.0,236.0,64.0,194.18621100000001,229.18554500000002,45.843427999999996,-0.18621100000001434,0.814454999999981,0.15657200000000415,0.8500154555830005,19.8997487421324
970.0,182.0,64.0,50.0,212.0,80.0,54.0,181.65643500000002,63.73790700000001,48.937274,0.3435649999999839,0.262092999999993,1.0627259999999978,1.1472210776262701,34.23448553724738
971.0,192.0,80.0,52.0,218.0,96.0,58.0,191.014073,79.20466300000001,50.785826,0.9859270000000038,0.7953369999999893,1.2141739999999999,1.754659937188397,31.11269837220809
972.0,78.0,20.0,56.0,114.0,18.0,46.0,77.49946299999999,19.415307000000002,55.152414,0.5005370000000084,0.5846929999999979,0.8475859999999997,1.144904022184395,37.416573867739416
973.0,190.0,62.0,56.0,220.0,80.0,62.0,189.813547,62.677067000000015,55.978738,0.1864530000000002,-0.6770670000000152,0.021262000000000114,0.7025927101401072,35.4964786985977
974.0,36.0,186.0,56.0,34.0,164.0,54.0,36.241717,185.77972300000002,55.689598,-0.2417170000000013,0.22027699999998163,0.3104020000000034,0.4508863120809886,22.181073012818835
975.0,90.0,198.0,56.0,88.0,186.0,60.0,91.17864899999998,197.844597,54.94312,-1.1786489999999787,0.15540300000000684,1.0568799999999996,1.590710184794814,12.806248474865697
976.0,228.0,216.0,56.0,226.0,230.0,76.0,229.01105499999997,216.194733,54.828652000000005,-1.0110549999999705,-0.1947330000000136,1.1713479999999947,1.559554196370852,24.49489742783178
977.0,86.0,22.0,60.0,122.0,22.0,52.0,86.31475899999998,22.316133000000004,59.891875999999996,-0.3147589999999809,-0.3161330000000042,0.10812400000000366,0.4590251639572622,36.87817782917155
978.0,144.0,78.0,62.0,168.0,86.0,64.0,143.546741,79.46438500000001,61.623108,0.45325900000000274,-1.4643850000000072,0.376891999999998,1.5785799723073968,25.37715508089904
979.0,68.0,118.0,62.0,82.0,106.0,60.0,68.45708299999998,117.05114900000001,62.974444,-0.45708299999998303,0.9488509999999906,-0.9744439999999983,1.4348464023113985,18.547236990991408
980.0,234.0,180.0,62.0,238.0,198.0,82.0,233.75533500000003,181.38583100000002,62.63017,0.24466499999996927,-1.3858310000000245,-0.6301699999999997,1.5419152868060075,27.202941017470888
981.0,102.0,198.0,68.0,100.0,188.0,74.0,104.04694299999997,198.44203100000001,67.242046,-2.0469429999999704,-0.4420310000000143,0.757953999999998,2.2270746095103973,11.832159566199232
982.0,216.0,188.0,72.0,218.0,200.0,90.0,216.62580899999998,188.028087,71.790242,-0.6258089999999754,-0.028086999999999307,0.20975799999999367,0.6606241008425037,21.72556098240043
983.0,98.0,214.0,72.0,92.0,202.0,80.0,100.31821300000001,214.82372900000001,72.357692,-2.3182130000000143,-0.8237290000000144,-0.3576920000000001,2.4860781455284324,15.620499351813308
984.0,130.0,28.0,76.0,166.0,32.0,74.0,131.104309,25.207799,76.501114,-1.1043090000000007,2.7922009999999986,-0.5011140000000012,3.044174770422683,36.27671429443411
985.0,180.0,138.0,76.0,192.0,144.0,88.0,180.49590700000002,135.73534500000002,77.283204,-0.49590700000001675,2.2646549999999763,-1.2832039999999978,2.6497544277328613,18.0
986.0,212.0,196.0,76.0,212.0,206.0,94.0,212.810565,195.66694700000002,75.569642,-0.8105649999999969,0.3330529999999783,0.43035799999999824,0.9762929520374399,20.591260281974
987.0,160.0,222.0,78.0,152.0,220.0,94.0,160.71479499999998,222.13130700000002,79.19431399999999,-0.714794999999981,-0.13130700000002093,-1.1943139999999914,1.3980555607235208,18.0
988.0,210.0,190.0,82.0,210.0,198.0,102.0,210.06198700000002,188.42454700000002,84.18874199999999,-0.061987000000016224,1.5754529999999818,-2.1887419999999906,2.697496262451888,21.540659228538015
989.0,84.0,28.0,86.0,116.0,24.0,80.0,84.06724700000001,27.517641,87.149972,-0.06724700000000894,0.48235899999999887,-1.1499720000000053,1.2488506574743086,32.802438933713454
990.0,164.0,140.0,90.0,174.0,142.0,100.0,164.74747499999998,138.15072500000002,90.505644,-0.7474749999999801,1.8492749999999774,-0.5056440000000038,2.057720281278748,14.2828568570857
991.0,112.0,112.0,92.0,124.0,106.0,94.0,110.47249699999998,110.92744300000001,92.241514,1.5275030000000243,1.072556999999989,-0.24151399999999512,1.8820130035294784,13.564659966250536
992.0,150.0,144.0,92.0,158.0,144.0,100.0,150.482369,143.43111700000003,91.635524,-0.4823690000000056,0.5688829999999712,0.36447599999999625,0.8301508744956967,11.313708498984761
993.0,136.0,36.0,98.0,166.0,42.0,96.0,135.48157500000002,36.982713000000004,96.735688,0.5184249999999793,-0.9827130000000039,1.2643120000000039,1.6831441276189023,30.659419433511783
994.0,58.0,56.0,100.0,80.0,44.0,94.0,56.721843,56.256971,101.707994,1.2781570000000002,-0.25697100000000006,-1.7079939999999993,2.148711920087474,25.768197453450252
995.0,172.0,64.0,100.0,196.0,74.0,106.0,170.931505,64.42074300000002,100.874854,1.0684950000000129,-0.42074300000001585,-0.8748539999999991,1.443632833649207,26.68332812825267
996.0,92.0,34.0,106.0,120.0,30.0,102.0,91.25781699999999,34.384747000000004,107.431818,0.7421830000000114,-0.3847470000000044,-1.431818000000007,1.658001400669505,28.5657137141714
997.0,76.0,42.0,108.0,104.0,34.0,100.0,77.22062499999998,41.576685,106.44812,-1.220624999999984,0.42331500000000233,1.551879999999997,2.019270292519046,30.199337741083
998.0,38.0,74.0,108.0,58.0,56.0,102.0,39.906744999999994,73.553611,110.090734,-1.9067449999999937,0.44638899999999637,-2.0907339999999976,2.8646305683459365,27.568097504180443
999.0,206.0,146.0,110.0,212.0,156.0,126.0,205.29151099999999,146.631131,111.082706,0.7084890000000144,-0.6311310000000105,-1.0827060000000017,1.4396302597257524,19.79898987322333
1000.0,214.0,154.0,114.0,220.0,164.0,132.0,214.967347,153.63219700000002,115.44532,-0.9673469999999895,0.3678029999999808,-1.4453199999999953,1.7776358366150116,21.447610589527216
1001.0,190.0,202.0,114.0,190.0,208.0,130.0,196.677101,204.653023,111.846658,-6.677100999999993,-2.6530229999999904,2.153341999999995,7.5006060136294215,17.08800749063506
1002.0,174.0,62.0,116.0,196.0,68.0,122.0,171.25954299999998,59.37897500000001,116.841358,2.7404570000000206,2.621024999999989,-0.8413579999999996,3.8842965777136604,23.57965224510319
1003.0,96.0,196.0,116.0,88.0,180.0,122.0,96.160875,195.99003100000002,115.188166,-0.16087500000000432,0.009968999999983907,0.8118340000000046,0.8276802463161778,18.867962264113206
1004.0,170.0,58.0,118.0,194.0,66.0,124.0,169.19470700000002,57.871213000000004,119.119724,0.8052929999999776,0.12878699999999554,-1.119724000000005,1.3852309350407874,26.0
1005.0,118.0,82.0,120.0,136.0,78.0,122.0,118.303233,81.74309500000001,120.842878,-0.30323300000000586,0.25690499999998906,-0.8428779999999989,0.9318764693874376,18.547236990991408
1006.0,114.0,104.0,120.0,126.0,98.0,122.0,113.421323,104.263215,119.782578,0.578676999999999,-0.2632150000000024,0.21742199999999912,0.6718791056715484,13.564659966250536
1007.0,110.0,76.0,122.0,130.0,70.0,120.0,110.869031,74.61539300000001,120.165784,-0.8690310000000068,1.3846069999999884,1.8342159999999978,2.4569696290483467,20.97617696340303
1008.0,126.0,80.0,122.0,144.0,78.0,124.0,125.85327700000002,80.26653300000001,122.10888,0.14672299999998017,-0.2665330000000097,-0.1088799999999992,0.3231444463672541,18.2208671582886
1009.0,190.0,124.0,122.0,200.0,132.0,134.0,189.91616299999998,125.00669100000002,122.033138,0.08383700000001681,-1.0066910000000178,-0.033137999999993895,1.0107193176614555,17.549928774784245
1010.0,166.0,158.0,122.0,168.0,158.0,134.0,166.118921,158.118795,122.220234,-0.11892100000000028,-0.11879500000000576,-0.22023400000000493,0.27705138697000525,12.165525060596439
1011.0,208.0,182.0,126.0,206.0,188.0,144.0,208.48626900000002,181.891569,125.888672,-0.4862690000000214,0.10843099999999595,0.11132800000000032,0.5104985266443185,19.078784028338912
1012.0,148.0,184.0,128.0,142.0,178.0,140.0,147.14870299999998,184.284909,128.25369999999998,0.8512970000000166,-0.28490899999999897,-0.2536999999999807,0.932868377902273,14.696938456699069
1013.0,152.0,186.0,128.0,146.0,180.0,140.0,151.252817,185.527461,127.73570000000001,0.7471830000000068,0.4725390000000118,0.26429999999999154,0.9227296635580851,14.696938456699069
1014.0,154.0,208.0,128.0,142.0,202.0,142.0,152.514299,209.024923,127.917766,1.485701000000006,-1.0249230000000011,0.0822339999999997,1.806802990944508,19.390719429665317
1015.0,120.0,78.0,132.0,140.0,74.0,132.0,122.12831700000001,77.52815700000001,130.51592,-2.12831700000001,0.4718429999999927,1.4840800000000058,2.6372073326794108,20.396078054371138
1016.0,106.0,90.0,132.0,122.0,82.0,132.0,107.31709899999998,89.36269300000001,131.245316,-1.3170989999999847,0.6373069999999927,0.7546839999999975,1.6463468431366297,17.88854381999832
1017.0,180.0,82.0,134.0,198.0,88.0,142.0,179.422725,80.862131,134.04387,0.577274999999986,1.137868999999995,-0.0438699999999983,1.276681974371837,20.591260281974
1018.0,112.0,104.0,134.0,124.0,96.0,136.0,112.57062300000001,103.58689700000002,133.61186800000002,-0.5706230000000119,0.41310299999997824,0.3881319999999846,0.8043078677732698,14.560219778561036
1019.0,78.0,42.0,136.0,102.0,32.0,130.0,77.98877300000001,42.008959000000004,135.678642,0.011226999999990994,-0.00895900000000438,0.3213580000000036,0.32167883575703604,26.68332812825267
1020.0,232.0,190.0,138.0,228.0,198.0,160.0,232.46260900000001,188.809137,138.53511600000002,-0.4626090000000147,1.1908630000000073,-0.5351160000000164,1.3851032109940575,23.748684174075834
1021.0,228.0,198.0,140.0,218.0,206.0,158.0,224.79672300000001,198.88996300000002,136.680206,3.2032769999999857,-0.8899630000000229,3.3197940000000017,4.698302872584308,22.090722034374522
1022.0,56.0,116.0,142.0,62.0,96.0,140.0,56.03075299999998,116.381349,142.570604,-0.030752999999982933,-0.38134900000000016,-0.570604000000003,0.6869947100422262,20.97617696340303
1023.0,62.0,34.0,144.0,86.0,20.0,136.0,61.318845,33.354233,143.902952,0.6811549999999968,0.6457669999999993,0.09704800000000091,0.943612985613273,28.91366458960192
1024.0,52.0,36.0,144.0,76.0,20.0,136.0,52.134235,35.373153,144.72689200000002,-0.13423499999999677,0.6268469999999979,-0.7268920000000207,0.9691894429357074,29.93325909419153
1025.0,240.0,194.0,144.0,234.0,202.0,166.0,239.440983,192.11374700000002,143.439366,0.5590170000000114,1.8862529999999822,0.5606339999999932,2.045668807078491,24.166091947189145
1026.0,52.0,204.0,144.0,38.0,176.0,146.0,51.805557,203.64727900000003,142.786562,0.1944429999999997,0.3527209999999741,1.2134379999999965,1.2785350851400101,31.368774282716245
1027.0,100.0,46.0,146.0,122.0,38.0,144.0,99.06529499999999,45.091497000000004,146.94156800000002,0.9347050000000081,0.9085029999999961,-0.941568000000018,1.607980546106837,23.49468024894146
1028.0,144.0,60.0,146.0,166.0,60.0,150.0,144.817617,59.17529100000001,147.01903,-0.8176170000000127,0.8247089999999915,-1.0190299999999866,1.5450128265713456,22.360679774997898
1029.0,46.0,108.0,146.0,54.0,86.0,142.0,46.73407099999999,107.88445899999999,146.09703000000002,-0.734070999999993,0.11554100000000744,-0.09703000000001794,0.749416290603557,23.748684174075834
1030.0,106.0,72.0,148.0,122.0,64.0,148.0,105.06351699999999,72.020205,148.342364,0.9364830000000097,-0.020205000000004247,-0.34236400000000344,0.9973072544657542,17.88854381999832
1031.0,74.0,32.0,150.0,100.0,22.0,144.0,75.41699299999999,33.132161,150.261628,-1.4169929999999908,-1.1321610000000035,-0.26162800000000175,1.8325138205083156,28.495613697550013
1032.0,134.0,78.0,150.0,152.0,76.0,152.0,135.60367899999997,78.541313,148.590308,-1.6036789999999712,-0.5413130000000024,1.4096920000000068,2.202734126914533,18.2208671582886
1033.0,176.0,44.0,152.0,200.0,52.0,156.0,174.931279,44.526205000000004,150.746792,1.0687210000000107,-0.5262050000000045,1.2532080000000008,1.729042095823589,25.612496949731394
1034.0,60.0,44.0,156.0,82.0,28.0,146.0,60.377861,43.05515100000001,153.104602,-0.3778610000000029,0.9448489999999907,2.895398,3.069014197837147,28.982753492378876
1035.0,104.0,182.0,156.0,96.0,164.0,164.0,104.315879,180.883989,156.46464,-0.31587899999999536,1.116010999999986,-0.46464000000000283,1.2494600531277376,21.2602916254693
1036.0,208.0,112.0,160.0,218.0,120.0,176.0,208.116317,111.98196900000002,162.108824,-0.11631700000000933,0.018030999999979258,-2.1088239999999985,2.1121063951482166,20.493901531919196
1037.0,160.0,180.0,160.0,154.0,174.0,172.0,160.547391,179.979149,158.444284,-0.5473910000000046,0.02085099999999329,1.5557159999999897,1.649340457194321,14.696938456699069
1038.0,196.0,200.0,160.0,184.0,196.0,182.0,193.84597100000002,197.166579,163.52557000000002,2.15402899999998,2.833420999999987,-3.525570000000016,5.0097663938533055,25.37715508089904
1039.0,230.0,208.0,160.0,220.0,214.0,184.0,230.985353,208.488121,160.788724,-0.9853530000000035,-0.4881210000000067,-0.788724000000002,1.3532435824440538,26.68332812825267
1040.0,142.0,36.0,170.0,168.0,36.0,172.0,143.71721499999998,35.694381,170.292024,-1.7172149999999817,0.3056190000000001,-0.29202399999999784,1.7684762780320056,26.076809620810597
1041.0,98.0,68.0,170.0,112.0,56.0,170.0,96.38374300000001,67.362959,171.096694,1.6162569999999903,0.6370409999999964,-1.0966940000000136,2.054469677402418,18.439088914585774
1042.0,136.0,218.0,170.0,120.0,202.0,184.0,136.55763299999998,216.376601,170.158668,-0.5576329999999814,1.6233990000000063,-0.1586680000000058,1.7238197150844985,26.60826939130014
1043.0,218.0,106.0,172.0,228.0,116.0,186.0,217.452167,106.55567900000003,171.287502,0.5478329999999971,-0.5556790000000262,0.7124980000000107,1.0566709738296218,19.8997487421324
1044.0,52.0,48.0,174.0,72.0,28.0,164.0,53.014455000000005,46.321237,171.254928,-1.0144550000000052,1.6787629999999965,2.7450719999999933,3.3738382359529275,30.0
1045.0,144.0,192.0,174.0,132.0,180.0,186.0,143.048551,191.541151,173.167758,0.9514489999999967,0.4588489999999865,0.8322420000000079,1.3447766918585384,20.784609690826528
1046.0,76.0,122.0,176.0,78.0,102.0,176.0,75.659347,121.795769,175.3398,0.3406530000000032,0.20423099999999295,0.6602000000000032,0.7704666169082237,20.09975124224178
1047.0,178.0,192.0,176.0,168.0,188.0,194.0,178.643651,193.027815,177.148494,-0.6436510000000055,-1.027815000000004,-1.1484939999999995,1.6702481109290361,20.97617696340303
1048.0,96.0,94.0,178.0,106.0,80.0,178.0,96.845641,93.73004700000001,177.030586,-0.8456410000000005,0.2699529999999868,0.9694140000000004,1.3144378366761946,17.204650534085253
1049.0,82.0,102.0,180.0,88.0,84.0,180.0,81.376239,101.60291700000002,180.061984,0.6237610000000018,0.39708299999998076,-0.061983999999995376,0.7420206939607455,18.973665961010276
1050.0,60.0,138.0,180.0,58.0,114.0,180.0,60.276458999999996,138.41147700000002,179.707444,-0.27645899999999557,-0.4114770000000192,0.2925559999999905,0.5756143790299264,24.08318915758459
1051.0,82.0,144.0,180.0,80.0,122.0,184.0,82.608393,142.447481,180.991388,-0.6083930000000066,1.5525189999999895,-0.9913880000000006,1.9399246001723822,22.44994432064365
1052.0,144.0,46.0,182.0,166.0,44.0,184.0,144.815509,45.130089000000005,181.25404,-0.8155089999999916,0.8699109999999948,0.7459599999999966,1.4065050297108688,22.181073012818835
1053.0,168.0,194.0,182.0,162.0,188.0,200.0,173.739953,194.65488900000003,183.41832,-5.739953000000014,-0.6548890000000256,-1.4183199999999943,5.94874538595578,19.8997487421324
1054.0,230.0,172.0,184.0,224.0,178.0,206.0,229.140253,172.302707,185.027474,0.8597469999999987,-0.30270699999999806,-1.0274740000000122,1.3734989088215621,23.57965224510319
1055.0,68.0,50.0,186.0,84.0,34.0,182.0,67.148001,51.296059,187.027314,0.8519990000000064,-1.2960589999999996,-1.0273139999999898,1.8603884761194338,22.978250586152114
1056.0,200.0,94.0,186.0,214.0,100.0,196.0,202.16333299999997,93.67407700000001,183.57418,-2.163332999999966,0.32592299999998886,2.4258199999999874,3.2666248855994753,18.2208671582886
1057.0,186.0,164.0,188.0,180.0,160.0,204.0,184.653183,162.596301,188.423472,1.3468169999999873,1.403698999999989,-0.42347200000000385,1.990883082673098,17.549928774784245
1058.0,68.0,116.0,190.0,70.0,94.0,190.0,68.007071,116.180443,190.228726,-0.007070999999996275,-0.1804429999999968,-0.22872599999999466,0.2914193857072593,22.090722034374522
1059.0,54.0,158.0,194.0,46.0,128.0,196.0,53.885664999999996,156.293613,194.778436,0.11433500000000407,1.7063870000000065,-0.7784359999999992,1.8790400985849192,31.11269837220809
1060.0,168.0,200.0,194.0,154.0,192.0,212.0,168.466941,201.201709,195.251548,-0.4669409999999914,-1.201708999999994,-1.2515480000000139,1.7968057252986511,24.166091947189145
1061.0,82.0,186.0,206.0,66.0,160.0,212.0,80.75805299999999,186.166285,205.51700400000001,1.2419470000000103,-0.1662849999999878,0.48299599999998577,1.3428954494114602,31.11269837220809
1062.0,202.0,218.0,206.0,184.0,214.0,228.0,202.372589,218.80486100000002,206.108296,-0.37258900000000494,-0.8048610000000167,-0.10829599999999573,0.8935053530102826,28.705400188814647
1063.0,192.0,54.0,208.0,212.0,58.0,216.0,193.314301,52.41108100000001,206.947412,-1.3143010000000004,1.58891899999999,1.0525879999999859,2.3151656970735246,21.908902300206645
1064.0,156.0,90.0,208.0,162.0,86.0,214.0,153.21267500000002,91.06878700000001,206.504022,2.7873249999999814,-1.0687870000000146,1.495978000000008,3.3390771904042515,9.38083151964686
1065.0,226.0,128.0,208.0,228.0,134.0,226.0,225.37171700000002,127.77823900000001,208.094766,0.6282829999999819,0.22176099999998655,-0.0947659999999928,0.6729770159269706,19.078784028338912
1066.0,116.0,152.0,208.0,110.0,136.0,218.0,116.61416500000001,153.097319,209.92821800000002,-0.6141650000000141,-1.0973189999999988,-1.9282180000000153,2.3020278648422297,19.79898987322333
1067.0,242.0,170.0,214.0,234.0,176.0,236.0,240.92993299999998,170.312277,213.269268,1.070067000000023,-0.3122769999999946,0.7307319999999891,1.3328651713665676,24.166091947189145
1068.0,192.0,60.0,216.0,208.0,64.0,226.0,191.943047,60.061879000000005,216.337486,0.056952999999992926,-0.06187900000000468,-0.3374860000000126,0.3478066345629541,19.28730152198591
1069.0,60.0,166.0,216.0,48.0,136.0,220.0,59.87193899999999,165.75319700000003,216.9618,0.12806100000000953,0.24680299999997146,-0.9618000000000109,1.0011845886398818,32.55764119219941
1070.0,58.0,80.0,220.0,64.0,56.0,216.0,56.951803000000005,80.24097700000002,219.330148,1.0481969999999947,-0.2409770000000151,0.6698519999999917,1.267078753370123,25.059928172283335
1071.0,122.0,168.0,220.0,112.0,150.0,232.0,122.879469,168.01439299999998,221.92054000000002,-0.8794690000000003,-0.014392999999984113,-1.9205400000000168,2.112379410051628,23.83275057562597
1072.0,122.0,34.0,224.0,140.0,26.0,224.0,121.11021300000002,34.699681000000005,223.59518,0.8897869999999841,-0.6996810000000053,0.40482000000000085,1.202145431938241,19.697715603592208
1073.0,116.0,46.0,224.0,132.0,36.0,224.0,115.91387499999999,46.565417000000004,223.31221200000002,0.08612500000000978,-0.5654170000000036,0.6877879999999834,0.89452011294212,18.867962264113206
1074.0,198.0,58.0,224.0,214.0,62.0,234.0,197.832967,57.35470300000001,223.73216200000002,0.16703300000000354,0.6452969999999922,0.26783799999998337,0.7183630248989589,19.28730152198591
1075.0,92.0,160.0,230.0,80.0,136.0,236.0,90.88153899999998,160.40124500000002,229.726424,1.1184610000000248,-0.40124500000001717,0.2735759999999914,1.2193426041609736,27.49545416973504
1076.0,58.0,172.0,230.0,44.0,142.0,232.0,58.703041000000006,173.542569,228.277028,-0.703041000000006,-1.542568999999986,1.7229719999999986,2.417109488671533,33.166247903554
1077.0,42.0,76.0,232.0,48.0,48.0,226.0,41.547126999999996,75.963639,231.027918,0.45287300000000386,0.03636099999999942,0.9720820000000003,1.073014208281514,29.257477676655586
1078.0,122.0,50.0,238.0,134.0,40.0,240.0,120.230185,51.370465,238.171808,1.7698149999999941,-1.370465000000003,-0.17180799999999863,2.2449804986489275,15.748015748023622
1079.0,106.0,52.0,238.0,116.0,38.0,240.0,103.267617,52.954401000000004,239.843324,2.7323829999999987,-0.9544010000000043,-1.8433239999999955,3.4314197493845002,17.320508075688775
1080.0,140.0,46.0,242.0,156.0,40.0,246.0,141.043395,47.34456300000001,242.134602,-1.0433950000000038,-1.344563000000008,-0.134602000000001,1.7072318194662461,17.549928774784245
1081.0,132.0,60.0,4.0,168.0,68.0,4.0,133.60363099999998,56.856085,5.564304,-1.6036309999999787,3.143915,-1.564304,3.86042496570027,36.87817782917155
1082.0,160.0,236.0,4.0,156.0,236.0,16.0,159.938915,232.320313,2.2763399999999976,0.061084999999991396,3.6796870000000013,1.7236600000000024,4.063844434866327,12.649110640673518
1083.0,140.0,92.0,8.0,164.0,104.0,8.0,138.079359,94.842961,6.352556,1.9206409999999892,-2.8429610000000025,1.6474440000000001,3.8059638505295834,26.832815729997478
1084.0,128.0,104.0,8.0,152.0,108.0,8.0,127.91836699999999,101.365905,6.964435999999999,0.08163300000001072,2.634095000000002,1.0355640000000008,2.831521360295559,24.331050121192877
1085.0,156.0,44.0,12.0,192.0,60.0,12.0,154.735039,44.36449300000001,12.04116,1.2649609999999996,-0.36449300000001017,-0.04115999999999964,1.3170708500950152,39.395431207184416
1086.0,192.0,40.0,16.0,228.0,64.0,20.0,189.46959900000002,41.75091700000001,16.398744,2.5304009999999835,-1.7509170000000083,-0.39874400000000065,3.102843266945004,43.45112196480086
1087.0,84.0,92.0,16.0,108.0,80.0,16.0,82.29172700000001,82.10176900000002,20.928324,1.7082729999999913,9.898230999999981,-4.928324,11.188456150017553,26.832815729997478
1088.0,136.0,192.0,16.0,140.0,192.0,24.0,136.587023,191.00224100000003,15.440587999999998,-0.5870229999999879,0.9977589999999736,0.5594120000000018,1.285714124661441,8.94427190999916
1089.0,148.0,108.0,20.0,168.0,120.0,24.0,146.814211,111.54494500000001,19.91682,1.1857889999999998,-3.5449450000000127,0.0831799999999987,3.7389369502501766,23.664319132398465
1090.0,128.0,20.0,24.0,168.0,28.0,20.0,126.61707899999999,16.962277,24.734015999999997,1.3829210000000103,3.0377229999999997,-0.7340159999999969,3.41745680371033,40.98780306383839
1091.0,144.0,208.0,24.0,140.0,212.0,36.0,142.103859,212.334885,25.107272000000002,1.896141,-4.334885000000014,-1.1072720000000018,4.859282862428377,13.2664991614216
1092.0,128.0,160.0,28.0,136.0,160.0,32.0,126.83828300000002,159.562185,26.485564,1.1617169999999817,0.4378150000000005,1.514436,1.9582606466989927,8.94427190999916
1093.0,144.0,80.0,32.0,168.0,92.0,32.0,141.599855,83.39756100000001,30.255372,2.400145000000009,-3.3975610000000103,1.7446279999999987,4.510858413664755,26.832815729997478
1094.0,156.0,92.0,32.0,180.0,104.0,40.0,156.01243100000002,93.82987300000002,35.836715999999996,-0.012431000000020731,-1.8298730000000205,-3.8367159999999956,4.250762212891476,28.0
1095.0,36.0,116.0,32.0,52.0,100.0,24.0,35.970035,114.46321700000001,31.358764,0.029964999999997133,1.5367829999999856,0.6412359999999993,1.6654679516610202,24.0
1096.0,44.0,124.0,32.0,60.0,112.0,24.0,45.899342999999995,125.14880099999999,29.569068,-1.8993429999999947,-1.1488009999999917,2.4309319999999985,3.291910988753182,21.540659228538015
1097.0,188.0,92.0,36.0,212.0,108.0,44.0,186.668435,91.74671700000002,36.673568,1.3315650000000119,0.25328299999998194,-0.673568000000003,1.513575725868391,29.93325909419153
1098.0,128.0,144.0,36.0,140.0,144.0,40.0,127.87939100000003,142.90795300000002,35.363996,0.12060899999997332,1.0920469999999796,0.6360039999999998,1.2694937058158062,12.649110640673518
1099.0,132.0,188.0,36.0,136.0,188.0,44.0,134.076199,189.09530900000001,35.398552,-2.0761990000000026,-1.0953090000000145,0.6014479999999978,2.4232300323712646,8.94427190999916
1100.0,100.0,112.0,40.0,116.0,108.0,40.0,98.09146700000002,110.851201,40.733084,1.9085329999999772,1.1487989999999968,-0.7330839999999981,2.3451331530524877,16.492422502470642
1101.0,80.0,132.0,40.0,96.0,124.0,36.0,82.759695,131.012853,37.023264,-2.7596949999999936,0.9871469999999931,2.9767360000000025,4.177479252651049,18.33030277982336
1102.0,228.0,204.0,48.0,228.0,220.0,68.0,227.88720300000003,204.986053,47.905367999999996,0.11279699999997206,-0.9860529999999983,0.09463200000000427,0.9969849033169916,25.612496949731394
1103.0,88.0,172.0,52.0,92.0,152.0,56.0,87.13319100000001,161.90784100000002,53.966443999999996,0.8668089999999893,10.092158999999981,-1.9664439999999956,10.318426872779474,20.784609690826528
1104.0,56.0,128.0,56.0,64.0,116.0,52.0,53.266710999999994,130.38150900000002,55.8148,2.7332890000000063,-2.3815090000000225,0.1852000000000018,3.6299797402467884,14.966629547095765
1105.0,92.0,200.0,56.0,88.0,188.0,60.0,91.60891899999999,199.894717,54.754696,0.391081000000014,0.1052829999999858,1.2453039999999973,1.309507888890327,13.2664991614216
1106.0,228.0,216.0,56.0,224.0,228.0,76.0,226.743863,214.54839700000002,55.181864000000004,1.2561369999999954,1.4516029999999773,0.8181359999999955,2.086714629956362,23.664319132398465
1107.0,88.0,24.0,60.0,124.0,24.0,52.0,88.581951,23.962469000000002,59.538664,-0.5819510000000037,0.03753099999999776,0.46133600000000285,0.743576793114206,36.87817782917155
1108.0,92.0,60.0,60.0,120.0,60.0,52.0,92.65296699999999,61.672197000000004,56.476608,-0.6529669999999896,-1.6721970000000042,3.523392000000001,3.9543520196818607,29.120439557122072
1109.0,144.0,160.0,60.0,148.0,160.0,68.0,141.50222300000001,159.633813,60.149608,2.497776999999985,0.3661869999999965,-0.14960800000000063,2.5289059718308873,8.94427190999916
1110.0,128.0,56.0,64.0,156.0,60.0,64.0,126.93169899999998,55.23552900000001,65.06134800000001,1.0683010000000195,0.7644709999999932,-1.0613480000000095,1.6888287401468662,28.284271247461902
1111.0,84.0,144.0,64.0,92.0,132.0,64.0,83.639915,141.96093700000003,63.5513,0.360084999999998,2.0390629999999703,0.4487000000000023,2.1186719461006414,14.422205101855956
1112.0,104.0,160.0,64.0,112.0,152.0,68.0,106.71654699999999,158.701445,63.869488,-2.7165469999999914,1.2985549999999932,0.13051200000000307,3.013786003248727,12.0
1113.0,76.0,176.0,64.0,72.0,164.0,64.0,72.15501499999999,178.800697,62.184396,3.8449850000000083,-2.8006970000000138,1.8156040000000004,5.091584352718724,12.649110640673518
1114.0,96.0,88.0,72.0,116.0,84.0,68.0,95.761211,88.189797,69.946328,0.23878899999999703,-0.18979699999999866,2.053672000000006,2.076201283911081,20.784609690826528
1115.0,180.0,112.0,72.0,196.0,124.0,80.0,179.057627,113.87228100000002,71.137252,0.9423730000000035,-1.8722810000000152,0.8627479999999963,2.266679758058923,21.540659228538015
1116.0,216.0,188.0,72.0,212.0,208.0,92.0,213.038479,197.578493,73.456064,2.9615210000000047,-9.578493000000009,-1.4560639999999978,10.131054098986255,28.5657137141714
1117.0,92.0,196.0,72.0,92.0,184.0,80.0,96.445783,196.372649,74.053508,-4.445783000000006,-0.37264899999999557,-2.0535079999999937,4.91128790302035,14.422205101855956
1118.0,104.0,216.0,72.0,96.0,204.0,80.0,104.42232700000002,216.066281,71.839692,-0.4223270000000241,-0.06628100000000359,0.16030800000000056,0.45656535211732946,16.492422502470642
1119.0,112.0,56.0,76.0,140.0,56.0,72.0,112.18520700000002,54.91985700000001,74.457116,-0.18520700000001966,1.0801429999999925,1.5428840000000008,1.8924855536447283,28.284271247461902
1120.0,76.0,84.0,76.0,96.0,76.0,72.0,76.07562300000001,84.304305,76.198212,-0.07562300000000732,-0.3043049999999994,-0.19821199999999806,0.3709560190885167,21.908902300206645
1121.0,132.0,136.0,76.0,140.0,132.0,84.0,129.749603,133.65586100000002,78.847928,2.2503969999999924,2.344138999999984,-2.847927999999996,4.3208758605303474,12.0
1122.0,132.0,28.0,80.0,168.0,32.0,76.0,133.143587,24.942589,78.26148,-1.1435869999999966,3.0574109999999983,1.738519999999994,3.698378704228376,36.4417343165772
1123.0,100.0,24.0,84.0,132.0,24.0,80.0,98.76262300000002,24.287369,85.83166800000001,1.2373769999999809,-0.28736900000000176,-1.8316680000000076,2.229055953652573,32.2490309931942
1124.0,132.0,32.0,84.0,164.0,40.0,84.0,132.000247,34.50493300000001,85.537976,-0.00024700000000166256,-2.5049330000000083,-1.5379760000000005,2.9393978247379247,32.984845004941285
1125.0,128.0,148.0,88.0,136.0,144.0,96.0,129.87151500000002,147.595593,89.597884,-1.8715150000000165,0.40440699999999197,-1.5978839999999934,2.493861803374444,12.0
1126.0,80.0,80.0,92.0,100.0,72.0,88.0,80.50777500000001,80.505089,91.646716,-0.5077750000000094,-0.5050889999999981,0.35328400000000215,0.798598731029551,21.908902300206645
1127.0,144.0,212.0,92.0,136.0,208.0,104.0,144.449579,213.75372900000002,91.268932,-0.44957899999999995,-1.7537290000000212,0.7310679999999934,1.9524720493021315,14.966629547095765
1128.0,80.0,24.0,96.0,112.0,20.0,88.0,80.342287,24.779265000000002,95.557012,-0.3422869999999989,-0.7792650000000023,0.4429879999999997,0.9595064870744765,33.2264954516723
1129.0,96.0,44.0,96.0,124.0,40.0,92.0,96.07123100000001,43.13490900000001,96.534352,-0.07123100000001159,0.8650909999999925,-0.5343519999999984,1.0193077815586356,28.5657137141714
1130.0,76.0,60.0,96.0,100.0,52.0,92.0,76.60978699999998,60.281037000000005,97.381264,-0.609786999999983,-0.28103700000000487,-1.3812640000000016,1.5358099551813,25.612496949731394
1131.0,104.0,144.0,96.0,108.0,136.0,100.0,102.83823899999999,145.32523700000002,96.50892,1.1617610000000127,-1.3252370000000155,-0.5089200000000034,1.8343776311572473,9.797958971132712
1132.0,220.0,176.0,96.0,220.0,188.0,116.0,218.511739,177.12504500000003,97.783,1.4882609999999943,-1.1250450000000285,-1.7830000000000013,2.5806464415231414,23.323807579381203
1133.0,184.0,76.0,100.0,208.0,88.0,108.0,185.167283,76.48745300000002,100.492312,-1.1672829999999976,-0.48745300000001635,-0.4923119999999983,1.35739866459416,28.0
1134.0,96.0,36.0,104.0,124.0,32.0,100.0,95.15957499999999,35.488725,104.988664,0.8404250000000104,0.5112749999999977,-0.988664,1.3946945225195426,28.5657137141714
1135.0,76.0,44.0,108.0,104.0,36.0,100.0,77.65089499999999,43.626805000000004,106.259696,-1.6508949999999913,0.3731949999999955,1.7403039999999947,2.4276298773630938,30.199337741083
1136.0,88.0,32.0,112.0,116.0,28.0,108.0,87.760771,33.557917,113.72528,0.23922899999999458,-1.5579170000000033,-1.725279999999998,2.336862634330482,28.5657137141714
1137.0,160.0,36.0,112.0,188.0,44.0,116.0,158.141547,35.976949000000005,113.986136,1.8584529999999972,0.02305099999999527,-1.986136000000002,2.720131451291646,29.393876913398138
1138.0,76.0,48.0,112.0,100.0,36.0,108.0,74.786475,44.988669,114.289888,1.2135250000000042,3.0113309999999984,-2.289888000000005,3.972951594184105,27.129319932501073
1139.0,204.0,188.0,112.0,204.0,196.0,132.0,207.15629099999998,189.664389,113.74884,-3.1562909999999818,-1.664389,-1.7488400000000013,3.9737645835658015,21.540659228538015
1140.0,128.0,44.0,116.0,152.0,44.0,112.0,124.67223899999999,42.96791300000001,113.102012,3.3277610000000095,1.03208699999999,2.897987999999998,4.531835312192405,24.331050121192877
1141.0,124.0,216.0,116.0,108.0,204.0,124.0,119.895691,216.692205,113.204352,4.104309000000001,-0.6922050000000013,2.795648,5.013995200377639,21.540659228538015
1142.0,168.0,160.0,120.0,168.0,160.0,132.0,166.346835,160.030341,120.106656,1.6531650000000013,-0.030340999999992846,-0.10665600000000097,1.6568797771238577,12.0
1143.0,140.0,200.0,120.0,136.0,192.0,132.0,143.84040299999998,199.29280500000002,119.72848,-3.8404029999999807,0.7071949999999845,0.2715199999999953,3.914402008076563,14.966629547095765
1144.0,176.0,200.0,124.0,164.0,196.0,140.0,171.227275,198.294365,124.745216,4.772725000000008,1.705635000000001,-0.7452159999999992,5.122835305327127,20.396078054371138
1145.0,188.0,204.0,124.0,180.0,204.0,140.0,187.643731,203.264573,122.673216,0.3562689999999975,0.7354269999999872,1.3267840000000035,1.5582478157680788,17.88854381999832
1146.0,40.0,88.0,128.0,52.0,68.0,120.0,38.798803,88.312849,126.78094,1.2011970000000005,-0.31284899999999993,1.219059999999999,1.7397861975570441,24.657656011875904
1147.0,224.0,204.0,128.0,216.0,212.0,148.0,223.23883099999998,204.75123700000003,126.653952,0.7611690000000237,-0.7512370000000317,1.3460479999999961,1.7191801810845988,22.978250586152114
1148.0,136.0,208.0,128.0,124.0,200.0,136.0,134.944663,210.193137,123.81381999999999,1.0553370000000086,-2.193137000000007,4.186180000000007,4.84228139173449,16.492422502470642
1149.0,88.0,48.0,136.0,112.0,40.0,132.0,89.09681900000001,48.329093,136.02616,-1.0968190000000106,-0.3290930000000003,-0.026160000000004402,1.1454250158827612,25.612496949731394
1150.0,96.0,64.0,140.0,116.0,56.0,140.0,97.02224700000002,64.47678100000002,141.88980800000002,-1.0222470000000214,-0.4767810000000168,-1.8898080000000164,2.200836960757003,21.540659228538015
1151.0,92.0,92.0,140.0,104.0,84.0,140.0,92.024495,95.60116500000001,140.2406,-0.02449500000000171,-3.601165000000009,-0.2406000000000006,3.6092766203562263,14.422205101855956
1152.0,56.0,120.0,140.0,64.0,96.0,140.0,57.867674999999984,115.977565,142.40581600000002,-1.8676749999999842,4.0224350000000015,-2.4058160000000157,5.045408195647408,25.298221281347036
1153.0,44.0,108.0,144.0,48.0,84.0,140.0,40.590679,106.907117,144.854664,3.4093209999999985,1.0928830000000005,-0.8546640000000139,3.6808033750291544,24.657656011875904
1154.0,44.0,132.0,144.0,46.0,106.0,142.0,43.689083000000004,130.000795,144.871942,0.31091699999999634,1.9992049999999892,-0.87194199999999,2.2031279727419233,26.153393661244042
1155.0,144.0,140.0,144.0,148.0,136.0,152.0,144.83793500000002,140.852481,143.267164,-0.8379350000000159,-0.8524810000000116,0.7328359999999918,1.4021082420705024,9.797958971132712
1156.0,100.0,44.0,148.0,124.0,36.0,144.0,100.471947,42.637593,146.965204,-0.4719470000000001,1.3624069999999975,1.034796,1.7747364779239743,25.612496949731394
1157.0,80.0,60.0,148.0,96.0,44.0,144.0,76.47611900000001,56.491049000000004,148.51854,3.5238809999999887,3.508950999999996,-0.5185400000000016,4.999935815004219,22.978250586152114
1158.0,92.0,92.0,148.0,104.0,80.0,148.0,91.973379,92.05522100000002,148.318064,0.02662100000000578,-0.055221000000017284,-0.3180639999999926,0.3239178052809038,16.97056274847714
1159.0,32.0,104.0,148.0,40.0,80.0,140.0,32.382450999999996,104.42201300000002,145.89066400000002,-0.3824509999999961,-0.42201300000002107,2.109335999999985,2.1848711862409536,26.5329983228432
1160.0,56.0,224.0,148.0,40.0,196.0,156.0,58.95695899999999,224.437565,150.363304,-2.9569589999999906,-0.4375650000000064,-2.3633039999999994,3.810547920355017,33.2264954516723
1161.0,176.0,44.0,152.0,200.0,52.0,156.0,174.931279,44.526205000000004,150.746792,1.0687210000000107,-0.5262050000000045,1.2532080000000008,1.729042095823589,25.612496949731394
1162.0,164.0,72.0,152.0,184.0,76.0,160.0,165.803855,72.635065,153.654316,-1.8038549999999987,-0.6350649999999973,-1.6543159999999943,2.528628450980091,21.908902300206645
1163.0,80.0,120.0,152.0,84.0,104.0,152.0,79.172111,120.97164900000001,151.555164,0.827888999999999,-0.9716490000000135,0.44483600000000934,1.3518065846925118,16.492422502470642
1164.0,192.0,196.0,152.0,180.0,196.0,160.0,187.946211,196.449833,142.678452,4.053788999999995,-0.44983300000001236,9.321548000000007,10.17481263221658,14.422205101855956
1165.0,220.0,208.0,152.0,208.0,212.0,172.0,218.319415,208.029261,150.414952,1.6805850000000078,-0.0292609999999911,1.5850480000000005,2.310324503321996,23.664319132398465
1166.0,132.0,12.0,156.0,164.0,12.0,156.0,133.261283,10.791917000000003,157.481456,-1.2612829999999917,1.2080829999999967,-1.4814560000000085,2.2901989478894613,32.0
1167.0,168.0,16.0,156.0,196.0,24.0,160.0,165.638367,16.909241000000005,157.564612,2.361633000000012,-0.9092410000000051,-1.564612000000011,2.975237861636293,29.393876913398138
1168.0,112.0,28.0,156.0,140.0,28.0,156.0,114.660379,32.038285,157.95152000000002,-2.660379000000006,-4.038285000000002,-1.9515200000000164,5.214766770936751,28.0
1169.0,104.0,68.0,156.0,120.0,56.0,156.0,102.31493900000001,64.777805,156.961464,1.6850609999999904,3.2221949999999993,-0.9614640000000065,3.761167932310651,20.0
1170.0,180.0,88.0,156.0,196.0,92.0,164.0,180.67225899999997,86.89046900000002,155.008504,-0.6722589999999684,1.1095309999999756,0.9914960000000121,1.6328060267704574,18.33030277982336
1171.0,124.0,20.0,160.0,148.0,16.0,156.0,119.42644700000002,18.122429000000004,158.422912,4.5735529999999756,1.877570999999996,1.5770880000000034,5.189399431879741,24.657656011875904
1172.0,172.0,48.0,160.0,196.0,52.0,164.0,172.06685899999997,45.88806900000001,158.776984,-0.06685899999996536,2.1119309999999913,1.2230160000000012,2.441411643065946,24.657656011875904
1173.0,68.0,124.0,160.0,72.0,112.0,156.0,70.27637099999998,131.871981,155.640504,-2.2763709999999833,-7.871981000000005,4.359496000000007,9.281980131847842,13.2664991614216
1174.0,124.0,24.0,164.0,152.0,20.0,160.0,124.36554299999997,21.692249000000004,161.566796,-0.36554299999997397,2.307750999999996,2.4332039999999893,3.373398593179571,28.5657137141714
1175.0,136.0,176.0,168.0,128.0,164.0,180.0,135.325479,175.53203700000003,169.229264,0.6745209999999986,0.46796299999996904,-1.2292640000000006,1.4781941450655156,18.76166303929372
1176.0,120.0,84.0,172.0,132.0,76.0,176.0,119.66273100000001,84.242041,173.340036,0.33726899999999205,-0.2420410000000004,-1.3400359999999978,1.4028651771777605,14.966629547095765
1177.0,68.0,108.0,172.0,72.0,88.0,172.0,66.731979,108.37913300000002,173.302824,1.2680210000000045,-0.37913300000002437,-1.3028239999999869,1.8571401301748867,20.396078054371138
1178.0,152.0,176.0,172.0,144.0,168.0,184.0,151.28610700000002,176.679153,171.38442,0.7138929999999846,-0.6791530000000137,0.6155799999999942,1.1618221676564746,16.492422502470642
1179.0,156.0,180.0,172.0,148.0,172.0,184.0,155.820491,179.971825,170.677996,0.17950899999999592,0.028175000000004502,1.3220039999999926,1.3344331709463684,16.492422502470642
1180.0,152.0,104.0,176.0,160.0,100.0,180.0,150.947591,103.46765300000001,172.62222400000002,1.0524090000000115,0.5323469999999872,3.377775999999983,3.5777547062181183,9.797958971132712
1181.0,192.0,192.0,176.0,184.0,188.0,200.0,193.946095,190.213265,181.605652,-1.946095000000014,1.786734999999993,-5.605651999999992,6.197018803776049,25.612496949731394
1182.0,68.0,56.0,180.0,84.0,40.0,176.0,67.83174299999999,57.030697,180.68658,0.1682570000000112,-1.0306970000000035,-0.6865799999999922,1.2498155144892387,22.978250586152114
1183.0,216.0,68.0,180.0,236.0,80.0,192.0,217.662063,68.45410500000001,179.795444,-1.6620629999999892,-0.45410500000001264,0.20455599999999663,1.7350815324156885,26.229754097208
1184.0,128.0,208.0,180.0,112.0,192.0,192.0,127.868019,208.295433,179.460556,0.13198099999999613,-0.2954330000000027,0.5394440000000031,0.6290464776040035,25.612496949731394
1185.0,148.0,216.0,180.0,132.0,200.0,192.0,147.958319,212.458073,177.05898,0.04168100000001118,3.541926999999987,2.941020000000009,4.60397467624334,25.612496949731394
1186.0,156.0,148.0,184.0,156.0,140.0,196.0,157.49799499999997,146.38621300000003,184.584552,-1.4979949999999747,1.6137869999999737,-0.5845520000000022,2.2781568300048707,14.422205101855956
1187.0,56.0,176.0,184.0,44.0,148.0,188.0,55.54201899999999,176.644301,185.358368,0.45798100000001085,-0.6443010000000129,-1.358368000000013,1.5716341808404595,30.72458299147443
1188.0,28.0,200.0,192.0,12.0,168.0,196.0,31.26339099999999,204.16034100000002,193.811352,-3.2633909999999915,-4.160341000000017,-1.8113519999999994,5.589199774839515,36.0
1189.0,52.0,156.0,196.0,48.0,128.0,196.0,55.722587,155.889829,194.613648,-3.722586999999997,0.11017100000000823,1.386351999999988,3.973885188290415,28.284271247461902
1190.0,164.0,192.0,196.0,152.0,180.0,212.0,164.048399,189.304773,196.54688000000002,-0.0483989999999892,2.6952269999999885,-0.5468800000000158,2.7505760813200486,23.323807579381203
1191.0,232.0,168.0,200.0,228.0,176.0,220.0,233.80031899999997,170.415037,198.3624,-1.8003189999999734,-2.4150370000000123,1.637599999999992,3.4285982519289044,21.908902300206645
1192.0,140.0,28.0,204.0,160.0,24.0,208.0,137.430315,27.503129,206.734492,2.5696849999999927,0.49687099999999873,-2.734491999999989,3.7851827284729467,20.784609690826528
1193.0,212.0,108.0,204.0,220.0,116.0,220.0,213.544531,110.52657300000001,204.674272,-1.5445310000000063,-2.5265730000000133,-0.674272000000002,3.0370692886850783,19.595917942265423
1194.0,48.0,48.0,208.0,64.0,28.0,200.0,49.309175,50.430705,206.566852,-1.3091750000000033,-2.4307050000000032,1.4331479999999885,3.1106557455870925,26.832815729997478
1195.0,76.0,80.0,208.0,84.0,60.0,208.0,75.372139,79.749081,209.604804,0.6278609999999958,0.2509189999999961,-1.6048040000000015,1.7414263287024225,21.540659228538015
1196.0,240.0,124.0,208.0,232.0,136.0,224.0,229.27347500000005,128.882217,205.651612,10.726524999999953,-4.882216999999997,2.348388,12.017042381936454,21.540659228538015
1197.0,36.0,160.0,208.0,32.0,128.0,204.0,41.836634999999994,159.674397,203.632568,-5.836634999999994,0.325603000000001,4.367432000000008,7.297039653959542,32.49615361854384
1198.0,68.0,172.0,208.0,52.0,144.0,212.0,64.457439,172.591813,208.177912,3.5425610000000063,-0.5918130000000019,-0.17791199999999208,3.5960580842686682,32.49615361854384
1199.0,192.0,200.0,208.0,180.0,196.0,228.0,194.826315,201.16134900000003,208.133688,-2.826314999999994,-1.1613490000000297,-0.13368800000000647,3.0585389421045526,23.664319132398465
1200.0,80.0,60.0,216.0,96.0,40.0,212.0,82.49568300000001,57.10232500000001,214.350624,-2.495683000000014,2.8976749999999925,1.6493759999999895,4.164780334122076,25.92296279363144
1201.0,208.0,208.0,216.0,188.0,204.0,240.0,205.10921900000002,208.57813700000003,218.27176400000002,2.8907809999999756,-0.5781370000000265,-2.2717640000000188,3.7217964549966966,31.496031496047245
1202.0,136.0,48.0,220.0,152.0,40.0,224.0,135.143635,46.62781700000001,221.287484,0.8563650000000109,1.3721829999999926,-1.2874840000000063,2.0673321573878773,18.33030277982336
1203.0,220.0,156.0,220.0,212.0,160.0,236.0,217.281631,158.35294100000002,216.589328,2.7183689999999956,-2.3529410000000155,3.4106720000000053,4.955657863616705,18.33030277982336
1204.0,72.0,164.0,220.0,52.0,136.0,220.0,63.54578299999999,164.94562900000003,216.632224,8.454217000000007,-0.9456290000000251,3.367775999999992,9.149312240540603,34.40930106817051
1205.0,116.0,48.0,224.0,132.0,36.0,224.0,115.91387499999999,46.565417000000004,223.31221200000002,0.08612500000000978,1.4345829999999964,0.6877879999999834,1.593266529008241,20.0
1206.0,56.0,172.0,232.0,40.0,140.0,232.0,54.598926999999996,172.300017,228.795028,1.4010730000000038,-0.30001699999999687,3.204971999999998,3.5106781784153895,35.77708763999664
1207.0,148.0,100.0,8.0,172.0,112.0,12.0,147.552839,101.705453,8.790016,0.44716099999999415,-1.7054530000000057,-0.7900159999999996,1.9320062565597487,27.129319932501073
1208.0,128.0,124.0,8.0,148.0,128.0,12.0,128.95193500000002,122.95182100000002,9.26008,-0.9519350000000202,1.0481789999999762,-1.2600800000000003,1.8954316307020913,20.784609690826528
1209.0,148.0,32.0,12.0,188.0,48.0,12.0,148.479575,32.87134100000001,13.50128,-0.4795750000000112,-0.8713410000000081,-1.5012799999999995,1.8008522863649932,43.08131845707603
1210.0,132.0,200.0,16.0,132.0,200.0,24.0,130.96041499999998,200.81785700000003,15.346044,1.0395850000000166,-0.817857000000032,0.6539560000000009,1.4755627721686693,8.0
1211.0,136.0,200.0,32.0,140.0,196.0,40.0,139.06641100000002,196.211073,30.464972,-3.0664110000000164,3.788927000000001,1.5350280000000005,5.110298933823159,9.797958971132712
1212.0,92.0,24.0,36.0,128.0,28.0,28.0,90.688063,25.592253000000003,35.730392,1.3119370000000004,-1.592253000000003,0.26960799999999807,2.080657776195309,37.094473981982816
1213.0,156.0,96.0,36.0,176.0,108.0,40.0,153.199127,98.73768100000001,35.789444,2.8008729999999957,-2.737681000000009,0.21055599999999686,3.9222596355960455,23.664319132398465
1214.0,104.0,52.0,48.0,140.0,56.0,48.0,109.75693500000003,53.256969000000005,51.355267999999995,-5.756935000000027,-1.256969000000005,-3.3552679999999953,6.780862409237507,36.22154055254967
1215.0,144.0,208.0,48.0,140.0,204.0,60.0,142.81105100000002,205.797293,48.962816,1.1889489999999796,2.2027070000000037,-0.9628159999999966,2.681889725977927,13.2664991614216
1216.0,156.0,92.0,52.0,180.0,112.0,56.0,159.352359,103.138945,50.484252,-3.352359000000007,-11.138945000000007,1.515748000000002,11.730809800581127,31.496031496047245
1217.0,120.0,24.0,56.0,156.0,32.0,56.0,120.09849499999999,25.979553000000003,59.998668,-0.09849499999998557,-1.9795530000000028,-3.998668000000002,4.462922486337627,36.87817782917155
1218.0,48.0,164.0,56.0,52.0,148.0,52.0,49.129499,165.606133,53.788744,-1.1294990000000027,-1.6061329999999998,2.211255999999999,2.957208870239977,16.97056274847714
1219.0,100.0,76.0,60.0,124.0,76.0,56.0,100.17368299999998,77.542737,58.489948,-0.1736829999999827,-1.5427370000000025,1.5100520000000017,2.1657470485636146,24.331050121192877
1220.0,168.0,92.0,60.0,188.0,100.0,64.0,164.927851,89.77738500000001,58.65626,3.072148999999996,2.2226149999999905,1.3437399999999968,4.022903690622723,21.908902300206645
1221.0,136.0,160.0,60.0,144.0,160.0,68.0,137.828379,160.441381,60.479184000000004,-1.8283790000000124,-0.4413810000000069,-0.4791840000000036,1.9409802319081086,11.313708498984761
1222.0,148.0,164.0,60.0,152.0,164.0,68.0,146.03660699999998,162.92648499999999,59.443184,1.9633930000000248,1.0735150000000147,0.5568159999999978,2.3059467872286485,8.94427190999916
1223.0,64.0,44.0,64.0,88.0,36.0,52.0,58.098975,43.531301,61.374304,5.901024999999997,0.46869900000000086,2.625695999999998,6.475805300319178,28.0
1224.0,176.0,160.0,68.0,184.0,168.0,80.0,177.50203500000003,161.397625,67.980652,-1.5020350000000349,-1.397625000000005,0.019347999999993704,2.0517892501312405,16.492422502470642
1225.0,36.0,28.0,72.0,68.0,16.0,60.0,36.236478999999996,27.622237000000002,72.60704,-0.23647899999999566,0.3777629999999981,-0.6070399999999978,0.7530768640782917,36.22154055254967
1226.0,80.0,184.0,72.0,76.0,168.0,80.0,78.308247,183.201961,76.879204,1.6917530000000056,0.7980389999999886,-4.879204000000001,5.225468986813147,18.33030277982336
1227.0,40.0,48.0,80.0,68.0,36.0,68.0,41.348603000000004,48.677733,78.423416,-1.3486030000000042,-0.6777330000000035,1.5765839999999969,2.1825831438811227,32.7414110874898
1228.0,100.0,28.0,88.0,132.0,28.0,84.0,100.027875,28.664757,89.305128,-0.027874999999994543,-0.6647570000000016,-1.3051279999999963,1.4649361696190017,32.2490309931942
1229.0,92.0,60.0,88.0,116.0,56.0,84.0,91.356279,60.596709000000004,87.985496,0.6437209999999993,-0.5967090000000042,0.014504000000002293,0.8778660048879922,24.657656011875904
1230.0,132.0,224.0,88.0,120.0,216.0,100.0,131.07057099999997,224.907333,87.983232,0.9294290000000274,-0.9073329999999942,0.016767999999999006,1.2989890702981455,18.76166303929372
1231.0,80.0,168.0,92.0,80.0,160.0,100.0,82.284571,175.579653,96.554864,-2.2845709999999997,-7.5796530000000075,-4.554863999999995,9.133301172793223,11.313708498984761
1232.0,224.0,172.0,92.0,224.0,188.0,112.0,221.78087100000002,176.040329,93.603116,2.219128999999981,-4.040329000000014,-1.603116,4.880448017993638,25.612496949731394
1233.0,116.0,36.0,96.0,148.0,36.0,92.0,117.25375500000001,34.189261,94.933744,-1.2537550000000124,1.810738999999998,1.0662559999999957,2.4469530407594697,32.2490309931942
1234.0,80.0,164.0,96.0,80.0,148.0,100.0,79.70295099999998,163.278933,97.685408,0.29704900000001544,0.721067000000005,-1.6854079999999954,1.8570880036643391,16.492422502470642
1235.0,100.0,148.0,100.0,100.0,140.0,104.0,96.75580299999999,151.317761,100.641532,3.244197000000014,-3.31776099999999,-0.641531999999998,4.684433320579345,8.94427190999916
1236.0,180.0,72.0,104.0,204.0,84.0,108.0,180.63289899999998,73.194781,101.198736,-0.6328989999999806,-1.194781000000006,2.8012640000000033,3.1104891544350397,27.129319932501073
1237.0,200.0,208.0,108.0,196.0,216.0,124.0,203.30187899999999,211.22642900000002,104.82313599999999,-3.3018789999999854,-3.2264290000000244,3.176864000000009,5.603990890176225,18.33030277982336
1238.0,136.0,52.0,120.0,160.0,56.0,120.0,135.410971,54.207793,119.012932,0.5890290000000107,-2.2077930000000023,0.9870679999999936,2.489097894883608,24.331050121192877
1239.0,116.0,72.0,120.0,136.0,68.0,120.0,115.94952699999999,71.35392100000001,119.859844,0.05047300000001087,0.6460789999999861,0.1401560000000046,0.6630303931992744,20.396078054371138
1240.0,208.0,220.0,120.0,196.0,224.0,140.0,206.64180699999997,220.535501,119.470672,1.3581930000000284,-0.5355010000000107,0.5293280000000067,1.552944840563919,23.664319132398465
1241.0,144.0,44.0,124.0,172.0,48.0,124.0,145.116135,43.86175700000001,122.628208,-1.116135000000014,0.13824299999998857,1.3717919999999992,1.7738888794222782,28.284271247461902
1242.0,96.0,116.0,128.0,108.0,104.0,128.0,98.786903,114.46335300000001,126.47586,-2.7869029999999952,1.5366469999999879,1.5241400000000027,3.528613760900723,16.97056274847714
1243.0,156.0,128.0,136.0,152.0,132.0,140.0,146.43710299999998,135.11322900000002,131.763512,9.56289700000002,-7.113229000000018,4.2364880000000085,12.648907320918859,6.928203230275509
1244.0,96.0,92.0,140.0,108.0,80.0,140.0,94.83779900000002,90.69335700000002,140.287872,1.1622009999999818,1.3066429999999798,-0.287871999999993,1.7722577076243458,16.97056274847714
1245.0,20.0,96.0,140.0,32.0,72.0,132.0,22.504258999999998,97.282373,139.602896,-2.5042589999999976,-1.2823730000000069,0.397104000000013,2.841387906820541,28.0
1246.0,56.0,116.0,140.0,64.0,100.0,136.0,58.323502999999995,119.800657,138.17866,-2.323502999999995,-3.800657000000001,1.8213399999999922,4.812581346663967,18.33030277982336
1247.0,132.0,8.0,144.0,164.0,8.0,140.0,130.781895,5.5830850000000005,142.45707199999998,1.2181050000000084,2.4169149999999995,1.5429280000000176,3.1154268923269686,32.2490309931942
1248.0,100.0,64.0,144.0,120.0,56.0,144.0,101.10080300000001,63.946361,145.41054,-1.1008030000000133,0.053638999999996884,-1.4105399999999975,1.7900467811568561,21.540659228538015
1249.0,80.0,56.0,152.0,100.0,48.0,148.0,81.41521499999999,60.060869000000004,151.662424,-1.4152149999999892,-4.060869000000004,0.33757600000001275,4.313635136072824,21.908902300206645
1250.0,164.0,60.0,156.0,188.0,64.0,164.0,167.300791,59.80392500000001,158.305592,-3.300791000000004,0.19607499999999334,-2.30559199999999,4.031057070021458,25.612496949731394
1251.0,160.0,116.0,156.0,168.0,116.0,164.0,160.11859099999998,117.14488500000002,155.054448,-0.1185909999999808,-1.1448850000000164,0.9455519999999922,1.4895952716123995,11.313708498984761
1252.0,144.0,192.0,164.0,140.0,188.0,172.0,150.700827,197.156477,158.278832,-6.700827000000004,-5.156476999999995,5.721168000000006,10.208922608173795,9.797958971132712
1253.0,60.0,156.0,168.0,60.0,128.0,172.0,64.31584699999999,151.804237,170.523072,-4.315846999999991,4.1957629999999995,-2.5230720000000133,6.526626601603771,28.284271247461902
1254.0,140.0,112.0,172.0,148.0,104.0,180.0,140.78659900000002,109.99059700000001,173.234104,-0.7865990000000238,2.009402999999992,-1.234104000000002,2.4858501736882714,13.856406460551018
1255.0,76.0,164.0,180.0,68.0,140.0,184.0,75.45929100000001,163.321265,180.2843,0.5407089999999926,0.678734999999989,-0.2843000000000018,0.9131669687992322,25.612496949731394
1256.0,152.0,144.0,188.0,148.0,136.0,200.0,149.69447900000003,144.178257,189.47086000000002,2.3055209999999704,-0.1782570000000021,-1.470860000000016,2.740553188516857,14.966629547095765
1257.0,44.0,160.0,192.0,48.0,132.0,196.0,56.583127,159.990069,194.2368,-12.583126999999998,0.009930999999994583,-2.236799999999988,12.780393497967497,28.5657137141714
1258.0,212.0,96.0,196.0,220.0,100.0,208.0,208.888235,93.29416900000001,194.63074,3.1117649999999912,2.705830999999989,1.369259999999997,4.345051871196232,14.966629547095765
1259.0,36.0,164.0,196.0,24.0,132.0,200.0,34.944775,165.112625,200.064564,1.055225,-1.1126250000000084,-4.06456399999999,4.344204725993693,34.40930106817051
1260.0,228.0,180.0,196.0,220.0,184.0,216.0,227.76899899999998,179.953505,194.417548,0.23100100000002044,0.04649499999999307,1.5824519999999893,1.59989924036796,21.908902300206645
1261.0,148.0,204.0,196.0,136.0,188.0,208.0,150.66939100000002,200.458377,193.26118,-2.6693910000000187,3.541622999999987,2.738820000000004,5.212473192008764,23.323807579381203
1262.0,56.0,96.0,200.0,56.0,68.0,200.0,50.566887,93.04824100000002,203.457524,5.433112999999999,2.9517589999999814,-3.4575240000000065,7.084212749164576,28.0
1263.0,204.0,156.0,200.0,192.0,148.0,216.0,194.307231,148.70432100000002,200.11621200000002,9.692768999999998,7.2956789999999785,-0.11621200000001863,12.13219717064249,21.540659228538015
1264.0,120.0,148.0,204.0,116.0,132.0,212.0,120.65732300000002,147.37000500000002,204.03524000000002,-0.6573230000000194,0.6299949999999797,-0.035240000000015925,0.9111581004161687,18.33030277982336
1265.0,136.0,24.0,212.0,160.0,20.0,212.0,136.97448699999998,23.680037,210.961648,-0.9744869999999821,0.31996300000000133,1.0383520000000033,1.4595122851288278,24.331050121192877
1266.0,212.0,168.0,212.0,208.0,168.0,232.0,214.924155,167.083841,212.3149,-2.924155000000013,0.9161589999999933,-0.3148999999999944,3.080453178885545,20.396078054371138
1267.0,100.0,152.0,216.0,96.0,128.0,220.0,102.236987,147.86190100000002,213.760584,-2.236986999999999,4.138098999999983,2.2394160000000056,5.209890420443205,24.657656011875904
1268.0,76.0,200.0,216.0,60.0,176.0,220.0,79.49887099999998,204.332893,212.204592,-3.49887099999998,-4.332893000000013,3.795408000000009,6.739523863786969,29.120439557122072
1269.0,140.0,40.0,228.0,156.0,32.0,232.0,137.905823,38.174065000000006,229.41222,2.094177000000002,1.825934999999994,-1.4122199999999907,3.1167260482682724,18.33030277982336
1270.0,172.0,160.0,228.0,164.0,148.0,240.0,171.018595,156.020185,225.525092,0.9814049999999952,3.979815000000002,2.474907999999999,4.788241098432075,18.76166303929372
1271.0,140.0,212.0,16.0,136.0,216.0,28.0,138.481131,216.688397,17.359384,1.5188689999999951,-4.688397000000009,-1.3593839999999986,5.112333550173156,13.2664991614216
1272.0,112.0,76.0,44.0,140.0,72.0,44.0,112.79438300000001,69.38078100000001,45.997568,-0.7943830000000105,6.619218999999987,-1.9975680000000011,6.959553321533922,28.284271247461902
1273.0,124.0,172.0,44.0,128.0,168.0,52.0,123.23523500000002,170.763541,45.64256,0.7647649999999828,1.2364589999999964,-1.6425600000000031,2.19355868795571,9.797958971132712
1274.0,160.0,156.0,48.0,168.0,160.0,56.0,158.657307,154.764529,46.950804000000005,1.342692999999997,1.2354709999999898,1.049195999999995,2.104762535419603,12.0
1275.0,228.0,184.0,84.0,228.0,200.0,104.0,227.226911,186.97918500000003,84.44238,0.7730889999999988,-2.9791850000000295,-0.44238,3.109487084801314,25.612496949731394
1276.0,176.0,108.0,92.0,192.0,116.0,100.0,175.686263,107.86510900000002,91.472064,0.31373700000000326,0.1348909999999819,0.5279359999999969,0.6287629975960687,19.595917942265423
1277.0,224.0,176.0,92.0,228.0,188.0,108.0,225.05000300000003,174.95561300000003,89.423232,-1.0500030000000322,1.044386999999972,2.5767680000000013,2.9720336188546077,20.396078054371138
1278.0,164.0,20.0,112.0,196.0,28.0,116.0,162.04707499999998,17.960853000000007,114.834376,1.9529250000000218,2.0391469999999927,-2.834376000000006,4.000715417598468,33.2264954516723
1279.0,120.0,108.0,112.0,132.0,104.0,116.0,119.61583100000001,108.78650100000002,112.94748,0.38416899999998577,-0.7865010000000154,-0.9474799999999988,1.2899178244996892,13.2664991614216
1280.0,120.0,216.0,116.0,108.0,208.0,124.0,120.75623100000001,220.79244500000001,112.827504,-0.7562310000000139,-4.792445000000015,3.1724959999999953,5.796908251249293,16.492422502470642
1281.0,92.0,184.0,120.0,84.0,172.0,124.0,90.96830699999998,188.735693,118.196592,1.0316930000000184,-4.735692999999998,1.8034080000000046,5.1714078403237576,14.966629547095765
1282.0,88.0,48.0,124.0,116.0,48.0,120.0,93.27760700000002,54.890561000000005,123.391964,-5.2776070000000175,-6.890561000000005,0.6080359999999985,8.700728378616716,28.284271247461902
1283.0,108.0,160.0,132.0,104.0,148.0,140.0,105.793135,161.205005,134.211032,2.2068649999999934,-1.2050049999999999,-2.211031999999989,3.3482760763225485,14.966629547095765
1284.0,100.0,120.0,136.0,104.0,108.0,140.0,97.187735,120.202605,137.979512,2.8122649999999965,-0.20260500000000548,-1.9795119999999997,3.445047310907933,13.2664991614216
1285.0,204.0,104.0,140.0,220.0,116.0,152.0,206.664427,105.815057,139.21903600000002,-2.664426999999989,-1.815056999999996,0.7809639999999831,3.3171535871698645,23.323807579381203
1286.0,28.0,136.0,140.0,28.0,108.0,136.0,26.979986999999994,135.269249,140.391148,1.0200130000000058,0.7307509999999979,-0.39114799999998695,1.314313623939887,28.284271247461902
1287.0,164.0,48.0,148.0,188.0,56.0,152.0,164.365575,50.77200100000001,147.508364,-0.36557500000000687,-2.77200100000001,0.49163599999999974,2.838897775743618,25.612496949731394
1288.0,148.0,40.0,156.0,172.0,40.0,160.0,147.037463,38.155609000000005,158.034676,0.9625369999999975,1.8443909999999946,-2.0346759999999904,2.9100106635931655,24.331050121192877
1289.0,124.0,20.0,164.0,152.0,16.0,160.0,123.50500299999999,17.592009000000004,161.943644,0.4949970000000121,2.4079909999999956,2.056355999999994,3.2050027589420207,28.5657137141714
1290.0,44.0,196.0,164.0,28.0,168.0,164.0,42.721071,198.712885,161.690584,1.278928999999998,-2.712885,2.309415999999999,3.7853410244417858,32.2490309931942
1291.0,100.0,68.0,172.0,116.0,60.0,168.0,100.71577100000002,70.51705700000001,168.465116,-0.7157710000000179,-2.5170570000000083,3.5348840000000052,4.398102881828266,18.33030277982336
1292.0,68.0,56.0,176.0,84.0,40.0,172.0,67.427031,56.753549,176.836272,0.5729690000000005,-0.7535489999999996,-0.8362720000000081,1.2631232831145238,22.978250586152114
1293.0,164.0,108.0,200.0,172.0,104.0,212.0,166.067359,107.36237300000002,202.059112,-2.0673590000000104,0.6376269999999806,-2.059111999999999,2.986717873277289,14.966629547095765
1294.0,64.0,184.0,204.0,52.0,156.0,208.0,66.63434699999999,184.615385,203.19706,-2.634346999999991,-0.6153850000000034,0.8029400000000066,2.821913439181643,30.72458299147443
1295.0,116.0,156.0,208.0,108.0,140.0,216.0,115.435427,157.462769,207.79100400000002,0.5645729999999958,-1.4627690000000086,0.20899599999998486,1.5818075571023213,19.595917942265423
1296.0,176.0,156.0,224.0,168.0,152.0,240.0,175.55297900000002,159.312857,224.818668,0.44702099999997813,-3.312857000000008,-0.8186680000000024,3.4416662492336525,18.33030277982336
1297.0,144.0,96.0,24.0,168.0,104.0,24.0,143.372051,95.14398500000001,21.424212,0.627949000000001,0.8560149999999851,2.5757879999999993,2.785994516823386,25.298221281347036
1298.0,160.0,104.0,48.0,168.0,112.0,56.0,148.330827,105.56164900000002,51.47298,11.669173,-1.561649000000017,-3.4729799999999997,12.274768274127625,13.856406460551018
1299.0,112.0,136.0,48.0,128.0,128.0,48.0,114.22512300000002,129.48399300000003,45.560732,-2.225123000000025,6.5160069999999735,2.4392679999999984,7.304762006047955,17.88854381999832
1300.0,160.0,152.0,48.0,168.0,160.0,56.0,158.657307,154.764529,46.950804000000005,1.342692999999997,-2.7645290000000102,1.049195999999995,3.247500166359663,13.856406460551018
1301.0,112.0,200.0,48.0,112.0,192.0,56.0,114.107811,198.87240100000002,48.550084,-2.107810999999998,1.1275989999999751,-0.5500839999999982,2.4529449899208777,11.313708498984761
1302.0,160.0,32.0,64.0,200.0,48.0,64.0,164.762363,34.05156100000001,62.566556,-4.7623629999999935,-2.0515610000000066,1.4334440000000015,5.379941038861483,43.08131845707603
1303.0,160.0,152.0,64.0,168.0,152.0,72.0,158.55507500000002,147.672641,63.105732,1.4449249999999836,4.327359000000001,0.8942679999999967,4.649038548595823,11.313708498984761
1304.0,144.0,160.0,64.0,168.0,168.0,72.0,161.99723500000002,164.073601,61.59834,-17.997235000000018,-4.0736009999999965,2.4016599999999997,18.60813433711254,26.5329983228432
1305.0,72.0,176.0,64.0,72.0,160.0,64.0,71.294475,174.700457,62.561244,0.7055249999999944,1.299543,1.438755999999998,2.0631520452962224,16.0
1306.0,120.0,104.0,96.0,144.0,96.0,96.0,126.89272300000002,96.77757700000001,93.460908,-6.892723000000018,7.222422999999992,2.5390919999999966,10.301456815913083,25.298221281347036
1307.0,120.0,32.0,104.0,152.0,32.0,96.0,120.47177099999999,29.558601000000003,98.831324,-0.4717709999999897,2.441398999999997,5.168676000000005,5.735695994961556,32.984845004941285
1308.0,120.0,40.0,112.0,152.0,40.0,112.0,123.811699,38.867673,113.47886,-3.8116990000000044,1.1323269999999965,-1.4788599999999974,4.242433334906987,32.0
1309.0,184.0,120.0,112.0,192.0,128.0,120.0,180.29144300000002,121.55156900000003,109.59306000000001,3.708556999999985,-1.551569000000029,2.4069399999999916,4.685522547977967,13.856406460551018
1310.0,160.0,136.0,112.0,168.0,136.0,120.0,159.969459,134.59745700000002,110.81682,0.030540999999999485,1.4025429999999801,1.183179999999993,1.835204220769429,11.313708498984761
1311.0,208.0,216.0,112.0,200.0,216.0,136.0,208.18985899999998,211.25030500000003,116.044484,-0.18985899999998423,4.749694999999974,-4.044483999999997,6.241273897143253,25.298221281347036
1312.0,48.0,72.0,120.0,64.0,56.0,112.0,46.429291,73.03512900000001,119.22214,1.5707090000000008,-1.035129000000012,0.777860000000004,2.0356043301491655,24.0
1313.0,112.0,120.0,128.0,128.0,112.0,128.0,118.87720300000001,118.62599300000002,124.074284,-6.877203000000009,1.3740069999999776,3.925715999999994,8.037105352794253,17.88854381999832
1314.0,24.0,136.0,136.0,24.0,112.0,128.0,23.357259,139.622761,132.64326,0.6427410000000009,-3.622760999999997,3.356740000000002,4.980483579312555,25.298221281347036
1315.0,112.0,192.0,144.0,104.0,176.0,152.0,113.03105099999999,190.738129,143.12402,-1.0310509999999908,1.2618710000000135,0.8759799999999984,1.8500609572773576,19.595917942265423
1316.0,144.0,176.0,160.0,144.0,168.0,168.0,149.66725900000003,175.57056100000003,155.983188,-5.66725900000003,0.4294389999999737,4.016811999999987,6.9596710461879026,11.313708498984761
1317.0,144.0,24.0,168.0,168.0,24.0,168.0,140.730883,23.116513,167.57226,3.2691169999999943,0.8834869999999988,0.42774,3.413302908688,24.0
1318.0,120.0,168.0,176.0,112.0,152.0,184.0,118.453195,166.73873700000001,175.52842,1.5468050000000062,1.2612629999999854,0.4715799999999888,2.050799297735878,19.595917942265423
1319.0,96.0,32.0,192.0,120.0,16.0,192.0,97.351947,26.269737000000003,195.38271600000002,-1.3519469999999956,5.730262999999997,-3.3827160000000163,6.790172477679346,28.844410203711913
1320.0,72.0,144.0,192.0,72.0,128.0,192.0,77.360939,150.767273,188.785884,-5.360939000000002,-6.767272999999989,3.21411599999999,9.212284867485689,16.0
1321.0,176.0,144.0,192.0,176.0,144.0,200.0,177.13246700000002,146.725761,186.410132,-1.1324670000000197,-2.7257610000000057,5.589867999999996,6.321303567511532,8.0
1322.0,152.0,160.0,192.0,152.0,152.0,200.0,156.810483,159.77164900000002,187.633892,-4.810483000000005,0.2283509999999751,4.366107999999997,6.500445364754174,11.313708498984761
1323.0,136.0,128.0,200.0,120.0,120.0,200.0,120.53541100000001,133.430273,193.285284,15.46458899999999,-5.430273,6.71471600000001,17.712390825467516,17.88854381999832
1324.0,96.0,48.0,208.0,112.0,40.0,208.0,96.786347,53.594905000000004,209.18201200000001,-0.7863470000000063,-5.594905000000004,-1.1820120000000145,5.772214127315279,17.88854381999832
1325.0,192.0,64.0,208.0,208.0,56.0,216.0,189.210187,51.16852900000001,207.46541200000001,2.7898130000000094,12.831470999999993,0.5345879999999852,13.142126499488349,19.595917942265423
1326.0,176.0,96.0,208.0,184.0,96.0,216.0,175.772523,97.01633700000002,205.674388,0.22747699999999327,-1.0163370000000214,2.3256120000000067,2.5481675489735895,11.313708498984761
1327.0,40.0,88.0,216.0,48.0,64.0,208.0,43.168083,91.117433,212.19414,-3.168083000000003,-3.1174330000000054,3.8058599999999956,5.851470647963469,26.5329983228432
1328.0,112.0,16.0,16.0,152.0,24.0,8.0,109.847027,15.260865000000003,14.878243999999999,2.152973000000003,0.7391349999999974,1.1217560000000013,2.537705619351861,41.569219381653056
1329.0,168.0,176.0,16.0,176.0,184.0,32.0,168.739963,176.08794500000002,20.928715999999998,-0.7399629999999888,-0.08794500000001904,-4.928715999999998,4.984728776277599,19.595917942265423
1330.0,88.0,8.0,24.0,136.0,16.0,8.0,93.43057100000001,10.290657000000003,16.950243999999998,-5.430571000000015,-2.290657000000003,7.049756000000002,9.188975488988214,51.22499389946279
1331.0,184.0,80.0,40.0,216.0,96.0,32.0,186.546523,77.80698500000001,25.923612000000002,-2.5465230000000076,2.1930149999999884,14.076387999999998,14.472000321527702,36.66060555964672
1332.0,144.0,160.0,48.0,152.0,160.0,56.0,143.961931,157.99480100000002,48.269108,0.038069000000007236,2.005198999999976,-0.2691080000000028,2.023534381725674,11.313708498984761
1333.0,176.0,96.0,72.0,192.0,112.0,64.0,171.18331500000002,101.27053700000002,57.19614,4.816684999999978,-5.270537000000019,14.80386,16.43573197509603,24.0
1334.0,144.0,136.0,96.0,144.0,136.0,96.0,135.49812300000002,137.779977,89.692428,8.501876999999979,-1.7799770000000024,6.307571999999993,10.7347890141745,0.0
1335.0,160.0,144.0,104.0,176.0,144.0,112.0,168.22880300000003,140.62850500000002,101.703356,-8.228803000000028,3.3714949999999817,2.2966440000000006,9.18448425392359,17.88854381999832
1336.0,128.0,56.0,112.0,152.0,56.0,112.0,127.253859,55.268633,111.971468,0.7461409999999944,0.7313669999999988,0.028531999999998447,1.0451976634082139,24.0
1337.0,192.0,104.0,112.0,208.0,112.0,120.0,191.544659,101.92033700000002,109.782148,0.4553410000000042,2.0796629999999823,2.2178519999999935,3.074280584747251,19.595917942265423
1338.0,104.0,120.0,136.0,112.0,112.0,136.0,104.991251,122.410561,133.09320400000001,-0.9912510000000054,-2.4105610000000013,2.9067959999999857,3.904208737418881,11.313708498984761
1339.0,208.0,192.0,136.0,200.0,192.0,152.0,204.64546699999997,187.75745700000002,133.706804,3.354533000000032,4.2425429999999835,2.2931959999999947,5.874590253741451,17.88854381999832
1340.0,152.0,120.0,152.0,160.0,120.0,160.0,153.226731,122.583113,151.486444,-1.226731000000001,-2.5831129999999973,0.5135559999999941,2.9053539340785974,11.313708498984761
1341.0,8.0,112.0,160.0,16.0,80.0,152.0,11.553522999999998,110.09886499999999,159.419044,-3.5535229999999984,1.9011350000000107,0.5809559999999863,4.071774781798474,33.94112549695428
1342.0,224.0,112.0,176.0,224.0,120.0,184.0,214.436507,111.32491300000001,169.315076,9.563492999999994,0.6750869999999907,6.684923999999995,11.687786347482307,11.313708498984761
1343.0,88.0,32.0,192.0,128.0,32.0,184.0,107.332371,40.501265000000004,185.515556,-19.332370999999995,-8.501265000000004,6.484443999999996,22.092082044728194,40.792156108742276
1344.0,40.0,48.0,208.0,72.0,32.0,192.0,56.707979,52.361513,197.830236,-16.707979,-4.361513000000002,10.169763999999986,20.04004635047798,39.191835884530846
1345.0,104.0,8.0,216.0,128.0,16.0,216.0,107.127907,26.317489000000002,217.825412,-3.1279069999999933,-18.317489000000002,-1.825412,18.672073651191344,25.298221281347036
1346.0,104.0,40.0,216.0,120.0,32.0,216.0,103.22237899999999,44.333585,216.977172,0.7776210000000106,-4.333584999999999,-0.9771719999999959,4.509935530520365,17.88854381999832
1347.0,112.0,136.0,224.0,112.0,112.0,232.0,114.704339,129.062113,225.500596,-2.7043390000000045,6.937886999999989,-1.5005960000000016,7.596019602851607,25.298221281347036
1348.0,136.0,24.0,8.0,168.0,40.0,16.0,128.79398700000002,28.985849,19.753164,7.2060129999999845,-4.985849000000002,-11.753164000000002,14.660224337228467,36.66060555964672
1349.0,80.0,112.0,32.0,96.0,104.0,24.0,77.24285900000001,109.68020899999999,27.35658,2.75714099999999,2.3197910000000093,4.643419999999999,5.877465956852662,19.595917942265423
1350.0,184.0,192.0,40.0,176.0,224.0,64.0,180.583059,219.30752900000002,47.9627,3.4169410000000084,-27.307529000000017,-7.962699999999998,28.64927952276153,40.792156108742276
1351.0,144.0,176.0,56.0,144.0,176.0,64.0,140.865827,176.56519300000002,55.121483999999995,3.134173000000004,-0.565193000000022,0.8785160000000047,3.303675813913051,8.0
1352.0,104.0,136.0,64.0,104.0,136.0,56.0,94.71256299999999,143.084177,54.485108,9.287437000000011,-7.084177000000011,9.514892000000003,15.065696783353978,8.0
1353.0,208.0,224.0,64.0,216.0,8.0,152.0,179.756003,-4.083855,149.723508,28.243997000000007,228.083855,-85.72350800000001,245.29265806791506,233.37523433303716
1354.0,32.0,184.0,80.0,24.0,160.0,80.0,28.827194999999996,185.499865,81.917388,3.172805000000004,-1.4998649999999998,-1.9173880000000025,3.999082810944784,25.298221281347036
1355.0,192.0,96.0,104.0,208.0,104.0,112.0,189.01415500000002,93.165561,102.835228,2.9858449999999834,2.8344390000000033,1.1647719999999993,4.278552164077226,19.595917942265423
1356.0,48.0,168.0,120.0,40.0,136.0,120.0,42.406451,160.439633,121.363252,5.593549000000003,7.560367000000014,-1.3632520000000028,9.502915110932763,32.984845004941285
1357.0,80.0,40.0,160.0,96.0,32.0,176.0,77.132195,46.407513,180.451548,2.867805000000004,-6.407513000000002,-20.451548000000003,21.62281998166516,24.0
1358.0,16.0,72.0,176.0,224.0,192.0,168.0,228.307379,184.020641,147.13058,-212.307379,-112.02064100000001,28.86941999999999,241.77777110197067,240.26651868289932
1359.0,112.0,112.0,144.0,112.0,112.0,144.0,105.80067500000001,122.964857,140.79381999999998,6.1993249999999875,-10.964856999999995,3.2061800000000176,12.997665547261702,0.0
1360.0,64.0,64.0,176.0,48.0,64.0,192.0,41.549235,90.00884100000002,196.792908,22.450764999999997,-26.008841000000018,-20.79290800000001,40.1602002278994,22.627416997969522
1361.0,96.0,80.0,192.0,112.0,48.0,208.0,98.507427,61.795385,208.428316,-2.507427000000007,18.204614999999997,-16.428315999999995,24.649234553113608,39.191835884530846
1362.0,160.0,144.0,48.0,160.0,144.0,48.0,147.05803500000002,139.42440900000003,41.416731999999996,12.941964999999982,4.575590999999974,6.583268000000004,15.223991218479119,0.0
1363.0,208.0,96.0,64.0,160.0,16.0,176.0,132.471539,17.085465,176.685724,75.528461,78.914535,-112.685724,156.9398759037961,145.7669372663088
1364.0,64.0,192.0,144.0,144.0,208.0,64.0,147.750147,209.36711300000002,52.106700000000004,-83.750147,-17.367113000000018,91.8933,125.53916648347789,114.2628548566856
1365.0,16.0,192.0,208.0,176.0,176.0,32.0,167.018883,167.88746500000002,21.682412,-151.018883,24.11253499999998,186.317588,241.04431328042494,238.39463081202143
